MachineID,MachineType,Temperature_C,Vibration_mm_s,Voltage_V,Current_A,Power_Consumption_kWh,Runtime_Hours,Failure_Status,Predict_Failure_Prob,Current_Status,Alert_Reason_vs_Specs,Top_Risk_Factor
M00280,Type_15,108.28,10.96,244.5,45.24,9.955,328.6,1,1.0,Failed,Temp 108.3C > Spec Max 98.4 | Vib 10.96 > Spec Max 9.29 | Volt 244.5 > Spec Max 232.7 | Curr 45.2 > Spec Max 35.6,Vibration_mm_s (11.0)
M00426,Type_20,109.58,9.36,241.1,41.89,9.09,200.2,1,1.0,Failed,Temp 109.6C > Spec Max 107.4 | Vib 9.36 > Spec Max 8.2 | Volt 241.1 > Spec Max 230.4 | Curr 41.9 > Spec Max 32.7,Vibration_mm_s (9.4)
M00663,Type_05,123.29,11.31,252.3,42.35,9.616,959.5,1,1.0,Failed,Temp 123.3C > Spec Max 119.9 | Vib 11.31 > Spec Max 9.77 | Volt 252.3 > Spec Max 238.3 | Curr 42.4 > Spec Max 38.7,Vibration_mm_s (11.3)
M00708,Type_01,117.47,7.04,239.5,53.32,11.493,419.4,1,1.0,Failed,Temp 117.5C > Spec Max 109.1 | Vib 7.04 > Spec Max 4.94 | Volt 239.5 > Spec Max 231.3 | Curr 53.3 > Spec Max 49.6,Vibration_mm_s (7.0)
M01054,Type_22,113.0,8.14,244.4,40.76,8.966,312.7,1,1.0,Failed,Temp 113.0C > Spec Max 106.8 | Vib 8.14 > Spec Max 5.83 | Volt 244.4 > Spec Max 237.0 | Curr 40.8 > Spec Max 36.1,Vibration_mm_s (8.1)
M01074,Type_12,100.0,6.28,241.3,36.18,7.857,753.2,1,1.0,Failed,Temp 100.0C > Spec Max 97.3 | Vib 6.28 > Spec Max 4.55 | Volt 241.3 > Spec Max 232.5 | Curr 36.2 > Spec Max 32.4,Vibration_mm_s (6.3)
M01076,Type_23,101.57,12.32,240.1,55.07,11.9,158.2,1,1.0,Failed,Temp 101.6C > Spec Max 94.8 | Vib 12.32 > Spec Max 9.94 | Volt 240.1 > Spec Max 236.1 | Curr 55.1 > Spec Max 45.6,Vibration_mm_s (12.3)
M01096,Type_01,113.71,7.73,237.4,58.26,12.448,832.8,1,1.0,Failed,Temp 113.7C > Spec Max 109.1 | Vib 7.73 > Spec Max 4.94 | Volt 237.4 > Spec Max 231.3 | Curr 58.3 > Spec Max 49.6,Vibration_mm_s (7.7)
M01154,Type_12,101.46,6.48,236.5,36.77,7.826,460.9,1,1.0,Failed,Temp 101.5C > Spec Max 97.3 | Vib 6.48 > Spec Max 4.55 | Volt 236.5 > Spec Max 232.5 | Curr 36.8 > Spec Max 32.4,Vibration_mm_s (6.5)
M01272,Type_08,108.97,11.29,248.7,54.92,12.293,875.0,1,1.0,Failed,Temp 109.0C > Spec Max 101.5 | Vib 11.29 > Spec Max 9.83 | Volt 248.7 > Spec Max 234.1 | Curr 54.9 > Spec Max 49.8,Vibration_mm_s (11.3)
M01493,Type_16,108.69,9.51,241.8,51.55,11.218,147.9,1,1.0,Failed,Temp 108.7C > Spec Max 106.0 | Vib 9.51 > Spec Max 6.87 | Volt 241.8 > Spec Max 233.3 | Curr 51.5 > Spec Max 47.2,Vibration_mm_s (9.5)
M01911,Type_15,100.71,10.12,239.2,38.49,8.286,729.2,1,1.0,Failed,Temp 100.7C > Spec Max 98.4 | Vib 10.12 > Spec Max 9.29 | Volt 239.2 > Spec Max 232.7 | Curr 38.5 > Spec Max 35.6,Vibration_mm_s (10.1)
M02065,Type_05,123.25,10.94,248.7,45.93,10.281,726.7,1,1.0,Failed,Temp 123.2C > Spec Max 119.9 | Vib 10.94 > Spec Max 9.77 | Volt 248.7 > Spec Max 238.3 | Curr 45.9 > Spec Max 38.7,Vibration_mm_s (10.9)
M02079,Type_09,116.66,6.46,249.9,33.63,7.564,85.8,1,1.0,Failed,Temp 116.7C > Spec Max 114.9 | Vib 6.46 > Spec Max 4.56 | Volt 249.9 > Spec Max 237.9 | Curr 33.6 > Spec Max 30.8,Vibration_mm_s (6.5)
M02084,Type_12,106.26,6.99,243.4,40.23,8.813,683.1,1,1.0,Failed,Temp 106.3C > Spec Max 97.3 | Vib 6.99 > Spec Max 4.55 | Volt 243.4 > Spec Max 232.5 | Curr 40.2 > Spec Max 32.4,Vibration_mm_s (7.0)
M02526,Type_18,111.96,6.38,244.2,48.2,10.593,395.5,1,1.0,Failed,Temp 112.0C > Spec Max 109.1 | Vib 6.38 > Spec Max 4.33 | Volt 244.2 > Spec Max 238.6 | Curr 48.2 > Spec Max 43.8,Vibration_mm_s (6.4)
M02589,Type_16,110.71,7.9,237.6,55.38,11.842,136.4,1,1.0,Failed,Temp 110.7C > Spec Max 106.0 | Vib 7.90 > Spec Max 6.87 | Volt 237.6 > Spec Max 233.3 | Curr 55.4 > Spec Max 47.2,Vibration_mm_s (7.9)
M02793,Type_25,114.58,10.33,244.5,47.35,10.419,849.7,1,1.0,Failed,Temp 114.6C > Spec Max 112.4 | Vib 10.33 > Spec Max 8.36 | Volt 244.5 > Spec Max 233.5 | Curr 47.4 > Spec Max 37.7,Vibration_mm_s (10.3)
M02969,Type_25,114.18,9.59,243.4,43.18,9.459,344.8,1,1.0,Failed,Temp 114.2C > Spec Max 112.4 | Vib 9.59 > Spec Max 8.36 | Volt 243.4 > Spec Max 233.5 | Curr 43.2 > Spec Max 37.7,Vibration_mm_s (9.6)
M03179,Type_10,117.64,6.96,246.3,55.92,12.396,203.0,1,1.0,Failed,Temp 117.6C > Spec Max 114.0 | Vib 6.96 > Spec Max 4.27 | Volt 246.3 > Spec Max 235.6 | Curr 55.9 > Spec Max 47.0,Vibration_mm_s (7.0)
M03192,Type_16,108.47,8.86,241.2,56.75,12.319,779.2,1,1.0,Failed,Temp 108.5C > Spec Max 106.0 | Vib 8.86 > Spec Max 6.87 | Volt 241.2 > Spec Max 233.3 | Curr 56.8 > Spec Max 47.2,Vibration_mm_s (8.9)
M03301,Type_18,118.77,5.85,249.9,49.82,11.205,67.0,1,1.0,Failed,Temp 118.8C > Spec Max 109.1 | Vib 5.85 > Spec Max 4.33 | Volt 249.9 > Spec Max 238.6 | Curr 49.8 > Spec Max 43.8,Vibration_mm_s (5.8)
M03313,Type_16,108.61,7.48,236.5,54.45,11.59,517.3,1,1.0,Failed,Temp 108.6C > Spec Max 106.0 | Vib 7.48 > Spec Max 6.87 | Volt 236.5 > Spec Max 233.3 | Curr 54.5 > Spec Max 47.2,Vibration_mm_s (7.5)
M03379,Type_19,107.87,8.79,243.5,50.87,11.148,700.0,1,1.0,Failed,Temp 107.9C > Spec Max 98.4 | Vib 8.79 > Spec Max 6.66 | Volt 243.5 > Spec Max 239.9 | Curr 50.9 > Spec Max 46.9,Vibration_mm_s (8.8)
M03380,Type_25,118.94,11.31,237.4,44.36,9.478,89.9,1,1.0,Failed,Temp 118.9C > Spec Max 112.4 | Vib 11.31 > Spec Max 8.36 | Volt 237.4 > Spec Max 233.5 | Curr 44.4 > Spec Max 37.7,Vibration_mm_s (11.3)
M03787,Type_03,86.47,10.54,249.9,58.81,13.227,637.4,1,1.0,Failed,Temp 86.5C > Spec Max 80.1 | Vib 10.54 > Spec Max 8.42 | Volt 249.9 > Spec Max 235.0 | Curr 58.8 > Spec Max 49.0,Vibration_mm_s (10.5)
M03813,Type_09,124.14,5.3,241.7,34.44,7.492,126.6,1,1.0,Failed,Temp 124.1C > Spec Max 114.9 | Vib 5.30 > Spec Max 4.56 | Volt 241.7 > Spec Max 237.9 | Curr 34.4 > Spec Max 30.8,Vibration_mm_s (5.3)
M04060,Type_01,111.93,6.39,239.2,53.33,11.481,638.7,1,1.0,Failed,Temp 111.9C > Spec Max 109.1 | Vib 6.39 > Spec Max 4.94 | Volt 239.2 > Spec Max 231.3 | Curr 53.3 > Spec Max 49.6,Vibration_mm_s (6.4)
M04418,Type_18,118.94,6.95,252.6,48.19,10.956,244.1,1,1.0,Failed,Temp 118.9C > Spec Max 109.1 | Vib 6.95 > Spec Max 4.33 | Volt 252.6 > Spec Max 238.6 | Curr 48.2 > Spec Max 43.8,Vibration_mm_s (7.0)
M04526,Type_07,117.33,9.41,241.1,37.6,8.159,657.5,1,1.0,Failed,Temp 117.3C > Spec Max 108.4 | Vib 9.41 > Spec Max 8.19 | Volt 241.1 > Spec Max 231.5 | Curr 37.6 > Spec Max 33.1,Vibration_mm_s (9.4)
M04660,Type_20,112.39,8.77,240.0,42.6,9.202,97.7,1,1.0,Failed,Temp 112.4C > Spec Max 107.4 | Vib 8.77 > Spec Max 8.2 | Volt 240.0 > Spec Max 230.4 | Curr 42.6 > Spec Max 32.7,Vibration_mm_s (8.8)
M04849,Type_15,106.95,10.83,235.2,45.43,9.617,408.5,1,1.0,Failed,Temp 107.0C > Spec Max 98.4 | Vib 10.83 > Spec Max 9.29 | Volt 235.2 > Spec Max 232.7 | Curr 45.4 > Spec Max 35.6,Vibration_mm_s (10.8)
M04888,Type_17,87.05,6.59,237.7,49.75,10.643,507.9,1,1.0,Failed,Temp 87.0C > Spec Max 85.9 | Vib 6.59 > Spec Max 6.02 | Volt 237.7 > Spec Max 235.0 | Curr 49.8 > Spec Max 42.8,Vibration_mm_s (6.6)
M04986,Type_18,118.72,5.81,249.0,52.67,11.803,599.8,1,1.0,Failed,Temp 118.7C > Spec Max 109.1 | Vib 5.81 > Spec Max 4.33 | Volt 249.0 > Spec Max 238.6 | Curr 52.7 > Spec Max 43.8,Vibration_mm_s (5.8)
M05162,Type_07,111.26,10.87,242.0,36.28,7.902,565.9,1,1.0,Failed,Temp 111.3C > Spec Max 108.4 | Vib 10.87 > Spec Max 8.19 | Volt 242.0 > Spec Max 231.5 | Curr 36.3 > Spec Max 33.1,Vibration_mm_s (10.9)
M05512,Type_09,118.84,6.84,242.0,35.64,7.762,510.5,1,1.0,Failed,Temp 118.8C > Spec Max 114.9 | Vib 6.84 > Spec Max 4.56 | Volt 242.0 > Spec Max 237.9 | Curr 35.6 > Spec Max 30.8,Vibration_mm_s (6.8)
M05573,Type_15,102.92,9.8,247.5,43.47,9.683,704.1,1,1.0,Failed,Temp 102.9C > Spec Max 98.4 | Vib 9.80 > Spec Max 9.29 | Volt 247.5 > Spec Max 232.7 | Curr 43.5 > Spec Max 35.6,Vibration_mm_s (9.8)
M05621,Type_14,116.78,8.71,240.1,54.79,11.84,780.8,1,1.0,Failed,Temp 116.8C > Spec Max 115.0 | Vib 8.71 > Spec Max 7.33 | Volt 240.1 > Spec Max 230.1 | Curr 54.8 > Spec Max 45.5,Vibration_mm_s (8.7)
M05884,Type_08,107.07,10.41,247.2,59.24,13.18,635.6,1,1.0,Failed,Temp 107.1C > Spec Max 101.5 | Vib 10.41 > Spec Max 9.83 | Volt 247.2 > Spec Max 234.1 | Curr 59.2 > Spec Max 49.8,Vibration_mm_s (10.4)
M06188,Type_12,103.79,5.58,246.9,36.77,8.171,378.4,1,1.0,Failed,Temp 103.8C > Spec Max 97.3 | Vib 5.58 > Spec Max 4.55 | Volt 246.9 > Spec Max 232.5 | Curr 36.8 > Spec Max 32.4,Vibration_mm_s (5.6)
M06204,Type_13,104.83,6.4,251.1,46.45,10.497,727.4,1,1.0,Failed,Temp 104.8C > Spec Max 103.8 | Vib 6.40 > Spec Max 5.25 | Volt 251.1 > Spec Max 237.0 | Curr 46.5 > Spec Max 40.5,Vibration_mm_s (6.4)
M06382,Type_16,114.49,8.0,243.3,49.54,10.848,534.7,1,1.0,Failed,Temp 114.5C > Spec Max 106.0 | Vib 8.00 > Spec Max 6.87 | Volt 243.3 > Spec Max 233.3 | Curr 49.5 > Spec Max 47.2,Vibration_mm_s (8.0)
M06400,Type_13,110.5,6.58,242.1,45.21,9.851,876.2,1,1.0,Failed,Temp 110.5C > Spec Max 103.8 | Vib 6.58 > Spec Max 5.25 | Volt 242.1 > Spec Max 237.0 | Curr 45.2 > Spec Max 40.5,Vibration_mm_s (6.6)
M06459,Type_13,107.55,6.59,242.5,45.63,9.959,475.5,1,1.0,Failed,Temp 107.5C > Spec Max 103.8 | Vib 6.59 > Spec Max 5.25 | Volt 242.5 > Spec Max 237.0 | Curr 45.6 > Spec Max 40.5,Vibration_mm_s (6.6)
M06510,Type_23,100.97,12.61,241.6,55.29,12.022,141.9,1,1.0,Failed,Temp 101.0C > Spec Max 94.8 | Vib 12.61 > Spec Max 9.94 | Volt 241.6 > Spec Max 236.1 | Curr 55.3 > Spec Max 45.6,Vibration_mm_s (12.6)
M06642,Type_14,118.4,7.88,243.2,53.95,11.809,623.1,1,1.0,Failed,Temp 118.4C > Spec Max 115.0 | Vib 7.88 > Spec Max 7.33 | Volt 243.2 > Spec Max 230.1 | Curr 54.0 > Spec Max 45.5,Vibration_mm_s (7.9)
M06657,Type_22,111.86,7.14,239.9,42.92,9.267,258.0,1,1.0,Failed,Temp 111.9C > Spec Max 106.8 | Vib 7.14 > Spec Max 5.83 | Volt 239.9 > Spec Max 237.0 | Curr 42.9 > Spec Max 36.1,Vibration_mm_s (7.1)
M06839,Type_08,105.45,12.07,238.2,55.79,11.96,177.7,1,1.0,Failed,Temp 105.5C > Spec Max 101.5 | Vib 12.07 > Spec Max 9.83 | Volt 238.2 > Spec Max 234.1 | Curr 55.8 > Spec Max 49.8,Vibration_mm_s (12.1)
M07302,Type_10,116.19,6.47,243.6,55.25,12.113,879.8,1,1.0,Failed,Temp 116.2C > Spec Max 114.0 | Vib 6.47 > Spec Max 4.27 | Volt 243.6 > Spec Max 235.6 | Curr 55.2 > Spec Max 47.0,Vibration_mm_s (6.5)
M07316,Type_15,106.15,10.46,242.4,42.15,9.195,522.9,1,1.0,Failed,Temp 106.2C > Spec Max 98.4 | Vib 10.46 > Spec Max 9.29 | Volt 242.4 > Spec Max 232.7 | Curr 42.1 > Spec Max 35.6,Vibration_mm_s (10.5)
M07328,Type_05,125.46,10.69,252.4,41.59,9.448,632.6,1,1.0,Failed,Temp 125.5C > Spec Max 119.9 | Vib 10.69 > Spec Max 9.77 | Volt 252.4 > Spec Max 238.3 | Curr 41.6 > Spec Max 38.7,Vibration_mm_s (10.7)
M07677,Type_09,121.85,6.58,243.4,38.71,8.48,296.0,1,1.0,Failed,Temp 121.8C > Spec Max 114.9 | Vib 6.58 > Spec Max 4.56 | Volt 243.4 > Spec Max 237.9 | Curr 38.7 > Spec Max 30.8,Vibration_mm_s (6.6)
M07685,Type_01,115.17,7.66,236.1,54.85,11.655,531.5,1,1.0,Failed,Temp 115.2C > Spec Max 109.1 | Vib 7.66 > Spec Max 4.94 | Volt 236.1 > Spec Max 231.3 | Curr 54.9 > Spec Max 49.6,Vibration_mm_s (7.7)
M07817,Type_10,116.19,6.02,237.7,53.65,11.477,824.1,1,1.0,Failed,Temp 116.2C > Spec Max 114.0 | Vib 6.02 > Spec Max 4.27 | Volt 237.7 > Spec Max 235.6 | Curr 53.6 > Spec Max 47.0,Vibration_mm_s (6.0)
M07857,Type_08,105.92,11.05,239.5,55.45,11.952,547.7,1,1.0,Failed,Temp 105.9C > Spec Max 101.5 | Vib 11.05 > Spec Max 9.83 | Volt 239.5 > Spec Max 234.1 | Curr 55.5 > Spec Max 49.8,Vibration_mm_s (11.1)
M07984,Type_18,118.34,5.0,247.0,47.66,10.595,223.4,1,1.0,Failed,Temp 118.3C > Spec Max 109.1 | Vib 5.00 > Spec Max 4.33 | Volt 247.0 > Spec Max 238.6 | Curr 47.7 > Spec Max 43.8,Vibration_mm_s (5.0)
M08009,Type_13,106.39,7.96,248.3,42.92,9.591,191.1,1,1.0,Failed,Temp 106.4C > Spec Max 103.8 | Vib 7.96 > Spec Max 5.25 | Volt 248.3 > Spec Max 237.0 | Curr 42.9 > Spec Max 40.5,Vibration_mm_s (8.0)
M08019,Type_25,121.17,10.6,245.0,47.4,10.452,435.4,1,1.0,Failed,Temp 121.2C > Spec Max 112.4 | Vib 10.60 > Spec Max 8.36 | Volt 245.0 > Spec Max 233.5 | Curr 47.4 > Spec Max 37.7,Vibration_mm_s (10.6)
M08035,Type_01,116.75,7.22,244.0,57.34,12.592,690.5,1,1.0,Failed,Temp 116.8C > Spec Max 109.1 | Vib 7.22 > Spec Max 4.94 | Volt 244.0 > Spec Max 231.3 | Curr 57.3 > Spec Max 49.6,Vibration_mm_s (7.2)
M08071,Type_22,113.22,8.0,239.1,44.73,9.625,363.4,1,1.0,Failed,Temp 113.2C > Spec Max 106.8 | Vib 8.00 > Spec Max 5.83 | Volt 239.1 > Spec Max 237.0 | Curr 44.7 > Spec Max 36.1,Vibration_mm_s (8.0)
M08104,Type_13,113.2,6.23,245.9,46.4,10.269,893.3,1,1.0,Failed,Temp 113.2C > Spec Max 103.8 | Vib 6.23 > Spec Max 5.25 | Volt 245.9 > Spec Max 237.0 | Curr 46.4 > Spec Max 40.5,Vibration_mm_s (6.2)
M08110,Type_05,128.1,11.9,246.8,44.24,9.827,131.8,1,1.0,Failed,Temp 128.1C > Spec Max 119.9 | Vib 11.90 > Spec Max 9.77 | Volt 246.8 > Spec Max 238.3 | Curr 44.2 > Spec Max 38.7,Vibration_mm_s (11.9)
M08119,Type_22,113.4,8.75,244.2,45.33,9.963,822.5,1,1.0,Failed,Temp 113.4C > Spec Max 106.8 | Vib 8.75 > Spec Max 5.83 | Volt 244.2 > Spec Max 237.0 | Curr 45.3 > Spec Max 36.1,Vibration_mm_s (8.8)
M08212,Type_08,104.96,11.94,246.5,58.95,13.078,901.6,1,1.0,Failed,Temp 105.0C > Spec Max 101.5 | Vib 11.94 > Spec Max 9.83 | Volt 246.5 > Spec Max 234.1 | Curr 59.0 > Spec Max 49.8,Vibration_mm_s (11.9)
M08226,Type_10,118.88,5.69,248.8,49.52,11.089,667.2,1,1.0,Failed,Temp 118.9C > Spec Max 114.0 | Vib 5.69 > Spec Max 4.27 | Volt 248.8 > Spec Max 235.6 | Curr 49.5 > Spec Max 47.0,Vibration_mm_s (5.7)
M08251,Type_14,122.91,8.22,241.6,48.33,10.509,423.0,1,1.0,Failed,Temp 122.9C > Spec Max 115.0 | Vib 8.22 > Spec Max 7.33 | Volt 241.6 > Spec Max 230.1 | Curr 48.3 > Spec Max 45.5,Vibration_mm_s (8.2)
M08320,Type_14,122.9,8.96,242.7,49.73,10.863,298.0,1,1.0,Failed,Temp 122.9C > Spec Max 115.0 | Vib 8.96 > Spec Max 7.33 | Volt 242.7 > Spec Max 230.1 | Curr 49.7 > Spec Max 45.5,Vibration_mm_s (9.0)
M08577,Type_14,117.41,9.86,238.6,51.5,11.059,146.2,1,1.0,Failed,Temp 117.4C > Spec Max 115.0 | Vib 9.86 > Spec Max 7.33 | Volt 238.6 > Spec Max 230.1 | Curr 51.5 > Spec Max 45.5,Vibration_mm_s (9.9)
M08717,Type_18,113.61,6.76,245.5,50.23,11.098,620.7,1,1.0,Failed,Temp 113.6C > Spec Max 109.1 | Vib 6.76 > Spec Max 4.33 | Volt 245.5 > Spec Max 238.6 | Curr 50.2 > Spec Max 43.8,Vibration_mm_s (6.8)
M08739,Type_16,115.58,7.88,247.0,52.01,11.562,546.1,1,1.0,Failed,Temp 115.6C > Spec Max 106.0 | Vib 7.88 > Spec Max 6.87 | Volt 247.0 > Spec Max 233.3 | Curr 52.0 > Spec Max 47.2,Vibration_mm_s (7.9)
M08866,Type_14,122.63,10.31,240.3,48.08,10.398,420.1,1,1.0,Failed,Temp 122.6C > Spec Max 115.0 | Vib 10.31 > Spec Max 7.33 | Volt 240.3 > Spec Max 230.1 | Curr 48.1 > Spec Max 45.5,Vibration_mm_s (10.3)
M09303,Type_13,110.34,7.06,245.8,49.6,10.973,314.2,1,1.0,Failed,Temp 110.3C > Spec Max 103.8 | Vib 7.06 > Spec Max 5.25 | Volt 245.8 > Spec Max 237.0 | Curr 49.6 > Spec Max 40.5,Vibration_mm_s (7.1)
M09332,Type_15,102.16,12.16,244.8,42.09,9.273,141.4,1,1.0,Failed,Temp 102.2C > Spec Max 98.4 | Vib 12.16 > Spec Max 9.29 | Volt 244.8 > Spec Max 232.7 | Curr 42.1 > Spec Max 35.6,Vibration_mm_s (12.2)
M09410,Type_16,114.34,7.74,235.7,51.97,11.024,524.8,1,1.0,Failed,Temp 114.3C > Spec Max 106.0 | Vib 7.74 > Spec Max 6.87 | Volt 235.7 > Spec Max 233.3 | Curr 52.0 > Spec Max 47.2,Vibration_mm_s (7.7)
M09517,Type_15,102.33,10.15,235.4,41.33,8.756,261.3,1,1.0,Failed,Temp 102.3C > Spec Max 98.4 | Vib 10.15 > Spec Max 9.29 | Volt 235.4 > Spec Max 232.7 | Curr 41.3 > Spec Max 35.6,Vibration_mm_s (10.2)
M09742,Type_01,115.93,6.88,236.6,52.78,11.239,601.5,1,1.0,Failed,Temp 115.9C > Spec Max 109.1 | Vib 6.88 > Spec Max 4.94 | Volt 236.6 > Spec Max 231.3 | Curr 52.8 > Spec Max 49.6,Vibration_mm_s (6.9)
M09903,Type_13,113.24,7.53,242.3,48.61,10.6,163.3,1,1.0,Failed,Temp 113.2C > Spec Max 103.8 | Vib 7.53 > Spec Max 5.25 | Volt 242.3 > Spec Max 237.0 | Curr 48.6 > Spec Max 40.5,Vibration_mm_s (7.5)
M04075,Type_03,83.86,9.05,246.6,51.9,11.519,192.6,1,0.9998113207547169,Failed,Temp 83.9C > Spec Max 80.1 | Vib 9.05 > Spec Max 8.42 | Volt 246.6 > Spec Max 235.0 | Curr 51.9 > Spec Max 49.0,Vibration_mm_s (9.1)
M05073,Type_03,84.88,9.13,246.4,56.84,12.605,442.3,1,0.9998113207547169,Failed,Temp 84.9C > Spec Max 80.1 | Vib 9.13 > Spec Max 8.42 | Volt 246.4 > Spec Max 235.0 | Curr 56.8 > Spec Max 49.0,Vibration_mm_s (9.1)
M07784,Type_03,81.74,9.67,249.4,58.59,13.151,55.8,1,0.9998113207547169,Failed,Temp 81.7C > Spec Max 80.1 | Vib 9.67 > Spec Max 8.42 | Volt 249.4 > Spec Max 235.0 | Curr 58.6 > Spec Max 49.0,Vibration_mm_s (9.7)
M08276,Type_03,81.14,8.93,244.7,54.44,11.989,197.4,1,0.9998113207547169,Failed,Temp 81.1C > Spec Max 80.1 | Vib 8.93 > Spec Max 8.42 | Volt 244.7 > Spec Max 235.0 | Curr 54.4 > Spec Max 49.0,Vibration_mm_s (8.9)
M00412,Type_17,88.31,8.02,239.6,49.36,10.644,892.4,1,0.9997916666666665,Failed,Temp 88.3C > Spec Max 85.9 | Vib 8.02 > Spec Max 6.02 | Volt 239.6 > Spec Max 235.0 | Curr 49.4 > Spec Max 42.8,Vibration_mm_s (8.0)
M00544,Type_09,120.71,6.81,246.9,33.16,7.368,882.3,1,0.9997916666666665,Failed,Temp 120.7C > Spec Max 114.9 | Vib 6.81 > Spec Max 4.56 | Volt 246.9 > Spec Max 237.9 | Curr 33.2 > Spec Max 30.8,Vibration_mm_s (6.8)
M00807,Type_22,109.69,8.53,251.0,41.4,9.352,976.9,1,0.9997916666666665,Failed,Temp 109.7C > Spec Max 106.8 | Vib 8.53 > Spec Max 5.83 | Volt 251.0 > Spec Max 237.0 | Curr 41.4 > Spec Max 36.1,Vibration_mm_s (8.5)
M01002,Type_09,122.6,6.87,244.5,35.53,7.818,913.4,1,0.9997916666666665,Failed,Temp 122.6C > Spec Max 114.9 | Vib 6.87 > Spec Max 4.56 | Volt 244.5 > Spec Max 237.9 | Curr 35.5 > Spec Max 30.8,Vibration_mm_s (6.9)
M01242,Type_16,115.32,9.6,239.3,50.07,10.784,904.8,1,0.9997916666666665,Failed,Temp 115.3C > Spec Max 106.0 | Vib 9.60 > Spec Max 6.87 | Volt 239.3 > Spec Max 233.3 | Curr 50.1 > Spec Max 47.2,Vibration_mm_s (9.6)
M03909,Type_22,114.77,8.59,248.1,41.07,9.171,876.4,1,0.9997916666666665,Failed,Temp 114.8C > Spec Max 106.8 | Vib 8.59 > Spec Max 5.83 | Volt 248.1 > Spec Max 237.0 | Curr 41.1 > Spec Max 36.1,Vibration_mm_s (8.6)
M05776,Type_09,121.35,7.19,248.9,34.11,7.641,960.0,1,0.9997916666666665,Failed,Temp 121.3C > Spec Max 114.9 | Vib 7.19 > Spec Max 4.56 | Volt 248.9 > Spec Max 237.9 | Curr 34.1 > Spec Max 30.8,Vibration_mm_s (7.2)
M07422,Type_09,117.79,5.27,250.0,35.04,7.884,954.1,1,0.9997916666666665,Failed,Temp 117.8C > Spec Max 114.9 | Vib 5.27 > Spec Max 4.56 | Volt 250.0 > Spec Max 237.9 | Curr 35.0 > Spec Max 30.8,Vibration_mm_s (5.3)
M07787,Type_09,117.71,5.17,250.9,33.08,7.47,977.8,1,0.9997916666666665,Failed,Temp 117.7C > Spec Max 114.9 | Vib 5.17 > Spec Max 4.56 | Volt 250.9 > Spec Max 237.9 | Curr 33.1 > Spec Max 30.8,Vibration_mm_s (5.2)
M07918,Type_16,108.2,8.47,246.6,50.73,11.259,989.9,1,0.9997916666666665,Failed,Temp 108.2C > Spec Max 106.0 | Vib 8.47 > Spec Max 6.87 | Volt 246.6 > Spec Max 233.3 | Curr 50.7 > Spec Max 47.2,Vibration_mm_s (8.5)
M09911,Type_11,101.08,9.34,239.6,53.7,11.58,922.4,1,0.9997916666666665,Failed,Temp 101.1C > Spec Max 94.4 | Vib 9.34 > Spec Max 6.41 | Volt 239.6 > Spec Max 232.6 | Curr 53.7 > Spec Max 47.6,Vibration_mm_s (9.3)
M00782,Type_17,94.7,8.95,246.4,45.42,10.072,447.5,1,0.9997905759162303,Failed,Temp 94.7C > Spec Max 85.9 | Vib 8.95 > Spec Max 6.02 | Volt 246.4 > Spec Max 235.0 | Curr 45.4 > Spec Max 42.8,Vibration_mm_s (8.9)
M01353,Type_17,91.69,6.74,240.5,52.09,11.275,255.4,1,0.9997905759162303,Failed,Temp 91.7C > Spec Max 85.9 | Vib 6.74 > Spec Max 6.02 | Volt 240.5 > Spec Max 235.0 | Curr 52.1 > Spec Max 42.8,Vibration_mm_s (6.7)
M04246,Type_17,94.82,8.47,249.6,49.38,11.093,482.3,1,0.9997905759162303,Failed,Temp 94.8C > Spec Max 85.9 | Vib 8.47 > Spec Max 6.02 | Volt 249.6 > Spec Max 235.0 | Curr 49.4 > Spec Max 42.8,Vibration_mm_s (8.5)
M06704,Type_17,94.82,7.34,242.8,51.55,11.265,328.8,1,0.9997905759162303,Failed,Temp 94.8C > Spec Max 85.9 | Vib 7.34 > Spec Max 6.02 | Volt 242.8 > Spec Max 235.0 | Curr 51.5 > Spec Max 42.8,Vibration_mm_s (7.3)
M08569,Type_17,90.69,8.48,242.3,47.23,10.299,844.8,1,0.9997905759162303,Failed,Temp 90.7C > Spec Max 85.9 | Vib 8.48 > Spec Max 6.02 | Volt 242.3 > Spec Max 235.0 | Curr 47.2 > Spec Max 42.8,Vibration_mm_s (8.5)
M05244,Type_06,86.19,10.67,239.6,44.76,9.652,113.3,1,0.9994642857142857,Failed,Temp 86.2C > Spec Max 84.5 | Vib 10.67 > Spec Max 9.63 | Volt 239.6 > Spec Max 230.4 | Curr 44.8 > Spec Max 38.6,Vibration_mm_s (10.7)
M08260,Type_02,86.29,7.96,239.5,47.34,10.204,194.4,1,0.9994642857142857,Failed,Temp 86.3C > Spec Max 80.2 | Vib 7.96 > Spec Max 5.39 | Volt 239.5 > Spec Max 234.2 | Curr 47.3 > Spec Max 39.0,Vibration_mm_s (8.0)
M01322,Type_04,83.38,9.67,243.3,45.37,9.935,51.7,1,0.9992756064690026,Failed,Temp 83.4C > Spec Max 81.6 | Vib 9.67 > Spec Max 7.97 | Volt 243.3 > Spec Max 238.4 | Curr 45.4 > Spec Max 36.1,Vibration_mm_s (9.7)
M03754,Type_24,83.45,12.56,239.0,56.36,12.123,581.5,1,0.9992756064690026,Failed,Temp 83.5C > Spec Max 80.6 | Vib 12.56 > Spec Max 9.83 | Volt 239.0 > Spec Max 231.0 | Curr 56.4 > Spec Max 49.6,Vibration_mm_s (12.6)
M03941,Type_02,84.26,8.25,248.1,44.53,9.943,303.8,1,0.9992756064690026,Failed,Temp 84.3C > Spec Max 80.2 | Vib 8.25 > Spec Max 5.39 | Volt 248.1 > Spec Max 234.2 | Curr 44.5 > Spec Max 39.0,Vibration_mm_s (8.2)
M04375,Type_04,85.15,10.68,245.6,39.9,8.819,513.2,1,0.9992756064690026,Failed,Temp 85.2C > Spec Max 81.6 | Vib 10.68 > Spec Max 7.97 | Volt 245.6 > Spec Max 238.4 | Curr 39.9 > Spec Max 36.1,Vibration_mm_s (10.7)
M09235,Type_24,85.45,11.26,241.0,53.5,11.604,433.0,1,0.9992756064690026,Failed,Temp 85.5C > Spec Max 80.6 | Vib 11.26 > Spec Max 9.83 | Volt 241.0 > Spec Max 231.0 | Curr 53.5 > Spec Max 49.6,Vibration_mm_s (11.3)
M09362,Type_04,82.81,10.6,248.7,43.61,9.761,133.6,1,0.9992756064690026,Failed,Temp 82.8C > Spec Max 81.6 | Vib 10.60 > Spec Max 7.97 | Volt 248.7 > Spec Max 238.4 | Curr 43.6 > Spec Max 36.1,Vibration_mm_s (10.6)
M05750,Type_02,82.95,7.37,240.6,42.28,9.155,817.7,1,0.99924813394153,Failed,Temp 83.0C > Spec Max 80.2 | Vib 7.37 > Spec Max 5.39 | Volt 240.6 > Spec Max 234.2 | Curr 42.3 > Spec Max 39.0,Vibration_mm_s (7.4)
M00009,Type_06,88.33,10.77,237.1,46.14,9.846,69.3,1,0.9992012779552715,Failed,Temp 88.3C > Spec Max 84.5 | Vib 10.77 > Spec Max 9.63 | Volt 237.1 > Spec Max 230.4 | Curr 46.1 > Spec Max 38.6,Vibration_mm_s (10.8)
M01441,Type_02,89.36,8.08,248.9,48.44,10.851,817.7,1,0.9992012779552715,Failed,Temp 89.4C > Spec Max 80.2 | Vib 8.08 > Spec Max 5.39 | Volt 248.9 > Spec Max 234.2 | Curr 48.4 > Spec Max 39.0,Vibration_mm_s (8.1)
M01524,Type_06,88.18,12.06,239.5,45.01,9.702,212.8,1,0.9992012779552715,Failed,Temp 88.2C > Spec Max 84.5 | Vib 12.06 > Spec Max 9.63 | Volt 239.5 > Spec Max 230.4 | Curr 45.0 > Spec Max 38.6,Vibration_mm_s (12.1)
M02407,Type_24,88.62,10.78,234.0,53.39,11.244,117.0,1,0.9992012779552715,Failed,Temp 88.6C > Spec Max 80.6 | Vib 10.78 > Spec Max 9.83 | Volt 234.0 > Spec Max 231.0 | Curr 53.4 > Spec Max 49.6,Temperature_C (88.6)
M03309,Type_23,98.27,12.37,250.6,54.98,12.4,61.8,1,0.9992012779552715,Failed,Temp 98.3C > Spec Max 94.8 | Vib 12.37 > Spec Max 9.94 | Volt 250.6 > Spec Max 236.1 | Curr 55.0 > Spec Max 45.6,Vibration_mm_s (12.4)
M05213,Type_24,88.86,10.82,235.6,57.09,12.105,797.3,1,0.9992012779552715,Failed,Temp 88.9C > Spec Max 80.6 | Vib 10.82 > Spec Max 9.83 | Volt 235.6 > Spec Max 231.0 | Curr 57.1 > Spec Max 49.6,Temperature_C (88.9)
M07026,Type_03,87.38,9.12,239.1,52.44,11.285,217.3,1,0.9992012779552715,Failed,Temp 87.4C > Spec Max 80.1 | Vib 9.12 > Spec Max 8.42 | Volt 239.1 > Spec Max 235.0 | Curr 52.4 > Spec Max 49.0,Temperature_C (87.4)
M07413,Type_11,95.85,7.95,236.5,55.56,11.826,769.0,1,0.9992012779552715,Failed,Temp 95.8C > Spec Max 94.4 | Vib 7.95 > Spec Max 6.41 | Volt 236.5 > Spec Max 232.6 | Curr 55.6 > Spec Max 47.6,Vibration_mm_s (8.0)
M08876,Type_03,88.83,9.65,244.7,55.24,12.166,289.5,1,0.9992012779552715,Failed,Temp 88.8C > Spec Max 80.1 | Vib 9.65 > Spec Max 8.42 | Volt 244.7 > Spec Max 235.0 | Curr 55.2 > Spec Max 49.0,Vibration_mm_s (9.7)
M09414,Type_24,87.96,11.55,236.8,57.06,12.161,791.7,1,0.9992012779552715,Failed,Temp 88.0C > Spec Max 80.6 | Vib 11.55 > Spec Max 9.83 | Volt 236.8 > Spec Max 231.0 | Curr 57.1 > Spec Max 49.6,Vibration_mm_s (11.6)
M01560,Type_24,90.11,12.21,236.6,57.51,12.246,287.1,1,0.9989918538715018,Failed,Temp 90.1C > Spec Max 80.6 | Vib 12.21 > Spec Max 9.83 | Volt 236.6 > Spec Max 231.0 | Curr 57.5 > Spec Max 49.6,Vibration_mm_s (12.2)
M02397,Type_04,89.97,9.39,252.3,43.76,9.937,460.5,1,0.9989918538715018,Failed,Temp 90.0C > Spec Max 81.6 | Vib 9.39 > Spec Max 7.97 | Volt 252.3 > Spec Max 238.4 | Curr 43.8 > Spec Max 36.1,Vibration_mm_s (9.4)
M04218,Type_24,90.49,10.4,235.9,58.2,12.356,309.9,1,0.9989918538715018,Failed,Temp 90.5C > Spec Max 80.6 | Vib 10.40 > Spec Max 9.83 | Volt 235.9 > Spec Max 231.0 | Curr 58.2 > Spec Max 49.6,Temperature_C (90.5)
M04530,Type_06,92.01,11.12,235.9,43.43,9.221,306.4,1,0.9989918538715018,Failed,Temp 92.0C > Spec Max 84.5 | Vib 11.12 > Spec Max 9.63 | Volt 235.9 > Spec Max 230.4 | Curr 43.4 > Spec Max 38.6,Vibration_mm_s (11.1)
M09666,Type_06,90.76,10.65,235.3,40.97,8.676,166.4,1,0.9989918538715018,Failed,Temp 90.8C > Spec Max 84.5 | Vib 10.65 > Spec Max 9.63 | Volt 235.3 > Spec Max 230.4 | Curr 41.0 > Spec Max 38.6,Vibration_mm_s (10.7)
M05539,Type_06,93.26,10.74,233.6,48.39,10.174,132.3,1,0.9972527234367192,Failed,Temp 93.3C > Spec Max 84.5 | Vib 10.74 > Spec Max 9.63 | Volt 233.6 > Spec Max 230.4 | Curr 48.4 > Spec Max 38.6,Vibration_mm_s (10.7)
M01807,Type_01,113.31,5.63,240.4,54.56,11.805,624.9,1,0.99,Failed,Temp 113.3C > Spec Max 109.1 | Vib 5.63 > Spec Max 4.94 | Volt 240.4 > Spec Max 231.3 | Curr 54.6 > Spec Max 49.6,Vibration_mm_s (5.6)
M03009,Type_21,85.6,11.45,245.8,46.79,10.351,385.9,1,0.9898113207547169,Failed,Temp 85.6C > Spec Max 83.8 | Vib 11.45 > Spec Max 8.67 | Volt 245.8 > Spec Max 230.9 | Curr 46.8 > Spec Max 39.9,Vibration_mm_s (11.4)
M02946,Type_14,117.1,10.0,238.1,54.97,11.78,948.9,1,0.9897916666666666,Failed,Temp 117.1C > Spec Max 115.0 | Vib 10.00 > Spec Max 7.33 | Volt 238.1 > Spec Max 230.1 | Curr 55.0 > Spec Max 45.5,Vibration_mm_s (10.0)
M01207,Type_11,97.95,7.78,243.0,51.01,11.156,80.7,1,0.9892012779552715,Failed,Temp 98.0C > Spec Max 94.4 | Vib 7.78 > Spec Max 6.41 | Volt 243.0 > Spec Max 232.6 | Curr 51.0 > Spec Max 47.6,Vibration_mm_s (7.8)
M08414,Type_21,89.43,11.29,244.9,46.03,10.145,357.5,1,0.9892012779552715,Failed,Temp 89.4C > Spec Max 83.8 | Vib 11.29 > Spec Max 8.67 | Volt 244.9 > Spec Max 230.9 | Curr 46.0 > Spec Max 39.9,Vibration_mm_s (11.3)
M06659,Type_02,85.72,8.38,245.8,41.59,9.201,913.8,1,0.9794642857142857,Failed,Temp 85.7C > Spec Max 80.2 | Vib 8.38 > Spec Max 5.39 | Volt 245.8 > Spec Max 234.2 | Curr 41.6 > Spec Max 39.0,Vibration_mm_s (8.4)
M01739,Type_03,83.64,1.67,223.7,51.5,10.368,512.2,1,0.9771214881496029,Failed,Temp 83.6C > Spec Max 80.1 | Curr 51.5 > Spec Max 49.0,Temperature_C (83.6)
M09683,Type_06,86.71,12.32,233.3,47.41,9.955,800.8,1,0.9765942028985508,Failed,Temp 86.7C > Spec Max 84.5 | Vib 12.32 > Spec Max 9.63 | Volt 233.3 > Spec Max 230.4 | Curr 47.4 > Spec Max 38.6,Vibration_mm_s (12.3)
M00041,Type_03,87.72,0.83,220.5,4.2,0.833,888.3,1,0.9762561782230444,Failed,Temp 87.7C > Spec Max 80.1 | Curr 4.2 < Spec Min 6.2,Temperature_C (87.7)
M06572,Type_02,65.94,1.33,235.2,5.88,1.245,498.8,1,0.975893850093011,Failed,Volt 235.2 > Spec Max 234.2 | Curr 5.9 < Spec Min 9.4,Temperature_C (65.9)
M01221,Type_14,90.67,1.65,215.7,3.75,0.728,186.6,1,0.9745938557909619,Failed,Curr 3.8 < Spec Min 7.2,Temperature_C (90.7)
M05622,Type_09,58.68,7.2,212.9,7.79,1.493,351.0,1,0.9742312192012876,Failed,Vib 7.20 > Spec Max 4.56 | Curr 7.8 < Spec Min 9.1,Vibration_mm_s (7.2)
M05802,Type_18,67.98,0.92,222.5,6.63,1.328,747.9,1,0.9731174667288355,Failed,Curr 6.6 < Spec Min 9.8,Temperature_C (68.0)
M02162,Type_07,69.06,4.98,220.8,7.42,1.475,824.8,1,0.9720006156742329,Failed,Curr 7.4 < Spec Min 9.3,Temperature_C (69.1)
M04137,Type_01,99.49,1.4,212.7,4.08,0.781,947.4,1,0.9712809575448788,Failed,Curr 4.1 < Spec Min 6.3,Temperature_C (99.5)
M02262,Type_03,87.33,1.89,219.7,5.93,1.173,540.9,1,0.9712699591837959,Failed,Temp 87.3C > Spec Max 80.1 | Curr 5.9 < Spec Min 6.2,Temperature_C (87.3)
M08132,Type_23,56.97,2.5,248.0,6.14,1.37,915.1,1,0.9709013186955338,Failed,Volt 248.0 > Spec Max 236.1 | Curr 6.1 < Spec Min 7.0,Temperature_C (57.0)
M01562,Type_18,57.61,2.58,224.0,6.7,1.351,625.6,1,0.9695822469441505,Failed,Curr 6.7 < Spec Min 9.8,Vibration_mm_s (2.6)
M00287,Type_03,84.54,0.23,220.9,3.94,0.783,320.3,1,0.9694233099674315,Failed,Temp 84.5C > Spec Max 80.1 | Curr 3.9 < Spec Min 6.2,Temperature_C (84.5)
M01400,Type_21,73.15,2.23,222.4,6.57,1.315,637.5,1,0.9688041360152756,Failed,Curr 6.6 < Spec Min 9.7,Temperature_C (73.2)
M05366,Type_20,90.84,2.38,215.8,3.66,0.711,157.8,1,0.9681871938728664,Failed,Curr 3.7 < Spec Min 5.2,Temperature_C (90.8)
M02843,Type_17,75.92,1.89,225.0,5.89,1.193,351.9,1,0.9678665226403034,Failed,Curr 5.9 < Spec Min 9.3,Temperature_C (75.9)
M04952,Type_18,69.42,2.78,219.9,7.52,1.488,506.9,1,0.9668243099288663,Failed,Curr 7.5 < Spec Min 9.8,Vibration_mm_s (2.8)
M05506,Type_11,65.82,2.68,211.1,6.39,1.214,969.2,1,0.9664703183814448,Failed,Curr 6.4 < Spec Min 8.5,Temperature_C (65.8)
M00775,Type_17,72.13,1.25,226.1,6.3,1.282,378.8,1,0.9632033389200397,Failed,Curr 6.3 < Spec Min 9.3,Temperature_C (72.1)
M09193,Type_21,51.01,2.07,224.0,6.83,1.377,100.8,1,0.9629789753389284,Failed,Curr 6.8 < Spec Min 9.7,Temperature_C (51.0)
M00582,Type_12,69.48,2.38,215.7,2.54,0.493,503.6,1,0.9616850956793773,Failed,Curr 2.5 < Spec Min 6.1,Temperature_C (69.5)
M01228,Type_14,65.24,2.38,217.2,3.64,0.712,523.4,1,0.9616372584686146,Failed,Curr 3.6 < Spec Min 7.2,Temperature_C (65.2)
M05050,Type_02,65.59,2.25,215.7,5.55,1.077,572.7,1,0.9614123384315256,Failed,Curr 5.5 < Spec Min 9.4,Temperature_C (65.6)
M01759,Type_11,72.54,3.65,219.7,4.96,0.981,245.0,1,0.9609772868922891,Failed,Curr 5.0 < Spec Min 8.5,Temperature_C (72.5)
M01347,Type_02,66.6,1.76,220.2,2.95,0.585,129.8,1,0.9607561410385635,Failed,Curr 3.0 < Spec Min 9.4,Temperature_C (66.6)
M00625,Type_21,69.38,2.33,217.4,6.38,1.248,379.2,1,0.9606691680753532,Failed,Curr 6.4 < Spec Min 9.7,Temperature_C (69.4)
M04912,Type_17,80.77,3.72,226.0,5.89,1.198,742.4,1,0.9606106821609177,Failed,Curr 5.9 < Spec Min 9.3,Temperature_C (80.8)
M04052,Type_11,63.97,1.93,215.2,5.09,0.986,563.1,1,0.9605551744024813,Failed,Curr 5.1 < Spec Min 8.5,Temperature_C (64.0)
M06539,Type_05,73.23,1.64,226.9,5.68,1.16,143.2,1,0.9604809112590281,Failed,Curr 5.7 < Spec Min 9.4,Temperature_C (73.2)
M08593,Type_11,72.01,4.23,215.7,6.94,1.347,673.6,1,0.9598677016122525,Failed,Curr 6.9 < Spec Min 8.5,Temperature_C (72.0)
M04427,Type_19,80.43,3.33,220.5,6.05,1.201,653.1,1,0.9597997558500644,Failed,Curr 6.0 < Spec Min 8.5,Temperature_C (80.4)
M06693,Type_20,47.69,2.33,221.1,2.49,0.495,943.9,1,0.9587270637906851,Failed,Curr 2.5 < Spec Min 5.2,Temperature_C (47.7)
M03703,Type_14,53.79,1.94,213.8,5.64,1.085,850.6,1,0.9584485398382738,Failed,Curr 5.6 < Spec Min 7.2,Temperature_C (53.8)
M03280,Type_11,66.51,1.24,219.2,5.47,1.079,323.0,1,0.958429128936949,Failed,Curr 5.5 < Spec Min 8.5,Temperature_C (66.5)
M07890,Type_03,57.9,2.61,221.6,4.68,0.933,974.8,1,0.9580268591098613,Failed,Curr 4.7 < Spec Min 6.2,Temperature_C (57.9)
M09788,Type_03,82.11,0.61,217.1,53.5,10.453,720.7,1,0.9579927398994645,Failed,Temp 82.1C > Spec Max 80.1 | Curr 53.5 > Spec Max 49.0,Temperature_C (82.1)
M08620,Type_07,75.16,2.53,221.4,5.36,1.068,733.9,1,0.9579811367642335,Failed,Curr 5.4 < Spec Min 9.3,Temperature_C (75.2)
M02777,Type_05,61.02,1.15,222.2,5.85,1.17,314.3,1,0.9577520698873591,Failed,Curr 5.8 < Spec Min 9.4,Temperature_C (61.0)
M00342,Type_03,57.19,1.52,221.2,3.31,0.659,973.8,1,0.9577367015352578,Failed,Curr 3.3 < Spec Min 6.2,Temperature_C (57.2)
M03924,Type_12,70.1,0.7,219.6,3.66,0.723,719.3,1,0.9576105790424583,Failed,Curr 3.7 < Spec Min 6.1,Temperature_C (70.1)
M03906,Type_23,75.25,3.95,221.1,3.64,0.724,973.7,1,0.9573530251269098,Failed,Curr 3.6 < Spec Min 7.0,Temperature_C (75.2)
M07255,Type_02,73.47,2.73,224.1,6.84,1.38,898.2,1,0.9570710767463333,Failed,Curr 6.8 < Spec Min 9.4,Temperature_C (73.5)
M02586,Type_11,74.31,1.26,219.9,4.7,0.93,496.2,1,0.9570472878208269,Failed,Curr 4.7 < Spec Min 8.5,Temperature_C (74.3)
M09256,Type_20,68.47,2.67,213.0,2.86,0.548,110.0,1,0.956674383779972,Failed,Curr 2.9 < Spec Min 5.2,Temperature_C (68.5)
M04916,Type_12,54.74,1.98,211.9,4.42,0.843,522.3,1,0.9565699968941687,Failed,Curr 4.4 < Spec Min 6.1,Temperature_C (54.7)
M00535,Type_16,69.43,3.5,216.5,4.06,0.791,113.4,1,0.9565325213019594,Failed,Curr 4.1 < Spec Min 8.0,Temperature_C (69.4)
M00142,Type_16,72.41,3.61,218.2,4.94,0.97,201.8,1,0.9563007864565374,Failed,Curr 4.9 < Spec Min 8.0,Temperature_C (72.4)
M08444,Type_16,65.74,2.54,216.8,6.05,1.18,303.2,1,0.9559010953066281,Failed,Curr 6.0 < Spec Min 8.0,Temperature_C (65.7)
M04296,Type_21,72.96,0.1,210.2,7.68,1.453,74.9,1,0.9555763560116671,Failed,Curr 7.7 < Spec Min 9.7,Temperature_C (73.0)
M05522,Type_13,67.81,3.04,211.8,5.45,1.039,827.7,1,0.9552187466697345,Failed,Curr 5.5 < Spec Min 7.4,Temperature_C (67.8)
M09305,Type_08,72.01,3.76,212.9,5.55,1.063,389.2,1,0.9551457274599757,Failed,Curr 5.5 < Spec Min 9.9,Temperature_C (72.0)
M04404,Type_23,52.62,2.93,218.7,3.79,0.746,967.7,1,0.9551330540496185,Failed,Curr 3.8 < Spec Min 7.0,Temperature_C (52.6)
M00541,Type_11,69.57,0.32,215.2,6.29,1.218,429.5,1,0.9546966750547806,Failed,Curr 6.3 < Spec Min 8.5,Temperature_C (69.6)
M03861,Type_18,65.63,2.98,250.0,8.22,1.849,620.4,1,0.9546440517993605,Failed,Volt 250.0 > Spec Max 238.6 | Curr 8.2 < Spec Min 9.8,Vibration_mm_s (3.0)
M04486,Type_21,60.66,4.24,227.2,6.64,1.358,427.2,1,0.9543153037802855,Failed,Curr 6.6 < Spec Min 9.7,Temperature_C (60.7)
M03290,Type_07,58.59,4.28,219.7,6.1,1.206,685.0,1,0.9538162116584107,Failed,Curr 6.1 < Spec Min 9.3,Temperature_C (58.6)
M05447,Type_12,66.8,2.11,222.5,4.07,0.815,526.3,1,0.953186758980593,Failed,Curr 4.1 < Spec Min 6.1,Temperature_C (66.8)
M04726,Type_22,73.84,1.85,217.4,3.06,0.599,589.8,1,0.9528990689118046,Failed,Curr 3.1 < Spec Min 6.5,Temperature_C (73.8)
M06139,Type_22,79.94,1.63,218.2,2.84,0.558,798.6,1,0.9528075366880994,Failed,Curr 2.8 < Spec Min 6.5,Temperature_C (79.9)
M06028,Type_09,62.12,2.62,231.2,5.54,1.153,369.8,1,0.9523907280455143,Failed,Curr 5.5 < Spec Min 9.1,Vibration_mm_s (2.6)
M00904,Type_19,67.03,2.14,216.4,5.49,1.069,600.1,1,0.9523105896080573,Failed,Curr 5.5 < Spec Min 8.5,Temperature_C (67.0)
M06483,Type_07,71.14,2.53,226.3,6.18,1.259,152.9,1,0.9522367871023711,Failed,Curr 6.2 < Spec Min 9.3,Temperature_C (71.1)
M03178,Type_02,66.29,3.5,216.1,7.3,1.42,565.0,1,0.9522030366124903,Failed,Curr 7.3 < Spec Min 9.4,Temperature_C (66.3)
M05074,Type_14,54.95,1.8,222.9,4.16,0.835,695.1,1,0.9521210749376828,Failed,Curr 4.2 < Spec Min 7.2,Temperature_C (55.0)
M01384,Type_23,58.93,2.79,221.8,5.99,1.196,526.7,1,0.9519644688298751,Failed,Curr 6.0 < Spec Min 7.0,Temperature_C (58.9)
M08432,Type_10,48.62,1.96,221.4,2.9,0.578,456.8,1,0.9518191335929612,Failed,Curr 2.9 < Spec Min 6.2,Vibration_mm_s (2.0)
M08107,Type_22,63.73,1.33,210.5,4.53,0.858,323.3,1,0.9517557661471899,Failed,Curr 4.5 < Spec Min 6.5,Temperature_C (63.7)
M09108,Type_22,76.8,1.4,212.6,3.41,0.652,588.6,1,0.951741504407218,Failed,Curr 3.4 < Spec Min 6.5,Temperature_C (76.8)
M01590,Type_13,68.86,0.64,212.3,5.26,1.005,306.2,1,0.9514742268469919,Failed,Curr 5.3 < Spec Min 7.4,Temperature_C (68.9)
M05472,Type_12,63.36,2.52,226.8,2.65,0.541,829.3,1,0.951407903577425,Failed,Curr 2.6 < Spec Min 6.1,Temperature_C (63.4)
M02422,Type_04,78.68,2.11,216.6,1.34,0.261,567.1,1,0.9511136763099988,Failed,Curr 1.3 < Spec Min 5.3,Temperature_C (78.7)
M05090,Type_22,68.66,2.76,222.5,4.47,0.895,61.1,1,0.9510796115963739,Failed,Curr 4.5 < Spec Min 6.5,Temperature_C (68.7)
M07892,Type_04,61.22,3.04,223.7,2.73,0.55,386.1,1,0.9510084080307409,Failed,Curr 2.7 < Spec Min 5.3,Temperature_C (61.2)
M05761,Type_22,57.2,1.94,218.7,2.77,0.545,718.1,1,0.9506479732509046,Failed,Curr 2.8 < Spec Min 6.5,Temperature_C (57.2)
M05933,Type_13,72.34,3.05,211.1,7.02,1.334,774.5,1,0.9506462856523971,Failed,Curr 7.0 < Spec Min 7.4,Temperature_C (72.3)
M09814,Type_07,59.76,2.2,231.0,6.54,1.36,732.4,1,0.9506460942667262,Failed,Curr 6.5 < Spec Min 9.3,Temperature_C (59.8)
M09611,Type_04,74.27,2.52,222.0,1.39,0.278,63.5,1,0.9505483765509717,Failed,Curr 1.4 < Spec Min 5.3,Temperature_C (74.3)
M05555,Type_10,58.0,1.34,226.3,2.68,0.546,228.3,1,0.9504539724955694,Failed,Curr 2.7 < Spec Min 6.2,Temperature_C (58.0)
M01552,Type_18,61.24,2.78,225.7,7.9,1.605,84.8,1,0.9503539207459165,Failed,Curr 7.9 < Spec Min 9.8,Vibration_mm_s (2.8)
M02428,Type_23,60.75,4.16,226.0,4.14,0.842,414.0,1,0.9501090318594271,Failed,Curr 4.1 < Spec Min 7.0,Temperature_C (60.8)
M09976,Type_12,72.48,1.08,223.2,4.83,0.97,345.2,1,0.9500313373864852,Failed,Curr 4.8 < Spec Min 6.1,Temperature_C (72.5)
M02510,Type_25,72.23,1.89,222.7,5.33,1.068,993.7,1,0.9498958902782911,Failed,Curr 5.3 < Spec Min 8.7,Temperature_C (72.2)
M04347,Type_22,69.54,0.98,219.4,3.18,0.628,787.3,1,0.9497562168119107,Failed,Curr 3.2 < Spec Min 6.5,Temperature_C (69.5)
M05778,Type_22,63.23,1.11,218.1,4.83,0.948,883.5,1,0.9496895162994673,Failed,Curr 4.8 < Spec Min 6.5,Temperature_C (63.2)
M04009,Type_18,61.98,1.5,219.7,8.2,1.621,854.5,1,0.9496771361273951,Failed,Curr 8.2 < Spec Min 9.8,Temperature_C (62.0)
M07114,Type_05,61.05,2.32,216.2,7.45,1.45,576.8,1,0.9494875378719353,Failed,Curr 7.5 < Spec Min 9.4,Temperature_C (61.0)
M05824,Type_20,78.64,0.87,219.1,3.63,0.716,583.7,1,0.9494616665952615,Failed,Curr 3.6 < Spec Min 5.2,Temperature_C (78.6)
M03830,Type_03,79.32,0.95,212.3,4.02,0.768,797.5,1,0.9492932211710498,Failed,Curr 4.0 < Spec Min 6.2,Temperature_C (79.3)
M04936,Type_19,64.16,3.41,221.0,7.27,1.446,673.2,1,0.9492656119097644,Failed,Curr 7.3 < Spec Min 8.5,Temperature_C (64.2)
M03504,Type_13,71.13,1.69,222.4,4.83,0.967,136.8,1,0.9490975184992382,Failed,Curr 4.8 < Spec Min 7.4,Temperature_C (71.1)
M08762,Type_13,62.26,1.15,216.3,5.37,1.045,67.8,1,0.9489464561350658,Failed,Curr 5.4 < Spec Min 7.4,Temperature_C (62.3)
M04732,Type_11,76.19,2.57,239.2,7.54,1.623,120.9,1,0.948753702678141,Failed,Volt 239.2 > Spec Max 232.6 | Curr 7.5 < Spec Min 8.5,Temperature_C (76.2)
M00610,Type_05,71.61,2.73,227.7,7.08,1.451,463.1,1,0.9487495205618258,Failed,Curr 7.1 < Spec Min 9.4,Temperature_C (71.6)
M07429,Type_13,60.96,0.7,219.4,4.32,0.853,858.7,1,0.9486953488385775,Failed,Curr 4.3 < Spec Min 7.4,Temperature_C (61.0)
M06314,Type_10,69.41,3.08,226.9,3.25,0.664,304.7,1,0.9486638403287886,Failed,Curr 3.2 < Spec Min 6.2,Vibration_mm_s (3.1)
M07831,Type_22,67.54,2.41,214.9,3.45,0.667,858.5,1,0.9483902391425633,Failed,Curr 3.5 < Spec Min 6.5,Temperature_C (67.5)
M07601,Type_13,58.54,1.6,221.1,5.59,1.112,151.4,1,0.9482064118129655,Failed,Curr 5.6 < Spec Min 7.4,Temperature_C (58.5)
M04116,Type_05,80.03,2.42,219.4,6.26,1.236,441.1,1,0.9478173732042683,Failed,Curr 6.3 < Spec Min 9.4,Temperature_C (80.0)
M06793,Type_16,59.41,2.57,226.2,6.96,1.417,555.4,1,0.9474436540876394,Failed,Curr 7.0 < Spec Min 8.0,Temperature_C (59.4)
M09205,Type_11,54.45,0.79,208.4,6.16,1.155,180.1,1,0.9468451118360269,Failed,Curr 6.2 < Spec Min 8.5,Temperature_C (54.5)
M02839,Type_02,61.88,1.3,219.0,6.37,1.256,402.3,1,0.9466385464731606,Failed,Curr 6.4 < Spec Min 9.4,Temperature_C (61.9)
M09428,Type_04,73.6,1.86,223.4,1.36,0.273,635.7,1,0.9466175376486251,Failed,Curr 1.4 < Spec Min 5.3,Temperature_C (73.6)
M05491,Type_21,65.26,2.93,222.3,7.52,1.505,689.8,1,0.9464812167055874,Failed,Curr 7.5 < Spec Min 9.7,Temperature_C (65.3)
M03632,Type_03,61.69,0.75,225.2,2.41,0.488,703.6,1,0.946271632017243,Failed,Curr 2.4 < Spec Min 6.2,Temperature_C (61.7)
M09840,Type_25,72.0,2.66,217.5,7.41,1.451,686.9,1,0.9461458726150965,Failed,Curr 7.4 < Spec Min 8.7,Temperature_C (72.0)
M08271,Type_13,47.74,2.74,205.0,42.85,7.906,737.4,1,0.9459775592901886,Failed,Curr 42.9 > Spec Max 40.5,Vibration_mm_s (2.7)
M06715,Type_01,65.07,2.66,212.3,4.85,0.927,70.2,1,0.9459051248601685,Failed,Curr 4.8 < Spec Min 6.3,Temperature_C (65.1)
M07264,Type_16,71.74,1.81,222.5,6.53,1.308,931.5,1,0.9458697951796808,Failed,Curr 6.5 < Spec Min 8.0,Temperature_C (71.7)
M08423,Type_11,70.79,1.73,220.8,6.82,1.355,762.8,1,0.9452101929936094,Failed,Curr 6.8 < Spec Min 8.5,Temperature_C (70.8)
M01526,Type_23,56.63,1.31,223.8,4.46,0.898,831.4,1,0.9450047518236759,Failed,Curr 4.5 < Spec Min 7.0,Temperature_C (56.6)
M03758,Type_18,79.84,0.4,221.8,8.12,1.621,425.7,1,0.9449273355315042,Failed,Curr 8.1 < Spec Min 9.8,Temperature_C (79.8)
M04943,Type_06,50.01,1.18,221.2,5.12,1.019,456.7,1,0.9448937995893403,Failed,Curr 5.1 < Spec Min 6.8,Temperature_C (50.0)
M03087,Type_24,66.98,2.53,221.6,2.93,0.584,608.3,1,0.9447063766646537,Failed,Curr 2.9 < Spec Min 6.3,Temperature_C (67.0)
M02035,Type_21,62.34,2.11,224.7,7.94,1.606,65.5,1,0.9446980317631217,Failed,Curr 7.9 < Spec Min 9.7,Temperature_C (62.3)
M08869,Type_24,67.13,1.28,214.3,3.68,0.71,786.9,1,0.9445194190203398,Failed,Curr 3.7 < Spec Min 6.3,Temperature_C (67.1)
M03662,Type_21,64.75,1.88,215.8,8.12,1.577,472.2,1,0.9440092409145161,Failed,Curr 8.1 < Spec Min 9.7,Temperature_C (64.8)
M03143,Type_22,68.09,0.67,216.5,4.88,0.951,341.7,1,0.9439303291764033,Failed,Curr 4.9 < Spec Min 6.5,Temperature_C (68.1)
M04014,Type_19,63.26,2.84,216.0,7.14,1.388,828.9,1,0.9436064025948272,Failed,Curr 7.1 < Spec Min 8.5,Temperature_C (63.3)
M09799,Type_16,63.91,1.86,222.7,7.12,1.427,391.3,1,0.9427953557159182,Failed,Curr 7.1 < Spec Min 8.0,Temperature_C (63.9)
M04382,Type_11,56.41,4.01,215.6,7.19,1.395,302.8,1,0.942207373418308,Failed,Curr 7.2 < Spec Min 8.5,Vibration_mm_s (4.0)
M08686,Type_18,56.63,0.67,212.3,4.85,0.927,512.4,1,0.9418030505504575,Failed,Curr 4.8 < Spec Min 9.8,Temperature_C (56.6)
M02577,Type_08,52.96,1.25,217.8,6.92,1.356,982.7,1,0.9413874336927434,Failed,Curr 6.9 < Spec Min 9.9,Temperature_C (53.0)
M03173,Type_20,76.47,1.94,216.3,2.32,0.452,844.0,1,0.9412142078215164,Failed,Curr 2.3 < Spec Min 5.2,Temperature_C (76.5)
M09366,Type_01,64.27,0.52,216.7,2.88,0.562,723.3,1,0.9406659474449626,Failed,Curr 2.9 < Spec Min 6.3,Temperature_C (64.3)
M03120,Type_20,70.5,2.7,218.2,1.44,0.283,187.8,1,0.9405189416523037,Failed,Curr 1.4 < Spec Min 5.2,Temperature_C (70.5)
M08786,Type_08,70.65,1.89,220.1,6.83,1.353,61.1,1,0.9402862266404657,Failed,Curr 6.8 < Spec Min 9.9,Temperature_C (70.7)
M02022,Type_21,78.35,1.06,225.0,8.08,1.636,642.7,1,0.9397818454137098,Failed,Curr 8.1 < Spec Min 9.7,Temperature_C (78.3)
M04366,Type_05,56.79,1.66,219.2,7.71,1.521,141.1,1,0.9382033464147048,Failed,Curr 7.7 < Spec Min 9.4,Temperature_C (56.8)
M05701,Type_21,42.96,1.59,221.4,7.73,1.54,174.8,1,0.9376318141566559,Failed,Curr 7.7 < Spec Min 9.7,Temperature_C (43.0)
M09059,Type_19,55.1,3.5,212.0,8.22,1.568,677.9,1,0.9362694684522518,Failed,Curr 8.2 < Spec Min 8.5,Temperature_C (55.1)
M04755,Type_05,54.06,2.45,226.2,7.92,1.612,140.5,1,0.9357200025934721,Failed,Curr 7.9 < Spec Min 9.4,Temperature_C (54.1)
M04419,Type_03,60.31,3.45,215.7,4.9,0.951,585.9,1,0.9353982605008738,Failed,Curr 4.9 < Spec Min 6.2,Temperature_C (60.3)
M03684,Type_09,78.08,0.1,215.9,7.16,1.391,83.4,1,0.935158801593153,Failed,Curr 7.2 < Spec Min 9.1,Temperature_C (78.1)
M02452,Type_02,52.23,0.57,214.5,7.98,1.541,194.4,1,0.9345723161075062,Failed,Curr 8.0 < Spec Min 9.4,Temperature_C (52.2)
M01069,Type_24,88.3,10.53,229.0,9.08,1.871,293.7,1,0.934380421766179,Failed,Temp 88.3C > Spec Max 80.6 | Vib 10.53 > Spec Max 9.83,Temperature_C (88.3)
M06056,Type_11,71.9,3.22,219.2,7.94,1.566,263.7,1,0.9338577723823259,Failed,Curr 7.9 < Spec Min 8.5,Temperature_C (71.9)
M02074,Type_06,58.22,1.85,224.4,6.75,1.363,171.3,1,0.9335371771647017,Failed,Curr 6.8 < Spec Min 6.8,Temperature_C (58.2)
M00329,Type_02,55.64,1.73,221.2,7.68,1.529,317.7,1,0.9333745885025532,Failed,Curr 7.7 < Spec Min 9.4,Temperature_C (55.6)
M03876,Type_11,102.01,1.77,221.0,6.83,1.358,149.3,1,0.9330295470282085,Failed,Temp 102.0C > Spec Max 94.4 | Curr 6.8 < Spec Min 8.5,Temperature_C (102.0)
M03212,Type_08,68.6,2.32,214.4,7.68,1.482,878.4,1,0.9329181883345644,Failed,Curr 7.7 < Spec Min 9.9,Temperature_C (68.6)
M09643,Type_25,42.43,2.31,218.9,8.17,1.61,795.0,1,0.932778106366232,Failed,Curr 8.2 < Spec Min 8.7,Temperature_C (42.4)
M00827,Type_21,67.21,3.53,224.0,8.84,1.782,627.8,1,0.9322854692182568,Failed,Curr 8.8 < Spec Min 9.7,Temperature_C (67.2)
M05040,Type_11,65.44,2.35,221.3,7.91,1.575,494.2,1,0.9320876125438927,Failed,Curr 7.9 < Spec Min 8.5,Temperature_C (65.4)
M09204,Type_18,68.19,3.15,212.7,8.75,1.675,88.9,1,0.9317924578753043,Failed,Curr 8.8 < Spec Min 9.8,Vibration_mm_s (3.1)
M07656,Type_22,51.53,2.16,214.0,3.98,0.767,72.8,1,0.9314506976458337,Failed,Curr 4.0 < Spec Min 6.5,Temperature_C (51.5)
M09539,Type_08,68.63,0.1,215.0,4.84,0.937,882.2,1,0.9313553042942924,Failed,Curr 4.8 < Spec Min 9.9,Temperature_C (68.6)
M01822,Type_21,79.51,3.15,224.0,9.1,1.835,756.1,1,0.9305885944960766,Failed,Curr 9.1 < Spec Min 9.7,Temperature_C (79.5)
M00724,Type_21,52.33,2.33,219.8,7.39,1.462,530.6,1,0.9304678977777431,Failed,Curr 7.4 < Spec Min 9.7,Temperature_C (52.3)
M07827,Type_24,76.4,1.46,226.0,3.18,0.647,404.9,1,0.9304509839180798,Failed,Curr 3.2 < Spec Min 6.3,Temperature_C (76.4)
M04704,Type_05,73.84,2.1,225.0,8.27,1.675,818.4,1,0.9298047332392507,Failed,Curr 8.3 < Spec Min 9.4,Temperature_C (73.8)
M07818,Type_12,82.46,2.44,219.5,4.26,0.842,644.0,1,0.9298016926563426,Failed,Curr 4.3 < Spec Min 6.1,Temperature_C (82.5)
M04090,Type_02,56.83,5.52,231.8,15.99,3.336,256.2,1,0.9294111590943009,Failed,Vib 5.52 > Spec Max 5.39,Vibration_mm_s (5.5)
M01265,Type_02,64.68,1.81,222.3,8.23,1.647,947.2,1,0.9287968631345153,Failed,Curr 8.2 < Spec Min 9.4,Temperature_C (64.7)
M03625,Type_07,85.26,2.59,218.2,7.82,1.536,595.0,1,0.928751653550966,Failed,Curr 7.8 < Spec Min 9.3,Temperature_C (85.3)
M06097,Type_02,56.38,1.23,214.8,8.36,1.616,300.0,1,0.9286524683119651,Failed,Curr 8.4 < Spec Min 9.4,Temperature_C (56.4)
M05476,Type_02,57.09,3.59,229.5,7.83,1.617,621.1,1,0.9285235869640122,Failed,Curr 7.8 < Spec Min 9.4,Temperature_C (57.1)
M02234,Type_07,62.02,1.35,232.1,7.99,1.669,567.9,1,0.9282639020322955,Failed,Volt 232.1 > Spec Max 231.5 | Curr 8.0 < Spec Min 9.3,Temperature_C (62.0)
M05251,Type_13,80.95,1.47,221.7,5.6,1.117,448.0,1,0.9282290759080328,Failed,Curr 5.6 < Spec Min 7.4,Temperature_C (81.0)
M02821,Type_18,83.77,2.07,219.6,8.48,1.676,556.0,1,0.927608936958035,Failed,Curr 8.5 < Spec Min 9.8,Temperature_C (83.8)
M05229,Type_02,57.86,3.91,214.7,6.55,1.266,876.0,1,0.9269296318679358,Failed,Curr 6.5 < Spec Min 9.4,Vibration_mm_s (3.9)
M00154,Type_03,84.49,2.1,235.1,15.19,3.214,423.6,1,0.9266697337912543,Failed,Temp 84.5C > Spec Max 80.1 | Volt 235.1 > Spec Max 235.0,Temperature_C (84.5)
M06852,Type_14,69.35,2.66,230.4,47.92,9.937,690.0,1,0.926608809368181,Failed,Volt 230.4 > Spec Max 230.1 | Curr 47.9 > Spec Max 45.5,Temperature_C (69.3)
M02241,Type_16,56.33,3.61,213.3,4.74,0.91,667.2,1,0.9260787265626915,Failed,Curr 4.7 < Spec Min 8.0,Temperature_C (56.3)
M00621,Type_04,88.23,4.41,225.8,8.18,1.662,575.2,1,0.9253662256670426,Failed,Temp 88.2C > Spec Max 81.6,Temperature_C (88.2)
M06358,Type_06,65.35,2.41,220.4,5.04,1.0,538.1,1,0.9252511506037593,Failed,Curr 5.0 < Spec Min 6.8,Temperature_C (65.3)
M03164,Type_08,56.81,1.99,222.1,7.21,1.441,658.4,1,0.9251983920646469,Failed,Curr 7.2 < Spec Min 9.9,Temperature_C (56.8)
M06278,Type_02,62.06,1.21,229.2,46.15,9.52,974.1,1,0.925033171334146,Failed,Curr 46.1 > Spec Max 39.0,Temperature_C (62.1)
M06894,Type_21,89.44,1.4,222.5,45.18,9.047,259.7,1,0.9249448494494088,Failed,Temp 89.4C > Spec Max 83.8 | Curr 45.2 > Spec Max 39.9,Temperature_C (89.4)
M01004,Type_18,52.16,2.45,220.9,8.31,1.652,570.8,1,0.9249331891243573,Failed,Curr 8.3 < Spec Min 9.8,Vibration_mm_s (2.5)
M00547,Type_03,90.91,1.68,213.5,8.67,1.666,681.3,1,0.9248209438720264,Failed,Temp 90.9C > Spec Max 80.1,Temperature_C (90.9)
M04180,Type_22,68.62,7.29,236.3,18.05,3.839,652.0,1,0.9236743870218181,Failed,Vib 7.29 > Spec Max 5.83,Vibration_mm_s (7.3)
M01866,Type_17,40.22,1.92,217.1,8.26,1.614,102.2,1,0.9235522353225604,Failed,Curr 8.3 < Spec Min 9.3,Temperature_C (40.2)
M08870,Type_21,50.57,2.17,230.2,8.85,1.834,332.5,1,0.9229941586087271,Failed,Curr 8.8 < Spec Min 9.7,Temperature_C (50.6)
M00570,Type_09,61.88,2.9,220.7,7.79,1.547,306.8,1,0.9227058080212401,Failed,Curr 7.8 < Spec Min 9.1,Vibration_mm_s (2.9)
M00692,Type_11,68.18,1.79,216.5,8.39,1.635,733.0,1,0.9211766860616075,Failed,Curr 8.4 < Spec Min 8.5,Temperature_C (68.2)
M04048,Type_20,75.69,2.66,215.5,2.75,0.533,259.4,1,0.9205998623359741,Failed,Curr 2.8 < Spec Min 5.2,Temperature_C (75.7)
M07001,Type_02,81.16,7.98,217.0,14.36,2.805,100.5,1,0.9205767114991125,Failed,Temp 81.2C > Spec Max 80.2 | Vib 7.98 > Spec Max 5.39,Vibration_mm_s (8.0)
M08023,Type_05,87.08,1.87,226.8,7.94,1.621,960.2,1,0.919938042251087,Failed,Curr 7.9 < Spec Min 9.4,Temperature_C (87.1)
M02345,Type_25,62.63,1.61,220.0,7.58,1.501,512.7,1,0.9197031464913817,Failed,Curr 7.6 < Spec Min 8.7,Temperature_C (62.6)
M07055,Type_09,39.56,2.34,219.7,7.38,1.459,465.2,1,0.9190143137987693,Failed,Curr 7.4 < Spec Min 9.1,Vibration_mm_s (2.3)
M09943,Type_25,70.2,3.65,225.4,8.37,1.698,571.1,1,0.9181383413318158,Failed,Curr 8.4 < Spec Min 8.7,Temperature_C (70.2)
M05062,Type_24,52.74,11.21,207.6,15.28,2.855,881.9,1,0.9165034701388879,Failed,Vib 11.21 > Spec Max 9.83,Vibration_mm_s (11.2)
M05072,Type_05,86.79,0.73,213.7,7.95,1.529,964.6,1,0.9162286869160396,Failed,Curr 8.0 < Spec Min 9.4,Temperature_C (86.8)
M07331,Type_13,50.44,1.81,220.5,7.24,1.437,499.4,1,0.9156851048724584,Failed,Curr 7.2 < Spec Min 7.4,Temperature_C (50.4)
M04669,Type_11,70.92,0.89,212.2,57.26,10.936,979.4,1,0.9151812140756915,Failed,Curr 57.3 > Spec Max 47.6,Temperature_C (70.9)
M02016,Type_07,53.84,2.33,200.0,9.14,1.645,376.0,1,0.9149267741439101,Failed,Volt 200.0 < Spec Min 203.3 | Curr 9.1 < Spec Min 9.3,Temperature_C (53.8)
M02185,Type_21,54.73,2.67,215.3,9.18,1.779,576.4,1,0.914485392131628,Failed,Curr 9.2 < Spec Min 9.7,Temperature_C (54.7)
M02878,Type_09,64.97,1.0,224.4,8.17,1.65,561.1,1,0.9129472930443651,Failed,Curr 8.2 < Spec Min 9.1,Temperature_C (65.0)
M06298,Type_11,76.8,2.51,215.4,8.31,1.611,68.5,1,0.9120791029426145,Failed,Curr 8.3 < Spec Min 8.5,Temperature_C (76.8)
M06886,Type_08,66.32,3.57,216.4,7.7,1.5,140.5,1,0.9119029921758102,Failed,Curr 7.7 < Spec Min 9.9,Temperature_C (66.3)
M01423,Type_08,98.05,1.66,243.7,14.49,3.178,706.5,1,0.9100720788186405,Failed,Volt 243.7 > Spec Max 234.1,Temperature_C (98.0)
M09637,Type_08,57.74,1.01,221.7,8.37,1.67,525.7,1,0.9100240592076813,Failed,Curr 8.4 < Spec Min 9.9,Temperature_C (57.7)
M00302,Type_21,59.57,1.79,226.2,8.81,1.794,430.9,1,0.9097283188295059,Failed,Curr 8.8 < Spec Min 9.7,Temperature_C (59.6)
M09770,Type_18,68.09,2.74,224.1,9.22,1.86,661.9,1,0.9096280557909193,Failed,Curr 9.2 < Spec Min 9.8,Vibration_mm_s (2.7)
M01365,Type_17,76.71,1.56,219.4,7.07,1.396,906.6,1,0.9084815574719941,Failed,Curr 7.1 < Spec Min 9.3,Temperature_C (76.7)
M07726,Type_16,81.06,3.7,215.7,49.55,9.619,772.8,1,0.9081977925010905,Failed,Curr 49.5 > Spec Max 47.2,Temperature_C (81.1)
M00344,Type_24,60.03,3.23,200.0,9.15,1.647,298.3,1,0.9080419226815337,Failed,Volt 200.0 < Spec Min 203.7,Temperature_C (60.0)
M02696,Type_11,61.03,2.06,209.2,8.47,1.595,769.4,1,0.9071495512328955,Failed,Curr 8.5 < Spec Min 8.5,Temperature_C (61.0)
M05981,Type_06,69.67,2.8,208.0,3.74,0.7,270.0,1,0.9068459578465939,Failed,Curr 3.7 < Spec Min 6.8,Temperature_C (69.7)
M07381,Type_21,70.88,0.77,225.2,8.64,1.751,276.4,1,0.9063084322002344,Failed,Curr 8.6 < Spec Min 9.7,Temperature_C (70.9)
M02769,Type_05,70.24,0.35,220.2,7.77,1.54,805.6,1,0.9062209577481198,Failed,Curr 7.8 < Spec Min 9.4,Temperature_C (70.2)
M06325,Type_25,54.18,0.56,213.5,6.34,1.218,445.2,1,0.9060964971573737,Failed,Curr 6.3 < Spec Min 8.7,Temperature_C (54.2)
M08135,Type_19,59.93,4.57,230.1,4.56,0.944,534.9,1,0.906061048332694,Failed,Curr 4.6 < Spec Min 8.5,Vibration_mm_s (4.6)
M03245,Type_02,89.69,2.69,231.2,15.6,3.246,543.3,1,0.9056229507117783,Failed,Temp 89.7C > Spec Max 80.2,Temperature_C (89.7)
M06506,Type_10,63.97,2.48,219.8,52.45,10.376,396.1,1,0.9049401849467301,Failed,Curr 52.5 > Spec Max 47.0,Vibration_mm_s (2.5)
M01765,Type_24,76.72,4.39,229.3,2.94,0.607,81.1,1,0.9048598536170188,Failed,Curr 2.9 < Spec Min 6.3,Temperature_C (76.7)
M06154,Type_21,82.92,1.72,215.7,42.53,8.256,507.1,1,0.90468019145213,Failed,Curr 42.5 > Spec Max 39.9,Temperature_C (82.9)
M06419,Type_19,77.19,0.92,223.9,7.49,1.509,775.6,1,0.9046218724740858,Failed,Curr 7.5 < Spec Min 8.5,Temperature_C (77.2)
M07206,Type_18,65.55,0.81,226.9,8.7,1.777,588.2,1,0.904458412019386,Failed,Curr 8.7 < Spec Min 9.8,Temperature_C (65.5)
M02712,Type_03,58.96,1.6,227.2,55.7,11.39,461.7,1,0.9038828122228115,Failed,Curr 55.7 > Spec Max 49.0,Temperature_C (59.0)
M05787,Type_14,68.09,4.61,219.0,48.03,9.467,357.1,1,0.9032068052363124,Failed,Curr 48.0 > Spec Max 45.5,Vibration_mm_s (4.6)
M01114,Type_21,72.33,2.71,221.5,9.14,1.822,736.4,1,0.9015989327956168,Failed,Curr 9.1 < Spec Min 9.7,Temperature_C (72.3)
M07119,Type_07,54.84,2.31,219.5,36.84,7.278,968.6,1,0.9015355285548051,Failed,Curr 36.8 > Spec Max 33.1,Temperature_C (54.8)
M00824,Type_03,66.7,1.05,224.3,51.72,10.441,369.8,1,0.900942630502306,Failed,Curr 51.7 > Spec Max 49.0,Temperature_C (66.7)
M07505,Type_03,86.19,5.11,220.1,17.29,3.425,291.2,1,0.8991491339205163,Failed,Temp 86.2C > Spec Max 80.1,Temperature_C (86.2)
M08240,Type_15,50.76,0.1,221.2,44.54,8.867,806.3,1,0.8988356211367678,Failed,Curr 44.5 > Spec Max 35.6,Temperature_C (50.8)
M07162,Type_02,76.59,1.44,217.4,45.83,8.967,483.7,1,0.8981653008624833,Failed,Curr 45.8 > Spec Max 39.0,Temperature_C (76.6)
M08511,Type_25,118.29,1.17,220.6,9.09,1.805,983.6,1,0.8980421613221599,Failed,Temp 118.3C > Spec Max 112.4,Temperature_C (118.3)
M05307,Type_09,63.94,2.04,221.6,8.41,1.677,822.8,1,0.897531189352711,Failed,Curr 8.4 < Spec Min 9.1,Temperature_C (63.9)
M00742,Type_07,71.68,0.14,219.7,36.27,7.172,690.5,1,0.8967563792135482,Failed,Curr 36.3 > Spec Max 33.1,Temperature_C (71.7)
M04232,Type_10,57.13,1.64,215.9,50.86,9.883,323.4,1,0.8965746143471169,Failed,Curr 50.9 > Spec Max 47.0,Temperature_C (57.1)
M06503,Type_10,92.67,2.0,244.9,12.14,2.676,827.9,1,0.8964332016173213,Failed,Volt 244.9 > Spec Max 235.6,Temperature_C (92.7)
M00422,Type_21,65.59,2.53,214.5,8.97,1.732,683.4,1,0.8954665749414036,Failed,Curr 9.0 < Spec Min 9.7,Temperature_C (65.6)
M03990,Type_07,109.99,1.28,232.2,15.59,3.258,716.8,1,0.8951767619554354,Failed,Temp 110.0C > Spec Max 108.4 | Volt 232.2 > Spec Max 231.5,Temperature_C (110.0)
M04406,Type_11,63.73,0.65,221.7,51.45,10.266,836.8,1,0.8947035638715449,Failed,Curr 51.5 > Spec Max 47.6,Temperature_C (63.7)
M08456,Type_10,68.31,2.09,227.1,51.82,10.591,154.8,1,0.8946516773433335,Failed,Curr 51.8 > Spec Max 47.0,Temperature_C (68.3)
M06394,Type_11,60.26,3.16,227.5,56.72,11.613,80.0,1,0.8945472274883332,Failed,Curr 56.7 > Spec Max 47.6,Temperature_C (60.3)
M06699,Type_07,63.61,3.06,225.9,8.44,1.716,376.9,1,0.8943860822669814,Failed,Curr 8.4 < Spec Min 9.3,Temperature_C (63.6)
M03011,Type_11,73.21,3.17,222.1,51.22,10.238,600.2,1,0.8940848795065893,Failed,Curr 51.2 > Spec Max 47.6,Temperature_C (73.2)
M01734,Type_02,78.42,2.61,224.9,42.46,8.594,678.8,1,0.8931766807078411,Failed,Curr 42.5 > Spec Max 39.0,Temperature_C (78.4)
M04042,Type_05,83.45,3.37,219.2,8.46,1.669,440.6,1,0.8925331250149381,Failed,Curr 8.5 < Spec Min 9.4,Temperature_C (83.5)
M08428,Type_11,71.29,0.84,223.8,52.58,10.591,356.6,1,0.8916570061914083,Failed,Curr 52.6 > Spec Max 47.6,Temperature_C (71.3)
M03428,Type_07,92.09,9.63,225.0,15.62,3.163,394.4,1,0.8914131865534324,Failed,Vib 9.63 > Spec Max 8.19,Vibration_mm_s (9.6)
M01888,Type_11,56.38,1.42,226.3,55.11,11.224,673.2,1,0.8914035218749659,Failed,Curr 55.1 > Spec Max 47.6,Temperature_C (56.4)
M04261,Type_21,54.02,2.4,215.9,45.85,8.909,985.0,1,0.8911763788472489,Failed,Curr 45.9 > Spec Max 39.9,Temperature_C (54.0)
M01901,Type_15,60.93,0.72,227.4,43.56,8.915,631.1,1,0.8908408791913083,Failed,Curr 43.6 > Spec Max 35.6,Temperature_C (60.9)
M02177,Type_06,72.29,1.55,223.0,47.5,9.533,583.7,1,0.8896673727078946,Failed,Curr 47.5 > Spec Max 38.6,Temperature_C (72.3)
M04461,Type_09,62.74,3.66,214.2,8.63,1.664,390.2,1,0.8894246533637294,Failed,Curr 8.6 < Spec Min 9.1,Vibration_mm_s (3.7)
M02590,Type_07,64.07,1.36,222.8,41.8,8.382,700.3,1,0.8887616372680885,Failed,Curr 41.8 > Spec Max 33.1,Temperature_C (64.1)
M09593,Type_15,68.64,0.13,216.3,42.88,8.347,703.5,1,0.8883999208503214,Failed,Curr 42.9 > Spec Max 35.6,Temperature_C (68.6)
M09007,Type_05,65.53,2.29,228.7,47.34,9.744,955.7,1,0.8883513897358277,Failed,Curr 47.3 > Spec Max 38.7,Temperature_C (65.5)
M08937,Type_03,58.2,1.88,220.7,55.53,11.03,212.4,1,0.8880397211592702,Failed,Curr 55.5 > Spec Max 49.0,Temperature_C (58.2)
M03889,Type_07,47.54,1.74,220.4,35.91,7.123,982.6,1,0.887645320640639,Failed,Curr 35.9 > Spec Max 33.1,Temperature_C (47.5)
M06986,Type_11,68.65,2.54,225.0,51.96,10.522,634.1,1,0.8874182128399228,Failed,Curr 52.0 > Spec Max 47.6,Temperature_C (68.7)
M02610,Type_15,61.23,0.74,218.7,39.32,7.739,522.9,1,0.887317509905227,Failed,Curr 39.3 > Spec Max 35.6,Temperature_C (61.2)
M02936,Type_07,78.84,1.93,220.0,37.65,7.455,897.0,1,0.887142006523716,Failed,Curr 37.6 > Spec Max 33.1,Temperature_C (78.8)
M00443,Type_07,73.96,2.42,215.4,37.84,7.336,728.7,1,0.8865885311344255,Failed,Curr 37.8 > Spec Max 33.1,Temperature_C (74.0)
M07427,Type_18,69.16,1.41,212.3,53.39,10.201,931.7,1,0.8865473388576802,Failed,Curr 53.4 > Spec Max 43.8,Temperature_C (69.2)
M06254,Type_07,58.1,0.75,214.8,39.6,7.655,669.7,1,0.8864604448176422,Failed,Curr 39.6 > Spec Max 33.1,Temperature_C (58.1)
M02973,Type_05,58.87,0.91,227.7,8.48,1.738,175.1,1,0.8848945906371318,Failed,Curr 8.5 < Spec Min 9.4,Temperature_C (58.9)
M09382,Type_08,67.05,2.54,221.3,8.44,1.681,407.8,1,0.8837697787289462,Failed,Curr 8.4 < Spec Min 9.9,Temperature_C (67.0)
M04275,Type_07,56.38,2.42,216.3,42.46,8.266,387.8,1,0.882839091622274,Failed,Curr 42.5 > Spec Max 33.1,Temperature_C (56.4)
M04930,Type_25,61.9,0.57,224.0,41.69,8.405,78.1,1,0.8826260370463155,Failed,Curr 41.7 > Spec Max 37.7,Temperature_C (61.9)
M05043,Type_22,46.18,3.43,224.6,45.19,9.135,373.6,1,0.8825354428391725,Failed,Curr 45.2 > Spec Max 36.1,Vibration_mm_s (3.4)
M02102,Type_01,56.89,3.32,222.2,57.54,11.507,438.3,1,0.882359299041954,Failed,Curr 57.5 > Spec Max 49.6,Vibration_mm_s (3.3)
M05140,Type_07,65.23,1.59,215.5,8.54,1.656,612.3,1,0.8815864223428957,Failed,Curr 8.5 < Spec Min 9.3,Temperature_C (65.2)
M05676,Type_23,60.17,2.48,241.3,8.66,1.881,856.3,1,0.8812813559634622,Failed,Volt 241.3 > Spec Max 236.1,Temperature_C (60.2)
M02250,Type_11,49.48,2.08,223.0,50.06,10.047,673.4,1,0.8811089189422441,Failed,Curr 50.1 > Spec Max 47.6,Temperature_C (49.5)
M03925,Type_06,65.36,2.97,200.0,9.03,1.625,554.4,1,0.8806240255781904,Failed,Volt 200.0 < Spec Min 201.6,Temperature_C (65.4)
M08010,Type_21,81.66,1.08,215.3,45.88,8.89,746.0,1,0.8800450814870416,Failed,Curr 45.9 > Spec Max 39.9,Temperature_C (81.7)
M04715,Type_25,68.49,2.64,209.3,39.85,7.507,317.9,1,0.8795191699533427,Failed,Volt 209.3 < Spec Min 209.9 | Curr 39.9 > Spec Max 37.7,Temperature_C (68.5)
M07910,Type_07,61.27,2.06,211.3,38.02,7.23,350.5,1,0.8792354257845656,Failed,Curr 38.0 > Spec Max 33.1,Temperature_C (61.3)
M06582,Type_03,92.56,1.03,225.0,13.87,2.809,411.3,1,0.879216083104196,Failed,Temp 92.6C > Spec Max 80.1,Temperature_C (92.6)
M09830,Type_11,63.69,2.36,220.0,55.76,11.04,497.4,1,0.8792107401081689,Failed,Curr 55.8 > Spec Max 47.6,Temperature_C (63.7)
M00086,Type_25,40.07,0.26,218.1,5.72,1.123,381.0,1,0.879106367365119,Failed,Curr 5.7 < Spec Min 8.7,Temperature_C (40.1)
M02483,Type_05,62.61,2.6,217.8,47.57,9.325,743.0,1,0.8787518988479444,Failed,Curr 47.6 > Spec Max 38.7,Temperature_C (62.6)
M08599,Type_07,71.21,2.52,213.8,8.73,1.68,276.3,1,0.8782728814584749,Failed,Curr 8.7 < Spec Min 9.3,Temperature_C (71.2)
M02748,Type_12,56.96,4.73,214.6,9.18,1.773,201.7,1,0.8780587978021529,Failed,Vib 4.73 > Spec Max 4.55,Vibration_mm_s (4.7)
M05570,Type_07,62.98,1.05,210.9,35.67,6.771,131.5,1,0.877637588569359,Failed,Curr 35.7 > Spec Max 33.1,Temperature_C (63.0)
M07510,Type_19,49.9,3.0,217.4,54.97,10.755,995.4,1,0.8763451462845397,Failed,Curr 55.0 > Spec Max 46.9,Temperature_C (49.9)
M06727,Type_01,60.24,3.17,226.5,58.1,11.844,841.2,1,0.8760698341034363,Failed,Curr 58.1 > Spec Max 49.6,Vibration_mm_s (3.2)
M08714,Type_01,62.68,2.94,217.2,52.85,10.331,694.7,1,0.8760698341034363,Failed,Curr 52.9 > Spec Max 49.6,Vibration_mm_s (2.9)
M00606,Type_17,75.06,4.17,222.3,52.56,10.516,875.8,1,0.8760329563791219,Failed,Curr 52.6 > Spec Max 42.8,Temperature_C (75.1)
M06480,Type_19,52.95,0.1,223.8,51.19,10.311,470.0,1,0.8746659929676085,Failed,Curr 51.2 > Spec Max 46.9,Temperature_C (53.0)
M07598,Type_13,54.97,1.47,224.6,43.91,8.876,581.4,1,0.8744590395578687,Failed,Curr 43.9 > Spec Max 40.5,Temperature_C (55.0)
M01605,Type_08,84.89,0.87,217.5,54.13,10.596,877.9,1,0.8743750242610875,Failed,Curr 54.1 > Spec Max 49.8,Temperature_C (84.9)
M05011,Type_02,92.3,4.04,223.5,14.24,2.864,601.7,1,0.8742996442444567,Failed,Temp 92.3C > Spec Max 80.2,Temperature_C (92.3)
M05228,Type_21,56.58,2.83,200.0,10.01,1.802,593.8,1,0.8735825497774542,Failed,Volt 200.0 < Spec Min 208.9,Temperature_C (56.6)
M06919,Type_06,64.43,1.8,227.8,46.99,9.634,524.1,1,0.873397209988717,Failed,Curr 47.0 > Spec Max 38.6,Temperature_C (64.4)
M03628,Type_05,65.48,0.38,217.5,48.44,9.482,137.6,1,0.8732264213513881,Failed,Curr 48.4 > Spec Max 38.7,Temperature_C (65.5)
M00126,Type_01,69.95,3.69,218.3,58.26,11.446,403.5,1,0.8731453252428274,Failed,Curr 58.3 > Spec Max 49.6,Vibration_mm_s (3.7)
M01371,Type_02,92.14,2.44,221.1,15.08,3.001,149.6,1,0.8728946553482544,Failed,Temp 92.1C > Spec Max 80.2,Temperature_C (92.1)
M01683,Type_24,60.24,4.12,223.7,57.32,11.54,633.0,1,0.8726980972729786,Failed,Curr 57.3 > Spec Max 49.6,Temperature_C (60.2)
M04250,Type_18,56.38,1.04,220.8,48.69,9.676,796.1,1,0.8724587916490542,Failed,Curr 48.7 > Spec Max 43.8,Temperature_C (56.4)
M02927,Type_18,68.47,1.07,216.2,8.72,1.697,147.4,1,0.8722938563678102,Failed,Curr 8.7 < Spec Min 9.8,Temperature_C (68.5)
M07675,Type_15,57.83,2.49,213.8,39.91,7.679,322.7,1,0.8719814307578447,Failed,Curr 39.9 > Spec Max 35.6,Temperature_C (57.8)
M08480,Type_01,66.68,0.44,220.1,5.64,1.117,382.8,1,0.8714410087570408,Failed,Curr 5.6 < Spec Min 6.3,Temperature_C (66.7)
M05616,Type_09,52.74,1.44,215.3,36.54,7.08,523.6,1,0.8710882532592852,Failed,Curr 36.5 > Spec Max 30.8,Temperature_C (52.7)
M06520,Type_14,63.43,0.98,220.8,3.28,0.652,329.1,1,0.8707725039100993,Failed,Curr 3.3 < Spec Min 7.2,Temperature_C (63.4)
M07907,Type_03,84.43,0.47,224.2,14.07,2.839,396.5,1,0.8700789900672794,Failed,Temp 84.4C > Spec Max 80.1,Temperature_C (84.4)
M06089,Type_17,55.35,2.03,215.1,52.11,10.088,777.2,1,0.8697801582462716,Failed,Curr 52.1 > Spec Max 42.8,Temperature_C (55.4)
M07593,Type_17,58.31,2.3,226.9,48.14,9.831,524.3,1,0.8697801582462716,Failed,Curr 48.1 > Spec Max 42.8,Temperature_C (58.3)
M02296,Type_14,60.11,1.34,226.0,4.3,0.875,693.9,1,0.8692183235102252,Failed,Curr 4.3 < Spec Min 7.2,Temperature_C (60.1)
M05568,Type_02,85.75,1.26,216.8,14.41,2.812,525.0,1,0.8689253304775186,Failed,Temp 85.8C > Spec Max 80.2,Temperature_C (85.8)
M02357,Type_04,62.06,1.3,215.6,41.43,8.039,445.2,1,0.8682324916503086,Failed,Curr 41.4 > Spec Max 36.1,Temperature_C (62.1)
M09042,Type_17,46.41,2.19,215.6,51.21,9.937,537.8,1,0.8681242592689921,Failed,Curr 51.2 > Spec Max 42.8,Temperature_C (46.4)
M05971,Type_19,61.3,1.36,215.9,55.4,10.765,791.0,1,0.8681194973000262,Failed,Curr 55.4 > Spec Max 46.9,Temperature_C (61.3)
M09891,Type_23,57.58,1.47,225.7,49.02,9.957,814.7,1,0.8681194973000262,Failed,Curr 49.0 > Spec Max 45.6,Temperature_C (57.6)
M02136,Type_08,55.18,1.9,221.8,52.26,10.432,755.2,1,0.8679612354453755,Failed,Curr 52.3 > Spec Max 49.8,Temperature_C (55.2)
M00039,Type_17,79.44,2.77,200.0,9.67,1.741,199.3,1,0.8673305117659418,Failed,Volt 200.0 < Spec Min 204.0,Temperature_C (79.4)
M04709,Type_11,50.49,3.53,216.2,55.39,10.778,255.2,1,0.8666145553864323,Failed,Curr 55.4 > Spec Max 47.6,Vibration_mm_s (3.5)
M09379,Type_12,37.42,0.1,218.1,41.65,8.175,626.5,1,0.8665886857296752,Failed,Curr 41.6 > Spec Max 32.4,Temperature_C (37.4)
M01553,Type_18,65.03,1.74,223.0,9.28,1.862,733.7,1,0.8664043202477759,Failed,Curr 9.3 < Spec Min 9.8,Temperature_C (65.0)
M08383,Type_03,88.24,1.24,218.6,14.28,2.809,354.2,1,0.8662493909707288,Failed,Temp 88.2C > Spec Max 80.1,Temperature_C (88.2)
M02349,Type_03,93.99,2.13,229.7,15.46,3.196,736.1,1,0.866217484209034,Failed,Temp 94.0C > Spec Max 80.1,Temperature_C (94.0)
M09660,Type_21,51.85,1.13,222.9,48.96,9.822,754.1,1,0.8655556911525885,Failed,Curr 49.0 > Spec Max 39.9,Temperature_C (51.9)
M05338,Type_19,82.1,3.58,218.6,5.19,1.021,814.3,1,0.8655527222073808,Failed,Curr 5.2 < Spec Min 8.5,Temperature_C (82.1)
M04604,Type_01,53.42,2.05,217.2,58.53,11.441,215.9,1,0.8654156664116658,Failed,Curr 58.5 > Spec Max 49.6,Temperature_C (53.4)
M02125,Type_22,62.56,0.91,220.2,39.04,7.737,559.2,1,0.8653880503907949,Failed,Curr 39.0 > Spec Max 36.1,Temperature_C (62.6)
M02488,Type_08,52.41,0.92,223.0,55.91,11.221,667.7,1,0.8653724376009616,Failed,Curr 55.9 > Spec Max 49.8,Temperature_C (52.4)
M03844,Type_09,54.82,3.15,223.8,8.53,1.718,215.4,1,0.8650819286234078,Failed,Curr 8.5 < Spec Min 9.1,Vibration_mm_s (3.1)
M00429,Type_22,58.71,1.39,215.7,40.25,7.814,866.1,1,0.8647110862412908,Failed,Curr 40.2 > Spec Max 36.1,Temperature_C (58.7)
M06301,Type_21,59.05,1.86,210.4,46.65,8.834,59.4,1,0.8643042646876329,Failed,Curr 46.6 > Spec Max 39.9,Temperature_C (59.0)
M02570,Type_22,54.21,3.48,215.6,38.32,7.436,486.3,1,0.8642903971796673,Failed,Curr 38.3 > Spec Max 36.1,Vibration_mm_s (3.5)
M04860,Type_02,84.48,3.15,214.1,13.28,2.559,428.1,1,0.8641181409698998,Failed,Temp 84.5C > Spec Max 80.2,Temperature_C (84.5)
M03362,Type_03,90.09,0.45,220.0,15.55,3.079,521.8,1,0.8640407273616304,Failed,Temp 90.1C > Spec Max 80.1,Temperature_C (90.1)
M04492,Type_10,87.4,6.19,218.3,11.57,2.273,958.8,1,0.8633541649780476,Failed,Vib 6.19 > Spec Max 4.27,Vibration_mm_s (6.2)
M01204,Type_18,81.77,2.65,215.2,9.18,1.778,715.1,1,0.8632958059150135,Failed,Curr 9.2 < Spec Min 9.8,Temperature_C (81.8)
M06295,Type_06,60.41,2.5,218.8,44.13,8.69,107.9,1,0.8631087023853203,Failed,Curr 44.1 > Spec Max 38.6,Temperature_C (60.4)
M01604,Type_16,70.71,3.54,220.2,50.7,10.048,362.6,1,0.8630448246401664,Failed,Curr 50.7 > Spec Max 47.2,Temperature_C (70.7)
M09846,Type_12,51.93,2.7,226.2,38.14,7.765,805.3,1,0.8625543940568169,Failed,Curr 38.1 > Spec Max 32.4,Vibration_mm_s (2.7)
M05983,Type_15,46.53,2.85,200.0,9.5,1.71,970.8,1,0.8622278744630404,Failed,Volt 200.0 < Spec Min 210.0,Temperature_C (46.5)
M03996,Type_18,67.0,2.8,229.5,50.16,10.361,819.9,1,0.8621871214505862,Failed,Curr 50.2 > Spec Max 43.8,Vibration_mm_s (2.8)
M06469,Type_13,66.78,3.3,218.4,45.39,8.922,435.7,1,0.8620009526054382,Failed,Curr 45.4 > Spec Max 40.5,Temperature_C (66.8)
M02081,Type_15,67.44,1.7,218.8,41.87,8.245,752.4,1,0.8618684364075623,Failed,Curr 41.9 > Spec Max 35.6,Temperature_C (67.4)
M09782,Type_19,55.12,2.56,215.4,56.78,11.007,790.5,1,0.8618139048724699,Failed,Curr 56.8 > Spec Max 46.9,Temperature_C (55.1)
M00234,Type_12,67.44,1.19,218.4,36.06,7.088,843.9,1,0.8616283459624364,Failed,Curr 36.1 > Spec Max 32.4,Temperature_C (67.4)
M02199,Type_13,64.27,0.42,216.4,43.16,8.406,517.0,1,0.8616238659833054,Failed,Curr 43.2 > Spec Max 40.5,Temperature_C (64.3)
M06166,Type_22,54.61,1.85,220.7,39.18,7.782,664.5,1,0.8615996340959095,Failed,Curr 39.2 > Spec Max 36.1,Temperature_C (54.6)
M00514,Type_18,66.27,1.58,220.3,47.72,9.461,280.5,1,0.8615454293553079,Failed,Curr 47.7 > Spec Max 43.8,Temperature_C (66.3)
M08152,Type_25,72.77,1.74,215.5,44.26,8.584,298.9,1,0.8614284057303512,Failed,Curr 44.3 > Spec Max 37.7,Temperature_C (72.8)
M09375,Type_08,83.17,2.83,214.3,59.2,11.418,182.8,1,0.8613746540098813,Failed,Curr 59.2 > Spec Max 49.8,Temperature_C (83.2)
M04320,Type_02,88.89,1.54,222.8,13.7,2.747,810.2,1,0.8610730204925704,Failed,Temp 88.9C > Spec Max 80.2,Temperature_C (88.9)
M02929,Type_20,74.42,0.69,216.4,39.66,7.724,896.9,1,0.8607355105069929,Failed,Curr 39.7 > Spec Max 32.7,Temperature_C (74.4)
M04842,Type_02,82.03,1.71,216.7,11.79,2.299,229.4,1,0.8602506344174793,Failed,Temp 82.0C > Spec Max 80.2,Temperature_C (82.0)
M08740,Type_20,67.39,1.44,224.7,40.03,8.095,286.7,1,0.860191380552468,Failed,Curr 40.0 > Spec Max 32.7,Temperature_C (67.4)
M08343,Type_20,65.45,0.91,219.4,35.52,7.014,719.9,1,0.8601820351177024,Failed,Curr 35.5 > Spec Max 32.7,Temperature_C (65.5)
M00804,Type_02,81.8,3.06,218.0,11.79,2.313,148.9,1,0.8597791139146412,Failed,Temp 81.8C > Spec Max 80.2,Temperature_C (81.8)
M05061,Type_09,64.39,2.07,210.5,38.54,7.301,580.5,1,0.8597545329438929,Failed,Curr 38.5 > Spec Max 30.8,Temperature_C (64.4)
M00854,Type_22,61.01,3.39,247.6,22.81,5.083,378.6,1,0.8596044094654394,Failed,Volt 247.6 > Spec Max 237.0,Vibration_mm_s (3.4)
M07512,Type_21,59.53,2.12,222.4,8.78,1.757,856.1,1,0.8595008114724556,Failed,Curr 8.8 < Spec Min 9.7,Temperature_C (59.5)
M05164,Type_17,88.59,3.06,233.3,15.17,3.185,671.0,1,0.8594081602810795,Failed,Temp 88.6C > Spec Max 85.9,Temperature_C (88.6)
M02883,Type_19,64.75,2.5,225.3,55.82,11.319,501.2,1,0.8592600488665627,Failed,Curr 55.8 > Spec Max 46.9,Temperature_C (64.8)
M01063,Type_23,66.83,1.47,218.7,55.48,10.92,145.8,1,0.859188535538245,Failed,Curr 55.5 > Spec Max 45.6,Temperature_C (66.8)
M01333,Type_02,81.75,1.36,215.4,14.65,2.84,886.2,1,0.8589449893209214,Failed,Temp 81.8C > Spec Max 80.2,Temperature_C (81.8)
M06353,Type_02,85.03,3.52,214.0,13.71,2.641,352.4,1,0.8588561627915317,Failed,Temp 85.0C > Spec Max 80.2,Temperature_C (85.0)
M00451,Type_04,51.99,4.02,224.6,39.19,7.922,652.9,1,0.8588500478068218,Failed,Curr 39.2 > Spec Max 36.1,Temperature_C (52.0)
M06929,Type_19,51.88,1.51,217.6,49.95,9.782,531.0,1,0.8587660488796586,Failed,Curr 50.0 > Spec Max 46.9,Temperature_C (51.9)
M04117,Type_23,68.19,2.88,218.3,53.35,10.482,880.9,1,0.8586811604348915,Failed,Curr 53.4 > Spec Max 45.6,Temperature_C (68.2)
M06025,Type_18,71.85,2.34,221.7,9.3,1.856,688.0,1,0.8583520391168856,Failed,Curr 9.3 < Spec Min 9.8,Temperature_C (71.8)
M04424,Type_20,89.44,0.78,234.5,15.05,3.176,928.7,1,0.8581445826602082,Failed,Volt 234.5 > Spec Max 230.4,Temperature_C (89.4)
M05477,Type_20,72.72,2.49,215.4,37.59,7.287,573.0,1,0.8580089289840395,Failed,Curr 37.6 > Spec Max 32.7,Temperature_C (72.7)
M01124,Type_03,92.38,1.25,222.6,11.63,2.33,943.2,1,0.8578145881677844,Failed,Temp 92.4C > Spec Max 80.1,Temperature_C (92.4)
M04675,Type_16,57.21,2.02,214.2,54.89,10.582,163.4,1,0.8577334664625996,Failed,Curr 54.9 > Spec Max 47.2,Temperature_C (57.2)
M05817,Type_18,73.47,2.38,212.8,52.25,10.007,560.9,1,0.8577334531124126,Failed,Curr 52.2 > Spec Max 43.8,Temperature_C (73.5)
M03525,Type_24,61.98,2.78,220.9,58.14,11.559,581.6,1,0.8576523977007724,Failed,Curr 58.1 > Spec Max 49.6,Temperature_C (62.0)
M02394,Type_13,49.9,2.29,219.0,42.73,8.422,802.3,1,0.8576185997075569,Failed,Curr 42.7 > Spec Max 40.5,Temperature_C (49.9)
M06446,Type_02,82.76,1.45,220.7,15.16,3.011,463.2,1,0.8571892295188667,Failed,Temp 82.8C > Spec Max 80.2,Temperature_C (82.8)
M01899,Type_01,60.98,3.58,213.4,53.45,10.266,106.2,1,0.8564893814905666,Failed,Curr 53.5 > Spec Max 49.6,Vibration_mm_s (3.6)
M09247,Type_02,86.21,1.45,224.6,15.05,3.042,173.2,1,0.8562534407983344,Failed,Temp 86.2C > Spec Max 80.2,Temperature_C (86.2)
M01796,Type_02,81.63,3.09,226.4,11.55,2.353,440.0,1,0.856134313191761,Failed,Temp 81.6C > Spec Max 80.2,Temperature_C (81.6)
M04088,Type_02,88.48,0.37,225.3,12.36,2.506,137.2,1,0.8560541044889487,Failed,Temp 88.5C > Spec Max 80.2,Temperature_C (88.5)
M00787,Type_03,65.02,0.22,226.2,51.1,10.403,186.4,1,0.8557365541349975,Failed,Curr 51.1 > Spec Max 49.0,Temperature_C (65.0)
M04270,Type_01,70.92,1.42,215.4,52.0,10.081,158.7,1,0.8551741353962852,Failed,Curr 52.0 > Spec Max 49.6,Temperature_C (70.9)
M07191,Type_04,85.41,3.26,207.9,4.1,0.767,875.1,1,0.8551264356501157,Failed,Temp 85.4C > Spec Max 81.6 | Volt 207.9 < Spec Min 209.6 | Curr 4.1 < Spec Min 5.3,Temperature_C (85.4)
M02807,Type_02,82.28,1.88,211.6,15.25,2.904,717.8,1,0.8549163801969951,Failed,Temp 82.3C > Spec Max 80.2,Temperature_C (82.3)
M05888,Type_09,57.91,1.62,217.9,37.05,7.266,175.1,1,0.8541983005091016,Failed,Curr 37.0 > Spec Max 30.8,Temperature_C (57.9)
M02600,Type_08,76.64,1.15,215.4,52.23,10.125,341.9,1,0.8533688342952251,Failed,Curr 52.2 > Spec Max 49.8,Temperature_C (76.6)
M02537,Type_09,53.4,1.7,222.5,36.45,7.299,315.9,1,0.8527085732092594,Failed,Curr 36.5 > Spec Max 30.8,Temperature_C (53.4)
M07935,Type_13,74.67,2.46,221.4,49.54,9.871,677.3,1,0.8524668466868269,Failed,Curr 49.5 > Spec Max 40.5,Temperature_C (74.7)
M01598,Type_08,74.52,1.01,219.9,55.84,11.051,92.9,1,0.8508546444804904,Failed,Curr 55.8 > Spec Max 49.8,Temperature_C (74.5)
M02365,Type_03,90.15,1.79,226.0,17.25,3.509,380.4,1,0.8506873021694161,Failed,Temp 90.2C > Spec Max 80.1,Temperature_C (90.2)
M08014,Type_18,40.74,2.6,219.5,47.37,9.358,286.5,1,0.8504511935128936,Failed,Curr 47.4 > Spec Max 43.8,Vibration_mm_s (2.6)
M00416,Type_02,83.43,2.26,213.6,16.97,3.262,501.1,1,0.8500447042431852,Failed,Temp 83.4C > Spec Max 80.2,Temperature_C (83.4)
M01035,Type_13,64.04,2.3,220.1,47.35,9.38,249.6,1,0.8498721347899649,Failed,Curr 47.4 > Spec Max 40.5,Temperature_C (64.0)
M01290,Type_13,65.12,1.8,220.9,47.6,9.463,120.5,1,0.8498721347899649,Failed,Curr 47.6 > Spec Max 40.5,Temperature_C (65.1)
M09925,Type_09,90.36,2.71,200.0,17.88,3.218,833.3,1,0.849422137876079,Failed,Volt 200.0 < Spec Min 204.2,Temperature_C (90.4)
M09927,Type_25,59.6,2.15,224.5,8.69,1.756,94.7,1,0.8493459631936056,Failed,Curr 8.7 < Spec Min 8.7,Temperature_C (59.6)
M06070,Type_04,42.0,2.69,221.0,42.49,8.451,274.8,1,0.8487726852082812,Failed,Curr 42.5 > Spec Max 36.1,Temperature_C (42.0)
M06893,Type_22,74.93,2.02,213.3,42.41,8.141,271.8,1,0.8476573467000472,Failed,Curr 42.4 > Spec Max 36.1,Temperature_C (74.9)
M07369,Type_18,77.09,3.54,224.0,9.3,1.875,135.8,1,0.8474081356757902,Failed,Curr 9.3 < Spec Min 9.8,Vibration_mm_s (3.5)
M07220,Type_12,57.09,1.85,221.1,39.87,7.934,230.4,1,0.847284996404971,Failed,Curr 39.9 > Spec Max 32.4,Temperature_C (57.1)
M03433,Type_02,87.84,2.33,221.4,13.61,2.712,725.8,1,0.847092709576809,Failed,Temp 87.8C > Spec Max 80.2,Temperature_C (87.8)
M03074,Type_05,64.32,11.0,223.4,12.83,2.58,989.1,1,0.8470368183895609,Failed,Vib 11.00 > Spec Max 9.77,Vibration_mm_s (11.0)
M02176,Type_12,66.6,3.89,218.8,34.4,6.774,158.9,1,0.8468408405551219,Failed,Curr 34.4 > Spec Max 32.4,Vibration_mm_s (3.9)
M06322,Type_02,81.21,1.18,214.5,13.86,2.676,896.1,1,0.8440200694746071,Failed,Temp 81.2C > Spec Max 80.2,Temperature_C (81.2)
M01191,Type_16,70.18,1.12,219.4,50.08,9.889,724.5,1,0.8436853778942204,Failed,Curr 50.1 > Spec Max 47.2,Temperature_C (70.2)
M04074,Type_02,81.88,1.01,222.2,14.68,2.936,648.2,1,0.8431730559340377,Failed,Temp 81.9C > Spec Max 80.2,Temperature_C (81.9)
M06309,Type_09,49.78,2.52,217.3,8.53,1.668,467.2,1,0.8429593719840008,Failed,Curr 8.5 < Spec Min 9.1,Vibration_mm_s (2.5)
M08395,Type_18,84.73,0.97,244.8,11.6,2.556,788.8,1,0.84273304776078,Failed,Volt 244.8 > Spec Max 238.6,Temperature_C (84.7)
M00674,Type_07,68.04,0.79,239.7,9.15,1.974,313.8,1,0.8413839623304402,Failed,Volt 239.7 > Spec Max 231.5 | Curr 9.2 < Spec Min 9.3,Temperature_C (68.0)
M04190,Type_02,83.04,2.01,217.2,17.13,3.349,348.0,1,0.8413836112505444,Failed,Temp 83.0C > Spec Max 80.2,Temperature_C (83.0)
M04513,Type_21,91.45,1.23,226.9,12.51,2.555,781.9,1,0.8403576487204577,Failed,Temp 91.5C > Spec Max 83.8,Temperature_C (91.5)
M00604,Type_13,77.11,4.62,243.1,12.7,2.779,944.4,1,0.8395222441368309,Failed,Volt 243.1 > Spec Max 237.0,Vibration_mm_s (4.6)
M02383,Type_05,79.21,10.32,216.7,17.24,3.362,119.1,1,0.8392609174425961,Failed,Vib 10.32 > Spec Max 9.77,Vibration_mm_s (10.3)
M00706,Type_02,85.19,1.94,224.1,15.85,3.197,379.1,1,0.838894501790437,Failed,Temp 85.2C > Spec Max 80.2,Temperature_C (85.2)
M07387,Type_22,69.4,2.47,218.8,44.37,8.737,99.5,1,0.8371751654298724,Failed,Curr 44.4 > Spec Max 36.1,Temperature_C (69.4)
M00286,Type_24,51.75,1.73,219.6,53.29,10.532,261.5,1,0.8358128590965014,Failed,Curr 53.3 > Spec Max 49.6,Temperature_C (51.8)
M06240,Type_02,81.61,3.15,218.8,18.5,3.643,496.8,1,0.8356321962326351,Failed,Temp 81.6C > Spec Max 80.2,Temperature_C (81.6)
M02895,Type_02,83.12,3.28,226.3,17.44,3.552,582.0,1,0.8355261693600525,Failed,Temp 83.1C > Spec Max 80.2,Temperature_C (83.1)
M01565,Type_03,83.53,3.67,218.3,14.56,2.861,522.1,1,0.8350628710065459,Failed,Temp 83.5C > Spec Max 80.1,Temperature_C (83.5)
M01089,Type_03,89.14,2.8,226.8,13.27,2.709,89.6,1,0.8345151158554748,Failed,Temp 89.1C > Spec Max 80.1,Temperature_C (89.1)
M01627,Type_04,78.77,3.01,228.4,44.49,9.145,189.3,1,0.8337509288408134,Failed,Curr 44.5 > Spec Max 36.1,Temperature_C (78.8)
M04395,Type_16,59.9,9.47,218.4,21.13,4.153,983.6,1,0.8337140112982031,Failed,Vib 9.47 > Spec Max 6.87,Vibration_mm_s (9.5)
M03893,Type_17,53.12,0.22,219.1,8.47,1.67,611.1,1,0.8329611923705228,Failed,Curr 8.5 < Spec Min 9.3,Temperature_C (53.1)
M05608,Type_04,63.41,3.0,200.0,9.09,1.636,813.8,1,0.8325100340906232,Failed,Volt 200.0 < Spec Min 209.6,Temperature_C (63.4)
M04684,Type_09,51.17,2.77,223.4,39.67,7.976,248.3,1,0.8311461368283246,Failed,Curr 39.7 > Spec Max 30.8,Vibration_mm_s (2.8)
M09920,Type_02,83.54,1.88,221.7,17.6,3.512,601.5,1,0.8304992601250575,Failed,Temp 83.5C > Spec Max 80.2,Temperature_C (83.5)
M07752,Type_24,65.13,2.59,225.6,58.35,11.847,206.6,1,0.8303558653393782,Failed,Curr 58.4 > Spec Max 49.6,Temperature_C (65.1)
M07213,Type_02,78.71,3.5,220.8,9.27,1.842,513.7,1,0.8301873252332028,Failed,Curr 9.3 < Spec Min 9.4,Temperature_C (78.7)
M06796,Type_24,77.12,1.64,221.1,57.72,11.486,909.5,1,0.8300061240425757,Failed,Curr 57.7 > Spec Max 49.6,Temperature_C (77.1)
M02421,Type_19,85.21,2.32,245.5,16.31,3.604,671.8,1,0.8298721820144628,Failed,Volt 245.5 > Spec Max 239.9,Temperature_C (85.2)
M00776,Type_23,70.34,0.1,211.6,54.42,10.364,139.0,1,0.8296436431476064,Failed,Curr 54.4 > Spec Max 45.6,Temperature_C (70.3)
M00736,Type_17,93.12,1.58,229.4,20.31,4.193,679.3,1,0.8295387441089591,Failed,Temp 93.1C > Spec Max 85.9,Temperature_C (93.1)
M09523,Type_09,121.23,1.34,223.2,9.39,1.886,867.2,1,0.8295362598823692,Failed,Temp 121.2C > Spec Max 114.9,Temperature_C (121.2)
M05104,Type_17,79.19,8.7,217.4,18.39,3.598,514.6,1,0.8283137266906606,Failed,Vib 8.70 > Spec Max 6.02,Vibration_mm_s (8.7)
M04282,Type_03,87.78,2.64,218.5,20.02,3.937,968.2,1,0.8250927326264792,Failed,Temp 87.8C > Spec Max 80.1,Temperature_C (87.8)
M00925,Type_07,65.52,1.23,212.8,8.9,1.705,917.6,1,0.8248745521548929,Failed,Curr 8.9 < Spec Min 9.3,Temperature_C (65.5)
M03692,Type_24,92.31,1.65,221.2,12.09,2.407,216.2,1,0.824122025271082,Failed,Temp 92.3C > Spec Max 80.6,Temperature_C (92.3)
M04191,Type_11,100.2,1.0,230.2,14.43,2.99,343.0,1,0.8236316508744435,Failed,Temp 100.2C > Spec Max 94.4,Temperature_C (100.2)
M07889,Type_14,121.02,1.1,216.3,8.31,1.618,483.4,1,0.82336109025394,Failed,Temp 121.0C > Spec Max 115.0,Temperature_C (121.0)
M01985,Type_17,73.19,7.62,217.2,10.32,2.017,406.3,1,0.8218185570061144,Failed,Vib 7.62 > Spec Max 6.02,Vibration_mm_s (7.6)
M06077,Type_17,95.2,0.5,216.0,18.96,3.686,954.6,1,0.8213397661663733,Failed,Temp 95.2C > Spec Max 85.9,Temperature_C (95.2)
M00206,Type_13,65.47,7.27,209.4,17.64,3.324,703.8,1,0.8200690070967022,Failed,Vib 7.27 > Spec Max 5.25,Vibration_mm_s (7.3)
M01763,Type_24,90.43,2.7,224.3,12.91,2.606,768.9,1,0.819922495263168,Failed,Temp 90.4C > Spec Max 80.6,Temperature_C (90.4)
M05784,Type_02,85.92,3.13,218.3,12.52,2.46,803.8,1,0.8186153015387029,Failed,Temp 85.9C > Spec Max 80.2,Temperature_C (85.9)
M01906,Type_17,93.35,0.1,224.1,13.22,2.666,313.1,1,0.8184964446081909,Failed,Temp 93.3C > Spec Max 85.9,Temperature_C (93.3)
M08621,Type_17,92.44,1.04,215.6,14.12,2.74,210.6,1,0.8178761589671061,Failed,Temp 92.4C > Spec Max 85.9,Temperature_C (92.4)
M06748,Type_20,85.95,3.66,203.5,14.08,2.579,624.1,1,0.8178159482352584,Failed,Volt 203.5 < Spec Min 207.6,Temperature_C (86.0)
M02307,Type_09,61.55,2.63,200.0,9.69,1.744,711.0,1,0.8163356367068928,Failed,Volt 200.0 < Spec Min 204.2,Vibration_mm_s (2.6)
M04005,Type_21,61.6,10.74,218.1,13.25,2.601,66.5,1,0.8158350280348546,Failed,Vib 10.74 > Spec Max 8.67,Vibration_mm_s (10.7)
M05588,Type_19,85.3,0.53,200.0,14.08,2.534,647.3,1,0.8151389476317012,Failed,Volt 200.0 < Spec Min 205.3,Temperature_C (85.3)
M00533,Type_11,80.56,6.99,223.6,12.15,2.445,151.8,1,0.8148368553383412,Failed,Vib 6.99 > Spec Max 6.41,Vibration_mm_s (7.0)
M02266,Type_03,83.38,2.1,220.4,16.37,3.247,658.7,1,0.8144774634301976,Failed,Temp 83.4C > Spec Max 80.1,Temperature_C (83.4)
M02617,Type_21,54.32,9.17,220.8,10.43,2.073,353.7,1,0.8132746400367518,Failed,Vib 9.17 > Spec Max 8.67,Vibration_mm_s (9.2)
M05492,Type_08,67.59,1.93,219.2,8.62,1.701,760.5,1,0.8129810285267922,Failed,Curr 8.6 < Spec Min 9.9,Temperature_C (67.6)
M09067,Type_02,80.66,2.32,209.1,19.46,3.662,739.8,1,0.8121258749073381,Failed,Temp 80.7C > Spec Max 80.2,Temperature_C (80.7)
M05368,Type_11,80.64,6.97,227.4,15.88,3.25,605.8,1,0.8120550405618359,Failed,Vib 6.97 > Spec Max 6.41,Vibration_mm_s (7.0)
M05999,Type_16,85.55,2.13,216.3,6.43,1.252,967.9,1,0.8117325090060884,Failed,Curr 6.4 < Spec Min 8.0,Temperature_C (85.5)
M03095,Type_10,84.28,0.7,200.0,17.64,3.175,179.9,1,0.810056597332227,Failed,Volt 200.0 < Spec Min 200.5,Temperature_C (84.3)
M06511,Type_24,91.35,1.21,221.1,15.25,3.035,129.8,1,0.8100449066549009,Failed,Temp 91.3C > Spec Max 80.6,Temperature_C (91.3)
M07062,Type_17,94.24,2.71,217.5,15.05,2.946,827.4,1,0.8088516814492621,Failed,Temp 94.2C > Spec Max 85.9,Temperature_C (94.2)
M07543,Type_02,64.96,1.95,216.3,9.24,1.799,63.0,1,0.8087023788972375,Failed,Curr 9.2 < Spec Min 9.4,Temperature_C (65.0)
M09506,Type_05,58.31,2.64,214.8,8.97,1.734,304.2,1,0.8082756392481977,Failed,Curr 9.0 < Spec Min 9.4,Temperature_C (58.3)
M02704,Type_18,56.55,0.42,219.1,8.64,1.704,310.1,1,0.8080887677086543,Failed,Curr 8.6 < Spec Min 9.8,Temperature_C (56.5)
M00680,Type_17,72.57,7.93,222.0,18.13,3.622,916.6,1,0.8074857911519199,Failed,Vib 7.93 > Spec Max 6.02,Vibration_mm_s (7.9)
M09613,Type_21,64.12,0.1,217.3,46.16,9.028,113.6,1,0.8067638588691949,Failed,Curr 46.2 > Spec Max 39.9,Temperature_C (64.1)
M08191,Type_02,61.34,7.39,214.0,15.38,2.962,822.6,1,0.8065026869339311,Failed,Vib 7.39 > Spec Max 5.39,Vibration_mm_s (7.4)
M01791,Type_22,82.85,8.62,220.6,14.46,2.871,813.5,1,0.8058768372282435,Failed,Vib 8.62 > Spec Max 5.83,Vibration_mm_s (8.6)
M09952,Type_02,66.25,6.68,216.3,15.02,2.924,717.1,1,0.8043453863456511,Failed,Vib 6.68 > Spec Max 5.39,Vibration_mm_s (6.7)
M07633,Type_23,82.08,11.77,219.1,16.88,3.329,766.5,1,0.8036123292927547,Failed,Vib 11.77 > Spec Max 9.94,Vibration_mm_s (11.8)
M08361,Type_17,90.99,1.89,228.6,14.73,3.031,429.9,1,0.8026462228186364,Failed,Temp 91.0C > Spec Max 85.9,Temperature_C (91.0)
M01359,Type_24,91.33,2.9,224.7,14.96,3.025,470.5,1,0.8025365982974512,Failed,Temp 91.3C > Spec Max 80.6,Temperature_C (91.3)
M03586,Type_09,75.48,3.25,225.6,33.03,6.706,995.7,1,0.8018693840637506,Failed,Curr 33.0 > Spec Max 30.8,Vibration_mm_s (3.2)
M04929,Type_21,76.75,11.35,214.8,18.25,3.528,747.5,1,0.8018602185927368,Failed,Vib 11.35 > Spec Max 8.67,Vibration_mm_s (11.3)
M05726,Type_19,66.79,8.05,228.0,17.41,3.573,430.6,1,0.8015685682102781,Failed,Vib 8.05 > Spec Max 6.66,Vibration_mm_s (8.1)
M00298,Type_15,49.88,10.75,228.5,19.77,4.066,720.2,1,0.8015317015622504,Failed,Vib 10.75 > Spec Max 9.29,Vibration_mm_s (10.8)
M09178,Type_15,83.22,2.8,237.7,12.57,2.689,51.7,1,0.801252477978694,Failed,Volt 237.7 > Spec Max 232.7,Temperature_C (83.2)
M01309,Type_17,57.63,1.87,230.1,9.15,1.895,485.4,1,0.8002204957907973,Failed,Curr 9.2 < Spec Min 9.3,Temperature_C (57.6)
M01087,Type_02,57.23,1.1,245.9,18.67,4.132,366.5,1,0.7987280593320257,Failed,Volt 245.9 > Spec Max 234.2,Temperature_C (57.2)
M04895,Type_05,71.7,11.02,225.0,14.16,2.867,382.3,1,0.798413842789585,Failed,Vib 11.02 > Spec Max 9.77,Vibration_mm_s (11.0)
M04392,Type_25,113.93,1.5,228.5,12.7,2.612,59.9,1,0.7983815476809827,Failed,Temp 113.9C > Spec Max 112.4,Temperature_C (113.9)
M09282,Type_22,114.82,0.56,224.4,14.36,2.9,288.5,1,0.79794040734367,Failed,Temp 114.8C > Spec Max 106.8,Temperature_C (114.8)
M02166,Type_02,80.5,0.76,230.2,18.09,3.748,973.8,1,0.797742988035052,Failed,Temp 80.5C > Spec Max 80.2,Temperature_C (80.5)
M01591,Type_18,66.3,1.7,219.4,9.29,1.834,443.5,1,0.7974540138972475,Failed,Curr 9.3 < Spec Min 9.8,Temperature_C (66.3)
M03644,Type_17,48.61,2.2,220.1,9.15,1.813,225.9,1,0.797279257284918,Failed,Curr 9.2 < Spec Min 9.3,Temperature_C (48.6)
M07816,Type_17,81.95,1.81,200.0,11.95,2.151,549.4,1,0.7961412651830527,Failed,Volt 200.0 < Spec Min 204.0,Temperature_C (82.0)
M08689,Type_19,66.23,8.87,229.6,15.55,3.213,536.7,1,0.7948120945804008,Failed,Vib 8.87 > Spec Max 6.66,Vibration_mm_s (8.9)
M03254,Type_21,87.25,0.69,213.6,10.21,1.963,904.9,1,0.7947737480348492,Failed,Temp 87.2C > Spec Max 83.8,Temperature_C (87.2)
M03859,Type_17,69.2,1.3,217.5,9.22,1.805,786.1,1,0.794528455122976,Failed,Curr 9.2 < Spec Min 9.3,Temperature_C (69.2)
M05424,Type_05,67.27,4.36,222.3,8.64,1.729,745.6,1,0.7940982612222983,Failed,Curr 8.6 < Spec Min 9.4,Temperature_C (67.3)
M05365,Type_23,98.86,2.39,209.2,18.18,3.423,261.3,1,0.7940972722174291,Failed,Temp 98.9C > Spec Max 94.8,Temperature_C (98.9)
M02095,Type_05,63.46,10.39,215.9,14.6,2.837,686.0,1,0.7940847585069121,Failed,Vib 10.39 > Spec Max 9.77,Vibration_mm_s (10.4)
M01934,Type_13,85.05,5.82,223.5,17.74,3.568,838.0,1,0.7933853342441304,Failed,Vib 5.82 > Spec Max 5.25,Vibration_mm_s (5.8)
M02141,Type_06,51.99,10.29,225.2,14.42,2.923,849.5,1,0.7931147359099044,Failed,Vib 10.29 > Spec Max 9.63,Vibration_mm_s (10.3)
M01542,Type_23,79.82,12.32,213.9,13.56,2.61,921.0,1,0.7930643373535599,Failed,Vib 12.32 > Spec Max 9.94,Vibration_mm_s (12.3)
M09265,Type_17,91.76,2.53,216.8,15.94,3.11,661.9,1,0.7930091928285709,Failed,Temp 91.8C > Spec Max 85.9,Temperature_C (91.8)
M04407,Type_17,94.39,2.85,218.1,20.97,4.116,173.1,1,0.7928249556825461,Failed,Temp 94.4C > Spec Max 85.9,Temperature_C (94.4)
M05416,Type_16,82.16,1.89,206.0,11.13,2.064,290.3,1,0.792509348884626,Failed,Volt 206.0 < Spec Min 207.8,Temperature_C (82.2)
M04295,Type_21,86.36,1.59,228.4,11.39,2.341,363.3,1,0.7924754186154195,Failed,Temp 86.4C > Spec Max 83.8,Temperature_C (86.4)
M09055,Type_10,119.2,0.1,215.3,11.18,2.166,802.1,1,0.7922376930359833,Failed,Temp 119.2C > Spec Max 114.0,Temperature_C (119.2)
M04333,Type_10,67.09,6.6,218.9,20.11,3.962,364.2,1,0.7921317987026457,Failed,Vib 6.60 > Spec Max 4.27,Vibration_mm_s (6.6)
M02008,Type_08,39.33,0.57,222.7,9.2,1.844,914.2,1,0.7919554829563639,Failed,Curr 9.2 < Spec Min 9.9,Temperature_C (39.3)
M07015,Type_21,71.17,10.0,218.6,16.39,3.225,448.9,1,0.7918839211624257,Failed,Vib 10.00 > Spec Max 8.67,Vibration_mm_s (10.0)
M01813,Type_05,69.64,1.86,229.0,8.66,1.785,769.9,1,0.7912148744795071,Failed,Curr 8.7 < Spec Min 9.4,Temperature_C (69.6)
M08176,Type_18,42.59,1.19,200.0,14.72,2.65,803.9,1,0.7910801763255967,Failed,Volt 200.0 < Spec Min 207.1,Temperature_C (42.6)
M06571,Type_15,48.35,12.18,221.1,15.93,3.17,170.8,1,0.7907205048608471,Failed,Vib 12.18 > Spec Max 9.29,Vibration_mm_s (12.2)
M01567,Type_09,76.66,6.72,219.8,17.03,3.369,53.3,1,0.7900914848755031,Failed,Vib 6.72 > Spec Max 4.56,Vibration_mm_s (6.7)
M00880,Type_02,81.64,2.41,217.2,11.46,2.24,225.6,1,0.7900158636470371,Failed,Temp 81.6C > Spec Max 80.2,Temperature_C (81.6)
M00716,Type_08,56.91,11.0,223.9,18.79,3.786,162.9,1,0.7897802470057674,Failed,Vib 11.00 > Spec Max 9.83,Vibration_mm_s (11.0)
M04104,Type_03,66.48,8.93,218.4,19.33,3.8,167.0,1,0.7891114911751369,Failed,Vib 8.93 > Spec Max 8.42,Vibration_mm_s (8.9)
M05557,Type_09,50.51,0.7,216.1,8.83,1.717,753.0,1,0.7888286534849169,Failed,Curr 8.8 < Spec Min 9.1,Temperature_C (50.5)
M05754,Type_01,83.43,1.16,231.8,12.08,2.52,526.8,1,0.7888016953277398,Failed,Volt 231.8 > Spec Max 231.3,Temperature_C (83.4)
M03517,Type_06,53.08,12.28,218.8,14.43,2.842,159.9,1,0.7882728426861868,Failed,Vib 12.28 > Spec Max 9.63,Vibration_mm_s (12.3)
M01245,Type_25,49.47,8.88,223.4,12.01,2.415,798.0,1,0.7869654918733501,Failed,Vib 8.88 > Spec Max 8.36,Vibration_mm_s (8.9)
M01453,Type_21,87.24,1.48,229.0,19.3,3.978,479.9,1,0.7867778958041787,Failed,Temp 87.2C > Spec Max 83.8,Temperature_C (87.2)
M03653,Type_19,62.82,8.84,218.2,15.33,3.011,763.3,1,0.7867011717240163,Failed,Vib 8.84 > Spec Max 6.66,Vibration_mm_s (8.8)
M09923,Type_21,70.41,9.59,217.2,16.81,3.286,170.4,1,0.7860755392188021,Failed,Vib 9.59 > Spec Max 8.67,Vibration_mm_s (9.6)
M02833,Type_20,113.98,3.44,210.3,15.57,2.947,913.1,1,0.7859272469111293,Failed,Temp 114.0C > Spec Max 107.4,Temperature_C (114.0)
M04139,Type_08,68.18,11.63,220.4,11.56,2.293,981.9,1,0.7854630348413033,Failed,Vib 11.63 > Spec Max 9.83,Vibration_mm_s (11.6)
M07022,Type_13,67.73,8.1,221.8,21.38,4.268,73.7,1,0.7853215237621305,Failed,Vib 8.10 > Spec Max 5.25,Vibration_mm_s (8.1)
M07974,Type_18,46.31,5.91,222.4,13.75,2.752,643.9,1,0.7852657782415156,Failed,Vib 5.91 > Spec Max 4.33,Vibration_mm_s (5.9)
M09992,Type_24,88.11,0.38,221.4,11.63,2.317,632.9,1,0.7851490998025757,Failed,Temp 88.1C > Spec Max 80.6,Temperature_C (88.1)
M04560,Type_09,75.53,6.9,216.8,13.89,2.71,99.1,1,0.7846007341868108,Failed,Vib 6.90 > Spec Max 4.56,Vibration_mm_s (6.9)
M04938,Type_14,124.5,0.79,212.9,14.7,2.817,104.0,1,0.7840487244812843,Failed,Temp 124.5C > Spec Max 115.0,Temperature_C (124.5)
M03315,Type_17,90.49,2.84,220.3,16.06,3.184,272.0,1,0.7834598274175195,Failed,Temp 90.5C > Spec Max 85.9,Temperature_C (90.5)
M09765,Type_22,113.26,0.98,211.4,14.75,2.806,608.5,1,0.7829956139986632,Failed,Temp 113.3C > Spec Max 106.8,Temperature_C (113.3)
M06529,Type_06,67.97,10.31,222.7,12.81,2.568,602.0,1,0.7828127997390583,Failed,Vib 10.31 > Spec Max 9.63,Vibration_mm_s (10.3)
M04308,Type_24,87.37,1.89,219.1,14.35,2.83,802.9,1,0.7827528359207099,Failed,Temp 87.4C > Spec Max 80.6,Temperature_C (87.4)
M08312,Type_10,120.19,3.07,213.2,12.68,2.433,727.6,1,0.7825404838957196,Failed,Temp 120.2C > Spec Max 114.0,Temperature_C (120.2)
M02067,Type_06,95.29,1.22,216.7,12.87,2.51,598.9,1,0.7822033937122425,Failed,Temp 95.3C > Spec Max 84.5,Temperature_C (95.3)
M05264,Type_16,75.12,8.57,222.0,16.89,3.375,309.9,1,0.781464035264935,Failed,Vib 8.57 > Spec Max 6.87,Vibration_mm_s (8.6)
M00490,Type_23,103.36,0.83,219.3,14.94,2.949,96.1,1,0.781060407948691,Failed,Temp 103.4C > Spec Max 94.8,Temperature_C (103.4)
M01030,Type_24,90.2,1.18,212.3,19.21,3.67,413.6,1,0.7808439687260835,Failed,Temp 90.2C > Spec Max 80.6,Temperature_C (90.2)
M06515,Type_18,67.31,4.05,242.9,19.09,4.173,531.1,1,0.7807569482466481,Failed,Volt 242.9 > Spec Max 238.6,Vibration_mm_s (4.0)
M07740,Type_24,87.44,3.15,214.1,11.22,2.162,415.5,1,0.7806205809120832,Failed,Temp 87.4C > Spec Max 80.6,Temperature_C (87.4)
M00220,Type_03,72.77,1.69,241.6,15.75,3.425,184.9,1,0.7805679793197153,Failed,Volt 241.6 > Spec Max 235.0,Temperature_C (72.8)
M06450,Type_23,101.96,0.85,226.5,15.71,3.202,234.1,1,0.78053227403654,Failed,Temp 102.0C > Spec Max 94.8,Temperature_C (102.0)
M02641,Type_14,48.53,7.93,213.9,17.26,3.323,597.5,1,0.7803149386187189,Failed,Vib 7.93 > Spec Max 7.33,Vibration_mm_s (7.9)
M00593,Type_05,56.86,0.23,215.1,9.06,1.754,67.6,1,0.7801815212423472,Failed,Curr 9.1 < Spec Min 9.4,Temperature_C (56.9)
M00998,Type_17,69.74,7.82,220.7,13.15,2.612,339.5,1,0.7798316113010644,Failed,Vib 7.82 > Spec Max 6.02,Vibration_mm_s (7.8)
M06730,Type_19,72.4,9.04,223.7,19.44,3.914,523.8,1,0.7797046975649735,Failed,Vib 9.04 > Spec Max 6.66,Vibration_mm_s (9.0)
M09408,Type_03,68.28,9.32,222.0,11.5,2.298,525.5,1,0.7795498020296016,Failed,Vib 9.32 > Spec Max 8.42,Vibration_mm_s (9.3)
M09115,Type_07,114.0,1.1,224.7,13.45,2.72,920.2,1,0.7792353250434135,Failed,Temp 114.0C > Spec Max 108.4,Temperature_C (114.0)
M00795,Type_24,70.44,11.4,224.0,12.11,2.441,625.2,1,0.7785439799375421,Failed,Vib 11.40 > Spec Max 9.83,Vibration_mm_s (11.4)
M04284,Type_05,121.2,1.79,218.2,20.56,4.038,481.8,1,0.7785179876411994,Failed,Temp 121.2C > Spec Max 119.9,Temperature_C (121.2)
M07741,Type_18,44.6,5.28,221.6,16.0,3.191,319.6,1,0.7781851097916577,Failed,Vib 5.28 > Spec Max 4.33,Vibration_mm_s (5.3)
M05002,Type_20,111.21,0.5,219.0,14.78,2.913,911.3,1,0.7781648441412392,Failed,Temp 111.2C > Spec Max 107.4,Temperature_C (111.2)
M03260,Type_24,83.98,0.16,228.8,20.48,4.217,415.5,1,0.7778578995580853,Failed,Temp 84.0C > Spec Max 80.6,Temperature_C (84.0)
M09119,Type_18,77.04,6.43,217.7,17.69,3.466,677.9,1,0.7777992680241523,Failed,Vib 6.43 > Spec Max 4.33,Vibration_mm_s (6.4)
M06573,Type_06,58.61,12.32,217.3,14.92,2.918,443.1,1,0.7774618330979561,Failed,Vib 12.32 > Spec Max 9.63,Vibration_mm_s (12.3)
M05672,Type_08,71.63,11.09,215.4,19.56,3.792,879.2,1,0.7769091212900244,Failed,Vib 11.09 > Spec Max 9.83,Vibration_mm_s (11.1)
M04694,Type_10,117.68,1.42,218.4,13.26,2.606,319.4,1,0.7768092014694781,Failed,Temp 117.7C > Spec Max 114.0,Temperature_C (117.7)
M02772,Type_02,75.96,2.2,200.0,16.19,2.914,103.5,1,0.776771891544961,Failed,Volt 200.0 < Spec Min 204.8,Temperature_C (76.0)
M06275,Type_18,52.94,6.07,220.9,13.72,2.728,192.7,1,0.7763693932224635,Failed,Vib 6.07 > Spec Max 4.33,Vibration_mm_s (6.1)
M09070,Type_08,104.11,1.16,221.5,15.61,3.112,288.8,1,0.7760850866758813,Failed,Temp 104.1C > Spec Max 101.5,Temperature_C (104.1)
M08562,Type_07,62.2,10.27,229.2,10.19,2.102,867.7,1,0.7759693807030336,Failed,Vib 10.27 > Spec Max 8.19,Vibration_mm_s (10.3)
M09077,Type_02,71.59,2.92,225.2,45.22,9.165,595.3,1,0.7759120853931557,Failed,Curr 45.2 > Spec Max 39.0,Temperature_C (71.6)
M03686,Type_10,64.05,4.93,224.1,12.78,2.578,176.5,1,0.7758607798292317,Failed,Vib 4.93 > Spec Max 4.27,Vibration_mm_s (4.9)
M02670,Type_03,63.58,10.61,217.0,20.2,3.945,903.2,1,0.7754449700611095,Failed,Vib 10.61 > Spec Max 8.42,Vibration_mm_s (10.6)
M09248,Type_16,115.66,1.39,223.8,16.45,3.313,58.4,1,0.7754065295916247,Failed,Temp 115.7C > Spec Max 106.0,Temperature_C (115.7)
M00125,Type_14,52.78,9.1,212.7,13.59,2.602,259.2,1,0.7752024365573211,Failed,Vib 9.10 > Spec Max 7.33,Vibration_mm_s (9.1)
M02479,Type_18,43.87,3.29,200.0,18.52,3.334,783.3,1,0.7750287419825574,Failed,Volt 200.0 < Spec Min 207.1,Vibration_mm_s (3.3)
M04618,Type_13,57.48,7.38,219.1,15.99,3.153,319.8,1,0.7749852347725766,Failed,Vib 7.38 > Spec Max 5.25,Vibration_mm_s (7.4)
M07663,Type_18,56.96,6.14,217.7,13.52,2.649,536.2,1,0.7745720334355853,Failed,Vib 6.14 > Spec Max 4.33,Vibration_mm_s (6.1)
M06566,Type_12,38.68,5.36,222.6,14.71,2.947,426.7,1,0.7744986793321142,Failed,Vib 5.36 > Spec Max 4.55,Vibration_mm_s (5.4)
M04413,Type_06,87.48,1.74,217.9,9.41,1.845,114.4,1,0.7739895197800266,Failed,Temp 87.5C > Spec Max 84.5,Temperature_C (87.5)
M03186,Type_05,121.98,3.06,219.2,14.49,2.859,63.7,1,0.773925754980057,Failed,Temp 122.0C > Spec Max 119.9,Temperature_C (122.0)
M00499,Type_07,72.21,0.34,216.9,9.25,1.806,850.6,1,0.7738918280948935,Failed,Curr 9.2 < Spec Min 9.3,Temperature_C (72.2)
M01801,Type_13,61.14,6.6,220.5,10.19,2.022,753.4,1,0.7735793717784987,Failed,Vib 6.60 > Spec Max 5.25,Vibration_mm_s (6.6)
M03221,Type_12,60.9,6.34,224.1,12.78,2.578,179.1,1,0.7735705833229531,Failed,Vib 6.34 > Spec Max 4.55,Vibration_mm_s (6.3)
M09716,Type_15,101.86,3.24,227.3,15.26,3.122,319.5,1,0.7733613639235728,Failed,Temp 101.9C > Spec Max 98.4,Temperature_C (101.9)
M08768,Type_17,64.08,2.49,200.0,10.57,1.903,238.3,1,0.7732582460735442,Failed,Volt 200.0 < Spec Min 204.0,Temperature_C (64.1)
M05046,Type_25,120.44,0.5,227.6,17.08,3.499,146.1,1,0.7732406681858186,Failed,Temp 120.4C > Spec Max 112.4,Temperature_C (120.4)
M08560,Type_10,119.56,2.04,217.2,16.23,3.173,654.4,1,0.7731918375933295,Failed,Temp 119.6C > Spec Max 114.0,Temperature_C (119.6)
M04106,Type_19,53.39,8.58,220.6,16.9,3.355,542.2,1,0.7728238730046155,Failed,Vib 8.58 > Spec Max 6.66,Vibration_mm_s (8.6)
M00613,Type_24,87.68,1.91,216.5,14.15,2.757,516.2,1,0.7727492596585024,Failed,Temp 87.7C > Spec Max 80.6,Temperature_C (87.7)
M05044,Type_13,111.74,0.85,215.8,17.51,3.401,517.2,1,0.7726696466148831,Failed,Temp 111.7C > Spec Max 103.8,Temperature_C (111.7)
M09478,Type_25,120.73,2.69,225.1,13.6,2.755,201.0,1,0.7725392592505895,Failed,Temp 120.7C > Spec Max 112.4,Temperature_C (120.7)
M07513,Type_15,63.71,10.64,226.4,15.05,3.067,918.8,1,0.772529090955639,Failed,Vib 10.64 > Spec Max 9.29,Vibration_mm_s (10.6)
M01550,Type_09,58.14,6.84,227.2,18.26,3.734,62.0,1,0.772527175470436,Failed,Vib 6.84 > Spec Max 4.56,Vibration_mm_s (6.8)
M05812,Type_01,50.59,7.08,215.2,10.91,2.113,143.3,1,0.771834037018542,Failed,Vib 7.08 > Spec Max 4.94,Vibration_mm_s (7.1)
M07844,Type_23,102.29,0.47,226.5,17.26,3.518,504.5,1,0.7717291505890026,Failed,Temp 102.3C > Spec Max 94.8,Temperature_C (102.3)
M06541,Type_24,59.46,11.85,221.1,14.51,2.887,823.7,1,0.7716836731438659,Failed,Vib 11.85 > Spec Max 9.83,Vibration_mm_s (11.8)
M02783,Type_25,67.28,0.84,237.2,14.77,3.153,143.1,1,0.771164151966356,Failed,Volt 237.2 > Spec Max 233.5,Temperature_C (67.3)
M01967,Type_01,110.97,2.38,227.4,12.83,2.626,712.5,1,0.7711083015011576,Failed,Temp 111.0C > Spec Max 109.1,Temperature_C (111.0)
M05421,Type_08,63.19,11.64,214.3,11.57,2.232,912.1,1,0.7710661808030765,Failed,Vib 11.64 > Spec Max 9.83,Vibration_mm_s (11.6)
M05284,Type_05,128.57,3.32,221.4,14.25,2.839,539.3,1,0.7710613096706561,Failed,Temp 128.6C > Spec Max 119.9,Temperature_C (128.6)
M04400,Type_09,122.45,3.61,215.5,11.8,2.289,819.0,1,0.7710135514212311,Failed,Temp 122.5C > Spec Max 114.9,Temperature_C (122.5)
M00008,Type_03,81.15,2.78,217.1,20.51,4.007,329.6,1,0.7709660850346373,Failed,Temp 81.2C > Spec Max 80.1,Temperature_C (81.2)
M00559,Type_08,104.64,1.2,218.5,15.08,2.965,916.3,1,0.770916678987657,Failed,Temp 104.6C > Spec Max 101.5,Temperature_C (104.6)
M07481,Type_22,116.27,1.76,224.7,14.99,3.031,813.6,1,0.7707403730538843,Failed,Temp 116.3C > Spec Max 106.8,Temperature_C (116.3)
M07153,Type_19,65.5,9.47,225.4,13.21,2.68,509.1,1,0.7707089140260647,Failed,Vib 9.47 > Spec Max 6.66,Vibration_mm_s (9.5)
M00810,Type_02,58.21,1.46,242.2,13.0,2.834,720.3,1,0.7706156969862622,Failed,Volt 242.2 > Spec Max 234.2,Temperature_C (58.2)
M02943,Type_03,81.96,0.9,221.2,22.52,4.483,554.3,1,0.7699504191097333,Failed,Temp 82.0C > Spec Max 80.1,Temperature_C (82.0)
M01740,Type_18,67.82,0.1,200.0,12.08,2.174,284.7,1,0.769798124405754,Failed,Volt 200.0 < Spec Min 207.1,Temperature_C (67.8)
M08998,Type_25,73.05,10.17,217.5,19.02,3.723,241.1,1,0.7693858546722713,Failed,Vib 10.17 > Spec Max 8.36,Vibration_mm_s (10.2)
M01168,Type_24,85.49,1.47,216.0,13.54,2.632,324.3,1,0.7693153618617479,Failed,Temp 85.5C > Spec Max 80.6,Temperature_C (85.5)
M04287,Type_19,104.35,2.01,222.9,11.64,2.335,848.7,1,0.7688563885607874,Failed,Temp 104.3C > Spec Max 98.4,Temperature_C (104.3)
M03771,Type_16,112.98,2.08,227.5,16.73,3.425,573.0,1,0.7681086171917046,Failed,Temp 113.0C > Spec Max 106.0,Temperature_C (113.0)
M00844,Type_06,94.7,1.51,218.8,12.28,2.418,884.0,1,0.7679320432495439,Failed,Temp 94.7C > Spec Max 84.5,Temperature_C (94.7)
M05593,Type_02,51.08,1.22,244.6,12.69,2.794,444.4,1,0.76765569198187,Failed,Volt 244.6 > Spec Max 234.2,Temperature_C (51.1)
M08688,Type_14,119.69,0.1,224.6,13.65,2.759,856.8,1,0.7674322101461217,Failed,Temp 119.7C > Spec Max 115.0,Temperature_C (119.7)
M03063,Type_07,78.21,10.34,212.9,21.48,4.116,651.8,1,0.7673854430109728,Failed,Vib 10.34 > Spec Max 8.19,Vibration_mm_s (10.3)
M03220,Type_13,68.65,6.78,222.4,15.67,3.137,523.1,1,0.7671857660204947,Failed,Vib 6.78 > Spec Max 5.25,Vibration_mm_s (6.8)
M03094,Type_02,63.72,0.8,240.6,17.14,3.711,230.2,1,0.7671579246882989,Failed,Volt 240.6 > Spec Max 234.2,Temperature_C (63.7)
M03306,Type_23,101.4,1.13,216.1,16.98,3.302,184.9,1,0.76675238617605,Failed,Temp 101.4C > Spec Max 94.8,Temperature_C (101.4)
M05501,Type_06,92.13,1.05,214.7,10.36,2.002,522.7,1,0.7665915338858034,Failed,Temp 92.1C > Spec Max 84.5,Temperature_C (92.1)
M07608,Type_24,87.31,3.1,217.5,11.73,2.296,260.2,1,0.7665389705063254,Failed,Temp 87.3C > Spec Max 80.6,Temperature_C (87.3)
M01388,Type_13,105.52,2.02,221.5,13.97,2.785,628.7,1,0.7664949100102726,Failed,Temp 105.5C > Spec Max 103.8,Temperature_C (105.5)
M05634,Type_19,105.53,1.18,221.9,20.35,4.064,405.3,1,0.7663550236764042,Failed,Temp 105.5C > Spec Max 98.4,Temperature_C (105.5)
M08698,Type_19,71.28,8.78,219.7,15.14,2.994,702.8,1,0.7661654808089419,Failed,Vib 8.78 > Spec Max 6.66,Vibration_mm_s (8.8)
M09926,Type_25,72.82,1.85,244.8,18.53,4.083,712.1,1,0.7660765074625502,Failed,Volt 244.8 > Spec Max 233.5,Temperature_C (72.8)
M03037,Type_02,57.46,2.78,238.0,11.66,2.498,98.4,1,0.7657671053637835,Failed,Volt 238.0 > Spec Max 234.2,Temperature_C (57.5)
M01729,Type_15,52.99,11.71,221.0,13.97,2.779,690.9,1,0.765586634668368,Failed,Vib 11.71 > Spec Max 9.29,Vibration_mm_s (11.7)
M08184,Type_21,91.31,0.41,213.0,13.69,2.624,944.2,1,0.7655485356698253,Failed,Temp 91.3C > Spec Max 83.8,Temperature_C (91.3)
M05060,Type_03,75.61,2.22,241.7,17.9,3.894,999.0,1,0.7654780838600399,Failed,Volt 241.7 > Spec Max 235.0,Temperature_C (75.6)
M00316,Type_13,78.19,7.46,220.1,13.62,2.698,357.7,1,0.7653385372671494,Failed,Vib 7.46 > Spec Max 5.25,Vibration_mm_s (7.5)
M01393,Type_04,67.09,10.17,225.6,18.42,3.74,465.6,1,0.7649399086901038,Failed,Vib 10.17 > Spec Max 7.97,Vibration_mm_s (10.2)
M07142,Type_21,85.32,0.25,215.5,14.25,2.764,223.4,1,0.7645667111898358,Failed,Temp 85.3C > Spec Max 83.8,Temperature_C (85.3)
M04452,Type_23,60.2,12.08,222.2,13.09,2.618,738.7,1,0.7644718292619506,Failed,Vib 12.08 > Spec Max 9.94,Vibration_mm_s (12.1)
M01402,Type_09,63.71,7.46,218.0,13.96,2.739,686.1,1,0.7642352778282286,Failed,Vib 7.46 > Spec Max 4.56,Vibration_mm_s (7.5)
M06931,Type_23,97.61,1.33,214.5,20.48,3.954,190.2,1,0.764178239256133,Failed,Temp 97.6C > Spec Max 94.8,Temperature_C (97.6)
M01647,Type_04,67.41,10.58,214.0,18.01,3.469,248.7,1,0.7640943226920196,Failed,Vib 10.58 > Spec Max 7.97,Vibration_mm_s (10.6)
M03797,Type_25,67.54,10.56,215.1,12.64,2.447,409.1,1,0.7639843927748248,Failed,Vib 10.56 > Spec Max 8.36,Vibration_mm_s (10.6)
M01840,Type_08,102.85,2.59,222.2,13.72,2.744,772.4,1,0.7639603455992275,Failed,Temp 102.8C > Spec Max 101.5,Temperature_C (102.8)
M00324,Type_18,74.36,6.54,224.0,20.36,4.105,403.4,1,0.7639497713030298,Failed,Vib 6.54 > Spec Max 4.33,Vibration_mm_s (6.5)
M00190,Type_09,116.86,1.9,221.8,13.97,2.789,171.1,1,0.7637971506822165,Failed,Temp 116.9C > Spec Max 114.9,Temperature_C (116.9)
M08133,Type_02,80.46,1.57,209.5,20.52,3.869,151.9,1,0.763677941902196,Failed,Temp 80.5C > Spec Max 80.2,Temperature_C (80.5)
M05111,Type_15,103.49,2.14,217.3,22.93,4.484,352.6,1,0.7636638173930834,Failed,Temp 103.5C > Spec Max 98.4,Temperature_C (103.5)
M01680,Type_04,75.83,9.02,225.9,13.08,2.659,128.3,1,0.7636147621720707,Failed,Vib 9.02 > Spec Max 7.97,Vibration_mm_s (9.0)
M03693,Type_24,83.57,0.1,220.1,11.79,2.335,856.8,1,0.7634861106077423,Failed,Temp 83.6C > Spec Max 80.6,Temperature_C (83.6)
M01354,Type_03,81.4,1.34,217.5,14.75,2.887,870.5,1,0.763095817327222,Failed,Temp 81.4C > Spec Max 80.1,Temperature_C (81.4)
M09589,Type_25,51.39,1.65,233.7,16.55,3.481,656.0,1,0.7625983510172043,Failed,Volt 233.7 > Spec Max 233.5,Temperature_C (51.4)
M02370,Type_11,103.39,1.73,212.2,16.22,3.098,208.9,1,0.7621087881754443,Failed,Temp 103.4C > Spec Max 94.4,Temperature_C (103.4)
M04865,Type_03,81.32,1.66,217.9,15.52,3.044,375.3,1,0.7618184661046504,Failed,Temp 81.3C > Spec Max 80.1,Temperature_C (81.3)
M05105,Type_12,81.27,2.02,235.4,11.73,2.485,248.2,1,0.7617972594501137,Failed,Volt 235.4 > Spec Max 232.5,Temperature_C (81.3)
M03541,Type_13,64.22,5.41,221.5,13.87,2.765,935.7,1,0.7614568098756597,Failed,Vib 5.41 > Spec Max 5.25,Vibration_mm_s (5.4)
M09157,Type_19,108.08,2.68,214.6,11.28,2.179,367.3,1,0.7612523504946467,Failed,Temp 108.1C > Spec Max 98.4,Temperature_C (108.1)
M05253,Type_09,58.65,5.07,211.9,11.03,2.104,289.8,1,0.7609611387603878,Failed,Vib 5.07 > Spec Max 4.56,Vibration_mm_s (5.1)
M04351,Type_25,70.53,2.36,236.4,15.3,3.255,387.2,1,0.7609309389056312,Failed,Volt 236.4 > Spec Max 233.5,Temperature_C (70.5)
M07006,Type_01,116.23,2.36,215.1,18.7,3.62,885.3,1,0.7608899262352727,Failed,Temp 116.2C > Spec Max 109.1,Temperature_C (116.2)
M05089,Type_23,95.93,1.88,225.5,14.97,3.038,552.3,1,0.760047728303104,Failed,Temp 95.9C > Spec Max 94.8,Temperature_C (95.9)
M01996,Type_23,100.09,1.54,221.7,15.82,3.157,319.9,1,0.7596493435943191,Failed,Temp 100.1C > Spec Max 94.8,Temperature_C (100.1)
M09279,Type_22,58.61,0.74,239.4,21.98,4.736,970.2,1,0.7594900926740356,Failed,Volt 239.4 > Spec Max 237.0,Temperature_C (58.6)
M08575,Type_23,98.7,2.46,221.9,12.15,2.426,868.9,1,0.7594626976996546,Failed,Temp 98.7C > Spec Max 94.8,Temperature_C (98.7)
M02068,Type_04,58.45,9.74,223.1,12.81,2.572,758.3,1,0.7590992122284805,Failed,Vib 9.74 > Spec Max 7.97,Vibration_mm_s (9.7)
M01308,Type_05,124.04,1.82,218.9,13.67,2.693,432.9,1,0.7589855721620643,Failed,Temp 124.0C > Spec Max 119.9,Temperature_C (124.0)
M07689,Type_12,101.2,2.25,219.0,21.36,4.21,931.7,1,0.7585800290258676,Failed,Temp 101.2C > Spec Max 97.3,Temperature_C (101.2)
M02327,Type_09,62.23,2.38,216.2,8.87,1.726,725.3,1,0.758412085915094,Failed,Curr 8.9 < Spec Min 9.1,Temperature_C (62.2)
M00777,Type_05,127.46,2.46,221.3,18.99,3.782,372.0,1,0.7583471815170827,Failed,Temp 127.5C > Spec Max 119.9,Temperature_C (127.5)
M08841,Type_23,104.48,2.2,227.6,18.11,3.71,237.1,1,0.7578174796623665,Failed,Temp 104.5C > Spec Max 94.8,Temperature_C (104.5)
M06917,Type_12,103.61,1.17,216.0,20.31,3.948,691.2,1,0.7577132482368298,Failed,Temp 103.6C > Spec Max 97.3,Temperature_C (103.6)
M08097,Type_07,113.26,1.3,218.6,17.11,3.366,525.9,1,0.7576061816582572,Failed,Temp 113.3C > Spec Max 108.4,Temperature_C (113.3)
M01283,Type_03,59.88,3.89,200.2,14.91,2.686,359.1,1,0.757477328132291,Failed,Volt 200.2 < Spec Min 210.0,Temperature_C (59.9)
M00408,Type_25,45.5,10.11,220.0,14.82,2.934,707.3,1,0.7574638500036923,Failed,Vib 10.11 > Spec Max 8.36,Vibration_mm_s (10.1)
M06707,Type_01,111.77,3.4,215.6,15.47,3.002,474.4,1,0.7571801424282956,Failed,Temp 111.8C > Spec Max 109.1,Temperature_C (111.8)
M06848,Type_01,68.77,7.17,219.4,17.38,3.432,411.5,1,0.7565504424005879,Failed,Vib 7.17 > Spec Max 4.94,Vibration_mm_s (7.2)
M00027,Type_15,79.59,1.84,244.9,15.41,3.397,297.2,1,0.7565354972181033,Failed,Volt 244.9 > Spec Max 232.7,Temperature_C (79.6)
M05128,Type_18,61.19,1.22,200.0,11.12,2.002,730.5,1,0.7564045612275582,Failed,Volt 200.0 < Spec Min 207.1,Temperature_C (61.2)
M07058,Type_21,92.64,1.84,218.8,18.22,3.588,888.6,1,0.7563360211590353,Failed,Temp 92.6C > Spec Max 83.8,Temperature_C (92.6)
M06960,Type_11,66.43,7.35,220.0,17.02,3.37,902.8,1,0.7562083076485285,Failed,Vib 7.35 > Spec Max 6.41,Vibration_mm_s (7.3)
M02454,Type_15,72.77,11.57,213.1,15.31,2.936,168.8,1,0.7561915782820795,Failed,Vib 11.57 > Spec Max 9.29,Vibration_mm_s (11.6)
M07402,Type_18,64.76,0.1,202.2,17.22,3.134,716.5,1,0.7560486975612654,Failed,Volt 202.2 < Spec Min 207.1,Temperature_C (64.8)
M05087,Type_24,83.6,1.8,218.3,12.76,2.507,827.5,1,0.7558911811314981,Failed,Temp 83.6C > Spec Max 80.6,Temperature_C (83.6)
M08840,Type_05,46.26,11.55,223.8,12.77,2.572,941.3,1,0.7558160457506239,Failed,Vib 11.55 > Spec Max 9.77,Vibration_mm_s (11.6)
M09114,Type_07,116.54,1.5,226.3,18.01,3.668,727.4,1,0.7555660532374935,Failed,Temp 116.5C > Spec Max 108.4,Temperature_C (116.5)
M08534,Type_18,62.53,2.13,200.0,18.86,3.395,483.9,1,0.7555411059519923,Failed,Volt 200.0 < Spec Min 207.1,Temperature_C (62.5)
M08011,Type_24,78.34,3.94,239.1,16.02,3.447,991.6,1,0.7550055805528331,Failed,Volt 239.1 > Spec Max 231.0,Temperature_C (78.3)
M05562,Type_14,116.21,1.25,222.1,18.17,3.632,757.1,1,0.7541016163780634,Failed,Temp 116.2C > Spec Max 115.0,Temperature_C (116.2)
M09447,Type_14,69.81,9.73,221.1,13.79,2.744,482.0,1,0.7540932517638771,Failed,Vib 9.73 > Spec Max 7.33,Vibration_mm_s (9.7)
M02981,Type_05,124.21,2.13,223.6,17.92,3.606,439.8,1,0.7538519634779561,Failed,Temp 124.2C > Spec Max 119.9,Temperature_C (124.2)
M07973,Type_12,73.24,7.48,214.2,11.29,2.176,723.6,1,0.7536074732003724,Failed,Vib 7.48 > Spec Max 4.55,Vibration_mm_s (7.5)
M09135,Type_02,53.17,4.04,200.0,11.86,2.135,865.1,1,0.7536034659561868,Failed,Volt 200.0 < Spec Min 204.8,Vibration_mm_s (4.0)
M08270,Type_24,83.36,3.78,217.8,14.12,2.768,723.3,1,0.7535927216246395,Failed,Temp 83.4C > Spec Max 80.6,Temperature_C (83.4)
M00488,Type_19,102.13,3.35,221.6,16.14,3.219,429.2,1,0.7534943326346658,Failed,Temp 102.1C > Spec Max 98.4,Temperature_C (102.1)
M00889,Type_22,74.77,6.37,217.2,15.65,3.059,151.5,1,0.7531741471779668,Failed,Vib 6.37 > Spec Max 5.83,Vibration_mm_s (6.4)
M07332,Type_07,113.62,3.21,216.5,13.9,2.708,680.0,1,0.7530060939107,Failed,Temp 113.6C > Spec Max 108.4,Temperature_C (113.6)
M02496,Type_03,45.08,0.57,206.1,18.35,3.404,875.1,1,0.7528627548747722,Failed,Volt 206.1 < Spec Min 210.0,Temperature_C (45.1)
M07930,Type_14,121.57,0.98,226.5,21.75,4.434,588.9,1,0.7517417801727604,Failed,Temp 121.6C > Spec Max 115.0,Temperature_C (121.6)
M00252,Type_03,63.0,9.82,218.3,15.13,2.973,496.5,1,0.7506972031711517,Failed,Vib 9.82 > Spec Max 8.42,Vibration_mm_s (9.8)
M07164,Type_03,49.67,2.19,204.6,14.41,2.653,375.6,1,0.7499224172906093,Failed,Volt 204.6 < Spec Min 210.0,Temperature_C (49.7)
M07449,Type_08,59.56,2.11,240.6,19.54,4.231,247.7,1,0.7496123976580366,Failed,Volt 240.6 > Spec Max 234.1,Temperature_C (59.6)
M05063,Type_22,62.02,1.62,249.0,18.83,4.22,106.0,1,0.7495971093956496,Failed,Volt 249.0 > Spec Max 237.0,Temperature_C (62.0)
M03792,Type_20,64.0,2.28,232.4,9.49,1.985,364.5,1,0.7492347017001648,Failed,Volt 232.4 > Spec Max 230.4,Temperature_C (64.0)
M04727,Type_21,61.19,0.1,202.7,12.98,2.368,375.6,1,0.7492150816320694,Failed,Volt 202.7 < Spec Min 208.9,Temperature_C (61.2)
M02485,Type_06,68.82,4.47,200.0,14.07,2.533,507.9,1,0.7484546300962144,Failed,Volt 200.0 < Spec Min 201.6,Temperature_C (68.8)
M08284,Type_01,60.89,1.78,243.9,15.24,3.345,289.5,1,0.7484458298676536,Failed,Volt 243.9 > Spec Max 231.3,Temperature_C (60.9)
M09755,Type_17,65.03,1.33,201.4,12.26,2.222,226.4,1,0.7483541396346696,Failed,Volt 201.4 < Spec Min 204.0,Temperature_C (65.0)
M01845,Type_17,66.96,1.32,200.0,12.04,2.167,181.2,1,0.7481175006434208,Failed,Volt 200.0 < Spec Min 204.0,Temperature_C (67.0)
M07113,Type_14,122.04,0.77,222.4,16.23,3.249,974.3,1,0.7480973540472705,Failed,Temp 122.0C > Spec Max 115.0,Temperature_C (122.0)
M02106,Type_11,96.67,2.19,221.8,17.77,3.547,573.1,1,0.7480827100899083,Failed,Temp 96.7C > Spec Max 94.4,Temperature_C (96.7)
M01724,Type_18,57.34,1.96,200.0,11.72,2.11,582.0,1,0.7479580603532078,Failed,Volt 200.0 < Spec Min 207.1,Temperature_C (57.3)
M08280,Type_17,71.86,6.99,223.9,13.03,2.626,194.7,1,0.747730392251908,Failed,Vib 6.99 > Spec Max 6.02,Vibration_mm_s (7.0)
M06692,Type_11,97.87,2.39,215.5,18.86,3.658,968.6,1,0.7471728798701672,Failed,Temp 97.9C > Spec Max 94.4,Temperature_C (97.9)
M07487,Type_25,75.15,0.45,244.1,13.98,3.071,928.7,1,0.7469868002780479,Failed,Volt 244.1 > Spec Max 233.5,Temperature_C (75.2)
M04361,Type_17,72.72,2.28,241.9,15.48,3.37,811.2,1,0.7468692406113141,Failed,Volt 241.9 > Spec Max 235.0,Temperature_C (72.7)
M00530,Type_24,63.12,11.64,220.7,14.18,2.817,918.8,1,0.7466473892523188,Failed,Vib 11.64 > Spec Max 9.83,Vibration_mm_s (11.6)
M09106,Type_13,73.6,2.18,240.9,21.68,4.7,340.5,1,0.7466136816559802,Failed,Volt 240.9 > Spec Max 237.0,Temperature_C (73.6)
M09751,Type_04,66.66,0.1,200.0,10.38,1.868,476.4,1,0.7458121298713243,Failed,Volt 200.0 < Spec Min 209.6,Temperature_C (66.7)
M02104,Type_07,55.97,1.97,233.6,13.54,2.847,999.7,1,0.7457683654626195,Failed,Volt 233.6 > Spec Max 231.5,Temperature_C (56.0)
M07623,Type_02,77.57,0.2,200.0,11.24,2.023,430.1,1,0.7456814041785057,Failed,Volt 200.0 < Spec Min 204.8,Temperature_C (77.6)
M00304,Type_06,60.7,1.43,234.3,19.73,4.16,56.9,1,0.745289630719864,Failed,Volt 234.3 > Spec Max 230.4,Temperature_C (60.7)
M01270,Type_03,81.33,2.23,218.8,11.36,2.237,906.6,1,0.7450981054405537,Failed,Temp 81.3C > Spec Max 80.1,Temperature_C (81.3)
M03992,Type_18,58.44,0.1,200.2,13.74,2.476,412.0,1,0.7449942849525892,Failed,Volt 200.2 < Spec Min 207.1,Temperature_C (58.4)
M00793,Type_20,68.33,1.47,245.3,18.1,3.996,94.0,1,0.744810390334202,Failed,Volt 245.3 > Spec Max 230.4,Temperature_C (68.3)
M07776,Type_08,106.83,0.38,228.7,13.38,2.754,885.6,1,0.74468892574372,Failed,Temp 106.8C > Spec Max 101.5,Temperature_C (106.8)
M06235,Type_14,57.69,3.28,240.7,18.41,3.988,199.5,1,0.7445514072275996,Failed,Volt 240.7 > Spec Max 230.1,Temperature_C (57.7)
M07630,Type_05,82.47,1.12,200.0,18.29,3.292,577.4,1,0.7439672074921961,Failed,Volt 200.0 < Spec Min 204.7,Temperature_C (82.5)
M04834,Type_21,85.81,0.42,222.8,22.58,4.528,426.1,1,0.7419105370429248,Failed,Temp 85.8C > Spec Max 83.8,Temperature_C (85.8)
M07755,Type_18,76.99,2.59,200.0,17.41,3.134,468.9,1,0.7417596429416975,Failed,Volt 200.0 < Spec Min 207.1,Temperature_C (77.0)
M06007,Type_19,99.67,1.01,220.9,19.01,3.779,633.5,1,0.7415994596978078,Failed,Temp 99.7C > Spec Max 98.4,Temperature_C (99.7)
M04747,Type_18,68.24,3.18,245.9,14.35,3.176,122.4,1,0.7412449030261331,Failed,Volt 245.9 > Spec Max 238.6,Vibration_mm_s (3.2)
M08464,Type_21,49.84,0.98,214.1,9.66,1.861,261.0,1,0.7408350811272234,Failed,Curr 9.7 < Spec Min 9.7,Temperature_C (49.8)
M09218,Type_16,60.6,7.51,221.8,11.93,2.381,979.0,1,0.7407931131006081,Failed,Vib 7.51 > Spec Max 6.87,Vibration_mm_s (7.5)
M01940,Type_14,123.6,0.99,225.4,11.22,2.276,252.2,1,0.7407277160011091,Failed,Temp 123.6C > Spec Max 115.0,Temperature_C (123.6)
M01657,Type_17,62.65,2.13,200.0,12.37,2.227,290.1,1,0.7406332226287744,Failed,Volt 200.0 < Spec Min 204.0,Temperature_C (62.6)
M06870,Type_24,66.34,11.38,217.7,17.38,3.405,549.1,1,0.7399813487258872,Failed,Vib 11.38 > Spec Max 9.83,Vibration_mm_s (11.4)
M01362,Type_18,70.44,2.9,252.1,18.51,4.2,743.7,1,0.7399342586950165,Failed,Volt 252.1 > Spec Max 238.6,Vibration_mm_s (2.9)
M08591,Type_07,50.42,2.89,243.7,20.06,4.4,158.5,1,0.7394217585397671,Failed,Volt 243.7 > Spec Max 231.5,Temperature_C (50.4)
M02391,Type_24,52.92,1.6,244.4,19.27,4.239,378.9,1,0.7390695932671731,Failed,Volt 244.4 > Spec Max 231.0,Temperature_C (52.9)
M09785,Type_21,61.04,3.04,200.0,20.96,3.773,590.9,1,0.7384375113698447,Failed,Volt 200.0 < Spec Min 208.9,Temperature_C (61.0)
M07769,Type_06,94.19,1.2,219.2,16.7,3.295,493.8,1,0.7377744774313348,Failed,Temp 94.2C > Spec Max 84.5,Temperature_C (94.2)
M07699,Type_17,69.27,1.9,238.3,18.68,4.006,282.5,1,0.737192884734502,Failed,Volt 238.3 > Spec Max 235.0,Temperature_C (69.3)
M02859,Type_24,84.64,0.73,216.0,19.43,3.777,378.8,1,0.7367381920050579,Failed,Temp 84.6C > Spec Max 80.6,Temperature_C (84.6)
M01938,Type_17,78.45,0.88,221.8,8.82,1.761,258.5,1,0.7364373882899798,Failed,Curr 8.8 < Spec Min 9.3,Temperature_C (78.5)
M05861,Type_24,84.04,1.72,219.4,18.0,3.554,142.8,1,0.7357386403503745,Failed,Temp 84.0C > Spec Max 80.6,Temperature_C (84.0)
M01608,Type_21,63.54,2.2,206.0,13.52,2.507,573.0,1,0.7351092020441876,Failed,Volt 206.0 < Spec Min 208.9,Temperature_C (63.5)
M04235,Type_23,55.08,3.47,240.4,15.3,3.31,493.2,1,0.7348467143876236,Failed,Volt 240.4 > Spec Max 236.1,Temperature_C (55.1)
M05944,Type_08,62.17,0.54,229.3,9.17,1.892,278.4,1,0.7347748309444369,Failed,Curr 9.2 < Spec Min 9.9,Temperature_C (62.2)
M09999,Type_02,69.77,2.54,247.7,15.78,3.518,518.9,1,0.7343824853438989,Failed,Volt 247.7 > Spec Max 234.2,Temperature_C (69.8)
M09678,Type_23,67.87,1.63,244.7,16.01,3.526,741.4,1,0.734330780670298,Failed,Volt 244.7 > Spec Max 236.1,Temperature_C (67.9)
M01603,Type_14,116.32,2.49,221.9,14.46,2.888,61.0,1,0.7341904412893061,Failed,Temp 116.3C > Spec Max 115.0,Temperature_C (116.3)
M08242,Type_18,72.77,1.67,200.0,16.37,2.947,265.7,1,0.7338958555106178,Failed,Volt 200.0 < Spec Min 207.1,Temperature_C (72.8)
M06304,Type_17,50.88,3.78,200.0,17.24,3.103,866.9,1,0.7336855551640573,Failed,Volt 200.0 < Spec Min 204.0,Vibration_mm_s (3.8)
M00583,Type_17,57.9,3.31,231.3,9.11,1.896,227.1,1,0.7332608167599038,Failed,Curr 9.1 < Spec Min 9.3,Temperature_C (57.9)
M09808,Type_21,76.04,0.54,204.3,18.85,3.466,488.2,1,0.732461181817264,Failed,Volt 204.3 < Spec Min 208.9,Temperature_C (76.0)
M00165,Type_02,65.7,2.9,201.9,13.31,2.419,68.3,1,0.7323693721075071,Failed,Volt 201.9 < Spec Min 204.8,Temperature_C (65.7)
M06813,Type_14,77.09,3.74,240.8,15.64,3.39,666.3,1,0.7318066519815428,Failed,Volt 240.8 > Spec Max 230.1,Temperature_C (77.1)
M08126,Type_06,71.56,2.12,240.9,16.8,3.642,563.7,1,0.7317967829909269,Failed,Volt 240.9 > Spec Max 230.4,Temperature_C (71.6)
M04403,Type_19,69.53,3.04,246.6,18.22,4.044,416.0,1,0.7316773307151269,Failed,Volt 246.6 > Spec Max 239.9,Temperature_C (69.5)
M08923,Type_23,67.15,1.59,200.0,14.91,2.684,108.8,1,0.7315312454756766,Failed,Volt 200.0 < Spec Min 201.5,Temperature_C (67.2)
M08851,Type_11,103.91,1.17,218.9,12.24,2.411,687.4,1,0.7310741244973101,Failed,Temp 103.9C > Spec Max 94.4,Temperature_C (103.9)
M06368,Type_22,66.58,1.4,243.1,9.81,2.146,386.9,1,0.7300829736389681,Failed,Volt 243.1 > Spec Max 237.0,Temperature_C (66.6)
M07772,Type_08,59.71,2.13,236.6,20.0,4.259,479.1,1,0.7297950252939274,Failed,Volt 236.6 > Spec Max 234.1,Temperature_C (59.7)
M03196,Type_24,89.29,0.19,223.1,16.97,3.407,497.6,1,0.7296528487997668,Failed,Temp 89.3C > Spec Max 80.6,Temperature_C (89.3)
M05664,Type_03,56.87,3.42,237.3,15.77,3.368,405.8,1,0.729634151847838,Failed,Volt 237.3 > Spec Max 235.0,Temperature_C (56.9)
M08868,Type_17,88.85,3.03,216.9,11.68,2.28,699.5,1,0.7295553888098024,Failed,Temp 88.8C > Spec Max 85.9,Temperature_C (88.8)
M06514,Type_19,103.97,2.71,228.8,10.61,2.185,568.8,1,0.7292450139128499,Failed,Temp 104.0C > Spec Max 98.4,Temperature_C (104.0)
M05225,Type_03,60.27,1.87,239.7,17.3,3.732,390.8,1,0.7281185106253169,Failed,Volt 239.7 > Spec Max 235.0,Temperature_C (60.3)
M05514,Type_16,58.71,9.43,224.9,16.19,3.277,292.4,1,0.7280895953724422,Failed,Vib 9.43 > Spec Max 6.87,Vibration_mm_s (9.4)
M05448,Type_12,100.49,1.57,221.1,16.77,3.337,874.6,1,0.7280320359133043,Failed,Temp 100.5C > Spec Max 97.3,Temperature_C (100.5)
M06457,Type_05,76.53,1.4,240.4,16.4,3.548,599.7,1,0.7275747200102836,Failed,Volt 240.4 > Spec Max 238.3,Temperature_C (76.5)
M07926,Type_22,112.66,0.84,215.8,17.74,3.445,536.1,1,0.7274039852731409,Failed,Temp 112.7C > Spec Max 106.8,Temperature_C (112.7)
M05402,Type_17,57.67,2.79,237.8,15.4,3.296,561.3,1,0.7273173662005707,Failed,Volt 237.8 > Spec Max 235.0,Temperature_C (57.7)
M07092,Type_21,63.45,2.77,205.5,14.26,2.637,387.1,1,0.7273084926751372,Failed,Volt 205.5 < Spec Min 208.9,Temperature_C (63.5)
M01415,Type_17,55.88,2.89,200.0,20.53,3.695,357.1,1,0.7272828850063634,Failed,Volt 200.0 < Spec Min 204.0,Temperature_C (55.9)
M00193,Type_03,58.13,1.1,242.3,13.96,3.044,957.5,1,0.7272538248017747,Failed,Volt 242.3 > Spec Max 235.0,Temperature_C (58.1)
M02651,Type_01,71.33,7.08,224.4,13.08,2.642,872.8,1,0.7271549473177825,Failed,Vib 7.08 > Spec Max 4.94,Vibration_mm_s (7.1)
M08935,Type_23,68.84,2.57,244.3,16.92,3.72,650.8,1,0.7271208910474747,Failed,Volt 244.3 > Spec Max 236.1,Temperature_C (68.8)
M07789,Type_04,90.45,2.11,216.5,11.39,2.219,915.8,1,0.7271084306314041,Failed,Temp 90.5C > Spec Max 81.6,Temperature_C (90.5)
M04479,Type_17,72.68,3.13,238.1,13.71,2.938,913.0,1,0.726740770817008,Failed,Volt 238.1 > Spec Max 235.0,Temperature_C (72.7)
M08623,Type_20,72.23,0.42,233.4,20.28,4.26,701.9,1,0.7266052095205514,Failed,Volt 233.4 > Spec Max 230.4,Temperature_C (72.2)
M07279,Type_10,60.03,0.9,250.4,15.12,3.407,507.3,1,0.7261692157797321,Failed,Volt 250.4 > Spec Max 235.6,Temperature_C (60.0)
M03526,Type_01,67.52,2.46,236.3,16.48,3.505,849.2,1,0.7260720623788255,Failed,Volt 236.3 > Spec Max 231.3,Temperature_C (67.5)
M09231,Type_16,72.74,2.75,241.6,16.6,3.61,915.0,1,0.7258269366848518,Failed,Volt 241.6 > Spec Max 233.3,Temperature_C (72.7)
M08234,Type_19,77.25,1.82,252.4,15.52,3.526,469.8,1,0.7256360570264824,Failed,Volt 252.4 > Spec Max 239.9,Temperature_C (77.2)
M00466,Type_17,86.47,1.45,220.5,15.42,3.06,186.3,1,0.7251910169933697,Failed,Temp 86.5C > Spec Max 85.9,Temperature_C (86.5)
M07750,Type_21,68.45,3.11,236.8,15.8,3.367,812.9,1,0.7251673344103317,Failed,Volt 236.8 > Spec Max 230.9,Temperature_C (68.5)
M03991,Type_01,65.31,3.13,244.4,13.81,3.038,219.8,1,0.7250320923719948,Failed,Volt 244.4 > Spec Max 231.3,Vibration_mm_s (3.1)
M08003,Type_04,62.64,4.32,200.0,19.02,3.424,336.7,1,0.7246759526649933,Failed,Volt 200.0 < Spec Min 209.6,Temperature_C (62.6)
M00751,Type_22,61.83,3.57,248.5,15.3,3.422,606.3,1,0.7244656204549744,Failed,Volt 248.5 > Spec Max 237.0,Vibration_mm_s (3.6)
M02377,Type_17,70.29,3.11,240.9,13.06,2.832,780.4,1,0.724400205451348,Failed,Volt 240.9 > Spec Max 235.0,Temperature_C (70.3)
M08229,Type_25,47.52,10.5,227.6,11.2,2.294,182.8,1,0.7243729402065852,Failed,Vib 10.50 > Spec Max 8.36,Vibration_mm_s (10.5)
M07088,Type_04,46.1,2.26,242.9,15.31,3.347,614.4,1,0.7243392030399041,Failed,Volt 242.9 > Spec Max 238.4,Temperature_C (46.1)
M01823,Type_16,64.01,1.29,202.6,15.95,2.908,511.0,1,0.7242854285843259,Failed,Volt 202.6 < Spec Min 207.8,Temperature_C (64.0)
M03984,Type_14,61.82,1.42,234.1,15.88,3.346,320.1,1,0.7242771674473509,Failed,Volt 234.1 > Spec Max 230.1,Temperature_C (61.8)
M05248,Type_22,67.78,0.49,244.3,9.53,2.095,319.7,1,0.7242728821748863,Failed,Volt 244.3 > Spec Max 237.0,Temperature_C (67.8)
M05827,Type_21,83.87,1.14,220.2,16.03,3.177,88.2,1,0.7236191479995955,Failed,Temp 83.9C > Spec Max 83.8,Temperature_C (83.9)
M05410,Type_19,66.05,2.33,248.8,14.7,3.292,705.8,1,0.7231372146071974,Failed,Volt 248.8 > Spec Max 239.9,Temperature_C (66.0)
M07644,Type_17,73.08,1.83,200.0,15.6,2.808,782.2,1,0.7231369293431064,Failed,Volt 200.0 < Spec Min 204.0,Temperature_C (73.1)
M03055,Type_25,81.35,3.13,224.4,8.49,1.715,748.5,1,0.7229032206060491,Failed,Curr 8.5 < Spec Min 8.7,Temperature_C (81.3)
M00143,Type_20,57.64,2.09,204.9,17.51,3.229,207.0,1,0.7219752521861176,Failed,Volt 204.9 < Spec Min 207.6,Temperature_C (57.6)
M00538,Type_12,80.49,5.28,224.6,12.66,2.559,505.3,1,0.7217767369084366,Failed,Vib 5.28 > Spec Max 4.55,Vibration_mm_s (5.3)
M05903,Type_01,68.94,4.96,224.2,17.29,3.489,60.2,1,0.7217224671781576,Failed,Vib 4.96 > Spec Max 4.94,Vibration_mm_s (5.0)
M02337,Type_01,49.27,3.6,239.0,15.85,3.409,915.8,1,0.7214250271459894,Failed,Volt 239.0 > Spec Max 231.3,Vibration_mm_s (3.6)
M09954,Type_21,75.1,1.18,207.6,12.58,2.35,889.9,1,0.7212176533940599,Failed,Volt 207.6 < Spec Min 208.9,Temperature_C (75.1)
M01327,Type_16,68.75,3.28,200.8,16.2,2.928,173.9,1,0.7207454466207711,Failed,Volt 200.8 < Spec Min 207.8,Temperature_C (68.8)
M08047,Type_10,68.75,0.75,200.0,14.2,2.556,404.6,1,0.7206694384070214,Failed,Volt 200.0 < Spec Min 200.5,Temperature_C (68.8)
M04911,Type_15,57.0,1.09,203.0,18.17,3.32,459.9,1,0.7204798082008892,Failed,Volt 203.0 < Spec Min 210.0,Temperature_C (57.0)
M06431,Type_07,64.27,10.43,227.8,13.22,2.71,590.7,1,0.7199967327353343,Failed,Vib 10.43 > Spec Max 8.19,Vibration_mm_s (10.4)
M02643,Type_24,56.98,3.08,200.0,18.86,3.395,72.2,1,0.7185010879573998,Failed,Volt 200.0 < Spec Min 203.7,Temperature_C (57.0)
M06421,Type_21,83.87,1.57,218.7,11.43,2.25,314.6,1,0.7183574027054256,Failed,Temp 83.9C > Spec Max 83.8,Temperature_C (83.9)
M06493,Type_09,66.04,0.1,242.3,15.4,3.358,839.5,1,0.7182236165873641,Failed,Volt 242.3 > Spec Max 237.9,Temperature_C (66.0)
M05432,Type_17,61.85,0.14,241.0,11.42,2.477,329.8,1,0.718221768059912,Failed,Volt 241.0 > Spec Max 235.0,Temperature_C (61.9)
M03538,Type_04,66.62,1.84,247.2,17.0,3.782,70.7,1,0.7181985973282222,Failed,Volt 247.2 > Spec Max 238.4,Temperature_C (66.6)
M09715,Type_08,68.68,1.96,236.9,19.8,4.222,281.3,1,0.71764812393516,Failed,Volt 236.9 > Spec Max 234.1,Temperature_C (68.7)
M06732,Type_14,63.11,1.52,237.7,18.56,3.971,915.5,1,0.7174721646590677,Failed,Volt 237.7 > Spec Max 230.1,Temperature_C (63.1)
M03338,Type_13,59.86,2.49,241.3,16.36,3.553,596.6,1,0.7171602630469674,Failed,Volt 241.3 > Spec Max 237.0,Temperature_C (59.9)
M07344,Type_06,88.25,1.3,211.2,14.5,2.756,468.0,1,0.7169643458087708,Failed,Temp 88.2C > Spec Max 84.5,Temperature_C (88.2)
M01648,Type_19,60.26,2.54,242.1,13.98,3.046,111.2,1,0.7169421749894238,Failed,Volt 242.1 > Spec Max 239.9,Temperature_C (60.3)
M09176,Type_17,48.09,2.61,244.1,12.02,2.641,403.1,1,0.7166475522999006,Failed,Volt 244.1 > Spec Max 235.0,Temperature_C (48.1)
M07029,Type_07,72.22,1.52,202.6,19.2,3.501,545.1,1,0.7166018400451682,Failed,Volt 202.6 < Spec Min 203.3,Temperature_C (72.2)
M03287,Type_20,58.08,1.23,235.0,17.38,3.676,255.1,1,0.7162804221588266,Failed,Volt 235.0 > Spec Max 230.4,Temperature_C (58.1)
M07415,Type_16,62.89,1.22,200.0,15.74,2.833,155.7,1,0.7162271281792348,Failed,Volt 200.0 < Spec Min 207.8,Temperature_C (62.9)
M02167,Type_12,74.25,4.89,223.0,11.74,2.356,877.3,1,0.7159811339098884,Failed,Vib 4.89 > Spec Max 4.55,Vibration_mm_s (4.9)
M02151,Type_24,68.07,0.26,200.0,10.93,1.967,178.9,1,0.7156444759749578,Failed,Volt 200.0 < Spec Min 203.7,Temperature_C (68.1)
M08169,Type_20,69.74,2.49,200.0,16.05,2.889,933.5,1,0.7154380893881711,Failed,Volt 200.0 < Spec Min 207.6,Temperature_C (69.7)
M04541,Type_18,78.77,2.24,206.7,19.64,3.654,696.6,1,0.7151944909327298,Failed,Volt 206.7 < Spec Min 207.1,Temperature_C (78.8)
M09291,Type_02,79.06,2.24,223.7,8.76,1.764,81.7,1,0.7150336780694029,Failed,Curr 8.8 < Spec Min 9.4,Temperature_C (79.1)
M04148,Type_14,67.55,0.83,200.0,19.64,3.535,301.1,1,0.7148828485385628,Failed,Volt 200.0 < Spec Min 205.9,Temperature_C (67.5)
M06615,Type_23,74.04,1.46,200.0,18.9,3.402,834.9,1,0.7147709893774592,Failed,Volt 200.0 < Spec Min 201.5,Temperature_C (74.0)
M08834,Type_23,78.3,1.61,200.0,13.36,2.405,541.3,1,0.7146960078377588,Failed,Volt 200.0 < Spec Min 201.5,Temperature_C (78.3)
M09272,Type_06,64.11,2.85,200.0,16.02,2.884,70.2,1,0.7140137287631532,Failed,Volt 200.0 < Spec Min 201.6,Temperature_C (64.1)
M03253,Type_16,64.82,1.55,204.3,16.52,3.038,669.7,1,0.7137142138509094,Failed,Volt 204.3 < Spec Min 207.8,Temperature_C (64.8)
M05798,Type_23,69.22,1.57,200.0,15.28,2.75,436.6,1,0.7137010223696205,Failed,Volt 200.0 < Spec Min 201.5,Temperature_C (69.2)
M05624,Type_17,55.68,1.92,237.3,13.41,2.864,795.0,1,0.713560761691289,Failed,Volt 237.3 > Spec Max 235.0,Temperature_C (55.7)
M01039,Type_18,76.96,5.47,218.1,18.16,3.565,617.1,1,0.7135296685839897,Failed,Vib 5.47 > Spec Max 4.33,Vibration_mm_s (5.5)
M06705,Type_13,83.29,3.71,242.8,17.87,3.905,891.1,1,0.7131342979076537,Failed,Volt 242.8 > Spec Max 237.0,Temperature_C (83.3)
M06430,Type_17,73.23,2.2,201.7,13.25,2.405,667.2,1,0.7131283605020985,Failed,Volt 201.7 < Spec Min 204.0,Temperature_C (73.2)
M00876,Type_15,78.41,2.97,200.0,15.57,2.803,214.3,1,0.7131210510831377,Failed,Volt 200.0 < Spec Min 210.0,Temperature_C (78.4)
M04559,Type_18,65.02,2.28,251.3,16.83,3.806,821.6,1,0.7123923865657169,Failed,Volt 251.3 > Spec Max 238.6,Temperature_C (65.0)
M00265,Type_10,67.72,1.25,200.0,11.96,2.153,244.3,1,0.71172567983154,Failed,Volt 200.0 < Spec Min 200.5,Temperature_C (67.7)
M09639,Type_05,124.2,1.44,223.9,19.28,3.885,114.6,1,0.7105562572335776,Failed,Temp 124.2C > Spec Max 119.9,Temperature_C (124.2)
M08446,Type_12,60.7,1.98,242.7,13.79,3.012,224.3,1,0.7105138908197471,Failed,Volt 242.7 > Spec Max 232.5,Temperature_C (60.7)
M04472,Type_21,85.27,2.86,218.8,19.0,3.741,928.3,1,0.7104843112098469,Failed,Temp 85.3C > Spec Max 83.8,Temperature_C (85.3)
M07031,Type_20,79.97,1.42,241.9,12.56,2.734,876.7,1,0.7103386781163511,Failed,Volt 241.9 > Spec Max 230.4,Temperature_C (80.0)
M08627,Type_17,61.19,3.95,200.0,17.07,3.073,892.2,1,0.7101664802523859,Failed,Volt 200.0 < Spec Min 204.0,Temperature_C (61.2)
M08877,Type_17,55.29,1.74,245.0,14.97,3.301,490.3,1,0.7094938176986934,Failed,Volt 245.0 > Spec Max 235.0,Temperature_C (55.3)
M06738,Type_16,72.56,2.91,241.5,16.99,3.693,952.8,1,0.7092697960806068,Failed,Volt 241.5 > Spec Max 233.3,Temperature_C (72.6)
M05454,Type_14,54.81,1.21,200.6,16.39,2.959,593.7,1,0.7091811884102748,Failed,Volt 200.6 < Spec Min 205.9,Temperature_C (54.8)
M07486,Type_24,67.07,0.94,200.0,12.23,2.201,563.4,1,0.7086733225395236,Failed,Volt 200.0 < Spec Min 203.7,Temperature_C (67.1)
M06327,Type_20,57.65,0.34,236.9,15.52,3.309,860.2,1,0.7084263537123114,Failed,Volt 236.9 > Spec Max 230.4,Temperature_C (57.6)
M03656,Type_17,66.68,1.58,200.0,14.17,2.551,919.4,1,0.7080126726342751,Failed,Volt 200.0 < Spec Min 204.0,Temperature_C (66.7)
M09614,Type_10,63.91,1.77,200.0,17.13,3.083,992.2,1,0.7077296722362277,Failed,Volt 200.0 < Spec Min 200.5,Temperature_C (63.9)
M07626,Type_01,73.24,1.45,234.5,14.53,3.067,361.0,1,0.7075382605485251,Failed,Volt 234.5 > Spec Max 231.3,Temperature_C (73.2)
M08353,Type_22,71.56,2.43,200.0,15.73,2.831,690.2,1,0.7074762536003951,Failed,Volt 200.0 < Spec Min 203.7,Temperature_C (71.6)
M01600,Type_24,64.0,3.02,234.2,12.61,2.658,367.5,1,0.7067103610280709,Failed,Volt 234.2 > Spec Max 231.0,Temperature_C (64.0)
M08535,Type_22,69.46,1.51,200.0,15.76,2.837,782.4,1,0.7063016983524526,Failed,Volt 200.0 < Spec Min 203.7,Temperature_C (69.5)
M00890,Type_20,65.89,1.33,243.0,17.2,3.762,444.0,1,0.7062349047276645,Failed,Volt 243.0 > Spec Max 230.4,Temperature_C (65.9)
M05705,Type_16,73.5,1.34,200.0,15.86,2.855,114.2,1,0.705867265559637,Failed,Volt 200.0 < Spec Min 207.8,Temperature_C (73.5)
M05408,Type_01,67.13,0.1,200.0,13.97,2.515,853.1,1,0.7055273084751363,Failed,Volt 200.0 < Spec Min 208.4,Temperature_C (67.1)
M06530,Type_03,80.2,0.1,212.2,9.66,1.845,892.1,1,0.7051826680829586,Failed,Temp 80.2C > Spec Max 80.1,Temperature_C (80.2)
M05792,Type_09,42.77,0.71,200.0,15.74,2.833,673.2,1,0.7049309198722605,Failed,Volt 200.0 < Spec Min 204.2,Temperature_C (42.8)
M09567,Type_04,59.29,2.1,241.4,18.53,4.026,711.4,1,0.7046548068648171,Failed,Volt 241.4 > Spec Max 238.4,Temperature_C (59.3)
M06828,Type_20,57.01,1.96,239.8,11.16,2.409,434.5,1,0.7046303546453203,Failed,Volt 239.8 > Spec Max 230.4,Temperature_C (57.0)
M08228,Type_01,49.69,2.96,203.9,15.19,2.788,873.9,1,0.704451622592143,Failed,Volt 203.9 < Spec Min 208.4,Vibration_mm_s (3.0)
M08279,Type_09,42.0,4.74,214.9,13.65,2.64,747.4,1,0.7044218466014928,Failed,Vib 4.74 > Spec Max 4.56,Vibration_mm_s (4.7)
M06331,Type_19,66.37,2.85,200.0,19.14,3.445,298.4,1,0.7042231850337481,Failed,Volt 200.0 < Spec Min 205.3,Temperature_C (66.4)
M05112,Type_02,59.14,1.99,200.0,14.33,2.579,481.5,1,0.7039482969065131,Failed,Volt 200.0 < Spec Min 204.8,Temperature_C (59.1)
M02351,Type_24,61.92,1.55,200.0,13.16,2.369,967.7,1,0.7036219898164129,Failed,Volt 200.0 < Spec Min 203.7,Temperature_C (61.9)
M01125,Type_24,69.06,1.91,201.2,19.73,3.573,848.8,1,0.7036206732559933,Failed,Volt 201.2 < Spec Min 203.7,Temperature_C (69.1)
M08960,Type_09,67.25,1.06,251.8,16.58,3.757,459.0,1,0.7034998116258158,Failed,Volt 251.8 > Spec Max 237.9,Temperature_C (67.2)
M03012,Type_13,108.06,2.79,221.5,18.1,3.608,942.4,1,0.7031202005329504,Failed,Temp 108.1C > Spec Max 103.8,Temperature_C (108.1)
M04483,Type_25,65.54,3.19,206.6,16.67,3.1,349.5,1,0.702795387337709,Failed,Volt 206.6 < Spec Min 209.9,Temperature_C (65.5)
M03646,Type_07,67.84,2.02,238.1,14.66,3.141,924.6,1,0.7026062301271533,Failed,Volt 238.1 > Spec Max 231.5,Temperature_C (67.8)
M06602,Type_21,42.88,3.56,234.5,14.57,3.075,477.0,1,0.7024505120689981,Failed,Volt 234.5 > Spec Max 230.9,Temperature_C (42.9)
M01944,Type_17,87.2,0.1,220.4,19.85,3.937,867.6,1,0.7023330661776933,Failed,Temp 87.2C > Spec Max 85.9,Temperature_C (87.2)
M07667,Type_22,74.37,1.49,200.0,17.76,3.197,507.4,1,0.7022152644231093,Failed,Volt 200.0 < Spec Min 203.7,Temperature_C (74.4)
M05493,Type_14,54.09,1.77,200.0,13.93,2.507,106.5,1,0.7015460883820549,Failed,Volt 200.0 < Spec Min 205.9,Temperature_C (54.1)
M00092,Type_19,65.04,3.29,200.0,18.06,3.251,931.4,1,0.7014875035283131,Failed,Volt 200.0 < Spec Min 205.3,Temperature_C (65.0)
M02874,Type_06,61.14,0.42,241.6,12.53,2.725,612.2,1,0.7010628560959508,Failed,Volt 241.6 > Spec Max 230.4,Temperature_C (61.1)
M07269,Type_17,59.96,0.73,235.3,14.61,3.094,504.3,1,0.7009200647867105,Failed,Volt 235.3 > Spec Max 235.0,Temperature_C (60.0)
M06445,Type_03,82.98,2.12,219.4,17.17,3.39,924.4,1,0.7007971859670977,Failed,Temp 83.0C > Spec Max 80.1,Temperature_C (83.0)
M01052,Type_05,57.96,2.28,200.0,15.37,2.767,158.1,1,0.7007745776556163,Failed,Volt 200.0 < Spec Min 204.7,Temperature_C (58.0)
M08655,Type_06,76.42,1.91,235.2,18.89,3.999,598.7,1,0.7005877492508931,Failed,Volt 235.2 > Spec Max 230.4,Temperature_C (76.4)
M04608,Type_14,73.64,1.82,231.7,20.98,4.375,407.0,1,0.699890242484406,Failed,Volt 231.7 > Spec Max 230.1,Temperature_C (73.6)
M01506,Type_19,41.86,1.55,200.0,12.49,2.248,186.7,1,0.6996412412682741,Failed,Volt 200.0 < Spec Min 205.3,Temperature_C (41.9)
M00508,Type_19,58.38,1.81,200.0,18.54,3.337,784.0,1,0.6994716755501839,Failed,Volt 200.0 < Spec Min 205.3,Temperature_C (58.4)
M01239,Type_07,79.5,2.0,200.0,14.78,2.66,651.9,1,0.6992314231658581,Failed,Volt 200.0 < Spec Min 203.3,Temperature_C (79.5)
M03907,Type_11,63.25,2.08,244.6,16.44,3.619,624.4,1,0.6991978409797511,Failed,Volt 244.6 > Spec Max 232.6,Temperature_C (63.2)
M02230,Type_11,61.72,2.56,244.9,14.6,3.218,386.2,1,0.6987114641949514,Failed,Volt 244.9 > Spec Max 232.6,Temperature_C (61.7)
M00205,Type_20,69.56,3.65,233.7,16.27,3.422,734.5,1,0.6983443140619238,Failed,Volt 233.7 > Spec Max 230.4,Temperature_C (69.6)
M00739,Type_11,63.42,3.18,243.5,14.53,3.184,679.7,1,0.6981993617566044,Failed,Volt 243.5 > Spec Max 232.6,Temperature_C (63.4)
M07856,Type_07,57.66,2.79,238.5,12.8,2.748,433.4,1,0.6981001294596507,Failed,Volt 238.5 > Spec Max 231.5,Temperature_C (57.7)
M07151,Type_11,63.6,0.95,235.2,16.05,3.397,160.0,1,0.6980845052638894,Failed,Volt 235.2 > Spec Max 232.6,Temperature_C (63.6)
M06753,Type_07,62.13,2.1,200.0,18.01,3.242,684.5,1,0.6976797091205992,Failed,Volt 200.0 < Spec Min 203.3,Temperature_C (62.1)
M00946,Type_04,88.01,2.48,209.9,14.29,2.7,203.5,1,0.6976228695250338,Failed,Temp 88.0C > Spec Max 81.6,Temperature_C (88.0)
M03705,Type_23,69.55,1.63,242.1,12.53,2.73,660.9,1,0.6968369634405114,Failed,Volt 242.1 > Spec Max 236.1,Temperature_C (69.5)
M09358,Type_13,60.98,1.46,200.0,13.6,2.448,621.6,1,0.6962946430052719,Failed,Volt 200.0 < Spec Min 200.2,Temperature_C (61.0)
M06219,Type_08,54.87,2.41,200.0,17.53,3.155,472.3,1,0.6962772242027548,Failed,Volt 200.0 < Spec Min 202.7,Temperature_C (54.9)
M02816,Type_18,74.73,0.36,201.7,14.69,2.667,136.5,1,0.6961182728370747,Failed,Volt 201.7 < Spec Min 207.1,Temperature_C (74.7)
M04909,Type_10,71.94,2.68,200.0,12.45,2.241,281.2,1,0.6960057429056473,Failed,Volt 200.0 < Spec Min 200.5,Temperature_C (71.9)
M04349,Type_08,66.76,1.79,200.0,14.59,2.626,503.3,1,0.6959436499109808,Failed,Volt 200.0 < Spec Min 202.7,Temperature_C (66.8)
M06135,Type_24,81.57,4.27,218.0,13.09,2.568,65.7,1,0.695738608659514,Failed,Temp 81.6C > Spec Max 80.6,Temperature_C (81.6)
M04617,Type_10,57.98,2.2,200.0,15.03,2.705,807.5,1,0.6957292985286111,Failed,Volt 200.0 < Spec Min 200.5,Vibration_mm_s (2.2)
M08486,Type_01,55.67,1.39,205.2,16.01,2.957,969.5,1,0.6954093719554004,Failed,Volt 205.2 < Spec Min 208.4,Temperature_C (55.7)
M00796,Type_14,68.72,0.35,200.6,18.54,3.347,308.7,1,0.6953162968931553,Failed,Volt 200.6 < Spec Min 205.9,Temperature_C (68.7)
M08618,Type_16,74.16,1.49,200.0,20.01,3.602,456.5,1,0.6950519481606183,Failed,Volt 200.0 < Spec Min 207.8,Temperature_C (74.2)
M08109,Type_11,48.82,3.06,236.7,15.32,3.264,423.2,1,0.6949462832360169,Failed,Volt 236.7 > Spec Max 232.6,Temperature_C (48.8)
M00603,Type_03,76.68,1.74,201.6,15.99,2.901,931.5,1,0.6946216367859367,Failed,Volt 201.6 < Spec Min 210.0,Temperature_C (76.7)
M05702,Type_09,60.46,2.25,202.2,17.57,3.197,806.9,1,0.6942540310976139,Failed,Volt 202.2 < Spec Min 204.2,Temperature_C (60.5)
M03272,Type_01,59.4,3.4,234.1,17.13,3.609,568.9,1,0.6939854153793263,Failed,Volt 234.1 > Spec Max 231.3,Vibration_mm_s (3.4)
M08606,Type_08,79.56,2.11,200.2,13.77,2.481,364.1,1,0.6939757576080144,Failed,Volt 200.2 < Spec Min 202.7,Temperature_C (79.6)
M06058,Type_03,57.88,2.2,200.0,15.34,2.761,629.0,1,0.6937730354365002,Failed,Volt 200.0 < Spec Min 210.0,Temperature_C (57.9)
M04851,Type_10,62.02,2.18,246.3,13.41,2.973,572.2,1,0.6936187156211372,Failed,Volt 246.3 > Spec Max 235.6,Temperature_C (62.0)
M05423,Type_18,68.08,5.89,224.1,17.19,3.467,965.2,1,0.6935744225967241,Failed,Vib 5.89 > Spec Max 4.33,Vibration_mm_s (5.9)
M00922,Type_19,72.05,1.46,201.3,19.69,3.567,882.9,1,0.6935491423575644,Failed,Volt 201.3 < Spec Min 205.3,Temperature_C (72.0)
M06425,Type_19,42.36,1.66,200.0,13.28,2.39,433.0,1,0.6932023673082374,Failed,Volt 200.0 < Spec Min 205.3,Temperature_C (42.4)
M09435,Type_01,80.55,2.44,207.5,18.32,3.421,622.5,1,0.6929498750314351,Failed,Volt 207.5 < Spec Min 208.4,Temperature_C (80.5)
M03219,Type_18,56.17,1.37,242.4,11.45,2.498,441.8,1,0.6924411215299652,Failed,Volt 242.4 > Spec Max 238.6,Temperature_C (56.2)
M05866,Type_09,66.94,1.31,200.7,13.92,2.514,515.7,1,0.6923599535707069,Failed,Volt 200.7 < Spec Min 204.2,Temperature_C (66.9)
M06157,Type_11,67.39,1.94,200.5,19.86,3.584,532.4,1,0.6920635557801407,Failed,Volt 200.5 < Spec Min 205.7,Temperature_C (67.4)
M07061,Type_20,56.11,1.36,200.0,18.06,3.251,151.7,1,0.6917938941270027,Failed,Volt 200.0 < Spec Min 207.6,Temperature_C (56.1)
M03961,Type_01,69.54,2.16,202.0,18.8,3.418,318.0,1,0.6917609476116575,Failed,Volt 202.0 < Spec Min 208.4,Temperature_C (69.5)
M09020,Type_04,64.16,0.64,241.2,16.3,3.538,490.6,1,0.6914093086328389,Failed,Volt 241.2 > Spec Max 238.4,Temperature_C (64.2)
M00315,Type_14,54.34,2.19,233.9,21.33,4.49,509.9,1,0.6913702532717122,Failed,Volt 233.9 > Spec Max 230.1,Temperature_C (54.3)
M08878,Type_16,55.74,1.39,234.3,15.66,3.302,312.5,1,0.6907812813488099,Failed,Volt 234.3 > Spec Max 233.3,Temperature_C (55.7)
M09232,Type_09,64.22,2.9,243.5,12.9,2.827,858.5,1,0.6907628041064067,Failed,Volt 243.5 > Spec Max 237.9,Vibration_mm_s (2.9)
M03364,Type_07,60.65,3.02,232.5,16.39,3.43,870.8,1,0.6906882290982148,Failed,Volt 232.5 > Spec Max 231.5,Temperature_C (60.6)
M04615,Type_12,65.43,1.78,200.0,15.89,2.86,551.0,1,0.6906462343244206,Failed,Volt 200.0 < Spec Min 206.0,Temperature_C (65.4)
M08218,Type_14,68.12,3.09,200.0,15.02,2.704,662.3,1,0.6903177844202923,Failed,Volt 200.0 < Spec Min 205.9,Temperature_C (68.1)
M08026,Type_22,55.0,3.08,242.1,12.98,2.828,542.6,1,0.6902197728190633,Failed,Volt 242.1 > Spec Max 237.0,Vibration_mm_s (3.1)
M04723,Type_09,53.17,1.28,220.2,9.09,1.801,251.0,1,0.6900791159516421,Failed,Curr 9.1 < Spec Min 9.1,Temperature_C (53.2)
M09150,Type_14,72.87,3.41,231.8,16.84,3.513,760.0,1,0.6890755551781583,Failed,Volt 231.8 > Spec Max 230.1,Temperature_C (72.9)
M08488,Type_13,58.07,2.39,200.0,12.71,2.288,621.0,1,0.6885387599799959,Failed,Volt 200.0 < Spec Min 200.2,Temperature_C (58.1)
M06790,Type_14,69.0,3.72,231.1,20.23,4.208,534.7,1,0.6882423808616801,Failed,Volt 231.1 > Spec Max 230.1,Temperature_C (69.0)
M08803,Type_10,66.27,4.72,216.8,15.06,2.939,523.4,1,0.6880927547824637,Failed,Vib 4.72 > Spec Max 4.27,Vibration_mm_s (4.7)
M01574,Type_01,62.22,1.72,233.4,13.63,2.863,400.8,1,0.6875769929371035,Failed,Volt 233.4 > Spec Max 231.3,Temperature_C (62.2)
M02308,Type_06,87.74,3.91,210.8,15.38,2.918,155.4,1,0.687226870996775,Failed,Temp 87.7C > Spec Max 84.5,Temperature_C (87.7)
M00750,Type_25,49.06,2.77,207.0,14.63,2.726,410.0,1,0.6870181457197947,Failed,Volt 207.0 < Spec Min 209.9,Temperature_C (49.1)
M09615,Type_11,61.63,2.77,235.4,15.38,3.258,143.9,1,0.6866016381257887,Failed,Volt 235.4 > Spec Max 232.6,Temperature_C (61.6)
M06158,Type_11,54.82,1.53,202.4,18.96,3.454,126.4,1,0.6864352519834134,Failed,Volt 202.4 < Spec Min 205.7,Temperature_C (54.8)
M03529,Type_20,59.26,1.83,232.4,12.91,2.7,328.3,1,0.6861789423284992,Failed,Volt 232.4 > Spec Max 230.4,Temperature_C (59.3)
M02648,Type_12,55.66,3.52,200.0,16.1,2.898,702.1,1,0.6859318625047911,Failed,Volt 200.0 < Spec Min 206.0,Vibration_mm_s (3.5)
M06716,Type_12,49.47,1.85,200.0,11.45,2.061,445.0,1,0.6850529782548328,Failed,Volt 200.0 < Spec Min 206.0,Temperature_C (49.5)
M00474,Type_11,63.27,3.01,200.0,18.7,3.366,818.7,1,0.685026160698784,Failed,Volt 200.0 < Spec Min 205.7,Temperature_C (63.3)
M07044,Type_09,62.72,2.78,200.0,13.71,2.468,77.6,1,0.6849236723796366,Failed,Volt 200.0 < Spec Min 204.2,Vibration_mm_s (2.8)
M03953,Type_03,80.88,3.41,222.3,11.95,2.391,628.1,1,0.6849231528333956,Failed,Temp 80.9C > Spec Max 80.1,Temperature_C (80.9)
M06319,Type_16,54.73,1.35,201.5,14.89,2.7,529.5,1,0.6847412790818455,Failed,Volt 201.5 < Spec Min 207.8,Temperature_C (54.7)
M03115,Type_06,88.97,2.08,214.7,11.87,2.294,385.5,1,0.6843808805245627,Failed,Temp 89.0C > Spec Max 84.5,Temperature_C (89.0)
M00036,Type_16,70.12,2.86,233.6,13.55,2.849,763.5,1,0.6842196529141696,Failed,Volt 233.6 > Spec Max 233.3,Temperature_C (70.1)
M02766,Type_04,86.42,2.17,215.0,17.37,3.361,79.2,1,0.6839237124221123,Failed,Temp 86.4C > Spec Max 81.6,Temperature_C (86.4)
M06507,Type_08,62.92,2.63,243.2,15.34,3.358,382.8,1,0.6837819975039789,Failed,Volt 243.2 > Spec Max 234.1,Temperature_C (62.9)
M06563,Type_06,85.39,1.55,225.3,15.35,3.113,155.7,1,0.683298250747352,Failed,Temp 85.4C > Spec Max 84.5,Temperature_C (85.4)
M04878,Type_09,75.92,2.89,201.1,11.85,2.145,775.1,1,0.6830713100412678,Failed,Volt 201.1 < Spec Min 204.2,Temperature_C (75.9)
M02515,Type_10,61.79,2.4,240.2,17.53,3.79,868.4,1,0.6829000242530726,Failed,Volt 240.2 > Spec Max 235.6,Vibration_mm_s (2.4)
M01099,Type_22,65.64,4.58,200.0,15.27,2.749,565.5,1,0.6820021451819457,Failed,Volt 200.0 < Spec Min 203.7,Vibration_mm_s (4.6)
M07299,Type_04,57.75,2.8,202.4,13.48,2.456,930.3,1,0.681789232337093,Failed,Volt 202.4 < Spec Min 209.6,Temperature_C (57.8)
M03657,Type_12,77.72,3.71,200.4,20.66,3.726,811.0,1,0.6815856425418599,Failed,Volt 200.4 < Spec Min 206.0,Vibration_mm_s (3.7)
M03781,Type_20,64.81,2.64,200.0,15.14,2.725,178.2,1,0.6814696611805854,Failed,Volt 200.0 < Spec Min 207.6,Temperature_C (64.8)
M00916,Type_20,57.12,2.32,207.4,13.46,2.512,977.7,1,0.6813681575994033,Failed,Volt 207.4 < Spec Min 207.6,Temperature_C (57.1)
M07140,Type_03,66.23,0.84,200.0,13.11,2.36,476.3,1,0.6812076780810622,Failed,Volt 200.0 < Spec Min 210.0,Temperature_C (66.2)
M02306,Type_08,53.38,1.16,237.2,12.92,2.758,882.8,1,0.6808606424107537,Failed,Volt 237.2 > Spec Max 234.1,Temperature_C (53.4)
M09924,Type_17,89.84,3.08,221.5,11.1,2.213,899.3,1,0.6806790438630717,Failed,Temp 89.8C > Spec Max 85.9,Temperature_C (89.8)
M05261,Type_03,81.31,3.77,222.4,12.97,2.596,90.9,1,0.6800396321097515,Failed,Temp 81.3C > Spec Max 80.1,Temperature_C (81.3)
M01065,Type_06,86.57,2.7,221.2,21.47,4.274,92.3,1,0.6780179826219793,Failed,Temp 86.6C > Spec Max 84.5,Temperature_C (86.6)
M06549,Type_04,51.57,1.35,202.9,12.12,2.213,797.3,1,0.6778015365008645,Failed,Volt 202.9 < Spec Min 209.6,Temperature_C (51.6)
M01431,Type_07,69.83,2.79,201.6,14.06,2.551,549.8,1,0.6773671215585206,Failed,Volt 201.6 < Spec Min 203.3,Temperature_C (69.8)
M01166,Type_11,76.59,0.98,200.0,14.14,2.545,733.8,1,0.6773132127698629,Failed,Volt 200.0 < Spec Min 205.7,Temperature_C (76.6)
M06610,Type_03,69.87,1.72,207.8,14.44,2.701,909.1,1,0.6763213133051229,Failed,Volt 207.8 < Spec Min 210.0,Temperature_C (69.9)
M07450,Type_01,67.15,2.24,207.6,11.72,2.19,390.0,1,0.675430653499516,Failed,Volt 207.6 < Spec Min 208.4,Temperature_C (67.2)
M08478,Type_20,49.08,4.02,231.9,13.06,2.726,656.3,1,0.6751421874475705,Failed,Volt 231.9 > Spec Max 230.4,Vibration_mm_s (4.0)
M01213,Type_16,69.36,1.15,206.4,9.21,1.711,730.8,1,0.674601345275189,Failed,Volt 206.4 < Spec Min 207.8,Temperature_C (69.4)
M02486,Type_04,87.25,1.1,220.7,16.17,3.212,714.7,1,0.674474114063849,Failed,Temp 87.2C > Spec Max 81.6,Temperature_C (87.2)
M02845,Type_04,85.78,1.82,224.9,17.96,3.635,333.3,1,0.6730137709756338,Failed,Temp 85.8C > Spec Max 81.6,Temperature_C (85.8)
M04910,Type_03,67.85,3.21,207.9,14.47,2.707,295.6,1,0.6721497848484579,Failed,Volt 207.9 < Spec Min 210.0,Temperature_C (67.8)
M09401,Type_01,60.97,2.21,207.6,12.34,2.306,778.4,1,0.6715666894803415,Failed,Volt 207.6 < Spec Min 208.4,Temperature_C (61.0)
M03589,Type_04,72.04,1.26,205.9,11.53,2.137,599.4,1,0.6713729678283271,Failed,Volt 205.9 < Spec Min 209.6,Temperature_C (72.0)
M06105,Type_12,56.1,1.9,200.9,13.29,2.403,883.3,1,0.6713452539322996,Failed,Volt 200.9 < Spec Min 206.0,Temperature_C (56.1)
M01878,Type_23,53.9,2.51,242.4,13.71,2.991,369.4,1,0.67113691458058,Failed,Volt 242.4 > Spec Max 236.1,Temperature_C (53.9)
M03862,Type_01,51.18,1.39,231.7,16.99,3.543,784.4,1,0.6704208492907001,Failed,Volt 231.7 > Spec Max 231.3,Temperature_C (51.2)
M02417,Type_10,63.24,1.64,200.0,15.12,2.722,362.7,1,0.6703159616396736,Failed,Volt 200.0 < Spec Min 200.5,Temperature_C (63.2)
M02267,Type_04,85.16,1.64,221.2,14.76,2.938,776.8,1,0.6702059609836332,Failed,Temp 85.2C > Spec Max 81.6,Temperature_C (85.2)
M00816,Type_13,65.25,3.4,243.0,10.18,2.226,800.0,1,0.6700155118554062,Failed,Volt 243.0 > Spec Max 237.0,Vibration_mm_s (3.4)
M02743,Type_14,63.08,0.57,200.2,20.79,3.746,169.6,1,0.6694778132518878,Failed,Volt 200.2 < Spec Min 205.9,Temperature_C (63.1)
M01009,Type_04,85.89,1.19,211.9,18.77,3.58,204.3,1,0.6688537963331294,Failed,Temp 85.9C > Spec Max 81.6,Temperature_C (85.9)
M03473,Type_04,55.33,2.2,251.6,11.82,2.677,616.7,1,0.6685670606654568,Failed,Volt 251.6 > Spec Max 238.4,Temperature_C (55.3)
M07052,Type_04,84.17,1.46,210.7,12.37,2.346,393.2,1,0.6665795455030584,Failed,Temp 84.2C > Spec Max 81.6,Temperature_C (84.2)
M09749,Type_01,69.07,2.45,200.0,17.2,3.096,249.0,1,0.6665792626957474,Failed,Volt 200.0 < Spec Min 208.4,Temperature_C (69.1)
M08317,Type_14,83.8,2.23,200.0,11.76,2.117,908.6,1,0.6665256668316766,Failed,Volt 200.0 < Spec Min 205.9,Temperature_C (83.8)
M05644,Type_21,70.82,2.28,214.7,9.69,1.872,453.5,1,0.6660691462846765,Failed,Curr 9.7 < Spec Min 9.7,Temperature_C (70.8)
M04811,Type_02,64.62,1.48,201.7,11.4,2.069,400.0,1,0.6658300008628227,Failed,Volt 201.7 < Spec Min 204.8,Temperature_C (64.6)
M01745,Type_13,58.38,1.61,237.3,15.08,3.221,569.1,1,0.6658288042224672,Failed,Volt 237.3 > Spec Max 237.0,Temperature_C (58.4)
M02163,Type_11,54.92,2.22,205.6,16.67,3.085,702.3,1,0.6656161460531353,Failed,Volt 205.6 < Spec Min 205.7,Temperature_C (54.9)
M03518,Type_12,72.17,1.44,200.0,16.16,2.909,962.1,1,0.6631956934639374,Failed,Volt 200.0 < Spec Min 206.0,Temperature_C (72.2)
M01181,Type_24,56.74,0.98,233.7,14.84,3.121,706.0,1,0.6626533478710052,Failed,Volt 233.7 > Spec Max 231.0,Temperature_C (56.7)
M07798,Type_04,63.35,1.52,207.6,12.83,2.397,866.6,1,0.6626514835134869,Failed,Volt 207.6 < Spec Min 209.6,Temperature_C (63.4)
M09598,Type_06,85.88,3.43,219.5,14.67,2.898,210.3,1,0.6623795740635455,Failed,Temp 85.9C > Spec Max 84.5,Temperature_C (85.9)
M03704,Type_21,85.62,3.06,215.5,16.59,3.218,321.2,1,0.661162600083985,Failed,Temp 85.6C > Spec Max 83.8,Temperature_C (85.6)
M05871,Type_24,61.25,2.23,232.5,13.18,2.758,668.3,1,0.6609078840072001,Failed,Volt 232.5 > Spec Max 231.0,Temperature_C (61.2)
M01580,Type_04,85.78,3.19,217.3,16.41,3.209,718.7,1,0.6591519754164556,Failed,Temp 85.8C > Spec Max 81.6,Temperature_C (85.8)
M08297,Type_01,78.36,1.97,232.2,11.1,2.32,629.0,1,0.6541681035015081,Failed,Volt 232.2 > Spec Max 231.3,Temperature_C (78.4)
M05503,Type_14,67.19,2.94,231.4,14.61,3.043,399.7,1,0.6537592739584681,Failed,Volt 231.4 > Spec Max 230.1,Temperature_C (67.2)
M04593,Type_03,60.29,3.86,206.5,17.0,3.159,936.6,1,0.6534010685568208,Failed,Volt 206.5 < Spec Min 210.0,Temperature_C (60.3)
M05706,Type_20,73.31,1.93,206.0,12.13,2.249,636.9,1,0.6521027232311367,Failed,Volt 206.0 < Spec Min 207.6,Temperature_C (73.3)
M01304,Type_18,77.31,1.09,217.0,9.33,1.822,427.3,1,0.6514986862816106,Failed,Curr 9.3 < Spec Min 9.8,Temperature_C (77.3)
M03162,Type_14,49.13,1.69,230.8,16.92,3.515,161.9,1,0.6514310666643511,Failed,Volt 230.8 > Spec Max 230.1,Temperature_C (49.1)
M02751,Type_04,84.14,2.46,212.6,15.16,2.901,392.6,1,0.6490073368844775,Failed,Temp 84.1C > Spec Max 81.6,Temperature_C (84.1)
M00870,Type_16,112.93,3.57,222.2,12.26,2.452,68.9,1,0.6490024593188852,Failed,Temp 112.9C > Spec Max 106.0,Temperature_C (112.9)
M03637,Type_24,58.33,1.35,231.7,11.99,2.5,462.8,1,0.6482941010634381,Failed,Volt 231.7 > Spec Max 231.0,Temperature_C (58.3)
M01470,Type_15,81.98,2.59,209.1,15.14,2.849,409.0,1,0.6459070331143618,Failed,Volt 209.1 < Spec Min 210.0,Temperature_C (82.0)
M05077,Type_25,73.71,3.08,204.7,15.45,2.846,932.8,1,0.6441689742330601,Failed,Volt 204.7 < Spec Min 209.9,Temperature_C (73.7)
M09485,Type_19,57.1,3.08,200.0,15.8,2.844,953.5,1,0.6423671511795481,Failed,Volt 200.0 < Spec Min 205.3,Temperature_C (57.1)
M07200,Type_18,62.84,1.94,219.0,9.64,1.9,277.4,1,0.6412700463509089,Failed,Curr 9.6 < Spec Min 9.8,Temperature_C (62.8)
M04873,Type_08,52.71,1.81,200.0,18.26,3.287,958.1,1,0.6411849469845075,Failed,Volt 200.0 < Spec Min 202.7,Temperature_C (52.7)
M09912,Type_21,73.18,1.97,231.1,16.32,3.394,661.8,1,0.6405061829650953,Failed,Volt 231.1 > Spec Max 230.9,Temperature_C (73.2)
M02662,Type_24,81.55,1.85,222.7,16.8,3.367,537.1,1,0.6400254678578482,Failed,Temp 81.5C > Spec Max 80.6,Temperature_C (81.5)
M09169,Type_18,68.6,4.86,225.9,15.07,3.064,680.5,1,0.6384150281537061,Failed,Vib 4.86 > Spec Max 4.33,Vibration_mm_s (4.9)
M04460,Type_21,48.83,3.34,208.0,19.05,3.566,77.2,1,0.6383385339682616,Failed,Volt 208.0 < Spec Min 208.9,Temperature_C (48.8)
M06843,Type_24,81.6,1.65,217.7,17.16,3.362,272.0,1,0.6378310139539408,Failed,Temp 81.6C > Spec Max 80.6,Temperature_C (81.6)
M01848,Type_12,75.9,1.85,200.0,11.67,2.101,996.1,1,0.6359411108429963,Failed,Volt 200.0 < Spec Min 206.0,Temperature_C (75.9)
M06015,Type_07,67.94,1.5,232.6,11.01,2.305,666.0,1,0.6351315936365335,Failed,Volt 232.6 > Spec Max 231.5,Temperature_C (67.9)
M02214,Type_01,76.51,1.91,203.1,20.83,3.808,636.4,1,0.6336940279733773,Failed,Volt 203.1 < Spec Min 208.4,Temperature_C (76.5)
M02161,Type_18,115.9,2.88,225.5,13.92,2.825,691.1,1,0.6327590333071804,Failed,Temp 115.9C > Spec Max 109.1,Temperature_C (115.9)
M01966,Type_11,61.62,1.6,202.8,13.71,2.502,132.8,1,0.6327116356128486,Failed,Volt 202.8 < Spec Min 205.7,Temperature_C (61.6)
M02113,Type_14,73.86,1.19,231.5,14.1,2.938,593.5,1,0.6318838193733164,Failed,Volt 231.5 > Spec Max 230.1,Temperature_C (73.9)
M08041,Type_21,58.95,1.72,231.2,15.14,3.15,951.2,1,0.630885689288503,Failed,Volt 231.2 > Spec Max 230.9,Temperature_C (59.0)
M09294,Type_05,63.5,2.35,200.0,17.6,3.168,838.7,1,0.6308198448760717,Failed,Volt 200.0 < Spec Min 204.7,Temperature_C (63.5)
M00250,Type_02,67.35,2.05,203.7,14.96,2.743,813.2,1,0.6280333860354804,Failed,Volt 203.7 < Spec Min 204.8,Temperature_C (67.3)
M06795,Type_20,60.42,2.72,230.7,15.54,3.227,956.8,1,0.6264078976705618,Failed,Volt 230.7 > Spec Max 230.4,Temperature_C (60.4)
M01964,Type_18,76.81,2.43,245.9,10.12,2.24,202.1,1,0.6252431208403815,Failed,Volt 245.9 > Spec Max 238.6,Temperature_C (76.8)
M02240,Type_21,84.27,3.19,222.3,17.95,3.591,536.4,1,0.6250831216259132,Failed,Temp 84.3C > Spec Max 83.8,Temperature_C (84.3)
M07653,Type_14,61.77,2.49,230.7,14.36,2.982,698.0,1,0.6234729964208767,Failed,Volt 230.7 > Spec Max 230.1,Temperature_C (61.8)
M03791,Type_01,54.8,2.41,206.4,16.36,3.039,622.8,1,0.6217857587210228,Failed,Volt 206.4 < Spec Min 208.4,Temperature_C (54.8)
M01991,Type_10,118.38,2.04,216.0,18.73,3.641,64.5,1,0.6216658702214866,Failed,Temp 118.4C > Spec Max 114.0,Temperature_C (118.4)
M05885,Type_19,99.77,0.1,222.4,14.87,2.976,987.2,1,0.6200772950983098,Failed,Temp 99.8C > Spec Max 98.4,Temperature_C (99.8)
M08386,Type_02,75.69,4.34,235.3,14.83,3.141,176.6,1,0.6173724170773203,Failed,Volt 235.3 > Spec Max 234.2,Temperature_C (75.7)
M01312,Type_18,113.2,2.11,224.1,16.45,3.318,222.0,1,0.6146926748889764,Failed,Temp 113.2C > Spec Max 109.1,Temperature_C (113.2)
M05651,Type_08,51.78,1.83,216.8,9.29,1.813,456.9,1,0.6130627465107041,Failed,Curr 9.3 < Spec Min 9.9,Temperature_C (51.8)
M06035,Type_24,78.36,2.26,232.0,10.1,2.109,650.9,1,0.6106109988701601,Failed,Volt 232.0 > Spec Max 231.0,Temperature_C (78.4)
M02251,Type_05,66.31,0.88,224.7,9.28,1.877,324.7,1,0.6104955282470119,Failed,Curr 9.3 < Spec Min 9.4,Temperature_C (66.3)
M08853,Type_18,64.09,1.68,220.4,9.61,1.906,891.6,1,0.6101465622352619,Failed,Curr 9.6 < Spec Min 9.8,Temperature_C (64.1)
M09047,Type_10,77.29,0.83,243.7,16.31,3.577,51.9,1,0.608481111922668,Failed,Volt 243.7 > Spec Max 235.6,Temperature_C (77.3)
M03965,Type_05,43.79,1.0,241.6,15.56,3.383,792.6,1,0.6081274463351153,Failed,Volt 241.6 > Spec Max 238.3,Temperature_C (43.8)
M04551,Type_20,63.91,0.1,230.9,11.83,2.458,866.3,1,0.6077680946602984,Failed,Volt 230.9 > Spec Max 230.4,Temperature_C (63.9)
M02525,Type_04,83.15,1.3,225.9,15.46,3.143,246.7,1,0.5962948425595893,Failed,Temp 83.2C > Spec Max 81.6,Temperature_C (83.2)
M08390,Type_10,69.38,2.48,239.3,11.72,2.524,751.3,1,0.5944559692068492,Failed,Volt 239.3 > Spec Max 235.6,Temperature_C (69.4)
M08661,Type_25,71.72,1.7,201.1,22.24,4.025,509.5,1,0.5929973952502003,Failed,Volt 201.1 < Spec Min 209.9,Temperature_C (71.7)
M06226,Type_20,70.85,9.02,223.7,18.88,3.801,170.1,1,0.5926265372515231,Failed,Vib 9.02 > Spec Max 8.2,Vibration_mm_s (9.0)
M05527,Type_06,84.68,2.28,223.1,14.57,2.926,712.6,1,0.5833338853667418,Failed,Temp 84.7C > Spec Max 84.5,Temperature_C (84.7)
M05215,Type_24,81.2,1.96,224.6,14.94,3.02,701.0,1,0.5731868792262725,Failed,Temp 81.2C > Spec Max 80.6,Temperature_C (81.2)
M04024,Type_21,59.19,2.09,227.0,9.51,1.943,941.9,1,0.5657296545404666,Failed,Curr 9.5 < Spec Min 9.7,Temperature_C (59.2)
M02636,Type_24,74.52,1.27,231.8,16.44,3.43,139.3,1,0.565558643594548,Failed,Volt 231.8 > Spec Max 231.0,Temperature_C (74.5)
M06841,Type_06,71.72,3.39,232.3,14.92,3.119,294.9,1,0.5624293008169743,Failed,Volt 232.3 > Spec Max 230.4,Temperature_C (71.7)
M02667,Type_04,82.42,3.68,217.4,14.1,2.759,581.6,1,0.5572267768496086,Failed,Temp 82.4C > Spec Max 81.6,Temperature_C (82.4)
M02430,Type_04,82.95,2.65,227.4,18.95,3.878,613.8,1,0.5439184386438953,Failed,Temp 83.0C > Spec Max 81.6,Temperature_C (83.0)
M04444,Type_12,51.1,4.61,224.0,15.92,3.209,598.1,1,0.5352838468780178,Failed,Vib 4.61 > Spec Max 4.55,Vibration_mm_s (4.6)
M07315,Type_20,80.0,2.87,230.6,15.59,3.236,947.4,1,0.53399406756781,Failed,Volt 230.6 > Spec Max 230.4,Temperature_C (80.0)
M03699,Type_15,64.88,1.39,223.7,2.99,0.602,829.6,1,0.5323902371782051,Failed,Curr 3.0 < Spec Min 5.3,Temperature_C (64.9)
M09043,Type_05,64.7,0.8,241.2,13.8,2.996,822.2,1,0.5147854791619004,Failed,Volt 241.2 > Spec Max 238.3,Temperature_C (64.7)
M07204,Type_15,68.22,2.52,208.4,15.92,2.986,198.5,1,0.4814990179383029,Failed,Volt 208.4 < Spec Min 210.0,Temperature_C (68.2)
M06247,Type_04,82.84,1.76,222.4,13.49,2.7,969.1,1,0.47280970123802407,Failed,Temp 82.8C > Spec Max 81.6,Temperature_C (82.8)
M09508,Type_15,66.27,0.1,208.8,15.66,2.943,138.3,1,0.4725498979707477,Failed,Volt 208.8 < Spec Min 210.0,Temperature_C (66.3)
M06398,Type_14,72.46,1.53,230.4,17.87,3.706,500.4,1,0.4649978600839155,Failed,Volt 230.4 > Spec Max 230.1,Temperature_C (72.5)
M04627,Type_08,77.53,2.56,221.1,9.59,1.908,527.4,1,0.4481648058984906,Failed,Curr 9.6 < Spec Min 9.9,Temperature_C (77.5)
M07334,Type_25,82.4,3.13,207.9,10.04,1.879,986.4,1,0.44246191899242604,Failed,Volt 207.9 < Spec Min 209.9,Temperature_C (82.4)
M05904,Type_18,67.47,0.53,221.2,9.77,1.945,210.1,1,0.4418869330381252,Failed,Curr 9.8 < Spec Min 9.8,Temperature_C (67.5)
M05576,Type_03,80.44,3.64,223.0,18.81,3.775,781.7,1,0.44071089255620033,Failed,Temp 80.4C > Spec Max 80.1,Temperature_C (80.4)
M00717,Type_03,67.64,0.1,209.5,16.85,3.177,479.7,1,0.429544209290548,Failed,Volt 209.5 < Spec Min 210.0,Temperature_C (67.6)
M03348,Type_20,76.93,1.67,230.5,17.15,3.558,677.3,1,0.40811889949419156,Failed,Volt 230.5 > Spec Max 230.4,Temperature_C (76.9)
M06606,Type_02,80.38,1.28,222.6,11.6,2.324,559.0,1,0.399281353434102,Failed,Temp 80.4C > Spec Max 80.2,Temperature_C (80.4)
M00099,Type_14,69.64,2.05,230.2,16.96,3.514,580.3,1,0.37732790243983966,Failed,Volt 230.2 > Spec Max 230.1,Temperature_C (69.6)
M04626,Type_03,73.56,2.95,208.7,12.48,2.344,811.5,1,0.36526997887628687,Failed,Volt 208.7 < Spec Min 210.0,Temperature_C (73.6)
M06388,Type_15,56.86,3.47,209.7,21.83,4.12,870.5,1,0.3595448626564252,Failed,Volt 209.7 < Spec Min 210.0,Temperature_C (56.9)
M05018,Type_18,58.55,4.35,219.7,15.83,3.13,70.6,1,0.34067975489400754,Failed,Vib 4.35 > Spec Max 4.33,Vibration_mm_s (4.3)
M00362,Type_04,69.29,2.25,209.2,18.78,3.536,885.0,1,0.33389760336345864,Failed,Volt 209.2 < Spec Min 209.6,Temperature_C (69.3)
M07139,Type_08,76.18,2.05,229.4,9.82,2.027,484.6,1,0.3320139572982819,Failed,Curr 9.8 < Spec Min 9.9,Temperature_C (76.2)
M00828,Type_15,71.81,1.46,209.0,12.65,2.379,833.0,1,0.3271621904112207,Failed,Volt 209.0 < Spec Min 210.0,Temperature_C (71.8)
M03032,Type_08,66.0,2.59,221.8,9.78,1.952,399.0,1,0.29239419541249406,Failed,Curr 9.8 < Spec Min 9.9,Temperature_C (66.0)
M03335,Type_03,58.35,0.69,209.9,11.89,2.246,636.1,1,0.17827519282023294,Failed,Volt 209.9 < Spec Min 210.0,Temperature_C (58.4)
M06272,Type_23,60.73,3.13,213.2,7.75,1.487,213.9,0,0.8802004810975371,Critical_Risk,AI Prob 88.0% - Combined sensor anomaly pattern,Temperature_C (60.7)
M06262,Type_13,49.24,1.08,216.4,7.83,1.525,173.1,0,0.8765096367829837,Critical_Risk,AI Prob 87.7% - Combined sensor anomaly pattern,Temperature_C (49.2)
M08263,Type_22,68.25,1.91,214.0,7.32,1.41,828.3,0,0.8669637834390771,Critical_Risk,AI Prob 86.7% - Combined sensor anomaly pattern,Temperature_C (68.2)
M04213,Type_04,71.57,1.88,226.5,7.91,1.612,82.3,0,0.8497101540541401,Critical_Risk,AI Prob 85.0% - Combined sensor anomaly pattern,Temperature_C (71.6)
M08222,Type_12,49.48,2.15,219.2,7.72,1.523,76.2,0,0.8364181331741635,Critical_Risk,Current_A 7.7 < fleet avg-1.5s (8.2),"Current_A (7.7, z=1.6)"
M03405,Type_23,77.89,1.61,226.2,7.54,1.535,481.0,0,0.8334163214250154,Critical_Risk,AI Prob 83.3% - Combined sensor anomaly pattern,Temperature_C (77.9)
M08904,Type_04,67.81,3.24,215.6,8.2,1.591,783.7,0,0.8324461960076078,Critical_Risk,AI Prob 83.2% - Combined sensor anomaly pattern,Temperature_C (67.8)
M06552,Type_12,56.39,2.52,217.1,8.25,1.612,223.4,0,0.8246494538727773,Critical_Risk,AI Prob 82.5% - Combined sensor anomaly pattern,Temperature_C (56.4)
M04913,Type_12,63.55,1.85,225.3,7.62,1.545,679.8,0,0.8177449637763651,Critical_Risk,Current_A 7.6 < fleet avg-1.5s (8.2),"Current_A (7.6, z=1.6)"
M09257,Type_04,53.87,1.98,218.4,8.24,1.62,905.8,0,0.8071801591828337,Critical_Risk,AI Prob 80.7% - Combined sensor anomaly pattern,Temperature_C (53.9)
M07120,Type_24,79.76,1.53,221.7,7.77,1.55,456.3,0,0.8044473275611357,Critical_Risk,AI Prob 80.4% - Combined sensor anomaly pattern,Temperature_C (79.8)
M04610,Type_22,80.93,2.49,224.0,7.98,1.609,656.3,0,0.8009066033984957,Critical_Risk,AI Prob 80.1% - Combined sensor anomaly pattern,Temperature_C (80.9)
M00814,Type_06,73.7,2.08,214.3,8.34,1.609,362.7,0,0.800664508980851,Critical_Risk,AI Prob 80.1% - Combined sensor anomaly pattern,Temperature_C (73.7)
M07215,Type_13,63.88,3.52,220.3,8.39,1.663,929.0,0,0.8004462708025091,Critical_Risk,AI Prob 80.0% - Combined sensor anomaly pattern,Vibration_mm_s (3.5)
M08729,Type_24,55.13,2.07,219.4,8.31,1.641,842.7,0,0.7987286628948285,Needs_Maintenance,AI Prob 79.9% - Combined sensor anomaly pattern,Temperature_C (55.1)
M01972,Type_01,84.21,1.68,225.9,8.25,1.677,691.0,0,0.784101674068527,Needs_Maintenance,AI Prob 78.4% - Combined sensor anomaly pattern,Temperature_C (84.2)
M09766,Type_16,59.37,1.94,224.9,8.08,1.635,187.4,0,0.779586624391087,Needs_Maintenance,AI Prob 78.0% - Combined sensor anomaly pattern,Temperature_C (59.4)
M06722,Type_24,58.09,2.8,224.1,8.12,1.638,880.5,0,0.7769371491198769,Needs_Maintenance,AI Prob 77.7% - Combined sensor anomaly pattern,Temperature_C (58.1)
M07508,Type_12,57.64,3.36,223.8,7.29,1.468,897.6,0,0.7651130172129069,Needs_Maintenance,Current_A 7.3 < fleet avg-1.5s (8.2),"Current_A (7.3, z=1.7)"
M01324,Type_23,64.0,1.0,213.3,8.5,1.632,907.9,0,0.759756909404284,Needs_Maintenance,AI Prob 76.0% - Combined sensor anomaly pattern,Temperature_C (64.0)
M06477,Type_24,57.1,2.01,222.3,7.48,1.497,305.4,0,0.7577785397971337,Needs_Maintenance,AI Prob 75.8% - Combined sensor anomaly pattern,Temperature_C (57.1)
M03718,Type_16,69.37,0.68,224.9,8.07,1.633,761.0,0,0.7499667822939067,Needs_Maintenance,AI Prob 75.0% - Combined sensor anomaly pattern,Temperature_C (69.4)
M04160,Type_04,63.64,0.6,223.2,7.44,1.495,812.7,0,0.7417302915130659,Needs_Maintenance,Current_A 7.4 < fleet avg-1.5s (7.5),"Current_A (7.4, z=1.5)"
M09744,Type_01,73.57,1.89,217.2,7.1,1.388,973.0,0,0.7399214826483046,Needs_Maintenance,Runtime_Hours 973.0 > fleet avg+1.5s (911.1),"Runtime_Hours (973.0, z=1.7)"
M07655,Type_23,91.91,3.07,222.2,11.05,2.21,903.9,0,0.7338952842935785,Needs_Maintenance,Temperature_C 91.9 > fleet avg+1.5s (83.1),"Temperature_C (91.9, z=2.3)"
M06583,Type_03,69.56,2.7,212.8,6.57,1.258,117.3,0,0.7301483586368437,Needs_Maintenance,AI Prob 73.0% - Combined sensor anomaly pattern,Temperature_C (69.6)
M03960,Type_01,93.72,2.37,210.4,14.41,2.729,874.6,0,0.7296771640981942,Needs_Maintenance,Temperature_C 93.7 > fleet avg+1.5s (85.2) | Voltage_V 210.4 < fleet avg-1.5s (211.5),"Temperature_C (93.7, z=2.2)"
M09328,Type_06,70.7,1.2,225.8,7.86,1.597,901.2,0,0.7271213667318175,Needs_Maintenance,AI Prob 72.7% - Combined sensor anomaly pattern,Temperature_C (70.7)
M00903,Type_11,48.16,0.59,215.4,8.66,1.679,789.3,0,0.726666947143643,Needs_Maintenance,AI Prob 72.7% - Combined sensor anomaly pattern,Temperature_C (48.2)
M06122,Type_23,70.44,2.78,215.2,8.87,1.718,449.3,0,0.7244108067987082,Needs_Maintenance,AI Prob 72.4% - Combined sensor anomaly pattern,Temperature_C (70.4)
M06581,Type_01,74.87,2.53,221.1,7.59,1.51,245.8,0,0.7104257024681047,Needs_Maintenance,AI Prob 71.0% - Combined sensor anomaly pattern,Temperature_C (74.9)
M09853,Type_07,92.05,1.89,215.8,17.0,3.302,604.4,0,0.7065170906678042,Needs_Maintenance,Temperature_C 92.0 > fleet avg+1.5s (83.3),"Temperature_C (92.0, z=2.3)"
M04590,Type_06,71.52,4.1,219.2,8.5,1.677,460.5,0,0.7040978334636528,Needs_Maintenance,AI Prob 70.4% - Combined sensor anomaly pattern,Temperature_C (71.5)
M03928,Type_14,92.01,0.45,221.9,13.99,2.794,411.8,0,0.7012960245272453,Needs_Maintenance,Temperature_C 92.0 > fleet avg+1.5s (87.3),"Temperature_C (92.0, z=1.8)"
M04243,Type_03,70.77,0.76,213.4,6.68,1.283,521.7,0,0.6944209335118253,Needs_Maintenance,AI Prob 69.4% - Combined sensor anomaly pattern,Temperature_C (70.8)
M00381,Type_20,64.99,2.24,220.3,8.4,1.665,315.2,0,0.690063886647972,Needs_Maintenance,Current_A 8.4 < fleet avg-1.5s (8.5),"Current_A (8.4, z=1.5)"
M02225,Type_14,63.37,2.17,222.9,8.29,1.663,426.2,0,0.6886401662148287,Needs_Maintenance,AI Prob 68.9% - Combined sensor anomaly pattern,Temperature_C (63.4)
M03213,Type_13,61.78,2.08,227.9,8.8,1.805,398.5,0,0.6872320329679106,Needs_Maintenance,AI Prob 68.7% - Combined sensor anomaly pattern,Temperature_C (61.8)
M09103,Type_24,54.09,1.93,226.9,7.47,1.525,243.8,0,0.6846584412500536,Needs_Maintenance,AI Prob 68.5% - Combined sensor anomaly pattern,Temperature_C (54.1)
M03706,Type_09,71.37,0.64,217.2,9.15,1.789,270.0,0,0.6844602497062893,Needs_Maintenance,AI Prob 68.4% - Combined sensor anomaly pattern,Temperature_C (71.4)
M08499,Type_24,55.93,0.79,223.4,8.08,1.625,960.4,0,0.6836372007643496,Needs_Maintenance,Runtime_Hours 960.4 > fleet avg+1.5s (932.8),"Runtime_Hours (960.4, z=1.6)"
M05359,Type_24,49.75,2.49,212.9,8.8,1.686,777.5,0,0.6811043175049082,Needs_Maintenance,AI Prob 68.1% - Combined sensor anomaly pattern,Temperature_C (49.8)
M06987,Type_12,53.6,2.51,221.7,8.97,1.79,358.9,0,0.6810091386639086,Needs_Maintenance,AI Prob 68.1% - Combined sensor anomaly pattern,Vibration_mm_s (2.5)
M02840,Type_09,70.56,2.16,235.4,17.26,3.657,619.8,0,0.6787260707826157,Needs_Maintenance,Voltage_V 235.4 > fleet avg+1.5s (231.2),"Voltage_V (235.4, z=2.1)"
M08515,Type_11,64.65,0.38,219.0,8.5,1.675,231.4,0,0.6731933587920348,Needs_Maintenance,AI Prob 67.3% - Combined sensor anomaly pattern,Temperature_C (64.7)
M05775,Type_13,63.42,0.96,216.0,8.8,1.711,204.3,0,0.6726906481011509,Needs_Maintenance,AI Prob 67.3% - Combined sensor anomaly pattern,Temperature_C (63.4)
M07545,Type_03,61.79,2.91,220.6,7.02,1.394,341.2,0,0.6717559246235517,Needs_Maintenance,AI Prob 67.2% - Combined sensor anomaly pattern,Temperature_C (61.8)
M02949,Type_12,64.2,1.68,218.5,8.56,1.683,544.9,0,0.670644169884208,Needs_Maintenance,AI Prob 67.1% - Combined sensor anomaly pattern,Temperature_C (64.2)
M02494,Type_09,58.61,1.62,212.9,9.22,1.767,312.6,0,0.6696934989028304,Needs_Maintenance,AI Prob 67.0% - Combined sensor anomaly pattern,Temperature_C (58.6)
M03933,Type_14,72.44,3.32,223.6,8.09,1.628,441.6,0,0.6694939773515588,Needs_Maintenance,AI Prob 66.9% - Combined sensor anomaly pattern,Temperature_C (72.4)
M04397,Type_23,88.0,0.43,213.6,14.05,2.701,582.8,0,0.6693014296673903,Needs_Maintenance,Temperature_C 88.0 > fleet avg+1.5s (83.1),"Temperature_C (88.0, z=1.9)"
M09285,Type_10,70.43,2.79,220.5,6.97,1.383,80.4,0,0.664942223260643,Needs_Maintenance,AI Prob 66.5% - Combined sensor anomaly pattern,Vibration_mm_s (2.8)
M05874,Type_16,58.14,1.47,209.2,8.56,1.612,316.3,0,0.6647522567900189,Needs_Maintenance,Voltage_V 209.2 < fleet avg-1.5s (210.5),"Voltage_V (209.2, z=1.7)"
M03059,Type_14,97.95,2.41,227.3,15.9,3.253,848.7,0,0.663750059052719,Needs_Maintenance,Temperature_C 98.0 > fleet avg+1.5s (87.3),"Temperature_C (98.0, z=2.3)"
M08883,Type_10,99.72,0.93,217.1,11.35,2.218,141.8,0,0.6591157075424205,Needs_Maintenance,Temperature_C 99.7 > fleet avg+1.5s (85.0),"Temperature_C (99.7, z=2.7)"
M08250,Type_06,65.29,2.99,218.1,8.92,1.751,319.3,0,0.657981579994148,Needs_Maintenance,AI Prob 65.8% - Combined sensor anomaly pattern,Temperature_C (65.3)
M02988,Type_07,61.24,5.17,224.9,14.23,2.88,707.1,0,0.6572667936397737,Needs_Maintenance,Vibration_mm_s 5.2 > fleet avg+1.5s (4.3),"Vibration_mm_s (5.2, z=2.2)"
M02117,Type_25,72.19,1.24,214.6,8.89,1.717,332.0,0,0.6557846176513215,Needs_Maintenance,AI Prob 65.6% - Combined sensor anomaly pattern,Temperature_C (72.2)
M06639,Type_05,97.07,1.05,219.7,16.74,3.31,188.1,0,0.6522716545627759,Needs_Maintenance,Temperature_C 97.1 > fleet avg+1.5s (87.3),"Temperature_C (97.1, z=2.2)"
M00012,Type_25,59.79,3.26,221.8,9.16,1.829,827.3,0,0.6512199145022579,Needs_Maintenance,AI Prob 65.1% - Combined sensor anomaly pattern,Temperature_C (59.8)
M02545,Type_11,67.59,1.9,224.6,8.63,1.744,409.2,0,0.6510155108108914,Needs_Maintenance,AI Prob 65.1% - Combined sensor anomaly pattern,Temperature_C (67.6)
M05907,Type_01,67.29,1.39,215.5,9.01,1.747,116.4,0,0.6489965722874138,Needs_Maintenance,AI Prob 64.9% - Combined sensor anomaly pattern,Temperature_C (67.3)
M00815,Type_14,62.94,0.95,228.5,7.63,1.569,644.3,0,0.6483142067892925,Needs_Maintenance,AI Prob 64.8% - Combined sensor anomaly pattern,Temperature_C (62.9)
M08429,Type_11,93.12,1.66,216.1,18.64,3.625,596.4,0,0.6458711762545186,Needs_Maintenance,Temperature_C 93.1 > fleet avg+1.5s (82.3),"Temperature_C (93.1, z=2.5)"
M00694,Type_23,63.61,1.18,229.9,9.12,1.887,593.7,0,0.6457934738571741,Needs_Maintenance,AI Prob 64.6% - Combined sensor anomaly pattern,Temperature_C (63.6)
M05548,Type_08,88.0,3.76,229.3,14.55,3.003,339.0,0,0.6450404915497003,Needs_Maintenance,Temperature_C 88.0 > fleet avg+1.5s (84.1),"Temperature_C (88.0, z=1.8)"
M02972,Type_07,88.07,3.29,208.2,14.21,2.663,862.4,0,0.6444076601372185,Needs_Maintenance,Temperature_C 88.1 > fleet avg+1.5s (83.3) | Voltage_V 208.2 < fleet avg-1.5s (211.1),"Voltage_V (208.2, z=2.0)"
M00549,Type_03,65.16,1.01,216.3,8.33,1.622,489.8,0,0.6437299680233646,Needs_Maintenance,AI Prob 64.4% - Combined sensor anomaly pattern,Temperature_C (65.2)
M06049,Type_24,58.63,1.67,220.2,9.21,1.825,702.0,0,0.641727731563736,Needs_Maintenance,AI Prob 64.2% - Combined sensor anomaly pattern,Temperature_C (58.6)
M04714,Type_05,85.99,0.98,224.2,12.19,2.46,664.8,0,0.6414049164111064,Needs_Maintenance,AI Prob 64.1% - Combined sensor anomaly pattern,Temperature_C (86.0)
M08476,Type_04,72.75,1.42,213.2,9.0,1.727,64.4,0,0.6406566575228897,Needs_Maintenance,AI Prob 64.1% - Combined sensor anomaly pattern,Temperature_C (72.8)
M05663,Type_04,68.43,1.71,217.1,9.2,1.798,493.8,0,0.639328162671967,Needs_Maintenance,AI Prob 63.9% - Combined sensor anomaly pattern,Temperature_C (68.4)
M02776,Type_10,93.13,0.98,213.8,17.19,3.308,572.2,0,0.6388800008379312,Needs_Maintenance,Temperature_C 93.1 > fleet avg+1.5s (85.0),"Temperature_C (93.1, z=2.2)"
M05845,Type_09,63.38,1.64,237.4,13.1,2.799,269.0,0,0.638118471979645,Needs_Maintenance,Voltage_V 237.4 > fleet avg+1.5s (231.2),"Voltage_V (237.4, z=2.4)"
M02031,Type_23,60.51,1.74,222.1,9.02,1.803,288.1,0,0.6367037189791976,Needs_Maintenance,AI Prob 63.7% - Combined sensor anomaly pattern,Temperature_C (60.5)
M04240,Type_11,67.1,2.42,218.9,8.75,1.724,284.1,0,0.6360676126311872,Needs_Maintenance,AI Prob 63.6% - Combined sensor anomaly pattern,Temperature_C (67.1)
M08294,Type_17,85.37,2.4,218.8,13.34,2.627,489.8,0,0.6354925582640233,Needs_Maintenance,Temperature_C 85.4 > fleet avg+1.5s (81.7),"Temperature_C (85.4, z=1.8)"
M01544,Type_05,88.89,3.31,223.5,14.21,2.858,211.4,0,0.6351818765787407,Needs_Maintenance,Temperature_C 88.9 > fleet avg+1.5s (87.3),"Temperature_C (88.9, z=1.6)"
M08947,Type_01,85.95,1.3,227.7,17.92,3.672,423.6,0,0.6351248671464463,Needs_Maintenance,Temperature_C 86.0 > fleet avg+1.5s (85.2),"Temperature_C (86.0, z=1.6)"
M03612,Type_07,90.48,4.32,214.6,15.5,2.994,174.9,0,0.6331841321220029,Needs_Maintenance,Temperature_C 90.5 > fleet avg+1.5s (83.3) | Vibration_mm_s 4.3 > fleet avg+1.5s (4.3),"Temperature_C (90.5, z=2.1)"
M08368,Type_25,72.61,2.73,219.6,9.14,1.806,646.6,0,0.6329018853733622,Needs_Maintenance,AI Prob 63.3% - Combined sensor anomaly pattern,Temperature_C (72.6)
M04025,Type_01,88.52,1.85,225.9,15.47,3.145,751.6,0,0.6323029339194173,Needs_Maintenance,Temperature_C 88.5 > fleet avg+1.5s (85.2),"Temperature_C (88.5, z=1.8)"
M05157,Type_09,87.31,1.18,215.0,14.2,2.748,888.8,0,0.6321375187488933,Needs_Maintenance,Temperature_C 87.3 > fleet avg+1.5s (86.5),"Temperature_C (87.3, z=1.6)"
M03503,Type_10,88.65,0.35,221.2,11.62,2.313,221.4,0,0.6314553486398177,Needs_Maintenance,Temperature_C 88.7 > fleet avg+1.5s (85.0),"Temperature_C (88.7, z=1.8)"
M02011,Type_08,87.44,1.33,227.2,15.48,3.165,117.9,0,0.6306596603369339,Needs_Maintenance,Temperature_C 87.4 > fleet avg+1.5s (84.1),"Temperature_C (87.4, z=1.8)"
M01638,Type_06,56.02,1.97,219.8,8.76,1.733,255.4,0,0.629015577820727,Needs_Maintenance,AI Prob 62.9% - Combined sensor anomaly pattern,Temperature_C (56.0)
M05440,Type_22,64.12,2.25,219.0,8.97,1.768,700.8,0,0.6282594627507847,Needs_Maintenance,AI Prob 62.8% - Combined sensor anomaly pattern,Temperature_C (64.1)
M09649,Type_11,91.68,3.69,224.0,17.7,3.568,536.6,0,0.6282289807552973,Needs_Maintenance,Temperature_C 91.7 > fleet avg+1.5s (82.3),"Temperature_C (91.7, z=2.4)"
M05370,Type_07,88.82,2.29,215.2,11.93,2.311,314.5,0,0.6277374459494035,Needs_Maintenance,Temperature_C 88.8 > fleet avg+1.5s (83.3),"Temperature_C (88.8, z=2.0)"
M00937,Type_07,88.57,2.76,223.1,14.03,2.817,919.0,0,0.6268901644636913,Needs_Maintenance,Temperature_C 88.6 > fleet avg+1.5s (83.3),"Temperature_C (88.6, z=2.0)"
M00401,Type_04,51.82,0.27,213.2,8.76,1.681,836.6,0,0.6265251585178125,Needs_Maintenance,AI Prob 62.7% - Combined sensor anomaly pattern,Temperature_C (51.8)
M06925,Type_23,76.41,1.39,223.3,9.26,1.861,600.3,0,0.6262952238109502,Needs_Maintenance,AI Prob 62.6% - Combined sensor anomaly pattern,Temperature_C (76.4)
M08821,Type_14,80.85,1.74,222.2,8.08,1.616,413.6,0,0.6250161974498841,Needs_Maintenance,AI Prob 62.5% - Combined sensor anomaly pattern,Temperature_C (80.8)
M09783,Type_12,82.05,2.79,219.9,9.23,1.827,210.6,0,0.6247033144738776,Needs_Maintenance,AI Prob 62.5% - Combined sensor anomaly pattern,Temperature_C (82.0)
M08410,Type_11,92.49,2.93,219.5,13.66,2.699,570.5,0,0.6243253789660063,Needs_Maintenance,Temperature_C 92.5 > fleet avg+1.5s (82.3),"Temperature_C (92.5, z=2.4)"
M04797,Type_22,93.0,1.83,225.3,14.21,2.881,734.5,0,0.6240287351621805,Needs_Maintenance,Temperature_C 93.0 > fleet avg+1.5s (85.1),"Temperature_C (93.0, z=2.1)"
M01080,Type_25,56.07,0.52,222.7,8.88,1.78,78.8,0,0.6239210272357493,Needs_Maintenance,AI Prob 62.4% - Combined sensor anomaly pattern,Temperature_C (56.1)
M07839,Type_01,85.43,1.43,220.6,13.53,2.686,114.3,0,0.6234227965110272,Needs_Maintenance,Temperature_C 85.4 > fleet avg+1.5s (85.2),"Temperature_C (85.4, z=1.5)"
M00235,Type_07,86.92,2.17,222.6,13.86,2.777,279.5,0,0.6231447859487027,Needs_Maintenance,Temperature_C 86.9 > fleet avg+1.5s (83.3),"Temperature_C (86.9, z=1.8)"
M02487,Type_08,90.11,1.91,217.8,14.9,2.921,482.9,0,0.6223717746324671,Needs_Maintenance,Temperature_C 90.1 > fleet avg+1.5s (84.1),"Temperature_C (90.1, z=2.0)"
M04245,Type_23,58.07,0.1,205.4,13.56,2.507,892.4,0,0.6222065601153219,Needs_Maintenance,Voltage_V 205.4 < fleet avg-1.5s (210.7),"Voltage_V (205.4, z=2.3)"
M00082,Type_13,64.28,1.35,217.2,9.04,1.767,447.1,0,0.6213601578331059,Needs_Maintenance,AI Prob 62.1% - Combined sensor anomaly pattern,Temperature_C (64.3)
M00375,Type_23,86.56,0.51,214.7,21.26,4.108,315.1,0,0.6201475407210257,Needs_Maintenance,Temperature_C 86.6 > fleet avg+1.5s (83.1),"Temperature_C (86.6, z=1.8)"
M03715,Type_11,64.09,1.03,220.8,8.75,1.739,334.8,0,0.6187672172531997,Needs_Maintenance,AI Prob 61.9% - Combined sensor anomaly pattern,Temperature_C (64.1)
M01616,Type_13,55.0,1.93,217.2,8.88,1.736,164.4,0,0.618643733360259,Needs_Maintenance,AI Prob 61.9% - Combined sensor anomaly pattern,Temperature_C (55.0)
M09445,Type_01,88.3,2.34,219.1,13.12,2.587,350.6,0,0.6184932225804625,Needs_Maintenance,Temperature_C 88.3 > fleet avg+1.5s (85.2),"Temperature_C (88.3, z=1.7)"
M00366,Type_13,86.74,0.25,215.5,11.55,2.24,929.8,0,0.6183147976404518,Needs_Maintenance,Temperature_C 86.7 > fleet avg+1.5s (83.9),"Temperature_C (86.7, z=1.7)"
M01424,Type_25,71.77,0.99,223.8,8.87,1.787,396.8,0,0.6170716556982476,Needs_Maintenance,AI Prob 61.7% - Combined sensor anomaly pattern,Temperature_C (71.8)
M07506,Type_25,63.09,0.1,213.4,9.1,1.748,856.6,0,0.6168767907618149,Needs_Maintenance,AI Prob 61.7% - Combined sensor anomaly pattern,Temperature_C (63.1)
M01776,Type_19,93.52,2.82,216.1,16.27,3.164,296.8,0,0.6165940359035185,Needs_Maintenance,Temperature_C 93.5 > fleet avg+1.5s (84.2),"Temperature_C (93.5, z=2.2)"
M00105,Type_17,65.43,0.99,214.3,9.3,1.794,467.8,0,0.6162928060376357,Needs_Maintenance,AI Prob 61.6% - Combined sensor anomaly pattern,Temperature_C (65.4)
M04121,Type_19,74.97,2.43,237.6,15.0,3.208,864.0,0,0.6162178018718281,Needs_Maintenance,Voltage_V 237.6 > fleet avg+1.5s (229.4),"Voltage_V (237.6, z=2.8)"
M09277,Type_23,83.75,1.34,213.8,12.11,2.33,512.8,0,0.6150495695915025,Needs_Maintenance,Temperature_C 83.8 > fleet avg+1.5s (83.1),"Temperature_C (83.8, z=1.6)"
M04374,Type_25,78.44,4.17,218.5,9.19,1.807,396.6,0,0.6135543929095383,Needs_Maintenance,AI Prob 61.4% - Combined sensor anomaly pattern,Temperature_C (78.4)
M08553,Type_10,91.47,0.67,225.7,17.21,3.496,964.9,0,0.6131940840191205,Needs_Maintenance,Temperature_C 91.5 > fleet avg+1.5s (85.0) | Runtime_Hours 964.9 > fleet avg+1.5s (947.8),"Temperature_C (91.5, z=2.0)"
M01498,Type_10,72.42,2.96,226.0,6.47,1.316,293.7,0,0.6131306049833684,Needs_Maintenance,Current_A 6.5 < fleet avg-1.5s (6.8),"Current_A (6.5, z=1.5)"
M06696,Type_11,86.27,1.47,229.1,13.89,2.864,252.7,0,0.612825886783391,Needs_Maintenance,Temperature_C 86.3 > fleet avg+1.5s (82.3) | Voltage_V 229.1 > fleet avg+1.5s (229.1),"Temperature_C (86.3, z=1.9)"
M05964,Type_01,85.02,1.24,216.1,13.52,2.63,525.2,0,0.6117059032521464,Needs_Maintenance,AI Prob 61.2% - Combined sensor anomaly pattern,Temperature_C (85.0)
M02191,Type_14,65.51,3.02,206.2,15.22,2.825,853.5,0,0.6096147324186468,Needs_Maintenance,Voltage_V 206.2 < fleet avg-1.5s (211.3),"Voltage_V (206.2, z=2.3)"
M07068,Type_05,88.77,2.66,222.8,16.09,3.226,555.1,0,0.609100275499316,Needs_Maintenance,Temperature_C 88.8 > fleet avg+1.5s (87.3),"Temperature_C (88.8, z=1.6)"
M00096,Type_06,55.65,1.93,228.0,8.44,1.732,855.1,0,0.6088469482833377,Needs_Maintenance,AI Prob 60.9% - Combined sensor anomaly pattern,Temperature_C (55.6)
M06065,Type_04,58.62,2.19,211.0,6.53,1.24,984.4,0,0.6086308120013711,Needs_Maintenance,Current_A 6.5 < fleet avg-1.5s (7.5) | Runtime_Hours 984.4 > fleet avg+1.5s (938.7),"Current_A (6.5, z=1.7)"
M03698,Type_12,77.09,2.41,222.5,8.96,1.794,954.0,0,0.6086160512206035,Needs_Maintenance,AI Prob 60.9% - Combined sensor anomaly pattern,Temperature_C (77.1)
M02955,Type_08,88.02,0.45,220.8,12.4,2.464,799.4,0,0.6062929257848699,Needs_Maintenance,Temperature_C 88.0 > fleet avg+1.5s (84.1),"Temperature_C (88.0, z=1.8)"
M00699,Type_13,90.02,2.34,221.5,13.66,2.723,877.2,0,0.6059766659603077,Needs_Maintenance,Temperature_C 90.0 > fleet avg+1.5s (83.9),"Temperature_C (90.0, z=2.0)"
M02501,Type_10,71.08,2.93,233.5,16.54,3.476,778.0,0,0.6056788080197618,Needs_Maintenance,Voltage_V 233.5 > fleet avg+1.5s (230.7),"Voltage_V (233.5, z=1.9)"
M04267,Type_13,90.26,3.13,224.8,15.05,3.045,189.9,0,0.6046401679767751,Needs_Maintenance,Temperature_C 90.3 > fleet avg+1.5s (83.9),"Temperature_C (90.3, z=2.0)"
M05699,Type_20,91.65,2.06,222.5,8.45,1.692,543.0,0,0.6041030402132311,Needs_Maintenance,Temperature_C 91.7 > fleet avg+1.5s (83.5) | Current_A 8.4 < fleet avg-1.5s (8.5),"Temperature_C (91.7, z=2.2)"
M07611,Type_23,63.37,0.1,219.1,9.1,1.794,305.4,0,0.6040810043063406,Needs_Maintenance,AI Prob 60.4% - Combined sensor anomaly pattern,Temperature_C (63.4)
M02693,Type_13,85.86,2.86,216.3,14.32,2.788,863.9,0,0.6037884387487985,Needs_Maintenance,Temperature_C 85.9 > fleet avg+1.5s (83.9),"Temperature_C (85.9, z=1.7)"
M07795,Type_19,93.86,1.31,223.3,16.44,3.304,728.0,0,0.60222658018854,Needs_Maintenance,Temperature_C 93.9 > fleet avg+1.5s (84.2),"Temperature_C (93.9, z=2.3)"
M05840,Type_09,86.4,3.23,213.9,15.17,2.92,258.9,0,0.6011882650460726,Needs_Maintenance,AI Prob 60.1% - Combined sensor anomaly pattern,Temperature_C (86.4)
M07810,Type_05,88.4,2.31,217.6,19.21,3.762,213.6,0,0.6009945818441216,Needs_Maintenance,Temperature_C 88.4 > fleet avg+1.5s (87.3),"Temperature_C (88.4, z=1.6)"
M06737,Type_13,54.92,0.72,217.8,8.61,1.688,243.6,0,0.6006798387517133,Needs_Maintenance,AI Prob 60.1% - Combined sensor anomaly pattern,Temperature_C (54.9)
M06836,Type_07,58.83,2.88,207.3,13.66,2.549,338.9,0,0.6003943677061306,Needs_Maintenance,Voltage_V 207.3 < fleet avg-1.5s (211.1),"Voltage_V (207.3, z=2.1)"
M04352,Type_01,87.46,0.63,224.2,18.27,3.687,918.5,0,0.5997033694953707,Normal,Good,-
M05271,Type_08,89.48,1.65,212.0,12.61,2.406,338.2,0,0.5992562889045967,Normal,Good,-
M07173,Type_07,63.23,2.09,206.9,17.59,3.275,744.0,0,0.5990896706591675,Normal,Good,-
M01407,Type_10,88.86,2.77,221.7,13.67,2.728,578.6,0,0.5979720137791988,Normal,Good,-
M09832,Type_07,56.49,4.89,216.6,12.64,2.464,630.2,0,0.5976870006488503,Normal,Good,-
M01437,Type_14,90.26,3.35,218.5,14.97,2.944,268.5,0,0.5973697439499249,Normal,Good,-
M05161,Type_10,85.9,3.74,220.3,12.48,2.474,144.6,0,0.5958884383608498,Normal,Good,-
M06367,Type_23,70.55,2.04,205.2,17.76,3.28,238.3,0,0.5952056091451353,Normal,Good,-
M05587,Type_09,89.84,1.94,211.8,12.77,2.434,170.7,0,0.5948837494256716,Normal,Good,-
M08417,Type_14,55.35,5.14,225.3,14.54,2.948,235.6,0,0.5945714218407776,Normal,Good,-
M07384,Type_17,60.03,3.97,220.6,9.3,1.846,874.6,0,0.5942126661210643,Normal,Good,-
M08880,Type_06,83.77,1.25,220.0,14.73,2.917,238.8,0,0.5941838638772228,Normal,Good,-
M05953,Type_10,88.2,1.34,221.2,17.68,3.52,64.3,0,0.5931743711027907,Normal,Good,-
M06570,Type_07,83.85,3.31,222.1,15.52,3.102,406.2,0,0.5928355613852629,Normal,Good,-
M05131,Type_01,84.73,1.58,221.3,13.33,2.655,92.9,0,0.5928114138860385,Normal,Good,-
M02118,Type_22,51.43,2.63,219.3,9.14,1.804,807.5,0,0.5918939563268661,Normal,Good,-
M06631,Type_10,84.78,1.4,221.1,9.41,1.872,574.4,0,0.5915547283175403,Normal,Good,-
M09062,Type_03,64.28,3.56,234.9,18.98,4.013,533.5,0,0.5910539655766783,Normal,Good,-
M00930,Type_23,48.32,2.95,235.5,12.74,2.7,433.5,0,0.5906599236999994,Normal,Good,-
M04942,Type_02,66.73,1.17,232.3,12.85,2.687,686.0,0,0.589320550623658,Normal,Good,-
M01119,Type_11,86.15,0.76,219.5,13.69,2.704,781.1,0,0.5891593509503963,Normal,Good,-
M07783,Type_19,95.11,1.32,217.0,17.59,3.435,957.9,0,0.5889150049315518,Normal,Good,-
M06093,Type_09,88.43,1.59,220.8,17.99,3.575,106.8,0,0.5887202566982165,Normal,Good,-
M07612,Type_17,85.38,1.74,217.8,16.08,3.152,836.6,0,0.5887047132721941,Normal,Good,-
M09083,Type_22,65.48,2.84,234.0,13.83,2.913,870.0,0,0.5885626339832295,Normal,Good,-
M04383,Type_22,85.47,2.26,208.2,17.11,3.206,882.4,0,0.5881080511215678,Normal,Good,-
M04077,Type_06,84.27,1.73,226.6,15.36,3.133,332.7,0,0.587076941905067,Normal,Good,-
M02420,Type_25,84.48,2.93,232.1,13.38,2.795,410.6,0,0.5861516153061602,Normal,Good,-
M03023,Type_05,90.23,3.25,212.4,18.14,3.468,127.7,0,0.5855221077305065,Normal,Good,-
M05218,Type_02,63.61,2.11,206.7,9.45,1.758,101.2,0,0.585407107677501,Normal,Good,-
M06837,Type_25,81.92,3.79,219.9,9.14,1.809,614.3,0,0.5854003892255706,Normal,Good,-
M08128,Type_22,88.4,1.89,219.1,14.55,2.869,838.7,0,0.5852313662885514,Normal,Good,-
M04113,Type_02,69.96,1.97,233.0,15.4,3.229,528.0,0,0.5842178549271981,Normal,Good,-
M06969,Type_18,54.89,1.29,233.6,14.03,2.95,525.1,0,0.5834422509073464,Normal,Good,-
M09599,Type_11,86.72,0.69,228.1,16.38,3.363,150.4,0,0.5833213743662327,Normal,Good,-
M03860,Type_10,89.93,2.11,212.5,15.64,2.991,836.9,0,0.5831943834663135,Normal,Good,-
M06634,Type_01,67.26,3.04,221.8,6.99,1.395,55.5,0,0.5819399756876534,Normal,Good,-
M02323,Type_10,72.21,1.94,206.2,14.86,2.758,113.8,0,0.581792347744806,Normal,Good,-
M07310,Type_15,96.69,0.98,224.8,18.8,3.804,643.8,0,0.5811721930985413,Normal,Good,-
M03495,Type_20,98.51,2.09,227.9,20.92,4.291,269.6,0,0.580908592694891,Normal,Good,-
M03128,Type_01,47.33,1.03,216.2,8.65,1.683,344.5,0,0.5807962820232161,Normal,Good,-
M02458,Type_09,64.43,1.36,205.5,18.16,3.359,386.7,0,0.580143708567787,Normal,Good,-
M01236,Type_06,83.88,1.37,211.1,15.89,3.019,557.3,0,0.5800770161081381,Normal,Good,-
M02226,Type_07,67.4,2.95,231.4,16.17,3.368,703.2,0,0.5793684416902072,Normal,Good,-
M03496,Type_22,87.0,1.63,219.8,13.27,2.625,196.2,0,0.5792886426018359,Normal,Good,-
M02968,Type_23,80.46,0.44,202.3,13.85,2.522,880.1,0,0.5788470473084797,Normal,Good,-
M00660,Type_11,72.93,3.29,231.2,16.84,3.504,681.6,0,0.5787596112311699,Normal,Good,-
M08719,Type_15,83.93,3.37,226.3,13.6,2.77,436.6,0,0.5785105742585102,Normal,Good,-
M09936,Type_09,87.47,2.96,216.7,10.63,2.073,855.6,0,0.578488269911293,Normal,Good,-
M04172,Type_19,76.2,2.49,232.2,15.04,3.143,617.3,0,0.578199751337414,Normal,Good,-
M02992,Type_22,85.07,4.63,216.8,19.39,3.783,313.9,0,0.57781274475164,Normal,Good,-
M04178,Type_10,85.56,1.59,222.1,18.58,3.714,631.4,0,0.5777857647402704,Normal,Good,-
M01360,Type_15,93.07,2.96,218.9,13.47,2.654,509.6,0,0.577775641160536,Normal,Good,-
M03200,Type_08,85.57,1.14,215.0,18.19,3.52,524.0,0,0.5768780779322327,Normal,Good,-
M01743,Type_18,91.52,2.16,223.0,11.7,2.348,666.0,0,0.5761359243563003,Normal,Good,-
M00166,Type_06,83.91,0.86,227.1,17.64,3.605,531.5,0,0.5735823429968266,Normal,Good,-
M07388,Type_04,63.71,1.63,233.0,13.34,2.797,663.0,0,0.5723850421296146,Normal,Good,-
M06598,Type_07,84.11,0.85,228.2,10.85,2.228,241.4,0,0.5721248289250844,Normal,Good,-
M08864,Type_07,84.02,1.65,212.3,18.91,3.613,703.6,0,0.5717531601767405,Normal,Good,-
M05716,Type_20,57.73,0.1,219.5,7.29,1.44,984.7,0,0.571694783669934,Normal,Good,-
M04316,Type_20,86.37,0.78,224.3,14.42,2.911,284.6,0,0.5714854920105021,Normal,Good,-
M05746,Type_13,56.87,0.1,203.6,16.34,2.994,168.4,0,0.5713957730462473,Normal,Good,-
M07135,Type_06,84.2,1.99,217.8,15.79,3.095,613.0,0,0.5711138511194948,Normal,Good,-
M03733,Type_10,89.28,2.52,225.3,16.88,3.423,699.0,0,0.570850668633413,Normal,Good,-
M02808,Type_06,84.1,1.57,227.4,15.55,3.182,85.1,0,0.5707772727878246,Normal,Good,-
M07100,Type_19,88.83,3.59,222.3,9.26,1.853,559.7,0,0.5703739796785612,Normal,Good,-
M06669,Type_15,89.26,1.2,224.3,15.07,3.042,133.4,0,0.5696337784079825,Normal,Good,-
M06630,Type_22,86.44,3.65,216.9,13.01,2.54,586.5,0,0.5690755234030642,Normal,Good,-
M05058,Type_19,87.29,1.84,214.0,11.52,2.219,273.4,0,0.5684127063545055,Normal,Good,-
M07520,Type_19,56.87,2.54,219.0,8.98,1.77,693.6,0,0.5683233944895708,Normal,Good,-
M05540,Type_08,85.15,1.27,215.6,13.56,2.631,349.3,0,0.5680795926949785,Normal,Good,-
M05920,Type_08,84.9,0.88,218.0,12.47,2.447,139.9,0,0.5672889321016951,Normal,Good,-
M09143,Type_22,68.65,0.88,229.9,8.6,1.779,799.7,0,0.5669614379093734,Normal,Good,-
M04665,Type_19,87.02,0.1,218.5,17.94,3.528,319.9,0,0.5657613036427737,Normal,Good,-
M02274,Type_12,69.6,2.13,232.2,14.36,3.001,672.8,0,0.5653461193830374,Normal,Good,-
M06136,Type_08,86.68,3.32,219.1,16.67,3.287,761.8,0,0.5652434059735749,Normal,Good,-
M00639,Type_19,85.27,0.81,215.4,18.38,3.563,657.6,0,0.5647161028185669,Normal,Good,-
M07691,Type_18,85.18,2.05,225.6,12.38,2.514,583.0,0,0.5642016548271005,Normal,Good,-
M00878,Type_03,74.89,1.7,224.1,7.05,1.422,87.4,0,0.5639809112633487,Normal,Good,-
M06160,Type_03,60.82,0.91,223.9,8.57,1.727,702.5,0,0.5636076205086306,Normal,Good,-
M09063,Type_08,85.02,1.46,212.9,12.43,2.382,250.4,0,0.5632362478087183,Normal,Good,-
M08909,Type_12,93.71,1.77,218.2,16.98,3.335,411.9,0,0.5630034429491263,Normal,Good,-
M02353,Type_13,55.7,2.0,233.8,14.31,3.011,183.3,0,0.5629498045930561,Normal,Good,-
M07916,Type_20,91.57,2.3,219.5,18.22,3.599,467.0,0,0.5624184860411429,Normal,Good,-
M08765,Type_25,80.94,4.8,218.5,20.46,4.023,849.3,0,0.5623075211657251,Normal,Good,-
M03006,Type_08,87.26,3.06,218.2,16.91,3.321,833.4,0,0.5622103231219592,Normal,Good,-
M08760,Type_19,75.43,2.82,214.2,8.76,1.689,976.9,0,0.5621243149476349,Normal,Good,-
M08603,Type_21,75.26,5.13,223.8,15.84,3.19,273.8,0,0.5607857695201612,Normal,Good,-
M09658,Type_09,67.98,1.94,232.2,15.59,3.258,274.4,0,0.5605651237350845,Normal,Good,-
M07386,Type_21,83.27,3.67,219.0,14.37,2.832,631.2,0,0.5600394110699654,Normal,Good,-
M01491,Type_18,89.95,1.97,226.2,14.43,2.938,732.3,0,0.5597998581864345,Normal,Good,-
M04157,Type_13,83.0,0.32,233.6,13.2,2.775,642.1,0,0.5596580759524002,Normal,Good,-
M09048,Type_12,91.87,0.79,218.9,13.48,2.656,782.1,0,0.5587196389476264,Normal,Good,-
M02456,Type_11,53.8,2.11,231.2,18.46,3.841,803.4,0,0.5586066550036797,Normal,Good,-
M04722,Type_18,95.04,0.23,218.5,17.4,3.422,770.7,0,0.5582794866596227,Normal,Good,-
M04719,Type_20,86.72,3.09,213.6,13.05,2.509,760.4,0,0.5581414546789362,Normal,Good,-
M07446,Type_10,83.8,2.04,229.3,9.71,2.004,767.3,0,0.5580943919457829,Normal,Good,-
M01219,Type_15,84.88,2.98,227.9,19.11,3.92,440.7,0,0.5572575088349747,Normal,Good,-
M06600,Type_20,67.21,1.42,222.9,8.5,1.705,239.9,0,0.5569780670920302,Normal,Good,-
M03217,Type_22,67.75,5.31,217.0,15.19,2.967,91.5,0,0.5567860820997901,Normal,Good,-
M09728,Type_08,85.04,2.79,215.1,13.78,2.668,585.6,0,0.5559848892462028,Normal,Good,-
M08190,Type_11,88.29,1.21,216.0,16.54,3.215,870.7,0,0.5559391815226831,Normal,Good,-
M00258,Type_11,67.94,3.08,207.3,15.32,2.858,365.1,0,0.555861542680003,Normal,Good,-
M07767,Type_18,69.02,1.93,234.2,14.33,3.02,472.6,0,0.5558234732607324,Normal,Good,-
M08874,Type_09,89.52,1.96,215.7,17.77,3.45,108.6,0,0.5557897820540166,Normal,Good,-
M09745,Type_17,73.39,2.97,205.8,12.6,2.334,163.4,0,0.5555093205282005,Normal,Good,-
M04354,Type_16,74.03,0.96,218.0,9.09,1.783,674.1,0,0.5551666778210992,Normal,Good,-
M04095,Type_19,57.46,2.05,212.8,8.99,1.722,262.1,0,0.5549610484472226,Normal,Good,-
M05355,Type_01,84.52,3.8,212.6,10.21,1.954,312.2,0,0.5540209597770974,Normal,Good,-
M09284,Type_12,63.35,2.4,206.7,13.92,2.59,580.0,0,0.553900504936396,Normal,Good,-
M08859,Type_19,51.59,1.26,232.7,16.57,3.47,627.8,0,0.5538261393372186,Normal,Good,-
M02700,Type_10,55.28,2.41,206.1,8.63,1.601,702.3,0,0.553656895773243,Normal,Good,-
M08666,Type_18,84.5,2.07,225.7,12.38,2.515,83.4,0,0.5535938185011617,Normal,Good,-
M07565,Type_25,92.29,2.83,219.9,21.14,4.184,134.8,0,0.5534265283271231,Normal,Good,-
M09044,Type_16,80.27,2.58,220.2,8.87,1.758,738.0,0,0.5533229267106684,Normal,Good,-
M05041,Type_09,79.13,1.2,205.0,18.08,3.336,614.7,0,0.5530737561901372,Normal,Good,-
M01582,Type_19,84.13,1.94,214.7,8.82,1.704,229.8,0,0.5528626270943888,Normal,Good,-
M06389,Type_10,57.87,1.77,224.3,7.44,1.502,499.3,0,0.5528556938734187,Normal,Good,-
M06859,Type_05,83.48,3.37,213.0,17.78,3.408,174.4,0,0.5520369352782111,Normal,Good,-
M09774,Type_14,85.34,2.08,227.2,12.8,2.617,868.4,0,0.5515324513273082,Normal,Good,-
M01314,Type_21,83.26,3.13,218.4,22.34,4.391,558.4,0,0.5509330149687939,Normal,Good,-
M01978,Type_15,62.11,5.03,216.1,12.63,2.456,251.2,0,0.5502667386044772,Normal,Good,-
M09307,Type_06,83.77,1.92,223.5,10.49,2.11,136.6,0,0.5496466036280165,Normal,Good,-
M04155,Type_06,60.52,2.49,207.2,13.75,2.564,659.5,0,0.5481208169384786,Normal,Good,-
M05575,Type_08,84.09,2.59,223.5,22.42,4.51,706.2,0,0.547370578468192,Normal,Good,-
M02723,Type_11,84.23,1.35,213.5,14.21,2.73,367.9,0,0.5472731131063674,Normal,Good,-
M03838,Type_02,60.28,1.77,230.8,13.71,2.848,805.8,0,0.5467359475672802,Normal,Good,-
M08358,Type_14,85.13,3.18,220.0,13.3,2.633,326.7,0,0.5461974485826563,Normal,Good,-
M07847,Type_09,84.0,2.52,216.5,17.18,3.348,409.7,0,0.5460433356678299,Normal,Good,-
M02183,Type_22,87.24,2.7,226.1,18.66,3.797,800.5,0,0.545642328637305,Normal,Good,-
M05762,Type_14,87.41,3.6,222.7,14.43,2.892,938.9,0,0.5456319603110171,Normal,Good,-
M08858,Type_09,83.42,2.59,228.7,16.41,3.378,271.2,0,0.5455224542064144,Normal,Good,-
M05255,Type_11,89.02,3.39,212.5,13.71,2.622,267.4,0,0.5452982094462245,Normal,Good,-
M05572,Type_22,83.8,2.02,218.0,15.5,3.041,573.1,0,0.5448257061743531,Normal,Good,-
M08101,Type_11,83.45,2.24,218.3,11.89,2.336,249.9,0,0.5447973800605392,Normal,Good,-
M04494,Type_19,60.5,3.75,232.0,11.85,2.474,694.4,0,0.5442061757258588,Normal,Good,-
M03096,Type_23,83.32,1.47,217.8,14.06,2.756,783.8,0,0.5441822951209211,Normal,Good,-
M07553,Type_05,84.04,2.54,215.7,10.15,1.97,247.2,0,0.5437906914110677,Normal,Good,-
M05980,Type_19,85.24,1.82,213.1,13.08,2.509,455.2,0,0.5432570754639048,Normal,Good,-
M03160,Type_03,42.15,0.8,229.4,8.83,1.823,369.9,0,0.5430654016466638,Normal,Good,-
M03827,Type_18,84.4,2.32,216.8,14.59,2.847,707.0,0,0.5425219593633009,Normal,Good,-
M05217,Type_08,60.88,0.77,206.3,14.7,2.729,586.3,0,0.5423209304115384,Normal,Good,-
M09156,Type_19,88.3,0.95,225.2,15.85,3.212,845.5,0,0.5418307090531969,Normal,Good,-
M02721,Type_20,85.42,3.49,229.9,15.24,3.153,416.9,0,0.5412431354793782,Normal,Good,-
M06853,Type_07,63.25,2.15,231.2,16.76,3.487,603.3,0,0.5411217952545356,Normal,Good,-
M03342,Type_15,94.51,1.5,223.9,16.86,3.397,731.8,0,0.5410454133377497,Normal,Good,-
M09722,Type_18,92.86,1.36,223.4,16.88,3.394,484.9,0,0.5402491396178665,Normal,Good,-
M09860,Type_10,65.77,1.94,215.2,8.69,1.683,303.2,0,0.5389265391814494,Normal,Good,-
M00719,Type_20,84.4,3.31,227.3,9.28,1.898,122.7,0,0.5384125040285259,Normal,Good,-
M05356,Type_22,88.57,2.57,228.7,11.75,2.419,851.1,0,0.5380774085008116,Normal,Good,-
M05507,Type_09,83.86,3.15,220.2,17.65,3.498,486.5,0,0.537191275707977,Normal,Good,-
M09635,Type_11,83.9,3.34,210.6,15.54,2.945,594.6,0,0.5371708569441838,Normal,Good,-
M05988,Type_09,84.2,2.8,219.2,19.21,3.79,812.9,0,0.5369656614681978,Normal,Good,-
M02061,Type_16,96.0,3.16,221.0,15.51,3.085,236.1,0,0.5362657898705726,Normal,Good,-
M03488,Type_14,86.7,2.47,223.3,15.95,3.205,913.8,0,0.5357625746633841,Normal,Good,-
M02037,Type_22,59.28,1.61,231.1,16.69,3.471,895.0,0,0.5356062143761204,Normal,Good,-
M06063,Type_20,77.36,1.92,211.8,9.28,1.769,780.1,0,0.535554795334658,Normal,Good,-
M02014,Type_12,91.34,3.05,213.1,17.44,3.345,841.7,0,0.5349899323682076,Normal,Good,-
M05671,Type_20,89.85,2.87,222.9,14.84,2.977,618.7,0,0.534573117834787,Normal,Good,-
M07406,Type_22,87.09,3.28,227.6,16.47,3.374,361.2,0,0.5343997671325967,Normal,Good,-
M00826,Type_13,83.51,1.34,221.1,18.07,3.596,911.9,0,0.5342497387692017,Normal,Good,-
M07355,Type_12,85.69,1.88,224.3,14.2,2.867,244.3,0,0.533474037415046,Normal,Good,-
M08563,Type_11,83.39,2.6,211.1,14.01,2.662,283.2,0,0.5332841998754797,Normal,Good,-
M06993,Type_08,80.07,1.22,205.6,15.77,2.918,617.7,0,0.5330638318612407,Normal,Good,-
M05997,Type_01,84.68,1.23,223.8,17.96,3.618,929.5,0,0.5329891242781332,Normal,Good,-
M05268,Type_03,61.37,3.55,214.2,8.72,1.681,90.2,0,0.5329322339229838,Normal,Good,-
M00873,Type_10,84.15,2.45,222.5,16.24,3.252,589.5,0,0.5326447589818143,Normal,Good,-
M05156,Type_10,84.96,2.06,218.8,18.09,3.562,735.7,0,0.5316108003564549,Normal,Good,-
M00062,Type_05,85.08,3.03,219.8,17.65,3.492,874.7,0,0.5306995305593497,Normal,Good,-
M08264,Type_03,61.2,1.83,221.3,8.65,1.723,897.9,0,0.5300435507606284,Normal,Good,-
M09380,Type_14,58.79,5.07,220.9,14.95,2.972,977.8,0,0.5294406679116812,Normal,Good,-
M00097,Type_14,57.28,1.41,222.8,8.51,1.706,83.7,0,0.5292417204714683,Normal,Good,-
M04637,Type_19,74.77,1.35,231.6,14.43,3.008,478.9,0,0.529125378901734,Normal,Good,-
M06670,Type_22,83.73,2.38,216.1,13.66,2.657,719.8,0,0.5261878703788989,Normal,Good,-
M02085,Type_08,88.48,2.59,218.7,17.01,3.348,948.4,0,0.5255265547111087,Normal,Good,-
M08561,Type_05,67.07,2.87,207.6,16.39,3.062,731.3,0,0.5248158843791494,Normal,Good,-
M06174,Type_15,91.05,0.87,224.3,18.03,3.64,894.9,0,0.5247438138180462,Normal,Good,-
M07436,Type_09,82.44,2.58,207.9,15.74,2.945,421.9,0,0.5246555228697298,Normal,Good,-
M00986,Type_14,62.55,2.45,220.9,9.2,1.829,741.7,0,0.523535894829823,Normal,Good,-
M04517,Type_10,76.79,2.79,232.8,16.31,3.417,927.4,0,0.523519683909943,Normal,Good,-
M04223,Type_23,70.62,2.4,233.5,20.56,4.321,235.7,0,0.5233363252747542,Normal,Good,-
M09577,Type_19,84.69,1.76,215.0,11.85,2.293,115.7,0,0.5226822221865118,Normal,Good,-
M08148,Type_22,84.16,1.12,215.5,17.04,3.305,638.2,0,0.5224146564648348,Normal,Good,-
M03609,Type_22,83.47,2.22,228.2,21.24,4.362,506.0,0,0.5210470395579081,Normal,Good,-
M02368,Type_08,74.77,2.17,233.3,14.08,2.956,149.6,0,0.5206794815478637,Normal,Good,-
M07540,Type_15,57.37,1.8,231.9,9.63,2.01,439.1,0,0.5202007481376572,Normal,Good,-
M02890,Type_20,84.38,0.49,215.1,14.48,2.803,135.6,0,0.5200383391759086,Normal,Good,-
M03075,Type_21,83.3,2.9,216.9,10.34,2.018,701.4,0,0.5193488492415579,Normal,Good,-
M06638,Type_24,64.91,5.62,220.6,21.04,4.177,678.5,0,0.5188191309858187,Normal,Good,-
M05753,Type_16,88.48,0.84,223.6,9.71,1.954,923.5,0,0.5184489996389811,Normal,Good,-
M08578,Type_19,83.88,2.49,225.5,12.95,2.628,824.0,0,0.517408415011309,Normal,Good,-
M09329,Type_06,83.9,2.5,222.6,17.53,3.512,909.2,0,0.5163100739197464,Normal,Good,-
M07879,Type_15,87.42,1.78,213.2,14.91,2.861,674.4,0,0.5153966310152159,Normal,Good,-
M08522,Type_18,56.43,2.3,234.4,10.81,2.28,856.9,0,0.5153815907615862,Normal,Good,-
M00373,Type_15,83.5,2.7,213.1,17.05,3.27,598.1,0,0.5153598004309238,Normal,Good,-
M06492,Type_15,85.97,1.5,224.6,12.22,2.47,759.6,0,0.5151960263876594,Normal,Good,-
M01103,Type_01,70.08,2.43,230.8,13.85,2.877,723.3,0,0.5147952950415664,Normal,Good,-
M02038,Type_04,47.29,4.73,214.1,17.47,3.366,291.9,0,0.5147289788675043,Normal,Good,-
M05566,Type_06,84.1,2.06,224.3,9.18,1.853,997.4,0,0.514594517857172,Normal,Good,-
M02186,Type_11,54.76,1.89,231.7,11.25,2.346,995.6,0,0.5145540087752576,Normal,Good,-
M07254,Type_11,56.06,4.85,208.8,14.84,2.789,575.2,0,0.5141509034675088,Normal,Good,-
M04670,Type_12,85.78,1.43,218.3,17.1,3.36,814.3,0,0.514057810536207,Normal,Good,-
M05919,Type_19,85.49,0.9,211.0,10.59,2.011,397.5,0,0.5136794120400751,Normal,Good,-
M03850,Type_25,81.86,0.91,220.8,8.7,1.729,678.3,0,0.512232858534012,Normal,Good,-
M03190,Type_17,71.85,1.1,231.9,18.3,3.819,715.1,0,0.5119934860403877,Normal,Good,-
M07295,Type_16,63.34,4.89,220.2,15.98,3.167,117.7,0,0.5119247099890981,Normal,Good,-
M09818,Type_19,71.98,2.11,220.5,9.23,1.832,107.4,0,0.5110352481596192,Normal,Good,-
M08568,Type_15,88.48,1.81,220.3,13.57,2.691,614.0,0,0.5108650725556744,Normal,Good,-
M04016,Type_01,83.17,0.6,219.3,13.58,2.68,641.3,0,0.5096487822895199,Normal,Good,-
M03334,Type_25,86.06,1.11,226.8,16.5,3.368,487.4,0,0.5094960968386518,Normal,Good,-
M07342,Type_19,85.95,1.66,213.6,18.46,3.549,416.8,0,0.5092610800168167,Normal,Good,-
M03223,Type_14,49.31,2.66,225.9,8.85,1.799,792.2,0,0.5092117297013193,Normal,Good,-
M00297,Type_15,87.92,1.57,218.3,12.85,2.525,161.8,0,0.5084325822279276,Normal,Good,-
M03269,Type_08,54.42,4.1,232.0,15.84,3.307,380.1,0,0.5081009022166196,Normal,Good,-
M00597,Type_23,82.4,3.82,224.9,12.46,2.522,665.8,0,0.5079173354110464,Normal,Good,-
M07758,Type_07,83.33,1.98,215.9,12.88,2.503,317.3,0,0.5078504788634156,Normal,Good,-
M07086,Type_04,60.52,1.02,231.3,15.56,3.239,514.4,0,0.5076797648305553,Normal,Good,-
M03003,Type_12,85.57,2.93,225.3,19.06,3.865,510.1,0,0.5076487218974713,Normal,Good,-
M05496,Type_19,83.95,3.4,221.2,14.67,2.921,258.7,0,0.5073179424881279,Normal,Good,-
M00413,Type_25,66.42,3.21,231.9,18.82,3.928,429.7,0,0.5068803555414061,Normal,Good,-
M09951,Type_19,71.64,1.99,221.7,8.91,1.778,287.3,0,0.5068701549175961,Normal,Good,-
M09400,Type_14,83.75,1.91,229.2,10.9,2.248,237.8,0,0.5064509746412591,Normal,Good,-
M06415,Type_07,83.23,1.09,216.0,17.78,3.456,135.8,0,0.5062265490075948,Normal,Good,-
M04378,Type_19,78.33,0.9,221.3,9.1,1.812,405.1,0,0.5056876776531279,Normal,Good,-
M09448,Type_14,56.37,0.65,223.7,8.81,1.774,861.3,0,0.5052345607634039,Normal,Good,-
M00553,Type_12,92.4,3.25,212.9,15.08,2.889,625.5,0,0.5048486723190077,Normal,Good,-
M05633,Type_17,82.13,2.02,224.7,14.82,2.997,630.9,0,0.5034660873947463,Normal,Good,-
M00764,Type_20,86.83,2.46,228.0,15.87,3.257,946.2,0,0.5028470055406115,Normal,Good,-
M08070,Type_19,85.22,1.68,211.1,18.74,3.56,120.6,0,0.5021128513505732,Normal,Good,-
M01754,Type_18,69.5,1.7,231.9,11.34,2.367,826.3,0,0.5018005906976342,Normal,Good,-
M03826,Type_22,84.51,2.88,214.2,10.67,2.057,247.4,0,0.5014646183415439,Normal,Good,-
M07163,Type_08,83.18,0.1,212.8,11.3,2.164,590.0,0,0.5013008109058075,Normal,Good,-
M03668,Type_15,66.97,5.3,217.8,17.96,3.521,421.6,0,0.5009933653875002,Normal,Good,-
M03936,Type_05,83.06,3.53,214.7,13.63,2.634,840.3,0,0.5009660609875225,Normal,Good,-
M08692,Type_17,59.79,5.59,212.1,19.4,3.703,284.8,0,0.500859302783303,Normal,Good,-
M07253,Type_23,82.91,3.55,225.4,15.64,3.173,86.3,0,0.5007928238813366,Normal,Good,-
M07693,Type_22,58.21,0.93,233.2,13.85,2.907,931.9,0,0.5007614100234384,Normal,Good,-
M06444,Type_19,86.39,0.1,218.8,15.66,3.084,947.2,0,0.5006355430476633,Normal,Good,-
M08546,Type_08,83.95,1.43,219.3,18.13,3.578,115.7,0,0.5006221599800047,Normal,Good,-
M06744,Type_17,51.22,3.18,207.3,17.62,3.287,645.5,0,0.49994708633892065,Normal,Good,-
M00022,Type_24,52.65,2.61,207.6,16.73,3.126,123.5,0,0.4993345880915453,Normal,Good,-
M06438,Type_09,49.82,2.1,206.9,13.78,2.566,147.1,0,0.4989505830301136,Normal,Good,-
M02899,Type_03,61.42,1.85,224.5,8.75,1.768,840.7,0,0.4984218441232445,Normal,Good,-
M04667,Type_15,89.47,0.46,223.9,17.37,3.5,558.3,0,0.49821145427326063,Normal,Good,-
M05241,Type_16,51.25,2.6,230.7,16.95,3.519,921.0,0,0.4975436044683094,Normal,Good,-
M09859,Type_22,87.59,1.94,227.1,16.76,3.426,907.8,0,0.49753779524727276,Normal,Good,-
M01032,Type_23,55.04,2.17,230.9,14.19,2.949,418.7,0,0.49680219629067046,Normal,Good,-
M05592,Type_03,68.87,2.58,216.0,8.98,1.746,82.3,0,0.49672427269183417,Normal,Good,-
M09244,Type_18,68.59,1.66,231.5,19.42,4.046,220.0,0,0.49645261372798133,Normal,Good,-
M04153,Type_18,49.11,3.65,232.0,14.88,3.107,660.4,0,0.4956514016592013,Normal,Good,-
M06344,Type_07,75.71,4.88,227.8,10.73,2.2,559.7,0,0.4949049239146155,Normal,Good,-
M08355,Type_23,82.57,3.97,227.8,14.77,3.028,50.4,0,0.4948572419248972,Normal,Good,-
M06844,Type_06,62.07,1.17,206.8,14.48,2.695,606.2,0,0.49467614172096575,Normal,Good,-
M05078,Type_14,64.57,0.42,226.3,9.05,1.843,724.1,0,0.49465217544301515,Normal,Good,-
M04578,Type_18,77.37,2.43,232.3,11.19,2.339,642.2,0,0.49393047086074815,Normal,Good,-
M08077,Type_21,76.92,1.38,230.7,12.95,2.689,611.1,0,0.4938487010710759,Normal,Good,-
M09498,Type_19,62.09,5.01,214.3,17.79,3.431,133.5,0,0.4934794586658083,Normal,Good,-
M00137,Type_16,83.92,2.27,226.0,20.08,4.084,52.2,0,0.49285169498748765,Normal,Good,-
M03443,Type_01,81.63,1.54,219.0,11.72,2.31,203.4,0,0.4921376771419505,Normal,Good,-
M09357,Type_21,67.51,5.33,226.3,16.43,3.346,221.2,0,0.4917467590855458,Normal,Good,-
M00489,Type_11,83.52,0.1,212.1,19.91,3.801,161.4,0,0.4917283958358973,Normal,Good,-
M06957,Type_12,91.13,3.92,228.5,18.8,3.866,783.9,0,0.49110185757989766,Normal,Good,-
M09132,Type_17,81.85,2.06,216.3,11.46,2.231,521.8,0,0.490953778003199,Normal,Good,-
M07233,Type_09,82.97,1.87,215.7,15.39,2.988,584.5,0,0.4908522028793632,Normal,Good,-
M03602,Type_13,82.52,2.03,231.9,14.45,3.016,223.5,0,0.4903471973899608,Normal,Good,-
M00906,Type_05,56.71,4.63,231.5,9.6,2.0,639.0,0,0.49001111267432196,Normal,Good,-
M00868,Type_04,75.94,1.33,231.2,12.7,2.643,320.2,0,0.48959600400022646,Normal,Good,-
M01703,Type_19,86.86,1.43,222.4,10.43,2.088,516.2,0,0.4895753047311288,Normal,Good,-
M07771,Type_16,91.18,1.46,219.1,11.78,2.323,180.4,0,0.4894709223917333,Normal,Good,-
M01673,Type_13,68.85,1.65,231.6,12.03,2.508,514.6,0,0.4893234059084455,Normal,Good,-
M04902,Type_12,83.83,2.86,211.9,13.61,2.596,809.5,0,0.4892395517629857,Normal,Good,-
M02424,Type_12,87.06,3.87,219.6,17.76,3.51,251.1,0,0.4886834154239933,Normal,Good,-
M08531,Type_23,83.11,1.84,220.4,11.61,2.303,932.9,0,0.48852938040028987,Normal,Good,-
M09177,Type_02,79.8,1.27,231.6,11.4,2.376,612.1,0,0.48808667700696284,Normal,Good,-
M07628,Type_06,82.85,2.56,216.3,18.81,3.662,596.9,0,0.48773421317009075,Normal,Good,-
M00303,Type_21,82.88,2.56,222.3,15.8,3.161,459.9,0,0.48711260674538875,Normal,Good,-
M05006,Type_23,81.92,1.36,217.2,16.52,3.229,368.1,0,0.48708676278557195,Normal,Good,-
M09738,Type_20,84.74,1.85,213.0,10.55,2.022,790.3,0,0.48700382780501805,Normal,Good,-
M05045,Type_20,83.59,0.27,223.7,13.39,2.696,190.4,0,0.486838901973882,Normal,Good,-
M05067,Type_23,81.66,2.08,215.5,17.43,3.381,364.7,0,0.4854008977886963,Normal,Good,-
M08241,Type_03,76.3,5.27,226.1,19.8,4.029,572.6,0,0.4852842129282442,Normal,Good,-
M03145,Type_17,83.31,2.48,219.1,17.83,3.516,881.3,0,0.48457875647246995,Normal,Good,-
M05533,Type_17,83.1,1.71,222.1,14.06,2.81,832.4,0,0.48445364154795134,Normal,Good,-
M06720,Type_25,85.44,0.11,214.7,14.44,2.79,472.1,0,0.4843549773479672,Normal,Good,-
M06474,Type_23,63.88,3.37,232.0,13.01,2.716,974.4,0,0.48409272982057083,Normal,Good,-
M06825,Type_02,65.26,4.62,214.4,15.45,2.981,193.2,0,0.4837797247509258,Normal,Good,-
M05940,Type_03,64.2,1.55,230.8,17.69,3.675,349.7,0,0.4836265679228363,Normal,Good,-
M04638,Type_20,89.85,3.25,223.5,19.22,3.866,458.2,0,0.4835726726122204,Normal,Good,-
M01720,Type_03,60.38,2.6,218.0,8.94,1.754,367.3,0,0.48311900323778206,Normal,Good,-
M04379,Type_18,83.74,2.96,224.0,17.28,3.484,557.7,0,0.48294244598808767,Normal,Good,-
M00672,Type_23,81.7,1.48,212.8,22.19,4.25,443.6,0,0.48246527211017987,Normal,Good,-
M08165,Type_12,84.34,2.47,217.5,15.0,2.936,558.6,0,0.48237840683707245,Normal,Good,-
M03470,Type_12,85.71,3.22,219.0,16.12,3.177,601.7,0,0.48222928198251774,Normal,Good,-
M02269,Type_12,84.35,3.24,220.9,13.72,2.728,415.1,0,0.4818879122624611,Normal,Good,-
M06084,Type_19,84.74,3.65,217.6,16.43,3.218,345.9,0,0.481114118048778,Normal,Good,-
M08282,Type_17,82.32,1.56,224.3,11.98,2.418,594.5,0,0.48011394280911956,Normal,Good,-
M03870,Type_11,83.2,2.03,223.5,13.16,2.647,629.6,0,0.4797150025201972,Normal,Good,-
M05541,Type_04,81.41,2.36,214.6,10.77,2.08,609.1,0,0.4793352370018493,Normal,Good,-
M00485,Type_15,84.16,1.79,221.1,17.88,3.558,598.9,0,0.47746612731562715,Normal,Good,-
M06684,Type_08,59.58,1.61,231.0,15.66,3.256,316.9,0,0.47699578379143204,Normal,Good,-
M01719,Type_17,82.47,2.33,217.5,15.94,3.12,309.0,0,0.476895824381274,Normal,Good,-
M02283,Type_12,85.74,3.07,220.7,16.21,3.22,276.1,0,0.47686000470564066,Normal,Good,-
M03101,Type_23,69.43,2.13,215.6,9.54,1.851,839.2,0,0.47679848744672126,Normal,Good,-
M06080,Type_23,64.29,1.43,232.7,22.5,4.712,920.8,0,0.47515747467480407,Normal,Good,-
M08863,Type_12,88.37,3.26,222.9,17.14,3.438,672.0,0,0.4747386299015057,Normal,Good,-
M05715,Type_22,83.16,2.61,224.0,17.0,3.427,194.2,0,0.47456573188637113,Normal,Good,-
M02295,Type_16,84.44,1.89,229.2,13.59,2.803,261.9,0,0.474455699925659,Normal,Good,-
M04317,Type_11,63.18,3.69,231.3,15.19,3.162,275.2,0,0.4731561539061348,Normal,Good,-
M08709,Type_22,82.85,1.78,217.4,13.3,2.602,420.0,0,0.47304074196336615,Normal,Good,-
M00988,Type_16,92.42,1.91,218.5,11.77,2.315,406.8,0,0.4723907417623149,Normal,Good,-
M01594,Type_10,58.16,1.95,206.9,20.66,3.847,867.5,0,0.47237944525535186,Normal,Good,-
M05709,Type_17,51.68,1.34,231.6,15.51,3.233,828.4,0,0.47215145636135986,Normal,Good,-
M03042,Type_16,85.91,0.32,210.7,19.4,3.679,594.8,0,0.4720645683082976,Normal,Good,-
M07757,Type_15,70.73,3.57,223.4,6.06,1.218,773.1,0,0.4719229254908518,Normal,Good,-
M02953,Type_16,93.31,2.37,217.1,14.21,2.776,721.4,0,0.47190613191400904,Normal,Good,-
M04210,Type_05,82.56,2.22,224.1,16.98,3.425,456.3,0,0.47180619624386533,Normal,Good,-
M09008,Type_04,63.98,2.14,219.4,9.31,1.838,624.9,0,0.4715998412245363,Normal,Good,-
M07250,Type_11,65.89,5.2,217.4,17.15,3.356,540.7,0,0.47149790943336023,Normal,Good,-
M04071,Type_22,57.88,1.42,232.3,15.04,3.144,54.6,0,0.47084886758342753,Normal,Good,-
M07017,Type_16,85.23,1.5,223.5,17.17,3.454,111.2,0,0.4702871607044324,Normal,Good,-
M07988,Type_25,85.95,2.61,217.7,12.31,2.412,301.4,0,0.4701781732001286,Normal,Good,-
M00915,Type_16,85.18,2.06,216.1,15.49,3.013,267.5,0,0.469882409336616,Normal,Good,-
M01847,Type_10,82.24,1.62,217.9,14.76,2.895,608.1,0,0.46961006202746375,Normal,Good,-
M08705,Type_15,65.02,2.54,219.8,9.01,1.782,247.8,0,0.46896508859163505,Normal,Good,-
M06078,Type_13,81.31,1.53,225.9,12.97,2.637,200.9,0,0.46890545499391306,Normal,Good,-
M09695,Type_21,82.88,2.93,221.8,16.72,3.338,313.5,0,0.4684225996845488,Normal,Good,-
M09228,Type_12,53.11,1.94,231.3,15.2,3.164,931.2,0,0.4681356863755866,Normal,Good,-
M06437,Type_05,82.46,0.1,224.9,18.98,3.842,479.6,0,0.468087143386828,Normal,Good,-
M00506,Type_05,82.25,1.05,214.6,15.94,3.079,524.9,0,0.46736611495311076,Normal,Good,-
M03100,Type_07,46.23,1.38,231.0,20.14,4.187,329.4,0,0.4672453962940357,Normal,Good,-
M03018,Type_21,82.34,0.65,224.2,14.73,2.972,427.5,0,0.4670348300310308,Normal,Good,-
M02631,Type_17,81.73,1.7,217.1,18.11,3.539,315.4,0,0.4669787426785586,Normal,Good,-
M07214,Type_05,81.87,2.01,220.3,17.66,3.501,333.6,0,0.4662149208724643,Normal,Good,-
M09698,Type_17,56.57,0.26,232.6,14.76,3.09,684.0,0,0.4660646505246696,Normal,Good,-
M00595,Type_25,88.59,2.39,219.8,11.52,2.279,612.7,0,0.4657493580107759,Normal,Good,-
M08273,Type_07,57.92,3.16,208.4,9.54,1.789,740.8,0,0.46530969155793495,Normal,Good,-
M03314,Type_18,67.41,2.31,230.8,14.31,2.972,663.8,0,0.4650050415303989,Normal,Good,-
M08453,Type_05,85.87,1.54,216.7,20.33,3.965,977.1,0,0.4649640306288743,Normal,Good,-
M00872,Type_10,75.06,0.83,230.7,15.18,3.152,486.2,0,0.4646343896582115,Normal,Good,-
M01818,Type_20,84.8,1.21,215.4,20.64,4.001,149.9,0,0.46439431421478694,Normal,Good,-
M04209,Type_15,92.91,1.61,216.3,9.09,1.77,976.6,0,0.463723695644307,Normal,Good,-
M07128,Type_15,81.54,2.84,221.3,19.3,3.844,303.5,0,0.46336809682921204,Normal,Good,-
M09827,Type_05,81.58,2.82,218.7,14.26,2.807,347.9,0,0.4632363689143897,Normal,Good,-
M04470,Type_02,52.55,4.09,207.1,17.31,3.226,929.0,0,0.4626812006645094,Normal,Good,-
M04616,Type_06,82.19,3.26,212.8,17.21,3.296,116.4,0,0.4617633893253176,Normal,Good,-
M01115,Type_11,82.67,2.16,225.3,14.25,2.889,567.3,0,0.46174885840621804,Normal,Good,-
M04887,Type_13,41.62,1.61,216.0,9.42,1.831,958.3,0,0.46137785749368865,Normal,Good,-
M04118,Type_09,38.87,1.45,207.1,17.99,3.353,903.0,0,0.4612560646743136,Normal,Good,-
M00331,Type_18,73.21,2.55,231.3,16.05,3.341,626.9,0,0.4612295909696778,Normal,Good,-
M07176,Type_14,82.27,3.96,225.3,12.24,2.482,285.1,0,0.46099960873880347,Normal,Good,-
M09316,Type_15,83.32,4.06,220.5,12.32,2.445,421.4,0,0.45965096699584423,Normal,Good,-
M08856,Type_17,82.02,1.19,221.6,16.62,3.315,393.4,0,0.45943188249649813,Normal,Good,-
M09949,Type_09,82.13,1.03,214.1,18.76,3.615,701.5,0,0.45940299659590617,Normal,Good,-
M09723,Type_25,87.78,2.2,223.2,13.9,2.792,835.9,0,0.4593154746938712,Normal,Good,-
M02157,Type_13,82.24,1.08,221.1,19.92,3.964,373.5,0,0.4592309371959671,Normal,Good,-
M00504,Type_03,50.96,0.92,217.2,9.28,1.814,737.5,0,0.45906839996896615,Normal,Good,-
M06153,Type_16,85.93,1.55,215.4,19.08,3.699,228.0,0,0.4586172273669482,Normal,Good,-
M06206,Type_15,67.53,2.84,217.7,9.19,1.801,805.8,0,0.4584926753116386,Normal,Good,-
M02915,Type_03,47.13,1.8,217.2,9.07,1.773,230.1,0,0.45836485847089636,Normal,Good,-
M03815,Type_12,83.89,2.55,219.8,18.05,3.571,552.2,0,0.4583383047331065,Normal,Good,-
M02574,Type_15,83.31,1.98,224.6,10.95,2.213,565.6,0,0.4581363534341443,Normal,Good,-
M08635,Type_09,85.07,1.2,226.7,22.39,4.568,201.8,0,0.45799422453314764,Normal,Good,-
M09179,Type_19,53.27,4.7,211.9,15.29,2.916,206.3,0,0.45743105143223234,Normal,Good,-
M09397,Type_16,61.33,2.42,231.2,15.81,3.29,197.9,0,0.45659784274823667,Normal,Good,-
M09729,Type_19,83.19,2.25,218.0,12.16,2.386,526.3,0,0.4564025262974766,Normal,Good,-
M06427,Type_06,82.54,2.78,216.9,12.25,2.391,173.0,0,0.4557623420830204,Normal,Good,-
M01746,Type_10,65.67,3.06,230.9,11.36,2.361,783.3,0,0.4541133253897259,Normal,Good,-
M01010,Type_13,53.94,2.11,231.4,14.63,3.047,715.9,0,0.45400615680953976,Normal,Good,-
M01176,Type_22,70.86,4.78,224.0,18.67,3.764,655.5,0,0.453280848003577,Normal,Good,-
M08816,Type_06,72.73,2.31,207.8,11.59,2.168,491.4,0,0.4528945706166941,Normal,Good,-
M05375,Type_25,67.07,1.99,231.3,11.51,2.396,515.8,0,0.45283443827401526,Normal,Good,-
M02216,Type_16,82.82,1.26,223.2,9.39,1.886,899.3,0,0.4525918887935606,Normal,Good,-
M06819,Type_15,55.5,2.63,224.1,7.73,1.559,831.2,0,0.4523445774841404,Normal,Good,-
M03806,Type_11,85.6,0.8,220.7,13.76,2.733,980.1,0,0.4521160862761202,Normal,Good,-
M01383,Type_22,82.02,1.93,213.3,14.48,2.78,302.4,0,0.45147503753040996,Normal,Good,-
M05467,Type_09,81.39,0.57,229.6,16.08,3.323,754.5,0,0.45130324698276125,Normal,Good,-
M06114,Type_19,82.05,3.45,216.0,11.69,2.273,762.8,0,0.45118081780244146,Normal,Good,-
M08990,Type_03,61.45,2.47,214.3,9.29,1.792,85.0,0,0.4511003284055243,Normal,Good,-
M02273,Type_12,65.67,2.77,232.2,19.86,4.15,981.0,0,0.45101140134562606,Normal,Good,-
M07013,Type_11,81.78,3.85,224.7,14.3,2.892,113.5,0,0.44989702211557514,Normal,Good,-
M09987,Type_21,81.69,1.67,224.0,11.77,2.373,69.3,0,0.4490614821458395,Normal,Good,-
M07475,Type_14,74.23,1.66,227.5,8.82,1.806,678.3,0,0.44893413214131933,Normal,Good,-
M09254,Type_22,82.57,3.01,216.3,13.92,2.71,178.8,0,0.4488432317819216,Normal,Good,-
M08339,Type_15,78.61,1.73,231.6,17.5,3.648,765.0,0,0.44872003360205276,Normal,Good,-
M09451,Type_06,82.42,1.05,216.8,13.76,2.685,387.5,0,0.44871562473606214,Normal,Good,-
M08586,Type_06,81.92,2.83,213.8,13.99,2.692,847.1,0,0.44862133781762475,Normal,Good,-
M08342,Type_15,84.6,1.42,217.1,21.0,4.103,880.6,0,0.4482920118393268,Normal,Good,-
M06476,Type_11,82.35,1.5,219.7,16.39,3.241,94.0,0,0.4482231295806269,Normal,Good,-
M02572,Type_06,81.67,3.14,219.3,15.55,3.069,404.4,0,0.44814745626805313,Normal,Good,-
M04956,Type_19,82.79,0.82,226.8,12.15,2.48,207.2,0,0.44804752568928785,Normal,Good,-
M03088,Type_05,82.44,1.24,216.3,20.93,4.074,814.9,0,0.44787634936941606,Normal,Good,-
M06645,Type_11,81.55,3.32,221.8,14.42,2.879,705.5,0,0.44755709596724313,Normal,Good,-
M02524,Type_10,70.79,1.76,216.2,9.26,1.802,542.4,0,0.44748689270266145,Normal,Good,-
M01008,Type_09,68.29,0.1,213.9,9.74,1.875,74.6,0,0.4471901664911163,Normal,Good,-
M00332,Type_01,82.62,1.76,225.1,16.31,3.304,884.1,0,0.4461582096845998,Normal,Good,-
M01692,Type_23,82.58,3.0,215.4,17.15,3.325,922.4,0,0.4461508907155205,Normal,Good,-
M09497,Type_19,89.67,1.74,216.9,23.41,4.57,785.7,0,0.44462490638449526,Normal,Good,-
M05127,Type_03,59.55,2.27,218.0,8.59,1.685,245.2,0,0.443787563593079,Normal,Good,-
M09882,Type_25,68.87,2.93,230.9,13.75,2.857,638.8,0,0.4425037110352581,Normal,Good,-
M08459,Type_25,83.8,2.37,218.5,15.15,2.979,177.7,0,0.44236345736170646,Normal,Good,-
M01538,Type_21,81.6,2.23,221.0,18.87,3.753,551.4,0,0.44186927594930653,Normal,Good,-
M07019,Type_19,61.69,4.68,217.7,14.2,2.782,236.3,0,0.44172071290758064,Normal,Good,-
M08881,Type_20,63.48,2.63,207.7,20.43,3.819,379.4,0,0.4412527077529828,Normal,Good,-
M00666,Type_11,81.79,1.62,220.2,14.1,2.794,527.8,0,0.44100268675987037,Normal,Good,-
M08158,Type_25,67.03,0.1,231.5,15.05,3.136,608.1,0,0.44063289569075403,Normal,Good,-
M00950,Type_25,85.01,1.48,220.9,15.82,3.145,101.8,0,0.4400664536798596,Normal,Good,-
M03437,Type_22,78.3,2.47,231.4,19.09,3.976,365.9,0,0.43840548023694864,Normal,Good,-
M05773,Type_14,73.92,0.99,220.4,8.49,1.684,50.4,0,0.43838749915158404,Normal,Good,-
M09656,Type_08,81.72,1.17,225.5,15.22,3.089,445.2,0,0.43829288007049394,Normal,Good,-
M09886,Type_05,67.43,0.98,213.5,9.67,1.858,846.8,0,0.4379444742510594,Normal,Good,-
M03514,Type_01,67.97,2.36,215.1,9.67,1.872,361.6,0,0.4376579615317919,Normal,Good,-
M09335,Type_15,81.45,2.23,222.6,13.91,2.787,717.1,0,0.4375731415697159,Normal,Good,-
M03687,Type_10,82.01,0.1,221.1,15.39,3.062,171.5,0,0.43650459485358817,Normal,Good,-
M05303,Type_25,88.15,3.18,215.1,19.31,3.738,672.4,0,0.4364083527844109,Normal,Good,-
M07202,Type_05,64.23,4.73,214.2,16.33,3.148,939.5,0,0.4361745692805016,Normal,Good,-
M01646,Type_08,61.44,1.43,206.6,19.89,3.698,667.7,0,0.4359450543273928,Normal,Good,-
M01589,Type_07,81.35,2.22,220.0,14.34,2.839,693.9,0,0.4358517536325245,Normal,Good,-
M01243,Type_11,55.65,5.23,223.8,20.26,4.081,312.3,0,0.43572066076319965,Normal,Good,-
M05398,Type_21,81.95,2.47,222.0,13.13,2.623,361.0,0,0.4353076674845069,Normal,Good,-
M03968,Type_02,59.79,4.7,223.0,12.67,2.543,86.9,0,0.43513051461755586,Normal,Good,-
M06022,Type_17,82.84,2.8,215.4,10.06,1.95,814.4,0,0.43499825816441706,Normal,Good,-
M07670,Type_15,59.72,1.88,223.7,8.62,1.735,67.6,0,0.43276488437158844,Normal,Good,-
M09973,Type_03,74.52,1.55,222.0,8.61,1.72,288.6,0,0.4327404404242591,Normal,Good,-
M07313,Type_11,81.6,2.25,220.2,13.64,2.703,77.2,0,0.4326828461637966,Normal,Good,-
M02465,Type_17,81.31,1.65,218.2,17.87,3.509,370.6,0,0.43264322667348865,Normal,Good,-
M07868,Type_19,58.18,1.8,221.7,9.29,1.854,276.6,0,0.43260269242191496,Normal,Good,-
M00679,Type_24,64.81,3.14,215.9,9.54,1.854,382.0,0,0.43228817338531356,Normal,Good,-
M07756,Type_19,81.87,2.7,222.1,16.73,3.344,466.0,0,0.43200877680207983,Normal,Good,-
M02728,Type_19,82.47,0.71,220.3,18.45,3.658,356.7,0,0.43188158443405067,Normal,Good,-
M08166,Type_12,66.04,2.58,231.3,15.24,3.173,158.1,0,0.43184515918036515,Normal,Good,-
M05783,Type_05,73.2,1.52,235.4,14.18,3.004,971.5,0,0.4312383363540582,Normal,Good,-
M00237,Type_18,83.05,1.49,227.0,21.41,4.374,856.7,0,0.43068571552526846,Normal,Good,-
M02409,Type_15,54.54,1.78,220.2,8.0,1.585,528.1,0,0.43014902123686916,Normal,Good,-
M06033,Type_15,61.16,0.81,227.2,8.6,1.759,530.2,0,0.4292878325820114,Normal,Good,-
M00638,Type_02,51.24,0.1,206.6,14.3,2.659,830.7,0,0.4291739400042877,Normal,Good,-
M06229,Type_11,54.93,3.33,206.5,13.38,2.487,59.0,0,0.4277064579864318,Normal,Good,-
M08075,Type_06,73.53,1.91,218.3,9.32,1.831,162.7,0,0.42765583290501474,Normal,Good,-
M09806,Type_18,82.79,2.29,223.3,11.9,2.392,710.9,0,0.427213989156637,Normal,Good,-
M01957,Type_23,82.1,1.71,215.1,13.2,2.555,939.2,0,0.4269764344428083,Normal,Good,-
M04221,Type_15,77.54,3.17,225.0,8.26,1.673,294.3,0,0.4261854330083477,Normal,Good,-
M04008,Type_03,77.44,1.59,233.2,14.83,3.113,97.3,0,0.42617826735386255,Normal,Good,-
M03737,Type_18,82.53,2.66,211.4,12.16,2.314,513.7,0,0.42582770106297885,Normal,Good,-
M03083,Type_08,82.55,1.97,218.1,19.58,3.843,57.8,0,0.4249050452541718,Normal,Good,-
M06538,Type_07,67.84,4.66,224.7,10.98,2.22,824.5,0,0.42467789164082353,Normal,Good,-
M03801,Type_01,57.16,1.2,210.9,9.53,1.809,741.1,0,0.42444104578226793,Normal,Good,-
M02139,Type_13,36.68,2.4,232.3,12.76,2.668,719.3,0,0.42443166542908173,Normal,Good,-
M06485,Type_16,84.42,1.78,220.9,14.99,2.98,524.6,0,0.42434877932342013,Normal,Good,-
M05937,Type_21,62.81,4.82,220.5,14.56,2.889,864.1,0,0.4242743085586333,Normal,Good,-
M02619,Type_10,81.63,1.97,222.0,19.74,3.944,430.1,0,0.42419672810060605,Normal,Good,-
M01636,Type_15,83.18,1.43,222.2,19.45,3.89,521.7,0,0.4239904913531205,Normal,Good,-
M08044,Type_16,84.61,1.44,222.3,18.09,3.619,618.4,0,0.42379970595347033,Normal,Good,-
M05231,Type_15,50.07,0.65,218.6,6.17,1.214,800.5,0,0.4227718362601358,Normal,Good,-
M02528,Type_23,55.61,4.62,217.9,13.28,2.604,514.2,0,0.42275128378342147,Normal,Good,-
M06849,Type_19,81.52,2.4,222.8,16.82,3.373,407.6,0,0.42242281409706645,Normal,Good,-
M09427,Type_18,82.23,3.03,213.1,15.01,2.879,233.6,0,0.4223599608800537,Normal,Good,-
M06624,Type_16,83.37,0.88,218.6,17.01,3.347,316.3,0,0.42228870214966635,Normal,Good,-
M04182,Type_09,73.38,2.94,218.4,9.5,1.867,140.0,0,0.4220590223022316,Normal,Good,-
M00939,Type_18,82.6,2.43,216.7,15.07,2.939,554.9,0,0.42190675149835605,Normal,Good,-
M00809,Type_09,59.1,2.9,219.7,9.5,1.878,107.1,0,0.42165350089821885,Normal,Good,-
M06118,Type_10,81.45,1.83,215.7,22.73,4.413,396.4,0,0.42164252592186136,Normal,Good,-
M00492,Type_20,55.07,5.18,220.1,18.47,3.659,116.7,0,0.42164153352129696,Normal,Good,-
M06334,Type_17,52.53,1.91,224.1,9.38,1.892,106.9,0,0.42081024067608935,Normal,Good,-
M05737,Type_24,80.6,2.29,219.1,16.61,3.275,543.9,0,0.42041599391530476,Normal,Good,-
M09306,Type_17,64.13,3.11,220.9,9.44,1.877,343.1,0,0.419098004705118,Normal,Good,-
M02257,Type_24,64.74,2.18,218.1,9.43,1.851,918.7,0,0.41811432491106304,Normal,Good,-
M05914,Type_22,71.92,2.08,219.0,9.45,1.863,969.1,0,0.41698835845400345,Normal,Good,-
M02335,Type_23,60.48,4.64,221.7,17.61,3.514,867.5,0,0.4166762728753689,Normal,Good,-
M07555,Type_03,70.55,2.07,231.3,15.34,3.193,230.6,0,0.4165295486258116,Normal,Good,-
M02779,Type_17,69.49,2.59,231.3,17.19,3.578,78.1,0,0.41639488891522963,Normal,Good,-
M02418,Type_07,82.93,1.32,214.1,17.0,3.276,972.6,0,0.41588708204775704,Normal,Good,-
M02287,Type_04,80.75,2.59,214.1,11.7,2.254,225.1,0,0.415416567903119,Normal,Good,-
M09892,Type_08,81.86,1.06,224.7,16.99,3.436,197.6,0,0.4151453791205833,Normal,Good,-
M00601,Type_18,82.4,2.84,216.4,16.98,3.307,481.2,0,0.4148719277150971,Normal,Good,-
M09064,Type_15,76.62,2.6,219.2,8.48,1.673,332.4,0,0.4145372977474608,Normal,Good,-
M08330,Type_23,67.26,2.23,230.9,13.83,2.874,162.4,0,0.4142338474071806,Normal,Good,-
M09183,Type_09,82.69,0.41,219.7,19.52,3.86,934.3,0,0.413233707752058,Normal,Good,-
M04984,Type_20,81.9,2.28,218.9,14.9,2.935,642.2,0,0.4131820900378038,Normal,Good,-
M08017,Type_19,81.32,1.73,221.1,15.52,3.088,437.0,0,0.4129204991739256,Normal,Good,-
M02517,Type_20,82.31,1.72,221.0,15.19,3.021,651.0,0,0.4123639155530248,Normal,Good,-
M09885,Type_05,62.81,2.47,232.1,10.42,2.177,906.9,0,0.4121329735229142,Normal,Good,-
M08164,Type_15,81.17,1.4,220.4,16.23,3.219,459.5,0,0.4121233798758932,Normal,Good,-
M07245,Type_25,72.74,4.62,214.8,17.32,3.348,419.6,0,0.409214037461614,Normal,Good,-
M07155,Type_22,81.54,2.07,220.0,16.29,3.225,217.1,0,0.4088717469376282,Normal,Good,-
M08626,Type_17,67.22,2.63,207.8,16.93,3.166,654.3,0,0.4075942438988658,Normal,Good,-
M01471,Type_15,65.24,1.95,218.2,8.14,1.599,346.6,0,0.4074138871703961,Normal,Good,-
M02685,Type_07,57.71,2.27,217.1,9.45,1.846,291.8,0,0.40620190670009626,Normal,Good,-
M09252,Type_06,81.54,3.06,221.3,10.74,2.139,455.0,0,0.4056682369595999,Normal,Good,-
M08823,Type_25,69.85,2.33,216.9,9.6,1.874,749.1,0,0.40468379885685996,Normal,Good,-
M08290,Type_15,81.09,2.77,223.3,15.92,3.199,341.4,0,0.4045670637823217,Normal,Good,-
M02362,Type_12,70.56,0.1,221.1,9.52,1.894,457.9,0,0.40412842005633065,Normal,Good,-
M00107,Type_10,73.52,1.59,233.1,11.91,2.499,66.1,0,0.40412462346494715,Normal,Good,-
M08420,Type_05,79.48,0.84,232.2,16.76,3.503,94.9,0,0.4040700439590265,Normal,Good,-
M05691,Type_12,81.86,2.66,219.1,15.43,3.043,699.6,0,0.40337289004399274,Normal,Good,-
M04322,Type_02,60.53,2.69,207.6,10.18,1.902,293.8,0,0.4027514551797618,Normal,Good,-
M05479,Type_13,59.06,0.24,230.8,14.91,3.097,354.4,0,0.4023592411550884,Normal,Good,-
M09833,Type_12,82.14,2.24,227.3,17.29,3.537,727.9,0,0.40198691049404217,Normal,Good,-
M03300,Type_15,74.33,1.23,224.7,8.71,1.761,910.0,0,0.4018420543290378,Normal,Good,-
M01051,Type_15,77.68,1.55,218.3,7.95,1.562,965.6,0,0.4008201981540684,Normal,Good,-
M07970,Type_20,82.58,2.64,218.8,14.02,2.761,389.0,0,0.4001274396328136,Normal,Good,-
M05793,Type_22,81.87,1.22,219.7,12.86,2.543,75.3,0,0.40008315886589313,Normal,Good,-
M00263,Type_22,81.54,1.02,220.2,12.04,2.386,336.6,0,0.39971531334105925,Normal,Good,-
M00759,Type_22,78.32,3.06,207.7,15.89,2.97,63.2,0,0.39835527530922266,Normal,Good,-
M08159,Type_17,68.73,0.93,220.0,9.62,1.905,809.3,0,0.3979060729974116,Normal,Good,-
M01123,Type_05,81.03,1.41,226.2,15.96,3.249,517.7,0,0.3978617568413959,Normal,Good,-
M03331,Type_22,83.53,1.55,222.8,21.82,4.375,986.8,0,0.39766724191173014,Normal,Good,-
M00476,Type_20,81.68,2.12,215.6,19.18,3.722,180.0,0,0.39745625955766145,Normal,Good,-
M08093,Type_19,52.23,3.59,207.8,16.77,3.136,927.7,0,0.39737227878885795,Normal,Good,-
M08533,Type_25,83.39,0.31,216.1,19.92,3.874,731.5,0,0.3970852253708938,Normal,Good,-
M06091,Type_12,81.64,1.83,223.2,10.14,2.037,738.8,0,0.3970099469013831,Normal,Good,-
M09888,Type_16,82.9,4.06,210.9,11.74,2.228,102.4,0,0.3969142983245466,Normal,Good,-
M05530,Type_25,84.38,3.08,218.0,18.68,3.665,463.3,0,0.3964428826955513,Normal,Good,-
M09588,Type_10,79.81,0.62,232.3,18.42,3.851,375.0,0,0.3960674685274698,Normal,Good,-
M08587,Type_25,55.08,1.49,230.7,13.07,2.714,268.3,0,0.3958622889135618,Normal,Good,-
M03882,Type_20,81.74,2.56,223.5,14.19,2.854,525.8,0,0.395537965948603,Normal,Good,-
M02556,Type_20,81.63,2.5,218.6,16.59,3.264,122.9,0,0.3950051102269409,Normal,Good,-
M06971,Type_18,81.51,1.63,223.2,16.13,3.24,483.1,0,0.39426372902937223,Normal,Good,-
M01192,Type_11,82.2,1.17,217.4,9.98,1.953,586.3,0,0.3938295016559384,Normal,Good,-
M02134,Type_07,69.78,2.88,223.3,9.39,1.887,328.7,0,0.3936715222189698,Normal,Good,-
M05618,Type_12,75.79,2.46,231.0,17.06,3.547,377.5,0,0.39360393177673764,Normal,Good,-
M06910,Type_04,81.02,2.93,220.6,15.24,3.026,891.7,0,0.393360608712951,Normal,Good,-
M05743,Type_20,81.48,3.33,218.9,15.83,3.119,833.0,0,0.39215166510748994,Normal,Good,-
M09125,Type_20,81.88,2.44,219.6,15.2,3.004,749.7,0,0.3921074349043998,Normal,Good,-
M00269,Type_22,86.46,0.86,227.2,16.76,3.427,999.4,0,0.3914395483626827,Normal,Good,-
M05630,Type_25,73.45,1.86,212.3,9.76,1.865,199.3,0,0.39039621995207574,Normal,Good,-
M02647,Type_01,81.03,1.97,219.9,13.77,2.725,531.3,0,0.38887479495001587,Normal,Good,-
M01735,Type_11,73.33,2.03,219.6,9.43,1.864,457.5,0,0.38805583925481635,Normal,Good,-
M04063,Type_21,81.12,3.45,225.2,12.14,2.461,570.5,0,0.3867467103883711,Normal,Good,-
M03481,Type_18,51.49,0.7,208.0,13.74,2.572,92.6,0,0.3856651097679349,Normal,Good,-
M07374,Type_14,82.5,2.94,215.8,14.27,2.772,956.0,0,0.3852688425156273,Normal,Good,-
M00729,Type_20,81.5,3.02,217.2,14.26,2.788,218.9,0,0.38492533464771733,Normal,Good,-
M06132,Type_17,80.84,2.26,224.0,15.62,3.149,70.0,0,0.38478379670182206,Normal,Good,-
M07927,Type_10,81.62,2.6,217.4,14.68,2.872,966.8,0,0.38443909624216166,Normal,Good,-
M03779,Type_08,81.16,0.93,223.9,10.64,2.144,66.4,0,0.38366762777793845,Normal,Good,-
M03215,Type_25,87.84,0.1,211.7,23.27,4.434,917.6,0,0.3827764129630688,Normal,Good,-
M03295,Type_13,82.01,1.38,218.9,23.2,4.571,924.3,0,0.3817917355939631,Normal,Good,-
M08794,Type_07,81.13,1.21,222.1,13.71,2.74,456.4,0,0.37887690130159435,Normal,Good,-
M09712,Type_23,76.78,2.74,217.6,9.69,1.898,614.4,0,0.3774799885822514,Normal,Good,-
M06901,Type_07,74.67,0.78,230.8,17.85,3.708,156.8,0,0.3764408225101971,Normal,Good,-
M02934,Type_05,78.7,1.47,232.9,14.7,3.081,621.6,0,0.3758208223355783,Normal,Good,-
M09714,Type_05,56.35,2.47,233.1,12.68,2.66,323.8,0,0.37570793716625306,Normal,Good,-
M09900,Type_11,80.9,3.61,224.2,10.44,2.107,784.0,0,0.375170391184799,Normal,Good,-
M00516,Type_11,82.13,1.95,221.6,14.42,2.876,935.9,0,0.37439420073618884,Normal,Good,-
M02513,Type_15,49.94,0.1,211.9,8.96,1.709,643.5,0,0.37418681642609947,Normal,Good,-
M03351,Type_22,62.15,3.05,224.6,9.33,1.886,221.7,0,0.37393698035619694,Normal,Good,-
M07225,Type_20,82.19,2.44,220.8,16.71,3.321,900.6,0,0.3725025972408844,Normal,Good,-
M06962,Type_01,80.56,2.23,228.2,17.24,3.541,744.6,0,0.37250018584622113,Normal,Good,-
M09238,Type_04,80.71,0.94,226.5,16.03,3.268,696.7,0,0.3724683093042415,Normal,Good,-
M09681,Type_21,81.31,3.15,221.6,18.18,3.626,231.4,0,0.37237626656745976,Normal,Good,-
M06488,Type_08,81.61,2.34,216.5,16.69,3.252,964.3,0,0.371588285755184,Normal,Good,-
M01394,Type_16,82.57,1.09,226.5,16.26,3.315,324.7,0,0.371321524851011,Normal,Good,-
M02286,Type_19,80.9,3.85,226.8,12.28,2.507,416.0,0,0.37090663511639915,Normal,Good,-
M05790,Type_15,72.38,2.41,222.3,9.3,1.861,338.9,0,0.37047947514394963,Normal,Good,-
M04446,Type_02,78.71,4.88,226.9,20.81,4.25,814.2,0,0.3702094650541149,Normal,Good,-
M02350,Type_20,79.62,1.03,219.3,9.65,1.905,601.9,0,0.36989228315561673,Normal,Good,-
M06898,Type_19,81.47,0.98,216.3,10.5,2.044,183.2,0,0.36952279943780497,Normal,Good,-
M00253,Type_15,83.99,0.81,219.0,11.88,2.342,999.8,0,0.3694901475081369,Normal,Good,-
M07037,Type_25,82.37,3.26,217.2,14.2,2.776,260.2,0,0.36854282255148313,Normal,Good,-
M08639,Type_04,80.49,0.1,228.2,11.84,2.432,302.6,0,0.36812851411025865,Normal,Good,-
M02597,Type_15,60.36,0.74,221.9,8.4,1.678,100.0,0,0.3681041788792445,Normal,Good,-
M00973,Type_20,84.17,0.28,222.3,19.94,3.989,981.3,0,0.36646767485830617,Normal,Good,-
M08963,Type_08,80.86,3.04,220.2,15.21,3.014,168.4,0,0.36639179943992434,Normal,Good,-
M08847,Type_02,71.97,4.34,231.3,22.37,4.657,919.3,0,0.36629725813621755,Normal,Good,-
M05344,Type_08,80.92,1.76,220.7,15.87,3.152,661.7,0,0.36569030986541806,Normal,Good,-
M02319,Type_04,80.73,2.45,222.6,12.54,2.512,919.3,0,0.3655078561504337,Normal,Good,-
M02760,Type_17,81.06,4.29,223.8,14.75,2.971,982.2,0,0.36520834384698575,Normal,Good,-
M02624,Type_23,80.62,2.75,218.5,14.78,2.906,463.5,0,0.3650290891147794,Normal,Good,-
M07961,Type_16,75.16,2.97,215.7,9.64,1.871,990.8,0,0.3646691030548066,Normal,Good,-
M09798,Type_21,61.22,4.03,209.0,16.3,3.066,795.1,0,0.364255823318927,Normal,Good,-
M08036,Type_08,79.5,2.47,230.4,11.22,2.327,400.8,0,0.3632387062298252,Normal,Good,-
M05083,Type_16,82.99,0.49,223.2,16.33,3.28,389.2,0,0.3631034207597565,Normal,Good,-
M06942,Type_15,42.5,0.98,219.2,9.39,1.852,283.3,0,0.3612633587016926,Normal,Good,-
M01462,Type_04,72.66,2.68,214.6,9.75,1.883,144.7,0,0.3606149082492257,Normal,Good,-
M01408,Type_25,83.19,4.03,218.3,18.95,3.723,561.9,0,0.35920632812876185,Normal,Good,-
M00641,Type_25,62.7,4.67,214.0,16.68,3.213,968.4,0,0.35876438738274224,Normal,Good,-
M07034,Type_08,80.99,3.03,218.5,18.51,3.64,848.6,0,0.35778520208784753,Normal,Good,-
M07131,Type_20,82.02,1.96,219.8,17.99,3.559,933.3,0,0.35755741905394983,Normal,Good,-
M02933,Type_12,71.03,0.95,218.6,9.66,1.901,636.5,0,0.35724560131261696,Normal,Good,-
M06234,Type_14,67.14,2.27,217.3,9.69,1.895,401.4,0,0.3566242248486697,Normal,Good,-
M08579,Type_19,81.06,1.61,221.9,13.77,2.75,401.9,0,0.35661831494771545,Normal,Good,-
M05912,Type_12,82.33,0.3,219.7,13.36,2.642,959.8,0,0.354781270484059,Normal,Good,-
M08392,Type_02,54.49,0.77,217.8,9.64,1.89,961.4,0,0.35417558412050687,Normal,Good,-
M06654,Type_16,82.5,3.86,217.6,15.86,3.106,759.0,0,0.35391066546305905,Normal,Good,-
M06936,Type_23,61.01,0.67,225.4,9.37,1.901,206.3,0,0.3538583298463152,Normal,Good,-
M05136,Type_03,48.65,3.49,210.4,9.71,1.839,856.7,0,0.3536463163059383,Normal,Good,-
M09476,Type_13,80.55,0.42,220.7,12.16,2.415,419.5,0,0.3533394852151559,Normal,Good,-
M01621,Type_23,80.69,1.34,219.0,22.09,4.354,329.4,0,0.3531542123834722,Normal,Good,-
M04657,Type_05,58.78,2.81,220.6,9.53,1.892,201.2,0,0.3530963085920296,Normal,Good,-
M02470,Type_20,81.15,3.39,225.9,15.04,3.058,965.7,0,0.3530396041176864,Normal,Good,-
M09069,Type_06,80.79,1.77,221.5,23.02,4.589,299.1,0,0.35228186790724697,Normal,Good,-
M06260,Type_20,71.45,4.11,213.2,9.45,1.813,557.5,0,0.3520357659863776,Normal,Good,-
M08098,Type_15,65.83,3.12,216.8,9.31,1.817,908.2,0,0.34929040248602894,Normal,Good,-
M01665,Type_14,68.43,2.67,220.7,9.52,1.891,664.7,0,0.3490061911469132,Normal,Good,-
M09959,Type_05,80.91,0.61,217.3,12.57,2.458,829.0,0,0.34896913195748136,Normal,Good,-
M06197,Type_25,82.63,1.79,223.6,14.64,2.946,338.7,0,0.3488129081369226,Normal,Good,-
M07348,Type_16,82.18,2.1,216.7,14.19,2.767,475.8,0,0.34659902912706025,Normal,Good,-
M06182,Type_16,83.21,2.2,223.9,14.72,2.966,853.8,0,0.34602082161706,Normal,Good,-
M09499,Type_22,80.56,2.42,221.6,15.22,3.035,203.5,0,0.34599153087528633,Normal,Good,-
M07046,Type_13,59.69,2.81,230.6,14.35,2.978,760.0,0,0.3458037008989637,Normal,Good,-
M07080,Type_02,47.99,0.7,218.8,26.76,5.27,674.8,0,0.3454600576439797,Normal,Good,-
M08959,Type_17,80.83,0.6,219.8,15.91,3.147,74.1,0,0.34459184338487814,Normal,Good,-
M07891,Type_22,53.63,4.86,216.1,12.62,2.454,951.5,0,0.34427555073155586,Normal,Good,-
M05643,Type_11,80.52,2.78,223.2,14.36,2.885,480.7,0,0.3434168119547085,Normal,Good,-
M06562,Type_21,63.98,4.68,215.1,12.5,2.42,151.2,0,0.34248018885169446,Normal,Good,-
M05947,Type_21,82.56,2.57,218.1,14.14,2.776,977.8,0,0.3424192228010463,Normal,Good,-
M05645,Type_16,82.36,2.34,214.9,14.58,2.82,785.8,0,0.34229151265507857,Normal,Good,-
M09934,Type_21,80.54,2.8,224.5,16.8,3.394,738.7,0,0.33968610277617933,Normal,Good,-
M06196,Type_14,80.63,0.94,216.4,16.21,3.157,700.0,0,0.3390739706651976,Normal,Good,-
M02578,Type_25,81.97,1.88,226.9,18.12,3.7,902.0,0,0.3390036343077519,Normal,Good,-
M00232,Type_12,77.14,1.3,218.1,9.7,1.904,681.8,0,0.33830250854842575,Normal,Good,-
M08487,Type_08,51.53,2.34,227.7,24.95,5.113,921.5,0,0.3368231895301831,Normal,Good,-
M01064,Type_16,81.86,1.28,215.1,11.64,2.253,427.5,0,0.3361327456812844,Normal,Good,-
M04393,Type_07,80.46,2.4,227.2,16.54,3.382,678.8,0,0.33599698325641797,Normal,Good,-
M07739,Type_12,61.25,2.11,208.2,11.3,2.117,600.8,0,0.3354705037973462,Normal,Good,-
M04388,Type_21,80.75,2.93,217.6,17.37,3.402,611.0,0,0.3351712179638593,Normal,Good,-
M06088,Type_17,66.25,2.36,225.0,9.58,1.94,313.0,0,0.33420559474889616,Normal,Good,-
M04462,Type_17,80.62,1.09,218.4,14.61,2.872,526.7,0,0.3340421946595545,Normal,Good,-
M00050,Type_25,82.68,1.34,220.9,16.18,3.217,358.1,0,0.3330452066053102,Normal,Good,-
M09217,Type_25,82.06,1.31,221.1,16.89,3.361,365.3,0,0.33262448457410143,Normal,Good,-
M09671,Type_11,61.56,1.79,208.3,13.52,2.535,572.9,0,0.33252082142174233,Normal,Good,-
M08060,Type_01,80.59,2.13,217.6,16.4,3.212,860.8,0,0.33207219188918125,Normal,Good,-
M04281,Type_06,80.74,1.95,221.8,11.3,2.256,850.7,0,0.33145222400121405,Normal,Good,-
M00774,Type_07,80.55,0.35,216.7,11.37,2.217,90.0,0,0.3309139536172332,Normal,Good,-
M02181,Type_06,80.46,2.15,229.6,14.05,2.903,354.2,0,0.3300464183856352,Normal,Good,-
M00186,Type_12,80.61,1.29,220.8,11.46,2.277,107.2,0,0.3298493195917967,Normal,Good,-
M05143,Type_12,61.03,2.94,230.6,11.98,2.486,677.8,0,0.32982811316610594,Normal,Good,-
M02521,Type_19,65.11,3.66,218.1,9.36,1.837,97.8,0,0.3291689784613515,Normal,Good,-
M09562,Type_18,74.71,2.55,208.1,14.42,2.701,264.9,0,0.3291106173759744,Normal,Good,-
M06805,Type_16,74.94,1.09,208.2,11.98,2.245,234.1,0,0.3264574490840802,Normal,Good,-
M06729,Type_08,64.19,1.33,230.6,19.18,3.981,318.2,0,0.326279827911158,Normal,Good,-
M02339,Type_06,80.82,1.93,229.1,9.91,2.043,860.3,0,0.3261428773240482,Normal,Good,-
M05252,Type_16,82.69,2.72,221.7,15.88,3.169,532.8,0,0.32590037986211556,Normal,Good,-
M08931,Type_12,80.69,2.4,217.4,14.83,2.902,788.8,0,0.3247663442070503,Normal,Good,-
M01727,Type_02,70.5,0.96,230.2,15.66,3.244,748.5,0,0.3243705831832475,Normal,Good,-
M01003,Type_15,77.72,1.1,230.5,16.27,3.375,482.6,0,0.3229073162468293,Normal,Good,-
M07430,Type_21,80.84,0.74,227.7,11.77,2.412,974.0,0,0.3227382879107486,Normal,Good,-
M09837,Type_25,81.39,2.99,227.2,12.48,2.552,292.7,0,0.322706408129522,Normal,Good,-
M02621,Type_16,49.93,0.25,219.0,9.45,1.863,598.4,0,0.3214985626199557,Normal,Good,-
M07536,Type_12,80.47,1.57,221.3,12.16,2.422,361.8,0,0.32108865800780345,Normal,Good,-
M06110,Type_10,57.19,1.35,223.9,9.33,1.88,202.6,0,0.32094235669105475,Normal,Good,-
M09584,Type_12,77.71,1.48,208.4,14.62,2.742,144.2,0,0.3197585534631089,Normal,Good,-
M02512,Type_11,49.77,2.75,230.3,15.58,3.229,707.9,0,0.31788065751916306,Normal,Good,-
M08670,Type_06,53.7,2.24,208.3,14.12,2.647,287.9,0,0.3177356475796099,Normal,Good,-
M02540,Type_19,57.83,1.52,217.9,9.59,1.881,169.6,0,0.3176083403963786,Normal,Good,-
M07389,Type_22,64.19,0.1,230.6,21.87,4.539,447.0,0,0.3168605601465638,Normal,Good,-
M06433,Type_25,81.42,2.17,224.8,11.17,2.26,310.4,0,0.31636544757609664,Normal,Good,-
M06550,Type_25,81.26,2.63,216.0,16.76,3.258,804.1,0,0.31594503058649914,Normal,Good,-
M07765,Type_19,71.01,2.26,208.7,9.95,1.869,891.3,0,0.31340943812476774,Normal,Good,-
M04428,Type_18,80.68,1.5,219.8,13.45,2.661,288.6,0,0.3132671761190636,Normal,Good,-
M03438,Type_07,81.35,1.33,219.6,14.78,2.921,991.9,0,0.3130492438619931,Normal,Good,-
M09133,Type_16,74.56,1.79,208.0,22.44,4.201,946.9,0,0.31159929490310445,Normal,Good,-
M05436,Type_02,72.14,1.21,209.3,13.12,2.471,572.0,0,0.3091140099771094,Normal,Good,-
M09170,Type_11,65.26,1.05,226.5,9.53,1.943,104.7,0,0.3089253006931932,Normal,Good,-
M00619,Type_12,76.69,2.88,230.4,13.36,2.77,904.1,0,0.3081285991917048,Normal,Good,-
M01688,Type_09,50.33,1.77,208.7,17.62,3.31,451.4,0,0.30795732780878565,Normal,Good,-
M05851,Type_17,60.21,3.43,208.4,15.15,2.842,333.4,0,0.30791321763086676,Normal,Good,-
M06689,Type_24,76.86,2.96,208.0,20.67,3.869,431.2,0,0.3076590372415387,Normal,Good,-
M04231,Type_16,80.69,3.78,213.3,13.38,2.569,750.7,0,0.3074641412451926,Normal,Good,-
M07706,Type_06,59.49,3.89,219.1,9.47,1.867,528.5,0,0.3073310349309129,Normal,Good,-
M07665,Type_13,62.1,3.74,208.5,21.06,3.952,392.6,0,0.3072474703673134,Normal,Good,-
M04821,Type_23,59.94,1.42,208.0,10.38,1.943,59.8,0,0.3071471609905824,Normal,Good,-
M08073,Type_11,61.34,1.34,218.4,9.68,1.903,110.1,0,0.3064119526201622,Normal,Good,-
M03410,Type_10,72.48,2.27,230.5,15.87,3.292,575.9,0,0.30500240738255496,Normal,Good,-
M00590,Type_25,81.18,1.99,219.9,11.24,2.225,839.7,0,0.3047713716068151,Normal,Good,-
M04043,Type_03,76.09,2.17,214.5,9.82,1.896,529.2,0,0.30471551638681754,Normal,Good,-
M02854,Type_10,50.52,1.84,220.3,9.56,1.895,324.0,0,0.30399651724249527,Normal,Good,-
M08185,Type_08,52.92,3.24,230.4,14.56,3.019,159.0,0,0.3036240685097285,Normal,Good,-
M02056,Type_03,69.73,0.75,230.6,14.4,2.989,237.8,0,0.30359290089844954,Normal,Good,-
M07585,Type_07,69.88,0.97,208.7,11.86,2.228,725.0,0,0.3007911724157089,Normal,Good,-
M04173,Type_10,38.12,2.14,218.2,9.34,1.834,259.1,0,0.3001983625957022,Normal,Good,-
M09215,Type_21,59.73,1.34,230.2,19.77,4.096,323.1,0,0.2998797822446462,Normal,Good,-
M01455,Type_01,61.96,3.43,217.6,9.73,1.906,186.8,0,0.29922599848525544,Normal,Good,-
M01473,Type_20,73.89,2.49,230.3,17.31,3.588,645.4,0,0.29804869696768377,Normal,Good,-
M09373,Type_25,68.13,2.38,230.6,11.57,2.401,278.8,0,0.2977535485561542,Normal,Good,-
M07304,Type_12,81.42,2.7,211.3,15.49,2.946,986.2,0,0.2965081901258875,Normal,Good,-
M09636,Type_08,76.23,1.44,208.8,12.32,2.315,289.6,0,0.2956811017464699,Normal,Good,-
M01199,Type_11,77.52,2.32,208.8,16.7,3.138,463.3,0,0.2954032238390888,Normal,Good,-
M07372,Type_21,63.87,3.78,217.2,10.15,1.984,804.9,0,0.2943968930607232,Normal,Good,-
M05806,Type_19,67.18,0.42,230.3,15.18,3.146,618.1,0,0.293879939295703,Normal,Good,-
M02213,Type_06,62.0,1.81,208.7,15.75,2.958,374.7,0,0.29368325468472467,Normal,Good,-
M00200,Type_15,80.63,3.31,218.0,16.99,3.333,966.5,0,0.2922598888366072,Normal,Good,-
M00989,Type_20,80.61,1.98,219.2,15.06,2.971,65.9,0,0.2921261514131933,Normal,Good,-
M06857,Type_13,80.98,1.53,223.7,16.67,3.356,981.9,0,0.29126671270522225,Normal,Good,-
M06042,Type_12,71.08,2.37,208.9,18.88,3.55,812.9,0,0.290626346831547,Normal,Good,-
M01131,Type_13,73.96,3.14,208.8,18.35,3.448,77.6,0,0.2902132017991692,Normal,Good,-
M09794,Type_12,75.66,1.65,230.4,16.78,3.48,112.4,0,0.29013818457572266,Normal,Good,-
M05275,Type_12,72.25,1.94,230.6,18.81,3.904,554.9,0,0.2899730709151367,Normal,Good,-
M08434,Type_21,58.51,2.79,230.3,18.49,3.832,245.3,0,0.2896395545827829,Normal,Good,-
M09031,Type_09,61.12,1.93,224.3,9.61,1.94,51.4,0,0.28921935452602604,Normal,Good,-
M09752,Type_25,82.06,2.44,213.0,10.64,2.04,802.7,0,0.2884945009208449,Normal,Good,-
M06887,Type_06,61.5,4.55,230.3,18.14,3.76,670.7,0,0.28816289934449046,Normal,Good,-
M04845,Type_02,57.59,3.36,228.0,9.42,1.933,340.8,0,0.2877237023132923,Normal,Good,-
M08052,Type_02,76.09,1.55,230.3,16.14,3.345,299.3,0,0.28649492182948927,Normal,Good,-
M08973,Type_05,60.41,0.49,208.4,16.88,3.166,210.7,0,0.28636323928762036,Normal,Good,-
M05465,Type_25,54.74,1.62,230.5,13.14,2.726,767.4,0,0.2863630377706206,Normal,Good,-
M04818,Type_25,81.86,1.06,216.0,10.53,2.047,494.8,0,0.285330998800502,Normal,Good,-
M09376,Type_18,65.44,3.34,208.9,15.67,2.946,313.1,0,0.2849779359566511,Normal,Good,-
M06585,Type_15,70.9,1.32,224.6,9.4,1.9,892.8,0,0.2830359580482357,Normal,Good,-
M07207,Type_12,54.36,1.53,208.8,17.29,3.249,103.8,0,0.2829050267080853,Normal,Good,-
M02457,Type_11,77.9,1.37,208.6,17.29,3.246,143.6,0,0.2823976785653482,Normal,Good,-
M09819,Type_01,63.51,2.06,230.3,17.8,3.689,713.6,0,0.2814549321817764,Normal,Good,-
M07962,Type_19,67.36,1.17,209.5,15.63,2.947,873.6,0,0.27793271981186984,Normal,Good,-
M01212,Type_03,62.84,3.62,229.0,9.54,1.966,452.5,0,0.27673893669307487,Normal,Good,-
M02615,Type_24,58.03,2.76,209.2,15.05,2.834,670.1,0,0.2759832184403021,Normal,Good,-
M03025,Type_25,82.14,0.1,222.1,13.14,2.627,854.4,0,0.2743627352016317,Normal,Good,-
M05145,Type_20,77.92,0.58,208.9,17.47,3.285,554.3,0,0.27291820739244854,Normal,Good,-
M02047,Type_21,47.45,1.6,216.7,10.19,1.987,225.4,0,0.2727774025659499,Normal,Good,-
M06410,Type_04,64.17,2.06,222.3,9.69,1.939,964.2,0,0.2722438535767201,Normal,Good,-
M08867,Type_16,80.71,2.85,216.2,11.86,2.308,886.4,0,0.2710811438682099,Normal,Good,-
M01364,Type_19,55.09,3.23,219.4,9.65,1.905,244.3,0,0.2709600677479416,Normal,Good,-
M02133,Type_12,72.59,2.24,209.1,15.17,2.855,550.1,0,0.2709107523800725,Normal,Good,-
M02914,Type_09,44.64,3.6,230.3,14.46,2.997,465.1,0,0.2701422328851114,Normal,Good,-
M05680,Type_10,59.66,1.19,214.0,9.47,1.824,988.8,0,0.2700772651437368,Normal,Good,-
M02246,Type_12,65.02,0.11,209.0,19.76,3.717,272.6,0,0.27001845665157304,Normal,Good,-
M07287,Type_02,79.85,2.26,222.2,24.0,4.8,719.8,0,0.2695682221275575,Normal,Good,-
M07485,Type_10,67.65,0.78,226.1,9.35,1.903,325.4,0,0.2685038379531662,Normal,Good,-
M02658,Type_11,61.99,2.06,211.7,9.88,1.882,696.6,0,0.26831902351418585,Normal,Good,-
M03543,Type_25,68.83,3.29,215.8,9.79,1.901,446.1,0,0.26750569751558934,Normal,Good,-
M01804,Type_19,58.61,2.72,221.2,9.61,1.913,769.3,0,0.26665549580829667,Normal,Good,-
M05609,Type_18,59.89,1.54,209.4,12.41,2.339,640.3,0,0.266653747945686,Normal,Good,-
M03416,Type_01,55.04,2.29,209.1,15.83,2.979,75.5,0,0.26599663479775404,Normal,Good,-
M06608,Type_24,54.93,1.2,209.1,18.64,3.508,471.2,0,0.26496278449311694,Normal,Good,-
M05996,Type_13,75.14,0.95,230.5,17.15,3.558,160.8,0,0.26483203284340234,Normal,Good,-
M08167,Type_22,57.62,1.05,209.4,13.92,2.623,823.7,0,0.2646709046911068,Normal,Good,-
M09950,Type_03,65.01,1.86,223.1,9.47,1.901,680.3,0,0.26447767302437375,Normal,Good,-
M08129,Type_11,50.61,2.03,217.9,9.73,1.908,536.5,0,0.26441131785497474,Normal,Good,-
M06297,Type_25,57.75,1.64,223.9,9.46,1.906,80.3,0,0.26253081092503,Normal,Good,-
M02571,Type_19,69.45,3.23,216.2,9.78,1.903,601.9,0,0.261459158102745,Normal,Good,-
M02367,Type_02,79.47,1.55,216.3,17.2,3.348,214.5,0,0.26089644397538314,Normal,Good,-
M02698,Type_02,79.38,0.1,219.6,14.18,2.803,122.2,0,0.26004609365908343,Normal,Good,-
M04633,Type_24,77.19,3.37,219.1,9.73,1.919,564.7,0,0.25879443030262683,Normal,Good,-
M04179,Type_22,64.82,1.2,209.2,15.09,2.841,901.2,0,0.25851880371370095,Normal,Good,-
M04370,Type_22,73.3,0.1,228.7,9.82,2.021,800.0,0,0.25849076615306144,Normal,Good,-
M03320,Type_25,80.51,2.01,221.9,19.45,3.884,472.3,0,0.2573809164858966,Normal,Good,-
M08711,Type_07,57.32,3.32,208.9,10.54,1.982,69.1,0,0.2565697070622807,Normal,Good,-
M05122,Type_18,67.99,1.12,230.2,14.23,2.948,586.2,0,0.25587174274768293,Normal,Good,-
M07519,Type_16,82.02,2.25,216.3,21.74,4.232,986.7,0,0.25509723831534353,Normal,Good,-
M09735,Type_02,79.3,2.64,213.6,14.57,2.801,686.9,0,0.25417491699177863,Normal,Good,-
M08338,Type_17,57.97,0.41,209.5,21.75,4.101,530.5,0,0.2541281290504741,Normal,Good,-
M01059,Type_10,56.43,2.58,209.2,14.05,2.645,288.3,0,0.25340348606174534,Normal,Good,-
M02768,Type_01,64.92,2.44,221.8,25.37,5.064,143.3,0,0.2534017517385344,Normal,Good,-
M01092,Type_22,55.25,0.26,209.2,10.93,2.058,776.7,0,0.25252639798630183,Normal,Good,-
M07708,Type_16,62.83,3.15,209.1,14.43,2.716,711.4,0,0.25217737975992544,Normal,Good,-
M00104,Type_10,69.77,1.1,209.5,18.45,3.479,755.0,0,0.2521760157227291,Normal,Good,-
M09271,Type_10,67.48,0.47,220.3,9.63,1.909,578.8,0,0.25213701718160025,Normal,Good,-
M01202,Type_01,55.22,1.44,221.2,9.73,1.937,646.3,0,0.2517223421852121,Normal,Good,-
M05898,Type_02,54.28,0.98,209.4,20.28,3.822,808.0,0,0.251314459174538,Normal,Good,-
M00034,Type_14,67.2,3.28,222.5,9.66,1.934,905.1,0,0.2506073768321215,Normal,Good,-
M00149,Type_10,62.23,2.54,209.1,13.96,2.627,429.5,0,0.2499638218347491,Normal,Good,-
M02905,Type_06,58.87,1.75,209.2,17.28,3.253,71.7,0,0.24909081556524712,Normal,Good,-
M03076,Type_17,65.16,2.82,209.3,17.42,3.281,705.4,0,0.24849924315182848,Normal,Good,-
M05226,Type_12,70.4,2.11,209.4,12.88,2.427,186.2,0,0.24803535658644693,Normal,Good,-
M09732,Type_10,64.19,0.27,209.0,14.74,2.773,131.3,0,0.24707845455968275,Normal,Good,-
M06428,Type_02,78.96,1.73,216.5,13.65,2.66,267.9,0,0.24633191047660874,Normal,Good,-
M04399,Type_14,53.13,1.37,225.9,9.47,1.925,617.7,0,0.2460320707233118,Normal,Good,-
M01172,Type_06,61.35,2.73,224.0,9.54,1.923,155.0,0,0.24600818558249962,Normal,Good,-
M07721,Type_16,77.79,2.99,209.4,17.58,3.313,514.9,0,0.24600429150506378,Normal,Good,-
M02442,Type_02,77.46,1.67,228.8,14.75,3.037,586.6,0,0.24583255332420484,Normal,Good,-
M03926,Type_24,70.84,2.88,230.3,16.13,3.343,999.3,0,0.24549865850474847,Normal,Good,-
M06924,Type_05,69.42,2.9,220.7,9.67,1.921,180.6,0,0.24479027094880884,Normal,Good,-
M02111,Type_23,62.02,2.64,230.2,16.26,3.369,289.7,0,0.24327598065221448,Normal,Good,-
M08957,Type_24,55.87,0.15,209.3,13.46,2.535,66.5,0,0.24285240429209393,Normal,Good,-
M09828,Type_17,74.62,2.04,214.5,9.86,1.903,867.4,0,0.24243350180091527,Normal,Good,-
M04319,Type_02,68.85,2.84,209.6,17.59,3.318,525.7,0,0.24196972246582768,Normal,Good,-
M03563,Type_20,75.0,1.22,209.3,16.6,3.127,719.5,0,0.24175191726548753,Normal,Good,-
M03081,Type_03,56.0,2.48,224.8,9.53,1.928,405.3,0,0.24162697649780351,Normal,Good,-
M05095,Type_05,55.44,0.65,224.4,9.49,1.917,574.5,0,0.24099729697239758,Normal,Good,-
M07261,Type_10,46.96,2.63,209.4,11.89,2.241,780.8,0,0.24023148835760405,Normal,Good,-
M02817,Type_03,50.12,2.34,221.3,9.69,1.93,758.6,0,0.23941742971914753,Normal,Good,-
M05130,Type_11,70.34,3.46,222.0,9.81,1.96,586.5,0,0.23854716174656676,Normal,Good,-
M06496,Type_21,69.56,4.59,210.3,13.52,2.559,952.6,0,0.23771028237742503,Normal,Good,-
M01783,Type_08,49.27,1.32,209.3,13.91,2.62,233.6,0,0.23765181872936625,Normal,Good,-
M02829,Type_18,80.41,0.34,219.3,20.81,4.107,268.6,0,0.23472062816733985,Normal,Good,-
M03028,Type_16,67.12,1.65,220.6,9.77,1.94,330.2,0,0.23305191966473335,Normal,Good,-
M06044,Type_16,78.69,3.28,225.8,9.71,1.973,295.5,0,0.23255986715971386,Normal,Good,-
M09709,Type_20,66.53,0.73,230.3,10.79,2.236,144.5,0,0.23247522084199768,Normal,Good,-
M03527,Type_25,72.19,3.15,230.2,11.08,2.296,523.6,0,0.23209771130881593,Normal,Good,-
M04018,Type_16,53.89,2.7,209.3,15.49,2.918,874.5,0,0.2318766159600893,Normal,Good,-
M05510,Type_11,76.53,4.6,215.9,17.95,3.488,570.3,0,0.23086168555181164,Normal,Good,-
M06107,Type_21,73.21,1.73,229.8,18.17,3.758,842.5,0,0.23020748798002633,Normal,Good,-
M09360,Type_18,60.82,1.76,217.5,9.92,1.942,666.4,0,0.23003094195941784,Normal,Good,-
M04054,Type_05,60.88,1.62,222.4,9.67,1.936,688.5,0,0.22952059919841283,Normal,Good,-
M06373,Type_12,80.42,1.53,219.2,15.22,3.003,827.8,0,0.2292341000340723,Normal,Good,-
M09142,Type_01,80.44,2.01,225.3,23.85,4.836,837.4,0,0.228503611947067,Normal,Good,-
M04073,Type_20,51.29,3.13,218.2,9.76,1.917,602.1,0,0.22684978255015728,Normal,Good,-
M05088,Type_25,67.65,1.85,218.0,9.77,1.917,732.4,0,0.2268281247979514,Normal,Good,-
M06126,Type_09,56.2,0.99,209.6,14.35,2.707,517.3,0,0.22678123708996079,Normal,Good,-
M06662,Type_17,53.83,2.43,209.5,15.64,2.949,284.3,0,0.22669571361717358,Normal,Good,-
M00117,Type_10,75.96,1.87,224.6,9.68,1.957,414.2,0,0.22627782472071714,Normal,Good,-
M01180,Type_10,75.3,2.39,220.8,9.8,1.947,463.7,0,0.2260971196503351,Normal,Good,-
M06961,Type_03,80.06,0.65,216.2,20.14,3.919,988.1,0,0.22564195330223324,Normal,Good,-
M06933,Type_15,61.77,0.66,230.3,17.69,3.667,860.9,0,0.2252713334742652,Normal,Good,-
M05124,Type_05,52.24,1.19,230.5,15.02,3.116,255.8,0,0.22525983287844628,Normal,Good,-
M08090,Type_20,76.07,0.9,209.5,13.81,2.604,688.3,0,0.22451747724978002,Normal,Good,-
M06283,Type_18,80.14,4.28,215.5,17.28,3.351,423.6,0,0.22446060133195098,Normal,Good,-
M02709,Type_15,60.7,1.1,228.5,9.59,1.972,981.1,0,0.22410879118154706,Normal,Good,-
M08310,Type_02,58.61,2.6,230.1,15.75,3.262,147.2,0,0.2232700035105234,Normal,Good,-
M04414,Type_05,60.96,2.56,230.3,16.26,3.37,888.2,0,0.222831879807151,Normal,Good,-
M02310,Type_02,77.51,2.68,220.2,10.69,2.119,229.4,0,0.22233453442158865,Normal,Good,-
M07432,Type_18,57.29,2.0,217.7,9.85,1.93,339.8,0,0.22186463935953227,Normal,Good,-
M05736,Type_19,48.31,4.2,209.7,15.13,2.855,828.9,0,0.2196028514666084,Normal,Good,-
M06175,Type_21,67.14,2.31,228.8,18.29,3.766,570.1,0,0.21957805767749894,Normal,Good,-
M06542,Type_01,58.54,0.99,212.0,9.96,1.9,570.4,0,0.21940964470590402,Normal,Good,-
M04051,Type_14,67.99,0.34,230.1,12.88,2.667,530.5,0,0.21908770647552753,Normal,Good,-
M06688,Type_05,77.0,4.46,229.3,20.2,4.169,349.8,0,0.21857827391109053,Normal,Good,-
M01632,Type_20,80.01,3.18,209.3,10.66,2.008,905.7,0,0.21827343766262003,Normal,Good,-
M03585,Type_11,59.03,2.05,209.6,15.78,2.977,455.9,0,0.2179800336628088,Normal,Good,-
M09705,Type_11,59.84,2.92,229.9,20.35,4.211,683.5,0,0.21758102603900067,Normal,Good,-
M06152,Type_12,80.99,1.13,222.5,17.89,3.582,990.2,0,0.2166592035871112,Normal,Good,-
M04734,Type_02,77.17,3.54,215.0,16.73,3.237,61.1,0,0.21601204388166445,Normal,Good,-
M07102,Type_19,71.05,3.25,225.7,24.77,5.032,748.9,0,0.2149847722828014,Normal,Good,-
M06851,Type_22,63.2,3.08,221.2,24.51,4.879,68.6,0,0.21416855905924997,Normal,Good,-
M07418,Type_05,71.52,1.34,209.3,14.98,2.822,670.9,0,0.21392736004025908,Normal,Good,-
M04767,Type_21,63.28,1.45,209.6,15.76,2.973,259.4,0,0.21344331906392786,Normal,Good,-
M04185,Type_17,76.07,1.72,209.6,13.53,2.552,403.4,0,0.21333782248999494,Normal,Good,-
M01412,Type_21,77.92,1.35,230.3,14.3,2.964,172.6,0,0.21253009789293284,Normal,Good,-
M01485,Type_05,45.45,2.65,209.4,14.67,2.765,261.8,0,0.2122450091750607,Normal,Good,-
M03197,Type_21,52.49,2.01,226.5,10.49,2.138,432.0,0,0.21207400420203956,Normal,Good,-
M07293,Type_21,74.23,4.57,223.1,12.51,2.512,616.7,0,0.21156885764111952,Normal,Good,-
M05435,Type_03,79.97,2.99,218.4,17.59,3.457,810.3,0,0.21084723162181782,Normal,Good,-
M06516,Type_19,41.56,1.63,230.1,15.6,3.231,670.6,0,0.21078639244355654,Normal,Good,-
M04529,Type_14,58.63,3.55,218.4,21.58,4.242,413.9,0,0.21071977553828372,Normal,Good,-
M08121,Type_03,67.42,3.8,225.0,20.05,4.06,407.7,0,0.21034469658234622,Normal,Good,-
M04437,Type_14,75.5,3.85,219.4,20.89,4.125,168.5,0,0.2100858320126553,Normal,Good,-
M01442,Type_14,55.73,1.14,214.8,22.0,4.253,585.3,0,0.2079884099477517,Normal,Good,-
M08652,Type_07,36.95,0.59,209.3,10.51,1.98,533.6,0,0.20746976568498543,Normal,Good,-
M03962,Type_05,48.58,2.47,209.2,14.47,2.724,779.5,0,0.20556648519819232,Normal,Good,-
M04332,Type_21,77.13,2.23,227.3,16.19,3.312,679.8,0,0.20533788371254502,Normal,Good,-
M03835,Type_02,76.36,2.26,222.3,16.23,3.247,572.2,0,0.20485838091503125,Normal,Good,-
M08798,Type_08,63.72,0.1,209.6,10.54,1.988,539.9,0,0.20475144308319684,Normal,Good,-
M04156,Type_14,61.67,1.68,230.1,11.26,2.332,459.5,0,0.20473865205541114,Normal,Good,-
M07262,Type_21,73.48,2.72,229.1,20.15,4.155,956.3,0,0.2041151819201777,Normal,Good,-
M03846,Type_17,80.03,3.16,221.7,20.7,4.13,327.0,0,0.20356984366632636,Normal,Good,-
M06619,Type_21,76.15,0.78,209.8,13.81,2.608,382.3,0,0.20291426071383975,Normal,Good,-
M00290,Type_17,42.97,3.12,220.1,21.13,4.186,722.7,0,0.20273492055827436,Normal,Good,-
M08757,Type_03,65.9,1.99,219.7,22.36,4.421,328.7,0,0.20271730785488903,Normal,Good,-
M07631,Type_02,61.68,4.55,225.4,14.16,2.872,343.5,0,0.2017942715345086,Normal,Good,-
M03630,Type_07,70.71,0.1,230.1,12.08,2.502,570.3,0,0.2001867448780227,Normal,Good,-
M07576,Type_02,77.59,1.81,220.5,14.18,2.814,850.9,0,0.1997549350233251,Normal,Good,-
M08933,Type_14,62.01,2.0,221.3,21.08,4.199,458.4,0,0.19952405892652444,Normal,Good,-
M06854,Type_06,61.18,3.32,218.4,25.06,4.926,462.3,0,0.19825731543609237,Normal,Good,-
M04518,Type_02,65.6,1.51,228.8,12.92,2.66,459.1,0,0.19819762664260182,Normal,Good,-
M08452,Type_06,47.46,4.03,223.9,22.27,4.488,58.6,0,0.19811787301004918,Normal,Good,-
M04808,Type_03,55.22,3.96,224.3,22.68,4.578,978.5,0,0.19787569524626034,Normal,Good,-
M00435,Type_02,67.95,1.38,211.9,14.89,2.84,886.5,0,0.19784660092899986,Normal,Good,-
M05894,Type_04,63.85,2.76,215.0,9.86,1.908,803.8,0,0.19764900568816823,Normal,Good,-
M09430,Type_17,70.38,3.63,213.5,13.7,2.632,763.4,0,0.19759281643160936,Normal,Good,-
M07624,Type_03,61.66,1.66,217.6,20.69,4.052,977.3,0,0.19758902584958318,Normal,Good,-
M05071,Type_10,56.07,2.79,209.7,12.62,2.382,518.8,0,0.1967201241771367,Normal,Good,-
M04679,Type_17,56.01,2.38,222.3,10.33,2.067,916.6,0,0.19658053701357756,Normal,Good,-
M02318,Type_17,71.43,3.56,220.5,14.44,2.866,835.8,0,0.19644457292400808,Normal,Good,-
M02633,Type_24,67.91,0.1,211.4,12.12,2.306,463.4,0,0.19532655960845458,Normal,Good,-
M07066,Type_24,62.49,4.58,219.0,14.86,2.929,690.7,0,0.1952412920857871,Normal,Good,-
M05826,Type_24,73.83,1.57,215.2,11.68,2.262,635.0,0,0.19521467646868382,Normal,Good,-
M01534,Type_14,62.73,2.34,219.5,20.33,4.016,459.4,0,0.19485226744683296,Normal,Good,-
M09876,Type_02,76.75,1.04,217.4,17.38,3.401,996.7,0,0.1946526170526368,Normal,Good,-
M02499,Type_12,51.01,4.45,219.3,17.3,3.415,476.1,0,0.1945365602058226,Normal,Good,-
M06279,Type_24,71.73,4.14,216.7,13.61,2.654,955.9,0,0.19437383554050733,Normal,Good,-
M02206,Type_21,50.25,2.67,215.0,10.41,2.014,88.6,0,0.19405298264888873,Normal,Good,-
M04434,Type_14,76.61,1.85,217.4,20.47,4.005,607.3,0,0.19403174952903432,Normal,Good,-
M09733,Type_21,75.15,4.5,224.3,17.91,3.615,374.0,0,0.19347475276445536,Normal,Good,-
M07352,Type_05,50.11,1.12,209.3,11.34,2.136,614.9,0,0.19332632274418846,Normal,Good,-
M09209,Type_14,70.0,4.58,216.9,18.55,3.621,231.3,0,0.1931748432218641,Normal,Good,-
M05856,Type_21,37.66,1.47,228.3,14.58,2.996,775.6,0,0.1928989491844954,Normal,Good,-
M06416,Type_15,67.59,1.04,225.4,22.12,4.487,930.5,0,0.19247248978299936,Normal,Good,-
M03418,Type_18,51.74,2.67,216.3,10.13,1.972,68.4,0,0.19226415448334064,Normal,Good,-
M04085,Type_03,44.35,3.45,226.3,20.64,4.204,183.4,0,0.191913933962971,Normal,Good,-
M03869,Type_20,76.52,0.5,209.7,12.79,2.414,533.1,0,0.1919072679230793,Normal,Good,-
M07957,Type_21,55.01,1.97,209.8,20.99,3.963,596.6,0,0.1918827293214721,Normal,Good,-
M01809,Type_15,58.93,2.6,219.4,21.54,4.253,724.7,0,0.19159306563475956,Normal,Good,-
M04775,Type_14,76.69,1.91,220.8,20.25,4.024,577.2,0,0.19113234124501066,Normal,Good,-
M08054,Type_15,63.25,2.63,216.2,22.19,4.318,490.2,0,0.1907267466840428,Normal,Good,-
M08510,Type_15,59.64,3.38,222.5,9.72,1.946,171.0,0,0.19069830922130035,Normal,Good,-
M05385,Type_15,51.6,2.75,215.3,21.77,4.218,100.1,0,0.1906609752191815,Normal,Good,-
M00128,Type_14,59.7,3.08,211.1,21.21,4.03,800.0,0,0.19051370715102753,Normal,Good,-
M05911,Type_11,54.35,3.93,224.5,16.07,3.247,105.7,0,0.19050277813479183,Normal,Good,-
M03189,Type_24,66.82,1.79,215.8,11.83,2.298,870.1,0,0.19045029947996286,Normal,Good,-
M04961,Type_21,79.71,1.63,218.1,10.41,2.043,678.3,0,0.1900991872466124,Normal,Good,-
M02882,Type_17,52.1,4.46,212.4,14.94,2.856,879.1,0,0.19001085425873318,Normal,Good,-
M04650,Type_14,63.35,1.19,227.8,19.95,4.09,893.7,0,0.18992308631864266,Normal,Good,-
M08580,Type_14,71.23,1.26,219.5,20.7,4.089,670.2,0,0.1898881162092334,Normal,Good,-
M02706,Type_25,80.44,1.74,213.0,15.19,2.912,750.1,0,0.18952771166803528,Normal,Good,-
M02505,Type_03,72.11,0.48,226.1,19.51,3.97,299.4,0,0.18899510742674305,Normal,Good,-
M09564,Type_14,57.07,2.33,224.3,19.82,4.001,458.1,0,0.18866696652860201,Normal,Good,-
M06995,Type_08,77.61,3.99,223.8,20.78,4.186,173.1,0,0.18838438353031187,Normal,Good,-
M05449,Type_14,66.78,2.02,224.6,19.72,3.986,282.7,0,0.1883494677166521,Normal,Good,-
M06593,Type_21,67.45,3.46,224.9,16.54,3.348,509.4,0,0.18833572606847224,Normal,Good,-
M05649,Type_02,78.12,2.04,220.2,16.84,3.337,871.8,0,0.18824798293270015,Normal,Good,-
M06435,Type_07,71.95,1.95,227.9,23.81,4.884,699.6,0,0.1882027889918362,Normal,Good,-
M03510,Type_21,70.66,2.69,228.3,17.94,3.686,901.7,0,0.18792981721767876,Normal,Good,-
M03723,Type_02,78.5,2.49,222.4,10.13,2.028,213.4,0,0.18776448614194813,Normal,Good,-
M03522,Type_21,76.21,1.05,214.0,25.58,4.927,650.8,0,0.1877580169671373,Normal,Good,-
M06760,Type_02,61.7,1.24,216.0,14.7,2.858,248.5,0,0.18764461386043776,Normal,Good,-
M09446,Type_21,73.09,3.58,226.3,17.19,3.501,108.0,0,0.18764003325593934,Normal,Good,-
M03068,Type_11,66.97,1.67,217.5,21.35,4.179,65.3,0,0.18732991010594346,Normal,Good,-
M03690,Type_10,56.84,2.38,230.1,13.04,2.7,494.9,0,0.18706478618930983,Normal,Good,-
M08308,Type_04,51.35,3.41,216.0,18.37,3.571,67.1,0,0.18696576140219687,Normal,Good,-
M01861,Type_03,59.97,0.46,222.6,21.98,4.403,771.8,0,0.18691772762091038,Normal,Good,-
M05054,Type_16,63.99,1.26,214.4,9.87,1.905,661.0,0,0.18689565827147878,Normal,Good,-
M03008,Type_21,72.23,1.86,221.2,10.39,2.068,152.5,0,0.18685113869559783,Normal,Good,-
M03614,Type_08,75.44,4.43,221.7,11.32,2.259,819.8,0,0.18683567090527714,Normal,Good,-
M09565,Type_01,80.07,4.45,216.8,20.04,3.91,51.8,0,0.18683152009599283,Normal,Good,-
M03593,Type_08,75.55,3.73,226.4,21.82,4.446,157.4,0,0.18658835585726805,Normal,Good,-
M00089,Type_18,44.89,1.63,224.9,10.21,2.067,289.5,0,0.1865857005618194,Normal,Good,-
M04566,Type_17,72.62,3.12,227.9,14.27,2.927,708.3,0,0.18653464823121577,Normal,Good,-
M01340,Type_18,34.08,1.72,220.8,18.86,3.748,760.4,0,0.18651355757604426,Normal,Good,-
M01294,Type_24,70.64,1.88,213.4,12.91,2.479,763.0,0,0.18631166879275135,Normal,Good,-
M03796,Type_24,62.5,4.47,228.1,14.17,2.909,872.1,0,0.18628589956083957,Normal,Good,-
M05833,Type_04,54.41,4.08,217.5,19.47,3.811,157.9,0,0.18623657865929058,Normal,Good,-
M07296,Type_07,77.23,3.3,219.2,24.98,4.928,472.0,0,0.18621818938740367,Normal,Good,-
M02159,Type_21,65.14,3.53,217.8,15.28,2.995,531.3,0,0.18605158473888272,Normal,Good,-
M08726,Type_08,64.59,4.39,225.7,12.56,2.551,78.8,0,0.18578664416347496,Normal,Good,-
M07145,Type_24,72.94,0.5,215.8,11.78,2.288,847.8,0,0.1857650220042974,Normal,Good,-
M04421,Type_24,62.84,1.67,218.0,12.36,2.425,309.6,0,0.18564523372324404,Normal,Good,-
M07829,Type_12,74.5,2.67,221.4,24.92,4.966,875.8,0,0.18561113802789678,Normal,Good,-
M05852,Type_02,65.21,0.97,223.1,23.94,4.807,970.2,0,0.18551707198138367,Normal,Good,-
M00763,Type_24,70.7,1.54,214.8,12.65,2.445,462.8,0,0.18551253797243633,Normal,Good,-
M04698,Type_14,50.99,2.96,223.9,20.89,4.21,602.5,0,0.18546064493060538,Normal,Good,-
M05661,Type_08,59.54,4.57,221.1,14.12,2.81,278.5,0,0.1853706073684015,Normal,Good,-
M06551,Type_18,45.28,1.74,214.5,14.0,2.703,508.7,0,0.18488630380572302,Normal,Good,-
M04904,Type_04,56.92,4.32,226.1,14.32,2.914,494.5,0,0.18487985521200836,Normal,Good,-
M01372,Type_02,76.51,1.89,223.0,16.44,3.3,403.0,0,0.1848626738114746,Normal,Good,-
M02322,Type_15,67.32,0.7,218.9,21.39,4.214,186.1,0,0.1847711931486037,Normal,Good,-
M00038,Type_12,78.53,3.62,221.2,22.17,4.414,392.7,0,0.18474188483183504,Normal,Good,-
M03885,Type_19,75.19,2.55,223.4,19.87,3.995,431.5,0,0.18461732765940822,Normal,Good,-
M07274,Type_11,56.34,3.18,228.5,17.59,3.617,519.7,0,0.18454172786011466,Normal,Good,-
M03460,Type_24,61.07,1.72,218.4,12.03,2.365,365.0,0,0.1845363223601001,Normal,Good,-
M09901,Type_04,59.62,3.58,221.7,20.67,4.124,654.2,0,0.18449041485310022,Normal,Good,-
M04891,Type_17,70.24,2.27,213.9,11.04,2.125,395.4,0,0.1844049692879033,Normal,Good,-
M06801,Type_17,79.56,3.45,217.6,12.54,2.456,460.7,0,0.18389861223242146,Normal,Good,-
M02184,Type_09,54.26,4.53,221.2,16.27,3.239,412.8,0,0.18381382892207887,Normal,Good,-
M06650,Type_02,70.53,1.65,222.7,15.17,3.041,64.7,0,0.18381097386754483,Normal,Good,-
M04362,Type_01,61.63,4.51,224.9,16.23,3.285,723.4,0,0.18379627321771935,Normal,Good,-
M07047,Type_17,79.23,1.89,222.1,13.81,2.76,817.4,0,0.1837223418413957,Normal,Good,-
M08378,Type_08,76.98,4.53,220.0,10.87,2.152,389.9,0,0.18365472502458424,Normal,Good,-
M07217,Type_03,79.71,0.95,225.7,17.58,3.571,520.1,0,0.18361279337917125,Normal,Good,-
M09243,Type_21,60.31,1.62,226.6,11.61,2.368,919.7,0,0.18351217216277618,Normal,Good,-
M05348,Type_14,68.19,4.04,222.5,18.51,3.707,563.5,0,0.18350069891242435,Normal,Good,-
M09651,Type_18,64.14,3.6,217.1,19.09,3.73,821.5,0,0.18346960226819195,Normal,Good,-
M05450,Type_02,70.76,1.82,212.0,17.3,3.301,134.8,0,0.18345869207481602,Normal,Good,-
M00230,Type_14,65.99,2.62,222.0,22.37,4.47,601.5,0,0.18343269746950558,Normal,Good,-
M02000,Type_16,63.29,1.0,230.1,15.27,3.162,546.4,0,0.18335818824046712,Normal,Good,-
M09346,Type_24,72.11,0.33,210.3,10.48,1.984,127.0,0,0.1831185684838893,Normal,Good,-
M04021,Type_03,68.68,1.59,211.4,20.28,3.858,368.3,0,0.18303882772663485,Normal,Good,-
M06811,Type_18,72.25,4.02,229.5,18.13,3.745,610.3,0,0.18303305785089358,Normal,Good,-
M00615,Type_24,42.95,1.7,216.7,23.04,4.493,368.2,0,0.18267621885784352,Normal,Good,-
M03573,Type_08,64.59,1.62,227.1,20.35,4.159,432.2,0,0.1826022290428694,Normal,Good,-
M05879,Type_14,65.21,2.77,219.9,22.67,4.487,219.8,0,0.18230282086792648,Normal,Good,-
M06228,Type_20,56.01,4.49,214.0,15.61,3.006,753.2,0,0.18202608769451575,Normal,Good,-
M08805,Type_18,66.34,3.81,221.0,15.23,3.029,407.7,0,0.1820195441439516,Normal,Good,-
M03127,Type_17,55.42,3.45,220.1,10.11,2.003,386.7,0,0.1820099201174505,Normal,Good,-
M01496,Type_24,74.56,1.73,218.8,12.6,2.481,502.8,0,0.18197603160662962,Normal,Good,-
M06862,Type_02,71.6,2.8,217.0,21.07,4.115,165.6,0,0.18186525298642423,Normal,Good,-
M06083,Type_11,58.24,3.48,220.4,20.04,3.975,746.3,0,0.1817751178207797,Normal,Good,-
M07239,Type_15,78.25,1.56,214.7,21.83,4.218,128.6,0,0.18177385816728095,Normal,Good,-
M02477,Type_11,60.82,1.11,224.9,19.73,3.994,235.9,0,0.1817536173058769,Normal,Good,-
M02838,Type_14,76.44,4.14,213.5,15.56,2.99,650.0,0,0.18155271480594795,Normal,Good,-
M00319,Type_07,66.36,2.05,225.0,21.95,4.445,746.2,0,0.1815043941332721,Normal,Good,-
M05233,Type_07,54.91,2.78,221.4,22.18,4.42,374.0,0,0.18142173686209356,Normal,Good,-
M06242,Type_02,65.18,2.85,215.6,13.89,2.695,72.6,0,0.18104332708711557,Normal,Good,-
M05113,Type_03,69.28,2.54,225.5,20.07,4.073,838.3,0,0.18098495595294026,Normal,Good,-
M03735,Type_21,39.65,2.82,216.2,12.84,2.498,56.0,0,0.18093760175811047,Normal,Good,-
M01040,Type_02,63.37,2.04,216.7,22.1,4.31,179.8,0,0.18080256466118502,Normal,Good,-
M02805,Type_17,63.35,2.28,228.6,19.99,4.113,823.3,0,0.18059880814314147,Normal,Good,-
M06470,Type_02,70.02,1.65,212.3,14.81,2.83,61.5,0,0.18055214466938224,Normal,Good,-
M09965,Type_03,69.23,2.35,216.9,21.75,4.246,520.2,0,0.1804752412498968,Normal,Good,-
M05875,Type_09,56.49,3.54,223.4,20.47,4.116,439.7,0,0.17997223053861103,Normal,Good,-
M04064,Type_18,63.6,1.31,216.4,10.6,2.064,927.4,0,0.17992154168840838,Normal,Good,-
M03102,Type_11,71.51,2.86,218.9,20.35,4.009,597.3,0,0.17985204573835795,Normal,Good,-
M01325,Type_03,46.96,3.1,224.6,20.25,4.093,951.0,0,0.17972316565736282,Normal,Good,-
M08031,Type_16,76.33,1.4,228.2,19.35,3.974,97.6,0,0.17962679755859523,Normal,Good,-
M00411,Type_19,77.98,3.91,210.3,23.21,4.393,379.1,0,0.17962551939510818,Normal,Good,-
M01886,Type_19,64.27,2.43,224.8,19.79,4.004,326.2,0,0.17962393657958034,Normal,Good,-
M04396,Type_24,70.38,1.5,225.4,13.82,2.804,828.1,0,0.1796201677334472,Normal,Good,-
M03982,Type_11,47.52,0.41,220.3,22.03,4.368,435.4,0,0.17955289869503097,Normal,Good,-
M08319,Type_24,50.54,1.53,220.0,12.42,2.459,201.4,0,0.17946942356900222,Normal,Good,-
M03232,Type_18,71.06,3.51,212.2,20.83,3.978,482.8,0,0.17936658864629684,Normal,Good,-
M08989,Type_07,60.35,2.93,225.7,22.43,4.556,813.4,0,0.17931626447412546,Normal,Good,-
M01111,Type_11,63.14,0.45,214.6,22.1,4.268,658.5,0,0.17913243710102744,Normal,Good,-
M02536,Type_11,55.63,3.45,223.2,17.46,3.507,193.9,0,0.1791216858155046,Normal,Good,-
M04154,Type_20,59.1,2.29,228.8,19.86,4.09,375.2,0,0.1790534256081502,Normal,Good,-
M00044,Type_03,67.57,1.89,226.6,16.41,3.347,409.9,0,0.17889121922761117,Normal,Good,-
M08078,Type_14,73.63,3.79,216.6,18.22,3.552,788.0,0,0.17883149824791844,Normal,Good,-
M00103,Type_24,49.66,1.83,217.6,10.94,2.142,816.1,0,0.1788303666966292,Normal,Good,-
M07394,Type_11,79.25,4.44,216.3,11.16,2.173,489.2,0,0.17877879205567365,Normal,Good,-
M07878,Type_21,73.41,3.02,223.1,17.13,3.44,660.9,0,0.17874996816554256,Normal,Good,-
M08157,Type_21,66.83,2.36,228.5,11.56,2.377,168.1,0,0.17868001455218496,Normal,Good,-
M06505,Type_02,46.46,0.47,221.6,21.54,4.296,972.4,0,0.17864800304311548,Normal,Good,-
M07112,Type_18,49.17,0.97,223.0,10.13,2.033,286.6,0,0.17860677121460078,Normal,Good,-
M05882,Type_17,63.54,4.36,210.1,13.67,2.585,361.5,0,0.17855795552629508,Normal,Good,-
M05049,Type_18,45.55,1.57,221.6,11.73,2.339,452.2,0,0.17854901511935772,Normal,Good,-
M01827,Type_24,62.15,1.68,216.9,13.75,2.684,694.5,0,0.17849599219445067,Normal,Good,-
M02583,Type_21,65.33,0.22,227.2,21.71,4.439,757.3,0,0.17847000129117838,Normal,Good,-
M02792,Type_01,64.35,4.09,215.4,20.61,3.995,153.0,0,0.17832583152351983,Normal,Good,-
M04735,Type_17,72.03,2.96,220.7,14.54,2.888,485.3,0,0.17830428424654152,Normal,Good,-
M00323,Type_21,59.51,3.6,217.4,17.45,3.414,91.1,0,0.17809531573562773,Normal,Good,-
M02097,Type_12,59.04,3.92,215.1,19.58,3.79,71.0,0,0.17805995629156918,Normal,Good,-
M03604,Type_15,56.01,1.96,223.9,23.92,4.82,528.5,0,0.17805820857008342,Normal,Good,-
M09590,Type_14,58.09,1.48,216.6,23.92,4.663,258.6,0,0.17785402257197147,Normal,Good,-
M09507,Type_11,58.22,4.19,223.5,16.72,3.363,847.5,0,0.17779326620232072,Normal,Good,-
M07490,Type_24,68.41,3.17,217.2,11.0,2.15,363.4,0,0.17769212972577042,Normal,Good,-
M08640,Type_24,71.1,0.57,218.8,11.44,2.253,542.7,0,0.1776572993963276,Normal,Good,-
M04447,Type_04,74.21,3.0,226.5,20.2,4.118,687.9,0,0.1776227646371065,Normal,Good,-
M08233,Type_06,67.64,4.28,220.5,15.35,3.046,186.8,0,0.17762022386998802,Normal,Good,-
M01222,Type_11,49.46,2.03,223.5,23.47,4.721,791.0,0,0.17760175070980527,Normal,Good,-
M00753,Type_15,64.31,4.4,219.3,15.18,2.996,279.5,0,0.177585842453029,Normal,Good,-
M04941,Type_09,72.92,3.0,221.1,20.51,4.081,416.2,0,0.17747711852596662,Normal,Good,-
M09858,Type_09,48.26,3.46,223.9,21.69,4.371,215.1,0,0.17746689477321798,Normal,Good,-
M09154,Type_17,55.67,2.24,221.6,21.06,4.2,76.7,0,0.17730893728442645,Normal,Good,-
M07168,Type_07,61.18,1.3,218.0,21.91,4.299,682.0,0,0.17729667500438406,Normal,Good,-
M03193,Type_09,33.9,2.85,218.1,14.11,2.77,754.4,0,0.17724789279850545,Normal,Good,-
M06528,Type_17,65.38,1.98,221.0,10.52,2.092,821.9,0,0.17721506200458012,Normal,Good,-
M04006,Type_17,76.83,1.47,230.0,17.01,3.521,594.1,0,0.17711737356185142,Normal,Good,-
M01461,Type_06,59.24,2.9,230.1,18.52,3.835,316.8,0,0.1768805839551322,Normal,Good,-
M05612,Type_19,49.15,2.12,219.8,22.05,4.362,424.1,0,0.17686816612625492,Normal,Good,-
M02891,Type_14,67.96,3.12,226.6,19.21,3.918,435.7,0,0.1768604004375619,Normal,Good,-
M07897,Type_03,67.92,1.81,211.6,21.24,4.045,560.7,0,0.17685119585281192,Normal,Good,-
M03106,Type_02,75.44,2.15,225.4,11.84,2.402,284.6,0,0.17684132739077085,Normal,Good,-
M08501,Type_08,65.31,1.41,221.5,21.93,4.372,93.0,0,0.17676667120180858,Normal,Good,-
M03724,Type_25,73.69,3.09,212.3,19.05,3.64,388.1,0,0.1767648212708947,Normal,Good,-
M01535,Type_19,54.92,2.17,218.5,20.26,3.984,621.8,0,0.1766677327241214,Normal,Good,-
M01863,Type_25,71.7,2.78,212.2,21.33,4.074,378.9,0,0.1766500572726301,Normal,Good,-
M09449,Type_14,78.53,2.13,216.4,19.51,3.8,556.4,0,0.17649537779296628,Normal,Good,-
M00483,Type_04,71.88,3.5,220.5,21.51,4.269,191.0,0,0.1764478781845136,Normal,Good,-
M09005,Type_11,64.3,2.32,228.3,17.13,3.52,809.6,0,0.1764351167991205,Normal,Good,-
M00851,Type_24,77.18,1.83,222.9,13.16,2.64,755.2,0,0.17642697442918856,Normal,Good,-
M07198,Type_03,43.46,3.27,210.2,14.26,2.698,870.8,0,0.17638218837843006,Normal,Good,-
M07085,Type_18,44.82,2.17,217.1,13.86,2.708,699.4,0,0.17632133973324998,Normal,Good,-
M05585,Type_24,57.88,1.75,225.5,12.65,2.567,881.7,0,0.17626134252654488,Normal,Good,-
M05403,Type_24,76.68,0.91,215.6,12.26,2.379,470.4,0,0.17611431174875716,Normal,Good,-
M01979,Type_11,59.81,1.88,216.7,20.74,4.045,772.0,0,0.17605848723977982,Normal,Good,-
M04826,Type_11,52.47,1.59,228.8,20.89,4.302,286.3,0,0.17599508953453694,Normal,Good,-
M09568,Type_14,63.38,3.64,214.9,19.44,3.76,444.2,0,0.17598241079285412,Normal,Good,-
M03565,Type_01,58.55,3.62,220.2,20.27,4.017,193.7,0,0.17584502748163391,Normal,Good,-
M05390,Type_14,71.06,2.99,222.0,16.83,3.363,574.9,0,0.17581018838345502,Normal,Good,-
M05724,Type_14,75.99,4.17,225.1,14.59,2.956,820.6,0,0.1757656761071204,Normal,Good,-
M08737,Type_13,73.65,3.05,209.7,14.25,2.689,992.4,0,0.17573593212183825,Normal,Good,-
M06759,Type_17,73.2,2.19,225.2,15.85,3.212,924.5,0,0.17568059682618004,Normal,Good,-
M07209,Type_11,64.45,1.87,219.0,20.26,3.993,162.8,0,0.17567048570738822,Normal,Good,-
M09566,Type_17,74.12,2.83,225.4,12.94,2.625,303.1,0,0.17559146956062704,Normal,Good,-
M02822,Type_09,75.39,4.42,227.0,13.54,2.766,872.0,0,0.1755865862919017,Normal,Good,-
M05913,Type_18,57.28,1.9,219.0,10.9,2.148,201.1,0,0.17558552561482205,Normal,Good,-
M03446,Type_11,51.25,3.45,219.4,19.4,3.831,237.6,0,0.1755723592927121,Normal,Good,-
M09019,Type_09,68.5,1.81,222.3,20.43,4.087,348.7,0,0.17555714750225948,Normal,Good,-
M04648,Type_12,67.79,2.1,214.1,22.03,4.245,236.7,0,0.17550144718258792,Normal,Good,-
M07929,Type_12,66.54,2.44,215.5,21.95,4.257,610.6,0,0.17547279761656168,Normal,Good,-
M00790,Type_24,44.76,1.18,211.5,11.0,2.094,260.1,0,0.17545529681411054,Normal,Good,-
M08543,Type_19,59.14,1.91,217.7,20.35,3.987,616.3,0,0.17545367712445364,Normal,Good,-
M08537,Type_21,78.79,1.93,217.8,21.09,4.134,590.7,0,0.17530241439814698,Normal,Good,-
M02299,Type_04,80.26,2.57,216.5,12.07,2.352,472.9,0,0.17513965285851282,Normal,Good,-
M04854,Type_09,70.74,0.1,214.0,12.48,2.404,933.3,0,0.17509844193231172,Normal,Good,-
M05986,Type_09,64.85,2.96,220.3,20.13,3.991,292.7,0,0.17506909892725953,Normal,Good,-
M03767,Type_02,63.46,0.56,221.0,14.63,2.91,466.3,0,0.1750394407806108,Normal,Good,-
M06644,Type_24,58.73,3.68,213.9,12.23,2.354,516.8,0,0.17503378449270712,Normal,Good,-
M03039,Type_02,76.61,2.77,219.8,14.7,2.908,961.8,0,0.17495895950914403,Normal,Good,-
M06481,Type_04,39.66,0.38,217.5,14.28,2.795,749.0,0,0.17493816689987654,Normal,Good,-
M01919,Type_02,50.9,0.8,213.3,12.71,2.44,83.7,0,0.17491150948308745,Normal,Good,-
M02982,Type_17,55.73,2.71,221.6,21.65,4.318,955.3,0,0.17489743193651933,Normal,Good,-
M02058,Type_18,44.36,3.34,213.5,16.91,3.249,621.3,0,0.17483061385380846,Normal,Good,-
M09520,Type_12,38.91,2.07,212.5,15.78,3.018,579.9,0,0.1747252173038104,Normal,Good,-
M08783,Type_15,54.39,1.78,218.8,21.04,4.143,962.4,0,0.17470405840652364,Normal,Good,-
M09129,Type_17,71.21,3.21,224.1,18.36,3.703,395.7,0,0.17467797671223018,Normal,Good,-
M00336,Type_24,43.07,1.24,213.8,10.34,1.99,748.2,0,0.17456607973572708,Normal,Good,-
M07904,Type_11,69.32,0.78,218.5,22.28,4.381,199.9,0,0.17455969847955047,Normal,Good,-
M04273,Type_24,73.23,0.65,221.9,12.21,2.438,623.8,0,0.17455403244687684,Normal,Good,-
M00554,Type_19,62.38,3.55,216.0,18.92,3.678,467.1,0,0.17438284923701064,Normal,Good,-
M02503,Type_18,72.93,2.22,223.1,18.93,3.801,675.3,0,0.17433233225410258,Normal,Good,-
M02094,Type_24,41.04,1.16,218.9,12.89,2.539,563.7,0,0.17425193018072593,Normal,Good,-
M02052,Type_08,79.93,1.98,229.3,13.2,2.724,846.2,0,0.17418414203029986,Normal,Good,-
M05584,Type_14,56.64,3.53,217.0,19.64,3.836,285.3,0,0.17415183798974432,Normal,Good,-
M01139,Type_14,75.32,2.13,222.5,17.9,3.584,561.1,0,0.17402343372007956,Normal,Good,-
M03349,Type_03,46.88,2.66,220.2,20.58,4.079,468.8,0,0.1739651943891217,Normal,Good,-
M07804,Type_02,68.08,2.1,215.3,13.38,2.593,423.6,0,0.17390520196661613,Normal,Good,-
M05004,Type_20,70.35,4.31,217.9,19.16,3.757,925.6,0,0.17369824492115174,Normal,Good,-
M09721,Type_24,76.43,0.37,222.0,13.74,2.745,598.9,0,0.17350621208446373,Normal,Good,-
M04326,Type_18,56.74,2.92,218.7,20.38,4.011,416.7,0,0.17341845272171186,Normal,Good,-
M02717,Type_24,62.32,1.77,216.9,13.31,2.598,174.1,0,0.17335269261251596,Normal,Good,-
M08012,Type_24,69.74,2.72,228.1,11.93,2.449,515.1,0,0.1733036435633685,Normal,Good,-
M05137,Type_12,70.73,3.38,229.3,20.85,4.303,636.4,0,0.17329891525239902,Normal,Good,-
M05958,Type_18,68.34,1.5,212.0,13.91,2.654,440.2,0,0.17326513357382364,Normal,Good,-
M09331,Type_12,71.71,0.81,221.5,21.82,4.35,677.4,0,0.17326042993872062,Normal,Good,-
M04194,Type_02,61.82,2.51,211.4,13.17,2.506,455.1,0,0.17309194001869213,Normal,Good,-
M05174,Type_21,65.07,3.62,225.1,14.22,2.881,573.8,0,0.17307533125861455,Normal,Good,-
M02254,Type_23,68.64,4.04,217.3,20.46,4.001,620.3,0,0.1730449955821266,Normal,Good,-
M05331,Type_21,69.78,0.52,221.8,21.63,4.318,536.3,0,0.17303647640380335,Normal,Good,-
M03887,Type_24,68.9,1.76,223.8,13.97,2.814,897.0,0,0.17300530134247188,Normal,Good,-
M07067,Type_24,61.46,1.35,222.7,12.69,2.543,616.3,0,0.1729411146598164,Normal,Good,-
M04977,Type_17,60.5,1.5,211.9,10.31,1.966,988.1,0,0.17290922887594135,Normal,Good,-
M00244,Type_24,76.07,1.24,221.7,12.35,2.464,567.8,0,0.17289817027047164,Normal,Good,-
M01932,Type_04,60.29,0.68,222.7,20.44,4.097,704.6,0,0.17280878271855687,Normal,Good,-
M06695,Type_14,69.83,3.5,225.2,18.33,3.715,711.8,0,0.1727296653417748,Normal,Good,-
M07729,Type_09,65.56,1.91,224.9,16.94,3.429,63.0,0,0.1726795850118808,Normal,Good,-
M00531,Type_02,56.75,1.98,218.0,18.21,3.573,146.0,0,0.1725109144889187,Normal,Good,-
M07272,Type_08,48.96,2.38,228.9,21.77,4.485,717.2,0,0.17245012674872495,Normal,Good,-
M01955,Type_21,68.99,0.1,221.2,16.92,3.368,880.9,0,0.17243450559103712,Normal,Good,-
M06171,Type_19,59.29,1.84,228.7,16.71,3.439,596.2,0,0.17235584566962583,Normal,Good,-
M02276,Type_18,65.42,1.74,217.4,10.81,2.115,729.1,0,0.17235470416641557,Normal,Good,-
M06947,Type_17,52.88,2.88,224.2,21.67,4.373,106.1,0,0.17231345874301984,Normal,Good,-
M06881,Type_08,62.79,2.32,220.0,20.18,3.996,240.0,0,0.1722930104758368,Normal,Good,-
M09748,Type_03,80.06,3.46,216.7,18.76,3.659,495.4,0,0.17227849341968565,Normal,Good,-
M09970,Type_19,63.22,1.91,223.8,15.29,3.08,447.6,0,0.17223548514688708,Normal,Good,-
M04084,Type_11,56.23,3.71,220.8,16.07,3.193,677.5,0,0.1721728650379775,Normal,Good,-
M08707,Type_01,58.07,3.99,215.4,11.36,2.202,719.4,0,0.17212901493729127,Normal,Good,-
M09889,Type_07,67.87,1.72,220.2,23.06,4.57,437.3,0,0.17206838669340338,Normal,Good,-
M09054,Type_24,65.41,1.63,221.2,11.58,2.305,141.6,0,0.17206478539206543,Normal,Good,-
M08427,Type_04,56.46,1.74,221.5,19.9,3.967,863.2,0,0.17195257868397285,Normal,Good,-
M09704,Type_04,62.61,4.1,224.8,16.81,3.401,817.5,0,0.17195165160601866,Normal,Good,-
M06252,Type_24,72.33,1.19,220.8,13.81,2.744,399.9,0,0.17188205538685344,Normal,Good,-
M02333,Type_04,79.75,0.48,219.0,20.25,3.991,329.1,0,0.17187923653626377,Normal,Good,-
M08759,Type_14,73.62,2.79,221.3,16.8,3.346,559.4,0,0.17183290892362962,Normal,Good,-
M07002,Type_19,79.8,1.94,229.4,22.47,4.639,275.0,0,0.1718204362196575,Normal,Good,-
M04515,Type_03,67.08,0.1,211.9,13.69,2.611,816.7,0,0.1718077511158769,Normal,Good,-
M08094,Type_24,63.97,2.95,220.8,22.28,4.427,108.0,0,0.17180764010138688,Normal,Good,-
M06274,Type_18,71.76,2.76,219.2,23.29,4.595,230.2,0,0.17179218320193118,Normal,Good,-
M05712,Type_11,53.7,3.1,215.6,18.86,3.66,257.6,0,0.17176547774781592,Normal,Good,-
M08472,Type_16,73.56,4.24,224.5,16.12,3.257,769.7,0,0.17175805559556953,Normal,Good,-
M03865,Type_02,57.62,2.23,214.0,17.33,3.338,605.1,0,0.171755632402532,Normal,Good,-
M03648,Type_18,75.6,1.61,226.8,20.01,4.084,626.4,0,0.17171612150941926,Normal,Good,-
M00752,Type_24,77.3,0.1,217.4,13.32,2.606,180.0,0,0.171703067079956,Normal,Good,-
M08405,Type_07,67.88,1.97,219.1,22.93,4.522,161.2,0,0.17168215690688757,Normal,Good,-
M05615,Type_11,48.73,1.13,216.0,23.78,4.623,341.7,0,0.1716417943393841,Normal,Good,-
M00338,Type_17,67.18,2.51,225.6,14.03,2.849,563.5,0,0.1716030924741514,Normal,Good,-
M07595,Type_04,66.09,3.09,215.5,21.38,4.147,358.3,0,0.17158934718361737,Normal,Good,-
M00765,Type_24,75.67,4.08,221.3,19.48,3.88,816.6,0,0.17157695937146655,Normal,Good,-
M05012,Type_24,58.77,1.3,215.4,13.63,2.642,595.1,0,0.1715513166702307,Normal,Good,-
M08547,Type_04,70.86,1.27,226.4,20.27,4.13,701.8,0,0.17151205381912693,Normal,Good,-
M04488,Type_14,70.03,2.7,220.0,19.01,3.764,866.0,0,0.17151010282792462,Normal,Good,-
M06354,Type_24,53.05,1.75,218.3,11.38,2.236,97.3,0,0.17150447581561645,Normal,Good,-
M04050,Type_19,75.26,1.84,228.0,17.29,3.548,724.1,0,0.17145408922651653,Normal,Good,-
M08113,Type_08,71.15,0.1,225.7,11.7,2.377,872.2,0,0.17138925263006682,Normal,Good,-
M01332,Type_24,79.95,1.27,213.0,12.19,2.337,879.5,0,0.17137394126779262,Normal,Good,-
M00616,Type_17,63.4,1.6,223.5,11.28,2.269,923.3,0,0.17134688544868934,Normal,Good,-
M05354,Type_14,75.06,1.12,222.6,16.61,3.328,703.2,0,0.17126314456329575,Normal,Good,-
M00359,Type_21,60.09,3.31,215.3,15.96,3.093,690.6,0,0.17118888468241666,Normal,Good,-
M09968,Type_02,43.3,2.22,212.6,18.72,3.582,306.7,0,0.17116805986141492,Normal,Good,-
M05928,Type_04,66.68,3.55,217.0,19.14,3.738,364.4,0,0.1711598537639929,Normal,Good,-
M08449,Type_21,59.17,2.96,222.5,18.46,3.697,892.5,0,0.1711396563526317,Normal,Good,-
M05187,Type_21,66.34,2.86,226.7,15.19,3.099,913.9,0,0.1711385199197375,Normal,Good,-
M05196,Type_03,59.36,1.27,220.9,20.08,3.992,390.7,0,0.17113409503069923,Normal,Good,-
M07360,Type_18,38.15,2.02,216.4,17.99,3.504,916.2,0,0.17111964256733964,Normal,Good,-
M00745,Type_14,71.72,1.68,212.4,18.78,3.59,523.9,0,0.17110433136993705,Normal,Good,-
M05310,Type_14,50.14,3.46,217.5,18.94,3.708,197.3,0,0.17108844726744657,Normal,Good,-
M08329,Type_02,52.26,2.54,229.7,15.66,3.237,870.5,0,0.17101808141928168,Normal,Good,-
M04521,Type_03,63.22,4.04,213.4,16.43,3.156,524.1,0,0.17095699012599697,Normal,Good,-
M09904,Type_17,78.26,3.43,220.9,15.62,3.105,480.5,0,0.1709420696201739,Normal,Good,-
M05544,Type_18,38.85,3.74,225.4,17.05,3.459,82.7,0,0.17088643633783512,Normal,Good,-
M09543,Type_16,55.05,1.94,228.2,16.98,3.487,301.8,0,0.17088130006493465,Normal,Good,-
M07442,Type_04,68.4,2.65,218.9,20.4,4.019,898.4,0,0.17082007987005038,Normal,Good,-
M08980,Type_14,50.81,1.42,229.9,16.76,3.468,537.9,0,0.17078919138675416,Normal,Good,-
M00799,Type_07,65.26,2.59,210.4,21.6,4.09,60.7,0,0.1707673125274068,Normal,Good,-
M08730,Type_12,66.26,0.62,222.1,20.98,4.194,230.0,0,0.17075438243298977,Normal,Good,-
M06131,Type_17,77.21,2.03,221.5,14.47,2.885,396.8,0,0.17075058623475547,Normal,Good,-
M09984,Type_02,74.43,1.8,211.7,15.06,2.869,935.7,0,0.17071456236289412,Normal,Good,-
M01414,Type_09,60.77,1.83,217.9,21.33,4.183,174.0,0,0.1707129775518494,Normal,Good,-
M08983,Type_04,67.39,2.34,225.1,19.68,3.987,178.5,0,0.17067927161941251,Normal,Good,-
M00468,Type_04,79.95,2.67,227.4,22.75,4.656,843.1,0,0.1705954478000388,Normal,Good,-
M02445,Type_17,49.22,2.94,218.3,11.01,2.163,342.7,0,0.17054427486735307,Normal,Good,-
M09293,Type_02,57.54,1.78,227.6,21.04,4.31,977.3,0,0.17044435453712392,Normal,Good,-
M05386,Type_14,57.64,4.21,219.4,15.74,3.108,361.7,0,0.17034243715118194,Normal,Good,-
M03878,Type_04,56.9,1.72,214.7,15.06,2.91,477.6,0,0.17027633985542104,Normal,Good,-
M01921,Type_14,70.51,1.86,224.5,19.07,3.853,291.6,0,0.17021766800705745,Normal,Good,-
M02311,Type_24,42.57,1.44,225.6,15.43,3.133,305.5,0,0.17020623350544092,Normal,Good,-
M01266,Type_19,75.1,3.71,224.9,16.94,3.429,760.8,0,0.17017358869853808,Normal,Good,-
M04241,Type_04,38.18,3.91,212.9,19.74,3.782,498.8,0,0.17017160691903535,Normal,Good,-
M02919,Type_14,73.89,2.48,227.4,18.09,3.702,362.5,0,0.17015380219028142,Normal,Good,-
M04166,Type_23,68.93,1.9,226.9,19.36,3.954,367.4,0,0.17014991556737258,Normal,Good,-
M09146,Type_07,75.64,2.69,222.3,20.76,4.153,574.8,0,0.1701341820394312,Normal,Good,-
M09941,Type_04,64.55,2.79,217.0,20.41,3.986,521.2,0,0.17011920824720822,Normal,Good,-
M08096,Type_09,66.45,2.95,227.2,17.79,3.638,59.7,0,0.17010750336177136,Normal,Good,-
M08912,Type_02,79.58,1.94,221.5,11.1,2.213,245.8,0,0.1700616959005313,Normal,Good,-
M06312,Type_24,47.35,1.74,215.8,13.17,2.558,454.7,0,0.17003613332983833,Normal,Good,-
M06871,Type_21,69.84,1.01,211.6,10.66,2.03,695.9,0,0.17001371676441743,Normal,Good,-
M00068,Type_18,46.4,1.62,221.7,13.99,2.791,788.0,0,0.16986412069537787,Normal,Good,-
M04651,Type_08,61.82,3.46,217.8,20.71,4.06,374.1,0,0.1698518894083456,Normal,Good,-
M01518,Type_18,59.6,1.76,216.2,13.64,2.654,435.7,0,0.16984191632655932,Normal,Good,-
M00975,Type_04,77.57,3.44,223.8,15.63,3.148,66.1,0,0.16983148464162398,Normal,Good,-
M04710,Type_14,69.82,1.75,219.4,16.87,3.331,371.0,0,0.16980315276334607,Normal,Good,-
M03384,Type_12,63.57,1.72,222.0,20.51,4.098,879.0,0,0.16979398736700788,Normal,Good,-
M02689,Type_19,43.5,3.33,223.4,17.21,3.46,608.2,0,0.16979029012888805,Normal,Good,-
M00285,Type_07,63.23,2.14,228.3,20.51,4.214,577.6,0,0.16973059504591975,Normal,Good,-
M05115,Type_18,44.46,1.46,219.1,16.19,3.193,237.9,0,0.16968997727766066,Normal,Good,-
M04255,Type_24,58.26,2.9,219.3,11.77,2.323,663.7,0,0.16962666521536687,Normal,Good,-
M00254,Type_02,62.05,4.4,221.1,15.15,3.015,454.2,0,0.1696144587867392,Normal,Good,-
M01520,Type_14,74.71,3.02,212.9,14.06,2.694,421.4,0,0.16958369825023298,Normal,Good,-
M07858,Type_17,57.16,2.72,225.5,13.02,2.642,901.8,0,0.16957094565676173,Normal,Good,-
M08755,Type_18,79.6,1.9,213.9,15.28,2.942,474.8,0,0.16955834745642115,Normal,Good,-
M02530,Type_02,60.1,1.33,216.8,15.19,2.964,390.2,0,0.16955141071825885,Normal,Good,-
M05037,Type_18,68.0,2.22,222.4,20.36,4.075,242.6,0,0.16950143683845467,Normal,Good,-
M06227,Type_24,75.65,1.08,216.7,11.82,2.305,115.7,0,0.16944266994783708,Normal,Good,-
M02718,Type_21,51.71,3.42,219.9,17.14,3.392,850.6,0,0.169420284900131,Normal,Good,-
M05967,Type_03,76.06,2.15,220.3,13.38,2.653,400.9,0,0.16940934561388654,Normal,Good,-
M06123,Type_17,62.56,3.94,223.5,13.27,2.669,815.1,0,0.16936118324019353,Normal,Good,-
M09002,Type_11,60.85,3.49,214.9,17.43,3.371,528.0,0,0.1693221528548027,Normal,Good,-
M05869,Type_01,63.41,2.58,222.8,10.21,2.047,68.6,0,0.1693183097403959,Normal,Good,-
M08595,Type_24,77.35,2.01,216.4,21.99,4.283,285.2,0,0.1692615473877269,Normal,Good,-
M01517,Type_14,76.31,3.93,219.1,14.13,2.786,409.2,0,0.16923250688719846,Normal,Good,-
M05689,Type_14,69.89,1.97,218.4,17.98,3.534,405.4,0,0.1692141977639629,Normal,Good,-
M04975,Type_19,56.06,1.84,222.2,20.31,4.062,182.7,0,0.1691782331342013,Normal,Good,-
M01744,Type_01,56.63,1.52,218.8,11.27,2.219,70.6,0,0.16911887747149934,Normal,Good,-
M08667,Type_04,47.46,3.74,227.9,18.21,3.735,788.5,0,0.1691072217295783,Normal,Good,-
M04958,Type_02,60.88,1.33,213.9,19.43,3.74,173.4,0,0.16902701140160048,Normal,Good,-
M09991,Type_14,71.73,2.4,215.1,17.02,3.295,458.1,0,0.1690171265624727,Normal,Good,-
M08712,Type_19,78.78,2.62,227.1,22.09,4.515,734.4,0,0.16897447122127723,Normal,Good,-
M09874,Type_09,60.48,2.25,224.9,20.57,4.164,475.8,0,0.16896755736493152,Normal,Good,-
M03645,Type_18,65.0,1.35,212.2,10.63,2.03,279.0,0,0.16893742514537152,Normal,Good,-
M05014,Type_09,38.51,1.3,216.8,14.66,2.86,646.9,0,0.16890967354827793,Normal,Good,-
M04026,Type_11,61.91,2.18,216.8,18.69,3.647,703.3,0,0.16890461800373513,Normal,Good,-
M03027,Type_19,71.77,2.72,213.5,14.81,2.846,666.6,0,0.16890257086591803,Normal,Good,-
M00852,Type_11,59.93,2.1,215.2,18.94,3.668,240.2,0,0.16889145241770737,Normal,Good,-
M08518,Type_21,51.0,3.23,214.3,12.4,2.392,641.5,0,0.16888334565204466,Normal,Good,-
M09489,Type_19,38.39,1.96,218.8,14.18,2.792,736.6,0,0.16888161975412377,Normal,Good,-
M07327,Type_11,59.98,2.12,222.5,17.26,3.456,395.7,0,0.1688576096917717,Normal,Good,-
M05317,Type_15,64.45,2.04,223.6,22.54,4.536,95.8,0,0.16883299590510353,Normal,Good,-
M07571,Type_17,67.06,3.79,228.2,11.18,2.296,494.9,0,0.16881872013553129,Normal,Good,-
M09295,Type_14,79.84,0.5,217.3,19.57,3.827,924.1,0,0.16881246462846125,Normal,Good,-
M07745,Type_09,54.64,2.23,220.4,21.06,4.177,826.6,0,0.16880148670617148,Normal,Good,-
M03465,Type_03,65.39,4.18,227.2,15.75,3.221,293.9,0,0.16876452591571806,Normal,Good,-
M04784,Type_24,72.3,2.03,218.7,11.43,2.25,665.4,0,0.16873894151258834,Normal,Good,-
M06047,Type_11,64.26,2.52,216.2,19.95,3.882,195.6,0,0.16866262344754154,Normal,Good,-
M01880,Type_17,77.17,3.01,218.1,14.35,2.817,434.9,0,0.16866220398239395,Normal,Good,-
M06584,Type_11,63.72,2.55,223.6,17.41,3.504,736.0,0,0.168642848948584,Normal,Good,-
M08143,Type_11,55.13,3.45,218.4,16.75,3.292,120.5,0,0.16863159781950984,Normal,Good,-
M00203,Type_04,69.91,0.81,214.9,15.29,2.957,481.8,0,0.1686124432095443,Normal,Good,-
M04787,Type_24,66.42,4.07,226.6,19.33,3.942,140.7,0,0.16859500897923568,Normal,Good,-
M06954,Type_17,72.06,3.35,210.9,12.62,2.395,563.3,0,0.1685565486533189,Normal,Good,-
M07054,Type_21,74.32,2.12,211.0,13.4,2.545,398.8,0,0.16850794303274166,Normal,Good,-
M07615,Type_04,65.09,2.94,220.3,15.3,3.034,426.0,0,0.16848529954977046,Normal,Good,-
M01700,Type_21,78.87,1.31,219.1,18.45,3.638,730.1,0,0.16847659734135342,Normal,Good,-
M00957,Type_17,68.08,0.1,224.2,10.82,2.183,383.1,0,0.1683495131099495,Normal,Good,-
M00066,Type_03,43.66,3.68,210.9,17.88,3.394,771.8,0,0.16827948039252555,Normal,Good,-
M07491,Type_22,75.88,0.81,230.1,14.43,2.988,242.7,0,0.16825743793095158,Normal,Good,-
M01419,Type_20,64.73,3.25,225.6,21.52,4.369,792.9,0,0.1682528297052364,Normal,Good,-
M07354,Type_21,59.19,0.65,224.6,16.82,3.4,728.8,0,0.16822832719586656,Normal,Good,-
M01015,Type_08,56.44,2.77,229.6,20.91,4.321,182.2,0,0.1682266835056222,Normal,Good,-
M01259,Type_09,67.89,2.56,220.6,21.81,4.33,442.1,0,0.16822649301954015,Normal,Good,-
M09336,Type_03,77.48,0.1,225.8,12.54,2.548,942.7,0,0.16813159776353537,Normal,Good,-
M02209,Type_11,61.89,1.25,221.7,17.12,3.416,749.4,0,0.16797241649185096,Normal,Good,-
M08701,Type_20,67.19,4.25,214.0,15.29,2.945,624.4,0,0.16788574464312056,Normal,Good,-
M07998,Type_04,79.78,1.87,220.1,13.35,2.645,758.1,0,0.16787246244199938,Normal,Good,-
M00548,Type_04,59.67,2.23,226.8,22.45,4.582,779.4,0,0.16786273571263163,Normal,Good,-
M00921,Type_19,41.06,3.54,218.4,12.73,2.502,206.1,0,0.16781620330757677,Normal,Good,-
M04649,Type_18,64.31,2.84,214.4,11.14,2.15,86.4,0,0.16773445600136416,Normal,Good,-
M06201,Type_17,56.0,3.63,222.1,13.38,2.675,560.2,0,0.16768659682584444,Normal,Good,-
M00146,Type_09,70.28,1.69,224.8,19.61,3.967,528.0,0,0.1676836878285469,Normal,Good,-
M04652,Type_14,66.15,3.12,222.1,18.48,3.694,781.6,0,0.16765708460593223,Normal,Good,-
M09390,Type_12,71.94,3.65,212.1,14.67,2.8,931.5,0,0.16763486499980135,Normal,Good,-
M08625,Type_17,73.17,2.28,221.5,12.84,2.56,319.7,0,0.16762407110835606,Normal,Good,-
M01492,Type_14,70.31,3.59,217.7,17.16,3.362,456.1,0,0.16761249149416227,Normal,Good,-
M00698,Type_18,68.92,2.51,218.3,18.77,3.688,592.2,0,0.16760913856120127,Normal,Good,-
M03512,Type_11,49.22,2.61,220.4,16.67,3.307,156.3,0,0.16760285712388798,Normal,Good,-
M07048,Type_22,77.48,4.48,215.6,14.87,2.885,694.6,0,0.167573003885459,Normal,Good,-
M05283,Type_21,70.22,1.55,213.6,22.19,4.266,57.2,0,0.16756220773075423,Normal,Good,-
M02172,Type_09,66.09,2.62,212.4,21.55,4.119,238.1,0,0.16755907769768816,Normal,Good,-
M08475,Type_14,66.76,3.29,227.4,17.12,3.504,521.2,0,0.1675584133751146,Normal,Good,-
M08507,Type_21,71.51,2.63,218.7,10.59,2.084,728.9,0,0.16749310761401684,Normal,Good,-
M00111,Type_14,60.67,3.04,211.2,14.08,2.676,599.4,0,0.16743747338345966,Normal,Good,-
M00394,Type_19,70.08,2.97,216.2,21.09,4.104,240.0,0,0.16743007319721395,Normal,Good,-
M03041,Type_18,66.43,2.91,229.6,12.54,2.591,87.6,0,0.1673932064781573,Normal,Good,-
M01161,Type_04,68.06,3.33,222.4,19.52,3.907,725.5,0,0.1673894936379949,Normal,Good,-
M05804,Type_24,50.77,1.3,218.3,12.51,2.458,427.8,0,0.16738418392067853,Normal,Good,-
M02796,Type_24,58.89,1.82,210.2,18.9,3.576,477.2,0,0.16735126758560764,Normal,Good,-
M09151,Type_07,46.21,3.06,224.0,21.0,4.234,275.3,0,0.16734917956566883,Normal,Good,-
M00274,Type_07,72.38,0.99,209.9,13.79,2.605,434.2,0,0.1672804531577088,Normal,Good,-
M08207,Type_17,67.65,4.23,220.6,14.91,2.96,537.3,0,0.16724542859685573,Normal,Good,-
M03659,Type_07,64.5,1.87,226.4,21.0,4.279,343.2,0,0.16724126805651005,Normal,Good,-
M05329,Type_05,70.54,1.69,227.3,21.82,4.464,57.8,0,0.16723199571387762,Normal,Good,-
M02459,Type_02,69.3,1.65,216.9,14.41,2.813,462.9,0,0.16721877056519166,Normal,Good,-
M04761,Type_04,60.12,1.08,214.1,20.99,4.045,521.3,0,0.1672166502133809,Normal,Good,-
M05941,Type_02,68.32,1.32,212.1,13.31,2.541,622.8,0,0.16718297135660198,Normal,Good,-
M04196,Type_21,68.31,3.05,213.1,18.42,3.533,967.4,0,0.16716945522925883,Normal,Good,-
M05258,Type_07,70.78,2.39,226.6,22.35,4.558,123.7,0,0.1671478166118017,Normal,Good,-
M08848,Type_12,51.4,2.26,224.8,18.95,3.834,369.2,0,0.16713929711430414,Normal,Good,-
M06774,Type_19,64.36,2.64,226.3,17.49,3.562,598.9,0,0.16713879274970891,Normal,Good,-
M04176,Type_24,53.75,1.29,223.4,12.63,2.539,402.4,0,0.16713737049441882,Normal,Good,-
M08254,Type_09,63.3,0.1,213.3,15.87,3.047,680.9,0,0.16712020761861357,Normal,Good,-
M08302,Type_18,63.67,1.61,219.4,20.01,3.951,633.1,0,0.16711080021635966,Normal,Good,-
M04248,Type_12,41.61,2.32,223.8,18.67,3.761,815.4,0,0.16709305291885726,Normal,Good,-
M00423,Type_21,61.76,0.68,214.4,13.58,2.62,55.9,0,0.167078961405035,Normal,Good,-
M07341,Type_04,60.87,2.38,217.4,22.32,4.367,903.8,0,0.16706437473647706,Normal,Good,-
M08602,Type_08,61.51,1.85,221.3,19.86,3.956,153.8,0,0.16705123802469998,Normal,Good,-
M09492,Type_12,39.87,2.91,218.9,12.25,2.413,535.3,0,0.16704780072621003,Normal,Good,-
M07590,Type_04,72.56,3.77,215.6,18.51,3.592,541.6,0,0.1670422573587158,Normal,Good,-
M08004,Type_19,62.29,2.79,216.5,14.95,2.913,555.0,0,0.16700423359980388,Normal,Good,-
M09495,Type_01,69.06,2.41,214.5,20.51,3.959,52.2,0,0.1669304209477932,Normal,Good,-
M08197,Type_23,78.56,3.83,224.3,20.0,4.037,579.1,0,0.16691838853479232,Normal,Good,-
M05508,Type_18,70.9,0.1,223.0,11.01,2.21,799.9,0,0.1669100248555531,Normal,Good,-
M05694,Type_18,71.15,1.03,219.1,20.62,4.066,306.7,0,0.1668758340746627,Normal,Good,-
M05347,Type_13,74.09,1.05,209.8,15.22,2.874,790.1,0,0.16686556607979533,Normal,Good,-
M04253,Type_11,55.96,2.02,220.5,17.22,3.417,777.1,0,0.16682672794302056,Normal,Good,-
M04200,Type_11,80.37,2.17,210.4,16.03,3.035,728.5,0,0.16678767697213615,Normal,Good,-
M00808,Type_18,76.02,0.23,222.8,21.37,4.285,156.5,0,0.1667819191293712,Normal,Good,-
M05208,Type_18,66.42,2.73,219.6,14.51,2.868,63.9,0,0.16677910662285278,Normal,Good,-
M06879,Type_11,56.17,2.64,225.2,16.1,3.263,550.3,0,0.166746913461819,Normal,Good,-
M02493,Type_12,49.11,2.18,222.9,12.5,2.508,827.5,0,0.16673566186164301,Normal,Good,-
M06920,Type_18,68.22,2.16,215.1,11.69,2.263,666.9,0,0.166681370931476,Normal,Good,-
M03350,Type_19,69.7,1.88,217.4,15.04,2.943,446.8,0,0.16666580177601698,Normal,Good,-
M04568,Type_14,69.38,3.41,221.9,14.26,2.848,757.9,0,0.16665221274121111,Normal,Good,-
M02923,Type_11,54.05,1.26,213.8,19.36,3.725,83.3,0,0.16664995224290735,Normal,Good,-
M05173,Type_22,41.3,2.35,221.3,15.77,3.141,516.2,0,0.166640104149519,Normal,Good,-
M01169,Type_14,47.29,2.82,218.7,18.89,3.718,393.5,0,0.16663518707866193,Normal,Good,-
M06222,Type_08,71.85,1.74,225.7,12.81,2.602,61.4,0,0.16662227740885316,Normal,Good,-
M03144,Type_20,53.84,2.47,223.5,15.5,3.118,966.3,0,0.1665652040476769,Normal,Good,-
M01569,Type_19,71.08,0.1,218.5,16.28,3.201,493.1,0,0.16651048028057402,Normal,Good,-
M06329,Type_12,65.27,3.71,224.5,14.48,2.926,506.6,0,0.166508375719253,Normal,Good,-
M06860,Type_03,72.11,1.84,223.6,18.94,3.811,691.7,0,0.16649425671842435,Normal,Good,-
M04390,Type_12,57.03,2.49,225.1,16.74,3.391,829.2,0,0.16648383199632202,Normal,Good,-
M07869,Type_04,67.74,0.1,225.7,12.27,2.492,729.4,0,0.16647758693165038,Normal,Good,-
M03340,Type_03,73.08,0.68,227.1,14.33,2.929,892.0,0,0.16647485716394378,Normal,Good,-
M03785,Type_11,44.08,1.52,216.6,19.97,3.893,868.2,0,0.1664607685552284,Normal,Good,-
M08956,Type_18,68.48,2.39,214.9,13.46,2.603,776.7,0,0.1664262561415475,Normal,Good,-
M07249,Type_16,71.86,2.99,222.4,16.89,3.381,150.0,0,0.1664232353159974,Normal,Good,-
M06952,Type_04,56.92,2.28,218.1,13.49,2.648,375.4,0,0.16641233694571017,Normal,Good,-
M01346,Type_19,52.16,2.99,217.8,21.85,4.283,148.4,0,0.16637895360025057,Normal,Good,-
M07661,Type_01,68.94,2.39,219.2,20.34,4.013,254.6,0,0.16633096414525406,Normal,Good,-
M01443,Type_02,55.04,3.25,216.3,12.77,2.486,60.6,0,0.1663265725822959,Normal,Good,-
M04924,Type_21,65.33,3.02,220.4,18.62,3.693,635.1,0,0.1663195069646013,Normal,Good,-
M03227,Type_24,62.89,3.86,223.8,14.31,2.882,623.7,0,0.16630543814572754,Normal,Good,-
M09734,Type_04,59.26,2.82,215.4,13.93,2.7,620.9,0,0.16627267718896174,Normal,Good,-
M07011,Type_08,70.42,0.37,220.3,16.05,3.182,70.6,0,0.16626989938466935,Normal,Good,-
M06458,Type_07,70.13,0.7,224.0,21.42,4.318,273.6,0,0.1662627590008611,Normal,Good,-
M01021,Type_11,65.8,2.76,223.4,15.89,3.195,579.8,0,0.16626151934016423,Normal,Good,-
M09372,Type_11,70.01,2.64,217.1,19.35,3.781,311.9,0,0.16625392622038887,Normal,Good,-
M07257,Type_23,69.52,3.28,221.6,20.71,4.13,417.9,0,0.16623740726025196,Normal,Good,-
M09350,Type_04,71.96,1.52,216.8,20.72,4.043,601.8,0,0.16623267233586947,Normal,Good,-
M05457,Type_04,50.3,1.98,219.6,19.33,3.82,236.2,0,0.1662118822829199,Normal,Good,-
M06683,Type_21,60.2,1.03,221.3,14.99,2.986,72.1,0,0.1662106376887657,Normal,Good,-
M09997,Type_04,42.59,0.83,225.1,14.4,2.917,51.5,0,0.16619050292453078,Normal,Good,-
M02608,Type_19,62.07,0.1,211.8,15.96,3.042,504.5,0,0.16617864495303117,Normal,Good,-
M08493,Type_04,77.22,2.79,217.9,22.02,4.318,336.5,0,0.1661744619419886,Normal,Good,-
M00251,Type_08,55.99,2.95,216.9,21.14,4.127,375.9,0,0.16615532634826324,Normal,Good,-
M03572,Type_24,66.44,1.62,224.2,22.85,4.611,567.0,0,0.16614939166529538,Normal,Good,-
M07846,Type_11,58.72,3.41,223.9,14.6,2.942,142.5,0,0.16611719014143514,Normal,Good,-
M04206,Type_09,69.3,0.1,218.3,15.86,3.116,490.7,0,0.1661160113090405,Normal,Good,-
M06721,Type_14,57.28,1.46,213.5,13.86,2.663,58.1,0,0.16610887711842304,Normal,Good,-
M01129,Type_04,67.82,2.87,211.8,22.43,4.276,180.8,0,0.16609754550669517,Normal,Good,-
M03855,Type_24,57.49,2.46,223.2,13.32,2.676,925.5,0,0.16609282934448946,Normal,Good,-
M03172,Type_19,57.38,1.8,222.0,20.68,4.132,127.9,0,0.16606334177752147,Normal,Good,-
M09367,Type_17,62.19,4.07,224.5,10.89,2.2,231.3,0,0.16603788331918343,Normal,Good,-
M08038,Type_20,72.61,4.31,227.2,18.07,3.695,585.2,0,0.1660337606702426,Normal,Good,-
M02313,Type_04,67.22,2.81,213.1,13.92,2.67,99.9,0,0.16601948146304138,Normal,Good,-
M00360,Type_02,53.65,1.65,213.6,19.04,3.66,431.8,0,0.16600026053914932,Normal,Good,-
M05197,Type_11,65.6,1.57,222.1,16.68,3.334,614.1,0,0.16599385647864584,Normal,Good,-
M03282,Type_14,71.09,3.46,215.3,14.84,2.876,757.4,0,0.16599256368341686,Normal,Good,-
M00620,Type_18,61.43,3.37,218.9,19.86,3.913,347.6,0,0.16599141451183047,Normal,Good,-
M08030,Type_24,66.92,2.09,228.3,13.31,2.735,691.2,0,0.16596329882919175,Normal,Good,-
M01319,Type_09,59.16,2.01,227.9,16.98,3.483,652.1,0,0.1659606285540537,Normal,Good,-
M06809,Type_03,69.24,3.0,223.7,21.29,4.286,159.6,0,0.16590783713514665,Normal,Good,-
M03386,Type_19,51.9,3.76,215.3,19.09,3.699,290.9,0,0.1658639270335321,Normal,Good,-
M07562,Type_11,66.46,1.95,214.8,19.65,3.799,559.2,0,0.1658416817611223,Normal,Good,-
M02720,Type_24,45.74,0.1,222.0,12.4,2.478,253.0,0,0.16583759979814125,Normal,Good,-
M09453,Type_14,62.31,1.18,228.1,17.26,3.543,59.9,0,0.16581820543454506,Normal,Good,-
M00191,Type_18,63.26,1.08,221.8,10.48,2.092,672.9,0,0.16581407639894633,Normal,Good,-
M00654,Type_19,74.37,2.46,223.8,15.28,3.078,755.4,0,0.16578564329979023,Normal,Good,-
M09816,Type_21,67.83,2.19,229.1,14.64,3.019,471.7,0,0.16573702006226315,Normal,Good,-
M05026,Type_02,75.84,2.84,221.4,16.31,3.25,410.0,0,0.1656672324707977,Normal,Good,-
M06141,Type_11,54.49,0.73,219.6,19.38,3.83,830.9,0,0.16566439847846273,Normal,Good,-
M09777,Type_09,65.66,1.92,216.3,20.52,3.995,865.2,0,0.16559037989446257,Normal,Good,-
M08356,Type_04,66.66,2.64,222.0,20.95,4.186,682.8,0,0.16555967364959717,Normal,Good,-
M00875,Type_17,43.65,0.1,229.0,12.08,2.49,382.0,0,0.16551861446424812,Normal,Good,-
M07021,Type_14,59.45,2.14,220.2,17.68,3.504,520.3,0,0.16550200617889718,Normal,Good,-
M00173,Type_04,62.86,2.33,227.0,16.73,3.418,341.2,0,0.16548898527689446,Normal,Good,-
M04429,Type_05,58.65,1.79,216.6,22.15,4.318,130.3,0,0.16546312839807217,Normal,Good,-
M04184,Type_24,65.62,2.65,222.0,16.8,3.357,62.4,0,0.1654423559453461,Normal,Good,-
M03201,Type_06,68.48,1.32,220.2,21.0,4.162,282.3,0,0.1654139940218769,Normal,Good,-
M06944,Type_12,47.06,1.26,225.9,19.82,4.03,583.3,0,0.16540987491527084,Normal,Good,-
M07411,Type_15,76.36,0.1,213.3,15.45,2.966,341.0,0,0.16535726632556497,Normal,Good,-
M09679,Type_19,69.13,3.11,222.6,17.39,3.484,370.9,0,0.16535198914914667,Normal,Good,-
M01774,Type_17,70.52,2.15,217.8,18.02,3.532,652.4,0,0.16530556233590754,Normal,Good,-
M03347,Type_17,55.77,2.23,222.5,14.22,2.848,674.0,0,0.16525763320870562,Normal,Good,-
M06324,Type_02,75.22,0.1,217.3,14.34,2.804,563.0,0,0.16524937254445013,Normal,Good,-
M04901,Type_14,64.86,0.91,223.8,19.46,3.92,945.3,0,0.1652443941084097,Normal,Good,-
M08972,Type_19,58.27,3.49,216.2,19.12,3.72,123.7,0,0.16523271730451608,Normal,Good,-
M09210,Type_20,80.05,0.1,228.4,20.31,4.175,437.3,0,0.16522512177412976,Normal,Good,-
M02925,Type_14,70.95,1.49,216.8,17.69,3.452,413.3,0,0.16521709039083882,Normal,Good,-
M04458,Type_01,61.72,2.17,223.6,16.93,3.407,853.0,0,0.16519708279211995,Normal,Good,-
M08695,Type_23,71.9,4.32,222.5,17.71,3.546,555.1,0,0.1651897635715761,Normal,Good,-
M09460,Type_16,78.64,0.6,217.7,12.94,2.535,929.0,0,0.16518939115702558,Normal,Good,-
M08936,Type_04,51.91,2.19,216.4,13.13,2.557,734.4,0,0.16516948874639067,Normal,Good,-
M01868,Type_01,60.1,3.02,219.3,20.87,4.119,265.1,0,0.16514776173061774,Normal,Good,-
M02729,Type_19,63.52,1.76,220.4,15.41,3.057,811.0,0,0.16513689681139623,Normal,Good,-
M01466,Type_20,75.29,2.69,222.6,21.52,4.311,426.7,0,0.1651168822056742,Normal,Good,-
M08767,Type_24,61.01,3.7,220.0,11.07,2.192,299.2,0,0.16511046355520403,Normal,Good,-
M04401,Type_11,74.39,1.68,221.0,20.38,4.054,127.5,0,0.16509312225397468,Normal,Good,-
M07826,Type_19,71.5,2.31,224.4,16.6,3.353,360.6,0,0.16507721342813667,Normal,Good,-
M02093,Type_18,71.42,2.94,211.8,11.72,2.234,498.8,0,0.16507533300656474,Normal,Good,-
M01106,Type_24,52.91,3.15,218.5,11.83,2.326,790.5,0,0.16505290172852768,Normal,Good,-
M06866,Type_02,60.27,2.33,220.6,20.27,4.024,514.9,0,0.16501611203081282,Normal,Good,-
M09094,Type_19,58.73,2.75,220.6,20.63,4.096,93.6,0,0.16499272534470147,Normal,Good,-
M08913,Type_04,75.09,0.98,223.2,13.15,2.642,662.5,0,0.16497668274077446,Normal,Good,-
M00463,Type_01,59.48,3.39,213.2,15.12,2.901,955.4,0,0.16494301124471508,Normal,Good,-
M02902,Type_02,70.81,2.23,215.4,16.85,3.267,150.2,0,0.16492795315420516,Normal,Good,-
M07123,Type_04,55.89,3.57,219.8,14.59,2.886,736.2,0,0.16489350317093052,Normal,Good,-
M09354,Type_04,77.52,1.5,218.8,12.2,2.402,479.5,0,0.16488328145685432,Normal,Good,-
M05908,Type_08,68.06,2.99,222.1,21.28,4.254,406.5,0,0.164877375431521,Normal,Good,-
M03929,Type_09,71.03,1.1,211.8,14.03,2.674,874.8,0,0.16487068066667468,Normal,Good,-
M00772,Type_04,53.76,3.88,211.7,20.06,3.822,369.6,0,0.1648533029870274,Normal,Good,-
M08564,Type_04,49.13,1.99,213.6,11.92,2.292,123.3,0,0.16481444896113423,Normal,Good,-
M05190,Type_24,54.51,1.31,224.6,13.39,2.707,314.8,0,0.16481292781268583,Normal,Good,-
M08505,Type_13,47.6,3.4,219.3,22.72,4.484,693.4,0,0.16480202001782474,Normal,Good,-
M09535,Type_21,78.6,4.28,218.8,15.27,3.007,869.7,0,0.16476281035847895,Normal,Good,-
M05738,Type_14,55.77,2.75,219.2,19.1,3.768,696.5,0,0.16475593262635993,Normal,Good,-
M04837,Type_09,66.67,2.2,224.1,20.89,4.213,590.8,0,0.16475376525529492,Normal,Good,-
M04045,Type_04,48.38,2.53,221.3,18.9,3.764,679.3,0,0.16473990258096116,Normal,Good,-
M04779,Type_04,50.4,2.71,226.2,19.26,3.921,792.6,0,0.16473990258096116,Normal,Good,-
M04872,Type_11,65.41,0.64,215.4,18.28,3.544,65.3,0,0.16472987774834943,Normal,Good,-
M01244,Type_01,59.27,1.96,220.3,22.21,4.404,687.2,0,0.16472540642535974,Normal,Good,-
M03278,Type_17,71.83,1.61,219.2,20.61,4.066,883.4,0,0.16472282654465706,Normal,Good,-
M07613,Type_04,56.61,2.42,225.2,16.59,3.362,273.6,0,0.16471699310273924,Normal,Good,-
M00341,Type_14,63.01,3.44,225.9,14.38,2.924,446.9,0,0.1646903430735722,Normal,Good,-
M09809,Type_14,64.59,3.57,223.9,14.2,2.861,527.6,0,0.1646903430735722,Normal,Good,-
M03897,Type_15,63.67,2.58,218.3,15.24,2.994,177.9,0,0.16468367418616064,Normal,Good,-
M09128,Type_18,55.06,1.67,213.1,14.53,2.787,828.0,0,0.16466450459297693,Normal,Good,-
M07838,Type_02,57.77,2.58,220.8,11.7,2.325,248.8,0,0.16463777816272532,Normal,Good,-
M08203,Type_03,78.61,0.1,219.9,14.75,2.919,921.7,0,0.1646374802782422,Normal,Good,-
M06310,Type_21,80.23,1.79,214.3,19.17,3.697,256.7,0,0.16459773470339262,Normal,Good,-
M07441,Type_16,57.49,2.65,213.0,22.32,4.279,810.4,0,0.16456635633444106,Normal,Good,-
M01916,Type_11,64.27,1.44,217.2,20.01,3.912,667.0,0,0.16456215186347595,Normal,Good,-
M04230,Type_24,52.62,0.65,218.7,10.65,2.096,914.1,0,0.16455950023291485,Normal,Good,-
M04499,Type_14,56.21,3.48,222.6,17.1,3.426,313.2,0,0.16454429214731273,Normal,Good,-
M09509,Type_21,73.16,2.6,213.9,15.02,2.892,717.3,0,0.16453014514568806,Normal,Good,-
M00037,Type_19,41.31,2.3,219.0,10.96,2.16,656.5,0,0.1645291684868743,Normal,Good,-
M04102,Type_02,62.7,4.16,215.5,22.28,4.321,271.3,0,0.16452611418504198,Normal,Good,-
M06402,Type_25,69.43,4.58,219.4,12.65,2.498,901.7,0,0.16449968394659514,Normal,Good,-
M09421,Type_18,58.96,1.39,216.2,13.58,2.642,120.2,0,0.16448316097011617,Normal,Good,-
M02884,Type_04,66.96,2.48,223.3,19.03,3.824,421.2,0,0.1644690764134648,Normal,Good,-
M00131,Type_09,49.35,2.03,219.8,20.72,4.099,891.2,0,0.16446848835322744,Normal,Good,-
M00461,Type_19,62.91,3.33,218.6,16.81,3.307,835.9,0,0.16446277883591073,Normal,Good,-
M03077,Type_02,58.82,1.8,218.9,17.41,3.43,493.1,0,0.16446259094732593,Normal,Good,-
M09310,Type_11,65.21,2.62,221.8,17.97,3.587,521.8,0,0.16445698833843383,Normal,Good,-
M02450,Type_04,76.3,2.71,228.6,12.76,2.625,404.8,0,0.16445439916386548,Normal,Good,-
M08178,Type_02,62.91,1.84,218.1,19.66,3.859,539.2,0,0.16439839271713627,Normal,Good,-
M01481,Type_19,56.14,3.44,217.6,14.6,2.859,477.4,0,0.1643846184989684,Normal,Good,-
M00580,Type_12,74.04,1.98,227.9,19.4,3.979,101.7,0,0.16437644189906492,Normal,Good,-
M00940,Type_09,65.83,2.0,227.2,20.95,4.284,542.6,0,0.1643694323991925,Normal,Good,-
M08524,Type_03,59.03,3.45,219.5,12.6,2.489,693.4,0,0.16435955729978563,Normal,Good,-
M02984,Type_21,59.91,2.36,222.6,17.17,3.44,815.6,0,0.16433771279325085,Normal,Good,-
M06784,Type_01,58.64,3.21,228.7,15.49,3.188,909.8,0,0.16431469346525376,Normal,Good,-
M02098,Type_04,49.04,1.56,220.5,16.88,3.35,808.9,0,0.1643024763852236,Normal,Good,-
M07137,Type_04,63.23,0.43,220.4,21.91,4.346,597.8,0,0.16428965347095556,Normal,Good,-
M09298,Type_11,61.81,3.85,215.7,17.98,3.49,736.8,0,0.16428356126793023,Normal,Good,-
M01209,Type_17,75.36,1.81,214.5,14.08,2.718,514.4,0,0.1642652170956979,Normal,Good,-
M08295,Type_18,62.87,2.79,225.3,15.85,3.214,75.0,0,0.16426133254573877,Normal,Good,-
M07561,Type_02,75.49,0.83,217.4,14.29,2.796,499.6,0,0.16425812142422874,Normal,Good,-
M06408,Type_11,59.58,2.21,214.4,17.88,3.45,355.2,0,0.1642425837630789,Normal,Good,-
M01577,Type_14,65.62,1.5,221.2,18.43,3.669,805.8,0,0.16421785026350977,Normal,Good,-
M02410,Type_14,62.26,1.49,224.3,17.73,3.579,827.4,0,0.16421785026350977,Normal,Good,-
M05696,Type_18,46.86,1.84,224.1,13.98,2.82,468.1,0,0.16421131085322596,Normal,Good,-
M00577,Type_14,69.7,2.65,217.0,17.35,3.388,497.2,0,0.16421020014311058,Normal,Good,-
M00857,Type_04,74.62,2.83,212.6,13.93,2.665,514.9,0,0.16419461389382525,Normal,Good,-
M05033,Type_03,71.53,3.64,223.2,13.87,2.786,508.5,0,0.16414299654825715,Normal,Good,-
M05313,Type_18,62.96,2.41,215.9,10.66,2.071,632.8,0,0.16414236923244205,Normal,Good,-
M05740,Type_11,38.82,3.18,213.0,13.17,2.525,534.7,0,0.16414017697426922,Normal,Good,-
M05013,Type_01,52.2,2.55,220.0,9.89,1.958,168.5,0,0.1640618162353867,Normal,Good,-
M03539,Type_14,75.01,2.81,220.6,19.76,3.923,494.8,0,0.16406127426791228,Normal,Good,-
M02846,Type_14,73.63,2.95,227.0,17.75,3.626,506.8,0,0.1640348866728562,Normal,Good,-
M05549,Type_18,72.14,0.88,223.2,20.2,4.058,172.8,0,0.16403047113347732,Normal,Good,-
M04836,Type_14,59.93,2.75,216.8,20.07,3.916,138.7,0,0.16402478300598936,Normal,Good,-
M07535,Type_20,59.35,2.04,217.2,21.01,4.107,82.9,0,0.1640218186941881,Normal,Good,-
M03409,Type_11,58.93,2.03,218.5,16.43,3.231,576.8,0,0.16399547402683548,Normal,Good,-
M05631,Type_11,61.35,2.46,219.9,16.49,3.264,543.6,0,0.16399547402683548,Normal,Good,-
M00217,Type_04,50.92,3.48,223.4,14.46,2.907,626.4,0,0.1639900566068322,Normal,Good,-
M09187,Type_04,65.97,2.17,226.8,18.85,3.848,477.9,0,0.16398867733613348,Normal,Good,-
M06928,Type_18,65.25,2.51,225.0,10.7,2.167,284.2,0,0.16398769672525076,Normal,Good,-
M03747,Type_12,63.27,2.95,218.7,15.3,3.011,488.6,0,0.1639629074031872,Normal,Good,-
M08573,Type_11,72.23,2.25,221.2,18.59,3.701,316.1,0,0.16395439999315198,Normal,Good,-
M09475,Type_18,77.28,1.14,222.9,12.02,2.411,791.4,0,0.16394589927435127,Normal,Good,-
M04959,Type_11,71.65,1.22,213.3,19.14,3.674,299.2,0,0.1639237114332819,Normal,Good,-
M02309,Type_11,59.59,4.01,223.7,13.68,2.754,555.6,0,0.16391623425500965,Normal,Good,-
M08723,Type_20,60.32,2.17,224.6,15.32,3.097,943.4,0,0.1639113754296699,Normal,Good,-
M08244,Type_10,61.35,3.71,227.2,19.99,4.088,673.6,0,0.16390682521738267,Normal,Good,-
M06498,Type_19,50.66,2.63,211.8,15.08,2.875,813.9,0,0.1638918443955767,Normal,Good,-
M08731,Type_11,58.02,1.01,219.2,18.6,3.669,740.8,0,0.16388625379504654,Normal,Good,-
M01788,Type_08,69.75,0.99,217.9,13.12,2.573,423.2,0,0.16388292274707184,Normal,Good,-
M09501,Type_14,62.39,1.26,220.1,18.15,3.595,751.4,0,0.16388209188729122,Normal,Good,-
M01013,Type_19,62.74,3.5,223.2,15.93,3.2,951.5,0,0.16388001914240946,Normal,Good,-
M05422,Type_11,41.82,1.5,224.4,17.59,3.552,204.9,0,0.16387786635473844,Normal,Good,-
M06453,Type_09,62.31,1.85,214.6,18.57,3.587,747.4,0,0.16386212837887515,Normal,Good,-
M09972,Type_02,69.27,2.21,214.6,12.03,2.323,659.1,0,0.1638522810225322,Normal,Good,-
M02975,Type_06,57.06,2.72,225.5,22.7,4.607,674.8,0,0.16384336575370564,Normal,Good,-
M06468,Type_03,60.58,1.22,219.2,16.75,3.304,382.9,0,0.16382604289938724,Normal,Good,-
M00574,Type_18,63.66,3.6,217.5,12.05,2.359,135.4,0,0.16378433829178957,Normal,Good,-
M04625,Type_11,61.8,1.98,215.3,16.96,3.286,776.5,0,0.16378071328364777,Normal,Good,-
M06336,Type_11,59.12,2.28,221.2,16.14,3.213,762.7,0,0.16378071328364777,Normal,Good,-
M06743,Type_11,58.25,2.82,215.9,16.91,3.286,794.5,0,0.16378071328364777,Normal,Good,-
M06590,Type_04,59.21,1.8,222.9,16.77,3.364,178.6,0,0.16376104335846303,Normal,Good,-
M09597,Type_25,71.19,0.17,214.5,20.94,4.042,352.4,0,0.16375643552406335,Normal,Good,-
M08814,Type_04,67.99,3.09,227.8,16.76,3.436,243.1,0,0.16375347821654868,Normal,Good,-
M05601,Type_01,59.71,3.43,222.2,13.99,2.798,863.3,0,0.16374833472010622,Normal,Good,-
M07908,Type_03,74.0,0.95,214.9,22.15,4.284,721.2,0,0.16372743851735094,Normal,Good,-
M00390,Type_09,55.71,1.33,219.1,23.17,4.569,755.5,0,0.16370883257642885,Normal,Good,-
M07365,Type_08,62.42,4.23,227.9,21.47,4.404,955.4,0,0.16369609614117228,Normal,Good,-
M02836,Type_04,44.53,3.36,211.3,14.09,2.679,413.9,0,0.1636955792752329,Normal,Good,-
M07737,Type_04,71.13,2.59,216.4,18.56,3.615,860.6,0,0.16368526019659962,Normal,Good,-
M00994,Type_13,59.02,2.16,210.3,21.89,4.143,422.6,0,0.16366343441357006,Normal,Good,-
M04376,Type_18,55.88,0.1,229.2,15.62,3.222,610.2,0,0.16366043441576963,Normal,Good,-
M09786,Type_17,73.41,0.56,227.9,21.94,4.5,483.9,0,0.16363881484588455,Normal,Good,-
M07850,Type_03,74.85,2.0,217.8,14.45,2.832,479.1,0,0.16363465596900323,Normal,Good,-
M06130,Type_21,77.46,2.95,213.7,14.41,2.771,956.6,0,0.16363016574191533,Normal,Good,-
M09251,Type_07,80.4,1.45,220.3,18.09,3.587,887.1,0,0.16362390242546535,Normal,Good,-
M04683,Type_01,54.15,4.26,217.9,13.03,2.555,901.7,0,0.16361870576128115,Normal,Good,-
M07901,Type_04,59.24,0.18,214.6,22.27,4.301,274.3,0,0.16361370972350933,Normal,Good,-
M06467,Type_03,78.8,2.11,225.7,14.42,2.929,432.9,0,0.1636070741278023,Normal,Good,-
M07175,Type_04,65.09,2.13,221.3,18.78,3.74,179.5,0,0.16360244754961759,Normal,Good,-
M05881,Type_03,76.76,0.6,228.2,19.04,3.91,589.8,0,0.1635871979856318,Normal,Good,-
M06176,Type_19,69.38,1.51,216.3,15.13,2.945,718.5,0,0.16358189030702477,Normal,Good,-
M05486,Type_14,67.49,1.76,222.3,16.52,3.305,215.3,0,0.16357486009230476,Normal,Good,-
M07698,Type_11,58.97,1.14,228.1,16.25,3.336,757.4,0,0.16355845058023882,Normal,Good,-
M08919,Type_18,57.73,1.59,221.0,19.14,3.807,589.8,0,0.1635534047940553,Normal,Good,-
M08995,Type_03,65.05,1.75,222.6,13.39,2.683,397.0,0,0.1635327348206828,Normal,Good,-
M03022,Type_14,53.59,2.82,213.5,20.37,3.914,894.7,0,0.16352192246779493,Normal,Good,-
M06482,Type_17,71.57,3.51,229.2,11.36,2.343,215.5,0,0.16347050746611017,Normal,Good,-
M05118,Type_14,58.15,1.26,225.8,18.37,3.733,687.9,0,0.16346972383927583,Normal,Good,-
M07703,Type_04,76.48,1.84,227.1,16.83,3.44,851.3,0,0.16346642858700766,Normal,Good,-
M07574,Type_08,79.41,1.58,228.3,11.55,2.373,617.2,0,0.16343122030893462,Normal,Good,-
M02650,Type_11,64.95,1.63,225.2,17.38,3.523,811.7,0,0.16342787042230886,Normal,Good,-
M06041,Type_04,73.11,0.81,220.5,19.7,3.909,332.1,0,0.16342295616359676,Normal,Good,-
M09995,Type_04,73.96,1.03,221.5,19.34,3.855,290.0,0,0.16342295616359676,Normal,Good,-
M00259,Type_14,71.11,1.49,215.3,13.45,2.606,721.6,0,0.16341034697510282,Normal,Good,-
M06728,Type_08,75.82,0.1,213.4,22.67,4.354,904.8,0,0.16339910942533117,Normal,Good,-
M00673,Type_01,57.29,2.4,217.4,9.95,1.947,326.7,0,0.16337673697739605,Normal,Good,-
M04754,Type_19,54.7,1.8,216.4,15.05,2.931,848.5,0,0.16337429367352047,Normal,Good,-
M06318,Type_04,54.68,1.81,219.1,18.03,3.555,382.4,0,0.16334576877333784,Normal,Good,-
M01948,Type_14,80.22,2.33,214.9,15.43,2.984,592.8,0,0.1633367212084413,Normal,Good,-
M06244,Type_10,67.13,1.61,211.8,10.01,1.908,188.7,0,0.1633333859556715,Normal,Good,-
M00838,Type_02,41.22,2.87,215.6,14.59,2.831,675.6,0,0.16329438122899667,Normal,Good,-
M02964,Type_07,61.18,0.41,226.8,20.22,4.127,894.5,0,0.16328857021759988,Normal,Good,-
M05727,Type_21,77.01,1.7,213.3,12.77,2.451,669.9,0,0.1632874481849104,Normal,Good,-
M00955,Type_18,59.6,0.99,212.9,13.58,2.602,282.3,0,0.16328182761599844,Normal,Good,-
M06156,Type_14,60.0,2.45,223.7,17.84,3.592,679.1,0,0.16324394166276818,Normal,Good,-
M01456,Type_21,51.53,3.12,222.1,17.51,3.5,944.4,0,0.16324104628056763,Normal,Good,-
M02598,Type_17,63.14,2.42,213.1,13.14,2.52,908.1,0,0.163235431145291,Normal,Good,-
M05278,Type_16,69.77,0.71,223.7,20.22,4.071,832.1,0,0.16323502224466954,Normal,Good,-
M06216,Type_04,75.96,0.82,218.2,20.59,4.043,625.0,0,0.16322259329454888,Normal,Good,-
M09641,Type_01,54.04,2.26,219.7,9.94,1.965,391.4,0,0.16319425771116042,Normal,Good,-
M05263,Type_04,76.97,0.44,223.7,16.81,3.384,623.3,0,0.16319130170228707,Normal,Good,-
M03372,Type_02,59.0,0.81,214.8,15.09,2.917,793.3,0,0.16314997855402155,Normal,Good,-
M09918,Type_04,70.42,0.77,219.3,13.19,2.603,921.5,0,0.16310563708234582,Normal,Good,-
M03930,Type_06,80.43,0.84,228.7,16.08,3.31,994.3,0,0.16309366186067817,Normal,Good,-
M02978,Type_17,80.12,1.61,216.9,13.62,2.659,747.4,0,0.16305870420496477,Normal,Good,-
M06569,Type_04,54.27,2.29,216.5,13.05,2.543,57.9,0,0.16301444763614303,Normal,Good,-
M02609,Type_19,69.29,3.0,222.2,16.29,3.258,794.7,0,0.1629859341679415,Normal,Good,-
M06489,Type_21,59.49,0.1,221.0,16.28,3.238,582.6,0,0.16298286123689984,Normal,Good,-
M03649,Type_23,55.49,2.33,219.5,21.14,4.176,610.1,0,0.16297001629422272,Normal,Good,-
M06221,Type_09,76.81,1.88,216.7,20.18,3.936,161.3,0,0.16295635412581613,Normal,Good,-
M09617,Type_14,72.13,2.66,215.9,15.23,2.959,506.9,0,0.1629287691053132,Normal,Good,-
M02135,Type_19,65.93,2.6,219.4,16.81,3.319,477.6,0,0.16290836755130797,Normal,Good,-
M08192,Type_11,35.76,1.25,213.3,13.02,2.499,607.1,0,0.16290606486584308,Normal,Good,-
M04411,Type_17,59.9,3.04,209.9,18.87,3.565,804.6,0,0.162875286302652,Normal,Good,-
M04278,Type_09,79.61,1.5,212.2,21.09,4.028,735.5,0,0.16287488154290528,Normal,Good,-
M03780,Type_02,49.87,0.23,226.2,13.36,2.72,383.2,0,0.16286628667326744,Normal,Good,-
M08189,Type_17,69.02,2.29,214.6,16.37,3.162,748.1,0,0.1628489239219375,Normal,Good,-
M03058,Type_05,64.21,2.46,226.3,20.95,4.267,301.1,0,0.16284136527010365,Normal,Good,-
M05521,Type_20,60.93,1.51,221.0,21.48,4.272,243.0,0,0.16283460068209504,Normal,Good,-
M00567,Type_21,58.2,3.2,216.5,18.1,3.527,550.7,0,0.16282568030242486,Normal,Good,-
M01595,Type_15,49.9,2.87,219.4,16.47,3.252,69.0,0,0.1628141872378425,Normal,Good,-
M06207,Type_09,55.47,0.86,221.1,21.39,4.256,637.7,0,0.16280164194086907,Normal,Good,-
M02828,Type_14,56.14,2.51,222.5,16.64,3.332,645.3,0,0.16278510868241278,Normal,Good,-
M07605,Type_11,70.14,3.26,213.7,15.17,2.918,844.5,0,0.1627780404279829,Normal,Good,-
M08160,Type_03,57.14,1.57,218.6,21.54,4.238,270.8,0,0.16276694700233488,Normal,Good,-
M09510,Type_24,78.7,1.43,222.6,13.86,2.777,147.1,0,0.16275519686046333,Normal,Good,-
M09111,Type_02,54.78,3.01,212.1,12.77,2.438,732.5,0,0.16275266516975212,Normal,Good,-
M04360,Type_17,63.54,1.57,224.6,12.19,2.464,916.0,0,0.1627420992578568,Normal,Good,-
M09842,Type_04,55.11,2.73,223.2,12.78,2.567,694.3,0,0.1627107639786227,Normal,Good,-
M07273,Type_02,59.87,1.72,216.8,11.7,2.283,650.2,0,0.1626870244637538,Normal,Good,-
M02302,Type_20,66.8,2.4,216.9,20.49,4.0,494.4,0,0.16268269306064603,Normal,Good,-
M08359,Type_08,72.77,2.18,218.2,20.73,4.071,874.7,0,0.16267791622288627,Normal,Good,-
M05101,Type_12,66.45,3.98,217.3,14.88,2.91,185.2,0,0.1626524686201187,Normal,Good,-
M03174,Type_18,64.01,1.35,218.5,11.69,2.299,452.4,0,0.16264029291268883,Normal,Good,-
M00347,Type_04,64.97,3.4,211.2,12.73,2.42,390.0,0,0.16262380926274325,Normal,Good,-
M03818,Type_20,70.2,4.15,224.5,19.57,3.954,424.0,0,0.16262207833885825,Normal,Good,-
M04945,Type_19,74.16,3.36,219.1,11.23,2.214,651.7,0,0.1626073093036052,Normal,Good,-
M09826,Type_15,60.55,1.47,220.0,20.38,4.035,859.4,0,0.1625768426123325,Normal,Good,-
M04971,Type_16,72.57,0.94,219.7,20.16,3.986,439.4,0,0.16257660264761348,Normal,Good,-
M04605,Type_09,61.83,3.28,215.4,18.76,3.637,820.2,0,0.16255872316143238,Normal,Good,-
M04143,Type_19,67.64,1.75,222.7,19.55,3.918,640.7,0,0.16254188390066773,Normal,Good,-
M08571,Type_14,69.97,0.72,219.0,18.27,3.601,368.6,0,0.1625316202744626,Normal,Good,-
M00766,Type_11,65.82,2.55,222.4,16.98,3.399,949.1,0,0.1625216254524364,Normal,Good,-
M02244,Type_02,64.71,2.72,210.6,16.11,3.053,152.7,0,0.16248140073711487,Normal,Good,-
M02747,Type_04,67.55,0.2,220.4,21.14,4.193,717.8,0,0.16244995791450337,Normal,Good,-
M04659,Type_02,39.33,3.57,222.4,14.66,2.934,210.1,0,0.16244975856332936,Normal,Good,-
M05614,Type_04,66.03,0.96,214.1,19.32,3.723,815.7,0,0.1624444887498998,Normal,Good,-
M00987,Type_08,79.61,2.03,215.5,14.21,2.756,91.8,0,0.16243521753033385,Normal,Good,-
M08885,Type_23,62.65,3.46,228.1,12.1,2.484,630.3,0,0.16241300070800757,Normal,Good,-
M06246,Type_08,57.63,2.32,224.3,19.22,3.88,751.6,0,0.1624084091974343,Normal,Good,-
M08581,Type_01,66.98,1.47,227.4,22.29,4.562,159.1,0,0.16239855308455795,Normal,Good,-
M00562,Type_09,77.56,0.19,227.6,16.36,3.351,375.3,0,0.16237660540725116,Normal,Good,-
M08288,Type_19,51.85,2.79,225.0,13.14,2.661,378.0,0,0.16236105840320073,Normal,Good,-
M01300,Type_14,63.26,3.94,215.2,13.37,2.59,757.1,0,0.1623375907918007,Normal,Good,-
M03938,Type_08,63.29,1.86,221.0,20.29,4.036,414.0,0,0.1623368100729029,Normal,Good,-
M07480,Type_19,61.39,2.03,222.1,16.15,3.228,484.6,0,0.1623355472970886,Normal,Good,-
M03080,Type_11,76.22,1.12,222.4,16.01,3.205,732.3,0,0.16231878074431605,Normal,Good,-
M04531,Type_14,55.96,1.14,214.8,18.32,3.542,614.9,0,0.16230875963277705,Normal,Good,-
M08111,Type_14,56.21,0.92,217.8,18.05,3.538,713.8,0,0.16230875963277705,Normal,Good,-
M09801,Type_04,76.26,0.67,221.2,13.62,2.711,525.6,0,0.16230470568075112,Normal,Good,-
M06465,Type_24,64.06,0.95,219.6,13.13,2.595,956.8,0,0.16227444094863624,Normal,Good,-
M06559,Type_09,67.32,1.41,229.5,15.28,3.156,826.8,0,0.16227117199665642,Normal,Good,-
M01989,Type_04,76.0,2.35,219.3,14.04,2.771,666.3,0,0.16224831618523092,Normal,Good,-
M09161,Type_04,38.38,2.43,217.5,16.19,3.169,675.8,0,0.1622440382771507,Normal,Good,-
M04948,Type_04,64.64,2.02,223.3,18.65,3.748,835.1,0,0.1622240437896504,Normal,Good,-
M06521,Type_04,64.26,1.95,224.9,18.76,3.797,422.3,0,0.1622240437896504,Normal,Good,-
M03268,Type_02,72.79,1.65,212.9,13.55,2.596,840.4,0,0.16222013175284392,Normal,Good,-
M06311,Type_08,72.22,2.86,220.1,20.61,4.083,623.7,0,0.16221202214149752,Normal,Good,-
M00990,Type_13,56.67,2.37,217.4,9.83,1.923,741.8,0,0.16220651228837707,Normal,Good,-
M00339,Type_18,57.27,0.1,219.2,16.07,3.17,262.2,0,0.16220091557636948,Normal,Good,-
M06778,Type_15,74.22,4.27,223.6,13.4,2.697,895.9,0,0.16218085411621286,Normal,Good,-
M09477,Type_04,61.26,1.97,213.6,15.03,2.889,759.6,0,0.16216927204564832,Normal,Good,-
M04454,Type_04,78.44,1.88,215.8,15.91,3.09,604.0,0,0.16215016593400253,Normal,Good,-
M08460,Type_04,78.81,2.34,219.6,15.98,3.158,812.8,0,0.16215016593400253,Normal,Good,-
M03775,Type_01,39.86,2.11,224.0,16.74,3.375,70.4,0,0.16212861363303271,Normal,Good,-
M05405,Type_08,41.54,3.13,215.6,11.58,2.247,268.4,0,0.16211448133950315,Normal,Good,-
M04807,Type_14,63.79,0.7,217.9,18.29,3.587,541.4,0,0.16210532132360414,Normal,Good,-
M04204,Type_18,67.37,2.29,223.6,21.65,4.357,361.9,0,0.16208398606609742,Normal,Good,-
M07256,Type_03,63.59,1.38,220.3,22.32,4.425,77.3,0,0.16207100840644514,Normal,Good,-
M04340,Type_16,80.2,0.3,229.4,9.94,2.052,629.3,0,0.16206177198336946,Normal,Good,-
M00997,Type_19,69.32,3.78,223.8,14.81,2.983,720.7,0,0.16202524827451373,Normal,Good,-
M05891,Type_11,63.75,2.07,212.9,16.96,3.25,231.5,0,0.16202521870109066,Normal,Good,-
M04968,Type_04,71.86,2.5,217.1,18.15,3.546,757.9,0,0.1619684254407869,Normal,Good,-
M04607,Type_14,57.73,2.42,219.2,18.38,3.626,340.1,0,0.16196224906740866,Normal,Good,-
M09551,Type_12,65.95,3.51,213.9,10.38,1.998,605.7,0,0.16195881668443904,Normal,Good,-
M00662,Type_11,55.8,1.12,226.8,16.19,3.305,319.6,0,0.16195491468478967,Normal,Good,-
M07370,Type_19,49.1,1.7,226.7,17.43,3.556,705.9,0,0.1619332998570216,Normal,Good,-
M05692,Type_04,62.27,1.87,220.1,13.28,2.631,925.0,0,0.16191302935262655,Normal,Good,-
M08145,Type_16,79.03,2.26,222.9,16.99,3.408,401.3,0,0.16189393411490444,Normal,Good,-
M04752,Type_19,62.7,2.89,222.2,16.87,3.374,172.2,0,0.16189182649120312,Normal,Good,-
M01006,Type_19,67.28,3.5,219.7,18.26,3.611,918.4,0,0.16188791368476252,Normal,Good,-
M05488,Type_18,49.16,3.41,217.3,15.78,3.086,492.1,0,0.16188715848757557,Normal,Good,-
M07849,Type_17,73.83,3.45,222.5,12.94,2.591,179.1,0,0.16187674373961636,Normal,Good,-
M07420,Type_04,57.14,0.69,224.8,19.25,3.895,759.9,0,0.16187479311812975,Normal,Good,-
M07317,Type_19,74.46,1.9,213.0,17.2,3.297,491.3,0,0.16185048149580117,Normal,Good,-
M09181,Type_09,73.82,1.76,217.4,15.05,2.945,368.9,0,0.16184465857057884,Normal,Good,-
M09017,Type_14,51.31,2.43,211.6,19.78,3.767,648.7,0,0.16182660344085872,Normal,Good,-
M04076,Type_12,64.95,1.65,219.9,20.66,4.089,775.3,0,0.16182032176078662,Normal,Good,-
M09836,Type_18,76.7,2.73,213.8,10.99,2.115,83.3,0,0.16179449808227614,Normal,Good,-
M03283,Type_08,61.1,2.74,221.5,21.39,4.264,889.5,0,0.16178767501348199,Normal,Good,-
M04630,Type_07,77.73,3.63,214.5,20.66,3.988,239.3,0,0.16178697180245866,Normal,Good,-
M01976,Type_04,76.78,2.68,216.3,14.49,2.821,835.1,0,0.1617824221038421,Normal,Good,-
M02364,Type_04,50.63,3.93,217.2,17.53,3.427,614.3,0,0.16177059474965622,Normal,Good,-
M03700,Type_09,60.91,1.68,223.2,12.44,2.499,490.1,0,0.16176818157464262,Normal,Good,-
M08318,Type_09,61.38,1.85,218.8,13.41,2.641,485.0,0,0.16176818157464262,Normal,Good,-
M09208,Type_19,72.76,2.54,214.6,16.19,3.127,460.5,0,0.161767990481814,Normal,Good,-
M07234,Type_16,75.43,3.0,222.6,19.69,3.945,260.7,0,0.16176552733329289,Normal,Good,-
M07732,Type_15,39.49,2.16,216.0,15.96,3.103,273.6,0,0.16176527924536352,Normal,Good,-
M03126,Type_24,57.46,2.8,225.6,13.56,2.753,858.1,0,0.16175488663855653,Normal,Good,-
M00308,Type_19,71.0,2.18,215.6,14.79,2.87,460.3,0,0.1617523099772556,Normal,Good,-
M04091,Type_03,60.41,2.75,226.1,16.55,3.368,399.4,0,0.16175094613578075,Normal,Good,-
M08988,Type_21,71.09,2.2,221.3,19.65,3.914,792.9,0,0.16171997765732396,Normal,Good,-
M00147,Type_23,79.5,3.49,223.0,13.19,2.647,366.1,0,0.16171581028986978,Normal,Good,-
M02893,Type_17,70.26,3.39,224.5,15.5,3.132,177.2,0,0.1617028430926493,Normal,Good,-
M01214,Type_17,68.28,2.41,213.3,12.41,2.382,910.5,0,0.16168269083481562,Normal,Good,-
M05034,Type_24,80.19,0.27,222.1,14.68,2.934,513.3,0,0.1616795220735711,Normal,Good,-
M05330,Type_03,54.35,1.43,219.5,17.28,3.414,297.5,0,0.1616401910414516,Normal,Good,-
M09437,Type_11,64.34,2.0,223.5,16.35,3.289,276.0,0,0.16164012533993324,Normal,Good,-
M06703,Type_14,73.84,2.4,215.9,16.28,3.163,794.1,0,0.16163573972476766,Normal,Good,-
M09518,Type_14,62.32,1.06,229.9,17.37,3.594,391.6,0,0.16162402737116216,Normal,Good,-
M09356,Type_18,78.16,3.29,221.1,13.47,2.68,527.0,0,0.16162277039454576,Normal,Good,-
M08258,Type_02,60.07,0.77,214.4,13.51,2.607,284.3,0,0.16160797823844625,Normal,Good,-
M07133,Type_19,79.76,3.45,225.6,15.44,3.135,656.6,0,0.161591853392375,Normal,Good,-
M01390,Type_18,71.4,1.77,220.6,13.79,2.738,565.6,0,0.1615491470250246,Normal,Good,-
M06364,Type_04,58.55,1.91,229.9,11.66,2.413,536.1,0,0.16154700961716578,Normal,Good,-
M01918,Type_18,48.17,1.43,219.3,14.21,2.805,800.2,0,0.1615371105339758,Normal,Good,-
M06087,Type_11,54.48,0.81,219.4,17.67,3.489,70.5,0,0.1615333774635611,Normal,Good,-
M00871,Type_03,77.33,2.28,217.6,14.37,2.814,363.7,0,0.1615234966406514,Normal,Good,-
M00926,Type_04,66.64,1.62,215.8,20.08,3.9,270.8,0,0.16151908226015096,Normal,Good,-
M01418,Type_06,52.19,2.11,216.4,23.26,4.53,259.2,0,0.16148707394374084,Normal,Good,-
M05079,Type_19,60.76,1.59,227.9,16.62,3.409,805.5,0,0.16147468856871672,Normal,Good,-
M01548,Type_02,61.06,0.1,228.5,18.66,3.837,705.5,0,0.1614576501565313,Normal,Good,-
M05200,Type_09,71.62,1.88,217.2,12.63,2.469,619.3,0,0.1614454773954858,Normal,Good,-
M09603,Type_14,78.1,2.02,222.1,15.91,3.18,914.4,0,0.1614395810883369,Normal,Good,-
M03584,Type_04,61.12,1.46,225.9,19.01,3.865,781.2,0,0.16142491296933542,Normal,Good,-
M00731,Type_09,57.94,1.26,217.6,23.27,4.557,399.5,0,0.16141630135177587,Normal,Good,-
M04920,Type_11,70.7,2.83,226.2,17.57,3.577,970.2,0,0.16140492652058977,Normal,Good,-
M05146,Type_02,52.78,2.06,224.1,14.27,2.878,117.1,0,0.16139767595088045,Normal,Good,-
M06667,Type_14,69.29,2.13,210.5,14.91,2.825,637.2,0,0.16138871064881935,Normal,Good,-
M07448,Type_04,57.66,1.92,222.1,12.93,2.585,564.1,0,0.16138792655269804,Normal,Good,-
M01679,Type_22,77.93,1.93,221.0,20.31,4.04,63.3,0,0.16137162953719972,Normal,Good,-
M07127,Type_14,58.36,2.2,222.8,17.27,3.463,666.8,0,0.16136906500242662,Normal,Good,-
M07507,Type_04,53.26,3.4,223.5,11.79,2.372,649.4,0,0.16136458786013785,Normal,Good,-
M00209,Type_11,70.09,2.86,222.7,17.58,3.524,492.5,0,0.16135765223905071,Normal,Good,-
M05681,Type_12,48.55,1.91,222.4,15.57,3.116,450.0,0,0.16135529109113425,Normal,Good,-
M08506,Type_17,54.79,1.8,219.2,11.4,2.249,274.4,0,0.1613545938718617,Normal,Good,-
M04987,Type_16,59.86,0.58,221.4,21.38,4.26,777.4,0,0.16135386514590505,Normal,Good,-
M07474,Type_11,61.86,0.41,221.9,17.09,3.413,414.4,0,0.1613483825858251,Normal,Good,-
M04804,Type_21,64.83,3.0,217.2,11.5,2.248,544.6,0,0.16133595983720853,Normal,Good,-
M02083,Type_16,61.24,2.71,220.1,21.0,4.16,126.9,0,0.16132351418361376,Normal,Good,-
M08340,Type_02,70.17,1.41,215.3,14.28,2.767,436.7,0,0.16131994848290976,Normal,Good,-
M02066,Type_12,61.55,1.32,218.3,20.8,4.087,911.2,0,0.1613116159387474,Normal,Good,-
M00773,Type_21,67.2,1.66,226.1,17.2,3.5,938.7,0,0.16131022573862464,Normal,Good,-
M03355,Type_03,71.43,3.96,218.6,11.57,2.276,301.8,0,0.1612736061355843,Normal,Good,-
M00780,Type_18,72.81,1.82,223.3,19.4,3.899,760.7,0,0.16127140241132334,Normal,Good,-
M06677,Type_18,72.4,2.01,222.3,19.55,3.911,791.4,0,0.16127140241132334,Normal,Good,-
M06255,Type_18,77.21,1.79,219.4,12.87,2.541,446.3,0,0.16125816987874128,Normal,Good,-
M00486,Type_04,56.83,0.5,214.2,16.39,3.16,531.5,0,0.16125182582812114,Normal,Good,-
M06800,Type_13,64.52,3.61,217.3,12.37,2.419,508.2,0,0.16122946130663934,Normal,Good,-
M04081,Type_18,50.01,1.84,218.7,17.3,3.405,276.3,0,0.16121375598143314,Normal,Good,-
M08634,Type_25,78.21,2.42,217.1,20.53,4.011,382.9,0,0.16120927162334195,Normal,Good,-
M04717,Type_12,65.62,2.23,224.1,16.81,3.39,893.7,0,0.16119829153298804,Normal,Good,-
M06288,Type_11,59.8,1.67,224.2,16.34,3.297,500.2,0,0.16119360865229873,Normal,Good,-
M02926,Type_08,68.58,4.31,224.7,11.08,2.241,104.0,0,0.16117328530903435,Normal,Good,-
M04323,Type_03,69.53,3.69,219.0,16.34,3.221,789.3,0,0.16117216705729143,Normal,Good,-
M08117,Type_18,60.99,3.28,220.3,15.1,2.994,203.1,0,0.16116302716433278,Normal,Good,-
M04120,Type_04,71.28,0.1,219.9,11.08,2.193,549.7,0,0.1611574537221777,Normal,Good,-
M08015,Type_14,48.58,2.43,226.9,18.37,3.751,818.6,0,0.16113924753660758,Normal,Good,-
M05531,Type_18,73.73,0.53,227.3,15.44,3.159,761.1,0,0.16113366229094095,Normal,Good,-
M03610,Type_07,66.47,3.48,211.4,21.11,4.016,88.9,0,0.16112507385664576,Normal,Good,-
M08999,Type_04,71.34,1.63,212.1,11.23,2.144,583.9,0,0.16112480849843447,Normal,Good,-
M01459,Type_14,68.93,1.99,213.8,15.34,2.952,291.0,0,0.16111310067380774,Normal,Good,-
M00715,Type_24,56.98,1.59,218.2,18.71,3.674,303.7,0,0.16111119230600632,Normal,Good,-
M04796,Type_24,54.79,2.05,226.5,18.39,3.749,63.5,0,0.16109752184823128,Normal,Good,-
M09719,Type_18,64.81,0.1,219.4,15.06,2.974,138.9,0,0.16105220767982742,Normal,Good,-
M07977,Type_21,57.65,3.27,219.1,15.98,3.151,676.0,0,0.16104478730258232,Normal,Good,-
M00132,Type_10,78.36,2.31,221.2,20.09,4.0,635.5,0,0.16103358242493646,Normal,Good,-
M02003,Type_04,69.08,1.7,216.6,12.89,2.513,836.5,0,0.1610292578354915,Normal,Good,-
M04134,Type_11,53.52,2.76,222.8,13.46,2.699,212.4,0,0.16102875389910098,Normal,Good,-
M05302,Type_19,48.61,2.23,225.2,15.39,3.119,405.8,0,0.1610277966866489,Normal,Good,-
M03367,Type_24,67.53,2.39,221.9,20.46,4.086,488.7,0,0.16098786758025901,Normal,Good,-
M08309,Type_03,77.51,2.99,219.5,14.26,2.817,360.2,0,0.16098715283193543,Normal,Good,-
M04236,Type_04,76.46,1.15,224.4,22.18,4.479,901.6,0,0.16098379421907258,Normal,Good,-
M08907,Type_21,49.72,3.46,219.8,16.76,3.315,764.3,0,0.16098158626608952,Normal,Good,-
M07774,Type_04,63.33,2.78,226.1,16.53,3.364,166.2,0,0.16097461089222884,Normal,Good,-
M02852,Type_14,75.31,1.54,221.6,13.34,2.661,657.1,0,0.16096845859782427,Normal,Good,-
M03511,Type_04,71.42,1.86,224.3,12.56,2.535,587.1,0,0.16096572543396673,Normal,Good,-
M00938,Type_09,55.2,3.82,229.8,16.39,3.39,405.4,0,0.1609632043183941,Normal,Good,-
M06558,Type_21,63.17,2.83,213.4,17.68,3.396,508.9,0,0.16094421974217002,Normal,Good,-
M08782,Type_18,60.14,0.97,226.4,22.55,4.595,297.1,0,0.16093936548414461,Normal,Good,-
M01870,Type_24,65.83,2.42,219.8,12.94,2.56,477.1,0,0.16092609111330197,Normal,Good,-
M06177,Type_24,60.91,2.47,224.4,13.27,2.68,369.5,0,0.16092609111330197,Normal,Good,-
M02620,Type_10,64.54,0.1,225.4,14.55,2.952,261.7,0,0.16092369280351781,Normal,Good,-
M04564,Type_05,59.46,2.64,218.4,22.05,4.334,316.6,0,0.16087681443271376,Normal,Good,-
M02372,Type_18,63.94,2.83,210.7,17.66,3.349,815.8,0,0.16082956505361956,Normal,Good,-
M00888,Type_08,71.0,1.36,218.8,16.71,3.291,62.9,0,0.1608068946073805,Normal,Good,-
M09652,Type_04,55.38,1.68,215.9,13.38,2.6,598.9,0,0.1608060326543482,Normal,Good,-
M05757,Type_04,62.82,0.48,223.9,19.1,3.849,626.1,0,0.16079751649827653,Normal,Good,-
M03858,Type_19,60.69,1.27,217.6,14.94,2.926,701.5,0,0.16079246953927437,Normal,Good,-
M08298,Type_09,62.59,2.28,210.3,18.47,3.496,506.4,0,0.160788910433034,Normal,Good,-
M01710,Type_17,76.4,2.58,224.1,15.67,3.16,365.0,0,0.1607813808876157,Normal,Good,-
M07452,Type_12,74.76,0.1,219.2,12.09,2.385,127.7,0,0.16076803466052209,Normal,Good,-
M03024,Type_04,55.51,2.95,223.1,11.95,2.399,409.7,0,0.1607511766877087,Normal,Good,-
M05915,Type_04,53.47,2.03,211.3,15.12,2.875,499.6,0,0.16075096757857524,Normal,Good,-
M07160,Type_21,72.97,1.01,224.9,11.45,2.318,718.9,0,0.1607426865289158,Normal,Good,-
M03154,Type_12,45.4,2.68,226.8,13.45,2.745,475.5,0,0.16072984015483846,Normal,Good,-
M08746,Type_04,64.81,0.91,219.0,19.15,3.774,892.5,0,0.16071995327710095,Normal,Good,-
M01652,Type_04,54.95,1.05,214.1,13.42,2.586,669.8,0,0.160685046429721,Normal,Good,-
M08825,Type_17,70.29,2.3,216.4,11.93,2.323,819.7,0,0.16068183771433453,Normal,Good,-
M06605,Type_11,72.3,1.47,222.2,18.85,3.77,563.9,0,0.16067678956321949,Normal,Good,-
M04238,Type_17,58.35,3.89,225.5,14.07,2.856,378.2,0,0.1606765463873754,Normal,Good,-
M03800,Type_04,64.33,2.38,223.4,18.0,3.619,118.4,0,0.16064998096659827,Normal,Good,-
M04867,Type_23,63.83,2.16,221.0,20.62,4.101,750.8,0,0.16064941072414554,Normal,Good,-
M04455,Type_14,68.93,1.51,224.4,14.07,2.842,614.5,0,0.16063734077568953,Normal,Good,-
M03327,Type_04,57.69,2.44,220.1,12.42,2.46,491.7,0,0.1606258075207829,Normal,Good,-
M03547,Type_04,58.42,2.39,222.5,13.01,2.605,713.8,0,0.1606258075207829,Normal,Good,-
M04557,Type_04,57.25,2.29,215.4,12.73,2.468,648.7,0,0.1606258075207829,Normal,Good,-
M06404,Type_24,72.66,2.38,218.1,12.4,2.434,787.7,0,0.16061773941620544,Normal,Good,-
M00073,Type_15,79.1,1.82,223.2,14.39,2.891,268.4,0,0.16059303041394282,Normal,Good,-
M00696,Type_04,58.0,1.49,223.3,13.22,2.657,432.4,0,0.160588795732383,Normal,Good,-
M07320,Type_25,73.82,3.39,215.1,16.78,3.248,308.4,0,0.1605871075699944,Normal,Good,-
M09052,Type_08,72.34,2.14,224.5,15.32,3.095,882.7,0,0.160572275429249,Normal,Good,-
M02044,Type_11,72.6,2.71,213.9,18.28,3.519,381.0,0,0.16057162603817737,Normal,Good,-
M07971,Type_16,60.67,1.38,225.6,21.08,4.28,426.7,0,0.16056728743188625,Normal,Good,-
M06253,Type_14,48.38,1.83,228.0,17.32,3.554,514.1,0,0.16056017722845858,Normal,Good,-
M03390,Type_04,67.49,2.18,220.5,18.29,3.63,675.6,0,0.1605504872520041,Normal,Good,-
M04070,Type_11,73.34,0.95,221.1,21.01,4.181,421.4,0,0.16054688835247696,Normal,Good,-
M00192,Type_12,52.89,1.94,220.8,12.47,2.478,914.1,0,0.1605424293074942,Normal,Good,-
M02252,Type_17,67.29,2.23,218.3,15.4,3.026,705.8,0,0.1605373902813002,Normal,Good,-
M01855,Type_24,68.66,0.1,216.5,14.97,2.917,460.2,0,0.1605366374467954,Normal,Good,-
M06888,Type_09,79.97,1.67,209.8,10.93,2.064,970.7,0,0.16053160561461838,Normal,Good,-
M03823,Type_08,78.77,2.59,217.9,11.5,2.255,784.3,0,0.16052607877458658,Normal,Good,-
M06613,Type_18,68.66,1.41,218.7,15.96,3.141,582.7,0,0.1605229237042741,Normal,Good,-
M04631,Type_19,56.45,2.13,214.5,19.38,3.741,67.4,0,0.1605135534468325,Normal,Good,-
M09417,Type_17,56.62,2.5,220.6,12.68,2.517,451.0,0,0.1605015337663099,Normal,Good,-
M09736,Type_17,56.44,2.28,212.8,12.91,2.473,615.1,0,0.1605015337663099,Normal,Good,-
M06490,Type_19,52.34,2.95,209.8,11.81,2.23,783.7,0,0.16049961536593804,Normal,Good,-
M08415,Type_12,70.32,3.02,224.2,18.71,3.775,540.9,0,0.16049667423454284,Normal,Good,-
M09581,Type_14,72.2,0.55,219.9,15.64,3.095,430.7,0,0.1604948096028758,Normal,Good,-
M02036,Type_03,72.17,1.9,222.2,18.49,3.698,575.7,0,0.1604825701465199,Normal,Good,-
M07575,Type_19,39.28,3.17,215.8,12.99,2.523,806.0,0,0.1604748793453971,Normal,Good,-
M01714,Type_04,55.83,2.16,221.5,17.17,3.423,277.5,0,0.16046518884840974,Normal,Good,-
M07134,Type_24,66.57,1.43,218.8,14.48,2.851,379.5,0,0.16044330225695488,Normal,Good,-
M09906,Type_19,79.57,2.0,215.6,14.02,2.72,411.2,0,0.16043283595497035,Normal,Good,-
M01134,Type_04,67.63,3.62,221.9,14.07,2.81,722.3,0,0.16043223128005124,Normal,Good,-
M01523,Type_19,74.25,2.93,211.0,16.51,3.135,468.0,0,0.1604279829313575,Normal,Good,-
M06752,Type_04,69.99,0.68,220.9,11.38,2.262,437.4,0,0.16041907896203958,Normal,Good,-
M05175,Type_14,54.6,2.58,218.0,19.6,3.846,415.6,0,0.16040055970092967,Normal,Good,-
M08357,Type_14,54.46,2.67,216.0,19.19,3.731,722.3,0,0.16040055970092967,Normal,Good,-
M05306,Type_04,70.75,3.52,218.5,15.85,3.117,434.2,0,0.16039745820166373,Normal,Good,-
M02033,Type_11,70.63,2.79,225.3,17.39,3.526,946.2,0,0.16039332898057712,Normal,Good,-
M00228,Type_05,75.4,4.43,223.4,11.46,2.304,273.2,0,0.16036050566901866,Normal,Good,-
M01451,Type_11,46.85,0.1,227.1,18.66,3.814,350.2,0,0.16034133834853542,Normal,Good,-
M09049,Type_03,62.51,3.42,219.3,13.75,2.714,203.7,0,0.16033345744132785,Normal,Good,-
M04914,Type_14,59.15,2.23,221.3,19.23,3.83,156.0,0,0.1603227263940037,Normal,Good,-
M00624,Type_04,69.85,2.59,217.0,17.82,3.48,126.8,0,0.16031039319797294,Normal,Good,-
M00171,Type_11,64.27,0.8,217.3,15.31,2.994,538.7,0,0.16030842030732678,Normal,Good,-
M04193,Type_24,68.57,1.95,217.9,13.73,2.693,167.5,0,0.1602763812946787,Normal,Good,-
M04835,Type_04,72.29,0.98,210.4,13.56,2.568,829.5,0,0.16025999589757184,Normal,Good,-
M09473,Type_04,56.73,2.29,222.5,17.38,3.48,108.2,0,0.16023403608111328,Normal,Good,-
M03044,Type_02,44.48,1.28,214.8,11.92,2.304,433.6,0,0.1602315593139546,Normal,Good,-
M09137,Type_18,70.7,1.69,219.4,12.86,2.539,427.4,0,0.16021194468590647,Normal,Good,-
M09500,Type_07,65.21,1.11,214.6,21.08,4.071,106.6,0,0.16021187065391237,Normal,Good,-
M05751,Type_04,70.11,2.42,216.3,13.8,2.686,514.5,0,0.16020360640205158,Normal,Good,-
M05682,Type_04,55.64,2.29,217.5,11.64,2.279,628.5,0,0.16020299668690086,Normal,Good,-
M08140,Type_23,58.51,1.17,223.5,22.02,4.429,543.8,0,0.1601902018280398,Normal,Good,-
M09850,Type_11,51.86,2.34,220.2,13.31,2.638,522.7,0,0.16017381319745475,Normal,Good,-
M04870,Type_04,56.98,2.83,223.3,12.67,2.546,664.0,0,0.16015991343939415,Normal,Good,-
M01762,Type_17,62.0,2.39,219.5,12.55,2.479,745.3,0,0.16015319510652015,Normal,Good,-
M09655,Type_03,55.73,0.1,215.2,16.12,3.122,512.1,0,0.1601489615408849,Normal,Good,-
M04067,Type_24,40.53,1.33,218.9,17.41,3.43,183.0,0,0.16014882176809422,Normal,Good,-
M03749,Type_06,72.93,1.96,222.8,23.12,4.636,94.8,0,0.1601465973984811,Normal,Good,-
M00949,Type_04,64.41,0.47,221.2,17.1,3.404,374.7,0,0.16014464050708418,Normal,Good,-
M09212,Type_24,53.58,1.28,219.1,14.13,2.786,327.1,0,0.16013426178945175,Normal,Good,-
M05417,Type_24,69.29,1.42,213.2,15.06,2.89,574.4,0,0.1601341951542578,Normal,Good,-
M07464,Type_01,69.12,2.51,214.2,18.89,3.642,346.5,0,0.16012533093216366,Normal,Good,-
M03655,Type_18,48.93,2.38,218.9,21.98,4.33,313.0,0,0.16011716060885964,Normal,Good,-
M04365,Type_16,49.46,3.23,215.1,21.69,4.199,105.7,0,0.1601131303214265,Normal,Good,-
M02021,Type_16,64.7,2.64,226.0,20.5,4.17,609.8,0,0.16011277841299745,Normal,Good,-
M09361,Type_04,54.4,3.66,221.8,12.2,2.435,254.5,0,0.16009838596910306,Normal,Good,-
M03479,Type_24,62.03,3.46,222.9,16.64,3.338,50.1,0,0.16009819761148714,Normal,Good,-
M05525,Type_02,63.1,2.64,220.2,11.84,2.346,627.4,0,0.16009728364700887,Normal,Good,-
M03553,Type_06,70.57,2.69,220.1,20.5,4.061,519.4,0,0.16008179316136406,Normal,Good,-
M01343,Type_17,79.24,1.06,224.3,15.39,3.107,887.2,0,0.160076010164807,Normal,Good,-
M09700,Type_01,58.56,2.24,228.0,20.09,4.122,780.4,0,0.16007102643755416,Normal,Good,-
M08886,Type_18,78.64,2.09,218.8,17.73,3.491,655.2,0,0.160067696296936,Normal,Good,-
M01086,Type_09,77.43,3.07,218.2,17.35,3.407,73.8,0,0.16000832031089843,Normal,Good,-
M07761,Type_18,76.34,1.33,217.1,13.02,2.544,727.1,0,0.16000320163380072,Normal,Good,-
M01613,Type_17,63.31,1.91,218.3,21.0,4.126,188.3,0,0.15999096062485885,Normal,Good,-
M07488,Type_07,67.52,2.42,211.5,20.56,3.914,191.1,0,0.15998898430659167,Normal,Good,-
M02490,Type_04,61.08,3.42,225.2,17.93,3.634,930.5,0,0.1599839955367986,Normal,Good,-
M02672,Type_01,59.52,2.92,215.4,10.29,1.995,571.0,0,0.15997040524669934,Normal,Good,-
M07617,Type_18,65.13,1.79,212.1,13.69,2.613,886.8,0,0.1599658623876862,Normal,Good,-
M06983,Type_04,64.45,3.64,213.7,14.13,2.718,701.0,0,0.15995183220271988,Normal,Good,-
M06090,Type_19,59.79,0.75,222.2,15.23,3.046,899.5,0,0.15992423174273884,Normal,Good,-
M05025,Type_04,59.82,2.37,215.0,12.68,2.454,114.3,0,0.15990109998878527,Normal,Good,-
M08079,Type_24,59.08,2.09,226.5,10.33,2.106,837.4,0,0.159896376705299,Normal,Good,-
M06194,Type_04,65.2,3.63,218.0,17.11,3.357,151.6,0,0.15988220405878006,Normal,Good,-
M02375,Type_19,61.82,2.64,222.8,15.8,3.168,534.9,0,0.15986965321569982,Normal,Good,-
M08210,Type_02,65.13,2.84,217.9,15.07,2.955,464.9,0,0.1598646867082488,Normal,Good,-
M06014,Type_14,51.59,2.1,227.3,15.22,3.114,74.0,0,0.15986207813632525,Normal,Good,-
M09098,Type_11,67.06,1.22,219.1,12.91,2.546,491.4,0,0.1598602644741363,Normal,Good,-
M09418,Type_14,70.38,2.38,218.2,14.14,2.777,452.8,0,0.15985313993203892,Normal,Good,-
M07688,Type_18,58.03,1.75,224.4,23.73,4.793,735.6,0,0.15985014059824387,Normal,Good,-
M01048,Type_11,59.46,1.59,227.2,16.0,3.272,929.6,0,0.1598462566121205,Normal,Good,-
M04964,Type_04,69.21,2.85,213.4,12.19,2.341,657.7,0,0.1598012447221876,Normal,Good,-
M08040,Type_17,45.29,2.96,218.4,19.78,3.888,834.4,0,0.1597867017518143,Normal,Good,-
M03963,Type_12,68.03,3.48,223.0,13.36,2.681,717.0,0,0.15978181619349127,Normal,Good,-
M02472,Type_14,77.08,2.98,215.6,14.68,2.849,370.3,0,0.15978031518014033,Normal,Good,-
M05177,Type_19,56.99,1.78,228.4,13.24,2.722,263.8,0,0.15977101603250143,Normal,Good,-
M07514,Type_08,56.83,1.33,224.2,12.8,2.583,916.3,0,0.1597630420653831,Normal,Good,-
M09327,Type_03,78.58,0.1,223.1,15.91,3.195,943.7,0,0.15976261668357783,Normal,Good,-
M08969,Type_14,61.98,0.83,218.2,17.8,3.496,679.0,0,0.1597491507108206,Normal,Good,-
M03043,Type_01,58.22,0.1,220.3,22.31,4.423,765.5,0,0.15974724633108944,Normal,Good,-
M01454,Type_04,74.9,2.01,222.3,15.49,3.099,324.7,0,0.15974437789642265,Normal,Good,-
M04136,Type_13,62.93,4.2,224.3,17.32,3.496,549.0,0,0.15973915500313268,Normal,Good,-
M07121,Type_18,69.2,0.94,215.0,13.82,2.674,443.9,0,0.15973123392803582,Normal,Good,-
M09560,Type_12,57.67,2.37,218.6,17.24,3.392,357.6,0,0.15972775915287987,Normal,Good,-
M04863,Type_19,68.71,2.2,216.7,14.89,2.904,458.7,0,0.15971980025601093,Normal,Good,-
M00382,Type_03,76.36,1.15,225.3,18.3,3.711,464.2,0,0.15971836855658444,Normal,Good,-
M07523,Type_18,69.11,0.1,218.3,16.27,3.197,392.2,0,0.1597085378433907,Normal,Good,-
M06249,Type_09,60.9,3.61,219.9,13.4,2.652,850.8,0,0.15969960266953329,Normal,Good,-
M08996,Type_04,62.69,1.74,217.7,15.1,2.959,363.5,0,0.1596826858521814,Normal,Good,-
M06504,Type_12,45.25,3.46,211.0,11.9,2.26,744.3,0,0.15967866782085746,Normal,Good,-
M07125,Type_24,60.87,2.17,220.1,14.28,2.829,826.6,0,0.15967660222425142,Normal,Good,-
M02325,Type_02,51.2,2.15,213.2,18.17,3.486,629.1,0,0.1596733824672555,Normal,Good,-
M08100,Type_19,77.08,4.01,222.3,18.0,3.601,419.3,0,0.15965731497032867,Normal,Good,-
M03319,Type_12,56.72,1.99,221.4,12.86,2.562,357.1,0,0.15965028161009892,Normal,Good,-
M09644,Type_23,57.32,1.09,219.6,21.18,4.186,769.5,0,0.15964465709499506,Normal,Good,-
M07589,Type_19,58.74,2.64,223.5,18.84,3.79,596.4,0,0.15964132351700905,Normal,Good,-
M08377,Type_19,67.48,0.53,216.6,17.7,3.45,686.1,0,0.15962907487507352,Normal,Good,-
M02922,Type_11,75.13,3.39,217.8,19.48,3.818,314.5,0,0.15962322539997673,Normal,Good,-
M04876,Type_02,56.0,1.49,219.5,14.59,2.882,907.2,0,0.15962318058803315,Normal,Good,-
M09939,Type_13,56.84,2.79,216.4,12.88,2.509,516.7,0,0.1596138432752519,Normal,Good,-
M04202,Type_04,78.38,1.16,222.8,14.89,2.986,748.0,0,0.15960815669876743,Normal,Good,-
M01313,Type_11,65.18,1.69,218.4,19.26,3.786,887.2,0,0.1596074121061316,Normal,Good,-
M00608,Type_04,63.88,2.67,216.3,18.3,3.562,727.7,0,0.15960419409328397,Normal,Good,-
M05569,Type_18,49.41,3.54,221.0,18.1,3.6,376.4,0,0.15959574695150186,Normal,Good,-
M02207,Type_19,64.22,3.37,218.5,13.64,2.682,416.9,0,0.15959357029170462,Normal,Good,-
M01965,Type_08,57.22,4.31,218.4,13.83,2.718,969.6,0,0.15957658466527316,Normal,Good,-
M01337,Type_13,69.59,3.42,228.3,12.27,2.521,507.8,0,0.159571593224688,Normal,Good,-
M03677,Type_14,62.78,1.57,215.4,14.24,2.761,733.0,0,0.15956267478452693,Normal,Good,-
M00354,Type_17,73.22,3.2,213.9,18.8,3.619,118.4,0,0.15955089710200032,Normal,Good,-
M00571,Type_04,66.18,2.74,219.2,17.22,3.397,382.1,0,0.159548710947423,Normal,Good,-
M01975,Type_04,66.65,2.21,215.3,12.54,2.43,455.4,0,0.15954778724518393,Normal,Good,-
M04555,Type_04,66.27,2.07,214.8,13.69,2.647,663.9,0,0.15954778724518393,Normal,Good,-
M02489,Type_18,50.91,2.96,209.8,12.79,2.415,906.4,0,0.15954751018624738,Normal,Good,-
M08366,Type_04,78.86,1.83,220.7,22.24,4.418,56.5,0,0.15954493478089216,Normal,Good,-
M08916,Type_11,66.86,3.3,222.2,19.84,3.968,936.4,0,0.15952681251946976,Normal,Good,-
M01066,Type_18,67.05,0.92,212.0,14.18,2.706,86.5,0,0.15951642904858843,Normal,Good,-
M00284,Type_14,75.75,2.85,213.2,15.6,2.993,850.3,0,0.15951398346697368,Normal,Good,-
M03163,Type_21,61.63,2.63,227.6,13.39,2.743,738.3,0,0.1595081253243243,Normal,Good,-
M08369,Type_06,67.68,2.07,223.9,16.34,3.293,63.3,0,0.15949918221896411,Normal,Good,-
M09753,Type_11,64.51,1.07,223.7,11.16,2.247,356.3,0,0.15948023155447819,Normal,Good,-
M06767,Type_18,69.46,4.02,210.4,17.45,3.304,204.9,0,0.1594560371089368,Normal,Good,-
M02979,Type_22,73.69,0.1,217.3,9.98,1.952,868.4,0,0.15945100214046112,Normal,Good,-
M07404,Type_10,64.79,1.24,220.3,12.99,2.576,90.7,0,0.1594388197208132,Normal,Good,-
M06557,Type_07,80.38,3.3,220.7,13.45,2.672,941.5,0,0.1594164657556693,Normal,Good,-
M01611,Type_01,72.29,1.98,215.6,21.94,4.257,698.7,0,0.15940349363054915,Normal,Good,-
M09494,Type_09,56.11,0.1,225.3,14.33,2.906,733.3,0,0.159401929699934,Normal,Good,-
M02232,Type_04,60.32,3.1,215.1,14.92,2.888,585.7,0,0.15938449855843692,Normal,Good,-
M08928,Type_04,65.97,3.15,228.7,14.19,2.921,861.3,0,0.15938449855843692,Normal,Good,-
M09807,Type_04,65.74,3.29,217.9,14.83,2.908,691.8,0,0.15938449855843692,Normal,Good,-
M00425,Type_18,74.38,1.89,223.5,11.39,2.291,722.8,0,0.15936486458867358,Normal,Good,-
M01949,Type_12,70.35,1.88,227.0,16.87,3.447,338.4,0,0.1593625136703562,Normal,Good,-
M00292,Type_01,67.64,1.57,227.0,18.99,3.88,742.3,0,0.15936182861174036,Normal,Good,-
M00685,Type_15,63.51,1.46,222.3,21.21,4.243,426.4,0,0.15935172993398716,Normal,Good,-
M02626,Type_12,57.42,3.04,221.1,14.82,2.949,539.4,0,0.15934928589903305,Normal,Good,-
M08431,Type_18,60.7,3.31,212.8,17.28,3.309,493.7,0,0.15932216632474805,Normal,Good,-
M01596,Type_22,61.43,4.46,224.4,14.88,3.005,578.1,0,0.1593118064224745,Normal,Good,-
M07492,Type_08,66.13,4.24,227.2,13.2,2.699,459.0,0,0.15931131532751824,Normal,Good,-
M02730,Type_09,41.42,2.58,216.2,17.84,3.471,703.4,0,0.1592991771934484,Normal,Good,-
M00945,Type_19,75.19,0.1,212.2,14.96,2.857,801.0,0,0.15929862465264805,Normal,Good,-
M05254,Type_12,56.49,3.27,217.7,17.37,3.403,272.3,0,0.1592852163902391,Normal,Good,-
M03408,Type_12,49.86,3.8,216.9,14.34,2.799,833.2,0,0.1592751817445785,Normal,Good,-
M08925,Type_23,73.4,0.89,222.1,20.19,4.036,373.3,0,0.1592657578788167,Normal,Good,-
M06479,Type_18,73.52,3.25,221.1,13.3,2.647,740.9,0,0.15924997846029704,Normal,Good,-
M00899,Type_18,57.6,2.96,223.6,14.39,2.896,637.0,0,0.1592479660032231,Normal,Good,-
M02194,Type_12,78.86,3.89,219.6,15.34,3.032,654.7,0,0.15921160803463213,Normal,Good,-
M08971,Type_04,65.28,0.53,226.1,13.29,2.704,813.2,0,0.15919742364612496,Normal,Good,-
M01987,Type_15,77.25,3.58,217.6,15.3,2.996,719.0,0,0.15919592706727329,Normal,Good,-
M00465,Type_09,69.28,4.15,216.5,14.93,2.909,503.7,0,0.15919093863412098,Normal,Good,-
M00328,Type_11,79.56,2.63,216.1,17.02,3.31,536.8,0,0.15916810788177194,Normal,Good,-
M00519,Type_07,74.02,0.97,224.7,16.86,3.41,784.3,0,0.1591672800452141,Normal,Good,-
M03943,Type_18,43.17,2.07,217.0,12.51,2.443,944.5,0,0.1591553559152289,Normal,Good,-
M05843,Type_04,70.51,2.02,220.1,14.75,2.922,470.6,0,0.15915411751300101,Normal,Good,-
M04386,Type_24,60.62,2.99,217.3,11.16,2.183,535.8,0,0.15914264132231673,Normal,Good,-
M01025,Type_01,65.31,2.46,221.9,20.19,4.032,390.2,0,0.15914113629721727,Normal,Good,-
M03060,Type_24,67.88,2.53,220.2,14.27,2.828,656.8,0,0.1591289881882789,Normal,Good,-
M02110,Type_12,62.62,0.97,210.9,14.22,2.699,102.0,0,0.1591134737852848,Normal,Good,-
M01879,Type_04,76.08,1.07,219.6,13.88,2.743,70.9,0,0.15908469401347042,Normal,Good,-
M02635,Type_03,62.58,1.53,226.5,16.34,3.331,448.3,0,0.1590673941502242,Normal,Good,-
M01027,Type_04,63.31,2.0,221.6,11.96,2.385,442.3,0,0.15906738816785254,Normal,Good,-
M06595,Type_04,63.51,2.2,217.4,13.35,2.612,758.1,0,0.15906738816785254,Normal,Good,-
M08154,Type_04,60.55,1.9,217.7,12.79,2.506,685.5,0,0.15906738816785254,Normal,Good,-
M01825,Type_09,58.43,1.87,225.0,12.7,2.572,512.5,0,0.1590654788719399,Normal,Good,-
M09931,Type_21,60.73,2.56,212.9,17.62,3.376,840.3,0,0.15905111973975428,Normal,Good,-
M09947,Type_04,78.07,1.96,214.9,11.94,2.309,190.4,0,0.15902206603103655,Normal,Good,-
M08922,Type_24,44.43,0.9,221.6,13.86,2.764,128.8,0,0.159021376424586,Normal,Good,-
M03918,Type_18,71.74,2.18,221.0,14.28,2.84,579.9,0,0.1590132623201698,Normal,Good,-
M03555,Type_18,73.59,3.32,222.3,14.61,2.923,699.8,0,0.15901010899249723,Normal,Good,-
M06838,Type_03,68.53,1.89,222.7,16.59,3.325,571.4,0,0.15900207244191125,Normal,Good,-
M08555,Type_18,79.68,1.35,218.3,19.94,3.918,470.6,0,0.15897935548189662,Normal,Good,-
M07060,Type_04,67.54,3.13,220.5,19.59,3.888,939.5,0,0.15897138689418253,Normal,Good,-
M06745,Type_18,55.59,1.47,227.3,13.16,2.692,457.5,0,0.15895382761037852,Normal,Good,-
M07337,Type_11,67.23,1.9,223.2,16.52,3.319,583.3,0,0.15894005304295888,Normal,Good,-
M07218,Type_18,71.27,1.29,213.6,14.23,2.736,642.7,0,0.15892460696107402,Normal,Good,-
M01198,Type_14,59.19,3.33,223.0,13.29,2.667,528.5,0,0.1588802651894476,Normal,Good,-
M07985,Type_14,59.56,3.12,220.3,13.5,2.677,535.7,0,0.1588802651894476,Normal,Good,-
M02231,Type_18,59.09,0.33,229.0,21.79,4.491,719.3,0,0.1588662706000538,Normal,Good,-
M06413,Type_11,64.3,0.73,223.4,15.68,3.153,176.6,0,0.1588447424304071,Normal,Good,-
M01907,Type_04,68.17,1.29,212.6,12.02,2.3,448.1,0,0.15884205770878904,Normal,Good,-
M08643,Type_19,53.35,3.5,220.1,15.52,3.074,743.6,0,0.158841115735512,Normal,Good,-
M08235,Type_14,67.04,3.59,220.2,15.71,3.113,283.0,0,0.15883976322217125,Normal,Good,-
M06735,Type_04,61.07,3.94,219.5,17.69,3.495,695.8,0,0.15883629060113916,Normal,Good,-
M07566,Type_08,56.54,2.14,220.5,19.93,3.955,256.0,0,0.15881791927867261,Normal,Good,-
M03124,Type_04,59.36,2.3,227.8,14.3,2.932,801.6,0,0.1588141995998172,Normal,Good,-
M07686,Type_04,65.0,0.1,216.4,14.67,2.857,725.1,0,0.1588062701488866,Normal,Good,-
M06068,Type_19,70.32,2.61,227.4,12.64,2.587,679.7,0,0.15880232121495708,Normal,Good,-
M09537,Type_18,70.14,3.6,214.2,12.55,2.419,396.8,0,0.15879693734032274,Normal,Good,-
M01263,Type_23,68.02,0.59,226.5,19.99,4.075,900.1,0,0.15878693870699942,Normal,Good,-
M03789,Type_13,72.19,3.57,217.3,13.58,2.656,542.9,0,0.15878556702381463,Normal,Good,-
M02210,Type_04,78.19,2.06,218.3,17.45,3.428,377.1,0,0.15878188012848427,Normal,Good,-
M08447,Type_21,63.56,1.93,218.8,20.0,3.938,744.6,0,0.15876783734649572,Normal,Good,-
M04004,Type_14,52.86,2.87,224.4,16.49,3.33,201.4,0,0.15876078040102765,Normal,Good,-
M03341,Type_21,75.34,3.14,215.6,16.25,3.153,479.7,0,0.1587388625373705,Normal,Good,-
M03020,Type_11,50.37,1.55,220.2,17.37,3.442,341.6,0,0.15872686298989852,Normal,Good,-
M02498,Type_04,57.44,1.7,213.9,14.57,2.805,456.8,0,0.15871594949267465,Normal,Good,-
M00271,Type_07,64.5,0.1,222.8,12.4,2.486,847.2,0,0.15871390115468662,Normal,Good,-
M01914,Type_13,58.0,2.38,219.1,17.39,3.429,521.2,0,0.15870055248721368,Normal,Good,-
M09381,Type_18,68.62,1.82,214.1,13.83,2.665,626.5,0,0.15869808881690184,Normal,Good,-
M07308,Type_11,39.51,2.37,222.2,16.0,3.2,822.1,0,0.15869129592027031,Normal,Good,-
M06686,Type_02,74.39,1.21,210.4,12.74,2.412,249.9,0,0.15868339512089288,Normal,Good,-
M01732,Type_23,53.31,3.47,223.2,12.88,2.587,798.9,0,0.15867415785608896,Normal,Good,-
M02534,Type_17,77.09,1.61,225.3,20.16,4.088,573.2,0,0.15864913630879557,Normal,Good,-
M07409,Type_08,60.63,4.21,218.9,14.9,2.935,895.6,0,0.15864654473921064,Normal,Good,-
M06270,Type_14,70.07,3.08,218.9,15.03,2.961,791.4,0,0.15864084417829913,Normal,Good,-
M04101,Type_02,68.91,2.27,214.5,15.59,3.01,700.2,0,0.158640410541852,Normal,Good,-
M02567,Type_09,62.14,2.41,212.9,15.21,2.914,635.2,0,0.1586373865749634,Normal,Good,-
M05028,Type_12,64.1,3.46,220.5,14.84,2.945,469.5,0,0.15863246653785157,Normal,Good,-
M01144,Type_17,69.76,0.84,220.7,13.28,2.638,594.4,0,0.15860978268868509,Normal,Good,-
M05304,Type_02,68.97,3.54,215.1,16.23,3.142,832.1,0,0.158609059490622,Normal,Good,-
M01951,Type_17,67.4,1.53,220.6,11.13,2.21,248.7,0,0.1586062129685226,Normal,Good,-
M02235,Type_14,60.67,1.19,218.5,18.61,3.66,870.1,0,0.15860286646890415,Normal,Good,-
M02180,Type_24,57.43,2.39,224.8,12.67,2.563,320.3,0,0.158601648431569,Normal,Good,-
M09092,Type_01,66.14,2.22,218.6,11.96,2.353,607.1,0,0.15858275351975454,Normal,Good,-
M02109,Type_21,64.61,2.66,224.1,17.24,3.477,550.8,0,0.15857589232684433,Normal,Good,-
M03776,Type_21,76.37,1.18,229.4,15.8,3.262,86.1,0,0.15857503725103306,Normal,Good,-
M05020,Type_11,53.95,1.71,216.4,18.14,3.533,411.7,0,0.1585541840161026,Normal,Good,-
M08784,Type_14,64.84,3.07,222.4,16.28,3.259,492.3,0,0.1585507868463008,Normal,Good,-
M01755,Type_04,58.06,1.91,219.5,12.6,2.489,54.7,0,0.15854026451964853,Normal,Good,-
M05666,Type_04,52.74,1.84,216.6,9.96,1.942,734.1,0,0.15850969487919134,Normal,Good,-
M08334,Type_14,66.49,2.4,215.3,14.73,2.854,467.9,0,0.15850954468144043,Normal,Good,-
M01623,Type_08,66.18,1.69,213.7,18.62,3.581,909.5,0,0.15850429227355062,Normal,Good,-
M02961,Type_14,56.5,0.1,210.2,14.57,2.756,516.8,0,0.1585014122786741,Normal,Good,-
M09958,Type_12,70.33,2.53,223.9,19.06,3.841,570.8,0,0.15849250578576676,Normal,Good,-
M04768,Type_12,51.66,2.14,218.9,19.24,3.79,826.0,0,0.15847263044763749,Normal,Good,-
M04467,Type_04,66.19,2.5,214.6,11.89,2.296,762.2,0,0.1584643522004052,Normal,Good,-
M04592,Type_19,72.56,1.5,216.5,12.83,2.5,691.1,0,0.1584451773070726,Normal,Good,-
M09608,Type_18,77.66,1.83,215.4,20.96,4.063,336.5,0,0.15843527490206052,Normal,Good,-
M04879,Type_19,72.5,1.62,228.2,14.27,2.931,754.8,0,0.15841235273775459,Normal,Good,-
M02301,Type_21,62.44,2.77,214.1,15.35,2.958,785.3,0,0.1584069569054786,Normal,Good,-
M06231,Type_17,60.81,2.32,219.3,13.55,2.674,552.6,0,0.15840019539917455,Normal,Good,-
M04536,Type_08,79.82,2.08,216.1,18.48,3.594,940.9,0,0.15838614313939206,Normal,Good,-
M01904,Type_17,63.52,1.82,221.4,13.27,2.644,583.3,0,0.1583780007055995,Normal,Good,-
M07009,Type_03,51.1,1.37,223.1,19.29,3.873,920.4,0,0.15835886081531927,Normal,Good,-
M02595,Type_04,69.43,2.11,222.5,13.55,2.713,425.0,0,0.15835728077546812,Normal,Good,-
M02659,Type_04,69.95,1.5,224.4,14.45,2.918,747.2,0,0.158354986692686,Normal,Good,-
M03277,Type_04,68.13,3.73,226.0,17.27,3.513,187.5,0,0.15835023408644655,Normal,Good,-
M01666,Type_04,58.77,2.67,220.6,14.43,2.865,720.4,0,0.15834830551842843,Normal,Good,-
M03265,Type_04,58.75,2.77,227.9,14.07,2.886,619.1,0,0.15834830551842843,Normal,Good,-
M01705,Type_01,46.67,3.43,218.5,19.49,3.833,468.9,0,0.1583420765237666,Normal,Good,-
M03742,Type_14,66.22,2.42,217.3,13.34,2.609,453.6,0,0.15833208518863975,Normal,Good,-
M04372,Type_14,60.97,2.07,223.6,13.2,2.656,474.4,0,0.15833208518863975,Normal,Good,-
M09933,Type_04,70.76,1.33,216.9,21.75,4.246,948.6,0,0.15832481435661888,Normal,Good,-
M01128,Type_04,67.99,2.88,216.5,12.73,2.48,589.4,0,0.15831977413188003,Normal,Good,-
M08436,Type_04,67.05,2.61,225.6,12.45,2.528,359.5,0,0.15831977413188003,Normal,Good,-
M08451,Type_12,64.21,2.83,216.8,13.71,2.675,139.0,0,0.15831728835638084,Normal,Good,-
M05246,Type_15,51.36,1.58,218.8,14.89,2.932,101.5,0,0.15831128942655398,Normal,Good,-
M09429,Type_23,43.03,3.2,224.0,22.62,4.56,246.8,0,0.15831051699880747,Normal,Good,-
M00534,Type_19,60.91,4.14,223.0,13.4,2.689,247.6,0,0.15830757007677876,Normal,Good,-
M03756,Type_04,61.52,2.43,226.6,12.41,2.531,807.4,0,0.15830526913593743,Normal,Good,-
M01250,Type_14,61.73,1.73,212.9,16.51,3.163,90.1,0,0.15829774236149777,Normal,Good,-
M01865,Type_19,71.68,1.9,224.4,14.3,2.888,692.5,0,0.15829747864406465,Normal,Good,-
M08421,Type_14,74.12,1.36,219.0,13.21,2.604,833.0,0,0.1582972591842621,Normal,Good,-
M08622,Type_04,71.96,1.71,221.6,13.7,2.732,881.9,0,0.15829374837394336,Normal,Good,-
M02071,Type_03,67.54,1.05,214.8,13.33,2.577,911.6,0,0.15827740326807643,Normal,Good,-
M06307,Type_14,69.38,3.98,220.0,15.35,3.039,964.9,0,0.15827475356171175,Normal,Good,-
M03899,Type_02,59.95,2.79,212.2,11.67,2.229,564.6,0,0.15826648692215312,Normal,Good,-
M02440,Type_24,58.92,2.58,218.8,12.85,2.53,787.4,0,0.1582535080687025,Normal,Good,-
M02691,Type_12,61.3,2.06,225.1,16.52,3.347,548.7,0,0.15824433806281257,Normal,Good,-
M05114,Type_08,61.07,1.87,222.5,19.77,3.959,853.5,0,0.1582406235492015,Normal,Good,-
M03634,Type_18,67.94,1.29,218.2,20.63,4.051,238.2,0,0.15823369418037012,Normal,Good,-
M09622,Type_11,68.9,2.49,211.5,12.53,2.385,884.9,0,0.15823220164770554,Normal,Good,-
M09946,Type_24,54.15,1.53,223.6,14.31,2.88,519.2,0,0.15823074929091568,Normal,Good,-
M01474,Type_04,56.3,4.01,225.1,15.62,3.164,832.2,0,0.15822215995082942,Normal,Good,-
M04321,Type_11,69.2,3.14,220.0,15.3,3.029,570.3,0,0.1582063940271865,Normal,Good,-
M06779,Type_14,67.91,2.96,221.5,13.93,2.777,560.9,0,0.1581973555431906,Normal,Good,-
M04928,Type_13,57.62,1.85,221.6,22.34,4.455,810.6,0,0.1581931482551075,Normal,Good,-
M05739,Type_18,60.15,3.41,217.4,12.15,2.377,767.8,0,0.15818615999569643,Normal,Good,-
M06436,Type_14,55.06,2.6,221.4,17.61,3.509,209.0,0,0.15817182540164443,Normal,Good,-
M02275,Type_04,73.07,1.26,223.1,16.7,3.353,254.8,0,0.15815601390174458,Normal,Good,-
M00335,Type_03,40.92,2.64,219.2,17.13,3.379,931.3,0,0.15815031494165038,Normal,Good,-
M02628,Type_19,61.96,1.92,217.7,17.59,3.446,688.7,0,0.15814522737163822,Normal,Good,-
M00110,Type_18,56.44,0.16,216.8,11.19,2.183,719.9,0,0.1581436505634513,Normal,Good,-
M01433,Type_04,59.19,1.09,217.5,13.51,2.645,882.4,0,0.15813419589049243,Normal,Good,-
M00561,Type_19,45.87,2.11,214.1,14.91,2.873,729.1,0,0.1581005341766418,Normal,Good,-
M08048,Type_03,61.78,2.7,224.3,18.71,3.777,415.1,0,0.15809465537827053,Normal,Good,-
M04520,Type_21,64.39,2.92,218.3,18.28,3.591,715.4,0,0.1580935161487039,Normal,Good,-
M00785,Type_04,50.11,1.77,221.9,14.38,2.872,489.7,0,0.15809097816928416,Normal,Good,-
M09675,Type_18,53.65,1.91,219.9,14.53,2.876,109.3,0,0.15808688990480796,Normal,Good,-
M04544,Type_01,76.83,3.2,222.8,22.71,4.554,96.3,0,0.15808171318765724,Normal,Good,-
M03274,Type_24,71.33,2.47,218.8,22.86,4.502,124.6,0,0.158073677827602,Normal,Good,-
M08540,Type_14,57.24,1.39,218.4,17.65,3.469,383.9,0,0.1580690922829716,Normal,Good,-
M03761,Type_12,50.58,1.89,212.0,12.21,2.33,812.9,0,0.15806899519497636,Normal,Good,-
M08921,Type_04,75.91,1.54,225.1,12.61,2.555,188.6,0,0.1580638521462538,Normal,Good,-
M01675,Type_24,60.28,1.69,221.2,14.29,2.845,950.8,0,0.15806219036469013,Normal,Good,-
M03246,Type_24,57.13,2.47,220.0,13.87,2.746,734.0,0,0.15805411405327865,Normal,Good,-
M04599,Type_24,42.88,1.3,213.0,15.9,3.048,575.5,0,0.15804447197133958,Normal,Good,-
M02974,Type_11,68.49,2.12,212.2,18.03,3.443,353.3,0,0.1580434499224465,Normal,Good,-
M03921,Type_14,78.07,2.16,226.4,14.54,2.963,614.8,0,0.15804062364129087,Normal,Good,-
M03177,Type_10,66.12,1.24,214.7,13.79,2.665,289.6,0,0.15802886654202813,Normal,Good,-
M08419,Type_14,80.01,0.88,212.1,16.45,3.14,654.2,0,0.15802819767305037,Normal,Good,-
M05854,Type_17,67.52,3.06,215.9,18.46,3.587,652.0,0,0.15801581469461973,Normal,Good,-
M03765,Type_23,55.99,3.37,224.5,14.72,2.974,64.5,0,0.15801315291292292,Normal,Good,-
M04753,Type_24,61.74,1.69,216.7,16.7,3.257,56.2,0,0.15800320612360666,Normal,Good,-
M03385,Type_14,63.27,2.4,226.0,16.12,3.279,652.6,0,0.158002606845493,Normal,Good,-
M06294,Type_14,65.81,1.64,215.9,16.5,3.206,400.5,0,0.158002606845493,Normal,Good,-
M02795,Type_19,61.72,1.93,218.7,13.99,2.754,504.9,0,0.1580003107004313,Normal,Good,-
M03973,Type_17,50.89,1.96,213.0,13.21,2.532,855.8,0,0.15797096197921076,Normal,Good,-
M06484,Type_24,53.88,2.1,221.4,13.39,2.668,562.2,0,0.1579493672932985,Normal,Good,-
M02222,Type_19,76.11,2.66,227.8,14.69,3.012,831.0,0,0.1579389509010471,Normal,Good,-
M02204,Type_04,65.01,3.61,214.3,16.78,3.236,261.8,0,0.15793459128496767,Normal,Good,-
M08076,Type_23,67.44,3.62,214.6,14.88,2.874,132.2,0,0.15792136541074656,Normal,Good,-
M00398,Type_24,69.46,4.05,218.2,15.43,3.03,642.6,0,0.1579181547633009,Normal,Good,-
M06300,Type_04,60.78,2.11,221.3,17.83,3.551,558.6,0,0.15791549880269204,Normal,Good,-
M09406,Type_18,66.71,1.26,218.0,14.02,2.751,810.0,0,0.15790820780089632,Normal,Good,-
M01386,Type_16,71.5,0.59,213.1,12.35,2.369,793.7,0,0.1579000873051862,Normal,Good,-
M05452,Type_18,60.06,3.73,213.3,12.72,2.442,762.0,0,0.1578920423486376,Normal,Good,-
M02300,Type_04,59.13,1.69,220.1,16.27,3.223,636.7,0,0.1578832620507321,Normal,Good,-
M02705,Type_04,58.02,2.04,220.9,15.39,3.06,593.8,0,0.1578832620507321,Normal,Good,-
M03247,Type_19,58.72,2.85,220.2,18.7,3.706,392.6,0,0.1578802685168757,Normal,Good,-
M01334,Type_01,56.22,1.61,219.2,15.29,3.016,734.4,0,0.1578763801385051,Normal,Good,-
M05142,Type_14,59.02,2.88,222.5,13.37,2.677,583.1,0,0.157866191107251,Normal,Good,-
M05769,Type_25,57.76,3.75,215.2,21.48,4.16,428.4,0,0.15785935061192918,Normal,Good,-
M06168,Type_18,64.63,1.46,222.8,13.99,2.805,530.5,0,0.15784839688396493,Normal,Good,-
M01917,Type_14,60.04,1.87,223.4,17.34,3.486,329.6,0,0.15782930789093808,Normal,Good,-
M07053,Type_14,64.31,1.7,217.9,15.25,2.991,584.8,0,0.15779814855158192,Normal,Good,-
M07443,Type_18,58.25,1.4,218.7,15.08,2.968,847.2,0,0.1577907418528577,Normal,Good,-
M03050,Type_24,61.51,2.8,227.2,13.42,2.744,482.7,0,0.15778821997188988,Normal,Good,-
M08230,Type_24,64.49,2.87,228.1,13.32,2.734,412.3,0,0.15778821997188988,Normal,Good,-
M00417,Type_24,78.44,0.23,217.2,18.89,3.693,436.4,0,0.15778129951599404,Normal,Good,-
M02732,Type_19,63.13,1.51,215.4,16.33,3.166,539.0,0,0.1577503699651457,Normal,Good,-
M00637,Type_14,58.66,2.4,224.7,16.98,3.434,145.0,0,0.15774438439261693,Normal,Good,-
M00100,Type_19,68.16,3.63,218.3,13.74,2.699,607.5,0,0.15774223803810378,Normal,Good,-
M04220,Type_12,54.02,2.81,218.6,19.24,3.785,752.9,0,0.15772442655873267,Normal,Good,-
M07124,Type_14,63.85,3.18,222.7,13.89,2.784,586.0,0,0.15771695646585923,Normal,Good,-
M01992,Type_12,69.37,1.7,213.3,13.05,2.505,698.7,0,0.15770686568890815,Normal,Good,-
M08565,Type_03,69.95,1.82,220.7,17.13,3.403,94.4,0,0.15770438622684482,Normal,Good,-
M05667,Type_18,59.39,1.49,215.8,19.17,3.723,653.8,0,0.15769981103959535,Normal,Good,-
M00882,Type_13,64.47,3.52,221.0,10.78,2.144,505.1,0,0.15769405584770346,Normal,Good,-
M02107,Type_06,51.04,0.32,218.6,21.44,4.218,648.5,0,0.15767219272906965,Normal,Good,-
M08051,Type_06,59.8,0.1,218.6,21.63,4.255,671.9,0,0.15766398773610113,Normal,Good,-
M05659,Type_13,57.18,3.83,215.6,13.82,2.682,514.3,0,0.15765808374013532,Normal,Good,-
M06095,Type_24,62.23,1.64,228.4,14.19,2.917,488.4,0,0.15765190653182704,Normal,Good,-
M03540,Type_24,42.39,1.27,222.7,17.02,3.411,785.7,0,0.15764038435021804,Normal,Good,-
M04532,Type_08,51.89,4.02,219.6,14.44,2.854,691.9,0,0.15763138142466754,Normal,Good,-
M02140,Type_14,65.86,1.2,224.2,18.23,3.678,254.6,0,0.15762993797253444,Normal,Good,-
M08181,Type_20,72.08,2.74,216.1,14.54,2.828,919.2,0,0.15762693420546153,Normal,Good,-
M01521,Type_19,53.4,3.91,225.5,14.03,2.847,523.2,0,0.1576231670967597,Normal,Good,-
M01816,Type_13,64.5,3.14,216.0,11.18,2.173,507.1,0,0.15761818424510912,Normal,Good,-
M03825,Type_17,60.17,2.46,215.5,13.36,2.591,464.0,0,0.15761588167368434,Normal,Good,-
M00927,Type_09,70.45,2.13,221.4,16.82,3.352,762.0,0,0.15760314293519972,Normal,Good,-
M08253,Type_18,69.47,2.51,221.8,13.61,2.717,455.2,0,0.15757988772327639,Normal,Good,-
M08657,Type_09,74.84,3.14,210.3,11.22,2.124,279.7,0,0.1575743012432386,Normal,Good,-
M06674,Type_04,63.02,3.1,223.0,11.91,2.39,317.1,0,0.15756732132127896,Normal,Good,-
M04993,Type_08,64.94,4.05,222.5,11.19,2.241,415.3,0,0.15755769242130585,Normal,Good,-
M09797,Type_12,67.63,3.36,215.5,18.81,3.648,217.1,0,0.15755135392726013,Normal,Good,-
M04293,Type_02,56.36,0.1,218.9,20.9,4.118,570.3,0,0.15754906413505368,Normal,Good,-
M09823,Type_04,67.31,1.54,222.2,13.54,2.708,646.4,0,0.15754854562991513,Normal,Good,-
M08062,Type_01,54.9,2.85,218.7,13.77,2.71,872.1,0,0.1575383414541408,Normal,Good,-
M01220,Type_18,73.47,0.41,221.5,16.94,3.377,435.6,0,0.15751077910839217,Normal,Good,-
M02260,Type_18,69.15,2.2,223.0,14.63,2.936,582.6,0,0.15750141450617494,Normal,Good,-
M03782,Type_21,69.28,1.57,223.0,17.45,3.502,608.1,0,0.1574961919222237,Normal,Good,-
M04367,Type_04,72.2,1.99,215.3,14.29,2.769,907.6,0,0.15749538739778876,Normal,Good,-
M09091,Type_19,67.38,3.02,220.1,14.45,2.862,541.2,0,0.15749101738752158,Normal,Good,-
M00261,Type_14,55.99,2.75,220.2,18.48,3.662,761.6,0,0.15749027133008842,Normal,Good,-
M00788,Type_14,72.11,1.76,228.8,13.96,2.875,824.5,0,0.15747966503341107,Normal,Good,-
M01229,Type_13,50.36,3.02,223.6,21.5,4.327,752.3,0,0.15747658496336345,Normal,Good,-
M08934,Type_11,75.42,2.34,225.6,17.71,3.596,644.1,0,0.1574681457129366,Normal,Good,-
M07808,Type_04,72.25,1.99,216.2,16.26,3.164,460.1,0,0.15746106093200082,Normal,Good,-
M09241,Type_04,72.87,2.25,210.6,15.67,2.97,690.7,0,0.15746106093200082,Normal,Good,-
M08494,Type_19,58.38,3.14,222.3,17.32,3.465,943.0,0,0.15745292738688435,Normal,Good,-
M04662,Type_18,60.03,1.46,215.7,14.55,2.825,490.2,0,0.15745013233840927,Normal,Good,-
M03002,Type_14,66.29,1.28,214.4,19.5,3.763,138.2,0,0.15744881651600343,Normal,Good,-
M04174,Type_18,70.62,2.36,227.4,12.65,2.589,588.8,0,0.15744800734396,Normal,Good,-
M03449,Type_11,59.27,1.75,225.9,17.74,3.607,139.8,0,0.15744739600921984,Normal,Good,-
M07898,Type_08,59.81,2.81,222.9,18.8,3.771,327.5,0,0.15744281510299307,Normal,Good,-
M03920,Type_21,69.66,3.18,214.2,19.07,3.676,636.7,0,0.15744270589910825,Normal,Good,-
M06895,Type_10,64.61,2.22,229.5,20.64,4.263,624.2,0,0.1574393820821458,Normal,Good,-
M06054,Type_04,64.64,1.84,221.1,16.78,3.339,846.5,0,0.1574254108066973,Normal,Good,-
M06454,Type_04,63.49,2.38,216.1,17.0,3.306,633.0,0,0.1574254108066973,Normal,Good,-
M02814,Type_14,66.64,1.26,223.0,14.19,2.848,524.1,0,0.15741836504140244,Normal,Good,-
M00064,Type_21,72.07,3.25,216.9,19.89,3.883,894.1,0,0.15739977066708966,Normal,Good,-
M01954,Type_14,67.86,0.89,215.6,16.11,3.126,707.1,0,0.15739182628278636,Normal,Good,-
M03709,Type_19,75.29,1.22,217.2,19.88,3.886,474.4,0,0.15738084559597929,Normal,Good,-
M07923,Type_25,60.4,1.7,210.3,17.16,3.248,146.7,0,0.15737922863092313,Normal,Good,-
M01254,Type_14,58.66,1.08,216.0,13.59,2.642,390.3,0,0.1573771335070529,Normal,Good,-
M05406,Type_04,55.27,2.44,229.5,13.32,2.751,863.6,0,0.15737193656240972,Normal,Good,-
M00101,Type_11,43.11,2.78,214.2,15.02,2.896,74.9,0,0.1573664476963106,Normal,Good,-
M07010,Type_11,69.01,2.14,219.3,16.51,3.259,667.1,0,0.15735878329256525,Normal,Good,-
M05206,Type_08,50.28,2.87,213.0,19.46,3.73,337.7,0,0.1573511627639336,Normal,Good,-
M02954,Type_19,68.43,2.0,219.5,15.66,3.094,413.7,0,0.15735103740646783,Normal,Good,-
M00712,Type_03,69.6,1.34,229.8,18.21,3.766,530.6,0,0.15734684297620347,Normal,Good,-
M03501,Type_19,58.92,1.67,213.4,13.05,2.506,640.4,0,0.15734597086127344,Normal,Good,-
M07025,Type_18,57.21,1.14,219.3,11.43,2.256,271.9,0,0.1573412879023639,Normal,Good,-
M04158,Type_11,70.78,2.26,212.0,16.74,3.194,941.8,0,0.1573298078628947,Normal,Good,-
M05906,Type_14,67.17,1.5,217.4,15.84,3.099,631.2,0,0.15731758220840156,Normal,Good,-
M09190,Type_12,48.13,2.22,219.8,12.55,2.483,690.4,0,0.15730687616306122,Normal,Good,-
M05287,Type_09,80.18,2.4,229.2,15.7,3.239,565.3,0,0.1572916150811905,Normal,Good,-
M01512,Type_17,77.98,3.01,216.4,13.28,2.586,502.1,0,0.15727588850875765,Normal,Good,-
M01609,Type_11,55.64,0.54,220.9,16.24,3.229,768.6,0,0.15727117567961418,Normal,Good,-
M09986,Type_14,54.9,2.23,225.3,15.88,3.22,409.8,0,0.1572675647505143,Normal,Good,-
M02013,Type_23,52.1,1.28,227.4,21.68,4.437,613.1,0,0.15726088278564498,Normal,Good,-
M01224,Type_16,70.83,1.07,217.7,11.51,2.255,894.5,0,0.1572608093934994,Normal,Good,-
M00741,Type_04,62.69,2.21,226.7,13.94,2.844,648.4,0,0.15725578024688688,Normal,Good,-
M05286,Type_04,62.25,1.82,224.6,14.38,2.907,845.3,0,0.15725578024688688,Normal,Good,-
M02630,Type_18,59.76,2.95,219.1,11.28,2.224,424.7,0,0.15724286395786,Normal,Good,-
M06081,Type_18,73.71,2.6,216.2,13.26,2.58,440.4,0,0.1572139926576126,Normal,Good,-
M09200,Type_04,63.23,1.73,219.3,17.9,3.533,97.9,0,0.15721185913732594,Normal,Good,-
M06535,Type_18,74.17,2.14,214.3,12.62,2.434,786.0,0,0.1572018901815713,Normal,Good,-
M00668,Type_11,57.86,0.93,218.6,17.25,3.394,510.7,0,0.15719573887887436,Normal,Good,-
M03986,Type_17,54.67,1.74,224.7,14.6,2.953,878.8,0,0.15718636863159938,Normal,Good,-
M09457,Type_11,62.39,2.92,224.5,15.59,3.15,789.3,0,0.15717969785177785,Normal,Good,-
M00918,Type_17,46.51,2.28,222.8,19.09,3.828,717.3,0,0.1571680187187752,Normal,Good,-
M00682,Type_12,72.85,3.41,212.2,14.64,2.796,541.3,0,0.15714563446510782,Normal,Good,-
M01019,Type_03,42.75,1.97,219.3,17.06,3.367,472.0,0,0.157118536410603,Normal,Good,-
M01307,Type_20,47.95,2.06,221.1,18.81,3.743,177.9,0,0.15710660287488473,Normal,Good,-
M00944,Type_24,51.28,2.35,210.0,13.99,2.644,578.7,0,0.15710176696966915,Normal,Good,-
M09731,Type_16,52.61,2.77,229.8,21.0,4.343,716.2,0,0.1570934608846179,Normal,Good,-
M07528,Type_12,67.55,4.26,226.8,13.85,2.827,924.0,0,0.15708417497791025,Normal,Good,-
M01583,Type_17,49.74,2.13,223.7,15.57,3.135,266.3,0,0.15708336375708545,Normal,Good,-
M04507,Type_21,66.09,2.84,219.4,18.02,3.558,779.3,0,0.15707944206650734,Normal,Good,-
M00837,Type_18,49.82,2.45,229.2,14.26,2.942,470.8,0,0.15706728388272184,Normal,Good,-
M06372,Type_04,69.73,2.62,214.4,14.26,2.752,602.9,0,0.15706573526063944,Normal,Good,-
M00421,Type_18,63.85,2.11,224.6,21.58,4.362,578.4,0,0.15705386610206704,Normal,Good,-
M09213,Type_14,56.65,3.03,220.6,14.31,2.841,653.0,0,0.15705219641501716,Normal,Good,-
M04353,Type_04,67.35,1.02,220.9,14.78,2.938,725.7,0,0.15703044978782332,Normal,Good,-
M00979,Type_04,71.9,1.42,218.6,10.29,2.024,575.8,0,0.15701082824455054,Normal,Good,-
M09317,Type_12,71.28,2.1,211.3,11.28,2.145,891.4,0,0.1570040553756966,Normal,Good,-
M09225,Type_23,69.99,1.2,219.1,15.32,3.021,524.7,0,0.1570000246622122,Normal,Good,-
M06190,Type_16,54.99,1.75,223.5,18.74,3.77,160.5,0,0.1569986055481249,Normal,Good,-
M08219,Type_11,78.71,3.13,226.7,16.06,3.277,580.2,0,0.15699131091402202,Normal,Good,-
M09195,Type_21,78.33,3.75,217.6,15.98,3.13,832.2,0,0.15698861167831044,Normal,Good,-
M08991,Type_22,47.75,2.87,210.5,15.61,2.957,700.6,0,0.15697826056932546,Normal,Good,-
M02875,Type_11,47.32,0.1,223.5,16.39,3.297,530.2,0,0.15696376195545217,Normal,Good,-
M06238,Type_09,68.62,1.97,229.6,12.8,2.645,89.8,0,0.15696233203215293,Normal,Good,-
M01606,Type_14,76.7,1.41,220.6,14.88,2.954,402.1,0,0.15696114301488184,Normal,Good,-
M01712,Type_14,62.93,1.35,220.9,16.11,3.203,359.6,0,0.15696069864216702,Normal,Good,-
M05201,Type_18,74.23,2.14,227.6,17.55,3.595,692.4,0,0.15694665834490631,Normal,Good,-
M03149,Type_13,80.39,0.1,221.5,16.65,3.319,155.5,0,0.15694637917145443,Normal,Good,-
M07208,Type_12,73.32,2.87,223.4,14.41,2.897,646.8,0,0.15694636959577116,Normal,Good,-
M06940,Type_12,69.13,2.42,217.8,11.96,2.344,503.3,0,0.15694474665699304,Normal,Good,-
M04000,Type_24,62.4,1.74,224.6,10.85,2.193,81.0,0,0.1569338653301553,Normal,Good,-
M08216,Type_24,63.62,0.1,217.2,16.87,3.298,455.5,0,0.15692733920116894,Normal,Good,-
M05528,Type_04,57.62,2.0,225.9,16.19,3.292,133.7,0,0.15692004488201902,Normal,Good,-
M01641,Type_19,43.61,2.02,223.5,15.99,3.216,411.5,0,0.1569091098954279,Normal,Good,-
M03601,Type_11,75.54,0.6,218.2,17.65,3.466,844.6,0,0.1568999649270834,Normal,Good,-
M09216,Type_23,41.93,0.37,222.0,15.49,3.095,294.0,0,0.1568969986171407,Normal,Good,-
M09173,Type_04,67.55,1.84,218.6,14.2,2.794,596.9,0,0.15687581018516053,Normal,Good,-
M02543,Type_12,66.95,3.84,220.1,14.26,2.825,161.1,0,0.15687184497102447,Normal,Good,-
M04408,Type_10,51.22,1.03,220.9,20.31,4.038,169.2,0,0.15686063000204029,Normal,Good,-
M05031,Type_21,65.09,1.17,220.5,20.63,4.094,676.8,0,0.15685860958756417,Normal,Good,-
M04573,Type_24,74.63,2.99,225.6,12.03,2.443,306.2,0,0.15685848338152164,Normal,Good,-
M05474,Type_09,49.22,0.1,219.5,13.99,2.764,363.6,0,0.15685007051851715,Normal,Good,-
M05653,Type_04,54.6,1.61,225.2,12.04,2.44,553.9,0,0.15684995288046444,Normal,Good,-
M03444,Type_03,47.99,2.02,216.8,22.22,4.336,823.7,0,0.15684741269818928,Normal,Good,-
M03559,Type_15,66.83,2.56,213.2,16.24,3.116,274.5,0,0.15684282434864805,Normal,Good,-
M00043,Type_13,71.91,3.63,211.1,21.04,3.997,900.0,0,0.15684135438851574,Normal,Good,-
M06847,Type_12,48.24,2.56,214.1,13.82,2.663,380.7,0,0.15684098208167244,Normal,Good,-
M06463,Type_14,63.27,1.52,224.6,15.51,3.135,702.4,0,0.1568371831310702,Normal,Good,-
M04152,Type_19,74.28,1.3,212.3,20.4,3.898,840.0,0,0.15683453562870986,Normal,Good,-
M07301,Type_16,77.09,1.7,220.2,20.25,4.013,143.3,0,0.15683421731540234,Normal,Good,-
M08887,Type_09,65.49,0.1,222.3,16.25,3.251,675.9,0,0.15682972854121807,Normal,Good,-
M05639,Type_14,76.07,1.66,223.2,14.73,2.959,431.8,0,0.1568253092115353,Normal,Good,-
M05430,Type_24,67.46,3.86,226.5,16.48,3.359,769.5,0,0.15681584820136668,Normal,Good,-
M04995,Type_18,76.05,2.13,221.7,12.81,2.556,125.8,0,0.15680475455804138,Normal,Good,-
M06159,Type_17,65.68,2.87,221.4,14.56,2.901,440.6,0,0.1567860578101845,Normal,Good,-
M07521,Type_04,54.71,1.91,217.5,19.08,3.735,959.0,0,0.15678404562823203,Normal,Good,-
M02089,Type_19,72.53,1.85,223.5,14.32,2.88,454.1,0,0.15678023726475432,Normal,Good,-
M04432,Type_18,60.43,1.75,222.8,12.14,2.434,432.7,0,0.15676978482462126,Normal,Good,-
M09720,Type_09,71.12,3.09,223.6,16.81,3.383,545.9,0,0.1567691800788647,Normal,Good,-
M03894,Type_03,60.53,1.78,220.5,14.12,2.802,545.8,0,0.1567632222552292,Normal,Good,-
M00874,Type_22,72.02,0.71,214.8,14.85,2.871,713.2,0,0.15675953955359956,Normal,Good,-
M01109,Type_18,75.7,2.73,217.6,15.76,3.086,872.1,0,0.15675760437877861,Normal,Good,-
M01995,Type_01,56.92,1.97,217.0,18.96,3.703,684.0,0,0.15674217670448548,Normal,Good,-
M00430,Type_09,71.15,1.39,217.5,12.44,2.435,412.8,0,0.1567417490945735,Normal,Good,-
M04731,Type_19,74.47,3.54,225.2,11.03,2.236,567.3,0,0.15673715847173716,Normal,Good,-
M00596,Type_17,63.18,0.97,225.1,10.63,2.154,723.4,0,0.1567360102918385,Normal,Good,-
M09016,Type_18,60.87,1.72,211.3,23.55,4.479,686.3,0,0.1567336589502362,Normal,Good,-
M03580,Type_18,78.24,2.79,210.1,10.92,2.065,559.6,0,0.15673356126727245,Normal,Good,-
M08201,Type_15,49.25,1.85,222.5,19.7,3.945,392.0,0,0.15673088363575383,Normal,Good,-
M01101,Type_04,70.11,2.24,213.5,13.48,2.59,319.4,0,0.15672748643689732,Normal,Good,-
M01163,Type_09,78.63,3.02,225.5,19.91,4.041,960.4,0,0.1567237327683578,Normal,Good,-
M00501,Type_09,61.03,0.15,216.1,17.1,3.326,275.5,0,0.15671968178709916,Normal,Good,-
M09578,Type_04,64.32,0.91,218.6,16.75,3.295,455.8,0,0.1567196812703024,Normal,Good,-
M06343,Type_07,61.6,3.46,218.6,14.67,2.886,563.1,0,0.15671502047530975,Normal,Good,-
M06964,Type_07,58.86,3.48,217.1,14.96,2.923,486.8,0,0.15671502047530975,Normal,Good,-
M08406,Type_02,60.61,2.91,215.0,17.93,3.469,657.4,0,0.1567121090940568,Normal,Good,-
M06374,Type_11,67.63,2.06,223.4,11.96,2.405,787.1,0,0.15671078913788442,Normal,Good,-
M05728,Type_04,75.45,1.87,219.5,17.91,3.538,542.1,0,0.15671035574356545,Normal,Good,-
M06029,Type_14,61.35,1.31,220.8,13.46,2.675,765.4,0,0.15670879750466604,Normal,Good,-
M02288,Type_12,51.55,1.85,217.0,19.59,3.826,393.9,0,0.15670799690115447,Normal,Good,-
M09834,Type_21,79.24,0.91,215.6,13.64,2.647,897.9,0,0.15669336883102317,Normal,Good,-
M03084,Type_11,66.06,1.02,225.6,12.57,2.552,224.2,0,0.15669200246117648,Normal,Good,-
M00747,Type_24,49.37,3.09,218.2,14.28,2.804,387.7,0,0.15667534399350694,Normal,Good,-
M06652,Type_09,65.57,2.58,225.7,16.47,3.346,361.7,0,0.15667392683209444,Normal,Good,-
M04138,Type_11,66.49,1.0,218.7,16.16,3.181,881.1,0,0.15667373763164244,Normal,Good,-
M03802,Type_09,79.85,1.94,214.3,11.7,2.257,623.9,0,0.1566681886028186,Normal,Good,-
M04569,Type_24,58.18,1.69,223.9,15.28,3.079,123.4,0,0.15666516248054407,Normal,Good,-
M07621,Type_02,59.64,1.91,222.9,20.83,4.179,347.4,0,0.1566650194205376,Normal,Good,-
M07322,Type_04,70.15,2.43,225.2,16.01,3.245,917.4,0,0.15666269995584622,Normal,Good,-
M01831,Type_04,72.33,1.61,218.1,16.6,3.258,647.7,0,0.15666193011168578,Normal,Good,-
M03819,Type_18,65.59,2.67,215.2,19.36,3.75,891.7,0,0.15665997030273437,Normal,Good,-
M00029,Type_12,62.11,2.9,220.8,14.11,2.804,136.0,0,0.15665938537855406,Normal,Good,-
M04485,Type_18,72.62,0.93,225.7,12.53,2.545,773.2,0,0.15665910242609768,Normal,Good,-
M07263,Type_11,63.46,3.62,218.1,13.76,2.701,389.4,0,0.15665262631005836,Normal,Good,-
M02051,Type_12,53.94,2.0,221.1,11.93,2.374,720.2,0,0.1566524157209979,Normal,Good,-
M02402,Type_18,59.92,2.4,213.4,18.0,3.457,101.8,0,0.15664836961152956,Normal,Good,-
M03569,Type_19,77.23,1.81,227.2,14.21,2.906,623.4,0,0.15664161646765948,Normal,Good,-
M01572,Type_21,68.96,1.94,225.7,16.23,3.297,677.5,0,0.15663376500850348,Normal,Good,-
M03378,Type_04,70.65,2.99,221.1,16.52,3.287,831.5,0,0.15662709807566577,Normal,Good,-
M01284,Type_22,62.74,4.48,215.2,17.97,3.48,479.9,0,0.1566261012801763,Normal,Good,-
M04215,Type_21,61.02,2.78,218.1,20.51,4.026,448.7,0,0.15662448454907557,Normal,Good,-
M06455,Type_04,56.2,1.69,222.5,11.2,2.243,134.3,0,0.15662188027027868,Normal,Good,-
M07185,Type_19,58.52,2.04,216.9,16.73,3.266,583.1,0,0.1566164250400353,Normal,Good,-
M02738,Type_14,79.37,1.57,218.8,13.36,2.631,488.4,0,0.15660808734288656,Normal,Good,-
M02281,Type_09,69.86,2.14,219.4,13.34,2.634,482.7,0,0.15660650359635914,Normal,Good,-
M09913,Type_09,71.45,2.01,216.4,13.69,2.666,711.5,0,0.15660650359635914,Normal,Good,-
M01079,Type_01,42.9,2.16,228.3,20.34,4.179,498.8,0,0.15660532072503808,Normal,Good,-
M08057,Type_16,58.65,4.21,222.2,18.76,3.752,437.2,0,0.1565917378690429,Normal,Good,-
M00477,Type_19,68.68,3.04,214.7,12.34,2.384,372.9,0,0.156583885575909,Normal,Good,-
M02707,Type_14,48.87,3.32,218.6,17.47,3.437,301.1,0,0.1565729552592352,Normal,Good,-
M01873,Type_19,65.85,0.1,220.1,14.94,2.959,770.3,0,0.15656956336947217,Normal,Good,-
M05125,Type_04,46.09,2.57,223.0,12.18,2.445,782.5,0,0.15656874144346863,Normal,Good,-
M09117,Type_18,57.98,2.84,221.0,12.79,2.544,655.1,0,0.15656364902927578,Normal,Good,-
M09431,Type_03,54.68,1.82,221.4,11.83,2.357,545.9,0,0.15656347857568942,Normal,Good,-
M03140,Type_18,67.96,1.68,225.4,14.12,2.864,743.1,0,0.1565614224035127,Normal,Good,-
M03989,Type_03,50.42,2.16,224.9,16.66,3.372,903.6,0,0.15654910995878965,Normal,Good,-
M08173,Type_14,67.15,2.27,218.2,13.66,2.683,934.5,0,0.15654670746888957,Normal,Good,-
M04435,Type_12,49.41,0.73,224.7,14.06,2.843,700.1,0,0.15654403434087968,Normal,Good,-
M01980,Type_22,44.59,0.1,224.3,22.53,4.548,71.9,0,0.1565221003113082,Normal,Good,-
M06963,Type_14,59.62,0.71,222.2,17.58,3.516,435.1,0,0.15651121220340355,Normal,Good,-
M02529,Type_02,70.0,4.01,211.8,12.3,2.345,230.4,0,0.15651056999859883,Normal,Good,-
M03236,Type_04,66.28,2.82,222.0,14.76,2.949,362.6,0,0.15650816621091435,Normal,Good,-
M00241,Type_17,75.62,2.36,216.9,11.9,2.323,909.6,0,0.1564872757384141,Normal,Good,-
M01241,Type_11,64.8,1.54,217.0,17.79,3.474,537.6,0,0.1564839444746406,Normal,Good,-
M03892,Type_09,67.13,1.12,219.6,12.8,2.53,862.0,0,0.15647340667113463,Normal,Good,-
M05729,Type_09,68.14,1.14,220.4,12.85,2.549,782.2,0,0.15647340667113463,Normal,Good,-
M05180,Type_12,70.1,1.21,219.8,11.43,2.261,438.3,0,0.15645757736504368,Normal,Good,-
M08238,Type_12,73.46,1.29,218.7,11.43,2.25,845.1,0,0.15645757736504368,Normal,Good,-
M08408,Type_07,68.12,1.98,225.5,16.71,3.391,922.7,0,0.15645325495048157,Normal,Good,-
M04315,Type_04,77.44,3.97,218.1,16.99,3.335,79.9,0,0.15644591360670973,Normal,Good,-
M02588,Type_14,48.59,2.47,226.0,16.37,3.33,873.5,0,0.15644324987490058,Normal,Good,-
M09781,Type_17,71.97,2.64,219.2,16.75,3.304,378.9,0,0.15644175918585584,Normal,Good,-
M08327,Type_13,45.14,2.0,223.4,16.96,3.41,674.3,0,0.1564409147570831,Normal,Good,-
M04167,Type_12,52.49,3.25,220.4,11.2,2.222,448.6,0,0.15643847668989058,Normal,Good,-
M09741,Type_14,48.0,1.49,209.8,13.63,2.574,687.0,0,0.15643464054749123,Normal,Good,-
M05230,Type_07,74.55,3.17,212.3,13.91,2.658,794.5,0,0.15643432595737292,Normal,Good,-
M08986,Type_04,54.38,2.68,219.7,12.58,2.487,873.2,0,0.15642107058747554,Normal,Good,-
M01736,Type_12,73.17,2.86,217.0,12.0,2.344,667.5,0,0.1564153201740795,Normal,Good,-
M02143,Type_12,70.4,2.81,220.4,13.33,2.644,472.1,0,0.1564153201740795,Normal,Good,-
M03726,Type_12,72.1,2.67,219.0,12.81,2.525,691.9,0,0.1564153201740795,Normal,Good,-
M06024,Type_09,58.51,1.66,220.2,18.07,3.581,842.7,0,0.15641391043303401,Normal,Good,-
M07559,Type_09,64.1,1.8,224.9,18.22,3.688,526.7,0,0.15641391043303401,Normal,Good,-
M00761,Type_02,59.98,3.04,214.6,14.76,2.851,398.8,0,0.15640788317006069,Normal,Good,-
M08289,Type_19,65.56,1.79,219.4,14.41,2.845,622.8,0,0.15639914137795052,Normal,Good,-
M03988,Type_18,57.7,2.46,218.6,12.53,2.465,380.5,0,0.1563986145912145,Normal,Good,-
M02057,Type_04,49.09,1.76,225.0,16.19,3.278,804.9,0,0.15639792158828394,Normal,Good,-
M04774,Type_04,64.7,1.66,220.2,13.8,2.735,672.3,0,0.15639541110782917,Normal,Good,-
M02348,Type_15,68.24,0.95,210.5,19.81,3.753,153.2,0,0.15639522203551814,Normal,Good,-
M09263,Type_14,59.0,1.44,219.2,17.05,3.364,846.3,0,0.15639385408983897,Normal,Good,-
M08265,Type_15,69.51,2.37,228.2,16.64,3.418,590.6,0,0.15638615511467988,Normal,Good,-
M00659,Type_09,67.72,1.42,215.8,13.0,2.525,671.1,0,0.15638000538721453,Normal,Good,-
M00017,Type_18,63.81,1.38,220.6,13.55,2.69,90.4,0,0.15637218599496253,Normal,Good,-
M01467,Type_16,69.4,2.99,220.6,17.66,3.506,325.2,0,0.15636866238083863,Normal,Good,-
M04899,Type_01,49.43,2.81,222.7,15.34,3.075,904.1,0,0.15636700305854,Normal,Good,-
M08968,Type_23,68.84,3.1,226.8,21.45,4.378,956.8,0,0.15636356396498813,Normal,Good,-
M09717,Type_09,69.81,1.43,219.4,12.64,2.496,788.9,0,0.15636292833159968,Normal,Good,-
M09555,Type_19,66.13,2.0,225.4,17.02,3.453,371.3,0,0.15636057655846902,Normal,Good,-
M01267,Type_24,60.18,2.53,217.6,14.46,2.832,533.7,0,0.1563588812798123,Normal,Good,-
M06239,Type_24,71.97,1.14,214.1,18.23,3.513,365.9,0,0.15635345100837025,Normal,Good,-
M02042,Type_18,74.2,2.27,214.7,18.41,3.557,613.0,0,0.15634724437406325,Normal,Good,-
M07030,Type_11,56.95,1.7,216.9,11.5,2.245,196.8,0,0.15634486366451217,Normal,Good,-
M06982,Type_13,66.73,0.87,218.2,22.1,4.34,569.8,0,0.1563291215738325,Normal,Good,-
M01528,Type_04,55.34,3.12,214.7,12.8,2.473,258.7,0,0.15632802584310507,Normal,Good,-
M07557,Type_12,57.7,1.94,222.7,19.53,3.914,224.4,0,0.1563264742072152,Normal,Good,-
M08526,Type_18,68.44,2.8,225.5,13.59,2.758,636.5,0,0.15632625712582254,Normal,Good,-
M08389,Type_18,69.04,1.98,226.5,11.27,2.297,522.9,0,0.156325580919972,Normal,Good,-
M09079,Type_09,71.78,2.25,215.4,17.1,3.315,765.4,0,0.15632414784678003,Normal,Good,-
M00020,Type_12,73.22,3.34,220.1,17.31,3.429,669.6,0,0.1563049540754795,Normal,Good,-
M05938,Type_04,34.73,0.1,223.6,21.26,4.278,284.9,0,0.15630494894893468,Normal,Good,-
M01959,Type_09,58.84,4.01,227.2,13.12,2.683,702.1,0,0.1563018543411746,Normal,Good,-
M02671,Type_12,69.61,0.95,226.1,12.32,2.507,780.9,0,0.1562984943005759,Normal,Good,-
M02664,Type_23,59.65,3.18,213.7,19.93,3.833,82.5,0,0.15629505066270874,Normal,Good,-
M04751,Type_24,67.75,2.33,222.3,12.67,2.535,243.2,0,0.15626319060869856,Normal,Good,-
M00249,Type_09,71.06,1.8,221.2,19.36,3.854,58.2,0,0.15625882730290402,Normal,Good,-
M07222,Type_01,54.09,2.47,221.1,19.76,3.932,876.6,0,0.15625529557385037,Normal,Good,-
M09073,Type_07,50.92,3.77,212.8,14.14,2.708,716.1,0,0.15624137118074496,Normal,Good,-
M04869,Type_04,71.67,3.25,224.1,18.18,3.667,154.2,0,0.15623701516202368,Normal,Good,-
M04792,Type_07,59.79,4.02,214.4,11.61,2.24,501.2,0,0.15621796256008053,Normal,Good,-
M08854,Type_12,55.75,2.23,225.4,13.39,2.716,488.6,0,0.15621618551816044,Normal,Good,-
M09145,Type_12,70.01,1.42,216.1,12.11,2.355,847.7,0,0.1562050930166558,Normal,Good,-
M02132,Type_11,61.62,0.66,226.1,12.76,2.597,264.6,0,0.1562027277115347,Normal,Good,-
M01619,Type_18,63.68,2.76,222.1,16.9,3.378,363.9,0,0.15618281610948986,Normal,Good,-
M02429,Type_18,63.44,2.6,226.9,16.8,3.431,376.8,0,0.15618281610948986,Normal,Good,-
M07468,Type_12,60.35,1.41,224.5,16.73,3.38,133.3,0,0.1561824866602073,Normal,Good,-
M00572,Type_23,55.87,4.14,221.4,18.97,3.78,815.5,0,0.1561795841708381,Normal,Good,-
M02435,Type_04,71.46,2.07,220.8,15.87,3.154,355.7,0,0.15617936833664128,Normal,Good,-
M03354,Type_04,69.7,2.41,219.6,15.72,3.107,342.3,0,0.15617936833664128,Normal,Good,-
M04187,Type_02,70.98,1.65,224.9,16.94,3.429,540.9,0,0.15615776021497085,Normal,Good,-
M01751,Type_19,57.43,2.69,222.5,16.41,3.286,685.5,0,0.15615053095864653,Normal,Good,-
M06381,Type_16,71.17,3.0,224.0,15.3,3.084,453.8,0,0.15614936134981922,Normal,Good,-
M08943,Type_09,64.02,2.18,216.5,13.42,2.615,579.9,0,0.1561431815746426,Normal,Good,-
M02148,Type_04,58.96,2.8,221.5,15.55,3.1,286.2,0,0.15613567537398382,Normal,Good,-
M08074,Type_02,63.38,3.22,225.3,13.96,2.831,549.6,0,0.15613372212373983,Normal,Good,-
M05475,Type_18,62.09,1.42,227.6,18.53,3.796,863.9,0,0.15612600010843758,Normal,Good,-
M06299,Type_13,65.25,3.27,227.8,16.35,3.352,662.5,0,0.15611824999047114,Normal,Good,-
M03071,Type_24,73.82,0.7,216.0,19.14,3.721,559.8,0,0.1561172257153516,Normal,Good,-
M09481,Type_09,42.04,2.02,223.1,16.84,3.381,723.5,0,0.15611598175528643,Normal,Good,-
M00811,Type_09,72.44,1.4,224.2,11.84,2.389,826.4,0,0.1561148059581679,Normal,Good,-
M01469,Type_19,73.61,1.98,223.5,16.02,3.222,694.2,0,0.15611476230614946,Normal,Good,-
M02229,Type_04,61.31,3.02,216.9,16.81,3.281,542.1,0,0.15611090366669444,Normal,Good,-
M05236,Type_01,41.94,2.24,224.8,14.94,3.023,226.5,0,0.15610294132028166,Normal,Good,-
M01708,Type_09,59.86,3.24,216.7,11.93,2.327,368.1,0,0.15608832560800306,Normal,Good,-
M09574,Type_14,76.83,1.32,220.4,16.22,3.217,72.7,0,0.15608135697780756,Normal,Good,-
M08758,Type_19,72.41,2.84,224.4,11.07,2.236,686.3,0,0.15607822361582815,Normal,Good,-
M04177,Type_14,65.17,1.14,214.0,14.61,2.814,741.2,0,0.15607759682501343,Normal,Good,-
M04056,Type_17,62.2,0.71,222.4,22.64,4.532,795.7,0,0.15607012192928454,Normal,Good,-
M09409,Type_12,60.18,1.8,216.2,13.2,2.568,221.1,0,0.1560683631060011,Normal,Good,-
M01133,Type_12,54.87,2.52,218.8,15.0,2.954,912.1,0,0.1560505056046158,Normal,Good,-
M02873,Type_12,69.74,3.08,224.2,12.41,2.504,624.7,0,0.15604725139913322,Normal,Good,-
M00893,Type_19,68.81,0.73,227.9,15.19,3.116,412.2,0,0.15604669853822728,Normal,Good,-
M02405,Type_17,78.12,0.37,223.2,14.85,2.983,728.9,0,0.1560445616401568,Normal,Good,-
M02602,Type_21,54.68,2.14,224.4,16.83,3.399,407.3,0,0.15604339892515243,Normal,Good,-
M09454,Type_11,76.2,0.48,222.6,13.9,2.785,832.3,0,0.15603694918355152,Normal,Good,-
M06429,Type_18,71.18,2.77,219.6,15.81,3.125,122.5,0,0.15603624994961224,Normal,Good,-
M00145,Type_04,51.55,2.31,214.7,14.82,2.864,652.6,0,0.15603550640643887,Normal,Good,-
M08846,Type_13,38.13,2.33,216.3,13.88,2.702,690.0,0,0.1560296946652672,Normal,Good,-
M00487,Type_04,61.41,2.83,222.2,14.43,2.886,821.8,0,0.15602776713358296,Normal,Good,-
M04110,Type_14,66.93,2.08,224.2,14.97,3.021,481.7,0,0.15602048311278424,Normal,Good,-
M03222,Type_09,57.84,1.41,226.8,16.84,3.437,347.5,0,0.15601971541635726,Normal,Good,-
M04701,Type_21,70.42,2.83,213.3,11.25,2.16,928.2,0,0.1560098068080106,Normal,Good,-
M01789,Type_14,66.05,2.04,224.4,12.96,2.617,293.8,0,0.15600764250690674,Normal,Good,-
M07790,Type_12,58.19,0.97,228.0,16.76,3.439,676.7,0,0.1560047061704047,Normal,Good,-
M03710,Type_09,64.48,1.26,226.0,12.91,2.626,690.1,0,0.15599300759380327,Normal,Good,-
M01053,Type_12,78.06,1.72,211.4,13.32,2.534,703.0,0,0.15598747111097822,Normal,Good,-
M08615,Type_04,44.71,2.11,226.3,14.45,2.943,633.2,0,0.15598514663580684,Normal,Good,-
M06072,Type_08,59.12,1.15,220.4,13.7,2.718,535.8,0,0.1559785810942503,Normal,Good,-
M08275,Type_11,68.41,1.42,223.0,16.18,3.247,775.7,0,0.15596809144976315,Normal,Good,-
M06112,Type_13,71.34,3.1,224.4,11.43,2.308,613.9,0,0.15596031616315778,Normal,Good,-
M07385,Type_04,44.87,2.88,226.9,15.53,3.171,172.3,0,0.15595833884809138,Normal,Good,-
M07548,Type_01,75.78,1.84,221.8,21.62,4.316,168.6,0,0.1559545959891092,Normal,Good,-
M03085,Type_16,68.55,3.7,219.4,16.46,3.25,128.7,0,0.1559524894250109,Normal,Good,-
M06780,Type_18,71.89,2.48,226.4,18.64,3.798,391.9,0,0.15593959019697706,Normal,Good,-
M06263,Type_09,64.87,2.95,223.7,13.27,2.672,534.3,0,0.1559292425435353,Normal,Good,-
M05979,Type_09,64.12,1.67,219.5,16.91,3.341,837.6,0,0.15592382243703928,Normal,Good,-
M06906,Type_17,61.17,2.03,216.5,12.1,2.358,510.6,0,0.1559153141384353,Normal,Good,-
M03365,Type_24,65.95,0.1,218.3,14.63,2.874,284.5,0,0.15591472177311172,Normal,Good,-
M07996,Type_19,43.9,2.36,226.8,16.46,3.36,140.9,0,0.15591052167866704,Normal,Good,-
M03205,Type_13,62.9,2.05,221.2,21.24,4.228,191.2,0,0.15590787828639288,Normal,Good,-
M01310,Type_09,55.02,1.58,223.1,11.8,2.369,869.7,0,0.15590683721087678,Normal,Good,-
M00964,Type_04,74.78,1.73,212.4,17.44,3.334,465.2,0,0.1559016306698017,Normal,Good,-
M08839,Type_09,66.2,1.55,221.6,12.96,2.585,620.3,0,0.15589960630988314,Normal,Good,-
M08274,Type_12,45.5,1.76,217.8,19.32,3.787,776.1,0,0.15589551809860736,Normal,Good,-
M04260,Type_09,61.93,3.01,218.1,18.62,3.655,428.4,0,0.15589205649476573,Normal,Good,-
M02280,Type_16,65.07,2.63,225.3,16.82,3.411,485.3,0,0.15588816273722356,Normal,Good,-
M07911,Type_14,67.78,3.01,214.5,16.24,3.135,230.6,0,0.15588608944404592,Normal,Good,-
M03195,Type_08,68.38,1.32,212.1,14.15,2.701,602.7,0,0.15586309474094034,Normal,Good,-
M09899,Type_19,70.66,1.58,227.0,15.25,3.116,735.1,0,0.1558615560277715,Normal,Good,-
M08647,Type_19,48.02,2.3,212.0,17.35,3.31,584.6,0,0.15585116183542624,Normal,Good,-
M09983,Type_09,70.3,2.29,222.7,12.18,2.441,743.6,0,0.155844384564444,Normal,Good,-
M01681,Type_20,64.4,0.1,213.5,15.29,2.938,657.7,0,0.15583404255274236,Normal,Good,-
M06057,Type_25,53.72,2.89,218.3,21.13,4.151,877.7,0,0.1558223356020498,Normal,Good,-
M00865,Type_21,76.45,2.57,228.5,14.15,2.91,567.4,0,0.15581943639082832,Normal,Good,-
M04893,Type_17,70.14,0.1,211.5,17.61,3.352,463.0,0,0.15581721092323947,Normal,Good,-
M02155,Type_02,58.56,2.59,220.2,14.65,2.903,365.2,0,0.155814625706619,Normal,Good,-
M03900,Type_24,71.23,0.71,215.9,21.48,4.174,286.6,0,0.15580379483094536,Normal,Good,-
M06237,Type_07,72.95,0.1,220.2,12.19,2.416,392.9,0,0.15579742360598595,Normal,Good,-
M02764,Type_24,76.24,2.09,223.8,22.79,4.59,107.0,0,0.15579615085922405,Normal,Good,-
M05326,Type_12,72.48,0.33,224.2,13.03,2.629,856.5,0,0.1557954646660296,Normal,Good,-
M03036,Type_09,75.88,1.98,229.7,12.89,2.665,173.3,0,0.15579416048919859,Normal,Good,-
M03583,Type_09,76.99,2.01,222.7,13.26,2.658,171.2,0,0.15579416048919859,Normal,Good,-
M07640,Type_09,77.34,2.07,219.9,13.6,2.692,116.4,0,0.15579416048919859,Normal,Good,-
M02932,Type_12,69.91,0.9,221.2,17.09,3.402,614.8,0,0.15579407794500708,Normal,Good,-
M04957,Type_03,57.46,3.38,219.1,16.5,3.254,340.3,0,0.15578600348472388,Normal,Good,-
M00388,Type_22,72.47,2.77,218.2,21.98,4.316,874.3,0,0.15578248067163145,Normal,Good,-
M09573,Type_12,59.62,1.67,210.6,12.55,2.379,712.8,0,0.15574499602126923,Normal,Good,-
M06637,Type_14,67.36,1.14,219.7,12.74,2.519,406.6,0,0.15573903173391035,Normal,Good,-
M06418,Type_18,55.33,0.59,223.9,14.6,2.942,360.8,0,0.15573376211827455,Normal,Good,-
M08832,Type_17,63.09,2.49,223.5,13.52,2.72,687.8,0,0.15572821833915118,Normal,Good,-
M08215,Type_18,66.99,1.04,221.0,11.99,2.385,872.5,0,0.1557115852162456,Normal,Good,-
M00277,Type_14,64.18,2.5,219.6,14.6,2.886,350.8,0,0.15570470292237604,Normal,Good,-
M09963,Type_19,53.16,2.78,213.8,20.19,3.885,759.8,0,0.15570046046307023,Normal,Good,-
M04211,Type_24,72.62,2.59,222.7,11.74,2.353,242.5,0,0.15569818805189453,Normal,Good,-
M09314,Type_19,63.63,3.96,217.7,14.31,2.804,667.6,0,0.15569744500542482,Normal,Good,-
M03482,Type_12,52.46,2.21,217.3,12.02,2.351,908.1,0,0.15569497168037555,Normal,Good,-
M07966,Type_12,66.04,2.91,210.7,11.37,2.156,502.7,0,0.1556901400546297,Normal,Good,-
M02002,Type_04,66.09,1.28,215.5,14.29,2.772,860.1,0,0.1556896815714343,Normal,Good,-
M06355,Type_11,64.09,1.58,222.7,14.31,2.868,744.9,0,0.1556784748486841,Normal,Good,-
M02340,Type_18,47.72,1.68,229.5,16.07,3.319,211.2,0,0.1556731113402678,Normal,Good,-
M04838,Type_18,64.32,3.34,217.8,18.36,3.599,71.3,0,0.1556649061193659,Normal,Good,-
M07103,Type_06,61.3,0.12,219.1,20.76,4.094,421.4,0,0.1556608604790295,Normal,Good,-
M06392,Type_16,72.77,1.38,212.6,23.19,4.437,590.2,0,0.1556574132370079,Normal,Good,-
M01230,Type_10,65.4,0.1,219.1,13.66,2.694,175.3,0,0.15564747700850087,Normal,Good,-
M00842,Type_08,78.97,2.14,214.5,15.25,2.944,692.9,0,0.15564028892763354,Normal,Good,-
M02142,Type_02,67.02,2.65,214.0,18.05,3.476,413.2,0,0.15563929763041226,Normal,Good,-
M09740,Type_04,66.33,1.4,218.7,15.45,3.041,529.7,0,0.15562281268587685,Normal,Good,-
M00455,Type_14,67.16,1.84,215.5,13.32,2.583,624.5,0,0.1556160033275547,Normal,Good,-
M06921,Type_21,57.03,3.39,220.4,19.01,3.771,378.5,0,0.15559845357122845,Normal,Good,-
M07986,Type_08,70.07,1.76,213.4,15.25,2.929,793.5,0,0.15559045412680805,Normal,Good,-
M03596,Type_15,70.88,1.88,212.5,13.94,2.666,818.3,0,0.15558880200113354,Normal,Good,-
M04746,Type_04,66.78,2.54,221.8,15.39,3.072,734.7,0,0.15557722866182924,Normal,Good,-
M04874,Type_19,55.27,2.51,226.3,15.74,3.206,599.4,0,0.15556863706029675,Normal,Good,-
M01378,Type_21,72.12,2.41,225.1,15.2,3.079,756.8,0,0.15556703236684702,Normal,Good,-
M04809,Type_24,73.77,0.99,210.8,17.41,3.303,505.6,0,0.15554472593460644,Normal,Good,-
M08690,Type_15,72.92,2.9,220.8,20.63,4.1,448.6,0,0.15554218570291667,Normal,Good,-
M09479,Type_11,53.18,2.46,223.9,11.22,2.261,875.6,0,0.15553890694371172,Normal,Good,-
M06599,Type_12,61.78,3.21,220.1,12.74,2.524,602.5,0,0.15553105699016193,Normal,Good,-
M06763,Type_12,65.5,3.21,218.6,12.7,2.499,517.3,0,0.15553105699016193,Normal,Good,-
M07205,Type_24,48.35,2.01,219.3,13.93,2.749,576.7,0,0.15552420365953487,Normal,Good,-
M03445,Type_09,70.21,0.82,211.4,21.9,4.167,962.9,0,0.1555235924909202,Normal,Good,-
M04484,Type_18,58.57,1.6,221.0,10.99,2.186,64.1,0,0.15551248917255994,Normal,Good,-
M00569,Type_03,48.26,1.63,218.2,14.21,2.791,691.7,0,0.15551156153532975,Normal,Good,-
M09237,Type_21,74.08,0.46,221.8,12.51,2.497,685.2,0,0.15551008577869335,Normal,Good,-
M08733,Type_12,70.59,1.27,220.3,12.96,2.57,891.3,0,0.15550013332442134,Normal,Good,-
M07489,Type_22,68.94,2.84,214.9,23.69,4.582,891.0,0,0.15548204669958846,Normal,Good,-
M00910,Type_18,64.3,3.22,215.6,15.28,2.965,392.3,0,0.15547393934709974,Normal,Good,-
M03421,Type_14,68.02,3.32,215.6,15.39,2.986,477.1,0,0.15547186388973386,Normal,Good,-
M00005,Type_18,57.3,1.3,216.5,13.11,2.554,595.6,0,0.1554701016240293,Normal,Good,-
M07658,Type_18,61.63,1.35,215.9,12.45,2.419,716.0,0,0.1554701016240293,Normal,Good,-
M04183,Type_12,66.27,2.36,219.8,12.31,2.435,537.7,0,0.15546327606668547,Normal,Good,-
M05858,Type_10,65.45,1.94,226.6,13.9,2.835,572.5,0,0.15546171655347604,Normal,Good,-
M04431,Type_19,46.32,1.05,229.9,11.54,2.388,676.1,0,0.15546015126761017,Normal,Good,-
M00710,Type_01,55.05,3.1,223.5,18.38,3.697,715.9,0,0.15545469322142894,Normal,Good,-
M01696,Type_19,68.69,2.44,218.8,17.06,3.359,736.6,0,0.15545137821384755,Normal,Good,-
M05939,Type_10,65.25,0.1,221.9,13.92,2.78,245.3,0,0.15545025592946887,Normal,Good,-
M01615,Type_02,50.67,2.37,220.8,11.9,2.365,115.3,0,0.15544238204141322,Normal,Good,-
M09258,Type_24,56.68,3.39,226.3,14.34,2.921,164.5,0,0.15543452537258917,Normal,Good,-
M05339,Type_14,75.26,2.72,219.6,19.45,3.844,132.2,0,0.1554274849390939,Normal,Good,-
M06802,Type_08,64.32,2.38,225.6,13.73,2.788,792.5,0,0.15542671446367115,Normal,Good,-
M09706,Type_12,52.03,2.81,220.8,11.72,2.329,868.1,0,0.155424402607694,Normal,Good,-
M03611,Type_20,66.31,1.49,227.3,20.17,4.126,922.7,0,0.1554169938385118,Normal,Good,-
M05579,Type_19,58.62,1.85,217.5,11.04,2.161,690.9,0,0.1554078994630179,Normal,Good,-
M00636,Type_11,75.93,1.98,228.2,18.51,3.802,439.0,0,0.15539221406959317,Normal,Good,-
M04699,Type_11,58.06,2.83,227.6,12.18,2.495,553.7,0,0.1553907639212892,Normal,Good,-
M03530,Type_04,53.53,0.44,223.8,11.38,2.292,640.1,0,0.15539020111770893,Normal,Good,-
M03239,Type_02,54.08,2.13,212.6,14.02,2.683,284.2,0,0.15539000865232905,Normal,Good,-
M07641,Type_24,71.9,3.2,223.5,11.63,2.339,974.9,0,0.15538645587111216,Normal,Good,-
M03381,Type_12,78.12,2.29,213.5,11.67,2.242,413.7,0,0.15538443514353084,Normal,Good,-
M05019,Type_16,63.27,3.46,220.6,14.99,2.976,915.9,0,0.15538333216313263,Normal,Good,-
M02360,Type_09,65.69,2.22,227.8,12.98,2.661,378.5,0,0.1553810625427275,Normal,Good,-
M07020,Type_18,67.05,1.83,216.4,13.17,2.565,115.8,0,0.15538014918649173,Normal,Good,-
M04682,Type_18,66.08,1.94,228.5,15.69,3.227,920.7,0,0.1553601737249558,Normal,Good,-
M03616,Type_14,62.28,0.1,221.8,16.53,3.3,772.4,0,0.15535471730546113,Normal,Good,-
M09386,Type_12,56.91,1.12,224.2,17.02,3.434,800.9,0,0.15535379982965883,Normal,Good,-
M06208,Type_13,64.83,0.1,228.0,16.97,3.482,503.1,0,0.15534196560924987,Normal,Good,-
M07865,Type_16,72.67,1.39,215.6,18.07,3.506,176.0,0,0.15533259667701574,Normal,Good,-
M06345,Type_07,53.42,3.52,221.9,16.9,3.375,834.9,0,0.1553314124418347,Normal,Good,-
M05863,Type_19,66.2,2.99,216.0,14.48,2.815,545.5,0,0.15532483320778553,Normal,Good,-
M06031,Type_02,62.72,1.75,224.4,17.7,3.575,950.5,0,0.15531723203854064,Normal,Good,-
M03566,Type_23,56.39,3.15,224.4,16.79,3.391,693.3,0,0.1553159413052746,Normal,Good,-
M04892,Type_14,69.11,0.83,215.5,15.84,3.072,611.4,0,0.15531397483919565,Normal,Good,-
M03214,Type_19,42.75,2.12,212.9,13.07,2.504,819.4,0,0.15530420299188905,Normal,Good,-
M02233,Type_09,71.77,2.16,221.7,19.76,3.943,181.9,0,0.1552976180489274,Normal,Good,-
M01452,Type_11,52.5,1.33,219.4,17.81,3.517,302.1,0,0.15529561859375562,Normal,Good,-
M00560,Type_03,78.03,2.08,217.7,16.96,3.323,918.2,0,0.1552851233900307,Normal,Good,-
M08642,Type_11,49.44,1.88,215.5,12.65,2.453,603.1,0,0.1552768727104839,Normal,Good,-
M03141,Type_19,78.77,2.01,217.3,17.37,3.397,908.7,0,0.15527270718073533,Normal,Good,-
M00219,Type_17,60.29,2.91,225.4,13.93,2.826,641.3,0,0.15526232425776243,Normal,Good,-
M07578,Type_01,67.14,3.16,226.7,16.56,3.379,526.0,0,0.1552550067265246,Normal,Good,-
M08439,Type_08,51.69,3.7,225.7,18.21,3.699,179.6,0,0.1552491913484886,Normal,Good,-
M02625,Type_04,53.43,3.06,217.5,11.12,2.177,643.0,0,0.15524503745930462,Normal,Good,-
M08139,Type_03,56.91,3.3,226.6,15.87,3.237,943.6,0,0.15524502349570654,Normal,Good,-
M04999,Type_12,58.72,1.8,220.9,17.18,3.416,678.0,0,0.15524057966570037,Normal,Good,-
M06281,Type_17,78.24,2.41,220.4,16.22,3.217,870.9,0,0.15523666634454047,Normal,Good,-
M02164,Type_19,51.12,2.44,216.7,13.73,2.678,352.6,0,0.15523560714671564,Normal,Good,-
M06976,Type_11,60.76,1.8,221.8,12.05,2.405,64.4,0,0.15523479656000125,Normal,Good,-
M06117,Type_12,52.44,2.92,227.0,12.8,2.615,899.3,0,0.15523280569891365,Normal,Good,-
M07399,Type_21,61.3,3.35,221.3,19.38,3.86,509.0,0,0.155231017246711,Normal,Good,-
M08220,Type_04,63.13,3.78,225.8,15.23,3.095,305.1,0,0.15522499188763378,Normal,Good,-
M01854,Type_18,53.47,1.6,222.8,13.83,2.773,653.8,0,0.1552239686363773,Normal,Good,-
M08224,Type_18,53.93,2.53,226.6,15.56,3.173,359.5,0,0.1552218115849915,Normal,Good,-
M07130,Type_18,70.59,2.45,223.8,13.84,2.788,336.1,0,0.15521870173901436,Normal,Good,-
M05867,Type_21,65.19,1.72,222.9,16.62,3.334,462.3,0,0.155218365078905,Normal,Good,-
M06787,Type_04,53.85,2.26,215.6,17.86,3.466,342.7,0,0.1552155017402594,Normal,Good,-
M05102,Type_18,63.34,2.73,224.1,11.84,2.388,695.2,0,0.15521088427974866,Normal,Good,-
M01056,Type_10,67.19,0.74,226.1,15.3,3.113,397.8,0,0.15519905770632966,Normal,Good,-
M08736,Type_01,78.01,2.64,225.0,16.78,3.398,709.6,0,0.15519682612595656,Normal,Good,-
M04192,Type_24,59.97,1.05,228.5,11.05,2.272,124.7,0,0.15519238540613872,Normal,Good,-
M07768,Type_04,40.63,0.98,217.6,18.53,3.629,902.8,0,0.15518695984033587,Normal,Good,-
M02757,Type_23,53.25,0.29,225.0,20.27,4.105,776.2,0,0.15518415779009515,Normal,Good,-
M07096,Type_04,62.61,2.64,218.0,13.89,2.725,399.9,0,0.1551673979945253,Normal,Good,-
M09339,Type_19,64.6,3.26,214.9,16.28,3.149,644.3,0,0.15516460504084312,Normal,Good,-
M00681,Type_07,55.63,2.91,217.3,13.51,2.642,932.6,0,0.1551609878188536,Normal,Good,-
M07377,Type_01,46.86,1.45,224.4,18.25,3.686,929.5,0,0.155160038727704,Normal,Good,-
M02315,Type_04,70.64,2.67,219.5,15.2,3.003,479.1,0,0.15515888715177184,Normal,Good,-
M08833,Type_12,66.29,2.63,218.7,11.92,2.346,718.7,0,0.15515646504976446,Normal,Good,-
M02471,Type_13,66.95,3.32,222.8,11.95,2.396,538.2,0,0.15513849463064447,Normal,Good,-
M03275,Type_23,56.88,1.53,219.6,19.39,3.832,507.0,0,0.1551288628677749,Normal,Good,-
M06791,Type_10,70.61,3.79,223.3,21.87,4.395,581.2,0,0.155119419051727,Normal,Good,-
M07632,Type_04,50.02,1.81,229.5,15.82,3.268,342.4,0,0.15511622899292438,Normal,Good,-
M06762,Type_18,59.91,2.13,212.0,12.77,2.437,386.1,0,0.15511148587834322,Normal,Good,-
M05199,Type_14,69.52,2.95,218.7,13.4,2.638,893.0,0,0.15508966457763618,Normal,Good,-
M01240,Type_24,72.85,0.1,217.2,16.35,3.196,436.5,0,0.15508632943104225,Normal,Good,-
M04830,Type_07,70.34,1.66,217.4,13.17,2.577,828.1,0,0.1550782210327686,Normal,Good,-
M09101,Type_04,62.36,3.12,223.1,15.47,3.106,910.5,0,0.1550643157401853,Normal,Good,-
M00687,Type_10,52.32,0.6,228.7,19.33,3.979,220.4,0,0.15505802864706286,Normal,Good,-
M03289,Type_17,61.33,2.22,223.6,15.4,3.099,811.9,0,0.15505699120396885,Normal,Good,-
M04359,Type_03,76.67,0.67,226.0,17.21,3.501,550.3,0,0.15505615649356821,Normal,Good,-
M08675,Type_07,69.47,2.91,218.8,19.08,3.757,305.3,0,0.1550448444606691,Normal,Good,-
M04614,Type_04,62.15,2.25,220.1,16.46,3.261,55.7,0,0.15503245690524822,Normal,Good,-
M01041,Type_15,72.22,4.07,225.7,14.2,2.884,635.7,0,0.1550309532719617,Normal,Good,-
M04951,Type_09,46.27,2.56,216.4,17.52,3.412,68.0,0,0.15502339504469306,Normal,Good,-
M00830,Type_19,51.14,0.1,219.8,14.83,2.934,723.6,0,0.15502280797468024,Normal,Good,-
M06950,Type_18,78.52,1.7,224.8,12.31,2.491,813.7,0,0.15502087400774056,Normal,Good,-
M00295,Type_18,63.57,1.26,217.8,16.87,3.307,900.4,0,0.15501414478019465,Normal,Good,-
M06770,Type_22,54.57,1.52,222.5,20.42,4.089,190.3,0,0.1550134252983108,Normal,Good,-
M03359,Type_04,63.6,2.16,219.1,18.76,3.699,972.2,0,0.15500314389483727,Normal,Good,-
M00442,Type_12,50.34,2.59,222.1,17.68,3.534,472.4,0,0.15499957853189897,Normal,Good,-
M08401,Type_21,50.73,0.1,215.2,12.99,2.516,651.9,0,0.15498919083779517,Normal,Good,-
M02363,Type_24,78.07,3.17,219.3,14.5,2.862,317.1,0,0.1549699738023764,Normal,Good,-
M06020,Type_12,69.57,2.21,220.2,16.96,3.361,159.1,0,0.15496515501720376,Normal,Good,-
M02497,Type_13,73.3,1.76,225.5,11.62,2.358,491.0,0,0.15495400011804164,Normal,Good,-
M00518,Type_14,70.66,3.55,217.3,17.61,3.444,955.0,0,0.15494544759679812,Normal,Good,-
M03507,Type_14,70.05,0.65,219.2,13.93,2.748,835.8,0,0.15494441334794312,Normal,Good,-
M05481,Type_05,72.45,1.74,224.9,20.15,4.079,349.0,0,0.1549335165721155,Normal,Good,-
M00216,Type_08,59.87,1.98,226.9,16.54,3.378,516.2,0,0.15493212025213945,Normal,Good,-
M08612,Type_01,38.28,2.77,211.9,10.74,2.048,209.1,0,0.15492698353519205,Normal,Good,-
M02724,Type_17,66.56,2.79,220.9,14.32,2.847,792.1,0,0.15492379954485855,Normal,Good,-
M05076,Type_11,47.88,2.71,228.5,15.43,3.173,527.2,0,0.15492297892121135,Normal,Good,-
M06403,Type_08,66.04,1.01,222.5,16.05,3.214,792.6,0,0.15491810647512103,Normal,Good,-
M03208,Type_19,58.71,2.65,213.6,12.07,2.32,507.1,0,0.15491795774796954,Normal,Good,-
M02897,Type_04,54.27,1.18,214.2,18.34,3.536,279.7,0,0.15491765722564435,Normal,Good,-
M04325,Type_04,71.98,3.64,227.4,10.81,2.212,590.7,0,0.15491629757990782,Normal,Good,-
M03696,Type_09,62.09,2.59,219.7,12.4,2.452,729.3,0,0.1549151684613387,Normal,Good,-
M06827,Type_04,48.13,1.73,227.2,13.35,2.73,328.3,0,0.15490616634849347,Normal,Good,-
M06831,Type_24,73.23,3.41,221.4,16.02,3.192,513.0,0,0.15490581753825297,Normal,Good,-
M04562,Type_09,57.03,1.69,216.6,15.4,3.002,423.5,0,0.15488510810143108,Normal,Good,-
M06889,Type_23,65.45,2.62,225.0,16.88,3.418,453.4,0,0.15488376112142782,Normal,Good,-
M04588,Type_19,61.54,1.67,219.1,14.72,2.903,453.3,0,0.1548818999986402,Normal,Good,-
M01933,Type_12,66.98,1.15,217.5,13.64,2.67,848.9,0,0.1548805561117931,Normal,Good,-
M02076,Type_18,56.76,2.15,219.3,14.02,2.767,207.3,0,0.1548791676753466,Normal,Good,-
M03015,Type_13,71.36,2.85,222.8,11.94,2.394,540.3,0,0.15486451784383004,Normal,Good,-
M08206,Type_02,64.87,1.97,224.6,18.65,3.77,362.9,0,0.15485753320071285,Normal,Good,-
M09561,Type_24,41.97,0.1,218.6,17.81,3.504,652.5,0,0.15483987652388387,Normal,Good,-
M06448,Type_19,65.99,1.29,218.9,14.2,2.798,661.9,0,0.15483304270249795,Normal,Good,-
M05629,Type_09,61.2,1.46,219.1,13.57,2.676,60.5,0,0.15481366130969726,Normal,Good,-
M04224,Type_02,60.93,2.25,216.9,16.11,3.145,715.9,0,0.15480452741444745,Normal,Good,-
M01841,Type_12,76.59,0.67,220.9,11.83,2.352,631.7,0,0.1548017151886385,Normal,Good,-
M09033,Type_19,54.43,2.91,227.7,14.3,2.93,661.0,0,0.15478901683758195,Normal,Good,-
M02719,Type_16,79.74,2.81,213.5,16.85,3.238,495.2,0,0.15477663694684524,Normal,Good,-
M05009,Type_24,68.22,1.88,226.5,15.68,3.196,884.3,0,0.15477358904814018,Normal,Good,-
M08248,Type_12,78.03,2.51,218.7,13.72,2.701,376.7,0,0.15475945799767432,Normal,Good,-
M01516,Type_14,74.73,0.1,220.0,13.86,2.744,800.4,0,0.15475874440905918,Normal,Good,-
M02546,Type_04,67.3,3.16,222.9,14.91,2.991,813.1,0,0.15475502304518562,Normal,Good,-
M04729,Type_02,59.72,1.1,212.5,14.21,2.718,564.1,0,0.1547488897744675,Normal,Good,-
M09571,Type_01,69.24,3.41,221.0,12.86,2.558,901.4,0,0.15474872093438674,Normal,Good,-
M06580,Type_14,57.31,2.3,217.3,14.48,2.832,487.6,0,0.15474325296990182,Normal,Good,-
M03711,Type_09,57.39,0.59,226.4,19.35,3.943,683.1,0,0.15473630640811237,Normal,Good,-
M03228,Type_09,63.22,1.34,216.9,13.4,2.616,598.8,0,0.1547218643032107,Normal,Good,-
M04848,Type_10,65.14,2.27,229.6,16.73,3.457,418.6,0,0.15471830513528004,Normal,Good,-
M07189,Type_14,58.34,2.43,221.6,16.08,3.207,727.2,0,0.15471671421128574,Normal,Good,-
M07650,Type_03,66.22,1.36,221.8,14.85,2.964,481.6,0,0.15471669514347877,Normal,Good,-
M08205,Type_09,64.2,2.29,227.6,18.9,3.871,495.6,0,0.15470749959449473,Normal,Good,-
M08491,Type_09,64.5,2.27,221.9,19.5,3.894,820.4,0,0.15470749959449473,Normal,Good,-
M05561,Type_16,63.69,1.91,218.9,9.83,1.937,652.3,0,0.15469925778467236,Normal,Good,-
M03840,Type_22,62.18,2.09,227.1,15.32,3.131,392.7,0,0.15468815606074737,Normal,Good,-
M05144,Type_04,61.15,1.69,217.0,11.16,2.18,192.9,0,0.1546822307586574,Normal,Good,-
M02116,Type_12,59.81,2.87,215.7,11.76,2.283,531.1,0,0.1546760659724331,Normal,Good,-
M09109,Type_08,58.98,3.18,217.5,13.54,2.65,914.9,0,0.154669963447334,Normal,Good,-
M04514,Type_09,78.98,1.7,226.2,17.49,3.561,83.1,0,0.15464365951531345,Normal,Good,-
M08115,Type_03,75.56,2.92,222.8,14.46,2.9,914.2,0,0.15464295884253065,Normal,Good,-
M05974,Type_12,74.71,1.23,222.4,12.7,2.542,784.5,0,0.15464263212417073,Normal,Good,-
M04636,Type_03,71.35,1.94,210.1,14.63,2.766,326.7,0,0.15464233384916412,Normal,Good,-
M06777,Type_11,66.28,1.18,219.6,17.59,3.476,133.9,0,0.15462845364326294,Normal,Good,-
M08939,Type_19,46.72,1.59,222.3,16.66,3.333,838.7,0,0.15462520602897367,Normal,Good,-
M03132,Type_08,65.7,0.85,221.6,18.52,3.694,458.0,0,0.15462259706466047,Normal,Good,-
M07682,Type_19,61.11,3.7,224.5,10.06,2.033,484.5,0,0.15460792038934495,Normal,Good,-
M07458,Type_14,43.81,1.96,222.6,13.52,2.709,593.0,0,0.15460044294202804,Normal,Good,-
M02088,Type_17,62.62,2.07,223.0,13.3,2.669,238.5,0,0.15459913563559702,Normal,Good,-
M05007,Type_24,68.09,1.75,223.9,18.07,3.641,387.9,0,0.15459764973797024,Normal,Good,-
M04503,Type_09,72.97,3.89,219.4,12.03,2.375,565.2,0,0.1545970073048749,Normal,Good,-
M03682,Type_17,65.66,3.03,218.0,15.56,3.053,563.3,0,0.1545910971225801,Normal,Good,-
M05926,Type_17,59.55,2.61,221.8,15.5,3.094,693.3,0,0.1545910971225801,Normal,Good,-
M05381,Type_18,61.81,3.0,214.3,14.52,2.8,320.0,0,0.15458998243039745,Normal,Good,-
M03276,Type_08,69.98,2.21,224.7,13.01,2.631,100.3,0,0.15458730059903464,Normal,Good,-
M09340,Type_02,57.45,1.99,224.3,11.35,2.291,84.7,0,0.1545848836651892,Normal,Good,-
M06424,Type_11,52.87,3.8,221.0,10.41,2.071,809.1,0,0.1545844951728099,Normal,Good,-
M01449,Type_13,41.1,2.57,223.0,9.93,1.993,686.9,0,0.15457559484432973,Normal,Good,-
M07500,Type_20,60.21,1.67,230.0,17.52,3.627,342.7,0,0.1545701805334122,Normal,Good,-
M04439,Type_12,66.02,1.1,215.5,11.93,2.314,695.5,0,0.15455924009892952,Normal,Good,-
M06736,Type_07,59.15,1.65,209.8,15.07,2.846,549.4,0,0.1545278935569931,Normal,Good,-
M01110,Type_03,47.31,0.67,225.3,17.38,3.524,658.9,0,0.15452293166565903,Normal,Good,-
M07861,Type_12,79.16,1.61,212.4,12.71,2.43,764.7,0,0.1545216489990497,Normal,Good,-
M07282,Type_18,54.36,1.4,218.2,14.87,2.92,448.5,0,0.15451976492712935,Normal,Good,-
M01912,Type_12,64.26,2.67,218.7,13.05,2.569,869.2,0,0.15451698290796534,Normal,Good,-
M02911,Type_12,58.94,2.63,218.5,13.2,2.596,382.5,0,0.15451698290796534,Normal,Good,-
M01370,Type_01,66.03,1.53,222.2,17.8,3.56,905.6,0,0.15451598553014936,Normal,Good,-
M08374,Type_18,72.94,3.04,223.4,13.16,2.646,338.6,0,0.1545103139634968,Normal,Good,-
M08134,Type_12,63.43,3.63,221.1,15.65,3.114,90.9,0,0.15448858692352915,Normal,Good,-
M02638,Type_02,74.29,2.7,213.9,18.17,3.498,580.7,0,0.15447901315582643,Normal,Good,-
M04776,Type_04,55.63,2.14,216.0,16.48,3.204,208.5,0,0.15447546384285857,Normal,Good,-
M07651,Type_12,68.95,1.82,226.6,11.28,2.3,157.5,0,0.1544679064715541,Normal,Good,-
M00558,Type_14,66.53,2.59,225.4,15.51,3.146,747.0,0,0.15445778980753724,Normal,Good,-
M01435,Type_14,66.93,2.58,219.0,15.52,3.059,669.3,0,0.15445778980753724,Normal,Good,-
M08085,Type_18,54.16,2.16,220.3,12.7,2.518,422.8,0,0.1544517131855373,Normal,Good,-
M03734,Type_09,59.19,2.67,215.8,20.02,3.888,203.5,0,0.15443931733242955,Normal,Good,-
M02060,Type_09,63.4,0.85,218.6,11.97,2.355,702.7,0,0.15443644482415697,Normal,Good,-
M07230,Type_03,56.17,0.68,222.1,16.74,3.346,673.6,0,0.1544363267750507,Normal,Good,-
M03884,Type_20,57.6,2.23,220.0,11.4,2.257,980.0,0,0.15443256543117562,Normal,Good,-
M09034,Type_14,60.75,3.29,222.6,13.93,2.791,640.6,0,0.15443106383165198,Normal,Good,-
M08538,Type_01,63.34,0.25,218.6,12.49,2.457,706.1,0,0.154430327417023,Normal,Good,-
M02395,Type_18,50.04,1.16,217.5,13.4,2.623,113.0,0,0.15442899938421742,Normal,Good,-
M00557,Type_18,68.03,0.57,223.1,17.74,3.562,565.6,0,0.15442897971121755,Normal,Good,-
M06379,Type_07,69.84,0.1,221.9,11.59,2.315,348.7,0,0.1544180901895941,Normal,Good,-
M01650,Type_03,57.51,1.71,225.7,11.67,2.371,497.1,0,0.15441450696078085,Normal,Good,-
M09464,Type_12,66.77,1.85,223.5,14.4,2.897,789.8,0,0.15441378717763488,Normal,Good,-
M00189,Type_09,49.8,3.46,213.0,12.13,2.325,220.0,0,0.1544044406778154,Normal,Good,-
M00059,Type_12,65.8,0.58,220.5,13.47,2.673,709.5,0,0.15440015703446175,Normal,Good,-
M01747,Type_12,65.56,0.71,222.5,13.08,2.619,883.7,0,0.15440015703446175,Normal,Good,-
M08901,Type_12,66.06,0.96,223.2,13.09,2.63,783.7,0,0.15440015703446175,Normal,Good,-
M01929,Type_12,68.12,3.07,222.7,14.72,2.95,232.5,0,0.15439744740347996,Normal,Good,-
M02314,Type_18,52.87,2.08,223.3,18.43,3.704,70.5,0,0.15439540072979116,Normal,Good,-
M02249,Type_08,55.85,2.03,211.4,14.18,2.698,409.8,0,0.15439168040682746,Normal,Good,-
M05296,Type_12,75.47,3.18,224.4,12.59,2.543,876.7,0,0.15439138922272805,Normal,Good,-
M01182,Type_09,70.59,1.21,220.4,16.98,3.368,279.0,0,0.1543658106561806,Normal,Good,-
M01661,Type_07,62.09,2.47,218.3,19.9,3.91,712.0,0,0.1543454841723277,Normal,Good,-
M07780,Type_19,77.59,0.86,212.2,10.58,2.021,798.9,0,0.15433667547340219,Normal,Good,-
M06147,Type_01,61.77,3.84,213.9,19.12,3.681,366.3,0,0.154331491943008,Normal,Good,-
M03824,Type_18,70.03,1.59,214.2,14.18,2.734,133.5,0,0.154322432127578,Normal,Good,-
M05110,Type_21,68.54,0.29,228.1,14.64,3.005,721.1,0,0.1543128009276381,Normal,Good,-
M00215,Type_12,64.98,1.46,214.7,13.32,2.574,579.1,0,0.15430675575054165,Normal,Good,-
M01717,Type_12,59.65,1.41,217.5,12.88,2.521,533.6,0,0.15430675575054165,Normal,Good,-
M06257,Type_07,70.14,3.02,214.4,11.06,2.134,387.1,0,0.15430010287357251,Normal,Good,-
M03877,Type_11,55.53,1.17,212.5,17.95,3.433,840.0,0,0.1542999780112171,Normal,Good,-
M09956,Type_09,78.19,3.67,215.7,12.56,2.438,76.0,0,0.15428431869932324,Normal,Good,-
M00174,Type_09,60.54,0.1,221.8,16.07,3.208,613.2,0,0.15428172741540738,Normal,Good,-
M06897,Type_18,66.88,0.51,221.4,15.63,3.114,815.1,0,0.15427972799427825,Normal,Good,-
M04271,Type_11,58.39,2.32,217.5,15.22,2.979,74.1,0,0.1542761760010515,Normal,Good,-
M08466,Type_12,69.57,3.32,222.7,18.3,3.668,835.6,0,0.15426938025088455,Normal,Good,-
M05731,Type_17,73.12,0.27,219.1,15.25,3.007,700.4,0,0.15426227321871533,Normal,Good,-
M03804,Type_24,77.07,1.69,215.0,16.27,3.148,439.0,0,0.15425333679973086,Normal,Good,-
M03748,Type_03,66.59,1.72,219.8,19.07,3.772,82.9,0,0.15424963588433976,Normal,Good,-
M08278,Type_11,68.92,1.52,223.7,17.7,3.564,591.2,0,0.15424787509370821,Normal,Good,-
M04456,Type_17,67.24,1.9,222.9,13.98,2.805,307.1,0,0.15424602239624405,Normal,Good,-
M06664,Type_12,59.25,3.14,229.4,11.44,2.362,287.6,0,0.15424492917469562,Normal,Good,-
M01084,Type_07,75.92,1.52,227.3,9.9,2.025,740.7,0,0.15423783549030015,Normal,Good,-
M09459,Type_04,70.16,1.15,216.2,10.02,1.95,866.8,0,0.1542300473743938,Normal,Good,-
M02823,Type_09,73.85,3.37,215.8,13.61,2.643,836.1,0,0.1542243955072356,Normal,Good,-
M09725,Type_04,53.17,2.23,210.9,14.65,2.781,463.4,0,0.15421498760884092,Normal,Good,-
M05599,Type_11,62.45,1.74,215.1,18.18,3.519,909.6,0,0.1542109785635618,Normal,Good,-
M09141,Type_12,69.69,2.26,217.8,13.91,2.727,844.8,0,0.1542092371954449,Normal,Good,-
M09585,Type_04,67.07,2.49,221.7,15.06,3.005,393.0,0,0.15420684304437782,Normal,Good,-
M00655,Type_09,67.85,1.76,225.6,15.1,3.066,586.3,0,0.15420493374846514,Normal,Good,-
M02555,Type_23,67.81,4.01,220.3,18.85,3.737,501.6,0,0.15418649339421622,Normal,Good,-
M05801,Type_11,70.43,2.55,223.8,18.45,3.716,590.3,0,0.15418373919557246,Normal,Good,-
M06250,Type_13,71.96,1.81,216.8,15.08,2.942,411.5,0,0.15418251521708393,Normal,Good,-
M04247,Type_19,75.72,2.39,214.3,18.74,3.614,773.0,0,0.15418227260917264,Normal,Good,-
M02400,Type_01,67.15,0.95,225.7,17.0,3.453,398.3,0,0.1541778331563758,Normal,Good,-
M06672,Type_19,65.32,0.19,218.3,18.36,3.607,386.7,0,0.15417414775369478,Normal,Good,-
M04584,Type_04,59.63,1.04,217.8,16.95,3.323,689.3,0,0.15417168014449176,Normal,Good,-
M01427,Type_22,54.94,2.58,209.8,16.55,3.125,632.1,0,0.15417147532738226,Normal,Good,-
M01232,Type_04,60.76,2.32,216.0,14.91,2.899,311.8,0,0.15416921853323873,Normal,Good,-
M02784,Type_12,53.99,1.68,220.9,13.07,2.598,342.9,0,0.1541688899747971,Normal,Good,-
M08605,Type_14,70.38,1.16,213.6,15.61,3.001,237.6,0,0.1541658659283267,Normal,Good,-
M08484,Type_09,74.8,2.09,217.4,13.82,2.704,737.8,0,0.1541646152190806,Normal,Good,-
M02640,Type_04,62.52,0.18,221.1,13.81,2.748,865.3,0,0.15414935346522782,Normal,Good,-
M07227,Type_18,62.9,3.15,222.4,11.6,2.322,348.1,0,0.15414881896256116,Normal,Good,-
M06543,Type_04,70.3,1.81,229.0,12.44,2.564,157.3,0,0.1541462961233661,Normal,Good,-
M05153,Type_11,51.69,1.99,217.8,11.53,2.26,650.3,0,0.1541426030440215,Normal,Good,-
M01684,Type_17,72.22,2.15,212.7,16.75,3.206,311.9,0,0.15414161877142826,Normal,Good,-
M06002,Type_04,62.76,0.56,221.6,16.29,3.249,640.0,0,0.15413619637451276,Normal,Good,-
M05552,Type_17,62.83,1.18,229.0,12.46,2.568,316.2,0,0.1541314461225042,Normal,Good,-
M01046,Type_04,60.46,2.62,214.6,14.58,2.816,909.5,0,0.15412081006801612,Normal,Good,-
M08370,Type_24,72.13,3.15,226.5,16.56,3.376,125.2,0,0.154117722801879,Normal,Good,-
M01655,Type_17,73.46,1.44,219.8,11.29,2.233,647.4,0,0.15411402326494458,Normal,Good,-
M02466,Type_09,69.62,1.34,213.3,19.21,3.688,791.5,0,0.1541071605452707,Normal,Good,-
M06027,Type_18,67.53,2.11,216.1,13.15,2.558,103.3,0,0.15409661672920005,Normal,Good,-
M09071,Type_01,74.28,1.9,216.4,20.52,3.996,147.8,0,0.154088467149659,Normal,Good,-
M07751,Type_22,56.29,1.85,214.3,10.03,1.934,624.8,0,0.15408744048792009,Normal,Good,-
M09587,Type_12,64.83,3.17,214.1,13.63,2.626,323.0,0,0.15408584611022785,Normal,Good,-
M08016,Type_03,55.1,2.08,227.5,15.86,3.247,885.1,0,0.15408577486497724,Normal,Good,-
M01715,Type_14,74.47,0.96,227.3,13.57,2.776,443.4,0,0.1540620073985934,Normal,Good,-
M09348,Type_09,50.01,0.1,214.2,14.19,2.736,215.4,0,0.15405648563374438,Normal,Good,-
M06261,Type_09,64.69,2.44,215.7,15.25,2.96,748.2,0,0.15405577655626876,Normal,Good,-
M08404,Type_17,64.95,2.28,216.2,14.51,2.823,703.2,0,0.15404892540985826,Normal,Good,-
M05636,Type_18,65.6,2.27,224.8,12.5,2.529,810.1,0,0.15404109674690036,Normal,Good,-
M00058,Type_12,71.45,3.26,214.7,11.41,2.205,209.1,0,0.1540328677548635,Normal,Good,-
M08000,Type_02,62.44,2.86,223.8,12.08,2.433,176.1,0,0.1540278193456577,Normal,Good,-
M05842,Type_17,65.73,2.85,214.2,14.91,2.874,457.7,0,0.15402175468036414,Normal,Good,-
M07714,Type_17,65.79,3.09,220.2,14.75,2.923,626.8,0,0.15402175468036414,Normal,Good,-
M06808,Type_08,68.71,0.1,218.2,18.91,3.714,635.6,0,0.1540192517448352,Normal,Good,-
M05862,Type_01,80.25,2.55,220.9,16.7,3.32,777.4,0,0.1540066922731195,Normal,Good,-
M08435,Type_08,63.96,3.4,223.2,11.58,2.326,470.5,0,0.1540048861435395,Normal,Good,-
M00575,Type_24,65.02,3.49,221.1,16.27,3.238,327.4,0,0.1539871623357211,Normal,Good,-
M01898,Type_14,65.85,2.57,228.6,15.49,3.187,494.8,0,0.1539773907302059,Normal,Good,-
M02338,Type_11,72.66,1.24,223.2,16.38,3.29,730.4,0,0.15397464292072124,Normal,Good,-
M04288,Type_09,76.27,0.62,228.3,16.87,3.466,642.2,0,0.1539686247912393,Normal,Good,-
M04700,Type_08,65.54,0.1,215.9,20.09,3.904,176.6,0,0.15396808955061428,Normal,Good,-
M03591,Type_18,61.55,1.12,224.9,12.69,2.569,765.0,0,0.15395825381003442,Normal,Good,-
M00185,Type_14,69.54,1.86,214.6,15.43,2.98,799.3,0,0.15395733664242145,Normal,Good,-
M08426,Type_18,75.45,1.13,230.0,13.55,2.805,299.1,0,0.153951800263722,Normal,Good,-
M08879,Type_18,64.07,1.91,224.8,17.14,3.468,325.1,0,0.15393675928841768,Normal,Good,-
M03454,Type_22,44.85,2.38,221.8,15.55,3.104,619.8,0,0.1539366236319354,Normal,Good,-
M02575,Type_04,63.46,2.08,223.5,12.14,2.442,227.8,0,0.15392408858591777,Normal,Good,-
M07076,Type_08,78.78,2.56,223.7,19.33,3.892,832.9,0,0.15389038627601814,Normal,Good,-
M00352,Type_17,51.82,2.38,218.6,13.98,2.75,590.0,0,0.15387975770391235,Normal,Good,-
M04504,Type_09,71.11,4.07,214.0,16.87,3.249,842.9,0,0.15387940385691232,Normal,Good,-
M01581,Type_18,74.18,1.02,214.2,11.37,2.192,71.2,0,0.15387742588120698,Normal,Good,-
M07248,Type_08,42.93,0.86,220.9,18.8,3.738,322.7,0,0.15387192637821123,Normal,Good,-
M04409,Type_07,73.96,1.36,229.6,12.86,2.657,704.0,0,0.15387188477455407,Normal,Good,-
M00301,Type_01,71.03,1.48,224.8,16.99,3.437,916.1,0,0.15386923733854746,Normal,Good,-
M03896,Type_08,76.77,1.45,222.6,12.73,2.55,375.7,0,0.15386693810517818,Normal,Good,-
M01465,Type_08,72.44,0.1,224.1,13.43,2.709,852.6,0,0.15386472278530514,Normal,Good,-
M00199,Type_11,64.44,0.96,216.5,12.02,2.342,817.6,0,0.1538579938574915,Normal,Good,-
M06885,Type_01,61.3,1.65,213.1,14.61,2.802,210.2,0,0.15385687267469644,Normal,Good,-
M06449,Type_22,63.68,2.19,212.4,15.22,2.909,666.5,0,0.1538565991396685,Normal,Good,-
M03816,Type_14,77.11,3.04,225.2,15.84,3.21,444.9,0,0.15385179704496862,Normal,Good,-
M05216,Type_14,75.28,0.61,221.9,14.16,2.828,582.9,0,0.15384710772044674,Normal,Good,-
M07426,Type_05,66.71,2.02,226.4,20.04,4.083,409.9,0,0.1538433682715046,Normal,Good,-
M05141,Type_14,59.39,1.81,224.9,18.16,3.676,103.5,0,0.15383772026835363,Normal,Good,-
M05560,Type_14,67.88,1.17,220.5,15.62,3.1,596.5,0,0.15383250424888806,Normal,Good,-
M03864,Type_12,52.36,1.78,222.7,13.69,2.744,542.5,0,0.15382135559650675,Normal,Good,-
M07947,Type_19,56.98,3.23,222.2,15.22,3.044,52.3,0,0.15382061249808862,Normal,Good,-
M06203,Type_09,64.98,2.08,220.6,13.08,2.597,296.6,0,0.1538187388929096,Normal,Good,-
M07285,Type_18,55.78,1.02,225.2,13.9,2.817,139.0,0,0.15381603724644835,Normal,Good,-
M07955,Type_12,62.1,1.43,218.1,17.41,3.417,882.0,0,0.15380233939497281,Normal,Good,-
M07373,Type_21,68.41,2.08,220.8,17.33,3.444,670.8,0,0.1537771271977142,Normal,Good,-
M06724,Type_13,70.26,1.81,223.3,13.3,2.673,917.0,0,0.1537614787619806,Normal,Good,-
M01953,Type_11,58.31,0.1,225.5,15.33,3.111,448.1,0,0.15375906479602988,Normal,Good,-
M05291,Type_19,65.99,3.29,221.8,18.43,3.679,763.8,0,0.15375286683190548,Normal,Good,-
M05289,Type_08,73.69,1.18,221.8,16.9,3.374,399.5,0,0.15375276032687224,Normal,Good,-
M01218,Type_18,53.64,1.14,221.9,13.77,2.75,760.6,0,0.153752108982646,Normal,Good,-
M00273,Type_01,80.22,2.42,214.5,14.13,2.728,546.0,0,0.15374608252974484,Normal,Good,-
M00356,Type_16,80.37,2.46,216.4,15.47,3.013,674.7,0,0.1537440529711157,Normal,Good,-
M00802,Type_12,70.02,2.7,223.9,13.53,2.726,536.7,0,0.15374334311405613,Normal,Good,-
M05684,Type_07,54.86,3.54,215.0,15.67,3.032,840.6,0,0.15374139302092973,Normal,Good,-
M04741,Type_14,51.85,1.94,217.7,15.58,3.053,475.1,0,0.15374053039921867,Normal,Good,-
M05369,Type_12,65.1,2.94,221.8,14.54,2.902,354.3,0,0.15373766373012054,Normal,Good,-
M00496,Type_21,54.75,0.1,224.9,16.05,3.249,823.4,0,0.15373542074382152,Normal,Good,-
M00470,Type_04,63.58,2.43,217.2,15.26,2.983,361.0,0,0.15372644396704646,Normal,Good,-
M07407,Type_24,53.96,3.24,227.6,10.54,2.159,462.8,0,0.15372100912132608,Normal,Good,-
M01320,Type_08,67.0,1.59,219.8,18.9,3.739,158.9,0,0.15370355864644972,Normal,Good,-
M09138,Type_18,67.36,1.11,229.8,10.71,2.215,307.5,0,0.15369993212626207,Normal,Good,-
M05545,Type_03,75.24,1.95,218.2,12.36,2.427,430.4,0,0.15369505989960086,Normal,Good,-
M09739,Type_01,67.4,0.95,226.3,20.87,4.251,124.2,0,0.15369035601881478,Normal,Good,-
M03168,Type_12,65.5,3.15,216.1,18.28,3.555,481.5,0,0.15368965344038846,Normal,Good,-
M09311,Type_12,64.07,3.07,224.1,17.19,3.467,853.3,0,0.15368965344038846,Normal,Good,-
M00197,Type_07,74.07,1.79,227.6,18.15,3.718,819.2,0,0.15367986533295053,Normal,Good,-
M08504,Type_12,74.95,1.93,227.4,18.33,3.751,635.9,0,0.15367219070471327,Normal,Good,-
M02770,Type_19,75.76,1.48,217.7,19.11,3.744,299.0,0,0.1536573853199226,Normal,Good,-
M05770,Type_09,59.51,2.9,224.6,18.48,3.736,572.7,0,0.15365689236394045,Normal,Good,-
M08512,Type_24,70.3,0.18,214.9,16.33,3.158,566.5,0,0.1536493487856535,Normal,Good,-
M04500,Type_02,73.25,1.96,223.2,14.13,2.838,673.5,0,0.1536400175816436,Normal,Good,-
M04545,Type_23,63.28,1.37,227.0,18.09,3.696,149.3,0,0.153628395326351,Normal,Good,-
M03912,Type_12,66.6,2.06,218.8,17.49,3.444,450.5,0,0.153621872516912,Normal,Good,-
M01478,Type_06,51.87,1.01,219.5,12.56,2.481,360.3,0,0.15361021600612476,Normal,Good,-
M07584,Type_04,52.05,1.0,211.2,12.9,2.452,431.3,0,0.153607309560313,Normal,Good,-
M02614,Type_11,52.99,1.46,225.4,14.98,3.039,65.7,0,0.15360380270058765,Normal,Good,-
M01658,Type_02,57.18,2.23,223.3,12.36,2.484,321.8,0,0.15360247142086192,Normal,Good,-
M00079,Type_19,55.21,2.73,220.0,11.03,2.184,683.1,0,0.1535979924513642,Normal,Good,-
M00923,Type_09,65.57,1.85,221.6,17.69,3.528,157.2,0,0.15358800612351028,Normal,Good,-
M06858,Type_09,65.35,3.41,219.8,15.72,3.11,777.8,0,0.15357864822823689,Normal,Good,-
M08155,Type_08,75.14,1.9,225.4,12.93,2.623,443.6,0,0.15357533533475962,Normal,Good,-
M05703,Type_14,68.33,2.26,221.7,15.06,3.005,882.7,0,0.15357266527597208,Normal,Good,-
M02282,Type_14,58.26,1.42,224.3,16.12,3.254,325.9,0,0.15357085541927268,Normal,Good,-
M06594,Type_18,58.66,2.38,226.2,16.85,3.43,836.0,0,0.15357013427718233,Normal,Good,-
M07366,Type_08,68.0,1.37,221.5,11.29,2.251,517.8,0,0.1535520323295086,Normal,Good,-
M06191,Type_12,63.06,0.78,214.4,19.81,3.823,285.9,0,0.1535520092257529,Normal,Good,-
M02073,Type_21,57.42,2.75,228.1,13.87,2.847,934.2,0,0.15354500637118737,Normal,Good,-
M02198,Type_04,69.78,2.47,222.9,11.53,2.313,178.1,0,0.15354326015591876,Normal,Good,-
M01513,Type_21,70.72,0.58,219.6,19.59,3.872,586.2,0,0.1535417416095829,Normal,Good,-
M02152,Type_03,67.63,1.62,229.0,15.48,3.19,280.1,0,0.1535399054479653,Normal,Good,-
M02604,Type_03,69.21,3.57,225.1,16.33,3.308,749.1,0,0.1535383971700873,Normal,Good,-
M06806,Type_11,67.48,2.07,214.5,11.36,2.193,736.7,0,0.15353653886901886,Normal,Good,-
M02025,Type_18,56.14,1.72,215.5,12.75,2.473,214.5,0,0.15353386746129266,Normal,Good,-
M06038,Type_09,58.77,1.93,224.7,19.45,3.933,469.8,0,0.15352680765385113,Normal,Good,-
M06951,Type_18,51.29,2.64,226.9,13.34,2.724,133.8,0,0.15352664656452236,Normal,Good,-
M00240,Type_19,56.53,0.9,215.6,16.95,3.289,444.9,0,0.15352583274664444,Normal,Good,-
M08554,Type_12,68.5,2.52,223.9,12.28,2.475,138.7,0,0.15351836718742032,Normal,Good,-
M03463,Type_12,71.52,2.5,212.3,16.83,3.216,796.8,0,0.1535110083740919,Normal,Good,-
M06833,Type_04,68.01,2.37,221.1,15.22,3.029,104.2,0,0.1535032033790117,Normal,Good,-
M05835,Type_09,58.33,2.8,218.6,18.91,3.72,96.9,0,0.15349801776594274,Normal,Good,-
M07888,Type_19,55.14,2.19,215.0,16.09,3.113,882.8,0,0.15349399060114496,Normal,Good,-
M01656,Type_19,70.86,1.63,217.5,13.3,2.603,754.9,0,0.1534897937877204,Normal,Good,-
M00584,Type_22,78.72,3.31,222.1,20.96,4.19,432.2,0,0.1534882194495761,Normal,Good,-
M00626,Type_19,78.96,1.19,218.1,15.25,2.993,719.8,0,0.15348548709321214,Normal,Good,-
M09961,Type_18,52.41,3.03,216.5,19.24,3.749,910.6,0,0.15347207808170307,Normal,Good,-
M01252,Type_12,48.43,2.79,214.3,17.06,3.29,809.1,0,0.15347077620029606,Normal,Good,-
M02616,Type_14,75.82,2.85,219.9,14.17,2.804,308.1,0,0.15346923750821734,Normal,Good,-
M01196,Type_07,61.75,1.7,227.0,16.57,3.385,925.0,0,0.15346858728403748,Normal,Good,-
M08978,Type_12,57.34,3.36,223.1,15.66,3.144,260.7,0,0.15345331223102296,Normal,Good,-
M09563,Type_12,72.62,3.21,217.7,13.16,2.578,326.4,0,0.15345036323577788,Normal,Good,-
M01786,Type_15,79.25,1.35,228.1,20.02,4.11,202.0,0,0.15344941942159904,Normal,Good,-
M08614,Type_09,58.88,1.02,217.4,13.69,2.679,496.3,0,0.15344500646799258,Normal,Good,-
M09730,Type_23,63.7,1.33,214.6,20.77,4.012,926.4,0,0.1534437385387899,Normal,Good,-
M09861,Type_09,57.66,1.97,221.6,12.91,2.575,622.9,0,0.1534404788719399,Normal,Good,-
M06749,Type_18,70.49,1.22,221.7,11.05,2.205,177.3,0,0.15343761031277217,Normal,Good,-
M01674,Type_14,59.52,3.12,227.0,12.36,2.525,647.4,0,0.15342571973490216,Normal,Good,-
M00887,Type_12,52.88,2.74,222.8,17.56,3.521,584.8,0,0.15342391599345276,Normal,Good,-
M09045,Type_17,70.33,3.2,221.6,13.06,2.605,280.5,0,0.15342129470120155,Normal,Good,-
M00791,Type_04,66.79,2.05,217.7,15.18,2.974,891.6,0,0.15340848206822325,Normal,Good,-
M03654,Type_25,55.95,1.47,216.9,21.81,4.258,94.6,0,0.1534014374221985,Normal,Good,-
M01522,Type_01,56.57,2.48,217.3,12.74,2.492,968.2,0,0.1533887058563361,Normal,Good,-
M07008,Type_23,71.38,1.36,217.0,15.09,2.947,369.8,0,0.15338403499411593,Normal,Good,-
M04086,Type_24,61.43,1.74,222.2,15.9,3.18,278.2,0,0.1533837209954716,Normal,Good,-
M06108,Type_08,72.75,1.37,221.1,12.88,2.563,543.5,0,0.15338231602525218,Normal,Good,-
M00350,Type_14,80.31,2.59,215.8,17.79,3.455,129.5,0,0.1533712765854703,Normal,Good,-
M01637,Type_17,66.72,3.06,221.4,15.1,3.009,628.2,0,0.1533673889767761,Normal,Good,-
M03549,Type_17,47.59,3.47,216.7,13.79,2.689,186.1,0,0.15336569612954246,Normal,Good,-
M01709,Type_04,68.5,2.38,227.2,18.47,3.777,967.4,0,0.1533602020807721,Normal,Good,-
M03727,Type_12,45.86,1.8,220.0,18.17,3.598,394.5,0,0.15335964107981043,Normal,Good,-
M01545,Type_01,63.2,2.4,227.0,16.37,3.344,497.9,0,0.15334943227410242,Normal,Good,-
M07312,Type_04,73.76,1.41,218.4,12.83,2.522,211.9,0,0.15334716530305112,Normal,Good,-
M09792,Type_23,56.25,2.94,220.2,18.96,3.757,577.0,0,0.15333553022673516,Normal,Good,-
M09536,Type_08,60.6,2.01,222.7,13.14,2.634,516.1,0,0.15333286024505063,Normal,Good,-
M06625,Type_08,73.53,3.05,222.3,19.63,3.927,111.6,0,0.15332753796424345,Normal,Good,-
M09884,Type_19,70.4,0.74,224.5,12.7,2.566,379.9,0,0.15332460479186608,Normal,Good,-
M00420,Type_04,65.05,2.26,223.2,11.79,2.368,182.1,0,0.15332105261847043,Normal,Good,-
M04489,Type_09,67.92,1.91,213.6,17.23,3.312,743.2,0,0.15331772729374443,Normal,Good,-
M00900,Type_18,66.83,2.44,219.6,15.25,3.014,521.7,0,0.15330263877571038,Normal,Good,-
M06277,Type_04,54.41,0.29,220.6,12.38,2.458,747.3,0,0.15329010630496914,Normal,Good,-
M08458,Type_18,65.01,0.31,227.8,12.45,2.552,326.2,0,0.15328693551218675,Normal,Good,-
M00144,Type_18,51.12,2.35,211.2,18.66,3.547,310.0,0,0.1532742383672033,Normal,Good,-
M06883,Type_24,72.41,1.63,223.3,16.8,3.376,913.2,0,0.15327287907282053,Normal,Good,-
M01330,Type_11,60.27,3.05,218.7,13.01,2.561,703.5,0,0.15324890078970987,Normal,Good,-
M02053,Type_06,54.61,0.78,216.5,22.53,4.39,552.2,0,0.15323768925485579,Normal,Good,-
M05893,Type_12,50.25,3.11,220.6,15.61,3.099,386.6,0,0.15323680442527535,Normal,Good,-
M08045,Type_11,58.41,3.13,211.5,11.89,2.263,556.7,0,0.15323058773462023,Normal,Good,-
M06104,Type_18,64.89,1.34,223.3,18.92,3.802,317.2,0,0.15322780213384365,Normal,Good,-
M00399,Type_19,55.43,2.96,214.3,14.08,2.716,485.8,0,0.15322569793012542,Normal,Good,-
M09791,Type_24,61.5,1.7,220.1,15.16,3.003,278.8,0,0.1532178429184223,Normal,Good,-
M00456,Type_18,59.1,1.22,220.5,14.33,2.844,173.7,0,0.15321651429735111,Normal,Good,-
M02196,Type_17,57.95,1.55,218.8,13.54,2.666,786.4,0,0.15320984416938838,Normal,Good,-
M08800,Type_01,65.87,1.49,219.0,15.2,2.996,859.2,0,0.1532096749824644,Normal,Good,-
M09650,Type_21,63.52,2.86,212.3,12.1,2.312,79.3,0,0.15320212820528872,Normal,Good,-
M04457,Type_21,78.71,2.85,211.9,12.8,2.441,413.7,0,0.1532017250252774,Normal,Good,-
M07126,Type_02,57.05,0.1,216.0,13.66,2.656,722.1,0,0.15320156023495168,Normal,Good,-
M04115,Type_12,61.92,3.15,216.7,16.88,3.292,749.3,0,0.15319956544439373,Normal,Good,-
M00013,Type_12,50.92,0.8,225.0,15.8,3.2,117.9,0,0.153194241947878,Normal,Good,-
M01601,Type_09,54.98,1.14,216.5,19.84,3.866,489.8,0,0.15317746288440948,Normal,Good,-
M09919,Type_12,61.86,2.41,218.1,14.44,2.834,775.8,0,0.15317126906838843,Normal,Good,-
M05800,Type_24,60.07,3.32,217.7,19.8,3.879,897.0,0,0.1531635014322598,Normal,Good,-
M03997,Type_04,61.56,2.25,217.7,13.28,2.602,260.6,0,0.15316196955400266,Normal,Good,-
M03695,Type_10,74.22,0.1,217.0,12.29,2.4,822.2,0,0.15316101707028426,Normal,Good,-
M04786,Type_12,64.92,1.31,220.5,19.25,3.82,912.8,0,0.1531522290915963,Normal,Good,-
M07075,Type_14,62.11,0.77,223.7,13.62,2.742,446.0,0,0.15315130494812146,Normal,Good,-
M09544,Type_10,64.99,2.16,216.1,12.12,2.357,435.2,0,0.15314288969183307,Normal,Good,-
M01061,Type_12,58.93,2.22,215.1,17.9,3.465,505.0,0,0.15314147343958065,Normal,Good,-
M08651,Type_23,57.01,1.32,222.7,19.97,4.003,232.4,0,0.15314048778108422,Normal,Good,-
M04802,Type_07,77.11,1.37,219.1,12.44,2.453,933.1,0,0.15313614519290675,Normal,Good,-
M00798,Type_01,56.47,1.46,222.8,13.76,2.759,809.3,0,0.15313418664854267,Normal,Good,-
M04251,Type_12,57.37,1.36,213.6,13.38,2.572,719.9,0,0.15312901374386917,Normal,Good,-
M09754,Type_09,73.16,1.91,227.1,18.11,3.702,834.6,0,0.15312824107478065,Normal,Good,-
M07338,Type_15,44.66,0.42,222.5,15.85,3.174,296.7,0,0.15312752301697466,Normal,Good,-
M01197,Type_01,68.03,1.93,218.3,15.03,2.953,855.9,0,0.15312727528549647,Normal,Good,-
M09004,Type_21,65.35,2.24,218.7,17.46,3.437,754.2,0,0.15312527345197136,Normal,Good,-
M00357,Type_14,56.71,1.34,220.6,14.6,2.899,500.3,0,0.153119450868226,Normal,Good,-
M07007,Type_12,55.61,1.65,222.1,14.91,2.98,824.0,0,0.15310933740929283,Normal,Good,-
M02129,Type_17,52.95,2.06,225.3,12.41,2.516,684.0,0,0.15310670384465622,Normal,Good,-
M05319,Type_11,74.75,2.85,226.1,17.68,3.598,839.9,0,0.1531056944634783,Normal,Good,-
M08061,Type_11,76.45,2.78,220.8,17.6,3.497,842.5,0,0.1531056944634783,Normal,Good,-
M05923,Type_12,68.99,0.59,216.3,13.21,2.572,123.3,0,0.15310432720005668,Normal,Good,-
M04465,Type_20,43.75,1.71,215.3,15.19,2.943,742.6,0,0.15309564642773563,Normal,Good,-
M01895,Type_24,77.47,0.64,224.6,19.02,3.845,427.1,0,0.15309243344313614,Normal,Good,-
M07232,Type_20,44.37,2.72,217.8,13.85,2.715,798.0,0,0.15309050515203387,Normal,Good,-
M00632,Type_08,46.88,0.1,223.5,14.58,2.933,900.8,0,0.1530772155715755,Normal,Good,-
M04132,Type_12,65.72,2.21,225.5,13.74,2.789,789.8,0,0.15307301896124587,Normal,Good,-
M05409,Type_12,59.15,1.92,218.0,14.02,2.751,480.2,0,0.15307301896124587,Normal,Good,-
M07498,Type_12,63.93,1.76,222.2,13.81,2.762,401.3,0,0.15307301896124587,Normal,Good,-
M09061,Type_09,65.68,2.97,225.8,18.44,3.747,562.1,0,0.153072950758101,Normal,Good,-
M09370,Type_16,61.29,2.87,218.3,12.06,2.369,929.5,0,0.1530653296962536,Normal,Good,-
M03932,Type_09,61.13,0.1,219.5,18.58,3.67,407.8,0,0.1530628677111344,Normal,Good,-
M07748,Type_18,74.14,2.99,215.9,14.77,2.87,146.9,0,0.15305988997073983,Normal,Good,-
M00449,Type_05,76.04,0.96,220.3,20.77,4.118,256.9,0,0.15305919222176698,Normal,Good,-
M08674,Type_02,65.42,0.97,218.6,11.45,2.253,314.4,0,0.1530568954079275,Normal,Good,-
M04083,Type_13,60.72,2.03,218.8,11.54,2.272,551.9,0,0.15305566285192748,Normal,Good,-
M02024,Type_11,57.59,2.82,213.3,16.15,3.1,487.9,0,0.15304705117943565,Normal,Good,-
M07473,Type_11,78.77,3.93,213.4,13.06,2.508,871.1,0,0.15304623830990946,Normal,Good,-
M02144,Type_09,54.96,2.36,222.0,11.11,2.22,635.8,0,0.15303910316888583,Normal,Good,-
M00159,Type_18,61.12,2.72,218.1,16.3,3.2,466.5,0,0.15303447071147855,Normal,Good,-
M08838,Type_19,55.98,2.83,214.6,16.24,3.137,817.5,0,0.1530280965197562,Normal,Good,-
M06932,Type_11,74.76,1.84,226.2,16.0,3.257,793.2,0,0.15302451028071093,Normal,Good,-
M09776,Type_11,77.16,1.71,221.2,16.33,3.251,861.5,0,0.15302451028071093,Normal,Good,-
M06534,Type_08,72.7,1.45,215.8,12.32,2.393,540.3,0,0.15300349526227836,Normal,Good,-
M05932,Type_04,66.47,0.4,227.9,14.75,3.025,859.3,0,0.15299808387343658,Normal,Good,-
M06055,Type_02,54.6,1.25,227.6,16.78,3.437,863.6,0,0.15299729464080744,Normal,Good,-
M01690,Type_11,63.08,1.58,218.6,16.37,3.221,685.5,0,0.15299620762583457,Normal,Good,-
M09337,Type_18,50.73,1.62,215.7,14.6,2.834,915.7,0,0.15299251227826027,Normal,Good,-
M01525,Type_09,77.13,1.8,223.8,18.23,3.672,800.3,0,0.15298772592863644,Normal,Good,-
M09010,Type_09,75.41,1.63,224.3,17.35,3.502,704.2,0,0.15298772592863644,Normal,Good,-
M07098,Type_09,69.98,2.72,216.7,18.76,3.659,368.2,0,0.1529690672105633,Normal,Good,-
M04918,Type_11,54.28,1.92,216.3,11.84,2.305,800.8,0,0.15296769264229354,Normal,Good,-
M09440,Type_18,72.39,1.62,229.9,12.66,2.619,313.0,0,0.15296129304365852,Normal,Good,-
M08084,Type_19,33.94,2.16,210.3,17.79,3.367,895.2,0,0.15293792367424733,Normal,Good,-
M05425,Type_14,65.84,1.14,218.4,12.78,2.512,305.2,0,0.152934189974846,Normal,Good,-
M03062,Type_14,53.39,2.65,213.4,13.57,2.606,584.8,0,0.15292892428347094,Normal,Good,-
M06060,Type_11,61.55,3.1,220.7,14.6,2.9,144.0,0,0.15292822536427436,Normal,Good,-
M01663,Type_07,67.34,1.55,218.7,14.05,2.765,983.0,0,0.15292604648579997,Normal,Good,-
M02739,Type_02,68.83,3.41,227.4,16.89,3.457,63.5,0,0.15291315404905476,Normal,Good,-
M04313,Type_23,51.92,1.59,223.0,11.71,2.35,783.5,0,0.15290718496005323,Normal,Good,-
M06604,Type_16,55.65,1.11,219.2,18.91,3.731,914.6,0,0.152907120181942,Normal,Good,-
M04690,Type_24,72.09,1.2,216.2,15.1,2.938,280.8,0,0.1529065212115839,Normal,Good,-
M06975,Type_24,59.99,0.1,220.3,14.75,2.924,661.3,0,0.15290457655926157,Normal,Good,-
M04908,Type_04,68.76,2.18,220.4,12.41,2.462,195.1,0,0.15289981260299482,Normal,Good,-
M00676,Type_02,51.35,2.49,210.9,18.07,3.43,816.0,0,0.152898586112058,Normal,Good,-
M09396,Type_02,65.92,2.97,222.3,13.81,2.763,200.7,0,0.15289698189489645,Normal,Good,-
M09326,Type_13,80.05,3.41,223.8,13.12,2.643,486.8,0,0.15288834929789924,Normal,Good,-
M02787,Type_23,54.93,2.71,216.5,19.19,3.739,364.4,0,0.15287994315637438,Normal,Good,-
M04339,Type_01,58.11,1.44,226.8,16.76,3.421,254.0,0,0.15287723471172032,Normal,Good,-
M05626,Type_18,53.65,0.97,222.6,15.91,3.187,385.7,0,0.15287617465179343,Normal,Good,-
M00963,Type_18,69.7,2.08,214.5,11.66,2.251,216.6,0,0.15287407159786323,Normal,Good,-
M07964,Type_10,74.72,3.26,220.6,13.43,2.666,370.2,0,0.1528730383985599,Normal,Good,-
M00289,Type_01,76.24,1.39,220.5,23.74,4.711,918.6,0,0.15287201891477337,Normal,Good,-
M08323,Type_24,61.26,0.57,220.7,19.44,3.861,231.6,0,0.15285986731751044,Normal,Good,-
M04033,Type_12,61.29,3.38,224.1,13.51,2.725,858.5,0,0.15285907993013859,Normal,Good,-
M05714,Type_09,55.76,2.13,227.5,12.46,2.551,412.5,0,0.1528585849735901,Normal,Good,-
M03371,Type_18,53.07,1.39,216.5,14.59,2.843,59.6,0,0.15284583223994322,Normal,Good,-
M06618,Type_02,63.02,1.14,219.8,15.38,3.042,117.8,0,0.1528404593679271,Normal,Good,-
M04538,Type_18,55.13,1.85,220.3,15.43,3.059,339.2,0,0.1528369706168742,Normal,Good,-
M08872,Type_15,64.83,2.6,224.2,19.56,3.947,436.6,0,0.15283511619122042,Normal,Good,-
M09607,Type_14,55.21,2.61,219.0,13.97,2.753,475.4,0,0.15283509585110558,Normal,Good,-
M01686,Type_18,51.24,1.1,222.0,13.02,2.601,586.3,0,0.1528345157615276,Normal,Good,-
M04147,Type_04,75.68,1.95,225.2,16.38,3.32,56.9,0,0.1528161386116304,Normal,Good,-
M06079,Type_11,68.9,1.28,222.2,16.02,3.204,627.6,0,0.15281247404602544,Normal,Good,-
M04292,Type_02,59.53,1.73,217.7,16.27,3.188,467.5,0,0.15280910369941447,Normal,Good,-
M04475,Type_19,44.04,1.53,219.0,18.96,3.737,344.5,0,0.15280495507036418,Normal,Good,-
M08722,Type_01,51.01,2.36,220.8,19.25,3.825,279.7,0,0.15278973359021805,Normal,Good,-
M03939,Type_06,68.49,0.1,221.3,14.66,2.92,583.9,0,0.15276949258993364,Normal,Good,-
M05586,Type_17,60.98,1.39,218.6,14.65,2.882,327.5,0,0.15276522606367446,Normal,Good,-
M04519,Type_11,69.3,1.11,223.8,17.33,3.491,690.0,0,0.15275551585982897,Normal,Good,-
M08908,Type_19,64.5,2.83,213.2,11.82,2.268,351.7,0,0.15275259813070433,Normal,Good,-
M05992,Type_04,63.76,0.1,218.4,13.51,2.656,164.0,0,0.15274814380607488,Normal,Good,-
M05024,Type_18,69.53,0.43,221.9,14.95,2.986,444.8,0,0.1527470234879389,Normal,Good,-
M02539,Type_07,60.55,0.22,222.8,11.87,2.38,719.2,0,0.15274660930424666,Normal,Good,-
M03467,Type_19,73.42,3.11,218.3,15.55,3.055,774.1,0,0.15274025890927387,Normal,Good,-
M01767,Type_04,63.39,1.96,228.3,15.4,3.164,224.4,0,0.15273681935636294,Normal,Good,-
M03487,Type_04,62.37,1.99,215.2,16.5,3.196,253.0,0,0.15273681935636294,Normal,Good,-
M07300,Type_11,57.84,1.62,216.3,12.94,2.519,914.3,0,0.15272849167527627,Normal,Good,-
M01558,Type_20,76.6,4.29,222.0,14.18,2.833,494.2,0,0.1527266605935643,Normal,Good,-
M09155,Type_11,68.04,3.55,219.8,11.74,2.322,324.7,0,0.15272078602250708,Normal,Good,-
M01687,Type_07,59.32,3.39,222.0,17.28,3.453,873.0,0,0.15271934481330407,Normal,Good,-
M09877,Type_09,63.58,2.39,219.0,13.81,2.722,424.0,0,0.15270908548270412,Normal,Good,-
M04825,Type_17,49.97,1.02,217.1,11.83,2.311,574.6,0,0.1527040202198745,Normal,Good,-
M00004,Type_24,56.43,1.91,214.6,16.19,3.127,150.2,0,0.15268639683548174,Normal,Good,-
M01038,Type_18,71.7,2.09,218.1,17.05,3.347,490.6,0,0.15268575730921807,Normal,Good,-
M09422,Type_18,51.82,1.79,215.4,16.17,3.135,859.5,0,0.1526819866525024,Normal,Good,-
M07845,Type_12,63.72,2.57,218.8,17.47,3.44,402.3,0,0.1526755793581919,Normal,Good,-
M07212,Type_07,76.99,2.82,216.7,15.13,2.951,604.0,0,0.15267478844970328,Normal,Good,-
M03251,Type_04,62.02,1.94,222.3,21.38,4.277,962.7,0,0.15267131106046067,Normal,Good,-
M03888,Type_21,70.04,3.9,221.5,18.59,3.706,253.9,0,0.15266618649278313,Normal,Good,-
M08728,Type_16,68.74,2.18,223.4,21.18,4.258,645.5,0,0.15266250764801634,Normal,Good,-
M00140,Type_25,63.12,1.88,227.3,20.07,4.106,164.2,0,0.1526611281684327,Normal,Good,-
M01479,Type_12,61.0,2.27,217.5,13.48,2.639,301.3,0,0.1526584343076211,Normal,Good,-
M03629,Type_14,77.32,2.86,219.7,13.04,2.578,550.0,0,0.15265412074241452,Normal,Good,-
M01887,Type_12,59.28,1.78,219.2,16.91,3.336,798.6,0,0.1526513854435859,Normal,Good,-
M08802,Type_03,70.54,1.3,216.1,14.29,2.779,806.1,0,0.15264770110194073,Normal,Good,-
M00847,Type_09,55.27,2.94,217.6,13.71,2.685,722.9,0,0.15264464594248278,Normal,Good,-
M04438,Type_07,77.39,1.94,218.9,12.91,2.543,688.3,0,0.15263633265549006,Normal,Good,-
M03400,Type_19,62.2,0.61,223.9,14.57,2.936,530.1,0,0.152619607692599,Normal,Good,-
M04671,Type_18,55.05,2.07,219.9,18.29,3.62,543.8,0,0.15261230736951656,Normal,Good,-
M03346,Type_18,66.25,3.37,215.1,15.72,3.043,801.1,0,0.1526091028308644,Normal,Good,-
M01701,Type_11,60.87,1.77,221.3,12.4,2.47,791.0,0,0.1526047888766833,Normal,Good,-
M02263,Type_02,51.04,2.56,225.5,20.32,4.124,786.0,0,0.15259957706072202,Normal,Good,-
M01716,Type_09,54.8,2.67,227.4,11.83,2.421,344.6,0,0.15259795668059933,Normal,Good,-
M08576,Type_01,61.01,3.0,215.5,18.85,3.656,229.2,0,0.15259243344315204,Normal,Good,-
M02178,Type_19,49.63,2.36,221.4,15.52,3.093,877.3,0,0.1525905440370466,Normal,Good,-
M07150,Type_14,70.6,1.3,221.6,11.69,2.331,861.6,0,0.15258974522218988,Normal,Good,-
M00377,Type_04,54.88,1.74,212.4,11.56,2.21,953.1,0,0.15257601277504113,Normal,Good,-
M00932,Type_04,49.77,3.27,219.6,10.21,2.018,345.0,0,0.15257413971075506,Normal,Good,-
M02866,Type_15,49.72,1.39,210.7,15.67,2.972,328.3,0,0.15255556108515791,Normal,Good,-
M08837,Type_07,73.59,1.87,223.6,16.63,3.347,614.9,0,0.15255392617768146,Normal,Good,-
M05745,Type_24,79.88,3.4,225.5,19.12,3.88,805.9,0,0.15254070275172593,Normal,Good,-
M04540,Type_24,63.53,2.04,220.7,20.81,4.133,651.5,0,0.15253921810629822,Normal,Good,-
M09503,Type_19,65.03,2.09,214.5,15.69,3.029,364.2,0,0.15251313714909703,Normal,Good,-
M09528,Type_03,66.23,2.2,219.8,16.99,3.361,316.2,0,0.1525119366542074,Normal,Good,-
M03978,Type_15,52.54,3.68,211.3,17.91,3.406,423.5,0,0.15250599633050232,Normal,Good,-
M04900,Type_07,70.53,2.39,218.9,14.61,2.878,795.7,0,0.15250449407988778,Normal,Good,-
M03829,Type_18,66.79,2.06,224.2,14.97,3.021,530.6,0,0.15250233994912654,Normal,Good,-
M06048,Type_11,65.32,2.17,220.6,14.29,2.837,84.6,0,0.15249760510245733,Normal,Good,-
M05181,Type_18,67.79,1.85,219.8,15.25,3.017,620.8,0,0.15248599290159323,Normal,Good,-
M07705,Type_17,58.08,1.6,223.3,21.64,4.349,877.3,0,0.1524705543474264,Normal,Good,-
M04831,Type_09,78.22,1.75,226.5,16.17,3.296,573.9,0,0.15247005609144076,Normal,Good,-
M02637,Type_04,68.91,1.99,220.3,13.55,2.687,154.2,0,0.15246225570935693,Normal,Good,-
M05717,Type_24,65.7,2.02,226.7,13.96,2.848,310.9,0,0.15245072447866573,Normal,Good,-
M02412,Type_11,58.03,2.36,214.0,13.51,2.602,465.8,0,0.15244958745070097,Normal,Good,-
M01575,Type_14,61.11,3.65,213.6,14.62,2.811,912.9,0,0.1524489536781996,Normal,Good,-
M09432,Type_11,54.96,0.65,212.6,14.33,2.742,190.2,0,0.15244402010477387,Normal,Good,-
M05674,Type_11,60.66,2.6,220.5,16.23,3.221,903.1,0,0.15243394928160428,Normal,Good,-
M01502,Type_14,61.9,3.18,221.5,14.83,2.956,803.2,0,0.15242513176969297,Normal,Good,-
M04497,Type_01,49.16,1.81,221.5,16.91,3.371,196.0,0,0.15242385596791336,Normal,Good,-
M05892,Type_07,68.17,2.1,220.4,11.58,2.297,831.2,0,0.15242358361001926,Normal,Good,-
M08875,Type_14,66.1,2.77,225.1,12.74,2.581,625.5,0,0.15241164565270554,Normal,Good,-
M09024,Type_08,38.34,3.24,214.8,12.89,2.492,132.2,0,0.15240533414163793,Normal,Good,-
M03590,Type_16,77.79,1.21,222.2,17.05,3.41,287.2,0,0.15238611244428735,Normal,Good,-
M05384,Type_08,66.58,2.09,215.2,13.31,2.578,527.9,0,0.15238468789381054,Normal,Good,-
M05171,Type_14,70.89,0.57,223.6,14.89,2.996,421.1,0,0.15237763502760734,Normal,Good,-
M07380,Type_01,58.74,2.33,224.8,15.76,3.189,959.1,0,0.15237758182353742,Normal,Good,-
M06687,Type_03,50.46,1.57,221.3,11.91,2.372,421.7,0,0.15236371542056637,Normal,Good,-
M00732,Type_12,68.76,1.44,218.1,18.21,3.574,733.4,0,0.1523550869145959,Normal,Good,-
M08808,Type_23,46.83,0.9,221.3,21.74,4.33,239.4,0,0.15235277041544884,Normal,Good,-
M07948,Type_21,74.05,0.92,218.9,11.91,2.346,686.8,0,0.15233340382849384,Normal,Good,-
M04306,Type_14,59.0,3.49,221.4,15.64,3.116,136.9,0,0.15233083582460702,Normal,Good,-
M09944,Type_12,66.72,2.56,215.4,14.33,2.778,785.3,0,0.15232540492527333,Normal,Good,-
M07842,Type_14,65.77,0.6,214.1,13.41,2.584,923.4,0,0.15232312267120754,Normal,Good,-
M00650,Type_21,54.6,3.64,218.3,14.33,2.815,665.3,0,0.15231824823587448,Normal,Good,-
M09425,Type_02,61.32,1.88,221.4,15.46,3.081,53.5,0,0.15230778887053084,Normal,Good,-
M02656,Type_19,73.39,1.67,222.0,11.01,2.2,355.7,0,0.1523015972813801,Normal,Good,-
M02896,Type_06,76.55,0.46,218.7,20.96,4.126,571.3,0,0.15229873616890877,Normal,Good,-
M01411,Type_09,76.57,1.32,222.7,10.09,2.022,555.1,0,0.15229390320092015,Normal,Good,-
M01500,Type_13,65.89,2.33,216.2,11.25,2.189,389.2,0,0.1522935438200124,Normal,Good,-
M01005,Type_04,42.03,3.98,220.0,10.31,2.041,673.5,0,0.15229312880399284,Normal,Good,-
M01531,Type_09,54.72,3.02,217.9,17.97,3.524,653.7,0,0.15229223264766145,Normal,Good,-
M07791,Type_11,65.65,2.19,212.9,14.52,2.782,758.4,0,0.15228390319660812,Normal,Good,-
M05333,Type_08,75.53,2.31,218.1,10.0,1.963,529.2,0,0.15228248245804157,Normal,Good,-
M03636,Type_18,71.37,1.52,223.9,13.53,2.726,263.5,0,0.15228175277874423,Normal,Good,-
M00348,Type_09,62.1,1.99,215.6,13.87,2.691,221.2,0,0.1522745271787454,Normal,Good,-
M03242,Type_12,63.78,3.12,226.3,14.51,2.955,666.5,0,0.15227313758691352,Normal,Good,-
M01475,Type_19,70.1,1.8,221.7,19.26,3.843,907.7,0,0.15227257222440704,Normal,Good,-
M08942,Type_07,66.34,2.01,214.9,12.37,2.392,722.3,0,0.1522645005455515,Normal,Good,-
M08702,Type_19,60.33,0.86,216.9,17.56,3.428,875.2,0,0.15226401588338395,Normal,Good,-
M07625,Type_12,72.86,1.7,221.1,15.66,3.116,390.0,0,0.1522629625168746,Normal,Good,-
M05973,Type_02,48.23,3.87,214.8,15.19,2.937,545.9,0,0.15225534457598758,Normal,Good,-
M03090,Type_03,68.73,2.83,212.2,13.65,2.607,362.9,0,0.1522525591833388,Normal,Good,-
M06143,Type_09,65.16,2.7,221.6,13.78,2.748,514.8,0,0.15224319140131537,Normal,Good,-
M07912,Type_14,73.23,0.85,224.6,13.89,2.808,321.1,0,0.1522417496098443,Normal,Good,-
M07646,Type_11,60.1,1.9,219.3,15.5,3.059,89.2,0,0.1522388803592922,Normal,Good,-
M06443,Type_18,68.68,3.2,227.0,12.27,2.507,311.5,0,0.1522347716455551,Normal,Good,-
M09626,Type_24,58.81,0.92,213.3,18.48,3.548,680.7,0,0.15223065331478444,Normal,Good,-
M02801,Type_17,61.06,0.14,227.7,14.35,2.941,721.2,0,0.15220263516873878,Normal,Good,-
M08376,Type_18,57.05,1.91,218.6,16.92,3.329,363.9,0,0.15219655490271247,Normal,Good,-
M01150,Type_15,65.69,1.3,215.3,18.0,3.488,158.1,0,0.1521961617360007,Normal,Good,-
M05148,Type_01,58.14,3.61,213.1,18.26,3.502,376.2,0,0.15219405729474197,Normal,Good,-
M06218,Type_12,78.32,1.69,212.6,12.55,2.401,77.9,0,0.1521911812279261,Normal,Good,-
M00053,Type_01,70.44,0.78,218.9,11.69,2.303,707.8,0,0.15218630869748762,Normal,Good,-
M04542,Type_03,71.05,2.25,216.2,12.16,2.366,484.0,0,0.15217752234210905,Normal,Good,-
M00607,Type_01,73.73,2.13,214.9,13.16,2.545,763.2,0,0.15217535536448046,Normal,Good,-
M04032,Type_01,72.9,2.21,216.6,12.2,2.378,766.1,0,0.15217535536448046,Normal,Good,-
M08718,Type_09,74.92,3.58,225.5,10.97,2.226,446.0,0,0.15215388073522704,Normal,Good,-
M00047,Type_21,57.86,0.9,219.9,20.31,4.02,874.3,0,0.15214940301033153,Normal,Good,-
M00591,Type_16,69.18,2.13,222.0,17.13,3.423,311.8,0,0.15214908596064788,Normal,Good,-
M04448,Type_18,73.38,1.57,219.1,16.77,3.307,654.8,0,0.15213815568964376,Normal,Good,-
M01037,Type_19,43.99,1.72,213.4,14.1,2.708,877.5,0,0.15212691127942127,Normal,Good,-
M00202,Type_13,73.81,2.07,221.6,13.81,2.754,618.7,0,0.1521229399935505,Normal,Good,-
M07455,Type_01,67.64,2.21,222.0,16.85,3.367,394.5,0,0.1521199541388442,Normal,Good,-
M05844,Type_04,63.99,3.07,219.5,10.93,2.159,880.5,0,0.1521153777384897,Normal,Good,-
M05010,Type_12,67.82,2.56,223.7,17.51,3.525,886.9,0,0.15210939050901406,Normal,Good,-
M08822,Type_18,55.72,2.7,228.1,15.98,3.281,814.2,0,0.152102935297598,Normal,Good,-
M04813,Type_04,68.74,1.48,222.0,13.18,2.633,259.2,0,0.15210068178267983,Normal,Good,-
M00195,Type_17,55.76,2.03,216.1,15.21,2.958,868.3,0,0.15210026516385616,Normal,Good,-
M06475,Type_13,64.39,1.61,223.8,12.25,2.467,456.2,0,0.15209744896714472,Normal,Good,-
M04046,Type_18,75.5,3.1,225.8,13.25,2.693,160.5,0,0.1520934691963892,Normal,Good,-
M05520,Type_18,75.44,0.93,220.6,13.86,2.752,825.8,0,0.15208312911001942,Normal,Good,-
M04264,Type_19,53.74,0.1,212.9,13.59,2.604,377.0,0,0.15208092197178869,Normal,Good,-
M08829,Type_12,49.95,2.94,219.8,14.99,2.965,619.3,0,0.15207623099497808,Normal,Good,-
M01457,Type_12,49.49,1.58,215.6,19.58,3.799,390.1,0,0.1520759298741776,Normal,Good,-
M08483,Type_02,74.14,0.1,217.2,14.0,2.737,946.6,0,0.15207447447144168,Normal,Good,-
M07866,Type_14,52.33,2.35,221.2,14.77,2.94,676.4,0,0.1520640506622508,Normal,Good,-
M02154,Type_14,51.6,2.8,217.9,17.48,3.428,844.5,0,0.1520612131128476,Normal,Good,-
M00520,Type_03,65.4,2.22,220.1,12.02,2.381,375.8,0,0.15205225275463793,Normal,Good,-
M08824,Type_18,67.2,2.0,218.7,13.79,2.714,907.5,0,0.15205084936960425,Normal,Good,-
M03508,Type_09,71.54,1.68,218.6,14.46,2.845,252.2,0,0.1520494409455114,Normal,Good,-
M04550,Type_18,64.3,0.5,219.9,16.21,3.208,747.7,0,0.15204667880397335,Normal,Good,-
M05655,Type_22,55.27,1.94,212.6,15.51,2.968,807.0,0,0.15204023233680367,Normal,Good,-
M05821,Type_16,71.43,3.5,217.9,17.1,3.353,876.6,0,0.15203057533759637,Normal,Good,-
M07742,Type_01,57.98,1.36,220.3,17.0,3.371,416.7,0,0.15202112842545887,Normal,Good,-
M06497,Type_01,48.87,0.1,221.0,20.87,4.151,636.4,0,0.15201312366061231,Normal,Good,-
M06051,Type_01,63.78,0.83,222.4,16.78,3.359,301.8,0,0.1520105791206919,Normal,Good,-
M01177,Type_17,64.6,1.69,222.2,14.16,2.832,587.5,0,0.15200868782345467,Normal,Good,-
M00722,Type_02,68.1,2.14,226.7,17.59,3.589,378.7,0,0.1520082335564291,Normal,Good,-
M00309,Type_07,58.79,2.29,224.7,19.8,4.004,977.9,0,0.15200796912627554,Normal,Good,-
M03740,Type_01,42.18,2.11,215.4,15.56,3.016,972.2,0,0.15200036582318677,Normal,Good,-
M09775,Type_10,58.97,1.66,227.0,20.0,4.086,219.1,0,0.15199983785644322,Normal,Good,-
M09046,Type_19,57.23,1.37,223.0,14.94,2.998,834.2,0,0.15199945055411151,Normal,Good,-
M06911,Type_18,64.12,3.24,217.9,15.8,3.099,447.5,0,0.15198473652185795,Normal,Good,-
M07109,Type_12,70.96,1.8,223.0,14.68,2.946,183.5,0,0.1519789627224838,Normal,Good,-
M08927,Type_08,56.9,2.12,219.3,13.85,2.734,420.4,0,0.15197536292051356,Normal,Good,-
M07517,Type_14,59.26,0.1,226.9,13.33,2.722,797.4,0,0.15196826819353956,Normal,Good,-
M03303,Type_19,70.67,1.6,221.5,15.9,3.17,328.8,0,0.15196499991698878,Normal,Good,-
M05518,Type_12,75.03,1.66,223.3,17.07,3.431,484.8,0,0.15193633038045407,Normal,Good,-
M05962,Type_01,70.18,1.58,227.5,12.09,2.475,776.1,0,0.15193382434909974,Normal,Good,-
M03267,Type_21,41.67,2.32,218.6,16.89,3.323,592.7,0,0.15193004586898837,Normal,Good,-
M06452,Type_01,65.72,1.18,222.0,12.76,2.549,781.2,0,0.15192973475290494,Normal,Good,-
M01226,Type_18,59.53,1.77,219.3,16.45,3.247,764.7,0,0.1519253414937061,Normal,Good,-
M05673,Type_18,64.21,2.08,218.5,16.58,3.26,656.1,0,0.1519253414937061,Normal,Good,-
M06411,Type_14,73.4,1.88,223.9,14.48,2.918,227.0,0,0.15190962958776116,Normal,Good,-
M07305,Type_01,73.68,2.45,217.5,12.62,2.47,68.0,0,0.15190494521716527,Normal,Good,-
M01489,Type_08,64.36,1.87,227.0,12.45,2.544,622.8,0,0.1519042888164792,Normal,Good,-
M04843,Type_18,69.31,1.63,213.7,14.59,2.806,252.9,0,0.1518965928526302,Normal,Good,-
M09990,Type_14,67.33,2.07,223.7,12.4,2.496,912.8,0,0.1518947014965453,Normal,Good,-
M03571,Type_19,69.9,3.32,220.5,12.36,2.453,814.9,0,0.15189371189947026,Normal,Good,-
M00108,Type_24,40.54,2.35,219.5,15.54,3.07,452.2,0,0.15188945597996947,Normal,Good,-
M01910,Type_02,74.02,2.08,216.6,12.4,2.417,386.1,0,0.15188888261399852,Normal,Good,-
M03492,Type_18,64.62,1.93,222.7,14.92,2.99,359.8,0,0.15188495457042533,Normal,Good,-
M08171,Type_12,64.02,0.23,218.6,13.32,2.621,827.7,0,0.15187789188880552,Normal,Good,-
M09014,Type_15,56.12,2.46,213.6,15.75,3.028,248.4,0,0.15187382265474916,Normal,Good,-
M04884,Type_19,68.06,0.94,222.4,18.59,3.721,567.9,0,0.1518734399720282,Normal,Good,-
M03478,Type_15,52.92,2.93,213.9,19.44,3.742,829.5,0,0.15186130946445078,Normal,Good,-
M05640,Type_23,75.37,2.09,227.6,17.02,3.486,780.5,0,0.15186064706414604,Normal,Good,-
M04730,Type_14,54.21,0.28,214.9,17.64,3.412,79.8,0,0.1518576913397948,Normal,Good,-
M01950,Type_11,70.46,2.18,229.9,12.52,2.591,748.3,0,0.15185654415724834,Normal,Good,-
M08557,Type_11,69.6,1.97,212.1,13.77,2.629,711.0,0,0.15185654415724834,Normal,Good,-
M05720,Type_11,70.75,1.45,223.6,15.9,3.2,693.4,0,0.15185580604365453,Normal,Good,-
M04917,Type_04,65.52,0.97,217.4,11.51,2.252,174.2,0,0.15185111822710184,Normal,Good,-
M09682,Type_19,55.49,1.45,224.4,16.23,3.278,318.2,0,0.15185041983507272,Normal,Good,-
M03831,Type_12,67.91,2.43,216.7,16.88,3.292,318.2,0,0.1518500919255577,Normal,Good,-
M09757,Type_19,67.51,2.02,224.4,10.17,2.054,701.4,0,0.1518496051701439,Normal,Good,-
M04430,Type_12,63.01,2.59,219.9,14.1,2.791,428.8,0,0.15184500584794197,Normal,Good,-
M07700,Type_21,59.32,1.85,220.3,11.93,2.365,690.9,0,0.15183013398625195,Normal,Good,-
M06918,Type_09,79.04,1.56,215.2,15.61,3.023,199.3,0,0.1518298271435473,Normal,Good,-
M07993,Type_01,49.57,1.13,221.2,16.8,3.345,269.9,0,0.15182733154461903,Normal,Good,-
M09902,Type_20,76.02,1.99,223.3,20.83,4.186,98.0,0,0.15182318950231338,Normal,Good,-
M04146,Type_09,53.09,3.58,218.6,12.05,2.371,350.6,0,0.1518128462349779,Normal,Good,-
M01379,Type_09,55.02,2.07,216.9,16.58,3.237,854.1,0,0.15181095864065963,Normal,Good,-
M02380,Type_17,41.58,0.1,226.2,9.98,2.032,166.7,0,0.15180435909113432,Normal,Good,-
M03741,Type_25,60.27,4.29,221.2,16.84,3.353,113.7,0,0.15180036903085264,Normal,Good,-
M01894,Type_18,66.33,2.46,221.8,14.23,2.841,213.0,0,0.15179740428120156,Normal,Good,-
M03594,Type_12,65.09,0.86,220.9,18.13,3.604,592.5,0,0.15179663445277317,Normal,Good,-
M02996,Type_01,62.69,2.14,221.1,19.69,3.918,447.3,0,0.15179410632939694,Normal,Good,-
M05735,Type_01,63.9,2.36,226.3,19.23,3.917,415.7,0,0.15179410632939694,Normal,Good,-
M06101,Type_11,54.13,1.96,218.2,13.02,2.557,255.0,0,0.1517908729310161,Normal,Good,-
M07949,Type_14,61.12,2.62,225.3,15.21,3.084,725.3,0,0.15178829731985688,Normal,Good,-
M05900,Type_19,64.13,2.99,217.7,16.06,3.147,310.9,0,0.15177962455454533,Normal,Good,-
M03916,Type_13,76.56,1.71,225.0,20.42,4.135,913.1,0,0.15177564616549086,Normal,Good,-
M04420,Type_09,64.6,2.5,228.8,12.12,2.496,276.3,0,0.1517756066034187,Normal,Good,-
M06076,Type_01,78.73,1.75,229.3,21.37,4.41,962.6,0,0.1517735505682858,Normal,Good,-
M07867,Type_01,61.35,2.12,215.2,14.79,2.865,702.9,0,0.1517665684785589,Normal,Good,-
M02827,Type_18,69.03,2.65,218.4,16.98,3.338,806.7,0,0.15175830237165672,Normal,Good,-
M04966,Type_15,46.23,3.19,218.3,16.37,3.216,298.7,0,0.1517472805796198,Normal,Good,-
M07383,Type_14,72.32,2.86,219.0,13.6,2.681,228.8,0,0.15174667509090312,Normal,Good,-
M04728,Type_13,57.06,2.1,219.5,12.12,2.394,542.2,0,0.15174273363361357,Normal,Good,-
M03181,Type_16,71.55,3.32,219.5,16.55,3.269,364.5,0,0.15173152304061696,Normal,Good,-
M05376,Type_12,54.83,0.74,222.8,14.07,2.821,838.5,0,0.1517310293878563,Normal,Good,-
M09998,Type_12,64.3,0.88,225.0,13.82,2.799,621.9,0,0.15172817997443838,Normal,Good,-
M08296,Type_01,73.06,1.69,222.7,19.66,3.94,530.9,0,0.15172480179925718,Normal,Good,-
M02679,Type_09,70.67,2.17,214.4,17.3,3.338,914.4,0,0.15171626306110164,Normal,Good,-
M01043,Type_08,61.15,4.1,219.6,12.34,2.439,149.9,0,0.1517142561329793,Normal,Good,-
M08172,Type_01,79.68,1.37,217.4,24.71,4.835,485.0,0,0.1517058377415468,Normal,Good,-
M01897,Type_12,58.76,1.5,218.1,18.47,3.625,512.4,0,0.15170323316885306,Normal,Good,-
M08105,Type_12,60.04,1.58,221.4,18.22,3.631,697.1,0,0.15170323316885306,Normal,Good,-
M03879,Type_11,70.64,3.61,225.8,15.59,3.168,634.6,0,0.15170132306226247,Normal,Good,-
M06320,Type_03,55.19,0.1,221.9,15.46,3.088,894.6,0,0.15169792409195118,Normal,Good,-
M00090,Type_22,73.03,0.38,222.9,14.52,2.913,734.4,0,0.15169753940431058,Normal,Good,-
M09419,Type_07,70.62,3.66,228.6,14.58,3.0,389.3,0,0.15169633531951182,Normal,Good,-
M08138,Type_24,67.47,1.75,219.7,17.01,3.363,207.1,0,0.15168522014322255,Normal,Good,-
M03639,Type_19,69.62,1.88,219.0,13.9,2.74,863.7,0,0.1516825951653398,Normal,Good,-
M09315,Type_19,79.88,2.96,216.1,15.71,3.055,330.6,0,0.15167832966852024,Normal,Good,-
M00818,Type_11,60.56,3.4,221.9,14.83,2.962,342.4,0,0.15167134034760676,Normal,Good,-
M09869,Type_07,67.79,3.4,219.0,15.39,3.033,859.4,0,0.15167094155903252,Normal,Good,-
M00970,Type_23,78.56,3.23,222.1,18.67,3.732,446.9,0,0.15166389274191125,Normal,Good,-
M07501,Type_04,65.7,1.92,219.6,10.69,2.113,129.5,0,0.15166058921891362,Normal,Good,-
M03697,Type_24,66.05,2.12,214.0,14.39,2.772,741.8,0,0.1516578383853716,Normal,Good,-
M07614,Type_12,77.3,1.01,222.7,11.11,2.227,895.4,0,0.15165416393764866,Normal,Good,-
M06441,Type_09,77.46,1.95,213.6,14.37,2.762,743.5,0,0.15164707831349739,Normal,Good,-
M03429,Type_24,74.22,3.37,218.2,20.61,4.047,133.2,0,0.1516425320188796,Normal,Good,-
M05710,Type_14,63.34,2.57,219.2,14.14,2.79,135.7,0,0.15163580401590396,Normal,Good,-
M07064,Type_09,60.4,3.66,216.7,15.94,3.109,135.6,0,0.1516319757205121,Normal,Good,-
M02813,Type_07,65.68,2.41,223.2,12.87,2.585,866.0,0,0.15163173853386597,Normal,Good,-
M00396,Type_09,56.27,2.58,221.4,12.07,2.405,720.8,0,0.1516305718602862,Normal,Good,-
M04897,Type_09,56.09,2.63,216.1,13.76,2.676,819.6,0,0.1516305718602862,Normal,Good,-
M00282,Type_12,62.79,2.68,217.2,17.76,3.472,886.5,0,0.1516289914316827,Normal,Good,-
M01549,Type_19,58.46,0.99,220.7,14.75,2.93,463.7,0,0.15162816933643464,Normal,Good,-
M01741,Type_25,56.23,1.88,225.4,14.51,2.943,837.4,0,0.15160514656453125,Normal,Good,-
M00407,Type_12,69.06,1.03,219.9,14.86,2.941,614.0,0,0.15160284596560103,Normal,Good,-
M00919,Type_08,74.66,0.6,220.5,11.22,2.227,597.4,0,0.15160011743426105,Normal,Good,-
M09621,Type_08,75.75,1.26,222.3,11.51,2.303,534.8,0,0.15160011743426105,Normal,Good,-
M02189,Type_19,74.91,1.94,216.3,12.71,2.474,521.0,0,0.15158844595098242,Normal,Good,-
M05100,Type_08,68.15,1.55,225.4,13.13,2.664,868.1,0,0.15158555707349555,Normal,Good,-
M02737,Type_18,69.25,3.21,222.3,17.91,3.583,627.0,0,0.15158106193672655,Normal,Good,-
M03675,Type_11,64.3,1.12,216.8,14.15,2.761,857.9,0,0.15157817366021326,Normal,Good,-
M00021,Type_17,70.45,2.98,221.4,13.54,2.698,977.2,0,0.15156243350201223,Normal,Good,-
M08445,Type_12,56.14,1.59,221.1,11.67,2.322,287.2,0,0.1515595022349266,Normal,Good,-
M02579,Type_01,52.7,1.45,222.1,14.71,2.94,773.4,0,0.15155189254831727,Normal,Good,-
M05756,Type_23,52.52,3.65,221.6,16.97,3.384,755.4,0,0.15154918718844756,Normal,Good,-
M05685,Type_07,69.49,1.79,213.2,15.36,2.947,515.6,0,0.15154599707254277,Normal,Good,-
M07851,Type_02,59.32,1.98,221.5,21.35,4.256,200.0,0,0.15154072704624522,Normal,Good,-
M01233,Type_19,75.29,4.0,221.0,18.47,3.674,779.3,0,0.15153819271327537,Normal,Good,-
M07192,Type_14,55.57,3.17,212.5,16.82,3.217,128.1,0,0.15153790383415752,Normal,Good,-
M09395,Type_13,55.73,4.07,219.0,18.08,3.564,144.8,0,0.15153669018287202,Normal,Good,-
M01555,Type_18,59.4,1.78,221.9,15.54,3.103,377.6,0,0.15153375415171713,Normal,Good,-
M02939,Type_18,67.49,2.3,214.5,16.49,3.183,608.3,0,0.15153011097010757,Normal,Good,-
M07349,Type_21,72.39,1.65,228.0,18.27,3.749,951.9,0,0.15151734972110176,Normal,Good,-
M03972,Type_05,56.7,2.1,225.9,19.78,4.021,223.0,0,0.15149481513766724,Normal,Good,-
M09653,Type_07,73.59,1.99,220.5,11.1,2.203,770.8,0,0.15149233152396677,Normal,Good,-
M00432,Type_07,64.3,3.57,219.5,12.76,2.521,464.8,0,0.15147808870067692,Normal,Good,-
M00711,Type_19,76.0,2.57,219.9,13.65,2.701,170.5,0,0.15146200144807587,Normal,Good,-
M06021,Type_07,60.76,3.38,217.5,13.33,2.609,802.8,0,0.15146122997523917,Normal,Good,-
M08977,Type_19,68.6,2.11,215.8,13.84,2.688,716.5,0,0.15145728406647577,Normal,Good,-
M02763,Type_25,62.24,0.1,218.5,21.86,4.299,89.1,0,0.1514567482922596,Normal,Good,-
M03871,Type_04,50.72,1.42,214.6,10.37,2.003,168.8,0,0.15144780817311546,Normal,Good,-
M07728,Type_05,56.9,2.15,226.7,9.83,2.006,380.1,0,0.15144516617110784,Normal,Good,-
M07766,Type_07,59.29,2.16,220.9,18.69,3.716,813.0,0,0.1514369703220885,Normal,Good,-
M07267,Type_01,72.91,2.33,222.1,12.19,2.437,871.7,0,0.15141323633256534,Normal,Good,-
M07345,Type_19,43.57,2.3,217.5,11.66,2.282,743.8,0,0.15141122235736004,Normal,Good,-
M06554,Type_14,56.82,1.7,214.9,12.2,2.36,383.3,0,0.15140954778522303,Normal,Good,-
M01607,Type_12,65.05,1.91,226.3,16.41,3.342,534.9,0,0.1514033395863686,Normal,Good,-
M09863,Type_11,58.15,2.14,220.5,14.25,2.828,627.1,0,0.15140009856165038,Normal,Good,-
M03305,Type_21,72.63,1.82,216.2,19.34,3.763,480.0,0,0.1513979634029319,Normal,Good,-
M09839,Type_12,67.1,3.24,221.7,16.47,3.286,645.2,0,0.1513932043288996,Normal,Good,-
M08654,Type_14,67.78,1.08,229.4,15.17,3.132,299.1,0,0.15138954636125773,Normal,Good,-
M00702,Type_09,58.78,1.42,223.1,14.63,2.938,612.8,0,0.15138529568621475,Normal,Good,-
M06209,Type_09,62.11,1.48,224.5,14.28,2.885,443.4,0,0.15138529568621475,Normal,Good,-
M08341,Type_19,67.79,0.1,212.5,16.5,3.156,237.6,0,0.15138061998290658,Normal,Good,-
M08262,Type_01,65.16,3.25,223.3,10.47,2.104,947.6,0,0.15137746092121138,Normal,Good,-
M09093,Type_23,76.08,3.33,213.8,19.27,3.708,571.5,0,0.15137241643292199,Normal,Good,-
M07546,Type_13,73.85,2.92,219.0,11.61,2.288,340.0,0,0.15136958638113499,Normal,Good,-
M05098,Type_04,54.37,2.68,214.7,18.5,3.575,964.6,0,0.15136734909390293,Normal,Good,-
M09583,Type_21,79.32,1.55,219.5,15.71,3.104,411.9,0,0.15136306776131303,Normal,Good,-
M08527,Type_18,72.07,2.96,216.9,16.69,3.258,567.6,0,0.15136003488285815,Normal,Good,-
M07184,Type_12,68.52,1.67,218.0,17.89,3.51,335.2,0,0.1513599573065427,Normal,Good,-
M07496,Type_01,76.8,3.54,220.3,11.71,2.322,680.2,0,0.15135840671117923,Normal,Good,-
M03788,Type_19,61.81,1.83,223.6,14.92,3.003,402.0,0,0.15135256371879977,Normal,Good,-
M02264,Type_09,67.91,2.34,216.2,14.97,2.913,686.5,0,0.15134715099639043,Normal,Good,-
M06636,Type_19,66.0,1.73,219.2,12.42,2.45,482.3,0,0.15134597086127344,Normal,Good,-
M08970,Type_19,63.33,1.86,215.3,12.58,2.438,518.5,0,0.15134597086127344,Normal,Good,-
M07968,Type_14,58.94,0.83,215.3,14.75,2.858,436.3,0,0.15134385684387053,Normal,Good,-
M03112,Type_23,60.39,2.34,217.9,18.84,3.695,425.8,0,0.1513392397913597,Normal,Good,-
M05880,Type_09,58.81,3.0,219.1,18.12,3.573,689.9,0,0.1513370904338418,Normal,Good,-
M07110,Type_09,60.08,3.31,223.1,17.55,3.524,729.0,0,0.1513370904338418,Normal,Good,-
M04469,Type_07,72.01,2.57,216.9,19.76,3.857,303.0,0,0.15133356284472865,Normal,Good,-
M06706,Type_18,78.31,2.52,223.6,18.11,3.644,524.0,0,0.15133164436738025,Normal,Good,-
M08890,Type_18,67.59,2.07,217.8,17.62,3.454,53.1,0,0.15132499588077628,Normal,Good,-
M05149,Type_08,56.77,1.87,216.5,12.93,2.519,401.7,0,0.1513223949181294,Normal,Good,-
M06832,Type_10,61.25,2.6,220.7,20.82,4.135,841.0,0,0.15131733842598027,Normal,Good,-
M08636,Type_12,68.81,2.68,221.3,13.23,2.635,228.6,0,0.1513160740097743,Normal,Good,-
M08672,Type_09,77.9,0.71,225.9,12.49,2.539,715.1,0,0.15131173853553853,Normal,Good,-
M08588,Type_02,68.84,2.22,219.1,13.43,2.648,444.8,0,0.15130868371196074,Normal,Good,-
M05677,Type_13,76.02,4.25,218.3,15.0,2.947,272.0,0,0.1513073407199194,Normal,Good,-
M05523,Type_19,70.94,0.47,216.0,14.19,2.759,70.4,0,0.15130049238016294,Normal,Good,-
M07697,Type_21,52.5,2.61,221.4,18.67,3.72,668.2,0,0.1513002061289214,Normal,Good,-
M00671,Type_22,75.47,0.1,223.4,15.11,3.038,793.5,0,0.15129668595972995,Normal,Good,-
M02192,Type_08,77.9,1.2,229.9,13.49,2.791,389.7,0,0.15128836232907494,Normal,Good,-
M02568,Type_19,68.23,1.91,217.9,13.62,2.671,869.1,0,0.15128582939806426,Normal,Good,-
M03294,Type_19,66.35,1.66,218.7,12.93,2.545,819.9,0,0.15128582939806426,Normal,Good,-
M06004,Type_16,55.65,0.82,221.1,19.93,3.966,818.3,0,0.1512855705149744,Normal,Good,-
M00397,Type_22,58.27,1.73,221.2,15.29,3.044,534.5,0,0.15128446097598444,Normal,Good,-
M00861,Type_09,51.84,1.9,225.0,15.08,3.054,181.4,0,0.1512768861218005,Normal,Good,-
M05577,Type_11,65.88,0.48,220.9,15.92,3.165,696.9,0,0.15127403362303624,Normal,Good,-
M01036,Type_01,68.05,1.06,221.8,18.9,3.773,956.3,0,0.15126155325878263,Normal,Good,-
M00134,Type_08,62.27,2.96,218.1,15.05,2.954,616.7,0,0.1512458401464305,Normal,Good,-
M03755,Type_05,43.87,3.31,215.6,20.82,4.04,628.2,0,0.1512429199848464,Normal,Good,-
M07796,Type_21,62.12,3.14,219.4,12.93,2.553,709.8,0,0.15123179309182866,Normal,Good,-
M07425,Type_13,51.87,1.76,217.3,10.71,2.095,431.3,0,0.1512234967577426,Normal,Good,-
M03209,Type_03,49.52,2.94,210.4,13.74,2.602,921.7,0,0.15122146640639111,Normal,Good,-
M08029,Type_11,67.58,0.1,224.6,13.41,2.711,907.3,0,0.15122106981972794,Normal,Good,-
M07884,Type_19,64.87,1.65,216.4,11.17,2.175,173.7,0,0.15122027291153772,Normal,Good,-
M05901,Type_17,74.01,1.07,221.1,17.32,3.447,407.0,0,0.15121329162717853,Normal,Good,-
M05822,Type_24,52.36,2.16,223.4,13.88,2.791,127.1,0,0.1512120262543614,Normal,Good,-
M05084,Type_11,67.8,2.94,212.7,13.74,2.63,668.0,0,0.15121010592355774,Normal,Good,-
M08787,Type_11,69.13,2.0,223.9,13.31,2.682,934.2,0,0.15120044197320529,Normal,Good,-
M01158,Type_17,76.82,1.87,215.8,11.82,2.296,830.4,0,0.15120029811936514,Normal,Good,-
M05565,Type_24,63.18,1.8,217.6,16.2,3.173,243.8,0,0.15118495740049817,Normal,Good,-
M00767,Type_02,68.92,4.15,216.5,13.94,2.716,522.9,0,0.15118116275955432,Normal,Good,-
M01401,Type_08,45.94,1.8,212.1,18.72,3.573,508.1,0,0.15117192387870554,Normal,Good,-
M02560,Type_17,70.78,1.47,215.9,12.62,2.452,656.7,0,0.15116573675341394,Normal,Good,-
M03165,Type_11,74.15,1.05,225.3,16.07,3.259,644.5,0,0.1511631811267013,Normal,Good,-
M08793,Type_08,71.46,1.72,229.0,13.85,2.854,432.7,0,0.15116213753020288,Normal,Good,-
M09550,Type_13,80.32,1.74,222.4,18.35,3.673,916.5,0,0.15115900326207268,Normal,Good,-
M02786,Type_19,64.18,3.01,222.2,10.38,2.076,624.4,0,0.15115526706170526,Normal,Good,-
M04762,Type_19,61.81,2.93,224.3,10.64,2.148,587.3,0,0.15115526706170526,Normal,Good,-
M05779,Type_14,68.37,0.72,218.3,14.36,2.821,418.6,0,0.15113805272129394,Normal,Good,-
M01282,Type_07,67.82,1.91,221.3,16.98,3.382,680.7,0,0.15113598798889863,Normal,Good,-
M01850,Type_22,56.92,0.99,215.1,14.79,2.863,898.0,0,0.1511315654205455,Normal,Good,-
M03975,Type_12,69.0,3.05,224.9,16.18,3.275,620.0,0,0.15112710210367322,Normal,Good,-
M03484,Type_14,60.51,2.62,218.8,17.35,3.417,935.0,0,0.15112468674034474,Normal,Good,-
M02195,Type_02,69.88,1.43,224.9,19.62,3.971,473.2,0,0.15112435831826965,Normal,Good,-
M04862,Type_04,69.24,2.43,218.0,10.7,2.099,312.4,0,0.15112172236996868,Normal,Good,-
M00094,Type_08,64.59,1.48,218.2,12.47,2.449,675.0,0,0.1511051579961642,Normal,Good,-
M09465,Type_12,76.92,2.89,215.5,17.97,3.485,766.1,0,0.15110236752411904,Normal,Good,-
M07660,Type_03,32.62,2.05,214.5,11.66,2.251,781.3,0,0.15110089130033327,Normal,Good,-
M03790,Type_12,73.01,0.72,221.0,12.64,2.514,86.9,0,0.15109688498274962,Normal,Good,-
M03660,Type_11,53.28,1.98,217.2,13.75,2.688,330.5,0,0.15109108450202555,Normal,Good,-
M01511,Type_09,71.07,1.04,219.3,14.24,2.811,452.7,0,0.1510816498527937,Normal,Good,-
M05547,Type_24,52.94,3.53,217.0,17.03,3.326,290.1,0,0.15108065932160875,Normal,Good,-
M00116,Type_19,67.9,3.24,221.8,12.82,2.559,788.2,0,0.15107189036695698,Normal,Good,-
M01984,Type_12,67.93,2.77,216.9,17.12,3.342,337.2,0,0.1510655607663999,Normal,Good,-
M06401,Type_11,65.78,1.2,216.7,12.13,2.366,488.8,0,0.15104653206347157,Normal,Good,-
M09966,Type_14,68.06,2.29,215.2,13.15,2.547,342.9,0,0.15103349612969266,Normal,Good,-
M08255,Type_18,71.68,2.46,224.3,18.21,3.676,788.8,0,0.1510328819359187,Normal,Good,-
M00428,Type_23,56.06,4.16,227.2,17.29,3.535,587.7,0,0.15103205215996637,Normal,Good,-
M01635,Type_09,58.53,1.46,225.3,11.78,2.389,289.0,0,0.1510315439899152,Normal,Good,-
M09763,Type_18,70.77,1.44,220.8,16.17,3.213,305.6,0,0.15102670708107127,Normal,Good,-
M01924,Type_13,59.05,2.47,213.1,13.92,2.67,269.6,0,0.15102571735462836,Normal,Good,-
M06612,Type_07,72.43,1.79,222.6,18.13,3.632,797.5,0,0.15101783051204706,Normal,Good,-
M05487,Type_09,58.94,2.2,219.2,13.48,2.659,262.9,0,0.1509998819927078,Normal,Good,-
M08545,Type_09,55.64,0.53,226.6,13.12,2.676,810.5,0,0.15099617488160738,Normal,Good,-
M06981,Type_12,66.31,3.02,219.0,15.54,3.063,312.2,0,0.150990743535339,Normal,Good,-
M07483,Type_12,73.93,1.12,216.7,19.81,3.864,197.9,0,0.15098559874575693,Normal,Good,-
M03597,Type_23,65.39,2.28,223.2,12.36,2.483,54.2,0,0.15098253719834895,Normal,Good,-
M06349,Type_13,57.44,2.26,215.3,12.67,2.455,414.8,0,0.15098061460169845,Normal,Good,-
M02020,Type_18,61.99,2.76,218.2,15.72,3.087,414.9,0,0.15097066243966137,Normal,Good,-
M08951,Type_19,61.56,1.03,217.5,16.7,3.269,354.2,0,0.15096915224769636,Normal,Good,-
M01974,Type_24,66.17,2.34,211.4,14.87,2.829,77.2,0,0.15096609606465283,Normal,Good,-
M08556,Type_18,72.75,2.61,222.7,14.82,2.97,431.9,0,0.15095430089079165,Normal,Good,-
M05239,Type_21,57.15,1.6,227.1,14.31,2.925,969.6,0,0.15094943851845044,Normal,Good,-
M01871,Type_01,56.55,1.73,221.1,14.3,2.846,307.6,0,0.15094556948178528,Normal,Good,-
M07144,Type_19,47.39,2.78,222.8,11.65,2.336,813.7,0,0.1509453282759713,Normal,Good,-
M06655,Type_19,59.18,3.76,221.5,13.55,2.701,935.6,0,0.15094316946868017,Normal,Good,-
M02554,Type_19,68.33,1.95,214.0,12.39,2.386,154.0,0,0.15094252981612946,Normal,Good,-
M07532,Type_09,68.8,2.61,219.3,18.68,3.687,446.3,0,0.1509365574893186,Normal,Good,-
M01706,Type_01,64.12,2.79,224.1,16.71,3.37,131.9,0,0.15093462925747292,Normal,Good,-
M04926,Type_12,51.99,2.73,220.6,15.78,3.133,380.1,0,0.15092937761214859,Normal,Good,-
M05526,Type_07,49.45,2.98,213.6,13.02,2.503,499.1,0,0.15092827046517196,Normal,Good,-
M03230,Type_07,68.04,2.82,214.8,13.3,2.571,721.0,0,0.15092755497037394,Normal,Good,-
M08450,Type_24,79.69,2.83,226.3,19.26,3.923,312.3,0,0.1509237548607402,Normal,Good,-
M03812,Type_12,73.7,1.16,221.2,16.52,3.289,588.0,0,0.15091812353006712,Normal,Good,-
M09985,Type_12,71.64,1.22,217.8,16.41,3.217,872.2,0,0.15091812353006712,Normal,Good,-
M05627,Type_12,65.68,3.07,226.6,15.72,3.206,434.0,0,0.15091280525156825,Normal,Good,-
M04123,Type_17,75.46,1.53,225.3,11.87,2.407,889.5,0,0.1509078002148426,Normal,Good,-
M03111,Type_12,63.9,1.08,222.9,19.78,3.968,973.3,0,0.15090722126054856,Normal,Good,-
M06518,Type_18,67.25,1.86,222.8,16.4,3.289,604.1,0,0.15089389275704257,Normal,Good,-
M07882,Type_02,51.8,0.17,216.6,16.11,3.14,776.6,0,0.15089342738639644,Normal,Good,-
M03333,Type_19,74.06,0.3,219.5,13.12,2.592,755.8,0,0.15089279131684746,Normal,Good,-
M09606,Type_18,48.65,0.78,219.1,15.22,3.001,722.2,0,0.15089187235362664,Normal,Good,-
M00536,Type_11,63.5,1.88,219.4,13.15,2.597,305.2,0,0.1508872638008831,Normal,Good,-
M03667,Type_03,65.55,3.07,223.7,12.75,2.567,382.9,0,0.15088413496872544,Normal,Good,-
M00114,Type_07,64.47,3.93,219.6,14.31,2.828,411.1,0,0.15086433398243795,Normal,Good,-
M07965,Type_21,70.53,0.1,224.8,14.27,2.887,735.7,0,0.15086360553523473,Normal,Good,-
M08777,Type_08,77.6,2.47,228.7,12.49,2.571,556.9,0,0.1508604716327085,Normal,Good,-
M01820,Type_14,66.74,1.03,220.3,20.2,4.005,991.3,0,0.15085716611864788,Normal,Good,-
M05103,Type_24,76.8,2.23,219.6,13.11,2.591,95.3,0,0.15084713962258062,Normal,Good,-
M08741,Type_09,60.15,3.29,222.1,16.56,3.31,863.6,0,0.15084700243784707,Normal,Good,-
M04765,Type_02,65.38,1.66,223.2,16.95,3.405,462.4,0,0.15084457636255727,Normal,Good,-
M04978,Type_01,68.13,1.67,222.0,16.77,3.351,318.0,0,0.15083826154348465,Normal,Good,-
M02924,Type_16,37.62,1.33,219.6,20.36,4.024,399.5,0,0.15081938799691255,Normal,Good,-
M03817,Type_22,35.7,3.08,229.9,14.08,2.913,943.8,0,0.15081570955503065,Normal,Good,-
M02005,Type_04,46.3,1.4,217.5,15.12,2.96,200.2,0,0.15080998217302405,Normal,Good,-
M09707,Type_06,62.76,1.63,222.5,20.06,4.017,745.6,0,0.1508085975146225,Normal,Good,-
M00480,Type_19,61.47,2.16,215.7,12.4,2.407,737.1,0,0.1508054303207329,Normal,Good,-
M08697,Type_19,58.83,2.19,224.0,12.53,2.526,712.5,0,0.1508054303207329,Normal,Good,-
M01725,Type_14,57.17,0.97,213.7,15.81,3.041,634.7,0,0.15080410404574607,Normal,Good,-
M09609,Type_11,60.65,3.46,216.7,10.38,2.024,118.4,0,0.1508031008791616,Normal,Good,-
M00718,Type_14,71.58,3.0,219.5,15.55,3.072,811.0,0,0.15080177686843257,Normal,Good,-
M04905,Type_04,68.96,1.25,223.5,14.86,2.989,304.9,0,0.15080164140397576,Normal,Good,-
M03394,Type_02,73.67,2.21,223.1,13.98,2.807,281.2,0,0.15079715204156138,Normal,Good,-
M05494,Type_11,66.42,2.53,225.8,10.89,2.213,151.3,0,0.1507932175326515,Normal,Good,-
M05785,Type_24,52.55,2.07,215.9,13.23,2.571,580.4,0,0.15079097259347637,Normal,Good,-
M06902,Type_09,57.53,2.5,219.9,17.94,3.551,690.1,0,0.150788910433034,Normal,Good,-
M05059,Type_22,48.87,2.53,219.5,15.53,3.068,245.4,0,0.15078838295465727,Normal,Good,-
M04558,Type_25,55.49,1.56,219.2,12.06,2.379,813.1,0,0.15078088897130437,Normal,Good,-
M05832,Type_07,58.55,1.06,217.2,14.99,2.93,976.7,0,0.150778170991659,Normal,Good,-
M06380,Type_11,65.63,2.2,220.1,15.38,3.047,823.4,0,0.15077550948612267,Normal,Good,-
M02937,Type_19,53.02,2.2,222.6,16.4,3.286,404.4,0,0.15077429429717845,Normal,Good,-
M03252,Type_19,53.99,0.1,223.5,15.34,3.086,216.5,0,0.15077016119103265,Normal,Good,-
M06578,Type_04,71.97,0.38,218.7,10.69,2.104,595.3,0,0.15076786656059102,Normal,Good,-
M09831,Type_12,72.81,1.47,219.0,17.17,3.384,313.4,0,0.15076303819319342,Normal,Good,-
M04363,Type_25,49.11,2.84,222.2,11.89,2.378,160.3,0,0.1507528090815146,Normal,Good,-
M03579,Type_17,60.88,2.37,224.6,14.54,2.939,163.6,0,0.15075103426091063,Normal,Good,-
M00077,Type_01,59.86,0.6,221.4,16.84,3.356,650.7,0,0.1507442705902408,Normal,Good,-
M01983,Type_01,59.37,1.08,220.3,16.99,3.369,649.1,0,0.1507442705902408,Normal,Good,-
M04161,Type_11,53.32,2.05,220.3,14.18,2.811,585.2,0,0.15074355012373522,Normal,Good,-
M02444,Type_09,56.98,1.3,216.4,12.81,2.495,623.7,0,0.15074230376528988,Normal,Good,-
M05323,Type_09,58.61,1.23,222.3,13.04,2.609,807.6,0,0.15074230376528988,Normal,Good,-
M09028,Type_12,64.31,1.67,214.9,14.12,2.731,276.6,0,0.15074220820797468,Normal,Good,-
M03399,Type_13,65.0,3.95,218.8,10.45,2.058,718.4,0,0.15072483100381873,Normal,Good,-
M09280,Type_18,57.76,1.22,219.0,15.11,2.978,742.4,0,0.15072225767120326,Normal,Good,-
M06335,Type_12,56.23,1.48,220.6,17.07,3.389,690.1,0,0.15071617690751027,Normal,Good,-
M01122,Type_11,69.93,3.43,220.7,12.25,2.433,757.4,0,0.15071170247078267,Normal,Good,-
M07367,Type_02,66.31,1.59,210.1,15.72,2.972,290.6,0,0.15070784456833994,Normal,Good,-
M04422,Type_21,60.08,2.9,216.7,16.73,3.263,776.1,0,0.15070230682477548,Normal,Good,-
M02538,Type_21,60.24,1.76,222.5,13.11,2.625,918.7,0,0.15070177459551448,Normal,Good,-
M00705,Type_12,76.1,1.96,217.7,14.56,2.853,288.3,0,0.1506997432248582,Normal,Good,-
M06611,Type_02,47.46,1.7,216.8,17.33,3.381,281.5,0,0.15069582245847146,Normal,Good,-
M09000,Type_17,66.34,1.16,214.8,11.81,2.283,542.7,0,0.15069572730245326,Normal,Good,-
M05513,Type_19,71.65,1.31,217.1,16.58,3.24,884.1,0,0.15068244571758613,Normal,Good,-
M05873,Type_03,63.02,2.22,226.0,17.82,3.625,575.0,0,0.1506802625756313,Normal,Good,-
M00573,Type_07,72.97,1.73,216.2,18.71,3.641,768.3,0,0.1506732727672992,Normal,Good,-
M04974,Type_10,46.67,2.68,218.6,20.17,3.968,364.4,0,0.15067275809920314,Normal,Good,-
M07538,Type_21,55.09,2.25,220.7,18.09,3.593,906.2,0,0.1506702447247735,Normal,Good,-
M09633,Type_14,70.33,1.37,225.2,15.34,3.109,173.0,0,0.15066719964881395,Normal,Good,-
M02645,Type_08,59.05,2.65,210.1,20.08,3.797,842.1,0,0.1506612810517926,Normal,Good,-
M07824,Type_22,60.88,1.88,227.2,21.13,4.321,723.8,0,0.15065529927708496,Normal,Good,-
M03312,Type_02,60.88,0.34,214.4,17.61,3.398,770.4,0,0.15065518866509262,Normal,Good,-
M00961,Type_23,72.74,2.52,225.0,16.68,3.378,733.6,0,0.1506543602827518,Normal,Good,-
M07599,Type_01,68.94,1.73,220.8,11.4,2.265,810.6,0,0.150650398014939,Normal,Good,-
M04822,Type_11,63.52,2.37,219.5,14.65,2.894,618.2,0,0.1506379795297353,Normal,Good,-
M02997,Type_20,73.16,3.61,210.9,14.25,2.705,62.0,0,0.15063017250100486,Normal,Good,-
M04219,Type_11,59.27,2.06,218.2,11.13,2.186,574.7,0,0.15062944240950352,Normal,Good,-
M00127,Type_09,68.26,1.02,224.5,16.37,3.308,532.4,0,0.1506290475335313,Normal,Good,-
M06328,Type_02,75.53,2.3,225.6,12.17,2.471,330.6,0,0.15062739025165295,Normal,Good,-
M07439,Type_10,66.19,1.52,223.8,11.56,2.328,404.0,0,0.15062023939001695,Normal,Good,-
M08387,Type_07,60.74,3.68,219.3,9.9,1.954,669.7,0,0.1506055997897909,Normal,Good,-
M05993,Type_18,64.38,1.19,220.8,17.01,3.38,622.9,0,0.15060514029562963,Normal,Good,-
M08214,Type_24,68.41,2.01,223.1,20.82,4.18,254.5,0,0.15060459645935473,Normal,Good,-
M06798,Type_07,72.24,0.1,218.0,18.19,3.569,768.3,0,0.15059723076720388,Normal,Good,-
M05151,Type_24,57.04,3.16,221.7,15.2,3.033,187.6,0,0.150590045751843,Normal,Good,-
M00866,Type_18,73.72,1.75,212.6,16.1,3.081,658.8,0,0.15058909250053648,Normal,Good,-
M03732,Type_19,52.76,2.0,216.0,19.78,3.845,248.8,0,0.150586393653401,Normal,Good,-
M08196,Type_23,78.84,2.54,212.3,19.44,3.714,513.2,0,0.15058589878977943,Normal,Good,-
M03903,Type_09,44.72,3.77,221.9,16.28,3.251,236.3,0,0.15058131949612594,Normal,Good,-
M01247,Type_08,66.13,2.71,211.4,15.44,2.938,823.0,0,0.1505812783226584,Normal,Good,-
M03064,Type_19,66.56,0.94,217.1,13.53,2.644,718.9,0,0.15058009986166937,Normal,Good,-
M09898,Type_09,56.42,3.87,218.1,15.83,3.107,829.7,0,0.1505792229172292,Normal,Good,-
M04225,Type_09,68.64,1.51,214.8,19.76,3.82,562.3,0,0.15057454752816857,Normal,Good,-
M02376,Type_17,64.77,1.72,215.6,12.67,2.458,515.8,0,0.15057329545176598,Normal,Good,-
M08194,Type_02,64.43,2.68,224.0,17.05,3.437,553.2,0,0.1505729973117456,Normal,Good,-
M08855,Type_21,75.05,2.23,213.5,15.8,3.036,672.9,0,0.15057003042932177,Normal,Good,-
M05956,Type_11,66.96,1.83,229.6,12.0,2.48,386.4,0,0.15056599401053117,Normal,Good,-
M07167,Type_03,76.18,1.95,221.6,18.57,3.704,559.7,0,0.15056577459700507,Normal,Good,-
M06772,Type_23,71.96,2.34,222.5,19.05,3.815,598.0,0,0.15056382974529553,Normal,Good,-
M00218,Type_03,65.83,0.93,214.6,17.05,3.293,480.2,0,0.15055931486118898,Normal,Good,-
M01377,Type_01,65.8,1.85,212.5,11.7,2.238,383.6,0,0.15055658719508483,Normal,Good,-
M02169,Type_18,60.07,1.78,216.2,16.78,3.265,512.9,0,0.15055576967469608,Normal,Good,-
M00313,Type_24,70.85,2.56,224.5,16.78,3.39,594.9,0,0.15054765457507505,Normal,Good,-
M03419,Type_09,70.11,0.86,214.0,18.18,3.501,463.7,0,0.1505465029183556,Normal,Good,-
M05943,Type_09,51.33,2.01,224.9,19.08,3.862,848.7,0,0.15054609425845256,Normal,Good,-
M00995,Type_18,68.93,0.45,228.9,14.24,2.934,146.0,0,0.15054293238384941,Normal,Good,-
M07477,Type_19,74.12,2.95,218.2,14.16,2.781,105.5,0,0.15053714794983347,Normal,Good,-
M05134,Type_10,40.61,3.0,212.5,12.5,2.391,404.5,0,0.1505367012427768,Normal,Good,-
M08112,Type_03,75.36,0.32,222.6,18.47,3.7,849.2,0,0.15053596879919032,Normal,Good,-
M02998,Type_03,70.98,3.47,218.5,15.64,3.076,236.3,0,0.15052899759189128,Normal,Good,-
M08345,Type_12,62.96,0.1,220.4,17.59,3.489,543.6,0,0.1505252014746786,Normal,Good,-
M00019,Type_09,59.96,1.46,218.2,14.05,2.759,527.3,0,0.1505249265471571,Normal,Good,-
M06103,Type_02,56.1,1.64,219.7,13.73,2.715,155.2,0,0.15052178990547427,Normal,Good,-
M04111,Type_12,65.39,1.21,215.4,18.47,3.581,334.2,0,0.15051494185741363,Normal,Good,-
M04371,Type_18,70.6,3.41,225.1,16.18,3.278,210.5,0,0.15051044424646964,Normal,Good,-
M02908,Type_19,51.62,2.07,213.8,11.96,2.301,288.0,0,0.15050229444562152,Normal,Good,-
M05749,Type_17,55.8,2.47,223.6,12.76,2.568,832.3,0,0.15050153376630993,Normal,Good,-
M04963,Type_19,43.94,2.44,221.9,13.4,2.676,917.7,0,0.15050123594385634,Normal,Good,-
M07154,Type_03,60.5,1.73,222.3,12.64,2.529,354.1,0,0.15050049065778487,Normal,Good,-
M00247,Type_18,56.08,1.83,219.1,16.09,3.173,654.0,0,0.1504984027402278,Normal,Good,-
M01029,Type_17,74.08,0.98,223.4,10.24,2.059,493.0,0,0.15049710480331777,Normal,Good,-
M09937,Type_01,69.7,2.08,220.4,12.24,2.428,630.3,0,0.150494995010732,Normal,Good,-
M04832,Type_12,45.73,2.0,224.1,13.21,2.664,938.6,0,0.1504939493260466,Normal,Good,-
M05697,Type_10,33.78,1.66,213.7,12.18,2.343,308.5,0,0.1504938378688613,Normal,Good,-
M03056,Type_25,66.19,1.08,222.6,21.62,4.331,210.1,0,0.1504891495030047,Normal,Good,-
M09767,Type_18,76.51,0.97,222.8,19.52,3.914,842.5,0,0.15048594826856784,Normal,Good,-
M06223,Type_08,72.71,1.71,222.1,11.63,2.325,282.0,0,0.15048558918190685,Normal,Good,-
M01651,Type_18,70.43,0.87,216.0,12.31,2.393,236.2,0,0.15047423694210663,Normal,Good,-
M03964,Type_09,64.96,3.44,216.0,15.24,2.963,244.0,0,0.1504714022902148,Normal,Good,-
M03316,Type_02,68.35,2.01,222.1,20.48,4.094,216.5,0,0.15044981924071638,Normal,Good,-
M03863,Type_01,52.28,2.22,217.3,12.76,2.495,387.2,0,0.15044826638471437,Normal,Good,-
M00212,Type_02,57.49,1.24,220.0,14.91,2.952,666.4,0,0.1504362993773695,Normal,Good,-
M03322,Type_01,57.06,0.49,212.2,20.23,3.864,761.9,0,0.15043340889989779,Normal,Good,-
M09320,Type_19,62.07,1.63,221.6,15.52,3.095,572.7,0,0.15043037852840738,Normal,Good,-
M09211,Type_10,66.31,1.77,221.3,19.0,3.784,132.7,0,0.15042915994036968,Normal,Good,-
M01448,Type_08,67.73,3.63,220.5,15.37,3.05,680.0,0,0.15042277521565306,Normal,Good,-
M01614,Type_04,57.9,1.4,217.9,10.6,2.079,842.7,0,0.15042195402327607,Normal,Good,-
M00379,Type_09,69.89,3.27,219.0,17.94,3.536,864.2,0,0.1504182695984155,Normal,Good,-
M04733,Type_24,69.1,1.45,223.1,16.3,3.273,492.8,0,0.15041785384302656,Normal,Good,-
M07132,Type_20,65.29,3.48,219.4,14.19,2.802,971.0,0,0.15041622024697995,Normal,Good,-
M07463,Type_24,60.57,0.47,221.3,17.19,3.424,821.5,0,0.15040977784125217,Normal,Good,-
M06567,Type_18,61.13,2.58,217.8,11.54,2.262,259.3,0,0.1504079634518182,Normal,Good,-
M03839,Type_14,53.53,2.09,218.6,17.73,3.488,107.7,0,0.1504064176508249,Normal,Good,-
M01077,Type_09,71.96,1.79,221.2,14.15,2.817,146.8,0,0.15040304560558038,Normal,Good,-
M06399,Type_01,65.01,2.19,214.4,12.91,2.491,663.2,0,0.15039750413061706,Normal,Good,-
M07460,Type_17,56.03,2.81,222.9,13.26,2.66,186.9,0,0.15038612784874952,Normal,Good,-
M02507,Type_14,67.3,1.12,213.8,11.26,2.167,621.1,0,0.1503857808325337,Normal,Good,-
M09325,Type_04,79.21,3.25,220.1,17.58,3.482,257.7,0,0.15038414460409089,Normal,Good,-
M06635,Type_12,67.34,2.79,223.7,15.46,3.113,875.4,0,0.15037913024670302,Normal,Good,-
M02867,Type_18,61.01,2.68,224.1,10.53,2.124,668.6,0,0.15037696227103198,Normal,Good,-
M09030,Type_19,66.02,1.56,215.8,19.55,3.797,841.3,0,0.15037346511413247,Normal,Good,-
M08668,Type_07,54.0,2.46,225.7,16.72,3.396,680.5,0,0.15037339560114235,Normal,Good,-
M02711,Type_06,67.71,3.61,224.9,19.06,3.858,376.8,0,0.15037014048635197,Normal,Good,-
M00586,Type_12,64.28,2.05,219.9,15.44,3.056,760.4,0,0.15036462525076044,Normal,Good,-
M02043,Type_12,61.61,1.84,223.8,16.28,3.279,694.8,0,0.15036462525076044,Normal,Good,-
M04940,Type_12,61.98,2.49,220.0,15.95,3.158,551.2,0,0.15036462525076044,Normal,Good,-
M00877,Type_16,65.51,3.22,222.9,18.82,3.775,251.1,0,0.15035251219714052,Normal,Good,-
M07499,Type_12,66.67,2.18,210.0,14.93,2.822,922.8,0,0.1503516015962326,Normal,Good,-
M00849,Type_12,72.93,2.89,209.8,15.72,2.968,898.8,0,0.15034048977337253,Normal,Good,-
M09219,Type_24,66.68,0.76,218.8,19.64,3.868,371.2,0,0.15032703275703518,Normal,Good,-
M06817,Type_25,55.22,2.18,211.9,15.22,2.903,226.6,0,0.15032462673688238,Normal,Good,-
M02752,Type_09,64.98,2.75,220.6,18.16,3.605,628.2,0,0.15032301635164524,Normal,Good,-
M08064,Type_09,62.9,2.53,220.0,18.24,3.612,790.8,0,0.15032301635164524,Normal,Good,-
M08425,Type_02,60.97,1.89,221.6,14.13,2.818,259.4,0,0.1503228468871176,Normal,Good,-
M05000,Type_22,73.58,1.34,212.8,14.42,2.762,840.5,0,0.15032282071298267,Normal,Good,-
M07672,Type_25,52.17,0.63,225.1,12.82,2.597,53.4,0,0.15032192079845808,Normal,Good,-
M06525,Type_08,70.38,2.65,219.2,13.46,2.655,542.1,0,0.15031716090929328,Normal,Good,-
M00227,Type_03,52.32,0.1,211.7,19.8,3.772,248.5,0,0.1503111125320668,Normal,Good,-
M08738,Type_02,57.4,1.99,222.9,14.08,2.825,644.8,0,0.150307758527441,Normal,Good,-
M05995,Type_07,66.9,1.99,211.5,14.04,2.673,259.0,0,0.15030355118196806,Normal,Good,-
M04572,Type_19,67.06,1.13,219.9,16.73,3.311,866.4,0,0.15030322186441147,Normal,Good,-
M09756,Type_08,52.47,2.25,224.1,19.35,3.903,153.5,0,0.15030123715567154,Normal,Good,-
M00744,Type_18,66.7,1.19,219.1,14.37,2.834,888.4,0,0.15029811214863387,Normal,Good,-
M03576,Type_11,75.26,1.93,218.8,17.58,3.462,482.4,0,0.15029423266945835,Normal,Good,-
M00704,Type_23,59.1,1.65,214.4,15.01,2.896,109.6,0,0.15029188789586714,Normal,Good,-
M01463,Type_18,61.54,1.52,224.7,15.47,3.128,117.9,0,0.15029099334346924,Normal,Good,-
M03442,Type_20,70.87,1.94,221.5,14.78,2.946,976.5,0,0.15029064097417932,Normal,Good,-
M04973,Type_09,56.0,1.58,224.4,13.11,2.648,308.8,0,0.15029056702709764,Normal,Good,-
M09153,Type_09,67.53,3.3,218.0,15.9,3.12,594.7,0,0.15028868717957028,Normal,Good,-
M00473,Type_02,63.36,0.88,226.4,18.19,3.706,504.7,0,0.1502883389189465,Normal,Good,-
M00885,Type_07,67.64,1.09,220.8,19.08,3.792,749.7,0,0.15028546536638068,Normal,Good,-
M04314,Type_09,55.53,2.37,219.1,14.38,2.836,773.9,0,0.1502848580207093,Normal,Good,-
M07146,Type_17,48.62,0.1,224.2,12.21,2.464,300.8,0,0.1502817192392735,Normal,Good,-
M02317,Type_11,65.75,1.6,224.6,15.55,3.143,132.1,0,0.1502776650333758,Normal,Good,-
M00825,Type_19,76.56,1.63,214.8,16.68,3.225,562.8,0,0.15027285361811638,Normal,Good,-
M08981,Type_10,75.68,3.55,222.5,14.35,2.874,278.8,0,0.15027209408007391,Normal,Good,-
M01321,Type_16,68.08,2.85,219.3,17.7,3.493,878.6,0,0.15026696379687532,Normal,Good,-
M04575,Type_21,56.56,0.23,219.8,15.25,3.017,709.9,0,0.15026490920559246,Normal,Good,-
M01237,Type_19,64.17,1.17,228.5,11.78,2.423,873.5,0,0.15025878384880578,Normal,Good,-
M00550,Type_18,50.98,2.56,221.5,16.46,3.281,179.1,0,0.15025021651781045,Normal,Good,-
M04915,Type_09,67.74,1.44,212.3,16.39,3.132,72.8,0,0.1502433666517077,Normal,Good,-
M09203,Type_03,63.22,2.25,220.4,18.68,3.705,318.5,0,0.15022999274458157,Normal,Good,-
M00856,Type_13,62.68,1.68,228.2,13.26,2.723,585.9,0,0.15022460272743637,Normal,Good,-
M09625,Type_19,54.55,1.79,223.3,18.63,3.744,827.5,0,0.1502156744863481,Normal,Good,-
M03828,Type_07,59.83,3.34,217.3,15.15,2.963,61.7,0,0.1502127648310679,Normal,Good,-
M01231,Type_11,61.51,3.86,218.5,10.71,2.106,905.1,0,0.15020782351310216,Normal,Good,-
M03336,Type_09,78.3,2.68,224.7,12.16,2.459,554.9,0,0.15020631756187305,Normal,Good,-
M02576,Type_18,45.71,1.1,214.6,12.76,2.464,913.3,0,0.15019597141326274,Normal,Good,-
M04996,Type_01,70.19,3.52,224.6,17.17,3.471,585.5,0,0.15019511960342835,Normal,Good,-
M05439,Type_21,60.5,1.1,223.8,11.66,2.349,513.9,0,0.15019452908595643,Normal,Good,-
M00075,Type_18,68.79,1.42,223.8,11.8,2.377,877.5,0,0.1501880941556765,Normal,Good,-
M09482,Type_19,76.52,3.82,215.2,16.19,3.136,930.2,0,0.15018718205350956,Normal,Good,-
M03615,Type_14,70.78,1.52,222.0,12.54,2.505,596.8,0,0.15018540303858388,Normal,Good,-
M07462,Type_13,69.38,1.75,223.8,11.59,2.334,713.0,0,0.15018322452736368,Normal,Good,-
M03255,Type_24,67.34,0.94,227.7,17.35,3.556,477.1,0,0.1501797661052682,Normal,Good,-
M02774,Type_15,80.31,0.6,213.7,14.71,2.829,185.9,0,0.1501739635664017,Normal,Good,-
M00948,Type_19,69.16,1.83,226.8,13.81,2.819,895.5,0,0.15016174038983665,Normal,Good,-
M02415,Type_01,73.91,0.99,227.6,18.62,3.814,864.6,0,0.1501588823701576,Normal,Good,-
M03130,Type_11,72.43,1.72,220.2,16.87,3.343,945.7,0,0.15015146793493697,Normal,Good,-
M06302,Type_13,62.02,2.88,212.4,13.57,2.594,791.3,0,0.15014685201196803,Normal,Good,-
M09496,Type_13,64.98,2.65,212.4,12.22,2.336,697.1,0,0.15014685201196803,Normal,Good,-
M05774,Type_04,63.68,0.82,215.9,12.19,2.369,246.2,0,0.1501354723929878,Normal,Good,-
M00748,Type_18,56.24,1.14,220.2,14.61,2.895,848.0,0,0.1501325725243325,Normal,Good,-
M06603,Type_11,73.54,1.32,222.7,11.83,2.371,740.0,0,0.15013171462170274,Normal,Good,-
M05583,Type_24,44.71,0.86,221.5,17.47,3.483,870.5,0,0.15012621973665408,Normal,Good,-
M03151,Type_17,59.38,1.45,221.2,11.55,2.299,820.1,0,0.15012192694120177,Normal,Good,-
M01923,Type_12,47.17,2.87,222.2,16.4,3.28,640.1,0,0.15011689880960144,Normal,Good,-
M01537,Type_01,67.67,3.12,218.4,11.08,2.178,366.0,0,0.15011496004133704,Normal,Good,-
M01536,Type_24,55.92,3.17,218.2,16.11,3.164,451.7,0,0.1501140134750565,Normal,Good,-
M09701,Type_07,73.97,1.37,226.1,16.24,3.305,765.8,0,0.1501074324587111,Normal,Good,-
M01587,Type_16,70.21,2.88,215.2,16.29,3.155,457.9,0,0.15010725667189878,Normal,Good,-
M00367,Type_01,66.83,2.03,226.2,18.34,3.734,401.7,0,0.1500917765695267,Normal,Good,-
M02666,Type_20,69.12,1.75,214.4,15.11,2.916,683.4,0,0.15008264107821392,Normal,Good,-
M01174,Type_17,67.14,2.16,217.0,13.21,2.58,254.2,0,0.15007953471292837,Normal,Good,-
M05393,Type_19,72.76,2.68,218.8,11.0,2.166,471.5,0,0.15007822361582815,Normal,Good,-
M01872,Type_10,67.66,2.35,217.1,22.33,4.363,789.6,0,0.1500748497020457,Normal,Good,-
M00563,Type_09,66.16,2.29,221.2,14.64,2.915,912.9,0,0.15006839094290453,Normal,Good,-
M06970,Type_23,66.67,1.91,217.5,18.94,3.708,634.6,0,0.15005500532220797,Normal,Good,-
M07376,Type_22,55.21,1.9,223.1,19.93,4.002,453.9,0,0.15004530751125858,Normal,Good,-
M02959,Type_19,66.0,2.34,224.9,13.23,2.678,790.1,0,0.15004331128881776,Normal,Good,-
M00371,Type_01,49.82,2.35,210.1,19.97,3.776,610.0,0,0.150042411408699,Normal,Good,-
M08032,Type_01,55.08,3.16,217.9,17.18,3.369,247.2,0,0.15004169253760746,Normal,Good,-
M04781,Type_12,59.74,1.25,220.2,14.48,2.87,678.2,0,0.1500405479876854,Normal,Good,-
M05081,Type_18,70.32,1.77,218.4,11.31,2.223,875.2,0,0.15003267180639374,Normal,Good,-
M05934,Type_04,59.68,0.72,212.5,14.35,2.744,325.5,0,0.15002919428562975,Normal,Good,-
M04480,Type_18,64.78,2.13,213.6,15.83,3.043,659.2,0,0.15002038637957973,Normal,Good,-
M03169,Type_24,74.1,3.65,215.8,17.16,3.333,583.7,0,0.15001983156031623,Normal,Good,-
M09147,Type_09,52.34,1.42,222.3,18.55,3.711,268.7,0,0.15001564687000282,Normal,Good,-
M00294,Type_08,77.75,2.78,224.6,14.28,2.887,419.6,0,0.15001154105892545,Normal,Good,-
M07871,Type_19,61.97,1.49,225.8,12.12,2.463,843.7,0,0.15000629950041788,Normal,Good,-
M03671,Type_01,61.23,1.08,213.3,19.44,3.732,860.1,0,0.15000514063555545,Normal,Good,-
M06094,Type_09,74.09,2.55,221.9,17.87,3.569,772.6,0,0.15000031217248838,Normal,Good,-
M09878,Type_09,66.09,0.1,216.4,19.85,3.866,934.7,0,0.14999973209860742,Normal,Good,-
M03129,Type_11,63.51,1.8,214.8,13.67,2.643,137.9,0,0.14999134390446472,Normal,Good,-
M05734,Type_18,77.23,1.89,213.8,18.2,3.502,623.2,0,0.14998476787661497,Normal,Good,-
M07944,Type_01,54.59,2.69,224.0,12.3,2.48,562.5,0,0.1499823723033256,Normal,Good,-
M06502,Type_01,49.61,0.75,222.9,13.09,2.626,549.5,0,0.14998173074795526,Normal,Good,-
M02646,Type_01,51.98,1.42,223.1,17.45,3.504,444.1,0,0.14998124628330578,Normal,Good,-
M08815,Type_22,38.38,2.27,210.9,13.98,2.654,260.7,0,0.14997843273571118,Normal,Good,-
M01770,Type_01,61.12,3.32,220.9,14.75,2.932,274.4,0,0.14997732128401486,Normal,Good,-
M08771,Type_01,63.51,2.26,218.8,17.33,3.413,416.0,0,0.1499746233940559,Normal,Good,-
M08468,Type_02,61.84,2.03,214.4,16.36,3.157,481.5,0,0.1499742621687898,Normal,Good,-
M09575,Type_18,66.32,0.1,213.5,16.92,3.251,513.8,0,0.1499721577167571,Normal,Good,-
M05984,Type_03,61.51,2.19,217.5,11.98,2.345,443.2,0,0.1499697096105988,Normal,Good,-
M08497,Type_17,78.68,1.85,221.1,12.99,2.585,940.7,0,0.1499611587224683,Normal,Good,-
M07000,Type_11,64.83,2.14,213.0,19.32,3.704,974.0,0,0.14996016514469213,Normal,Good,-
M07004,Type_11,56.06,1.67,216.6,14.13,2.755,670.9,0,0.14995783552424294,Normal,Good,-
M07395,Type_09,58.4,1.21,211.6,15.49,2.95,421.2,0,0.14995747790312833,Normal,Good,-
M08734,Type_18,58.22,2.85,214.0,16.58,3.193,382.3,0,0.14995288929193742,Normal,Good,-
M07466,Type_18,59.94,2.82,222.0,15.36,3.069,603.6,0,0.14995275684374665,Normal,Good,-
M08022,Type_21,76.97,1.31,213.4,14.63,2.81,674.6,0,0.1499314663247784,Normal,Good,-
M08213,Type_07,54.3,1.29,211.7,13.14,2.504,933.2,0,0.14993116274397578,Normal,Good,-
M09623,Type_24,55.45,2.45,220.4,12.76,2.531,84.9,0,0.14991502386233002,Normal,Good,-
M06935,Type_14,65.72,1.24,215.8,11.67,2.267,814.9,0,0.14990538175520235,Normal,Good,-
M01047,Type_12,77.0,2.79,219.9,13.94,2.759,229.6,0,0.14990138496038372,Normal,Good,-
M04644,Type_24,62.16,1.59,217.0,15.41,3.01,553.5,0,0.14989537548506632,Normal,Good,-
M04866,Type_10,63.01,1.69,222.7,20.61,4.131,393.1,0,0.1498939429151773,Normal,Good,-
M04305,Type_08,73.0,2.18,226.1,14.18,2.885,724.3,0,0.14989093612717322,Normal,Good,-
M00614,Type_01,67.8,1.5,215.8,11.67,2.267,720.1,0,0.14988894302391131,Normal,Good,-
M09127,Type_01,58.06,1.99,220.4,13.24,2.626,947.8,0,0.14988422522319644,Normal,Good,-
M00512,Type_01,60.0,2.58,213.6,18.08,3.476,732.3,0,0.14987600964116926,Normal,Good,-
M04055,Type_18,79.42,1.19,224.9,13.14,2.66,838.3,0,0.1498759144838432,Normal,Good,-
M03548,Type_23,64.8,2.0,215.7,17.69,3.434,52.1,0,0.1498564867347503,Normal,Good,-
M08673,Type_09,46.9,1.97,223.9,13.22,2.664,842.2,0,0.14984930687601442,Normal,Good,-
M04777,Type_24,62.98,1.35,222.1,14.27,2.852,93.4,0,0.14983513748487282,Normal,Good,-
M03125,Type_19,79.78,3.05,217.5,14.38,2.815,814.6,0,0.14983467506464115,Normal,Good,-
M03575,Type_09,57.7,2.53,219.9,16.71,3.307,805.4,0,0.1498329283556505,Normal,Good,-
M02872,Type_18,58.65,2.61,217.1,13.71,2.679,893.8,0,0.14982732108140306,Normal,Good,-
M05949,Type_19,61.68,2.69,214.4,17.74,3.423,222.1,0,0.149825948154677,Normal,Good,-
M03599,Type_24,74.04,0.69,227.6,16.27,3.333,356.5,0,0.1498259237026967,Normal,Good,-
M03395,Type_19,66.08,1.22,224.1,16.35,3.298,777.1,0,0.14982282278708012,Normal,Good,-
M03766,Type_18,68.34,2.48,222.0,15.59,3.115,711.6,0,0.14981536395601838,Normal,Good,-
M07928,Type_24,66.74,2.44,222.0,9.94,1.986,566.4,0,0.14981465675071523,Normal,Good,-
M07782,Type_07,72.23,1.43,215.3,17.3,3.352,795.5,0,0.14981353732873906,Normal,Good,-
M06371,Type_14,59.99,2.19,219.9,15.13,2.994,811.8,0,0.14980637356443346,Normal,Good,-
M05094,Type_01,65.98,2.99,225.3,18.38,3.727,340.1,0,0.14980403939428796,Normal,Good,-
M07762,Type_23,55.35,3.86,215.3,18.82,3.647,480.0,0,0.14979429958423407,Normal,Good,-
M01058,Type_15,77.0,1.56,213.6,15.07,2.897,262.5,0,0.1497938995936278,Normal,Good,-
M09940,Type_23,71.22,1.99,218.6,12.85,2.528,846.1,0,0.1497933702645704,Normal,Good,-
M08068,Type_01,54.38,2.63,219.8,19.03,3.765,720.0,0,0.14978940149246162,Normal,Good,-
M00848,Type_12,58.64,0.1,229.5,18.09,3.736,340.1,0,0.14978382897499243,Normal,Good,-
M02243,Type_12,67.01,2.45,224.3,14.55,2.937,260.9,0,0.14978301374982259,Normal,Good,-
M08018,Type_12,74.75,0.92,215.0,17.16,3.32,528.1,0,0.14978276631988283,Normal,Good,-
M09760,Type_11,54.47,1.17,218.1,15.88,3.117,720.7,0,0.14978238047518483,Normal,Good,-
M05670,Type_24,54.91,1.44,221.8,15.55,3.104,834.0,0,0.14977381264330888,Normal,Good,-
M08127,Type_07,68.36,2.29,215.2,18.35,3.554,813.3,0,0.14977134699167574,Normal,Good,-
M07978,Type_24,75.04,0.68,223.5,15.31,3.08,749.8,0,0.14976840815464282,Normal,Good,-
M07813,Type_17,63.17,1.26,211.1,23.81,4.524,900.3,0,0.1497629154566441,Normal,Good,-
M01381,Type_11,60.45,2.06,219.4,11.77,2.324,213.4,0,0.1497582701061874,Normal,Good,-
M02028,Type_05,47.47,2.76,219.5,22.18,4.382,338.8,0,0.14975597397403906,Normal,Good,-
M09689,Type_01,51.78,2.11,224.9,19.35,3.917,123.6,0,0.1497551442983387,Normal,Good,-
M04061,Type_24,72.86,1.72,223.7,16.4,3.302,196.7,0,0.14974882070653117,Normal,Good,-
M03034,Type_11,57.18,1.84,224.7,13.68,2.767,903.2,0,0.14973367800452772,Normal,Good,-
M03271,Type_11,59.96,2.53,214.5,12.47,2.407,339.0,0,0.1497329879062229,Normal,Good,-
M07223,Type_02,65.06,1.72,217.6,12.44,2.436,948.8,0,0.14973278592492745,Normal,Good,-
M04300,Type_11,60.44,3.02,217.3,13.98,2.734,201.1,0,0.14972519888255936,Normal,Good,-
M00307,Type_01,70.47,2.06,224.2,17.23,3.477,762.4,0,0.14972510888838725,Normal,Good,-
M01024,Type_21,49.11,2.05,220.2,14.69,2.911,948.0,0,0.14972467255933306,Normal,Good,-
M01676,Type_07,59.93,2.06,222.6,13.99,2.803,749.5,0,0.14972188050575772,Normal,Good,-
M03046,Type_07,63.96,2.0,221.6,13.73,2.738,721.6,0,0.14972188050575772,Normal,Good,-
M06232,Type_01,70.93,0.71,219.4,11.31,2.233,583.6,0,0.14971992214286575,Normal,Good,-
M05456,Type_17,56.49,0.95,224.9,13.04,2.639,868.7,0,0.14971822498934637,Normal,Good,-
M05719,Type_19,55.79,2.5,213.7,17.72,3.408,196.3,0,0.14970994833771598,Normal,Good,-
M08748,Type_08,64.94,0.56,220.5,12.35,2.451,288.9,0,0.1497098816130186,Normal,Good,-
M00242,Type_01,73.32,2.03,213.2,13.05,2.504,692.6,0,0.1497089688098586,Normal,Good,-
M04889,Type_01,74.17,1.75,213.5,12.44,2.39,662.1,0,0.1497089688098586,Normal,Good,-
M03472,Type_24,65.56,1.19,220.8,20.93,4.159,732.1,0,0.1497049460451801,Normal,Good,-
M03241,Type_09,52.9,1.94,226.0,12.2,2.481,568.2,0,0.1497016360200213,Normal,Good,-
M00450,Type_02,74.1,2.96,212.4,10.02,1.915,443.8,0,0.14970149897300067,Normal,Good,-
M01117,Type_09,72.26,2.3,213.6,14.34,2.757,492.7,0,0.14968367860084458,Normal,Good,-
M00644,Type_07,63.44,0.75,217.4,11.52,2.254,729.5,0,0.1496808922266467,Normal,Good,-
M07453,Type_01,52.49,1.24,223.3,14.38,2.89,72.9,0,0.14967663776289297,Normal,Good,-
M06997,Type_24,71.12,1.13,223.6,19.53,3.93,159.7,0,0.14967435752179398,Normal,Good,-
M02408,Type_02,72.14,1.85,219.3,14.41,2.844,694.6,0,0.14966432211853398,Normal,Good,-
M04613,Type_13,72.15,1.06,225.6,16.74,3.399,863.5,0,0.14965617789200367,Normal,Good,-
M07529,Type_09,77.75,1.94,221.7,14.46,2.885,860.0,0,0.14965030459541218,Normal,Good,-
M01803,Type_16,66.1,1.69,225.0,16.82,3.406,492.0,0,0.149645723485279,Normal,Good,-
M06069,Type_08,61.97,1.27,228.5,12.54,2.579,870.3,0,0.14964199651043805,Normal,Good,-
M08940,Type_08,61.34,0.95,214.7,13.82,2.67,832.4,0,0.14964199651043805,Normal,Good,-
M04237,Type_01,63.24,2.38,216.5,13.32,2.595,531.8,0,0.1496353850987019,Normal,Good,-
M09199,Type_01,60.82,2.24,226.0,13.3,2.705,445.8,0,0.1496353850987019,Normal,Good,-
M09665,Type_01,63.33,2.49,220.5,13.48,2.675,642.7,0,0.1496353850987019,Normal,Good,-
M05066,Type_14,59.85,2.11,210.7,13.5,2.56,889.0,0,0.14963136092112758,Normal,Good,-
M08266,Type_19,60.98,1.52,216.0,15.49,3.011,659.4,0,0.14963124770809239,Normal,Good,-
M05897,Type_08,65.59,1.09,219.8,16.25,3.215,271.0,0,0.14962885012383154,Normal,Good,-
M07440,Type_23,68.57,1.47,214.1,12.96,2.497,831.2,0,0.14961839344763564,Normal,Good,-
M06948,Type_01,67.12,0.1,223.8,20.11,4.051,612.3,0,0.14961693014923688,Normal,Good,-
M05683,Type_09,63.88,2.13,217.9,11.12,2.181,231.7,0,0.1496098389157378,Normal,Good,-
M06462,Type_16,67.3,3.44,219.4,19.85,3.92,262.3,0,0.14960327140046986,Normal,Good,-
M06092,Type_24,68.36,1.19,214.8,18.08,3.495,188.9,0,0.14960306200816517,Normal,Good,-
M08955,Type_25,53.65,4.42,227.2,16.65,3.405,437.1,0,0.14958322270052504,Normal,Good,-
M04624,Type_14,74.95,3.57,211.4,15.72,2.991,103.3,0,0.14958237596089474,Normal,Good,-
M01349,Type_21,47.54,3.39,216.5,19.11,3.724,157.7,0,0.14957809637142205,Normal,Good,-
M03891,Type_09,71.43,1.01,227.0,15.6,3.187,846.3,0,0.14957325614230826,Normal,Good,-
M06588,Type_09,69.65,0.68,216.2,16.31,3.174,485.1,0,0.14957325614230826,Normal,Good,-
M01599,Type_09,68.39,3.22,220.8,12.19,2.422,147.0,0,0.1495715346186268,Normal,Good,-
M02294,Type_09,61.42,2.55,215.3,14.15,2.742,957.2,0,0.1495640309537247,Normal,Good,-
M06393,Type_24,52.95,2.64,213.0,13.5,2.588,580.8,0,0.14956295948017254,Normal,Good,-
M09773,Type_11,57.85,2.55,219.4,14.23,2.81,713.7,0,0.1495628496474899,Normal,Good,-
M02434,Type_01,70.62,0.83,221.3,13.48,2.685,554.8,0,0.14956083907839798,Normal,Good,-
M02677,Type_11,75.97,1.79,222.1,19.13,3.824,466.0,0,0.14955888073625984,Normal,Good,-
M07991,Type_02,75.18,0.77,228.0,16.98,3.484,522.6,0,0.1495515197541182,Normal,Good,-
M06865,Type_12,74.83,1.38,222.7,15.42,3.091,855.3,0,0.1495476808327156,Normal,Good,-
M00395,Type_19,76.28,0.98,221.3,12.24,2.438,888.4,0,0.14954381489789242,Normal,Good,-
M00070,Type_25,60.32,2.58,213.1,17.92,3.437,323.4,0,0.1495413229589772,Normal,Good,-
M01566,Type_12,57.0,0.4,215.5,14.63,2.837,807.2,0,0.14953751835313903,Normal,Good,-
M06005,Type_06,63.16,1.71,221.6,12.54,2.501,575.4,0,0.14953487978014102,Normal,Good,-
M04763,Type_23,70.28,1.92,215.3,17.58,3.406,773.4,0,0.14953037301082792,Normal,Good,-
M03987,Type_01,60.83,1.5,223.8,11.89,2.395,636.1,0,0.14952902997883072,Normal,Good,-
M07903,Type_01,60.94,1.43,225.5,11.37,2.308,625.1,0,0.14952902997883072,Normal,Good,-
M08316,Type_08,67.36,2.44,212.0,19.25,3.673,564.1,0,0.14952748385331757,Normal,Good,-
M07963,Type_24,77.22,2.04,218.5,14.2,2.792,117.4,0,0.14952318522385424,Normal,Good,-
M09582,Type_02,68.13,2.42,224.1,16.3,3.288,707.6,0,0.14951083481718355,Normal,Good,-
M00612,Type_02,53.32,2.59,217.4,18.39,3.598,72.8,0,0.14950805362181385,Normal,Good,-
M02680,Type_12,68.24,0.7,221.3,16.38,3.262,805.6,0,0.14950018534128431,Normal,Good,-
M03927,Type_23,66.26,2.06,216.8,11.32,2.209,856.7,0,0.149496061754916,Normal,Good,-
M03017,Type_19,61.15,1.56,217.7,17.5,3.429,167.9,0,0.1494927114157508,Normal,Good,-
M00928,Type_04,58.8,1.22,221.3,15.99,3.185,139.6,0,0.1494892597138531,Normal,Good,-
M08541,Type_17,78.52,1.78,218.3,15.97,3.138,628.4,0,0.1494858492120997,Normal,Good,-
M04098,Type_18,79.94,0.83,220.1,12.21,2.419,863.6,0,0.1494776499382875,Normal,Good,-
M01962,Type_19,76.69,1.43,221.3,16.22,3.231,668.8,0,0.14947372279780136,Normal,Good,-
M01507,Type_13,60.55,2.74,223.3,17.32,3.481,64.2,0,0.14947283969863995,Normal,Good,-
M01296,Type_09,63.84,1.85,222.1,12.6,2.519,969.1,0,0.1494703633454581,Normal,Good,-
M06622,Type_01,70.08,1.52,218.4,12.52,2.461,489.3,0,0.14946743779447788,Normal,Good,-
M02103,Type_21,72.64,3.28,218.2,13.76,2.702,404.0,0,0.14946335090199178,Normal,Good,-
M04263,Type_25,71.21,2.51,223.7,18.39,3.702,189.3,0,0.1494629864220624,Normal,Good,-
M03725,Type_13,64.2,2.52,224.6,14.38,2.907,525.0,0,0.14945526636891937,Normal,Good,-
M03167,Type_07,69.87,2.77,217.5,15.69,3.071,412.9,0,0.1494546173987574,Normal,Good,-
M06466,Type_21,56.37,1.2,212.5,10.97,2.098,632.6,0,0.14945419495292608,Normal,Good,-
M03621,Type_14,51.61,3.32,222.5,12.56,2.515,430.4,0,0.1494486025696623,Normal,Good,-
M03969,Type_03,49.36,2.08,222.2,12.53,2.506,449.4,0,0.14943233460498503,Normal,Good,-
M04783,Type_09,51.08,2.04,210.1,15.0,2.836,222.4,0,0.14943182504619762,Normal,Good,-
M00841,Type_23,60.86,1.86,220.6,13.75,2.73,109.9,0,0.14943151875680946,Normal,Good,-
M03448,Type_13,64.69,1.53,223.5,13.54,2.724,497.9,0,0.14942547190712135,Normal,Good,-
M04405,Type_17,58.14,2.72,211.1,13.86,2.633,323.8,0,0.14942527354014198,Normal,Good,-
M04510,Type_02,70.06,2.05,215.5,18.99,3.683,73.2,0,0.14942462087359393,Normal,Good,-
M07969,Type_09,51.78,3.7,224.5,16.47,3.328,498.6,0,0.1494211379578088,Normal,Good,-
M06834,Type_12,65.6,3.21,219.1,14.61,2.881,950.5,0,0.14941998994806302,Normal,Good,-
M06959,Type_11,75.3,2.13,222.7,12.91,2.588,751.7,0,0.1494146557799698,Normal,Good,-
M04812,Type_01,70.99,1.88,219.2,18.91,3.731,404.0,0,0.14941267794874308,Normal,Good,-
M01857,Type_12,67.69,1.49,221.3,15.83,3.153,365.0,0,0.14940678405736418,Normal,Good,-
M00163,Type_24,65.09,0.2,213.6,21.52,4.137,782.5,0,0.14940508841623773,Normal,Good,-
M03618,Type_17,67.63,1.35,226.4,12.61,2.569,621.9,0,0.14940415326927797,Normal,Good,-
M03546,Type_01,56.67,0.1,220.6,12.84,2.549,447.7,0,0.14938944817846925,Normal,Good,-
M03783,Type_06,64.66,2.19,224.0,19.95,4.022,731.8,0,0.14938217415053642,Normal,Good,-
M08857,Type_08,72.25,2.03,218.8,14.11,2.779,78.6,0,0.1493817245226039,Normal,Good,-
M02170,Type_09,75.01,3.52,221.8,14.21,2.837,234.5,0,0.14937871995043697,Normal,Good,-
M06460,Type_04,65.08,0.97,224.7,10.07,2.036,545.4,0,0.1493725589290232,Normal,Good,-
M07219,Type_04,64.02,0.66,220.2,10.46,2.073,483.6,0,0.1493725589290232,Normal,Good,-
M07502,Type_12,74.95,3.82,225.6,14.76,2.997,753.5,0,0.1493713333612366,Normal,Good,-
M01994,Type_09,60.41,1.4,224.3,17.62,3.557,692.0,0,0.14936759316160209,Normal,Good,-
M08608,Type_12,48.15,2.32,214.4,15.98,3.084,202.3,0,0.14936582291466646,Normal,Good,-
M06012,Type_06,47.2,2.27,225.3,19.52,3.958,376.7,0,0.1493595138553904,Normal,Good,-
M06342,Type_01,70.21,1.8,226.9,11.82,2.414,949.1,0,0.1493547729669058,Normal,Good,-
M09130,Type_11,68.48,2.73,210.2,15.24,2.883,451.4,0,0.14935233748786442,Normal,Good,-
M01737,Type_23,64.47,1.39,217.4,13.66,2.673,465.7,0,0.1493453604648666,Normal,Good,-
M07883,Type_12,58.22,1.43,220.9,16.81,3.342,110.6,0,0.14934148818376333,Normal,Good,-
M05646,Type_18,59.39,3.26,216.0,13.34,2.593,871.7,0,0.1493400450811779,Normal,Good,-
M09897,Type_11,66.16,1.41,224.8,15.2,3.075,609.4,0,0.14933767677482376,Normal,Good,-
M06200,Type_23,66.52,1.71,220.5,13.46,2.671,527.3,0,0.14933697869044824,Normal,Good,-
M00236,Type_01,72.51,1.42,226.0,14.38,2.925,810.6,0,0.1493361902272607,Normal,Good,-
M09817,Type_15,71.53,2.8,219.0,16.17,3.187,297.8,0,0.14933005095499252,Normal,Good,-
M08039,Type_19,68.97,2.27,220.7,14.45,2.87,729.1,0,0.14931077865759979,Normal,Good,-
M09849,Type_14,72.0,0.47,219.2,11.29,2.227,867.2,0,0.14930615070265044,Normal,Good,-
M08809,Type_09,49.81,2.33,220.4,17.61,3.493,866.6,0,0.14930356997058586,Normal,Good,-
M02386,Type_18,63.97,2.54,222.3,16.64,3.329,142.8,0,0.14929131205165402,Normal,Good,-
M07465,Type_01,51.1,1.67,224.4,14.79,2.987,55.2,0,0.14928773851255714,Normal,Good,-
M01281,Type_09,48.16,2.09,216.3,14.15,2.755,685.6,0,0.1492831613494684,Normal,Good,-
M04623,Type_13,74.14,1.86,214.0,14.88,2.866,446.6,0,0.1492690234183225,Normal,Good,-
M08055,Type_13,59.42,2.67,214.1,20.11,3.875,633.6,0,0.14926464251890206,Normal,Good,-
M00130,Type_12,75.76,1.24,224.7,15.7,3.175,580.7,0,0.1492622613536619,Normal,Good,-
M01660,Type_12,76.72,1.23,223.9,15.77,3.178,542.4,0,0.1492622613536619,Normal,Good,-
M04268,Type_12,78.0,0.6,215.1,15.66,3.032,821.4,0,0.1492622613536619,Normal,Good,-
M04932,Type_12,74.73,0.85,219.2,15.43,3.044,783.6,0,0.1492622613536619,Normal,Good,-
M07424,Type_19,75.47,1.14,218.6,19.52,3.84,715.6,0,0.149261723338926,Normal,Good,-
M00786,Type_09,61.14,2.02,215.7,15.38,2.986,369.8,0,0.1492601081014311,Normal,Good,-
M08516,Type_09,65.5,1.98,219.9,16.41,3.248,379.5,0,0.1492601081014311,Normal,Good,-
M00953,Type_08,60.19,3.78,225.3,17.67,3.583,412.3,0,0.14925053985508893,Normal,Good,-
M03486,Type_12,58.91,0.64,216.8,17.64,3.442,795.7,0,0.1492486333269625,Normal,Good,-
M03985,Type_12,57.13,1.24,214.7,17.99,3.476,805.9,0,0.1492486333269625,Normal,Good,-
M09604,Type_09,44.52,3.02,223.3,16.36,3.288,206.7,0,0.14922849078278588,Normal,Good,-
M07375,Type_22,71.26,2.19,215.0,15.46,2.992,740.1,0,0.14922823187653905,Normal,Good,-
M00897,Type_09,79.93,1.41,216.6,15.9,3.1,793.0,0,0.14922801664593968,Normal,Good,-
M06712,Type_18,59.17,0.25,222.1,15.04,3.006,514.8,0,0.14922705015571952,Normal,Good,-
M05580,Type_01,71.57,1.39,222.2,11.18,2.236,532.0,0,0.1492193154210461,Normal,Good,-
M04702,Type_18,76.48,2.19,219.9,12.81,2.535,221.6,0,0.14921099181098016,Normal,Good,-
M03016,Type_19,58.11,0.1,214.4,10.65,2.055,848.5,0,0.14921046411292782,Normal,Good,-
M02193,Type_18,59.23,1.31,223.4,15.01,3.018,770.9,0,0.14921040985720838,Normal,Good,-
M08122,Type_02,64.1,0.95,214.8,11.37,2.198,442.3,0,0.14920580727127256,Normal,Good,-
M01113,Type_22,70.83,1.16,213.0,11.5,2.205,308.5,0,0.1491999820299006,Normal,Good,-
M02342,Type_17,58.02,0.11,225.8,17.73,3.603,358.1,0,0.14919639328573372,Normal,Good,-
M09037,Type_01,50.16,1.27,220.4,13.02,2.583,359.8,0,0.1491936872696944,Normal,Good,-
M03091,Type_12,58.79,0.61,216.0,14.0,2.722,713.2,0,0.14918017884862772,Normal,Good,-
M09269,Type_15,53.92,2.08,222.6,16.7,3.346,151.7,0,0.14917370984702302,Normal,Good,-
M08732,Type_23,64.52,3.37,228.3,14.16,2.909,489.0,0,0.14917369000370123,Normal,Good,-
M08694,Type_08,70.13,0.71,222.0,14.59,2.915,900.5,0,0.1491728718154971,Normal,Good,-
M04441,Type_24,66.72,2.71,226.6,10.55,2.152,891.1,0,0.14916894005653772,Normal,Good,-
M03531,Type_22,77.21,1.41,218.4,12.38,2.433,423.0,0,0.1491681491667029,Normal,Good,-
M06018,Type_23,74.03,2.11,215.7,11.71,2.273,611.7,0,0.1491664271281648,Normal,Good,-
M05718,Type_20,80.01,1.48,220.1,17.14,3.395,958.3,0,0.14916542718055323,Normal,Good,-
M00310,Type_01,65.43,0.22,224.2,18.9,3.814,348.3,0,0.14914805204462353,Normal,Good,-
M04425,Type_09,50.83,0.64,216.6,19.74,3.848,630.6,0,0.1491412718827328,Normal,Good,-
M03079,Type_18,64.82,2.07,226.0,11.62,2.364,833.5,0,0.1491383036392417,Normal,Good,-
M03224,Type_08,76.32,2.28,221.5,13.92,2.775,836.2,0,0.14913189079910025,Normal,Good,-
M05763,Type_10,63.98,1.8,216.9,15.51,3.028,382.3,0,0.1491286719786865,Normal,Good,-
M05444,Type_08,67.72,3.13,211.5,12.5,2.379,473.0,0,0.1491272706018337,Normal,Good,-
M02063,Type_18,56.59,3.25,217.2,14.89,2.911,891.6,0,0.14912615106837318,Normal,Good,-
M06258,Type_09,57.12,3.05,222.7,11.83,2.371,173.8,0,0.14912155512516453,Normal,Good,-
M09624,Type_17,70.2,1.25,220.8,14.92,2.965,610.9,0,0.14912052812553395,Normal,Good,-
M02903,Type_23,71.57,1.46,224.8,11.96,2.42,413.7,0,0.14911730415247296,Normal,Good,-
M03739,Type_23,72.96,1.41,223.3,12.49,2.51,562.3,0,0.14911730415247296,Normal,Good,-
M00806,Type_22,59.69,2.69,223.1,19.82,3.98,545.6,0,0.14911671625345785,Normal,Good,-
M02888,Type_13,62.61,2.93,213.6,15.81,3.039,464.1,0,0.14911553255270202,Normal,Good,-
M05950,Type_08,70.22,1.32,216.8,13.93,2.718,591.0,0,0.149110863652594,Normal,Good,-
M00119,Type_17,65.99,1.56,229.0,17.86,3.681,945.3,0,0.1491088743017588,Normal,Good,-
M02463,Type_21,66.52,2.24,215.4,18.45,3.577,53.1,0,0.14910869311360855,Normal,Good,-
M04276,Type_14,48.13,2.71,225.7,14.8,3.006,364.7,0,0.14910453288554726,Normal,Good,-
M02048,Type_14,55.17,1.29,216.1,14.82,2.882,832.3,0,0.14910218858696944,Normal,Good,-
M02305,Type_22,54.92,2.75,220.9,14.47,2.877,427.2,0,0.14909923873785816,Normal,Good,-
M05337,Type_19,62.74,2.45,216.9,14.48,2.827,870.3,0,0.14909648180549484,Normal,Good,-
M08619,Type_09,44.46,2.43,220.1,12.44,2.464,727.8,0,0.1490871878440993,Normal,Good,-
M08399,Type_12,61.69,2.18,214.3,16.52,3.186,277.6,0,0.14907656458386273,Normal,Good,-
M02580,Type_17,67.66,0.21,224.4,17.0,3.433,830.6,0,0.1490650253865452,Normal,Good,-
M06766,Type_20,71.57,3.66,218.4,16.39,3.222,140.8,0,0.14906494828312084,Normal,Good,-
M06017,Type_01,73.71,1.37,219.6,12.74,2.518,387.9,0,0.14906023235657834,Normal,Good,-
M05159,Type_09,74.73,3.48,220.8,14.93,2.967,713.3,0,0.14905736558523472,Normal,Good,-
M07041,Type_24,60.46,1.09,211.6,17.14,3.264,880.1,0,0.1490562813629284,Normal,Good,-
M01504,Type_18,72.09,2.77,213.0,18.98,3.638,358.5,0,0.14905385696005913,Normal,Good,-
M01391,Type_19,61.2,1.9,214.7,18.77,3.627,239.3,0,0.1490505058236724,Normal,Good,-
M07435,Type_11,69.98,2.19,221.0,12.92,2.57,363.3,0,0.14904508236322841,Normal,Good,-
M03633,Type_02,65.25,4.03,223.7,14.1,2.839,946.7,0,0.14904323747137402,Normal,Good,-
M06757,Type_03,57.59,2.8,218.1,19.29,3.786,533.4,0,0.14903573984125282,Normal,Good,-
M01722,Type_11,58.11,2.17,219.5,15.4,3.042,450.8,0,0.14903133571210728,Normal,Good,-
M02881,Type_07,72.24,2.17,218.6,11.76,2.314,413.6,0,0.14902670698398723,Normal,Good,-
M04927,Type_18,64.97,2.87,216.3,16.36,3.185,167.6,0,0.1490253883362626,Normal,Good,-
M00033,Type_19,65.67,1.96,217.4,12.99,2.542,325.9,0,0.14902152817954042,Normal,Good,-
M02448,Type_12,66.01,1.31,214.2,15.61,3.009,714.1,0,0.14901978626395296,Normal,Good,-
M06531,Type_12,65.84,0.7,214.8,16.51,3.192,529.0,0,0.14901978626395296,Normal,Good,-
M03772,Type_09,70.15,1.28,211.5,16.9,3.217,474.4,0,0.14901770058675273,Normal,Good,-
M04493,Type_02,67.42,0.99,220.4,15.36,3.047,70.5,0,0.14901302783663087,Normal,Good,-
M04817,Type_11,60.12,0.16,226.3,13.66,2.782,429.8,0,0.14901175826423216,Normal,Good,-
M02682,Type_23,71.83,2.07,215.7,13.85,2.689,557.0,0,0.14900734406369703,Normal,Good,-
M03258,Type_13,73.2,1.92,227.1,18.16,3.712,494.9,0,0.14900307117194284,Normal,Good,-
M05451,Type_22,74.79,0.36,218.6,15.22,2.994,482.8,0,0.14899897196410777,Normal,Good,-
M09296,Type_19,59.31,2.0,224.5,13.67,2.762,780.6,0,0.14899823169835227,Normal,Good,-
M04239,Type_24,64.44,3.38,220.5,19.01,3.773,391.8,0,0.14899444727562527,Normal,Good,-
M03411,Type_24,51.76,3.01,227.0,16.51,3.373,377.6,0,0.148994092145767,Normal,Good,-
M09727,Type_16,63.15,2.19,227.9,17.86,3.663,107.2,0,0.14898892709371558,Normal,Good,-
M03679,Type_19,79.27,3.4,216.8,12.74,2.486,732.7,0,0.14898682979208663,Normal,Good,-
M08551,Type_18,68.0,1.5,218.1,17.04,3.345,928.1,0,0.14898322398279837,Normal,Good,-
M08116,Type_09,71.82,2.21,213.4,14.73,2.829,285.7,0,0.14898172409008434,Normal,Good,-
M06835,Type_08,78.85,0.1,219.8,18.49,3.658,837.4,0,0.14897556895975353,Normal,Good,-
M07193,Type_23,57.27,1.45,211.8,12.97,2.472,421.7,0,0.14896653970189278,Normal,Good,-
M06992,Type_18,61.55,2.22,219.8,16.6,3.284,240.7,0,0.14896245088281249,Normal,Good,-
M08985,Type_01,78.17,1.86,211.8,19.61,3.738,852.6,0,0.14896149675276105,Normal,Good,-
M07941,Type_23,62.32,2.23,213.1,10.0,1.918,393.3,0,0.1489550717596137,Normal,Good,-
M02800,Type_17,64.53,1.21,215.0,14.59,2.823,767.5,0,0.1489519754639922,Normal,Good,-
M09343,Type_07,63.1,0.1,224.2,12.55,2.532,901.5,0,0.1489437918147979,Normal,Good,-
M02015,Type_08,71.2,1.44,222.3,11.42,2.285,137.1,0,0.14893464091983918,Normal,Good,-
M01593,Type_07,69.16,2.0,222.7,12.32,2.469,551.0,0,0.14893115632104423,Normal,Good,-
M03803,Type_09,58.94,0.66,224.8,14.11,2.855,633.6,0,0.14893069584432422,Normal,Good,-
M06846,Type_09,58.54,0.87,218.7,14.9,2.933,519.6,0,0.14893069584432422,Normal,Good,-
M09188,Type_07,51.91,1.14,226.3,16.91,3.444,350.3,0,0.14893061143830935,Normal,Good,-
M09455,Type_19,45.22,1.76,219.0,15.77,3.108,414.3,0,0.14892196515317158,Normal,Good,-
M08747,Type_11,65.99,3.43,219.0,17.56,3.461,973.1,0,0.14892078642247342,Normal,Good,-
M06495,Type_04,59.94,3.24,221.1,10.04,1.998,268.0,0,0.148920084888156,Normal,Good,-
M06224,Type_18,68.37,1.91,219.3,15.12,2.984,210.6,0,0.14891523954492497,Normal,Good,-
M03304,Type_17,68.74,0.22,225.3,16.07,3.259,644.3,0,0.14891206774904847,Normal,Good,-
M07713,Type_17,65.92,3.67,210.3,16.61,3.144,860.3,0,0.1489060182609342,Normal,Good,-
M07797,Type_21,48.08,2.7,215.4,19.09,3.701,799.5,0,0.14890103042193947,Normal,Good,-
M04691,Type_14,63.8,0.17,224.8,16.02,3.241,851.3,0,0.14888844618262032,Normal,Good,-
M05657,Type_08,73.17,3.78,215.0,17.54,3.394,304.7,0,0.1488831309846267,Normal,Good,-
M05064,Type_01,79.9,2.61,229.0,12.17,2.508,906.9,0,0.14887676060667476,Normal,Good,-
M00196,Type_01,70.72,0.17,228.0,19.38,3.977,631.4,0,0.14886163324492568,Normal,Good,-
M07607,Type_02,61.16,0.8,220.8,16.45,3.269,887.3,0,0.14885875595225737,Normal,Good,-
M07416,Type_11,53.13,1.38,219.6,18.46,3.648,924.0,0,0.14885304804662558,Normal,Good,-
M08325,Type_07,51.77,2.37,220.1,13.48,2.67,866.4,0,0.14885304534048763,Normal,Good,-
M02331,Type_09,69.29,1.25,216.9,16.31,3.184,830.6,0,0.1488507623429597,Normal,Good,-
M08616,Type_22,69.74,1.47,224.1,12.8,2.582,798.6,0,0.14884303269616295,Normal,Good,-
M05829,Type_02,61.96,1.39,214.8,16.74,3.236,164.1,0,0.14883703035059342,Normal,Good,-
M03218,Type_14,71.23,0.48,224.9,15.48,3.133,811.5,0,0.14883301796693701,Normal,Good,-
M07515,Type_09,73.79,0.75,221.7,14.4,2.873,327.6,0,0.148831550109245,Normal,Good,-
M05272,Type_07,54.64,2.57,214.7,12.92,2.497,966.5,0,0.14883122186439834,Normal,Good,-
M06066,Type_07,70.5,1.69,223.0,17.03,3.418,419.0,0,0.14881854990787674,Normal,Good,-
M08529,Type_15,64.65,3.7,225.8,11.63,2.363,524.6,0,0.14881330910048196,Normal,Good,-
M00330,Type_02,59.47,1.04,220.4,17.77,3.525,733.7,0,0.14881272234966247,Normal,Good,-
M03716,Type_01,73.26,2.45,228.2,14.06,2.888,909.5,0,0.14880326743544506,Normal,Good,-
M08662,Type_18,47.84,0.85,217.4,15.82,3.095,274.0,0,0.1488012209325092,Normal,Good,-
M05315,Type_07,67.43,1.42,220.5,17.76,3.524,876.1,0,0.14880076150294927,Normal,Good,-
M05468,Type_17,73.1,2.61,225.2,11.01,2.232,696.7,0,0.14879667186256834,Normal,Good,-
M09491,Type_06,79.21,1.16,224.5,19.95,4.031,392.7,0,0.14879354224306302,Normal,Good,-
M07938,Type_07,72.53,0.75,216.9,15.86,3.096,790.3,0,0.14878329864404927,Normal,Good,-
M02791,Type_15,48.89,2.27,221.0,14.19,2.822,98.5,0,0.14878128480682637,Normal,Good,-
M09082,Type_19,74.09,2.68,211.8,17.98,3.427,220.0,0,0.14877351050608778,Normal,Good,-
M00482,Type_18,48.16,2.41,215.9,18.04,3.505,169.8,0,0.14875846570481338,Normal,Good,-
M05632,Type_21,71.98,2.77,225.8,15.0,3.048,495.2,0,0.14875122568415525,Normal,Good,-
M08457,Type_01,76.33,0.8,224.4,14.4,2.908,734.1,0,0.1487456681102858,Normal,Good,-
M00152,Type_12,64.62,2.61,222.3,14.86,2.973,377.3,0,0.14873815773907437,Normal,Good,-
M06880,Type_12,76.37,1.72,220.0,11.06,2.19,181.0,0,0.14871644030276981,Normal,Good,-
M03976,Type_10,61.25,1.39,222.0,23.38,4.671,234.8,0,0.14871454521622934,Normal,Good,-
M00380,Type_14,68.08,2.7,215.4,15.57,3.018,914.5,0,0.14870531952808688,Normal,Good,-
M02447,Type_12,65.65,0.45,217.6,15.26,2.989,791.9,0,0.14869497784832295,Normal,Good,-
M03159,Type_21,47.66,1.16,217.3,17.47,3.417,610.8,0,0.14869351741865078,Normal,Good,-
M07749,Type_11,63.3,2.59,216.3,14.54,2.831,167.4,0,0.14869226213762146,Normal,Good,-
M04861,Type_12,69.51,1.72,226.8,19.13,3.905,965.0,0,0.1486876429810992,Normal,Good,-
M05443,Type_22,72.49,0.1,218.8,15.18,2.989,673.5,0,0.1486874674224563,Normal,Good,-
M02482,Type_17,71.88,1.47,216.2,23.44,4.561,285.7,0,0.14868486009498127,Normal,Good,-
M04468,Type_03,58.93,3.03,221.5,18.52,3.692,422.0,0,0.14867751803427745,Normal,Good,-
M03138,Type_24,51.18,1.78,218.8,16.56,3.261,71.4,0,0.1486767488820189,Normal,Good,-
M07811,Type_01,57.16,0.1,223.2,13.47,2.706,815.4,0,0.14867404797177072,Normal,Good,-
M08523,Type_23,68.05,0.55,223.2,11.73,2.356,747.6,0,0.1486687497861149,Normal,Good,-
M00405,Type_13,59.18,2.14,219.9,17.56,3.475,134.5,0,0.14866563440508554,Normal,Good,-
M05704,Type_17,36.08,0.77,216.0,12.27,2.385,69.9,0,0.1486589096752998,Normal,Good,-
M04003,Type_20,57.83,3.48,220.8,15.28,3.036,743.3,0,0.1486524907391011,Normal,Good,-
M02453,Type_08,59.4,1.17,220.0,12.36,2.447,643.1,0,0.14865055815427367,Normal,Good,-
M08063,Type_08,58.28,0.78,219.6,13.03,2.575,596.6,0,0.14865055815427367,Normal,Good,-
M09856,Type_23,57.09,3.06,226.1,13.16,2.678,829.8,0,0.14864264058200957,Normal,Good,-
M06691,Type_07,61.4,2.81,222.3,14.4,2.881,788.0,0,0.1486355479720769,Normal,Good,-
M04828,Type_11,67.01,1.71,220.7,13.58,2.697,353.1,0,0.14863370819154326,Normal,Good,-
M02433,Type_14,53.53,2.58,211.8,15.11,2.88,232.0,0,0.14862838662240457,Normal,Good,-
M04502,Type_01,74.3,3.42,229.4,14.29,2.95,389.7,0,0.148625327644358,Normal,Good,-
M06958,Type_24,70.07,1.72,225.2,15.58,3.158,635.1,0,0.14862312305804953,Normal,Good,-
M05029,Type_12,62.39,2.87,217.5,16.45,3.22,324.9,0,0.14861703857401212,Normal,Good,-
M01420,Type_11,55.78,1.49,215.6,13.34,2.588,110.3,0,0.14861031918579992,Normal,Good,-
M01016,Type_03,71.16,1.71,219.3,17.86,3.525,529.8,0,0.14860656152648977,Normal,Good,-
M05660,Type_09,65.0,2.97,223.5,14.49,2.915,83.6,0,0.14860540240933537,Normal,Good,-
M02708,Type_07,62.98,1.33,222.3,14.45,2.891,731.1,0,0.14860537681782793,Normal,Good,-
M03554,Type_13,59.72,2.72,217.5,13.94,2.729,673.5,0,0.14859489722986166,Normal,Good,-
M03557,Type_02,75.29,2.81,213.1,13.33,2.557,765.5,0,0.14859272198037624,Normal,Good,-
M08306,Type_09,61.68,1.25,228.1,16.1,3.305,624.0,0,0.14859208568655366,Normal,Good,-
M06799,Type_14,76.75,1.7,222.5,9.96,1.994,643.8,0,0.14858984552334048,Normal,Good,-
M07936,Type_03,59.31,2.44,226.1,13.03,2.651,585.3,0,0.1485821147221419,Normal,Good,-
M00840,Type_17,59.72,0.65,216.6,12.56,2.448,386.4,0,0.14858184285129578,Normal,Good,-
M08142,Type_12,53.82,1.62,213.1,13.12,2.516,271.2,0,0.14858156227025704,Normal,Good,-
M00136,Type_16,66.48,1.85,222.9,16.49,3.308,117.2,0,0.14857995118752995,Normal,Good,-
M01422,Type_24,69.89,1.26,219.8,16.73,3.31,575.4,0,0.14857728709428897,Normal,Good,-
M00268,Type_08,64.12,1.8,225.8,16.93,3.441,87.6,0,0.1485739638605346,Normal,Good,-
M07577,Type_23,71.17,2.52,212.5,12.03,2.301,823.9,0,0.1485653571512665,Normal,Good,-
M02527,Type_22,48.65,0.61,220.5,23.14,4.592,456.3,0,0.14856306839317238,Normal,Good,-
M00779,Type_09,75.01,3.88,219.4,14.22,2.808,799.3,0,0.14854668228144444,Normal,Good,-
M05288,Type_11,75.76,1.31,212.3,16.43,3.139,833.8,0,0.14854427094039446,Normal,Good,-
M01814,Type_24,69.91,3.01,214.3,14.5,2.797,280.9,0,0.14854376609793335,Normal,Good,-
M02200,Type_09,51.84,1.99,214.9,16.54,3.199,893.7,0,0.14854019678904104,Normal,Good,-
M05519,Type_23,47.03,2.04,217.4,20.15,3.943,388.8,0,0.14853733120751353,Normal,Good,-
M01672,Type_18,78.38,1.42,218.8,17.94,3.533,382.7,0,0.14853459621323997,Normal,Good,-
M04145,Type_18,70.15,0.4,222.4,18.26,3.655,554.5,0,0.14853321366883082,Normal,Good,-
M00410,Type_11,69.83,1.04,217.3,13.89,2.716,900.3,0,0.14849979178391196,Normal,Good,-
M05766,Type_12,77.35,1.23,221.9,14.02,2.8,305.6,0,0.14849453509899307,Normal,Good,-
M06916,Type_01,73.16,2.64,217.5,12.47,2.441,419.0,0,0.14848095569655473,Normal,Good,-
M01913,Type_08,66.43,2.21,224.9,14.46,2.927,611.1,0,0.14847299793839042,Normal,Good,-
M01874,Type_01,54.45,2.48,220.9,13.03,2.59,261.0,0,0.14846191575634837,Normal,Good,-
M07568,Type_01,54.43,2.37,218.4,13.45,2.644,239.2,0,0.14846191575634837,Normal,Good,-
M00035,Type_07,60.94,3.11,220.5,16.7,3.314,822.0,0,0.14845889669131135,Normal,Good,-
M07038,Type_12,51.25,1.25,220.1,19.41,3.845,80.9,0,0.1484550439663971,Normal,Good,-
M04852,Type_23,55.67,1.95,216.3,19.48,3.792,686.8,0,0.14844845925370173,Normal,Good,-
M03387,Type_11,70.63,3.07,224.8,14.31,2.895,671.9,0,0.14844594397805863,Normal,Good,-
M07979,Type_13,74.06,1.84,211.7,17.96,3.422,536.8,0,0.14844014257715907,Normal,Good,-
M06949,Type_02,57.0,3.86,221.4,14.72,2.933,289.7,0,0.1484276256662173,Normal,Good,-
M00032,Type_18,79.11,0.1,223.3,16.56,3.328,435.0,0,0.14842545147291117,Normal,Good,-
M09726,Type_11,74.89,1.81,223.7,19.2,3.866,93.1,0,0.14842194466831274,Normal,Good,-
M04647,Type_24,66.65,0.65,213.3,20.62,3.958,538.3,0,0.14841542545973824,Normal,Good,-
M00026,Type_02,70.95,3.59,216.9,17.43,3.403,285.3,0,0.148414557099402,Normal,Good,-
M06909,Type_17,68.47,3.11,227.5,14.73,3.016,105.1,0,0.14841299332021562,Normal,Good,-
M09164,Type_13,55.22,2.64,217.9,13.44,2.636,724.2,0,0.14841111195977208,Normal,Good,-
M07815,Type_19,69.47,0.49,217.6,19.19,3.758,244.5,0,0.1484011724922507,Normal,Good,-
M02790,Type_13,70.28,1.76,220.5,17.5,3.473,237.1,0,0.14839922295736968,Normal,Good,-
M05595,Type_12,64.39,0.59,224.6,17.64,3.566,136.2,0,0.14839865357678936,Normal,Good,-
M07188,Type_14,60.82,2.07,222.1,14.29,2.856,105.6,0,0.14839264214485148,Normal,Good,-
M03082,Type_23,67.87,0.76,216.3,19.07,3.712,848.8,0,0.1483919283387396,Normal,Good,-
M00169,Type_09,54.66,1.61,222.4,14.64,2.93,960.9,0,0.14838745844444928,Normal,Good,-
M04027,Type_07,71.74,3.13,217.9,11.36,2.228,506.2,0,0.14838300604811802,Normal,Good,-
M02986,Type_15,52.25,3.32,220.7,15.78,3.134,487.6,0,0.14838291399876063,Normal,Good,-
M05035,Type_12,57.66,0.25,216.3,12.26,2.387,138.6,0,0.1483781799972194,Normal,Good,-
M02468,Type_11,63.3,0.1,220.4,10.49,2.081,669.4,0,0.14836792181958947,Normal,Good,-
M01559,Type_21,63.84,2.56,217.3,12.31,2.407,427.6,0,0.14836210338984487,Normal,Good,-
M05442,Type_23,78.81,1.8,223.0,19.54,3.922,479.8,0,0.14836098482804083,Normal,Good,-
M00491,Type_08,78.78,2.36,213.7,15.72,3.023,605.0,0,0.14835803427932898,Normal,Good,-
M07445,Type_01,66.41,2.02,218.1,18.13,3.559,659.4,0,0.1483559162452675,Normal,Good,-
M05594,Type_17,65.01,2.25,223.5,14.82,2.981,537.6,0,0.14835288398083352,Normal,Good,-
M00503,Type_09,48.6,2.78,225.1,16.48,3.339,614.9,0,0.14834758789320232,Normal,Good,-
M02657,Type_08,75.16,2.4,218.3,13.24,2.601,602.0,0,0.1483411666134035,Normal,Good,-
M00693,Type_13,63.18,1.04,217.9,17.56,3.444,467.6,0,0.14832855492703215,Normal,Good,-
M01286,Type_10,55.59,2.71,224.1,12.43,2.507,563.9,0,0.14832818958413996,Normal,Good,-
M08193,Type_23,69.54,2.34,214.1,13.78,2.655,661.6,0,0.1483087574333067,Normal,Good,-
M00943,Type_07,51.73,2.89,217.7,19.14,3.75,424.3,0,0.1483076611355216,Normal,Good,-
M02403,Type_07,65.66,2.79,221.8,18.43,3.679,379.7,0,0.14829905626337284,Normal,Good,-
M02326,Type_21,70.56,2.05,217.0,16.36,3.195,481.5,0,0.1482960709687352,Normal,Good,-
M03497,Type_01,67.85,2.15,220.0,12.38,2.451,372.7,0,0.1482910306210758,Normal,Good,-
M03235,Type_07,42.42,2.03,222.7,17.0,3.407,162.6,0,0.1482883332673628,Normal,Good,-
M05407,Type_13,57.95,3.17,222.9,14.56,2.921,867.2,0,0.1482877107419984,Normal,Good,-
M07925,Type_14,49.61,0.1,217.6,19.22,3.764,104.7,0,0.1482865000410927,Normal,Good,-
M01170,Type_01,64.24,1.77,223.6,10.86,2.185,102.4,0,0.14828619180126443,Normal,Good,-
M01941,Type_22,78.12,3.1,220.9,14.22,2.827,557.7,0,0.14828287028401868,Normal,Good,-
M08549,Type_24,68.54,3.22,214.7,14.88,2.875,565.1,0,0.1482814220136618,Normal,Good,-
M02064,Type_24,72.78,1.22,223.2,17.4,3.495,817.5,0,0.14828134888941036,Normal,Good,-
M01280,Type_23,56.61,2.08,220.6,13.08,2.597,600.8,0,0.14827468571476707,Normal,Good,-
M02853,Type_21,71.36,2.37,222.9,14.66,2.941,965.4,0,0.14827338127553363,Normal,Good,-
M02531,Type_19,76.05,1.69,220.5,15.94,3.163,682.6,0,0.14827285361811635,Normal,Good,-
M08092,Type_08,64.06,3.77,218.2,13.94,2.738,849.4,0,0.14827111940423415,Normal,Good,-
M06747,Type_08,78.63,3.01,216.6,14.46,2.819,847.9,0,0.14827034610156428,Normal,Good,-
M09324,Type_07,67.28,2.91,225.3,15.96,3.236,366.0,0,0.14826472709129784,Normal,Good,-
M02835,Type_01,59.62,0.56,217.8,14.39,2.821,841.3,0,0.14825980729602392,Normal,Good,-
M02581,Type_11,73.56,1.81,223.2,12.88,2.587,614.7,0,0.14825905616235505,Normal,Good,-
M06423,Type_08,61.85,2.32,212.5,11.24,2.15,652.0,0,0.14825777458816228,Normal,Good,-
M02324,Type_18,65.86,1.96,229.8,14.41,2.98,837.8,0,0.14825576686585032,Normal,Good,-
M09442,Type_24,69.69,0.73,226.9,14.98,3.059,312.7,0,0.14825568020749133,Normal,Good,-
M02533,Type_23,72.54,2.45,218.6,12.64,2.487,599.2,0,0.14824522503178192,Normal,Good,-
M02544,Type_24,53.35,1.53,214.4,16.38,3.161,758.9,0,0.14823986596648103,Normal,Good,-
M09347,Type_01,79.47,3.52,213.2,11.87,2.278,656.7,0,0.1482334853685402,Normal,Good,-
M07364,Type_08,62.49,3.54,217.0,11.02,2.152,458.1,0,0.14823221892889896,Normal,Good,-
M03330,Type_11,62.64,1.54,221.8,15.36,3.066,372.4,0,0.14823220489179229,Normal,Good,-
M00120,Type_23,62.09,2.11,225.9,18.49,3.759,631.5,0,0.1482303364575138,Normal,Good,-
M08326,Type_24,62.26,2.88,220.9,18.84,3.746,240.7,0,0.1482290640418335,Normal,Good,-
M01121,Type_13,54.03,0.56,219.1,22.75,4.486,900.5,0,0.1482272308702271,Normal,Good,-
M05091,Type_19,62.62,1.57,218.2,12.56,2.467,322.3,0,0.14822239735922543,Normal,Good,-
M00011,Type_23,64.53,1.04,218.4,12.67,2.49,63.7,0,0.14822192395941183,Normal,Good,-
M05269,Type_12,65.56,1.24,216.1,15.65,3.044,889.6,0,0.14822142528779836,Normal,Good,-
M06740,Type_24,68.93,0.1,224.9,17.34,3.51,604.9,0,0.1482212329161665,Normal,Good,-
M02622,Type_03,72.09,3.4,217.1,16.9,3.302,412.5,0,0.14821441652227832,Normal,Good,-
M04346,Type_02,56.7,0.9,212.9,14.16,2.713,961.7,0,0.14819776743835153,Normal,Good,-
M05917,Type_23,71.03,3.14,222.4,13.01,2.604,690.9,0,0.14819728837632024,Normal,Good,-
M08033,Type_14,62.01,1.23,221.3,14.95,2.978,772.3,0,0.14818645927282748,Normal,Good,-
M01034,Type_19,67.96,2.16,226.2,16.21,3.3,225.2,0,0.14818304709128266,Normal,Good,-
M03462,Type_08,77.01,2.22,219.7,18.41,3.64,655.0,0,0.14817851789896314,Normal,Good,-
M04609,Type_24,56.24,1.53,223.9,17.09,3.444,655.2,0,0.14816987053733346,Normal,Good,-
M00061,Type_24,61.82,3.74,219.0,16.14,3.181,92.6,0,0.1481698483449196,Normal,Good,-
M03191,Type_01,62.37,1.51,225.0,11.95,2.42,964.9,0,0.14816320696483845,Normal,Good,-
M07567,Type_09,68.92,1.0,220.9,16.64,3.308,436.9,0,0.14814190386303389,Normal,Good,-
M08791,Type_19,68.37,1.78,212.6,15.7,3.004,765.8,0,0.1481416917336097,Normal,Good,-
M09469,Type_17,50.87,1.58,219.2,12.61,2.488,797.8,0,0.1481378947025841,Normal,Good,-
M00238,Type_01,50.02,2.14,213.1,16.37,3.14,346.8,0,0.1481314059164566,Normal,Good,-
M08596,Type_21,70.89,3.05,219.6,11.69,2.31,596.3,0,0.14812159069208686,Normal,Good,-
M03914,Type_17,71.29,0.68,221.6,12.41,2.475,489.6,0,0.14812078033204723,Normal,Good,-
M05623,Type_17,70.07,0.68,215.9,12.88,2.503,584.5,0,0.14812078033204723,Normal,Good,-
M05224,Type_19,59.43,0.6,215.2,10.49,2.032,670.8,0,0.148115475430607,Normal,Good,-
M00437,Type_24,70.11,3.75,228.6,18.45,3.796,73.3,0,0.14811266068796694,Normal,Good,-
M02506,Type_11,52.13,3.32,228.5,13.54,2.785,896.7,0,0.14811252496913122,Normal,Good,-
M04356,Type_17,79.9,1.58,216.1,12.08,2.349,750.4,0,0.14811212829135947,Normal,Good,-
M08965,Type_17,49.88,1.46,218.9,24.91,4.908,276.5,0,0.14810010932490583,Normal,Good,-
M00528,Type_09,60.97,2.49,227.7,14.52,2.976,883.3,0,0.14809953467113376,Normal,Good,-
M03849,Type_09,65.88,2.31,219.9,15.21,3.01,690.9,0,0.14809953467113376,Normal,Good,-
M05270,Type_08,64.86,2.38,223.8,12.81,2.58,603.4,0,0.1480986915236945,Normal,Good,-
M06145,Type_23,58.01,2.42,216.2,13.74,2.674,831.9,0,0.14809446058120174,Normal,Good,-
M04290,Type_11,71.84,1.64,221.9,15.9,3.175,559.9,0,0.1480944008591746,Normal,Good,-
M05282,Type_16,74.62,0.31,226.7,16.54,3.375,343.5,0,0.14809354278657977,Normal,Good,-
M02613,Type_21,64.69,1.35,228.5,15.41,3.169,149.5,0,0.1480932202883952,Normal,Good,-
M03373,Type_01,67.53,2.01,224.3,13.83,2.792,776.4,0,0.1480854401156743,Normal,Good,-
M04686,Type_22,59.6,3.67,214.1,14.51,2.796,866.7,0,0.14808271872913048,Normal,Good,-
M07702,Type_03,56.75,1.16,218.3,18.15,3.566,953.2,0,0.14807622820104824,Normal,Good,-
M06292,Type_18,77.94,2.53,223.6,14.16,2.85,214.4,0,0.1480726832786848,Normal,Good,-
M05814,Type_01,59.43,2.75,223.4,14.43,2.901,421.0,0,0.14807216881063318,Normal,Good,-
M05480,Type_07,66.37,1.79,226.6,15.9,3.243,831.9,0,0.14807108999166133,Normal,Good,-
M00383,Type_10,80.18,2.33,213.3,13.59,2.609,317.1,0,0.14807071375667877,Normal,Good,-
M02384,Type_12,71.2,1.26,216.7,12.64,2.465,56.4,0,0.14806959453756027,Normal,Good,-
M05017,Type_21,71.87,3.02,221.0,12.37,2.46,145.3,0,0.14806946410475333,Normal,Good,-
M08778,Type_13,59.46,2.04,215.8,12.38,2.404,810.5,0,0.14806227179525697,Normal,Good,-
M09148,Type_13,60.02,2.1,224.5,12.78,2.582,864.5,0,0.14806227179525697,Normal,Good,-
M07609,Type_08,72.12,0.92,224.4,17.27,3.488,524.9,0,0.14805696366850396,Normal,Good,-
M07311,Type_24,43.55,2.34,218.9,12.34,2.431,96.0,0,0.14805600575511244,Normal,Good,-
M09844,Type_13,49.0,2.73,218.1,10.31,2.024,438.3,0,0.1480411743183128,Normal,Good,-
M00551,Type_09,65.52,0.67,218.9,12.85,2.532,79.7,0,0.148039851667688,Normal,Good,-
M01350,Type_22,77.17,1.68,214.5,11.33,2.187,506.3,0,0.14801866689956164,Normal,Good,-
M02632,Type_17,67.7,2.53,221.7,17.65,3.522,437.7,0,0.14801581469461975,Normal,Good,-
M07610,Type_14,66.47,0.36,215.1,14.26,2.761,764.5,0,0.1480157505815239,Normal,Good,-
M01775,Type_03,58.32,2.64,220.1,12.78,2.532,358.4,0,0.1480149301018206,Normal,Good,-
M04151,Type_24,60.24,2.5,218.2,12.07,2.37,959.4,0,0.1480147447037371,Normal,Good,-
M05219,Type_11,70.6,1.51,211.1,11.63,2.21,593.5,0,0.14801287774463606,Normal,Good,-
M03544,Type_23,55.34,1.82,218.6,17.23,3.39,432.2,0,0.14801168846102455,Normal,Good,-
M06990,Type_10,69.86,3.29,221.5,11.24,2.241,314.8,0,0.14800886897866516,Normal,Good,-
M00859,Type_13,54.59,1.77,219.8,12.79,2.53,631.0,0,0.14800389078169496,Normal,Good,-
M05951,Type_17,59.29,2.32,221.7,18.02,3.596,361.8,0,0.14800130969867714,Normal,Good,-
M02957,Type_09,66.59,1.5,226.4,14.14,2.881,252.2,0,0.1479970403676489,Normal,Good,-
M00409,Type_04,68.64,0.93,220.5,13.72,2.723,138.6,0,0.14799578211968772,Normal,Good,-
M03873,Type_08,62.84,1.95,212.5,14.87,2.844,607.3,0,0.14799259886105903,Normal,Good,-
M09879,Type_08,60.61,1.93,222.1,14.74,2.946,595.9,0,0.14799259886105903,Normal,Good,-
M03713,Type_14,75.64,1.22,217.3,17.55,3.432,86.4,0,0.14799191350128163,Normal,Good,-
M04031,Type_13,76.53,2.59,230.0,16.25,3.364,616.4,0,0.14798800809756077,Normal,Good,-
M00728,Type_02,55.81,0.17,213.9,15.9,3.061,504.2,0,0.14798694063297332,Normal,Good,-
M00969,Type_16,73.23,1.21,221.8,16.64,3.322,909.8,0,0.1479824214306492,Normal,Good,-
M09198,Type_09,62.87,1.75,211.7,15.66,2.984,320.4,0,0.14797841550607155,Normal,Good,-
M01278,Type_10,66.32,2.69,221.3,20.02,3.987,894.6,0,0.1479765772545985,Normal,Good,-
M06155,Type_18,54.18,1.38,224.1,16.61,3.35,355.4,0,0.1479715988738852,Normal,Good,-
M03053,Type_11,65.95,1.8,211.8,16.03,3.056,553.7,0,0.14796404769210275,Normal,Good,-
M01206,Type_07,75.67,1.85,220.9,14.87,2.956,902.4,0,0.1479572563951448,Normal,Good,-
M08604,Type_02,70.53,2.15,221.9,15.31,3.058,780.1,0,0.14795710974649184,Normal,Good,-
M02758,Type_22,69.43,1.27,216.5,15.0,2.923,877.2,0,0.14795405639769985,Normal,Good,-
M08331,Type_09,79.25,1.47,228.9,13.71,2.824,700.6,0,0.1479515593308837,Normal,Good,-
M04546,Type_09,65.59,1.27,227.6,14.94,3.06,769.2,0,0.14794936069029446,Normal,Good,-
M04782,Type_01,61.95,3.06,220.8,16.57,3.293,543.6,0,0.14793360917274923,Normal,Good,-
M00954,Type_01,78.65,3.02,219.9,14.67,2.903,566.2,0,0.1479324311012042,Normal,Good,-
M03743,Type_17,59.37,1.16,223.2,20.33,4.084,878.7,0,0.1479176218661451,Normal,Good,-
M08114,Type_21,62.18,2.57,222.9,12.36,2.48,55.0,0,0.14790916517905583,Normal,Good,-
M06626,Type_13,54.92,1.87,224.1,13.98,2.82,664.0,0,0.14790732139853305,Normal,Good,-
M09549,Type_01,74.14,3.23,226.3,13.54,2.758,808.7,0,0.14790729641620692,Normal,Good,-
M07634,Type_01,61.34,1.31,216.5,12.38,2.412,569.7,0,0.14790678542863678,Normal,Good,-
M03550,Type_09,61.53,1.46,217.8,10.34,2.027,334.0,0,0.14790586715969672,Normal,Good,-
M03402,Type_08,68.0,2.9,221.8,17.19,3.431,741.6,0,0.14789293501692388,Normal,Good,-
M07807,Type_08,79.0,2.83,210.4,17.31,3.278,724.9,0,0.1478921401979402,Normal,Good,-
M05324,Type_17,60.69,2.52,219.7,15.06,2.978,808.6,0,0.14788698989944474,Normal,Good,-
M05247,Type_12,63.22,1.81,221.9,13.51,2.698,948.1,0,0.14787924024276372,Normal,Good,-
M09955,Type_01,58.35,2.3,218.9,17.76,3.499,399.9,0,0.14787551716793615,Normal,Good,-
M04640,Type_11,68.69,0.1,216.3,13.98,2.721,746.1,0,0.14786678226331273,Normal,Good,-
M07881,Type_02,62.77,1.69,217.8,16.04,3.144,155.4,0,0.14785953084006123,Normal,Good,-
M00184,Type_21,72.03,2.5,215.0,14.58,2.821,694.5,0,0.1478583438665998,Normal,Good,-
M05120,Type_10,67.71,2.19,221.3,21.01,4.185,123.2,0,0.14785696413982224,Normal,Good,-
M08900,Type_24,58.0,1.75,229.2,14.52,2.995,681.4,0,0.14785621484734604,Normal,Good,-
M05429,Type_13,71.73,1.36,223.1,13.64,2.739,639.5,0,0.14785077808435748,Normal,Good,-
M07934,Type_08,74.19,4.09,215.3,15.79,3.06,791.3,0,0.1478490653787417,Normal,Good,-
M03617,Type_18,59.42,2.57,227.8,15.13,3.102,275.8,0,0.14784442753556656,Normal,Good,-
M03915,Type_13,48.52,3.81,221.5,15.49,3.088,462.8,0,0.1478291746497478,Normal,Good,-
M05896,Type_08,74.29,3.52,218.8,12.8,2.521,181.4,0,0.14782675547798005,Normal,Good,-
M07495,Type_03,73.26,1.94,218.8,15.49,3.05,888.8,0,0.14782405888831557,Normal,Good,-
M06241,Type_12,78.92,3.6,211.0,19.89,3.777,982.1,0,0.14782351331054608,Normal,Good,-
M07956,Type_01,68.18,1.54,222.0,18.57,3.71,574.7,0,0.14782161655376283,Normal,Good,-
M03021,Type_12,55.37,0.6,224.7,13.6,2.75,367.4,0,0.14781024147201705,Normal,Good,-
M08744,Type_22,56.29,2.75,211.5,13.37,2.545,853.8,0,0.14780589909526737,Normal,Good,-
M08914,Type_07,74.06,2.69,215.8,11.44,2.222,884.3,0,0.14779869387068334,Normal,Good,-
M02223,Type_11,57.03,1.43,216.4,14.3,2.785,142.5,0,0.14779488121016393,Normal,Good,-
M04598,Type_08,62.56,2.59,213.0,11.65,2.233,501.9,0,0.14779188050677353,Normal,Good,-
M04057,Type_23,65.96,2.62,225.0,11.35,2.298,568.4,0,0.14778764956428075,Normal,Good,-
M05690,Type_01,57.52,1.5,215.5,16.97,3.291,60.0,0,0.14778023199380086,Normal,Good,-
M02634,Type_10,66.04,0.75,222.4,19.19,3.841,434.6,0,0.1477800235878119,Normal,Good,-
M05042,Type_01,66.99,0.91,222.8,11.47,2.3,355.7,0,0.1477783876583492,Normal,Good,-
M09171,Type_12,63.39,1.65,218.5,10.83,2.13,234.0,0,0.14777806823818795,Normal,Good,-
M00325,Type_24,51.08,1.22,226.7,16.05,3.275,477.9,0,0.14777711921105474,Normal,Good,-
M00609,Type_23,76.88,4.05,227.0,11.87,2.425,166.2,0,0.1477771168715186,Normal,Good,-
M09474,Type_18,51.36,2.37,218.9,18.04,3.554,773.4,0,0.1477767058549898,Normal,Good,-
M00498,Type_23,66.92,2.26,218.7,12.84,2.527,898.0,0,0.14777649868237852,Normal,Good,-
M00976,Type_01,78.21,2.56,214.6,13.82,2.669,436.8,0,0.1477694504544588,Normal,Good,-
M02202,Type_12,59.73,1.48,226.8,14.82,3.025,474.6,0,0.14776581154973553,Normal,Good,-
M07933,Type_13,69.85,0.1,211.2,13.37,2.541,876.3,0,0.1477636810359571,Normal,Good,-
M06115,Type_07,66.73,2.92,218.4,13.03,2.561,156.3,0,0.1477507104230167,Normal,Good,-
M00157,Type_24,64.97,0.55,216.3,16.23,3.159,932.6,0,0.14774438119855954,Normal,Good,-
M06658,Type_13,67.27,1.54,229.1,12.38,2.553,830.1,0,0.14774354005227333,Normal,Good,-
M09118,Type_11,58.2,0.86,226.2,15.13,3.08,869.3,0,0.14773560420975007,Normal,Good,-
M06434,Type_11,64.87,1.51,223.2,12.03,2.417,134.7,0,0.14773276820140008,Normal,Good,-
M07276,Type_11,56.33,2.84,217.2,15.02,2.936,315.4,0,0.1477316429496525,Normal,Good,-
M06406,Type_23,79.96,1.92,225.9,14.41,2.93,792.1,0,0.14772992413115624,Normal,Good,-
M05813,Type_23,68.12,2.65,226.5,15.39,3.137,92.4,0,0.1476968476713484,Normal,Good,-
M01633,Type_09,68.39,1.64,215.2,15.43,2.988,408.6,0,0.14769092040190296,Normal,Good,-
M06681,Type_25,57.77,2.75,228.4,12.7,2.611,86.7,0,0.14768966654272433,Normal,Good,-
M01211,Type_25,72.47,3.11,223.3,12.62,2.536,60.3,0,0.1476866437281723,Normal,Good,-
M08407,Type_09,59.64,0.82,217.9,17.18,3.369,480.0,0,0.14768557296339105,Normal,Good,-
M08683,Type_18,69.43,1.78,217.4,16.17,3.164,139.4,0,0.14768479334936493,Normal,Good,-
M07854,Type_09,60.74,2.24,215.1,14.43,2.794,353.7,0,0.1476819400982684,Normal,Good,-
M02778,Type_14,64.25,0.44,221.4,13.66,2.722,252.8,0,0.14767558529174998,Normal,Good,-
M02837,Type_09,61.07,1.32,217.8,11.74,2.301,152.0,0,0.1476727464722647,Normal,Good,-
M00065,Type_08,77.67,1.97,216.1,17.14,3.334,696.4,0,0.1476580752295335,Normal,Good,-
M07045,Type_16,57.76,3.72,219.0,19.73,3.889,647.8,0,0.14765360215310205,Normal,Good,-
M09466,Type_08,78.55,1.03,224.0,15.77,3.179,510.8,0,0.1476523047429341,Normal,Good,-
M07242,Type_08,70.02,2.88,227.8,13.68,2.805,365.8,0,0.14764518384926992,Normal,Good,-
M05106,Type_23,72.27,1.28,222.7,18.45,3.698,486.8,0,0.1476441984212699,Normal,Good,-
M08006,Type_02,55.28,1.32,216.1,13.19,2.565,899.8,0,0.14764002639153595,Normal,Good,-
M03678,Type_12,65.08,1.51,223.6,16.04,3.228,279.3,0,0.14763832431313512,Normal,Good,-
M02208,Type_23,67.93,4.18,219.7,18.01,3.561,182.7,0,0.14763401142573696,Normal,Good,-
M03262,Type_09,59.17,2.78,229.5,14.7,3.036,811.8,0,0.147633640589745,Normal,Good,-
M05605,Type_08,65.03,2.78,216.1,13.87,2.698,409.1,0,0.14763279744230576,Normal,Good,-
M02075,Type_18,54.15,2.85,226.1,13.0,2.645,864.0,0,0.1476280021584776,Normal,Good,-
M05453,Type_03,62.24,1.63,220.2,14.63,2.899,553.5,0,0.14762359139428685,Normal,Good,-
M03374,Type_19,63.55,3.27,222.9,17.95,3.601,130.4,0,0.1476201478125528,Normal,Good,-
M07710,Type_11,69.29,1.27,222.3,13.08,2.617,485.1,0,0.14761685902748492,Normal,Good,-
M06694,Type_02,73.9,2.91,228.3,12.89,2.649,410.9,0,0.14761419082912852,Normal,Good,-
M02096,Type_23,70.94,1.39,224.0,13.78,2.778,774.3,0,0.14761017405629678,Normal,Good,-
M02967,Type_14,76.8,1.7,220.4,12.37,2.454,810.1,0,0.14760768085795886,Normal,Good,-
M09304,Type_08,70.94,0.86,225.7,15.69,3.187,523.6,0,0.14760246994210854,Normal,Good,-
M06754,Type_01,75.53,2.71,220.3,14.05,2.786,846.6,0,0.1475914417902582,Normal,Good,-
M03328,Type_07,70.28,1.74,220.2,13.94,2.763,455.2,0,0.14759142915793041,Normal,Good,-
M07040,Type_14,76.24,1.61,218.5,12.28,2.415,923.9,0,0.14758915584607937,Normal,Good,-
M02072,Type_03,55.68,0.1,216.0,18.32,3.561,979.4,0,0.14758542274002134,Normal,Good,-
M01860,Type_11,67.16,1.02,218.8,13.85,2.727,505.0,0,0.14758044427685799,Normal,Good,-
M02601,Type_14,76.58,3.22,224.3,12.77,2.578,873.9,0,0.14758016961452705,Normal,Good,-
M04643,Type_09,53.91,1.58,214.3,16.67,3.215,795.9,0,0.14757927728634035,Normal,Good,-
M04058,Type_02,42.12,3.26,222.5,14.7,2.944,921.7,0,0.14757917053699707,Normal,Good,-
M05723,Type_07,62.16,1.85,218.8,13.19,2.597,504.1,0,0.14757904275096626,Normal,Good,-
M00311,Type_12,68.35,2.09,221.8,15.42,3.078,157.2,0,0.14757452391453765,Normal,Good,-
M01405,Type_03,40.9,1.86,222.4,16.88,3.379,104.1,0,0.1475729931231518,Normal,Good,-
M09402,Type_19,77.73,0.84,218.9,15.92,3.136,658.5,0,0.14756712408172146,Normal,Good,-
M06568,Type_01,65.79,2.98,219.7,14.72,2.911,182.1,0,0.1475602458395899,Normal,Good,-
M01184,Type_19,60.14,0.82,220.5,13.57,2.693,797.3,0,0.14755169965852732,Normal,Good,-
M01081,Type_01,59.46,0.43,219.1,13.8,2.721,730.5,0,0.1475455215817382,Normal,Good,-
M05459,Type_14,70.71,2.38,223.1,12.75,2.56,118.8,0,0.14754404991861977,Normal,Good,-
M05462,Type_11,67.47,2.69,215.7,11.48,2.229,249.8,0,0.14754265959832988,Normal,Good,-
M03117,Type_07,68.37,2.81,210.7,18.5,3.508,904.5,0,0.1475401764243432,Normal,Good,-
M09023,Type_25,57.35,2.81,211.3,15.63,2.972,341.5,0,0.14753908796386211,Normal,Good,-
M06792,Type_17,64.99,2.73,214.7,18.17,3.511,468.7,0,0.1475354156172884,Normal,Good,-
M04815,Type_01,67.66,2.33,219.4,13.57,2.68,394.0,0,0.14752891158916068,Normal,Good,-
M02639,Type_14,59.79,2.1,216.7,11.75,2.292,837.0,0,0.14752428883271765,Normal,Good,-
M03521,Type_23,66.49,3.3,218.6,17.53,3.449,628.0,0,0.1475230552113938,Normal,Good,-
M03582,Type_07,61.41,1.23,215.5,14.64,2.839,889.8,0,0.14752159636261963,Normal,Good,-
M04972,Type_08,68.56,1.75,226.6,17.48,3.565,625.2,0,0.14751620968452758,Normal,Good,-
M02785,Type_16,69.23,1.89,223.2,18.77,3.771,419.8,0,0.14751342862960015,Normal,Good,-
M04965,Type_24,48.96,1.53,215.4,19.46,3.773,840.6,0,0.14751259316089674,Normal,Good,-
M02655,Type_09,57.13,2.75,221.2,16.51,3.287,312.8,0,0.14751252142468277,Normal,Good,-
M01682,Type_01,58.53,3.04,219.0,13.93,2.746,586.0,0,0.14751158803948636,Normal,Good,-
M09224,Type_01,58.85,3.34,216.3,13.93,2.712,545.8,0,0.14751158803948636,Normal,Good,-
M04114,Type_23,77.49,1.71,214.1,11.92,2.297,793.0,0,0.14751056495175963,Normal,Good,-
M03000,Type_25,66.53,0.79,217.6,13.77,2.697,148.7,0,0.14751052456350552,Normal,Good,-
M00958,Type_17,60.92,1.14,216.5,12.29,2.395,495.1,0,0.14750824403484344,Normal,Good,-
M04440,Type_11,68.27,1.73,212.0,11.87,2.265,256.3,0,0.14750471449684752,Normal,Good,-
M09693,Type_23,71.69,1.07,217.9,11.55,2.265,736.4,0,0.14750335014469645,Normal,Good,-
M05850,Type_08,68.89,0.66,217.8,14.76,2.893,846.4,0,0.14750116617676912,Normal,Good,-
M03729,Type_09,64.03,2.73,221.6,17.77,3.544,255.9,0,0.14749711204212151,Normal,Good,-
M05413,Type_09,61.26,2.68,215.7,17.97,3.489,134.6,0,0.14749711204212151,Normal,Good,-
M01248,Type_04,59.77,2.44,221.1,10.06,2.002,234.3,0,0.14749267308554923,Normal,Good,-
M01982,Type_14,66.99,0.1,222.4,14.15,2.832,117.5,0,0.14748978437568722,Normal,Good,-
M00393,Type_18,61.24,0.15,219.6,13.12,2.593,236.8,0,0.14748002135739322,Normal,Good,-
M06617,Type_02,51.4,2.96,222.3,18.88,3.777,679.6,0,0.1474759667004016,Normal,Good,-
M07717,Type_24,57.85,1.05,220.9,17.92,3.563,637.3,0,0.14747490660046517,Normal,Good,-
M00318,Type_08,77.05,1.07,225.5,17.1,3.47,659.7,0,0.14747278836256827,Normal,Good,-
M03494,Type_01,63.8,1.69,217.2,16.22,3.171,949.5,0,0.14747196886064892,Normal,Good,-
M03308,Type_01,60.02,1.95,210.4,17.69,3.35,398.0,0,0.1474703548049432,Normal,Good,-
M05133,Type_08,51.36,1.18,218.2,12.91,2.535,481.2,0,0.14746757328630422,Normal,Good,-
M00820,Type_23,74.56,1.51,224.1,12.31,2.483,790.4,0,0.14746144197606775,Normal,Good,-
M07723,Type_08,52.18,1.66,225.2,12.03,2.438,146.6,0,0.14746010859377037,Normal,Good,-
M00853,Type_13,36.51,2.22,217.8,13.4,2.627,953.0,0,0.14745411966331798,Normal,Good,-
M03121,Type_16,71.95,1.48,215.4,19.71,3.821,452.5,0,0.14744989622807536,Normal,Good,-
M00794,Type_07,37.18,3.18,223.4,13.56,2.726,631.3,0,0.14744903796748962,Normal,Good,-
M04556,Type_09,65.35,2.32,222.2,10.4,2.08,911.4,0,0.14744105949125708,Normal,Good,-
M03231,Type_24,56.37,1.78,223.7,16.18,3.258,588.0,0,0.14744019902604552,Normal,Good,-
M03786,Type_07,67.18,2.42,218.8,13.99,2.755,925.0,0,0.14743834410882933,Normal,Good,-
M01885,Type_23,74.36,2.22,213.5,11.39,2.189,802.6,0,0.14743236932073947,Normal,Good,-
M00555,Type_11,73.64,1.66,214.7,18.43,3.561,958.4,0,0.147427270216646,Normal,Good,-
M03545,Type_07,59.55,3.06,212.5,16.47,3.15,836.7,0,0.14742018235570317,Normal,Good,-
M03793,Type_07,62.95,3.04,214.0,15.63,3.01,737.6,0,0.14742018235570317,Normal,Good,-
M04794,Type_11,71.63,3.53,218.9,13.84,2.727,911.9,0,0.14741858334535832,Normal,Good,-
M01551,Type_08,68.79,2.81,214.9,14.84,2.87,780.3,0,0.147416439493498,Normal,Good,-
M00150,Type_24,64.94,0.87,217.4,21.29,4.166,682.3,0,0.1474152382140449,Normal,Good,-
M00138,Type_08,61.38,3.24,218.5,18.09,3.557,799.5,0,0.14741253593959253,Normal,Good,-
M07306,Type_19,76.79,1.28,227.8,12.33,2.528,311.7,0,0.14740659644943324,Normal,Good,-
M04109,Type_25,75.14,1.52,219.1,20.27,3.997,649.6,0,0.14740566146355288,Normal,Good,-
M00657,Type_08,66.61,2.92,214.4,14.3,2.759,628.4,0,0.14739868976822543,Normal,Good,-
M01104,Type_16,70.87,3.38,211.3,18.41,3.501,965.1,0,0.14739243000297336,Normal,Good,-
M08918,Type_11,72.75,1.02,222.1,15.65,3.128,504.4,0,0.14738867132277972,Normal,Good,-
M02086,Type_03,60.44,0.88,220.9,17.01,3.382,746.3,0,0.1473869555066384,Normal,Good,-
M09184,Type_15,62.81,4.06,221.7,14.99,2.991,746.1,0,0.14738528334973913,Normal,Good,-
M06472,Type_01,73.35,2.03,215.2,13.16,2.549,340.9,0,0.1473845261281256,Normal,Good,-
M03401,Type_13,57.33,0.25,228.5,19.64,4.039,113.3,0,0.1473830008621106,Normal,Good,-
M06900,Type_09,68.43,0.64,215.6,17.24,3.345,287.3,0,0.147382693794314,Normal,Good,-
M07581,Type_16,58.86,0.73,219.5,19.93,3.937,997.5,0,0.14737643518589302,Normal,Good,-
M03744,Type_19,47.37,3.98,226.2,12.67,2.579,860.9,0,0.1473729310913394,Normal,Good,-
M01276,Type_23,50.5,1.81,216.9,12.79,2.497,793.0,0,0.14737123915066871,Normal,Good,-
M02797,Type_07,76.28,1.95,227.8,11.64,2.386,503.5,0,0.14737084480758203,Normal,Good,-
M01255,Type_13,62.4,1.69,223.5,14.58,2.933,564.0,0,0.1473706861522083,Normal,Good,-
M04769,Type_14,65.46,2.06,215.5,12.56,2.436,820.9,0,0.14736520576824988,Normal,Good,-
M02993,Type_23,51.86,2.1,211.6,18.07,3.441,346.5,0,0.14735991633120088,Normal,Good,-
M06943,Type_08,71.85,3.9,220.0,17.91,3.546,465.8,0,0.147357945919788,Normal,Good,-
M08027,Type_22,72.93,3.2,211.2,14.88,2.828,333.8,0,0.1473553602663566,Normal,Good,-
M05834,Type_18,67.14,2.83,215.2,16.76,3.246,867.0,0,0.14735471245557255,Normal,Good,-
M03622,Type_08,68.29,2.22,219.3,18.33,3.618,513.5,0,0.14734475501611607,Normal,Good,-
M02147,Type_08,70.69,1.03,214.8,12.29,2.376,120.6,0,0.1473426352524027,Normal,Good,-
M05909,Type_17,46.9,1.1,220.4,18.62,3.693,481.0,0,0.1473385479595052,Normal,Good,-
M08528,Type_21,67.96,0.51,220.4,18.87,3.743,417.7,0,0.1473345684354674,Normal,Good,-
M07444,Type_14,70.28,2.72,221.7,12.39,2.472,749.4,0,0.1473256106377196,Normal,Good,-
M02437,Type_19,48.08,1.79,210.7,13.03,2.471,278.2,0,0.1473103422443849,Normal,Good,-
M06478,Type_18,77.35,2.85,215.8,18.14,3.523,842.7,0,0.14730357922355994,Normal,Good,-
M07111,Type_01,46.45,3.87,222.6,12.16,2.436,381.0,0,0.14729694595485537,Normal,Good,-
M09026,Type_18,74.6,0.81,222.8,17.88,3.585,770.6,0,0.1472960556981628,Normal,Good,-
M02535,Type_12,52.49,3.15,216.4,10.72,2.088,361.5,0,0.14729029392298834,Normal,Good,-
M03970,Type_22,58.13,0.31,214.3,11.56,2.23,682.3,0,0.14728921505537726,Normal,Good,-
M03329,Type_13,68.0,3.29,222.7,17.2,3.447,536.0,0,0.1472876498955573,Normal,Good,-
M00832,Type_19,63.03,0.74,223.6,13.81,2.779,482.2,0,0.14727647993285167,Normal,Good,-
M03176,Type_25,70.82,0.82,220.6,21.17,4.203,193.3,0,0.14727597955005792,Normal,Good,-
M08300,Type_08,56.0,3.48,216.5,10.76,2.097,307.0,0,0.14727388908041722,Normal,Good,-
M02844,Type_17,44.81,1.9,221.8,12.69,2.533,369.3,0,0.14727188975264716,Normal,Good,-
M09864,Type_17,75.2,2.33,221.2,11.65,2.319,115.9,0,0.14727042706027071,Normal,Good,-
M02425,Type_16,70.43,0.81,225.5,14.29,2.9,543.6,0,0.14726979748708027,Normal,Good,-
M09493,Type_11,74.13,2.54,224.9,11.77,2.382,577.1,0,0.14726386333216257,Normal,Good,-
M01397,Type_03,60.7,0.82,218.3,12.53,2.462,379.7,0,0.14725706969577607,Normal,Good,-
M06499,Type_24,62.23,0.1,218.9,17.02,3.353,602.3,0,0.14725211082976913,Normal,Good,-
M04549,Type_22,64.67,3.57,220.3,14.65,2.905,288.4,0,0.14724507493575537,Normal,Good,-
M08028,Type_03,66.57,2.68,221.7,17.21,3.434,878.2,0,0.14724501840107426,Normal,Good,-
M09548,Type_17,68.12,2.96,225.0,16.7,3.382,485.6,0,0.1472449303032741,Normal,Good,-
M00087,Type_01,70.07,1.21,217.5,12.22,2.392,343.2,0,0.147236396396665,Normal,Good,-
M02742,Type_23,69.74,1.47,213.8,14.17,2.727,817.2,0,0.14723135329332296,Normal,Good,-
M01105,Type_06,80.29,2.68,219.3,17.94,3.541,481.8,0,0.14721557368864166,Normal,Good,-
M04274,Type_07,77.33,2.07,225.2,12.5,2.534,472.0,0,0.14721176174311426,Normal,Good,-
M09796,Type_15,70.42,1.26,217.3,18.35,3.589,278.8,0,0.14720983270504834,Normal,Good,-
M02411,Type_17,46.97,2.75,217.0,14.68,2.867,528.3,0,0.14719997608173904,Normal,Good,-
M02026,Type_14,58.45,1.05,225.9,12.25,2.491,539.7,0,0.14719829756492392,Normal,Good,-
M08669,Type_02,69.06,2.28,214.4,14.08,2.717,861.3,0,0.14719624127864228,Normal,Good,-
M08861,Type_09,76.58,3.12,213.6,14.31,2.751,422.1,0,0.14719385356810435,Normal,Good,-
M06129,Type_15,62.23,1.51,227.4,13.98,2.861,793.3,0,0.1471912525836282,Normal,Good,-
M06547,Type_09,73.82,2.78,220.2,16.04,3.179,305.3,0,0.14718981724552596,Normal,Good,-
M02277,Type_02,68.1,2.46,218.6,15.27,3.004,212.3,0,0.14718539794554492,Normal,Good,-
M09434,Type_11,69.06,2.68,215.7,16.81,3.263,950.0,0,0.147180486234965,Normal,Good,-
M07391,Type_24,46.24,0.29,217.8,15.21,2.981,565.4,0,0.14717834882581568,Normal,Good,-
M00935,Type_09,43.79,2.21,224.2,14.0,2.825,425.6,0,0.14717732981599105,Normal,Good,-
M04871,Type_16,70.53,1.07,220.0,13.5,2.673,379.9,0,0.14716700889880646,Normal,Good,-
M09029,Type_11,71.86,3.36,220.5,10.11,2.006,604.9,0,0.14716621644147687,Normal,Good,-
M09646,Type_10,64.23,1.62,216.7,17.71,3.454,570.9,0,0.14716310147152278,Normal,Good,-
M02285,Type_11,72.57,0.1,216.5,14.62,2.849,531.4,0,0.1471621731287218,Normal,Good,-
M04687,Type_23,64.63,1.56,227.3,14.05,2.874,830.9,0,0.14715493178092706,Normal,Good,-
M01042,Type_09,68.28,1.02,224.9,14.77,2.99,338.6,0,0.1471480671722663,Normal,Good,-
M00048,Type_25,68.87,2.1,214.1,11.94,2.301,126.1,0,0.14714707495383503,Normal,Good,-
M07975,Type_23,66.56,1.7,220.9,11.1,2.207,499.2,0,0.14714687148008074,Normal,Good,-
M07347,Type_19,67.63,1.72,220.6,16.13,3.202,167.6,0,0.14714433275567448,Normal,Good,-
M03474,Type_23,72.12,0.68,218.9,19.26,3.794,509.2,0,0.14713611921534414,Normal,Good,-
M00433,Type_08,68.93,2.91,217.1,14.23,2.78,786.6,0,0.14713258754299904,Normal,Good,-
M04034,Type_08,64.06,1.93,216.9,14.37,2.805,861.7,0,0.14713222972200135,Normal,Good,-
M05905,Type_09,54.37,2.27,221.5,14.3,2.851,782.8,0,0.1471279090671405,Normal,Good,-
M05305,Type_15,60.21,3.39,217.4,14.58,2.853,323.9,0,0.14712781354341117,Normal,Good,-
M03673,Type_02,60.14,3.31,217.3,12.45,2.435,232.6,0,0.1471078747968541,Normal,Good,-
M05070,Type_23,74.96,2.55,222.0,9.93,1.984,582.7,0,0.1471056334393696,Normal,Good,-
M07853,Type_13,50.59,2.55,211.5,12.08,2.299,928.0,0,0.14710507963009312,Normal,Good,-
M09978,Type_22,56.82,3.51,218.8,15.74,3.1,683.7,0,0.1471031087815646,Normal,Good,-
M01112,Type_13,77.41,3.11,223.0,12.13,2.434,65.4,0,0.14710024709653113,Normal,Good,-
M08001,Type_17,61.7,1.62,224.7,15.61,3.157,805.6,0,0.1470976598788027,Normal,Good,-
M05223,Type_01,55.44,0.53,222.7,15.13,3.033,618.0,0,0.14709428384020054,Normal,Good,-
M05902,Type_22,69.25,2.3,216.3,14.55,2.832,571.0,0,0.1470927694161258,Normal,Good,-
M06128,Type_17,62.34,2.98,217.7,19.9,3.899,670.6,0,0.14708460519151825,Normal,Good,-
M05259,Type_14,57.4,2.65,226.4,14.79,3.014,866.2,0,0.14708241496691568,Normal,Good,-
M01175,Type_17,61.78,0.2,219.8,14.54,2.876,768.0,0,0.14707467053982856,Normal,Good,-
M00762,Type_24,55.95,1.4,218.1,18.59,3.649,156.5,0,0.14707172795995813,Normal,Good,-
M04823,Type_11,62.83,1.55,221.4,15.23,3.035,565.9,0,0.147071631461495,Normal,Good,-
M04226,Type_01,70.2,2.47,219.7,13.91,2.75,599.7,0,0.14706089891879345,Normal,Good,-
M01793,Type_15,62.29,3.21,228.9,12.86,2.649,452.7,0,0.14705813483080246,Normal,Good,-
M04508,Type_18,62.0,2.24,213.2,16.49,3.164,223.2,0,0.14705233852326194,Normal,Good,-
M09461,Type_08,56.67,2.54,214.9,13.13,2.539,542.4,0,0.14705090354395595,Normal,Good,-
M03848,Type_09,52.58,2.27,220.5,17.85,3.542,566.4,0,0.1470500675811154,Normal,Good,-
M00648,Type_23,56.33,2.58,213.4,12.21,2.345,417.7,0,0.14704667260146317,Normal,Good,-
M00479,Type_23,58.9,1.8,225.6,14.47,2.938,649.0,0,0.14704497169215117,Normal,Good,-
M01275,Type_23,64.49,2.16,221.3,14.77,2.942,755.8,0,0.14704497169215117,Normal,Good,-
M00778,Type_11,80.26,1.42,219.0,15.96,3.146,998.9,0,0.1470442629271689,Normal,Good,-
M09964,Type_23,62.38,3.27,210.2,18.25,3.453,394.7,0,0.14704265613406245,Normal,Good,-
M03574,Type_07,78.79,2.33,211.1,13.87,2.635,706.7,0,0.14703181696755918,Normal,Good,-
M06765,Type_20,60.53,2.44,215.0,17.72,3.429,963.6,0,0.14703161005659143,Normal,Good,-
M04661,Type_24,57.63,1.02,225.7,15.25,3.098,299.6,0,0.14702684552283318,Normal,Good,-
M05794,Type_07,76.04,1.45,227.4,12.81,2.622,594.0,0,0.14702238702036025,Normal,Good,-
M01640,Type_06,72.11,3.96,213.3,18.8,3.609,125.6,0,0.1470188218704724,Normal,Good,-
M08261,Type_21,73.15,2.05,219.3,12.26,2.42,76.7,0,0.14700879770691297,Normal,Good,-
M04066,Type_17,64.02,0.8,211.3,15.18,2.887,386.7,0,0.1470049937485223,Normal,Good,-
M04343,Type_09,54.43,1.22,216.6,13.85,2.7,463.4,0,0.1470034609133713,Normal,Good,-
M01795,Type_15,76.42,2.22,211.8,10.16,1.937,101.4,0,0.1469978876007322,Normal,Good,-
M00565,Type_17,58.67,0.68,216.7,16.12,3.144,919.6,0,0.14699547073105462,Normal,Good,-
M08570,Type_16,71.39,0.94,211.3,19.86,3.777,628.1,0,0.14699308161074648,Normal,Good,-
M03325,Type_08,74.33,3.25,218.1,13.8,2.709,485.5,0,0.14699101636300962,Normal,Good,-
M07141,Type_08,48.25,2.99,215.2,15.07,2.919,216.5,0,0.14698724311295558,Normal,Good,-
M05741,Type_09,68.16,2.09,221.1,13.04,2.595,943.0,0,0.14698183459344652,Normal,Good,-
M00178,Type_09,73.66,2.21,221.9,14.87,2.97,890.0,0,0.14697846951582239,Normal,Good,-
M06607,Type_01,51.77,2.99,211.0,18.66,3.544,521.3,0,0.14697743674847802,Normal,Good,-
M05532,Type_13,75.36,2.13,210.6,11.66,2.21,774.8,0,0.1469767609839165,Normal,Good,-
M07288,Type_12,47.16,1.66,216.2,10.67,2.076,748.5,0,0.14697406395906454,Normal,Good,-
M08753,Type_12,44.89,1.98,213.3,10.5,2.016,550.2,0,0.14697406395906454,Normal,Good,-
M06739,Type_10,65.13,1.65,216.4,20.42,3.977,107.0,0,0.1469708258392484,Normal,Good,-
M07526,Type_18,69.36,3.3,214.2,16.84,3.246,826.5,0,0.14696875258046352,Normal,Good,-
M02272,Type_14,54.35,1.3,225.5,15.19,3.083,711.6,0,0.14696363644582422,Normal,Good,-
M03434,Type_09,45.94,2.91,229.4,13.51,2.789,668.5,0,0.14696339078488374,Normal,Good,-
M04739,Type_13,66.69,2.9,220.6,14.31,2.841,756.1,0,0.14696186728137992,Normal,Good,-
M07478,Type_07,72.06,0.82,219.5,14.75,2.914,634.6,0,0.14696004255971984,Normal,Good,-
M05759,Type_23,56.09,1.95,221.5,19.75,3.937,935.2,0,0.14695777210558367,Normal,Good,-
M01091,Type_24,63.81,0.1,222.6,18.53,3.712,883.3,0,0.1469577714718954,Normal,Good,-
M06824,Type_22,73.74,3.55,221.9,19.83,3.96,622.4,0,0.14694737445683367,Normal,Good,-
M09018,Type_06,61.76,1.74,215.4,12.5,2.423,814.3,0,0.1469455940658553,Normal,Good,-
M01000,Type_14,55.57,2.07,211.6,11.79,2.245,873.2,0,0.14694239493436786,Normal,Good,-
M08347,Type_13,77.97,2.46,219.7,10.51,2.078,382.3,0,0.14694157244839162,Normal,Good,-
M02001,Type_03,54.89,2.78,222.6,13.83,2.771,678.9,0,0.1469320629952863,Normal,Good,-
M00404,Type_18,75.69,0.71,222.4,19.88,3.979,966.8,0,0.1469295392098688,Normal,Good,-
M04436,Type_08,54.56,2.66,222.8,12.38,2.482,509.4,0,0.14691823434436746,Normal,Good,-
M00349,Type_01,55.58,2.31,219.3,15.02,2.964,229.4,0,0.14691477157415417,Normal,Good,-
M06697,Type_09,61.54,1.93,210.4,14.36,2.719,216.9,0,0.14689984741601933,Normal,Good,-
M00602,Type_08,70.55,2.81,227.1,15.5,3.168,384.1,0,0.1468989091706996,Normal,Good,-
M07286,Type_15,62.85,0.62,226.0,14.53,2.955,126.7,0,0.14689842479327558,Normal,Good,-
M00697,Type_01,61.18,3.07,213.5,16.43,3.157,461.5,0,0.14689489483714108,Normal,Good,-
M04416,Type_11,71.55,2.25,214.6,15.42,2.978,737.1,0,0.14689014718586615,Normal,Good,-
M05280,Type_06,64.05,2.14,213.5,12.84,2.467,351.6,0,0.14688256824594903,Normal,Good,-
M01173,Type_13,54.98,2.51,223.5,15.0,3.017,388.2,0,0.14687402233131652,Normal,Good,-
M01482,Type_15,72.97,2.11,225.2,18.0,3.648,116.0,0,0.146871856539003,Normal,Good,-
M07138,Type_01,37.75,2.98,225.0,14.91,3.019,677.7,0,0.14687027806179923,Normal,Good,-
M03431,Type_24,70.79,2.18,211.2,14.69,2.792,890.9,0,0.1468649379226181,Normal,Good,-
M08964,Type_08,61.95,1.68,218.3,18.01,3.538,774.8,0,0.14686435593878472,Normal,Good,-
M03947,Type_08,68.58,0.1,224.4,18.87,3.811,461.4,0,0.1468639667360615,Normal,Good,-
M01289,Type_24,66.63,1.0,223.9,17.18,3.462,812.8,0,0.14686341070062756,Normal,Good,-
M05925,Type_19,53.66,3.06,221.0,12.45,2.476,883.2,0,0.14685264843770698,Normal,Good,-
M06663,Type_12,62.71,0.98,230.0,17.55,3.633,161.4,0,0.14684209080714308,Normal,Good,-
M07408,Type_19,72.51,1.74,227.8,14.61,2.995,938.3,0,0.14684000241611253,Normal,Good,-
M05178,Type_11,58.9,1.34,218.9,15.46,3.046,733.6,0,0.14683970214193212,Normal,Good,-
M03453,Type_17,58.38,1.94,222.2,14.8,2.96,823.4,0,0.14683843470530492,Normal,Good,-
M07042,Type_18,72.53,2.57,211.3,16.44,3.126,291.5,0,0.14683122200124776,Normal,Good,-
M06284,Type_15,52.55,3.1,214.3,11.27,2.174,61.6,0,0.14682722362692854,Normal,Good,-
M06719,Type_08,53.73,1.63,215.8,17.47,3.393,487.9,0,0.14682032763839475,Normal,Good,-
M04474,Type_06,63.89,4.01,215.9,12.58,2.444,906.3,0,0.14681979793779326,Normal,Good,-
M06422,Type_08,72.75,1.28,224.0,16.14,3.254,556.5,0,0.1468164437412352,Normal,Good,-
M09221,Type_09,52.77,3.14,220.3,14.04,2.784,808.9,0,0.14681571992889064,Normal,Good,-
M06280,Type_09,76.95,2.86,214.1,16.59,3.197,537.9,0,0.1468156476644803,Normal,Good,-
M03485,Type_01,63.09,0.96,223.3,14.47,2.908,630.9,0,0.14680946322195676,Normal,Good,-
M05483,Type_01,61.19,0.58,223.8,14.4,2.9,419.7,0,0.14680946322195676,Normal,Good,-
M08362,Type_07,73.67,2.06,216.1,14.53,2.826,544.7,0,0.14680540295705707,Normal,Good,-
M03105,Type_15,72.0,1.16,223.3,19.89,3.997,789.4,0,0.1467973369284388,Normal,Good,-
M05021,Type_07,67.9,2.23,216.8,11.0,2.146,745.4,0,0.1467925352026853,Normal,Good,-
M03377,Type_07,59.53,1.43,224.4,15.7,3.171,690.6,0,0.14679156009401498,Normal,Good,-
M05032,Type_09,78.27,1.22,219.1,17.17,3.386,816.5,0,0.1467798077436032,Normal,Good,-
M06202,Type_03,51.37,2.73,229.5,14.31,2.956,460.5,0,0.1467787774913288,Normal,Good,-
M00886,Type_07,49.37,2.41,226.5,19.04,3.881,148.2,0,0.14677504582493575,Normal,Good,-
M06794,Type_22,64.69,4.31,214.6,15.62,3.017,431.2,0,0.14677207944761547,Normal,Good,-
M04165,Type_11,63.04,0.57,221.4,11.24,2.24,191.0,0,0.14676971804665484,Normal,Good,-
M00003,Type_07,59.18,3.64,222.3,11.0,2.201,643.9,0,0.14676824238972583,Normal,Good,-
M00670,Type_23,64.82,0.1,213.4,11.02,2.117,519.7,0,0.14675257144011214,Normal,Good,-
M05687,Type_01,78.67,0.27,224.9,13.63,2.759,788.5,0,0.1467524703964225,Normal,Good,-
M04298,Type_07,57.17,3.06,224.9,13.82,2.797,240.9,0,0.14675221127349852,Normal,Good,-
M07830,Type_19,74.96,0.76,218.3,13.92,2.735,347.3,0,0.14675107511047392,Normal,Good,-
M02948,Type_01,48.02,3.69,227.3,14.53,2.972,192.9,0,0.14674851447957146,Normal,Good,-
M02550,Type_20,49.01,2.73,214.3,13.94,2.689,468.3,0,0.14674802943716933,Normal,Good,-
M07743,Type_14,67.69,2.67,228.2,13.59,2.791,867.4,0,0.1467470620294011,Normal,Good,-
M00270,Type_24,63.36,1.85,219.5,14.66,2.896,135.5,0,0.1467432298393858,Normal,Good,-
M05656,Type_22,47.16,3.52,215.8,15.37,2.985,727.6,0,0.14673894717454253,Normal,Good,-
M09552,Type_19,41.14,0.53,221.2,13.52,2.692,107.5,0,0.14673425704113,Normal,Good,-
M04449,Type_08,67.69,1.51,217.7,15.9,3.115,894.2,0,0.14672896551459993,Normal,Good,-
M04985,Type_13,72.99,2.22,222.7,16.56,3.319,545.8,0,0.14672794372932757,Normal,Good,-
M08498,Type_23,79.14,2.29,213.6,11.62,2.234,383.3,0,0.14672086407864357,Normal,Good,-
M03383,Type_02,75.48,1.05,222.5,14.76,2.956,294.2,0,0.1467193989208775,Normal,Good,-
M03937,Type_16,61.93,3.59,211.5,14.18,2.699,435.4,0,0.1467189021276718,Normal,Good,-
M04953,Type_19,70.5,1.93,220.7,10.34,2.054,894.0,0,0.14671466804310496,Normal,Good,-
M02476,Type_08,64.49,1.39,212.9,14.74,2.824,475.1,0,0.14671191966466018,Normal,Good,-
M03073,Type_15,66.29,0.54,216.7,20.77,4.051,747.2,0,0.14670340362132622,Normal,Good,-
M04481,Type_03,62.25,1.15,227.0,15.71,3.21,440.9,0,0.14669907997272547,Normal,Good,-
M08684,Type_14,71.84,2.6,216.2,11.79,2.294,395.8,0,0.14669866750131402,Normal,Good,-
M07639,Type_03,70.86,1.69,217.3,13.25,2.591,893.8,0,0.14668379465088996,Normal,Good,-
M08896,Type_07,67.58,1.33,220.1,18.76,3.716,559.0,0,0.1466822445272639,Normal,Good,-
M03934,Type_08,57.14,2.75,222.7,16.6,3.327,452.4,0,0.14668183146789165,Normal,Good,-
M02856,Type_22,67.74,0.61,221.8,20.71,4.134,779.0,0,0.1466807986246925,Normal,Good,-
M03461,Type_04,65.65,2.87,224.8,15.96,3.229,950.2,0,0.1466787228406854,Normal,Good,-
M00846,Type_22,69.34,0.65,221.4,15.18,3.025,476.5,0,0.14667594163112951,Normal,Good,-
M07484,Type_23,67.21,1.73,223.8,13.95,2.81,852.9,0,0.14666500163042487,Normal,Good,-
M04685,Type_17,57.05,1.65,216.9,11.6,2.264,536.6,0,0.14666261107437328,Normal,Good,-
M08630,Type_08,60.04,2.17,220.1,16.73,3.314,850.9,0,0.1466625503471241,Normal,Good,-
M01050,Type_08,58.04,2.93,222.5,15.37,3.078,424.5,0,0.1466571912144801,Normal,Good,-
M00457,Type_08,47.21,0.73,218.8,13.31,2.621,755.8,0,0.14665509448375708,Normal,Good,-
M09890,Type_03,66.65,2.97,223.9,15.99,3.222,59.5,0,0.14665428940799533,Normal,Good,-
M05082,Type_12,59.71,0.1,220.3,15.94,3.16,941.2,0,0.14664722249381776,Normal,Good,-
M01782,Type_20,73.71,4.15,214.2,14.87,2.867,72.2,0,0.14664650105908567,Normal,Good,-
M01639,Type_01,55.91,1.8,217.0,18.31,3.576,522.1,0,0.14664534740751736,Normal,Good,-
M05290,Type_01,56.47,2.01,222.8,17.79,3.567,660.7,0,0.14664534740751736,Normal,Good,-
M00521,Type_23,73.02,1.98,220.1,17.43,3.453,381.0,0,0.1466452405838348,Normal,Good,-
M02663,Type_23,71.96,2.35,220.9,18.36,3.65,730.8,0,0.1466452405838348,Normal,Good,-
M01846,Type_07,64.97,4.09,217.3,15.37,3.006,408.8,0,0.14663922391115167,Normal,Good,-
M00106,Type_13,62.26,2.82,219.6,15.73,3.109,492.9,0,0.1466375913762314,Normal,Good,-
M04841,Type_19,57.55,1.21,217.5,15.75,3.083,831.2,0,0.14663610732566132,Normal,Good,-
M02187,Type_13,42.31,2.94,213.4,14.68,2.819,237.6,0,0.14663206319723202,Normal,Good,-
M02850,Type_22,75.93,1.17,225.1,21.6,4.376,368.7,0,0.14662676117223325,Normal,Good,-
M07694,Type_03,66.94,1.93,226.7,14.6,2.979,577.4,0,0.14662546879428034,Normal,Good,-
M02928,Type_08,47.46,3.52,223.6,16.15,3.25,214.2,0,0.14662445243336333,Normal,Good,-
M03233,Type_08,68.44,0.93,217.0,16.9,3.301,680.3,0,0.14660867455647206,Normal,Good,-
M01444,Type_02,54.31,1.64,216.0,14.07,2.735,279.6,0,0.14660526784273809,Normal,Good,-
M05600,Type_23,64.94,1.49,223.3,18.02,3.621,834.8,0,0.1466044362220305,Normal,Good,-
M08631,Type_06,58.95,2.69,220.3,20.03,3.971,540.4,0,0.14659985545020815,Normal,Good,-
M03651,Type_23,76.91,2.34,213.7,13.68,2.631,359.8,0,0.14658936285537674,Normal,Good,-
M05490,Type_24,72.85,0.98,221.7,14.96,2.985,815.9,0,0.14658666848075813,Normal,Good,-
M08946,Type_09,48.07,0.92,220.5,14.13,2.804,643.5,0,0.14658498624281838,Normal,Good,-
M03152,Type_09,52.54,2.68,214.7,18.08,3.494,435.5,0,0.14658417349972663,Normal,Good,-
M08204,Type_12,65.6,1.23,218.5,15.05,2.96,289.3,0,0.1465775202382961,Normal,Good,-
M08779,Type_07,79.8,2.17,218.4,14.0,2.752,468.7,0,0.14656940331190343,Normal,Good,-
M08413,Type_23,65.85,3.37,221.0,13.63,2.711,53.1,0,0.14656906518693455,Normal,Good,-
M02775,Type_08,61.96,0.42,219.5,14.67,2.898,846.8,0,0.14656607156968515,Normal,Good,-
M05194,Type_09,66.69,1.19,217.9,15.0,2.942,235.7,0,0.14656411776468017,Normal,Good,-
M06682,Type_12,72.82,2.72,220.4,15.76,3.126,139.6,0,0.14655601572223806,Normal,Good,-
M04259,Type_10,42.4,1.56,218.3,12.87,2.529,672.8,0,0.14654836742238808,Normal,Good,-
M08394,Type_21,79.1,3.13,214.6,17.05,3.293,426.5,0,0.1465468083862166,Normal,Good,-
M00245,Type_09,74.39,0.56,219.5,10.38,2.051,629.7,0,0.146545029951369,Normal,Good,-
M06768,Type_01,52.74,0.11,220.3,13.4,2.657,464.8,0,0.14654435222697088,Normal,Good,-
M01890,Type_12,63.75,0.45,221.4,16.63,3.314,221.2,0,0.14654203741781582,Normal,Good,-
M04676,Type_17,68.4,3.42,218.8,13.1,2.58,950.4,0,0.1465395573968753,Normal,Good,-
M02045,Type_08,79.16,0.4,219.9,17.75,3.513,968.4,0,0.14653574986643836,Normal,Good,-
M04186,Type_09,64.57,2.6,219.8,14.31,2.831,164.3,0,0.14653220344177312,Normal,Good,-
M08671,Type_16,70.28,3.93,227.1,18.09,3.697,609.1,0,0.14653014979176074,Normal,Good,-
M00288,Type_12,49.14,2.24,217.7,10.85,2.126,387.5,0,0.14653011139460034,Normal,Good,-
M03490,Type_23,57.39,0.97,222.2,13.13,2.626,607.1,0,0.14651193986000222,Normal,Good,-
M04612,Type_13,65.02,1.84,213.5,14.33,2.754,424.5,0,0.14651031701315065,Normal,Good,-
M06782,Type_23,69.38,1.55,220.9,14.03,2.789,423.2,0,0.14650885949397435,Normal,Good,-
M06996,Type_03,69.23,1.94,223.8,16.29,3.281,914.3,0,0.1464983121496605,Normal,Good,-
M02049,Type_11,48.44,0.8,212.8,14.49,2.775,253.7,0,0.1464975500703083,Normal,Good,-
M00225,Type_23,68.91,2.48,223.9,14.39,2.9,491.8,0,0.146497149512341,Normal,Good,-
M00459,Type_23,65.28,2.16,228.9,17.64,3.634,606.0,0,0.14649447613325461,Normal,Good,-
M05210,Type_23,57.7,1.64,222.7,17.37,3.481,675.4,0,0.14649447613325461,Normal,Good,-
M08307,Type_23,66.08,1.92,219.2,17.52,3.456,789.8,0,0.14649447613325461,Normal,Good,-
M09600,Type_09,58.64,3.22,224.5,10.92,2.206,355.5,0,0.14649292895870594,Normal,Good,-
M01943,Type_19,52.08,1.15,225.7,16.43,3.337,302.5,0,0.14648954189696067,Normal,Good,-
M06391,Type_11,55.75,0.97,218.0,14.28,2.802,741.4,0,0.14648934411884967,Normal,Good,-
M08713,Type_08,55.78,3.64,213.6,16.34,3.141,221.4,0,0.14647678157737024,Normal,Good,-
M09423,Type_19,67.93,2.11,215.2,14.77,2.861,107.2,0,0.1464703455188441,Normal,Good,-
M07597,Type_22,75.2,3.55,219.2,11.62,2.292,79.6,0,0.1464681885638377,Normal,Good,-
M08462,Type_11,72.61,2.56,216.7,15.91,3.103,165.2,0,0.14646170008400186,Normal,Good,-
M07419,Type_24,57.01,2.66,213.8,11.03,2.122,741.7,0,0.14646112253275156,Normal,Good,-
M09887,Type_13,70.77,1.59,225.6,16.71,3.393,143.5,0,0.14645527120661664,Normal,Good,-
M00524,Type_08,47.98,1.35,214.2,13.67,2.635,81.3,0,0.1464532056989617,Normal,Good,-
M00469,Type_11,77.23,2.01,220.2,15.98,3.167,669.7,0,0.1464385386827694,Normal,Good,-
M04621,Type_09,58.72,2.25,221.2,15.57,3.1,150.3,0,0.14643420379190736,Normal,Good,-
M05388,Type_09,65.41,2.12,217.1,15.34,2.997,234.1,0,0.14643420379190736,Normal,Good,-
M08811,Type_23,72.4,2.48,222.6,14.14,2.833,600.4,0,0.14643361711081623,Normal,Good,-
M01167,Type_01,70.47,3.31,221.8,17.43,3.479,659.7,0,0.14642475947743033,Normal,Good,-
M02354,Type_06,80.24,3.9,219.9,15.97,3.161,905.6,0,0.14642272958873892,Normal,Good,-
M01723,Type_15,79.65,2.82,219.5,15.49,3.06,204.4,0,0.1464205364581901,Normal,Good,-
M07564,Type_16,72.34,1.7,226.3,14.92,3.039,912.7,0,0.1464081901492636,Normal,Good,-
M07105,Type_07,59.89,2.87,225.5,15.59,3.164,748.1,0,0.14640610827350659,Normal,Good,-
M00170,Type_01,49.24,2.42,219.1,14.59,2.877,564.5,0,0.14640444656750481,Normal,Good,-
M07324,Type_12,52.31,2.24,218.6,18.88,3.714,946.7,0,0.1464034386730936,Normal,Good,-
M03626,Type_08,61.42,2.68,225.0,17.85,3.615,557.4,0,0.14639846185739594,Normal,Good,-
M06011,Type_19,66.01,3.74,224.9,12.35,2.5,84.8,0,0.14639671976553814,Normal,Good,-
M05342,Type_08,64.31,1.61,224.0,14.36,2.895,901.6,0,0.14639510706458947,Normal,Good,-
M00279,Type_08,78.03,3.13,223.1,15.07,3.026,663.4,0,0.1463910798338976,Normal,Good,-
M09616,Type_03,64.69,2.87,217.3,14.89,2.912,535.0,0,0.1463904095366838,Normal,Good,-
M02726,Type_11,47.83,0.28,221.3,12.61,2.512,290.4,0,0.14638824879117526,Normal,Good,-
M05005,Type_09,69.87,1.57,216.8,17.75,3.463,249.9,0,0.14638365524918526,Normal,Good,-
M09579,Type_16,73.69,1.0,226.2,12.37,2.518,498.1,0,0.1463809826979331,Normal,Good,-
M00653,Type_18,54.96,0.1,218.6,18.7,3.679,286.2,0,0.14637253017643387,Normal,Good,-
M00158,Type_24,66.72,2.43,229.5,19.1,3.945,760.2,0,0.1463621723110982,Normal,Good,-
M03685,Type_13,69.81,2.81,210.7,17.33,3.286,458.5,0,0.14636186615142294,Normal,Good,-
M01082,Type_23,65.68,1.42,216.3,14.89,2.899,919.7,0,0.14635657080477252,Normal,Good,-
M04856,Type_09,64.49,1.53,215.1,10.38,2.009,459.4,0,0.1463549510518931,Normal,Good,-
M09470,Type_11,65.08,1.58,225.5,13.69,2.778,330.1,0,0.1463488679005402,Normal,Good,-
M00337,Type_18,57.49,0.83,219.9,15.54,3.076,892.3,0,0.14634706281093615,Normal,Good,-
M05647,Type_01,57.29,1.69,224.7,15.91,3.217,416.8,0,0.1463467148363332,Normal,Good,-
M06633,Type_11,65.01,1.72,226.9,11.11,2.269,157.4,0,0.14634179181134757,Normal,Good,-
M07671,Type_11,67.61,2.01,215.6,14.51,2.816,200.5,0,0.1463404564211391,Normal,Good,-
M09843,Type_23,73.19,0.6,220.7,19.23,3.82,905.9,0,0.14633775823918954,Normal,Good,-
M05438,Type_08,75.28,1.6,226.3,12.65,2.576,211.7,0,0.14633366947809287,Normal,Good,-
M00934,Type_14,72.61,2.98,215.3,11.75,2.277,814.8,0,0.14633059872636775,Normal,Good,-
M05781,Type_19,61.12,1.66,222.0,19.43,3.882,949.3,0,0.14632088343978095,Normal,Good,-
M01853,Type_01,45.81,1.93,220.2,11.21,2.222,568.4,0,0.14631713933709037,Normal,Good,-
M00898,Type_15,58.52,2.37,210.5,16.2,3.069,191.7,0,0.14631014169784667,Normal,Good,-
M07231,Type_08,69.6,1.36,221.6,15.96,3.183,910.0,0,0.14630350224413433,Normal,Good,-
M06908,Type_23,48.8,1.35,226.1,12.04,2.45,837.8,0,0.14630345723277213,Normal,Good,-
M08850,Type_01,69.17,2.04,216.2,13.26,2.58,331.5,0,0.14629638124622912,Normal,Good,-
M06053,Type_15,52.83,0.87,223.9,19.49,3.927,782.0,0,0.14629476525495438,Normal,Good,-
M01225,Type_23,63.18,1.54,219.2,14.24,2.809,567.0,0,0.1462945626418694,Normal,Good,-
M07072,Type_09,65.53,1.19,220.6,17.36,3.447,220.6,0,0.1462865082557821,Normal,Good,-
M02478,Type_14,67.85,3.12,222.2,13.62,2.724,947.5,0,0.14628260847009755,Normal,Good,-
M05733,Type_12,52.68,2.65,213.2,10.42,1.999,565.9,0,0.14627621984079173,Normal,Good,-
M09462,Type_01,72.3,2.23,226.3,13.52,2.754,375.8,0,0.1462748727179201,Normal,Good,-
M00523,Type_21,74.38,3.07,214.7,18.4,3.555,421.5,0,0.14627334408890788,Normal,Good,-
M09058,Type_14,65.14,1.38,215.6,14.26,2.767,969.5,0,0.1462677832307519,Normal,Good,-
M00419,Type_07,65.72,2.35,224.9,18.74,3.793,293.6,0,0.14626572764416007,Normal,Good,-
M09074,Type_07,58.57,3.05,218.1,12.66,2.485,331.4,0,0.14626251769474488,Normal,Good,-
M05991,Type_10,67.11,0.53,228.2,19.53,4.011,823.5,0,0.14625414226265826,Normal,Good,-
M03035,Type_19,55.94,2.96,224.9,14.52,2.939,79.6,0,0.14625323839742133,Normal,Good,-
M07954,Type_03,67.31,3.85,214.2,10.23,1.972,746.5,0,0.14624940163939112,Normal,Good,-
M05807,Type_17,56.49,1.65,216.7,14.41,2.81,836.7,0,0.146235274862655,Normal,Good,-
M04391,Type_01,73.17,2.06,226.1,12.3,2.503,325.6,0,0.14623284884470433,Normal,Good,-
M01610,Type_17,42.41,2.46,212.5,19.07,3.647,948.0,0,0.1462326673356025,Normal,Good,-
M02346,Type_23,62.45,1.43,217.4,18.51,3.622,896.4,0,0.14622417053659442,Normal,Good,-
M03551,Type_13,79.42,1.96,223.0,12.55,2.519,736.0,0,0.14622287705873738,Normal,Good,-
M03562,Type_12,71.69,2.5,224.4,18.17,3.67,961.6,0,0.14622192801424214,Normal,Good,-
M04632,Type_03,58.71,0.37,215.2,11.64,2.254,547.5,0,0.146221242974265,Normal,Good,-
M06649,Type_11,77.7,1.78,215.8,12.98,2.521,383.2,0,0.14621103712320477,Normal,Good,-
M00758,Type_03,44.44,2.74,223.7,16.37,3.296,898.4,0,0.1462050426265361,Normal,Good,-
M04706,Type_17,58.89,2.89,225.4,18.48,3.749,881.9,0,0.14619815785086165,Normal,Good,-
M00172,Type_19,61.91,2.55,219.0,16.54,3.26,216.0,0,0.14619803959695435,Normal,Good,-
M06994,Type_19,62.57,2.64,216.9,16.74,3.268,123.0,0,0.14619803959695435,Normal,Good,-
M05392,Type_10,59.64,0.39,221.7,20.54,4.098,905.2,0,0.14619628620194913,Normal,Good,-
M08544,Type_24,66.47,0.69,215.7,20.75,4.028,654.7,0,0.14619467585870613,Normal,Good,-
M02842,Type_08,58.45,1.91,219.5,14.02,2.77,390.6,0,0.14618883349558626,Normal,Good,-
M00688,Type_23,61.8,1.81,224.1,13.82,2.787,673.4,0,0.1461846025530935,Normal,Good,-
M06621,Type_23,59.22,1.74,219.2,14.18,2.797,558.1,0,0.1461846025530935,Normal,Good,-
M01396,Type_14,52.13,3.3,220.9,15.29,3.04,504.8,0,0.14618360111635453,Normal,Good,-
M02304,Type_11,75.78,1.34,228.7,12.76,2.626,366.7,0,0.14618288392860868,Normal,Good,-
M02582,Type_08,55.78,2.8,219.2,14.91,2.941,881.0,0,0.14618269184940536,Normal,Good,-
M01760,Type_17,66.54,2.59,217.5,16.03,3.138,572.7,0,0.1461826073110225,Normal,Good,-
M07870,Type_14,71.69,3.37,213.4,12.97,2.491,571.6,0,0.14617151566189998,Normal,Good,-
M01277,Type_10,62.72,1.34,221.0,21.88,4.352,872.5,0,0.14616909828691008,Normal,Good,-
M08252,Type_17,61.88,2.29,222.5,15.93,3.19,362.6,0,0.14616810231507993,Normal,Good,-
M01160,Type_08,63.73,0.18,218.5,13.88,2.73,855.0,0,0.14615445244471215,Normal,Good,-
M07946,Type_23,48.33,2.56,218.7,12.69,2.498,395.4,0,0.14614322603736485,Normal,Good,-
M06243,Type_12,54.98,0.1,222.6,10.31,2.066,746.6,0,0.14614034505921564,Normal,Good,-
M09226,Type_14,54.72,0.38,219.3,15.28,3.016,583.5,0,0.1461397550817639,Normal,Good,-
M07531,Type_09,51.59,0.44,226.9,13.83,2.824,612.4,0,0.14612739852655546,Normal,Good,-
M04402,Type_09,76.85,2.44,226.9,15.25,3.114,876.5,0,0.14612096831557175,Normal,Good,-
M04065,Type_09,79.03,2.99,227.8,13.73,2.815,900.1,0,0.14611968380039425,Normal,Good,-
M00757,Type_06,62.35,3.24,221.2,19.77,3.936,477.4,0,0.14611938128302265,Normal,Good,-
M04329,Type_03,55.42,2.94,229.7,15.37,3.177,625.1,0,0.14611793256383668,Normal,Good,-
M01540,Type_02,61.89,2.17,222.7,17.96,3.6,308.5,0,0.14611423237467347,Normal,Good,-
M02559,Type_13,75.64,0.91,225.5,12.42,2.521,773.7,0,0.14611194838305383,Normal,Good,-
M06213,Type_08,58.27,0.66,216.9,19.73,3.851,496.0,0,0.14610881092449282,Normal,Good,-
M02863,Type_08,67.64,2.38,219.0,15.81,3.116,474.6,0,0.14610423508884726,Normal,Good,-
M04387,Type_18,71.62,1.78,214.5,16.07,3.102,846.3,0,0.14610279605387025,Normal,Good,-
M07992,Type_14,58.39,1.09,224.1,15.65,3.156,761.6,0,0.14609822169280487,Normal,Good,-
M02913,Type_14,53.67,0.7,222.2,16.37,3.274,740.4,0,0.14609282592253098,Normal,Good,-
M07913,Type_17,57.47,1.52,214.6,14.94,2.886,451.8,0,0.14606669092926705,Normal,Good,-
M06409,Type_24,78.09,3.53,212.2,16.8,3.208,175.7,0,0.14606280010828437,Normal,Good,-
M06979,Type_02,68.63,2.68,225.5,13.88,2.817,658.2,0,0.1460469864652098,Normal,Good,-
M09333,Type_13,71.55,2.45,219.6,15.57,3.077,660.3,0,0.14604173403193835,Normal,Good,-
M04141,Type_01,64.12,0.73,217.5,15.06,2.948,345.3,0,0.14604158330987008,Normal,Good,-
M03391,Type_19,59.73,2.1,213.3,16.11,3.093,57.3,0,0.14603863683920518,Normal,Good,-
M07307,Type_17,52.82,1.58,221.8,13.23,2.641,848.7,0,0.1460348305978803,Normal,Good,-
M04759,Type_18,51.61,0.59,219.7,16.25,3.213,603.9,0,0.14603061297115297,Normal,Good,-
M05542,Type_09,76.27,2.38,218.5,14.25,2.802,926.9,0,0.14602599998209478,Normal,Good,-
M03958,Type_08,68.49,0.98,221.4,17.73,3.533,918.4,0,0.1460121191719781,Normal,Good,-
M06756,Type_17,63.56,2.27,221.2,12.64,2.516,301.2,0,0.14601057060660536,Normal,Good,-
M04373,Type_11,79.21,2.13,218.2,13.42,2.635,636.8,0,0.1460083931252385,Normal,Good,-
M07503,Type_07,54.59,3.25,227.3,13.62,2.786,569.2,0,0.14600279101567815,Normal,Good,-
M01445,Type_19,65.92,1.66,219.2,14.64,2.888,264.2,0,0.14598994644151275,Normal,Good,-
M01351,Type_14,58.9,2.81,215.8,15.69,3.047,840.6,0,0.1459856157430575,Normal,Good,-
M04229,Type_07,53.88,2.2,225.4,13.61,2.761,819.6,0,0.14598303765383913,Normal,Good,-
M05567,Type_11,52.42,0.53,214.3,15.39,2.968,593.4,0,0.1459814257510442,Normal,Good,-
M06553,Type_17,66.82,1.34,216.3,11.56,2.25,545.3,0,0.14598114678150695,Normal,Good,-
M08706,Type_23,54.03,1.63,217.6,9.93,1.945,587.5,0,0.1459783479396102,Normal,Good,-
M05883,Type_19,48.57,0.71,223.3,11.94,2.4,378.1,0,0.14597793932282663,Normal,Good,-
M07835,Type_11,55.61,2.22,222.1,13.67,2.732,146.9,0,0.1459753539141764,Normal,Good,-
M02877,Type_23,62.4,3.09,228.5,13.51,2.778,696.3,0,0.14597066352198623,Normal,Good,-
M01387,Type_07,74.73,1.22,223.4,14.92,3.0,828.0,0,0.1459668630373468,Normal,Good,-
M04491,Type_18,57.85,0.94,227.7,16.24,3.328,197.9,0,0.14595989177210766,Normal,Good,-
M01624,Type_08,61.22,2.04,213.9,18.7,3.6,197.3,0,0.14595919328811038,Normal,Good,-
M09862,Type_08,65.22,1.24,224.9,16.48,3.336,680.6,0,0.1459568208107292,Normal,Good,-
M09349,Type_08,54.29,2.36,222.3,12.59,2.519,527.6,0,0.14595555699718482,Normal,Good,-
M00023,Type_10,62.77,1.52,217.2,22.0,4.301,998.4,0,0.14595548724992033,Normal,Good,-
M08056,Type_16,58.87,1.87,223.0,16.8,3.372,701.4,0,0.1459533220027768,Normal,Good,-
M06116,Type_13,58.44,1.02,211.0,11.65,2.212,572.1,0,0.14595008033787008,Normal,Good,-
M06714,Type_01,61.78,1.29,220.8,14.2,2.822,676.5,0,0.1459490940828991,Normal,Good,-
M01859,Type_09,68.46,1.25,220.3,13.37,2.651,90.1,0,0.14594621152291531,Normal,Good,-
M01642,Type_01,66.12,1.39,215.3,17.86,3.461,296.1,0,0.14594508811929638,Normal,Good,-
M08920,Type_01,47.5,3.18,221.3,12.85,2.559,439.8,0,0.1459441172415153,Normal,Good,-
M00255,Type_13,56.35,2.81,217.2,16.92,3.308,359.8,0,0.14594056565964364,Normal,Good,-
M09292,Type_03,74.81,3.22,226.1,14.98,3.048,475.8,0,0.1459386310626595,Normal,Good,-
M05855,Type_13,72.13,1.09,221.2,10.43,2.076,373.2,0,0.14593653659576347,Normal,Good,-
M05469,Type_17,62.72,0.76,219.6,13.96,2.759,477.5,0,0.14593634791835197,Normal,Good,-
M01410,Type_23,63.23,1.21,220.4,14.13,2.803,120.5,0,0.14593555511680598,Normal,Good,-
M05463,Type_12,68.97,2.3,216.7,10.61,2.069,88.9,0,0.14593349809093553,Normal,Good,-
M04426,Type_18,69.44,2.04,212.0,14.85,2.833,916.7,0,0.14593139385556447,Normal,Good,-
M02910,Type_01,76.61,2.01,217.6,15.67,3.069,895.0,0,0.1459279959788614,Normal,Good,-
M01702,Type_03,62.56,2.12,221.4,18.17,3.621,596.3,0,0.14592219805950227,Normal,Good,-
M09441,Type_03,59.98,2.02,219.3,18.35,3.622,580.2,0,0.14592219805950227,Normal,Good,-
M08772,Type_01,60.46,3.05,219.0,12.27,2.418,195.8,0,0.1459194973193739,Normal,Good,-
M06726,Type_22,52.15,0.1,212.0,12.05,2.299,734.8,0,0.14591690129392126,Normal,Good,-
M01425,Type_07,70.68,2.05,226.7,16.14,3.293,478.5,0,0.1459107186079932,Normal,Good,-
M03810,Type_18,61.98,1.74,222.7,16.4,3.287,907.3,0,0.14590562827041037,Normal,Good,-
M08249,Type_21,57.64,2.24,214.7,12.72,2.458,297.2,0,0.14589802619877948,Normal,Good,-
M06968,Type_15,73.44,1.59,214.2,20.68,3.987,283.5,0,0.14589526121110447,Normal,Good,-
M07763,Type_18,59.23,1.94,227.0,17.87,3.651,255.4,0,0.14589122271998747,Normal,Good,-
M09914,Type_12,62.16,0.66,223.7,17.32,3.487,197.1,0,0.14588784348671435,Normal,Good,-
M01784,Type_19,73.98,2.08,223.6,12.76,2.568,127.8,0,0.14588433827624647,Normal,Good,-
M07754,Type_07,42.28,1.53,217.9,16.47,3.23,266.3,0,0.14587679464994383,Normal,Good,-
M02750,Type_23,68.73,3.28,211.0,16.65,3.162,621.0,0,0.14587624258915874,Normal,Good,-
M03116,Type_10,68.28,2.36,216.0,9.84,1.913,261.7,0,0.14587620269566895,Normal,Good,-
M02215,Type_11,66.77,2.39,214.8,15.75,3.045,130.2,0,0.14587481279702713,Normal,Good,-
M09871,Type_23,67.98,1.4,218.5,12.37,2.433,289.3,0,0.14586688746007812,Normal,Good,-
M09922,Type_14,54.49,1.17,220.0,15.4,3.049,642.7,0,0.14586683722196603,Normal,Good,-
M00207,Type_24,75.21,1.09,211.6,16.65,3.171,237.4,0,0.14586578338924625,Normal,Good,-
M04742,Type_08,61.36,2.4,226.3,16.36,3.332,892.4,0,0.1458641893709695,Normal,Good,-
M04092,Type_07,77.86,2.17,215.7,11.3,2.194,349.6,0,0.1458464662592465,Normal,Good,-
M07350,Type_17,49.71,1.26,221.6,11.88,2.369,851.3,0,0.1458423779251613,Normal,Good,-
M04855,Type_11,75.79,2.22,217.3,13.4,2.621,581.7,0,0.14584107495403473,Normal,Good,-
M04819,Type_07,66.07,2.66,223.3,16.75,3.366,104.4,0,0.14583464762406545,Normal,Good,-
M05708,Type_11,68.37,1.56,218.7,12.68,2.496,430.7,0,0.14582128495892363,Normal,Good,-
M02725,Type_24,70.71,1.28,215.2,17.19,3.329,956.3,0,0.14581898256290898,Normal,Good,-
M05810,Type_01,69.27,1.58,219.0,17.11,3.372,545.8,0,0.14581779466945544,Normal,Good,-
M05591,Type_12,70.95,0.74,213.8,17.02,3.275,141.7,0,0.14581741359659722,Normal,Good,-
M00057,Type_21,50.94,0.19,222.4,15.05,3.012,727.0,0,0.14581069551628417,Normal,Good,-
M01357,Type_25,49.47,1.64,218.3,16.35,3.212,505.7,0,0.14580950840872992,Normal,Good,-
M02122,Type_12,79.57,1.62,229.0,10.76,2.218,281.6,0,0.14580619950544657,Normal,Good,-
M06032,Type_12,79.88,3.13,219.0,10.88,2.144,486.3,0,0.1458046746190972,Normal,Good,-
M01026,Type_18,80.15,1.68,218.8,15.55,3.062,913.0,0,0.14579932343831756,Normal,Good,-
M01486,Type_03,68.55,2.03,225.5,14.9,3.024,717.8,0,0.14578885894656282,Normal,Good,-
M08530,Type_07,50.67,2.15,222.2,15.37,3.074,932.7,0,0.14578777151708203,Normal,Good,-
M02379,Type_08,56.48,3.36,219.3,18.2,3.592,891.1,0,0.14578405411473352,Normal,Good,-
M03182,Type_24,59.55,1.23,224.9,15.18,3.073,578.8,0,0.14578022619181297,Normal,Good,-
M03412,Type_22,66.18,3.16,213.2,20.28,3.891,749.4,0,0.14577427465817924,Normal,Good,-
M09875,Type_05,50.86,3.63,225.6,15.28,3.102,70.6,0,0.1457674605883104,Normal,Good,-
M00024,Type_07,66.04,2.03,216.4,14.84,2.89,498.8,0,0.14576743483000057,Normal,Good,-
M01839,Type_09,80.06,1.47,216.3,16.59,3.23,427.1,0,0.14576394079653307,Normal,Good,-
M06845,Type_07,62.18,0.1,219.8,14.32,2.833,609.1,0,0.145761361962354,Normal,Good,-
M07554,Type_14,54.2,2.7,224.9,15.85,3.208,722.0,0,0.14575423127221862,Normal,Good,-
M03867,Type_08,64.41,0.57,217.6,15.73,3.081,732.7,0,0.14575387148978833,Normal,Good,-
M02668,Type_24,78.21,2.46,228.9,19.16,3.947,976.3,0,0.14574991404287427,Normal,Good,-
M05554,Type_06,72.84,2.4,213.7,13.94,2.681,480.8,0,0.1457461040358379,Normal,Good,-
M05617,Type_10,58.82,1.86,212.9,14.12,2.706,333.2,0,0.14574479572542656,Normal,Good,-
M08633,Type_17,68.0,0.94,215.4,15.44,2.993,315.6,0,0.1457440009338999,Normal,Good,-
M03396,Type_07,65.74,2.8,211.8,12.56,2.394,805.7,0,0.1457412735401014,Normal,Good,-
M04827,Type_07,63.45,2.52,216.2,12.04,2.343,793.8,0,0.1457412735401014,Normal,Good,-
M09957,Type_13,74.77,1.52,219.1,19.41,3.827,355.7,0,0.14573466556199532,Normal,Good,-
M06162,Type_15,71.02,1.92,226.6,13.47,2.747,144.3,0,0.14573437577890813,Normal,Good,-
M08328,Type_08,61.18,0.9,223.3,14.36,2.886,571.2,0,0.1457303065550179,Normal,Good,-
M01499,Type_15,60.9,1.35,220.9,13.95,2.773,453.8,0,0.14573006451482112,Normal,Good,-
M05179,Type_09,79.04,1.51,215.6,15.88,3.081,321.8,0,0.14572869204454914,Normal,Good,-
M07292,Type_12,57.48,0.91,214.2,14.77,2.847,273.0,0,0.14572169375615332,Normal,Good,-
M00299,Type_25,75.15,1.76,220.4,21.28,4.221,85.0,0,0.14571549361051425,Normal,Good,-
M09545,Type_25,73.28,3.17,215.2,14.11,2.733,209.3,0,0.14571480633337294,Normal,Good,-
M04693,Type_13,60.79,1.54,212.1,14.55,2.777,437.6,0,0.14571118619283563,Normal,Good,-
M08687,Type_08,61.01,0.83,216.0,17.47,3.396,747.0,0,0.1457097315026989,Normal,Good,-
M07165,Type_09,68.18,0.75,216.4,14.12,2.75,260.0,0,0.14570374862562252,Normal,Good,-
M04793,Type_17,56.07,2.0,223.0,16.93,3.398,749.1,0,0.1457028672669778,Normal,Good,-
M09035,Type_17,65.64,2.55,217.6,15.93,3.12,608.7,0,0.14570220823369115,Normal,Good,-
M04824,Type_20,68.43,0.1,217.6,15.51,3.037,696.0,0,0.14569820306735562,Normal,Good,-
M06717,Type_22,66.83,1.83,214.8,15.84,3.062,141.4,0,0.14569805219420467,Normal,Good,-
M03298,Type_01,69.72,3.66,224.1,10.93,2.204,221.9,0,0.14569243768062928,Normal,Good,-
M02880,Type_19,48.71,0.86,223.7,15.57,3.135,696.3,0,0.14569130740375366,Normal,Good,-
M05529,Type_13,72.27,1.65,220.8,16.27,3.233,525.6,0,0.14568922939371942,Normal,Good,-
M08007,Type_17,76.51,1.6,215.8,11.89,2.309,921.1,0,0.14567173732683697,Normal,Good,-
M07773,Type_18,63.01,1.39,209.9,17.45,3.296,229.5,0,0.14566798613441986,Normal,Good,-
M09514,Type_02,65.94,0.45,219.6,13.13,2.595,807.5,0,0.14566788660031393,Normal,Good,-
M06656,Type_11,70.32,1.31,213.7,14.31,2.752,648.9,0,0.14566737576681013,Normal,Good,-
M03683,Type_23,55.94,0.78,219.5,17.2,3.398,672.1,0,0.14566704870790992,Normal,Good,-
M05080,Type_16,74.81,0.51,222.6,14.64,2.933,429.0,0,0.14566367412446904,Normal,Good,-
M01363,Type_21,47.34,1.91,225.1,19.01,3.851,453.7,0,0.1456626950459902,Normal,Good,-
M01153,Type_23,78.21,0.74,213.7,13.74,2.643,882.2,0,0.14566082306262257,Normal,Good,-
M01438,Type_02,74.76,3.5,221.5,12.19,2.43,496.2,0,0.14565575570441183,Normal,Good,-
M03113,Type_23,63.35,0.69,218.8,13.09,2.578,684.7,0,0.1456369398600022,Normal,Good,-
M02569,Type_02,72.94,3.05,214.2,14.23,2.743,580.2,0,0.1456316669222044,Normal,Good,-
M04745,Type_07,73.15,2.5,219.7,15.85,3.134,528.2,0,0.14562659431801028,Normal,Good,-
M09260,Type_08,62.16,2.36,218.4,16.6,3.263,620.8,0,0.1456238360115159,Normal,Good,-
M02130,Type_11,67.26,1.9,221.1,15.18,3.021,684.0,0,0.14561720667247013,Normal,Good,-
M07734,Type_11,44.99,1.42,221.8,15.0,2.994,754.0,0,0.14561660336321414,Normal,Good,-
M06984,Type_07,63.16,1.38,226.3,15.49,3.155,857.4,0,0.14561381808734253,Normal,Good,-
M05367,Type_11,71.03,2.73,225.2,13.83,2.803,634.2,0,0.1456109862712899,Normal,Good,-
M02977,Type_10,62.72,3.77,229.5,16.73,3.456,367.8,0,0.14559277517071534,Normal,Good,-
M00576,Type_02,68.59,1.19,223.6,20.17,4.059,699.7,0,0.14559035622911226,Normal,Good,-
M03440,Type_07,69.6,0.57,223.4,15.64,3.145,657.6,0,0.14559027504477506,Normal,Good,-
M03363,Type_16,48.3,1.12,227.8,16.13,3.307,165.8,0,0.14558965630629184,Normal,Good,-
M04336,Type_14,67.37,2.15,217.8,12.74,2.497,430.0,0,0.14558754032945223,Normal,Good,-
M02958,Type_15,71.49,2.61,218.4,13.89,2.73,443.2,0,0.14557604807823865,Normal,Good,-
M08231,Type_11,71.18,1.5,225.0,13.75,2.784,429.4,0,0.14557397448289003,Normal,Good,-
M04602,Type_10,61.24,1.12,225.7,19.88,4.038,892.3,0,0.14557113732285634,Normal,Good,-
M06601,Type_01,78.34,2.31,219.4,14.08,2.78,488.8,0,0.14556336747582418,Normal,Good,-
M07084,Type_18,56.45,2.78,213.6,18.69,3.593,263.3,0,0.14555586203310747,Normal,Good,-
M06026,Type_06,59.82,1.18,217.1,20.32,3.97,807.1,0,0.1455485648032154,Normal,Good,-
M04707,Type_20,50.96,3.51,226.8,16.93,3.456,885.1,0,0.1455467046512826,Normal,Good,-
M00495,Type_18,66.46,0.58,223.4,18.2,3.659,881.6,0,0.14554555004805078,Normal,Good,-
M03244,Type_02,57.57,0.76,215.5,12.49,2.422,908.4,0,0.145543212208443,Normal,Good,-
M04567,Type_23,75.3,1.76,215.7,14.74,2.861,774.9,0,0.14553987396632617,Normal,Good,-
M00754,Type_01,73.99,1.29,222.2,17.3,3.46,566.3,0,0.14553854020055804,Normal,Good,-
M04482,Type_08,59.23,1.32,222.1,13.08,2.615,290.9,0,0.14553807199427976,Normal,Good,-
M02115,Type_03,66.59,1.14,215.4,17.14,3.323,223.1,0,0.14553660496883716,Normal,Good,-
M09338,Type_02,60.65,0.99,220.1,13.29,2.633,278.7,0,0.14553022098612003,Normal,Good,-
M04203,Type_01,66.65,2.22,223.2,17.22,3.459,250.7,0,0.1455300119357438,Normal,Good,-
M03183,Type_23,70.52,3.1,217.5,14.02,2.744,654.7,0,0.1455253113162969,Normal,Good,-
M05204,Type_01,53.36,1.59,220.0,13.7,2.713,213.3,0,0.14552450051198604,Normal,Good,-
M01095,Type_09,52.22,2.05,219.1,15.65,3.086,485.4,0,0.1455212652495125,Normal,Good,-
M07777,Type_25,44.35,3.0,226.5,17.76,3.62,529.2,0,0.1455203627907796,Normal,Good,-
M06864,Type_14,62.9,1.3,218.1,15.73,3.088,185.8,0,0.14551314960439624,Normal,Good,-
M09692,Type_01,56.6,0.23,215.8,15.92,3.092,531.4,0,0.14551223366706745,Normal,Good,-
M04262,Type_15,62.91,1.45,226.7,15.79,3.222,112.7,0,0.14551101087753168,Normal,Good,-
M02818,Type_12,62.58,1.12,224.6,15.13,3.058,894.5,0,0.14550428908785476,Normal,Good,-
M07899,Type_03,69.94,3.19,221.1,14.02,2.79,815.3,0,0.14550367774701006,Normal,Good,-
M09866,Type_21,69.98,2.3,217.7,17.15,3.36,592.6,0,0.14550067861093233,Normal,Good,-
M04506,Type_10,56.87,1.81,217.4,15.65,3.062,477.1,0,0.1454908323202519,Normal,Good,-
M08008,Type_22,50.09,1.93,212.7,18.76,3.591,774.8,0,0.14548966051470366,Normal,Good,-
M03661,Type_07,59.21,0.71,218.0,19.73,3.871,387.6,0,0.1454846015287682,Normal,Good,-
M07534,Type_23,68.54,1.22,215.4,17.84,3.458,138.2,0,0.1454764562221766,Normal,Good,-
M08161,Type_11,74.19,2.09,229.7,13.88,2.869,462.9,0,0.14547550946587912,Normal,Good,-
M07339,Type_09,63.87,0.48,227.2,14.46,2.957,195.4,0,0.1454731722197334,Normal,Good,-
M04800,Type_22,74.42,1.66,220.6,20.99,4.167,823.1,0,0.1454717909409162,Normal,Good,-
M05970,Type_03,65.75,2.23,220.7,14.01,2.783,302.3,0,0.14546413425028837,Normal,Good,-
M09275,Type_10,60.69,2.05,219.5,14.73,2.91,549.8,0,0.14546171655347606,Normal,Good,-
M02612,Type_09,59.78,3.84,218.8,17.23,3.393,958.1,0,0.14544319825904434,Normal,Good,-
M05360,Type_03,66.09,0.1,211.2,16.96,3.224,132.5,0,0.14543384122692482,Normal,Good,-
M00947,Type_01,61.46,2.07,225.4,14.0,2.84,257.9,0,0.14543152752803984,Normal,Good,-
M07841,Type_01,65.59,1.84,225.2,14.24,2.886,205.2,0,0.14543152752803984,Normal,Good,-
M07221,Type_17,41.61,2.88,225.6,18.19,3.693,232.5,0,0.14543011613648182,Normal,Good,-
M07980,Type_08,59.84,2.31,221.2,13.98,2.783,366.9,0,0.14542671446367117,Normal,Good,-
M03757,Type_24,79.07,3.85,218.5,14.93,2.936,554.3,0,0.1454256036685747,Normal,Good,-
M03425,Type_23,60.32,2.47,217.2,14.12,2.76,789.9,0,0.14542248352117837,Normal,Good,-
M06878,Type_21,57.18,1.07,217.5,21.54,4.216,543.7,0,0.145419501939568,Normal,Good,-
M09848,Type_16,77.11,1.22,227.3,17.37,3.553,245.7,0,0.14541737298583246,Normal,Good,-
M01671,Type_17,77.87,2.81,223.3,17.48,3.513,335.6,0,0.14541337284555972,Normal,Good,-
M08566,Type_07,73.98,1.48,223.0,18.3,3.673,680.4,0,0.14540388487691722,Normal,Good,-
M09230,Type_12,76.41,1.45,215.7,10.55,2.048,315.8,0,0.1454038144066429,Normal,Good,-
M00972,Type_12,74.6,3.24,219.0,10.43,2.056,774.7,0,0.14540228952029355,Normal,Good,-
M03721,Type_09,57.49,1.23,223.4,14.84,2.984,711.2,0,0.1454013595644838,Normal,Good,-
M01031,Type_07,53.09,1.11,222.0,13.26,2.649,751.4,0,0.14540128405165695,Normal,Good,-
M07247,Type_08,55.54,0.86,229.2,13.27,2.737,619.7,0,0.14539668719590051,Normal,Good,-
M04801,Type_03,67.0,2.78,229.3,16.12,3.327,837.0,0,0.1453903467366681,Normal,Good,-
M04829,Type_23,54.22,1.51,222.9,11.59,2.325,526.3,0,0.14538677991444196,Normal,Good,-
M04582,Type_09,53.79,2.87,221.0,16.33,3.248,162.1,0,0.14538641581216882,Normal,Good,-
M09538,Type_13,56.71,3.87,216.1,16.41,3.192,327.2,0,0.14537900004996968,Normal,Good,-
M04108,Type_03,65.27,2.16,213.7,17.99,3.46,968.7,0,0.1453757312759543,Normal,Good,-
M08208,Type_09,73.04,2.69,224.7,17.4,3.519,187.2,0,0.14537531023168257,Normal,Good,-
M04389,Type_16,80.22,2.21,219.4,13.43,2.652,181.6,0,0.14536786513397737,Normal,Good,-
M00522,Type_01,79.88,1.51,221.9,16.45,3.285,759.7,0,0.14535872942166422,Normal,Good,-
M00819,Type_08,76.0,1.06,227.7,11.48,2.353,975.0,0,0.14534679418157267,Normal,Good,-
M06589,Type_22,78.54,1.77,219.0,12.72,2.507,752.0,0,0.14533185500856205,Normal,Good,-
M03067,Type_05,56.79,0.48,217.0,20.63,4.029,99.3,0,0.14532841425188198,Normal,Good,-
M02815,Type_12,69.75,1.01,220.2,15.92,3.155,76.9,0,0.14532380003733758,Normal,Good,-
M03291,Type_16,75.92,0.1,221.9,21.35,4.264,56.0,0,0.14532086039070943,Normal,Good,-
M06138,Type_13,68.36,1.03,213.5,19.58,3.762,344.4,0,0.14532028076445025,Normal,Good,-
M00993,Type_11,60.64,2.48,220.0,11.0,2.178,527.9,0,0.14531935918970035,Normal,Good,-
M08911,Type_01,65.7,1.49,214.5,15.69,3.029,577.0,0,0.14531915762007916,Normal,Good,-
M01201,Type_07,62.73,1.27,217.1,13.45,2.628,599.9,0,0.1453167504449251,Normal,Good,-
M07886,Type_17,39.53,1.06,227.5,14.62,2.993,523.9,0,0.1453151046380156,Normal,Good,-
M05604,Type_02,56.48,1.96,225.3,14.75,2.991,175.0,0,0.14530083220348528,Normal,Good,-
M02585,Type_17,57.48,0.94,223.0,12.59,2.527,660.2,0,0.14530011888769614,Normal,Good,-
M09554,Type_06,74.02,2.11,218.7,15.85,3.12,57.5,0,0.1452982246283987,Normal,Good,-
M03061,Type_11,52.37,0.34,222.6,11.45,2.294,50.3,0,0.14529745846910022,Normal,Good,-
M07241,Type_08,74.62,1.19,223.9,13.57,2.734,333.0,0,0.14529293734461565,Normal,Good,-
M01711,Type_02,65.04,1.29,214.6,16.88,3.26,160.4,0,0.14528238010230896,Normal,Good,-
M01643,Type_09,57.25,2.02,221.9,14.89,2.974,194.0,0,0.14527363036161006,Normal,Good,-
M07087,Type_09,58.05,0.38,220.4,15.73,3.12,388.8,0,0.14527085988197388,Normal,Good,-
M03366,Type_08,71.63,2.33,220.7,17.06,3.389,277.5,0,0.1452690471410441,Normal,Good,-
M01835,Type_23,68.14,1.46,212.8,16.93,3.242,799.8,0,0.14526656800871535,Normal,Good,-
M08624,Type_13,75.56,1.88,215.0,14.39,2.784,361.0,0,0.14526572313734237,Normal,Good,-
M09122,Type_01,70.53,2.63,220.3,16.0,3.172,494.3,0,0.1452640259207737,Normal,Good,-
M05420,Type_20,45.1,3.18,226.2,10.62,2.162,95.6,0,0.1452624623203628,Normal,Good,-
M05910,Type_07,67.61,2.03,217.1,11.13,2.175,608.0,0,0.14525957852036916,Normal,Good,-
M04433,Type_01,59.25,1.87,223.8,13.09,2.637,153.0,0,0.14525420454868224,Normal,Good,-
M01799,Type_15,68.85,2.26,217.0,19.52,3.812,206.4,0,0.14525198014170682,Normal,Good,-
M04950,Type_02,64.58,1.85,224.4,14.04,2.836,802.4,0,0.1452500034826393,Normal,Good,-
M05097,Type_23,60.92,2.99,228.8,17.94,3.694,123.5,0,0.14524435724505538,Normal,Good,-
M09201,Type_01,56.87,1.06,221.4,13.43,2.676,150.1,0,0.14524420955031517,Normal,Good,-
M07280,Type_13,80.21,0.63,224.8,16.01,3.239,299.7,0,0.14524175083560809,Normal,Good,-
M03464,Type_08,75.38,0.1,215.6,18.3,3.551,541.6,0,0.14523861313481495,Normal,Good,-
M00321,Type_17,56.46,2.61,227.0,16.78,3.428,707.3,0,0.14523697318558904,Normal,Good,-
M07258,Type_01,63.15,0.76,221.2,13.79,2.745,443.3,0,0.1452348083686134,Normal,Good,-
M05550,Type_01,66.39,2.58,217.3,16.98,3.321,80.9,0,0.14523440721685085,Normal,Good,-
M06513,Type_01,54.76,2.17,221.1,15.28,3.041,262.9,0,0.14523326811223528,Normal,Good,-
M00805,Type_08,65.18,3.34,220.9,15.48,3.078,393.1,0,0.14522861978590865,Normal,Good,-
M01127,Type_23,53.18,1.52,216.1,12.23,2.379,433.1,0,0.1452276968499742,Normal,Good,-
M05777,Type_23,53.27,1.47,220.2,13.5,2.675,724.3,0,0.1452276968499742,Normal,Good,-
M02112,Type_21,62.75,1.75,217.6,13.19,2.583,944.0,0,0.14521584446782876,Normal,Good,-
M07353,Type_11,68.67,2.47,221.5,15.54,3.098,206.9,0,0.1452152165636306,Normal,Good,-
M08519,Type_14,64.78,3.26,218.7,11.28,2.22,60.4,0,0.14520933128054553,Normal,Good,-
M07003,Type_13,72.9,3.31,219.9,19.66,3.891,915.5,0,0.145206089111719,Normal,Good,-
M05654,Type_08,65.14,2.06,219.9,17.32,3.428,237.3,0,0.1452005297005038,Normal,Good,-
M02168,Type_10,66.79,2.55,222.9,16.8,3.37,503.5,0,0.14519721298562097,Normal,Good,-
M05262,Type_13,54.83,1.68,225.3,15.76,3.196,603.2,0,0.14518789651298766,Normal,Good,-
M06236,Type_12,53.88,1.56,223.3,15.83,3.181,832.4,0,0.14518754212811424,Normal,Good,-
M05968,Type_08,74.18,1.35,219.4,16.06,3.171,408.3,0,0.14518652821836361,Normal,Good,-
M07733,Type_24,57.42,0.62,218.3,16.11,3.165,286.5,0,0.1451860346366718,Normal,Good,-
M08227,Type_22,57.89,2.18,213.5,15.39,2.957,982.1,0,0.14518381144718853,Normal,Good,-
M06111,Type_09,55.15,1.32,220.6,16.07,3.191,908.5,0,0.1451816781202767,Normal,Good,-
M05318,Type_14,43.15,0.1,218.2,16.58,3.256,630.0,0,0.14516338288358535,Normal,Good,-
M02123,Type_16,76.38,2.02,213.9,16.93,3.259,378.3,0,0.14515872891818143,Normal,Good,-
M02329,Type_08,59.7,2.53,213.0,16.42,3.148,822.6,0,0.14515794193012715,Normal,Good,-
M03837,Type_08,61.3,2.74,220.3,15.74,3.121,613.0,0,0.14515794193012715,Normal,Good,-
M09262,Type_08,65.62,2.55,227.8,15.72,3.223,595.2,0,0.14515794193012715,Normal,Good,-
M00611,Type_23,68.32,1.96,212.7,16.15,3.092,585.7,0,0.14515660791993942,Normal,Good,-
M06907,Type_11,62.82,0.1,220.2,10.87,2.154,213.3,0,0.1451533735225039,Normal,Good,-
M06890,Type_07,56.94,1.64,212.6,15.8,3.023,125.5,0,0.14514826592080105,Normal,Good,-
M03307,Type_24,67.66,1.6,219.4,17.77,3.509,551.7,0,0.14514214121647054,Normal,Good,-
M07403,Type_22,73.58,1.65,214.9,10.23,1.979,348.7,0,0.14512919947032962,Normal,Good,-
M03070,Type_15,58.73,2.52,222.7,16.98,3.403,150.4,0,0.1451273115864301,Normal,Good,-
M02966,Type_15,60.99,0.52,225.3,19.08,3.869,715.9,0,0.14511943702808916,Normal,Good,-
M08202,Type_11,74.66,1.89,216.9,11.95,2.333,293.9,0,0.1451150416677892,Normal,Good,-
M02765,Type_11,72.73,3.31,226.7,12.82,2.616,343.1,0,0.14510226212672236,Normal,Good,-
M09880,Type_12,55.7,0.96,217.7,15.69,3.074,381.1,0,0.1451018477615316,Normal,Good,-
M02820,Type_16,79.84,2.4,215.4,18.7,3.625,216.8,0,0.1450984672355038,Normal,Good,-
M06259,Type_07,64.0,2.43,221.4,14.04,2.798,449.3,0,0.14509732761140873,Normal,Good,-
M03940,Type_24,74.67,1.04,221.5,15.67,3.124,748.3,0,0.14509668438140227,Normal,Good,-
M08372,Type_24,69.59,1.32,225.4,15.48,3.14,904.0,0,0.14509464216227308,Normal,Good,-
M08975,Type_14,69.81,0.1,216.9,11.82,2.307,112.3,0,0.14508969942623803,Normal,Good,-
M01107,Type_18,52.56,0.2,220.8,16.34,3.247,507.3,0,0.1450871036111239,Normal,Good,-
M02916,Type_11,76.26,3.06,218.6,12.29,2.418,641.8,0,0.14508084931634335,Normal,Good,-
M09313,Type_19,56.57,2.15,223.1,13.06,2.622,140.5,0,0.14508023684044832,Normal,Good,-
M03774,Type_22,51.8,1.92,218.2,13.94,2.738,374.8,0,0.14507861783944923,Normal,Good,-
M09824,Type_08,58.18,2.99,219.7,13.12,2.594,77.6,0,0.1450742967986046,Normal,Good,-
M06293,Type_02,73.21,4.15,222.2,22.37,4.474,341.5,0,0.14506887457367623,Normal,Good,-
M07654,Type_14,60.73,1.92,218.3,11.17,2.195,412.7,0,0.14506521929146302,Normal,Good,-
M00651,Type_18,63.87,1.0,222.1,17.08,3.414,865.6,0,0.14506515097071943,Normal,Good,-
M01440,Type_01,58.0,1.89,220.6,16.28,3.232,297.5,0,0.1450650222409737,Normal,Good,-
M00829,Type_16,75.02,1.4,215.4,10.7,2.074,944.0,0,0.14506253156572962,Normal,Good,-
M00179,Type_09,68.23,1.48,211.6,15.41,2.935,105.8,0,0.14506115313094348,Normal,Good,-
M01341,Type_09,51.66,1.37,222.0,16.43,3.283,671.4,0,0.14506009763662084,Normal,Good,-
M02120,Type_23,79.46,1.61,222.6,14.57,2.919,849.8,0,0.14505503319439073,Normal,Good,-
M01900,Type_01,60.88,2.98,227.9,14.73,3.021,330.6,0,0.14503733304954494,Normal,Good,-
M02010,Type_24,62.12,2.42,223.1,14.45,2.901,175.6,0,0.1450275773012642,Normal,Good,-
M01336,Type_02,54.98,3.42,217.8,12.4,2.431,629.9,0,0.14502503751000384,Normal,Good,-
M01645,Type_19,52.68,1.08,226.3,18.99,3.868,161.2,0,0.14501829562604573,Normal,Good,-
M05245,Type_23,53.6,1.86,209.9,10.51,1.985,738.5,0,0.1450175259476527,Normal,Good,-
M08682,Type_03,66.66,1.93,222.8,15.95,3.198,903.0,0,0.14501684155935293,Normal,Good,-
M03874,Type_08,67.53,3.19,220.8,13.96,2.774,282.9,0,0.14501008266187626,Normal,Good,-
M07915,Type_12,62.68,2.25,222.5,16.64,3.332,948.4,0,0.14500945007293267,Normal,Good,-
M09803,Type_15,58.22,3.3,216.6,15.21,2.965,588.0,0,0.1450092271249106,Normal,Good,-
M04859,Type_01,53.75,0.64,219.2,19.6,3.867,864.3,0,0.14500850496922274,Normal,Good,-
M04664,Type_23,64.58,2.04,221.2,16.68,3.321,866.3,0,0.14500548681139938,Normal,Good,-
M00566,Type_16,31.03,2.38,223.4,10.09,2.029,372.1,0,0.1450035860010575,Normal,Good,-
M02401,Type_01,53.63,1.58,222.5,18.73,3.751,677.9,0,0.14499671825649144,Normal,Good,-
M04195,Type_12,75.0,1.1,216.2,14.78,2.876,73.9,0,0.14499395062410203,Normal,Good,-
M05828,Type_07,52.95,2.85,220.4,14.23,2.823,394.1,0,0.1449887169334816,Normal,Good,-
M00176,Type_24,73.93,3.25,217.3,17.01,3.327,215.3,0,0.14498701649429976,Normal,Good,-
M07497,Type_17,58.59,0.96,221.8,11.17,2.23,550.0,0,0.14498652735016831,Normal,Good,-
M00333,Type_01,61.07,0.23,225.1,17.12,3.468,394.6,0,0.14498379498146088,Normal,Good,-
M00121,Type_23,79.15,1.29,217.2,18.82,3.679,728.9,0,0.1449620475203133,Normal,Good,-
M08461,Type_08,66.97,1.94,224.7,14.73,2.979,710.7,0,0.14494366165855,Normal,Good,-
M01094,Type_25,65.31,1.08,223.3,21.93,4.407,594.4,0,0.14494037252632716,Normal,Good,-
M01331,Type_19,73.09,1.73,218.1,14.49,2.844,261.6,0,0.14493750879292353,Normal,Good,-
M05890,Type_24,54.51,2.52,220.8,9.92,1.971,834.1,0,0.14492952074007653,Normal,Good,-
M03296,Type_12,60.94,1.37,219.7,16.06,3.176,199.2,0,0.14492273866383665,Normal,Good,-
M06019,Type_16,74.2,1.35,217.7,15.87,3.109,856.0,0,0.14491914330416278,Normal,Good,-
M00372,Type_13,63.68,1.79,222.0,16.96,3.389,900.9,0,0.1449127136466625,Normal,Good,-
M06673,Type_07,56.77,2.72,218.4,14.44,2.838,521.6,0,0.14490990877072782,Normal,Good,-
M09276,Type_07,58.04,1.95,218.9,14.03,2.764,443.4,0,0.14490706569094292,Normal,Good,-
M00700,Type_15,58.07,1.63,226.0,16.68,3.393,557.9,0,0.1449046845243723,Normal,Good,-
M02032,Type_23,60.4,2.92,224.4,18.46,3.728,271.0,0,0.14490212435425048,Normal,Good,-
M09486,Type_23,69.35,2.05,218.5,15.98,3.142,538.4,0,0.144890505694713,Normal,Good,-
M03952,Type_01,68.23,2.5,220.2,12.03,2.384,953.6,0,0.14488730440855974,Normal,Good,-
M03832,Type_16,75.93,1.07,215.7,11.25,2.184,535.1,0,0.14488420358599569,Normal,Good,-
M04885,Type_17,65.8,3.06,217.5,17.22,3.371,681.0,0,0.1448802532542954,Normal,Good,-
M01352,Type_09,71.66,2.27,219.6,14.36,2.838,245.0,0,0.14487629571272292,Normal,Good,-
M05700,Type_09,71.61,2.27,212.7,15.03,2.877,257.5,0,0.14487629571272292,Normal,Good,-
M04857,Type_21,74.97,2.19,214.8,13.58,2.625,825.3,0,0.14486795339275205,Normal,Good,-
M09632,Type_01,76.69,3.86,225.2,17.05,3.456,657.1,0,0.14486002044016655,Normal,Good,-
M06289,Type_02,78.6,3.74,219.5,12.43,2.456,998.7,0,0.1448547937570738,Normal,Good,-
M05008,Type_01,63.84,0.88,212.7,17.24,3.3,352.9,0,0.14485094356647887,Normal,Good,-
M01812,Type_07,61.1,1.45,219.0,18.79,3.704,181.6,0,0.14484855960632517,Normal,Good,-
M01864,Type_22,60.96,2.5,212.0,16.65,3.177,485.0,0,0.14483974597741262,Normal,Good,-
M08520,Type_22,57.07,2.83,211.3,17.28,3.286,543.8,0,0.14483974597741262,Normal,Good,-
M00133,Type_13,57.83,2.6,210.8,13.14,2.493,299.5,0,0.14483742508399,Normal,Good,-
M02553,Type_23,61.18,0.83,220.0,16.9,3.346,340.3,0,0.14483372816469936,Normal,Good,-
M03911,Type_07,74.99,0.1,212.3,19.7,3.764,470.8,0,0.1448329661758905,Normal,Good,-
M05147,Type_17,57.99,1.62,218.0,15.07,2.957,867.0,0,0.1448328698900845,Normal,Good,-
M02030,Type_07,61.32,1.53,219.9,15.24,3.016,911.0,0,0.1448326256875631,Normal,Good,-
M08610,Type_13,59.21,2.17,223.7,16.43,3.308,373.4,0,0.1448296064632134,Normal,Good,-
M04750,Type_19,53.99,1.09,223.7,17.27,3.477,969.9,0,0.1448287525215423,Normal,Good,-
M04949,Type_19,60.49,2.05,223.8,10.66,2.147,882.1,0,0.144828665552272,Normal,Good,-
M00730,Type_08,64.73,2.11,223.2,15.97,3.208,901.7,0,0.14482547503536136,Normal,Good,-
M06623,Type_23,52.67,3.53,226.1,17.34,3.529,928.0,0,0.1448241300154426,Normal,Good,-
M05511,Type_07,68.13,1.88,221.4,14.69,2.927,356.8,0,0.14480870092579567,Normal,Good,-
M08292,Type_09,57.4,2.51,229.5,14.5,2.995,116.5,0,0.14480773628022128,Normal,Good,-
M02046,Type_13,56.09,2.3,222.2,17.12,3.424,443.0,0,0.14480606525884895,Normal,Good,-
M08924,Type_13,68.98,1.56,218.0,13.84,2.715,793.9,0,0.14480546076702358,Normal,Good,-
M02596,Type_21,73.04,1.78,216.5,15.21,2.964,442.6,0,0.14479831325559825,Normal,Good,-
M03114,Type_10,54.63,1.5,228.1,15.01,3.081,368.4,0,0.14479825729148044,Normal,Good,-
M00707,Type_01,71.98,0.35,222.4,13.41,2.684,310.2,0,0.144795663277824,Normal,Good,-
M01012,Type_13,55.04,3.05,222.6,12.17,2.438,257.5,0,0.14479384726370795,Normal,Good,-
M05414,Type_13,54.3,3.08,227.3,12.98,2.655,177.7,0,0.14479384726370795,Normal,Good,-
M05121,Type_11,72.96,1.43,223.3,13.57,2.727,430.3,0,0.14478794828201663,Normal,Good,-
M07994,Type_23,61.78,1.51,219.7,15.53,3.071,438.1,0,0.14478616893138396,Normal,Good,-
M06098,Type_13,71.75,2.84,226.4,10.35,2.109,858.3,0,0.1447843015167225,Normal,Good,-
M04384,Type_03,60.97,0.78,221.1,15.6,3.104,910.4,0,0.1447784014749884,Normal,Good,-
M09688,Type_12,79.41,1.69,221.9,15.34,3.064,141.8,0,0.1447712467665103,Normal,Good,-
M09096,Type_14,48.2,2.43,213.4,10.69,2.053,204.4,0,0.14476772972099183,Normal,Good,-
M06456,Type_15,80.29,2.61,220.0,18.61,3.685,556.4,0,0.14476261599858625,Normal,Good,-
M01189,Type_23,62.4,3.11,218.8,17.2,3.387,554.5,0,0.14476159707092598,Normal,Good,-
M02332,Type_02,56.62,2.56,221.5,17.01,3.391,548.0,0,0.1447580862275373,Normal,Good,-
M04280,Type_02,55.6,2.04,224.6,12.73,2.573,779.5,0,0.14473829230338808,Normal,Good,-
M07027,Type_02,53.98,2.04,224.6,12.57,2.541,772.0,0,0.14473829230338808,Normal,Good,-
M06776,Type_09,69.51,1.1,226.5,19.18,3.91,968.2,0,0.14473558618542912,Normal,Good,-
M05517,Type_17,56.55,2.25,219.1,15.2,2.997,295.8,0,0.14472344179447277,Normal,Good,-
M08393,Type_08,54.34,2.2,219.8,17.81,3.523,544.1,0,0.144721221412275,Normal,Good,-
M08607,Type_15,64.09,0.1,213.9,13.8,2.657,180.3,0,0.14470683249374847,Normal,Good,-
M08756,Type_23,61.07,1.28,216.4,14.94,2.91,689.2,0,0.14470033193903653,Normal,Good,-
M00912,Type_17,50.94,2.43,216.2,15.49,3.014,951.5,0,0.1446930435829196,Normal,Good,-
M09670,Type_09,79.21,2.9,226.1,14.78,3.008,723.1,0,0.1446922045985254,Normal,Good,-
M06050,Type_23,66.51,2.73,225.9,15.66,3.184,871.3,0,0.14469071383855067,Normal,Good,-
M05707,Type_08,57.82,2.43,217.6,16.7,3.271,378.0,0,0.1446804397851008,Normal,Good,-
M01429,Type_23,76.61,2.13,225.1,13.42,2.719,655.1,0,0.14467950482726846,Normal,Good,-
M00210,Type_23,58.92,1.84,224.2,15.89,3.206,634.8,0,0.14467620884260807,Normal,Good,-
M03722,Type_23,65.32,2.47,221.9,16.28,3.251,680.0,0,0.14467620884260807,Normal,Good,-
M07825,Type_23,63.97,1.98,218.5,15.94,3.135,805.7,0,0.14467620884260807,Normal,Good,-
M09703,Type_23,61.41,2.2,218.6,16.66,3.278,827.2,0,0.14467620884260807,Normal,Good,-
M03945,Type_01,71.61,3.2,216.7,11.49,2.241,278.1,0,0.14466968025329804,Normal,Good,-
M02812,Type_25,80.14,3.43,218.9,15.35,3.024,867.4,0,0.14466818609353294,Normal,Good,-
M00605,Type_19,63.75,2.22,217.7,15.88,3.111,129.4,0,0.1446639336783431,Normal,Good,-
M06988,Type_07,67.1,2.58,221.8,19.04,3.801,909.9,0,0.14466389808006283,Normal,Good,-
M07940,Type_03,66.54,2.96,217.3,11.38,2.226,419.3,0,0.14466135310815678,Normal,Good,-
M02819,Type_08,75.74,0.35,217.2,16.14,3.155,711.1,0,0.14465755193028365,Normal,Good,-
M05274,Type_12,53.69,0.56,224.3,14.67,2.961,829.4,0,0.14465088395696712,Normal,Good,-
M02870,Type_13,50.05,2.62,215.3,17.93,3.474,683.4,0,0.144650211717257,Normal,Good,-
M06356,Type_07,60.24,2.11,221.1,12.08,2.404,342.1,0,0.1446448439716723,Normal,Good,-
M01772,Type_11,59.82,0.1,219.5,13.65,2.697,176.9,0,0.144643589505883,Normal,Good,-
M00556,Type_14,61.23,2.56,216.9,12.75,2.489,751.5,0,0.1446412471707321,Normal,Good,-
M06099,Type_14,62.1,2.88,219.7,12.6,2.491,510.4,0,0.1446412471707321,Normal,Good,-
M08720,Type_03,69.58,3.03,220.8,15.18,3.017,772.5,0,0.1446395797245159,Normal,Good,-
M05650,Type_03,71.7,2.92,219.0,18.32,3.611,756.8,0,0.14463874638232485,Normal,Good,-
M04010,Type_07,64.45,2.57,227.0,13.62,2.783,660.0,0,0.14463143353001995,Normal,Good,-
M09620,Type_23,62.79,1.28,216.3,19.85,3.864,887.2,0,0.1446304310189631,Normal,Good,-
M05755,Type_22,60.67,3.48,221.9,12.16,2.428,743.5,0,0.14462912309644266,Normal,Good,-
M09450,Type_03,59.93,1.32,226.5,15.26,3.111,897.3,0,0.14462589256082015,Normal,Good,-
M00071,Type_13,58.27,2.76,214.2,14.88,2.869,827.3,0,0.1446209583767166,Normal,Good,-
M03998,Type_17,60.21,2.27,223.2,11.36,2.282,125.5,0,0.1446200071577288,Normal,Good,-
M06758,Type_14,52.83,2.73,218.3,16.2,3.183,870.0,0,0.14460767095317573,Normal,Good,-
M08812,Type_10,62.04,1.89,210.1,14.46,2.734,409.1,0,0.1446013474144184,Normal,Good,-
M02426,Type_25,70.91,1.36,217.4,12.89,2.522,384.3,0,0.14459548707021208,Normal,Good,-
M04946,Type_09,68.71,2.5,215.0,17.88,3.46,237.8,0,0.14459472079270003,Normal,Good,-
M02551,Type_03,59.54,1.23,224.8,13.68,2.768,741.1,0,0.14458916995559679,Normal,Good,-
M07194,Type_24,54.54,1.0,220.6,16.6,3.296,256.0,0,0.14457900843608779,Normal,Good,-
M01670,Type_08,50.82,1.97,222.8,14.8,2.968,699.9,0,0.14457363044417937,Normal,Good,-
M06291,Type_15,67.65,3.1,217.4,16.86,3.299,135.8,0,0.14456370270092933,Normal,Good,-
M09149,Type_01,63.7,1.68,222.3,16.54,3.309,198.1,0,0.14455952486241772,Normal,Good,-
M07637,Type_18,41.8,2.38,225.7,11.72,2.381,977.8,0,0.14454506239520926,Normal,Good,-
M04548,Type_09,61.19,0.79,223.4,14.57,2.929,205.9,0,0.14452715591770254,Normal,Good,-
M00917,Type_22,53.33,3.05,216.8,14.45,2.819,755.3,0,0.14451497442778094,Normal,Good,-
M02224,Type_05,64.15,1.79,220.0,16.99,3.364,438.5,0,0.14451491258769442,Normal,Good,-
M00817,Type_10,52.31,1.42,224.2,12.59,2.54,155.6,0,0.14451439321975093,Normal,Good,-
M04358,Type_21,57.31,3.02,221.2,17.57,3.498,480.9,0,0.14450532435136815,Normal,Good,-
M09420,Type_13,80.27,2.07,214.9,12.08,2.336,50.0,0,0.14449863703457985,Normal,Good,-
M01326,Type_13,69.1,2.08,225.6,13.93,2.828,814.6,0,0.1444982478276445,Normal,Good,-
M09519,Type_09,59.53,1.19,212.1,17.93,3.423,131.1,0,0.14449401432227474,Normal,Good,-
M06991,Type_11,69.07,2.56,215.9,14.87,2.889,290.4,0,0.1444937830911157,Normal,Good,-
M02660,Type_24,65.62,2.71,214.4,19.28,3.72,207.9,0,0.14449329348362014,Normal,Good,-
M05397,Type_08,68.71,2.94,216.0,16.98,3.301,323.4,0,0.14448581798847887,Normal,Good,-
M05096,Type_01,63.53,1.08,218.3,14.55,2.859,334.8,0,0.1444850205402238,Normal,Good,-
M08396,Type_23,73.32,1.27,224.6,14.48,2.927,122.0,0,0.14448311239953698,Normal,Good,-
M07197,Type_08,58.25,2.88,221.6,15.25,3.041,451.0,0,0.1444825437019862,Normal,Good,-
M06064,Type_10,72.58,1.81,218.2,13.8,2.71,531.2,0,0.14446959216515587,Normal,Good,-
M01969,Type_08,63.94,2.09,224.0,14.8,2.984,650.9,0,0.14446326258121864,Normal,Good,-
M01279,Type_07,57.02,1.45,213.0,13.77,2.64,288.6,0,0.14445546924891825,Normal,Good,-
M01450,Type_01,51.62,2.47,215.0,18.1,3.502,588.7,0,0.14444854811248886,Normal,Good,-
M09233,Type_07,60.6,1.86,225.7,13.14,2.669,59.0,0,0.1444477116779243,Normal,Good,-
M03977,Type_16,54.63,1.02,224.6,18.82,3.804,925.2,0,0.14444415629411142,Normal,Good,-
M03468,Type_13,61.29,2.13,218.7,17.6,3.464,604.9,0,0.14444269908492519,Normal,Good,-
M08770,Type_13,51.99,2.67,227.0,15.97,3.263,878.8,0,0.14443099942387516,Normal,Good,-
M05538,Type_02,60.83,2.85,218.7,13.32,2.622,328.0,0,0.1444262218690602,Normal,Good,-
M03624,Type_23,69.48,2.78,221.7,15.78,3.149,459.5,0,0.14442461161332423,Normal,Good,-
M08130,Type_01,68.57,1.71,212.7,16.02,3.067,680.1,0,0.1444116959952035,Normal,Good,-
M06861,Type_24,59.52,2.58,225.6,17.8,3.614,510.3,0,0.14440780077649956,Normal,Good,-
M07149,Type_16,75.89,0.76,222.8,13.15,2.637,735.3,0,0.14440597158535773,Normal,Good,-
M09960,Type_11,73.43,1.54,213.7,12.7,2.443,141.7,0,0.14439231761774873,Normal,Good,-
M01303,Type_07,73.52,1.99,223.2,16.89,3.393,81.2,0,0.14439204151957225,Normal,Good,-
M08532,Type_17,63.02,3.14,216.2,13.57,2.64,940.4,0,0.14438644947203724,Normal,Good,-
M07864,Type_15,67.13,3.15,217.4,13.91,2.722,637.9,0,0.1443861577707791,Normal,Good,-
M02864,Type_21,58.85,0.55,219.1,16.07,3.169,668.7,0,0.1443830422535417,Normal,Good,-
M00770,Type_13,42.06,0.1,222.8,16.17,3.242,627.0,0,0.14437806796650576,Normal,Good,-
M03676,Type_23,55.91,2.84,211.1,14.6,2.774,546.9,0,0.14437469554143983,Normal,Good,-
M07860,Type_16,63.26,1.3,228.2,15.93,3.272,679.4,0,0.14437083057278172,Normal,Good,-
M00141,Type_01,72.48,2.41,225.6,15.0,3.046,615.6,0,0.14436802460905251,Normal,Good,-
M04142,Type_08,68.87,1.43,224.7,15.21,3.076,418.0,0,0.1443636038151649,Normal,Good,-
M07447,Type_23,73.41,2.68,219.6,16.06,3.174,715.1,0,0.14436107921179947,Normal,Good,-
M07687,Type_23,49.18,0.1,219.6,16.1,3.182,266.2,0,0.14435842814192734,Normal,Good,-
M05015,Type_09,68.28,2.45,216.1,18.76,3.649,963.5,0,0.1443544381836642,Normal,Good,-
M09768,Type_07,75.31,1.59,225.2,13.57,2.75,678.5,0,0.14435040996033688,Normal,Good,-
M01165,Type_01,68.32,2.92,221.3,9.87,1.966,695.9,0,0.1443421010499838,Normal,Good,-
M00581,Type_07,57.1,0.88,213.0,13.4,2.569,590.7,0,0.1443253120887607,Normal,Good,-
M01626,Type_23,57.63,2.42,221.5,11.5,2.293,337.5,0,0.14429467156354966,Normal,Good,-
M09165,Type_01,61.63,0.31,218.7,17.44,3.433,570.2,0,0.14427955173235119,Normal,Good,-
M01543,Type_06,62.15,3.23,215.4,14.37,2.786,69.0,0,0.1442781318737345,Normal,Good,-
M03760,Type_08,56.81,0.85,229.4,16.07,3.318,109.4,0,0.14427791142264065,Normal,Good,-
M09642,Type_18,37.06,2.29,224.3,18.16,3.666,953.5,0,0.144277652313337,Normal,Good,-
M06214,Type_01,74.63,3.58,223.9,15.75,3.174,59.7,0,0.14426760945483186,Normal,Good,-
M08091,Type_21,67.86,2.82,214.4,14.17,2.734,955.3,0,0.1442601508638413,Normal,Good,-
M05389,Type_01,76.83,2.43,219.2,16.3,3.216,427.5,0,0.14425997040039415,Normal,Good,-
M08895,Type_01,78.11,1.95,214.9,15.83,3.062,568.6,0,0.14425997040039415,Normal,Good,-
M08882,Type_08,63.58,1.55,215.5,18.67,3.621,323.5,0,0.14425823158741358,Normal,Good,-
M08058,Type_22,56.26,2.76,214.0,16.83,3.241,511.5,0,0.14425785207906283,Normal,Good,-
M07719,Type_03,61.2,1.93,220.7,12.01,2.386,832.1,0,0.14425542389631305,Normal,Good,-
M05976,Type_20,78.53,2.21,217.5,16.1,3.152,959.6,0,0.14425396840383464,Normal,Good,-
M07579,Type_01,66.89,0.1,227.0,18.1,3.698,217.3,0,0.14425290243021188,Normal,Good,-
M07588,Type_16,48.89,1.78,213.6,20.46,3.933,219.5,0,0.14425210793759535,Normal,Good,-
M09516,Type_15,72.49,0.48,222.8,19.1,3.83,657.1,0,0.1442486327443152,Normal,Good,-
M04791,Type_13,54.67,2.37,224.6,18.09,3.657,593.8,0,0.1442439951448987,Normal,Good,-
M08704,Type_24,61.42,2.53,223.0,18.4,3.693,174.6,0,0.14424393128787932,Normal,Good,-
M07885,Type_08,66.19,2.44,216.6,12.05,2.349,183.4,0,0.1442364051993355,Normal,Good,-
M06750,Type_14,64.08,0.1,225.7,15.85,3.22,876.8,0,0.14423577559034348,Normal,Good,-
M05047,Type_01,78.61,1.84,224.6,15.67,3.168,693.6,0,0.1442323885591932,Normal,Good,-
M07596,Type_21,68.35,0.1,222.4,10.78,2.158,314.1,0,0.14422835764233238,Normal,Good,-
M08954,Type_23,48.16,0.83,216.0,13.67,2.657,897.2,0,0.1442282384213995,Normal,Good,-
M00175,Type_15,58.83,1.45,216.0,15.82,3.075,79.4,0,0.14422747842024003,Normal,Good,-
M08539,Type_22,54.9,2.55,214.3,14.83,2.86,962.6,0,0.14422517581180508,Normal,Good,-
M04035,Type_24,60.58,2.4,213.2,14.68,2.817,861.6,0,0.14421681639987002,Normal,Good,-
M06647,Type_12,61.15,0.1,226.0,14.97,3.045,261.2,0,0.1442066413059914,Normal,Good,-
M08681,Type_19,66.07,2.62,221.9,15.39,3.074,214.4,0,0.14419803959695435,Normal,Good,-
M03954,Type_11,76.72,2.38,214.8,13.15,2.542,333.4,0,0.14419383957140633,Normal,Good,-
M01468,Type_17,34.53,3.07,223.0,20.15,4.044,95.5,0,0.14419283889087653,Normal,Good,-
M07900,Type_06,66.02,3.31,223.0,16.93,3.398,769.8,0,0.14419266400037395,Normal,Good,-
M02848,Type_22,69.64,2.0,212.9,19.3,3.698,742.7,0,0.14419102558571562,Normal,Good,-
M02374,Type_01,56.73,1.2,225.2,14.82,3.004,338.4,0,0.14418878275191285,Normal,Good,-
M04720,Type_10,67.87,1.64,219.6,14.71,2.907,571.2,0,0.14418772966589513,Normal,Good,-
M01961,Type_01,57.34,2.5,221.2,16.53,3.291,101.1,0,0.1441811878853001,Normal,Good,-
M09105,Type_23,55.3,2.99,218.3,17.15,3.369,404.6,0,0.14417970317257617,Normal,Good,-
M03534,Type_20,69.5,1.69,216.7,15.5,3.023,353.9,0,0.14417603649189245,Normal,Good,-
M07917,Type_23,66.8,1.22,219.0,15.05,2.966,98.0,0,0.1441536765429918,Normal,Good,-
M09841,Type_02,65.14,2.3,217.6,16.14,3.161,463.8,0,0.14415238695936441,Normal,Good,-
M08050,Type_16,51.29,0.98,220.6,16.87,3.349,385.4,0,0.14415143156202906,Normal,Good,-
M02432,Type_23,60.26,1.27,225.4,17.59,3.568,679.8,0,0.14414983638013998,Normal,Good,-
M00010,Type_02,44.1,1.02,226.6,13.23,2.698,648.5,0,0.14414817851020298,Normal,Good,-
M09352,Type_07,61.35,2.3,223.4,13.74,2.763,610.6,0,0.14414494665902777,Normal,Good,-
M08585,Type_15,70.36,0.72,221.7,17.15,3.422,367.9,0,0.14414404454166332,Normal,Good,-
M01060,Type_01,60.43,1.39,221.1,15.49,3.082,448.7,0,0.14414141561340668,Normal,Good,-
M09444,Type_03,60.98,2.4,214.9,14.0,2.708,241.7,0,0.14413794693415577,Normal,Good,-
M07063,Type_23,61.02,2.36,219.7,11.96,2.365,315.0,0,0.1441355884990819,Normal,Good,-
M07648,Type_06,51.4,0.81,223.7,20.27,4.081,424.9,0,0.14412720763253412,Normal,Good,-
M08239,Type_01,70.73,1.54,223.5,14.93,3.003,522.8,0,0.14412649359367177,Normal,Good,-
M09223,Type_25,55.94,3.54,211.1,16.43,3.122,969.8,0,0.14412043146144676,Normal,Good,-
M07695,Type_23,56.52,1.14,223.7,14.6,2.939,763.0,0,0.14411843804068675,Normal,Good,-
M01285,Type_23,74.23,2.29,225.6,9.85,2.0,550.4,0,0.1441175198871706,Normal,Good,-
M01586,Type_03,41.75,0.58,222.0,15.95,3.187,598.0,0,0.1441106332913999,Normal,Good,-
M07794,Type_23,67.0,2.73,218.0,12.41,2.435,934.5,0,0.14410781504285886,Normal,Good,-
M08843,Type_21,71.88,2.64,219.9,15.91,3.149,530.6,0,0.144105333856087,Normal,Good,-
M09592,Type_09,64.49,2.54,218.2,10.2,2.003,262.9,0,0.1441025724109505,Normal,Good,-
M06001,Type_13,65.75,2.21,212.9,19.04,3.648,382.7,0,0.14409814134017732,Normal,Good,-
M01185,Type_23,55.85,1.95,225.3,15.59,3.161,709.8,0,0.14409431494425826,Normal,Good,-
M05635,Type_23,55.81,1.82,224.9,16.23,3.285,798.5,0,0.14409431494425826,Normal,Good,-
M06071,Type_23,55.18,2.45,219.3,15.36,3.032,514.1,0,0.14409431494425826,Normal,Good,-
M09674,Type_07,72.48,2.3,221.0,16.27,3.236,493.4,0,0.14408597807151163,Normal,Good,-
M09596,Type_11,74.49,0.43,217.1,14.49,2.831,652.6,0,0.14408585652858924,Normal,Good,-
M04069,Type_19,56.43,1.99,223.1,15.8,3.172,196.8,0,0.14408203977999332,Normal,Good,-
M01794,Type_23,71.69,0.1,218.6,14.44,2.841,61.2,0,0.1440730396642726,Normal,Good,-
M00414,Type_10,69.69,0.1,222.6,12.96,2.596,420.3,0,0.14407256035242003,Normal,Good,-
M00756,Type_03,58.63,1.78,219.8,16.1,3.185,456.8,0,0.14406974611880197,Normal,Good,-
M02806,Type_20,61.15,3.6,221.7,14.76,2.945,994.8,0,0.14406859860618743,Normal,Good,-
M02012,Type_11,70.34,1.41,217.3,15.42,3.016,542.6,0,0.14406558077240458,Normal,Good,-
M06923,Type_13,47.01,2.91,219.0,13.03,2.568,131.8,0,0.14406228631790213,Normal,Good,-
M09805,Type_17,67.42,0.72,222.1,10.96,2.191,217.7,0,0.14405798962424463,Normal,Good,-
M01892,Type_16,56.88,2.85,221.4,14.65,2.919,549.5,0,0.14405367952576803,Normal,Good,-
M04764,Type_07,55.39,2.73,216.0,14.36,2.792,425.7,0,0.14404953963167016,Normal,Good,-
M08629,Type_09,80.08,1.98,218.6,15.23,2.996,906.5,0,0.14404858165484064,Normal,Good,-
M02427,Type_04,59.41,3.31,222.3,14.34,2.869,974.6,0,0.14404701645558823,Normal,Good,-
M03841,Type_08,61.18,1.64,220.5,12.51,2.483,943.3,0,0.14404548849438586,Normal,Good,-
M04002,Type_16,46.29,1.67,224.5,11.84,2.392,168.3,0,0.14404162614171692,Normal,Good,-
M03368,Type_12,56.12,2.75,215.7,13.7,2.66,941.3,0,0.1440381605443213,Normal,Good,-
M09672,Type_22,70.44,1.41,216.2,16.41,3.193,409.6,0,0.14402576725656255,Normal,Good,-
M08893,Type_22,68.56,0.22,224.6,11.7,2.365,813.4,0,0.14401593919676595,Normal,Good,-
M08367,Type_13,73.14,1.45,223.3,11.49,2.309,334.6,0,0.14401330324797076,Normal,Good,-
M06676,Type_03,54.18,0.83,224.4,13.13,2.652,735.7,0,0.14401025121184927,Normal,Good,-
M01828,Type_01,72.65,1.17,219.2,15.6,3.078,482.9,0,0.14400973786895516,Normal,Good,-
M07539,Type_12,44.21,0.94,221.1,15.49,3.082,491.2,0,0.14400387152182104,Normal,Good,-
M01344,Type_17,61.75,0.75,216.9,15.11,2.95,456.4,0,0.1440021194965933,Normal,Good,-
M03051,Type_13,50.0,2.82,212.4,15.55,2.973,594.5,0,0.14399840475993708,Normal,Good,-
M01998,Type_23,68.07,2.22,228.2,14.46,2.97,850.8,0,0.14399603448964213,Normal,Good,-
M06873,Type_23,72.51,3.1,219.5,15.88,3.137,470.7,0,0.1439930104368532,Normal,Good,-
M07902,Type_06,59.44,3.63,223.1,14.37,2.885,54.3,0,0.1439894545188009,Normal,Good,-
M04093,Type_16,70.78,1.54,219.6,17.46,3.451,783.8,0,0.14398619072660024,Normal,Good,-
M09140,Type_07,36.64,0.25,225.1,19.82,4.015,946.3,0,0.14397239122683325,Normal,Good,-
M04380,Type_19,46.45,1.31,215.2,13.81,2.675,813.8,0,0.14396052766260187,Normal,Good,-
M08592,Type_17,61.99,3.12,222.1,17.86,3.57,869.5,0,0.14395332606504957,Normal,Good,-
M08131,Type_02,75.58,0.84,223.2,15.31,3.075,852.3,0,0.14394957581956286,Normal,Good,-
M01097,Type_11,45.94,1.07,219.6,12.46,2.463,898.5,0,0.14394922392693685,Normal,Good,-
M09236,Type_19,47.25,1.78,222.2,12.47,2.494,86.1,0,0.14394437523914974,Normal,Good,-
M08188,Type_09,52.55,2.25,221.9,13.66,2.728,335.6,0,0.14394309724634982,Normal,Good,-
M09099,Type_10,71.38,0.49,217.4,14.61,2.859,553.1,0,0.14393839170362244,Normal,Good,-
M00233,Type_11,76.81,1.63,223.6,13.99,2.815,685.1,0,0.14393121692592648,Normal,Good,-
M08525,Type_22,69.34,0.47,214.6,17.59,3.397,881.4,0,0.14392055419189329,Normal,Good,-
M02105,Type_07,70.76,2.29,222.7,18.06,3.62,945.1,0,0.14392034888556757,Normal,Good,-
M09270,Type_16,55.03,2.42,219.7,17.27,3.415,421.8,0,0.14390923103277387,Normal,Good,-
M08373,Type_17,60.37,2.76,221.4,14.96,2.981,323.6,0,0.14390920905329424,Normal,Good,-
M02396,Type_13,66.15,1.87,220.0,13.02,2.578,298.3,0,0.1439066910211251,Normal,Good,-
M04790,Type_12,64.82,2.14,213.7,17.84,3.431,999.9,0,0.14390169284205553,Normal,Good,-
M01458,Type_19,57.17,2.83,211.1,14.59,2.772,239.8,0,0.14390156418915118,Normal,Good,-
M06167,Type_12,57.66,0.32,211.6,16.46,3.135,283.9,0,0.14389901942997552,Normal,Good,-
M07556,Type_13,56.05,3.68,225.5,15.45,3.136,806.3,0,0.1438983132216434,Normal,Good,-
M01257,Type_01,71.01,1.03,224.7,18.22,3.685,298.5,0,0.1438911965226506,Normal,Good,-
M04126,Type_02,64.25,0.78,213.8,20.3,3.906,734.3,0,0.14388928237697063,Normal,Good,-
M04312,Type_16,70.65,1.41,220.2,16.51,3.272,625.7,0,0.1438878032009187,Normal,Good,-
M09471,Type_16,62.92,3.66,218.3,17.38,3.415,81.8,0,0.14388329237069736,Normal,Good,-
M02950,Type_03,71.33,1.47,221.8,14.85,2.964,888.5,0,0.14388179135356924,Normal,Good,-
M05534,Type_24,75.56,3.2,215.1,15.45,2.991,645.9,0,0.14387353200007394,Normal,Good,-
M07136,Type_16,43.59,3.44,219.7,16.1,3.183,365.4,0,0.14386968382390608,Normal,Good,-
M07216,Type_25,47.09,0.1,216.8,17.88,3.489,844.1,0,0.14386833233061844,Normal,Good,-
M03134,Type_22,68.88,0.1,219.8,14.48,2.864,676.2,0,0.14386609662162084,Normal,Good,-
M09321,Type_12,61.91,1.07,214.0,10.9,2.099,738.4,0,0.14385449456238097,Normal,Good,-
M01811,Type_14,70.93,1.85,218.8,13.16,2.591,79.3,0,0.14385256728730356,Normal,Good,-
M08283,Type_07,52.31,2.37,217.7,16.57,3.247,847.3,0,0.14385184806241136,Normal,Good,-
M00981,Type_13,72.01,1.22,219.7,14.29,2.826,536.5,0,0.14385107289101806,Normal,Good,-
M01764,Type_13,61.31,3.12,218.7,14.21,2.797,93.9,0,0.14384872298462648,Normal,Good,-
M03588,Type_10,69.6,1.49,223.5,14.22,2.86,545.9,0,0.1438449904197023,Normal,Good,-
M01766,Type_13,66.92,1.02,221.0,11.35,2.258,297.6,0,0.14384044362652937,Normal,Good,-
M06533,Type_03,66.68,3.03,222.1,14.83,2.964,849.6,0,0.1438177581920026,Normal,Good,-
M02868,Type_09,73.31,2.62,227.2,10.88,2.225,375.6,0,0.14381569951372097,Normal,Good,-
M05471,Type_07,65.59,1.86,222.7,16.55,3.317,541.3,0,0.14381459043512332,Normal,Good,-
M05109,Type_03,48.28,0.37,217.3,15.5,3.031,885.2,0,0.14381447660414556,Normal,Good,-
M06685,Type_13,70.38,0.57,228.1,19.13,3.927,869.7,0,0.14381409261749367,Normal,Good,-
M01406,Type_19,53.16,1.18,217.1,13.23,2.585,804.3,0,0.14381285680660874,Normal,Good,-
M03010,Type_13,62.64,2.29,220.3,15.52,3.077,669.3,0,0.14379089212760526,Normal,Good,-
M09136,Type_13,64.9,2.35,221.8,16.18,3.23,631.9,0,0.14379089212760526,Normal,Good,-
M01392,Type_19,73.35,3.62,216.8,16.31,3.182,123.7,0,0.14378657210582405,Normal,Good,-
M07945,Type_08,46.57,2.25,222.1,13.49,2.697,277.4,0,0.14377878517144493,Normal,Good,-
M02799,Type_01,64.77,2.68,213.8,17.13,3.296,132.6,0,0.14377499370325986,Normal,Good,-
M05327,Type_18,66.43,1.74,226.1,17.84,3.63,54.8,0,0.1437694896856469,Normal,Good,-
M09345,Type_22,49.68,1.17,211.0,20.54,3.901,454.4,0,0.14376768830433584,Normal,Good,-
M00678,Type_15,75.91,3.22,211.4,14.88,2.831,130.8,0,0.1437654595845263,Normal,Good,-
M05590,Type_22,69.35,1.68,222.0,16.9,3.377,744.6,0,0.14376372628498343,Normal,Good,-
M06524,Type_13,59.93,1.9,216.0,20.59,4.003,937.7,0,0.14376369672890904,Normal,Good,-
M02518,Type_12,59.25,1.4,223.2,14.74,2.961,254.7,0,0.14376216523353935,Normal,Good,-
M01203,Type_03,77.52,1.3,216.6,13.24,2.581,474.9,0,0.143756286390436,Normal,Good,-
M07089,Type_07,55.67,0.82,217.3,15.37,3.006,821.3,0,0.14375506635377464,Normal,Good,-
M09351,Type_10,62.1,0.63,220.0,23.13,4.58,834.5,0,0.14375490266158908,Normal,Good,-
M03886,Type_23,57.04,2.56,216.8,17.19,3.354,806.3,0,0.1437475229887294,Normal,Good,-
M02683,Type_16,71.48,0.97,229.5,15.09,3.117,403.6,0,0.14374046120723988,Normal,Good,-
M00364,Type_24,60.09,2.31,219.9,18.55,3.671,551.4,0,0.14374006829044922,Normal,Good,-
M03784,Type_03,44.99,1.89,213.5,18.43,3.541,393.7,0,0.14373832885493087,Normal,Good,-
M06034,Type_22,71.32,3.23,216.7,13.47,2.627,104.6,0,0.14373447615866097,Normal,Good,-
M09456,Type_16,51.98,1.42,221.5,15.95,3.18,374.0,0,0.1437272770105874,Normal,Good,-
M08067,Type_12,50.58,0.25,221.5,12.18,2.428,335.6,0,0.14372455395985825,Normal,Good,-
M05458,Type_20,64.62,0.9,226.7,15.55,3.173,594.7,0,0.14371862124093993,Normal,Good,-
M02092,Type_24,56.68,2.06,224.9,19.24,3.894,598.3,0,0.143713342775715,Normal,Good,-
M08168,Type_10,62.3,2.11,220.1,14.29,2.831,584.1,0,0.14370733058856378,Normal,Good,-
M04880,Type_02,72.27,0.9,225.0,15.31,3.1,651.5,0,0.14370636162741657,Normal,Good,-
M00214,Type_24,72.85,3.1,217.3,19.07,3.73,735.6,0,0.1437045784488207,Normal,Good,-
M01731,Type_11,70.15,2.08,222.8,15.15,3.038,584.3,0,0.1437041381624223,Normal,Good,-
M09274,Type_23,61.94,0.9,215.1,18.8,3.639,871.0,0,0.14369293167085848,Normal,Good,-
M00797,Type_18,74.35,1.24,214.9,20.07,3.882,207.2,0,0.14368618560327792,Normal,Good,-
M05665,Type_05,66.45,3.54,221.9,13.42,2.68,396.8,0,0.1436833539209187,Normal,Good,-
M07268,Type_19,79.73,2.86,222.3,15.55,3.111,135.0,0,0.14367978993678998,Normal,Good,-
M05955,Type_19,69.45,1.95,220.5,15.76,3.128,160.7,0,0.1436750284312787,Normal,Good,-
M05864,Type_08,68.43,2.69,225.4,17.58,3.566,321.3,0,0.1436735494979429,Normal,Good,-
M00631,Type_22,78.26,1.33,215.1,16.64,3.221,340.1,0,0.14366067158250895,Normal,Good,-
M04758,Type_12,70.03,1.98,226.3,15.06,3.067,225.3,0,0.14365904319568348,Normal,Good,-
M02901,Type_16,75.39,3.19,214.7,17.35,3.353,545.1,0,0.1436376302791046,Normal,Good,-
M02694,Type_08,53.56,2.28,215.9,12.67,2.462,300.2,0,0.14363111431545184,Normal,Good,-
M01909,Type_22,49.21,1.57,223.2,10.47,2.103,512.1,0,0.14362661298007354,Normal,Good,-
M09120,Type_14,70.9,0.78,227.4,13.75,2.814,240.5,0,0.14362638527318772,Normal,Good,-
M04805,Type_13,41.7,2.1,222.5,11.66,2.335,158.6,0,0.14362595674250392,Normal,Good,-
M01942,Type_13,69.23,2.57,224.8,14.56,2.946,842.0,0,0.14362273935255954,Normal,Good,-
M01752,Type_22,61.36,2.35,215.9,11.18,2.172,655.1,0,0.1436143196200586,Normal,Good,-
M05243,Type_14,78.82,3.82,215.8,12.65,2.457,656.7,0,0.1436133944795366,Normal,Good,-
M03606,Type_19,72.53,2.34,218.8,16.04,3.159,164.4,0,0.1436114960297539,Normal,Good,-
M08336,Type_09,60.61,2.24,218.5,13.97,2.747,963.9,0,0.1436114853188014,Normal,Good,-
M01413,Type_20,58.69,3.83,217.9,14.62,2.867,959.6,0,0.14360961445259196,Normal,Good,-
M06347,Type_23,59.46,1.4,215.1,15.48,2.997,819.7,0,0.1436084269247115,Normal,Good,-
M00863,Type_24,53.67,2.46,223.4,10.8,2.171,699.7,0,0.14360774975543888,Normal,Good,-
M01404,Type_13,72.83,2.28,228.1,18.33,3.763,969.2,0,0.14359820321603187,Normal,Good,-
M03310,Type_01,68.28,1.38,222.6,15.55,3.115,678.0,0,0.14359150487351177,Normal,Good,-
M01838,Type_14,71.41,3.43,224.0,12.26,2.472,140.2,0,0.1435892805081082,Normal,Good,-
M08069,Type_14,70.74,3.41,211.7,12.35,2.353,146.6,0,0.1435892805081082,Normal,Good,-
M03435,Type_02,68.22,1.75,221.3,13.71,2.731,459.1,0,0.14358853902019,Normal,Good,-
M01302,Type_03,65.72,2.38,225.5,17.48,3.548,669.2,0,0.14357437197254572,Normal,Good,-
M07078,Type_12,76.52,0.1,229.1,17.11,3.528,215.4,0,0.14357361807408237,Normal,Good,-
M03357,Type_10,62.92,2.04,225.5,14.61,2.965,175.3,0,0.14356647610594278,Normal,Good,-
M02894,Type_11,65.89,0.1,211.7,14.72,2.805,949.5,0,0.14356601851414513,Normal,Good,-
M07606,Type_11,69.78,2.11,222.6,15.4,3.085,941.3,0,0.14355529805897313,Normal,Good,-
M06165,Type_03,69.06,3.07,221.5,15.12,3.014,555.7,0,0.14355165596677621,Normal,Good,-
M07170,Type_23,55.57,3.35,218.0,18.45,3.62,331.4,0,0.14354464023996627,Normal,Good,-
M03763,Type_08,75.68,1.66,223.2,10.92,2.194,794.0,0,0.14353856067001453,Normal,Good,-
M08479,Type_13,71.82,0.55,211.5,21.53,4.098,966.7,0,0.14353617815374395,Normal,Good,-
M02684,Type_21,67.59,2.79,214.6,14.0,2.704,194.8,0,0.1435340242310725,Normal,Good,-
M03118,Type_08,60.23,3.0,219.1,17.13,3.378,123.2,0,0.14353272351653304,Normal,Good,-
M00911,Type_06,65.76,3.39,211.5,12.44,2.368,369.3,0,0.1435255510544878,Normal,Good,-
M07057,Type_11,68.87,2.13,215.0,14.77,2.858,322.5,0,0.14350832930749685,Normal,Good,-
M04935,Type_07,61.93,0.68,221.0,14.6,2.904,410.6,0,0.1435051425239594,Normal,Good,-
M03135,Type_20,59.89,2.92,222.3,18.2,3.641,970.1,0,0.14350410508071268,Normal,Good,-
M05395,Type_19,57.35,2.18,221.1,14.92,2.969,161.3,0,0.14350336024804583,Normal,Good,-
M07718,Type_03,67.76,1.66,216.3,16.12,3.138,491.8,0,0.14350222089820902,Normal,Good,-
M04725,Type_23,76.4,2.0,224.6,16.29,3.293,527.9,0,0.14350038908557436,Normal,Good,-
M07924,Type_08,59.39,2.62,216.7,14.68,2.863,326.0,0,0.14349674683960703,Normal,Good,-
M03643,Type_25,54.72,1.63,221.0,22.8,4.535,213.3,0,0.14349486857869515,Normal,Good,-
M06974,Type_08,72.58,1.02,225.2,17.27,3.5,934.6,0,0.1434841396737085,Normal,Good,-
M04692,Type_03,63.69,2.59,221.2,15.38,3.062,799.3,0,0.14348385846277195,Normal,Good,-
M00643,Type_07,49.79,1.47,220.3,14.57,2.889,444.6,0,0.1434829635472374,Normal,Good,-
M04189,Type_01,48.4,2.96,221.5,16.22,3.233,287.9,0,0.1434795859172644,Normal,Good,-
M01519,Type_19,43.54,2.57,211.7,14.61,2.784,233.4,0,0.14346734114679452,Normal,Good,-
M02522,Type_13,41.67,1.66,214.5,13.0,2.51,199.2,0,0.14346687367803615,Normal,Good,-
M01083,Type_10,78.34,1.67,214.7,14.86,2.871,401.4,0,0.1434603653072521,Normal,Good,-
M04771,Type_25,53.76,1.81,220.5,19.32,3.834,661.2,0,0.14344642768020147,Normal,Good,-
M04297,Type_07,69.82,2.15,220.2,13.01,2.578,187.0,0,0.1434439769073532,Normal,Good,-
M08677,Type_08,69.32,1.59,213.1,18.92,3.629,958.6,0,0.1434279341354539,Normal,Good,-
M06818,Type_01,76.13,3.22,220.9,15.44,3.07,406.4,0,0.1434260075440591,Normal,Good,-
M02862,Type_13,63.5,1.68,217.6,18.99,3.719,109.0,0,0.14342278600424904,Normal,Good,-
M04011,Type_20,78.52,1.66,215.2,15.0,2.905,714.6,0,0.14342217286032155,Normal,Good,-
M00305,Type_13,65.49,2.33,217.9,10.19,1.998,933.5,0,0.14342034969803755,Normal,Good,-
M08412,Type_10,64.14,0.27,212.2,14.87,2.84,411.8,0,0.14341719236786754,Normal,Good,-
M06576,Type_14,49.88,1.23,218.6,15.41,3.032,882.4,0,0.14341445725849528,Normal,Good,-
M06540,Type_22,61.57,2.93,217.2,15.25,2.981,434.3,0,0.1434130572883219,Normal,Good,-
M02869,Type_01,59.52,2.07,224.1,13.22,2.666,973.9,0,0.1434126518201216,Normal,Good,-
M07270,Type_11,67.21,1.35,213.3,11.03,2.117,475.2,0,0.14340761255493442,Normal,Good,-
M01798,Type_15,47.06,1.1,217.9,14.48,2.84,280.2,0,0.14340601278871928,Normal,Good,-
M08153,Type_14,66.82,1.52,220.1,12.21,2.419,296.0,0,0.1433989314510657,Normal,Good,-
M02018,Type_07,65.23,3.74,221.7,11.01,2.197,845.7,0,0.143398330024687,Normal,Good,-
M01487,Type_07,73.73,1.41,216.8,13.33,2.601,276.9,0,0.14339666352879085,Normal,Good,-
M08691,Type_08,69.67,1.64,228.2,15.36,3.155,136.2,0,0.14339358973068153,Normal,Good,-
M09299,Type_08,70.5,1.8,223.9,16.33,3.291,256.2,0,0.14339358973068153,Normal,Good,-
M08448,Type_07,53.9,1.69,218.7,11.65,2.293,498.0,0,0.1433895268659545,Normal,Good,-
M08237,Type_10,69.63,0.7,218.7,14.33,2.821,284.3,0,0.14338761688512477,Normal,Good,-
M06815,Type_14,54.25,3.64,215.6,12.76,2.476,147.1,0,0.14338129572857955,Normal,Good,-
M01753,Type_25,68.5,1.37,219.4,16.21,3.201,388.2,0,0.1433727406545174,Normal,Good,-
M01171,Type_02,71.01,3.04,222.7,13.84,2.774,632.9,0,0.1433636013245517,Normal,Good,-
M04744,Type_12,63.43,3.63,219.2,10.82,2.135,939.7,0,0.14334934409134623,Normal,Good,-
M00823,Type_24,60.08,2.74,216.0,15.2,2.955,664.3,0,0.1433414546964755,Normal,Good,-
M03397,Type_06,63.89,1.49,225.9,19.45,3.954,834.0,0,0.1433412708790846,Normal,Good,-
M02811,Type_06,68.74,1.61,226.0,18.91,3.846,365.5,0,0.14333664021429673,Normal,Good,-
M02991,Type_11,75.94,2.8,214.5,10.52,2.031,893.5,0,0.14332972174131664,Normal,Good,-
M05346,Type_08,75.97,2.22,217.4,13.44,2.63,256.7,0,0.14332720300562318,Normal,Good,-
M08120,Type_07,73.21,0.52,220.2,18.13,3.593,298.7,0,0.14331144600260617,Normal,Good,-
M05293,Type_01,67.54,2.2,219.9,11.57,2.29,172.5,0,0.1433068141036088,Normal,Good,-
M06946,Type_10,74.16,0.52,219.0,15.12,2.98,267.2,0,0.14330635014051238,Normal,Good,-
M06473,Type_10,62.71,2.21,221.3,11.66,2.322,439.8,0,0.14330197275630083,Normal,Good,-
M00187,Type_08,55.71,1.55,221.2,16.29,3.243,364.0,0,0.14329941506643604,Normal,Good,-
M04327,Type_08,58.55,0.88,222.1,14.76,2.95,657.0,0,0.1432925567165708,Normal,Good,-
M06867,Type_14,74.76,0.27,220.8,12.55,2.494,428.8,0,0.14329212919737647,Normal,Good,-
M08796,Type_01,66.94,0.24,220.5,16.49,3.272,313.8,0,0.14328911103526867,Normal,Good,-
M08785,Type_08,54.21,2.29,222.6,13.77,2.759,389.9,0,0.14328357993716145,Normal,Good,-
M04585,Type_23,78.98,0.81,216.3,12.17,2.369,68.5,0,0.1432833731433798,Normal,Good,-
M02970,Type_10,63.77,2.24,216.3,11.59,2.256,921.5,0,0.14326478794060632,Normal,Good,-
M01800,Type_07,61.2,2.67,216.5,16.05,3.127,590.4,0,0.14326236297050735,Normal,Good,-
M05325,Type_05,74.87,1.19,212.9,22.46,4.304,774.6,0,0.14326140365607862,Normal,Good,-
M00424,Type_08,73.74,2.42,222.2,10.94,2.188,529.4,0,0.14325895739155314,Normal,Good,-
M00448,Type_07,67.35,2.35,219.9,15.46,3.06,583.2,0,0.14325627517684653,Normal,Good,-
M08088,Type_25,71.19,2.21,219.7,17.0,3.361,409.6,0,0.14325589067280237,Normal,Good,-
M08536,Type_21,79.3,2.15,224.8,13.38,2.707,554.8,0,0.14325473275486278,Normal,Good,-
M06189,Type_16,69.59,2.33,213.9,18.26,3.515,487.8,0,0.14325311232022053,Normal,Good,-
M01323,Type_06,67.1,3.37,219.5,14.4,2.845,91.8,0,0.14325144815782268,Normal,Good,-
M06386,Type_24,53.96,0.83,221.2,16.72,3.329,747.9,0,0.14324597575255182,Normal,Good,-
M06133,Type_15,69.45,1.86,219.9,17.96,3.554,80.0,0,0.14324390630921155,Normal,Good,-
M06285,Type_10,72.28,2.41,228.4,14.32,2.944,850.4,0,0.14324244629435248,Normal,Good,-
M05865,Type_13,60.34,3.15,220.0,16.62,3.291,893.9,0,0.14323463663399008,Normal,Good,-
M08558,Type_13,72.58,2.47,218.7,10.04,1.976,144.5,0,0.14323302566184265,Normal,Good,-
M06315,Type_23,69.03,0.85,222.1,15.96,3.19,461.3,0,0.14322742871124464,Normal,Good,-
M05978,Type_10,63.34,1.22,221.2,14.94,2.974,274.6,0,0.143227120803685,Normal,Good,-
M06351,Type_21,74.54,2.45,218.7,11.02,2.169,187.5,0,0.14322070150621802,Normal,Good,-
M06256,Type_16,76.04,1.3,217.6,16.22,3.177,401.3,0,0.14321672201783436,Normal,Good,-
M06305,Type_03,53.93,1.38,220.8,11.63,2.311,888.4,0,0.14320805654198165,Normal,Good,-
M07953,Type_09,72.45,3.35,224.3,15.15,3.058,254.8,0,0.143197097496635,Normal,Good,-
M05092,Type_09,54.69,2.67,219.7,10.89,2.153,912.6,0,0.14319171290460425,Normal,Good,-
M02824,Type_23,50.2,2.19,225.1,15.92,3.225,733.2,0,0.1431908683801599,Normal,Good,-
M03234,Type_23,47.57,2.33,224.4,15.49,3.128,559.4,0,0.1431908683801599,Normal,Good,-
M03752,Type_23,48.23,2.15,228.5,15.43,3.173,610.9,0,0.1431908683801599,Normal,Good,-
M07676,Type_23,48.09,1.74,214.4,16.82,3.246,631.1,0,0.1431908683801599,Normal,Good,-
M07325,Type_08,52.95,2.77,215.1,13.49,2.612,177.6,0,0.14318861721959691,Normal,Good,-
M06609,Type_08,65.38,2.03,222.2,14.49,2.898,184.7,0,0.14318691631028493,Normal,Good,-
M00683,Type_09,73.07,2.94,215.8,14.38,2.793,260.1,0,0.14318196371733025,Normal,Good,-
M02744,Type_15,78.72,2.63,222.0,16.27,3.251,452.9,0,0.1431786720506063,Normal,Good,-
M07035,Type_24,58.84,2.43,216.5,14.71,2.866,689.6,0,0.1431736515593744,Normal,Good,-
M09812,Type_24,75.33,0.72,218.6,17.54,3.451,646.7,0,0.14317117960095893,Normal,Good,-
M05023,Type_11,77.79,2.46,213.0,14.39,2.759,631.9,0,0.14316909789401133,Normal,Good,-
M02414,Type_13,72.1,1.28,220.2,10.83,2.146,830.9,0,0.14316641538938618,Normal,Good,-
M06966,Type_18,52.54,0.72,217.2,16.33,3.192,473.2,0,0.14316035095306218,Normal,Good,-
M08764,Type_01,46.9,1.66,213.1,17.39,3.335,131.4,0,0.14315838888022298,Normal,Good,-
M05975,Type_16,77.25,1.31,220.6,15.7,3.117,901.6,0,0.14315143944805953,Normal,Good,-
M02826,Type_10,69.35,2.63,223.4,14.31,2.877,362.6,0,0.14314889383047044,Normal,Good,-
M08477,Type_01,46.59,2.2,216.9,16.98,3.315,620.4,0,0.14314598131394698,Normal,Good,-
M07997,Type_23,78.31,2.36,215.3,16.47,3.191,524.8,0,0.1431435292755821,Normal,Good,-
M05378,Type_23,62.55,3.36,215.0,13.86,2.682,178.2,0,0.14313955678572554,Normal,Good,-
M04875,Type_22,79.49,1.22,226.6,16.8,3.426,598.6,0,0.14313785840331336,Normal,Good,-
M00784,Type_18,66.88,0.73,218.0,19.05,3.738,943.4,0,0.14313342654342065,Normal,Good,-
M03109,Type_16,68.27,3.62,226.4,12.92,2.633,371.5,0,0.14313199200089005,Normal,Good,-
M04330,Type_16,54.96,3.4,223.7,15.81,3.183,179.8,0,0.14313119118312856,Normal,Good,-
M07848,Type_03,52.67,2.26,219.8,17.16,3.395,859.3,0,0.1431284647478358,Normal,Good,-
M02592,Type_24,60.53,2.72,220.4,17.97,3.565,313.3,0,0.14312610818114002,Normal,Good,-
M03119,Type_10,56.33,3.27,211.5,13.77,2.621,913.4,0,0.1431249905009567,Normal,Good,-
M09521,Type_16,69.38,1.55,223.8,19.46,3.92,900.4,0,0.1431204149673883,Normal,Good,-
M00226,Type_20,57.64,3.45,217.5,16.07,3.146,396.3,0,0.14311618925293895,Normal,Good,-
M06904,Type_10,63.32,1.63,218.2,15.24,2.993,680.5,0,0.14310981647958085,Normal,Good,-
M03257,Type_08,57.26,2.09,213.4,18.33,3.52,190.2,0,0.14310142347438404,Normal,Good,-
M01748,Type_17,69.79,2.33,223.5,16.43,3.305,954.2,0,0.14309898984479794,Normal,Good,-
M07680,Type_23,45.97,1.2,224.8,18.76,3.796,473.3,0,0.1430945414030114,Normal,Good,-
M09318,Type_09,47.61,1.12,225.3,16.01,3.246,212.7,0,0.14309326981122827,Normal,Good,-
M05202,Type_15,63.29,2.42,222.7,16.7,3.347,160.9,0,0.14308893707870618,Normal,Good,-
M02702,Type_02,49.59,4.0,211.6,16.94,3.226,307.2,0,0.14307504457661188,Normal,Good,-
M01306,Type_22,72.1,1.58,216.5,11.1,2.163,827.2,0,0.14307157057732467,Normal,Good,-
M06690,Type_07,70.75,3.3,214.6,12.03,2.323,132.6,0,0.14306975167572195,Normal,Good,-
M04601,Type_25,76.36,0.1,226.4,11.22,2.286,556.6,0,0.14306891131574326,Normal,Good,-
M00345,Type_25,63.21,2.04,220.3,18.1,3.589,667.0,0,0.14306181454236902,Normal,Good,-
M04079,Type_18,67.5,2.14,218.9,17.87,3.521,961.4,0,0.14305813976272158,Normal,Good,-
M02228,Type_02,66.24,1.09,224.1,18.36,3.703,957.3,0,0.143057396652452,Normal,Good,-
M07043,Type_13,63.11,2.84,220.8,17.72,3.521,317.6,0,0.1430565453678759,Normal,Good,-
M00914,Type_08,40.11,1.53,211.4,16.84,3.204,843.2,0,0.1430527633470893,Normal,Good,-
M03581,Type_21,66.14,2.69,217.4,16.89,3.305,620.8,0,0.14305152163042764,Normal,Good,-
M09982,Type_07,49.39,2.74,218.2,18.31,3.596,175.5,0,0.14304863418958952,Normal,Good,-
M02511,Type_16,68.89,0.92,215.6,12.37,2.4,704.3,0,0.1430484430863646,Normal,Good,-
M04501,Type_11,59.54,1.43,217.3,10.67,2.087,651.3,0,0.14303131909712152,Normal,Good,-
M02261,Type_22,78.08,2.65,215.4,11.17,2.165,919.4,0,0.1430305841659001,Normal,Good,-
M09790,Type_16,52.57,0.95,222.2,17.0,3.4,444.5,0,0.14302888382593487,Normal,Good,-
M03868,Type_11,58.71,0.5,219.0,13.92,2.744,239.0,0,0.14302591400312367,Normal,Good,-
M08365,Type_25,69.11,2.37,228.1,16.57,3.402,136.2,0,0.14301792231976976,Normal,Good,-
M00093,Type_23,76.82,1.12,229.7,13.61,2.814,444.7,0,0.14301642784380011,Normal,Good,-
M05169,Type_23,66.17,1.18,220.8,16.09,3.197,795.2,0,0.1430131318591397,Normal,Good,-
M05292,Type_23,66.14,0.61,221.7,15.81,3.155,799.0,0,0.1430131318591397,Normal,Good,-
M03620,Type_16,72.2,1.22,217.5,15.05,2.946,325.5,0,0.14300765132105264,Normal,Good,-
M07620,Type_08,54.18,2.61,222.0,16.56,3.309,912.2,0,0.14300693381271648,Normal,Good,-
M02423,Type_19,64.55,1.98,218.7,10.23,2.014,259.0,0,0.14300516920431827,Normal,Good,-
M09686,Type_24,71.77,2.21,216.2,19.86,3.864,643.8,0,0.14300122471635401,Normal,Good,-
M07251,Type_15,58.57,3.91,210.2,10.26,1.941,57.0,0,0.14299806960287345,Normal,Good,-
M03415,Type_11,73.65,0.63,216.1,14.14,2.75,934.3,0,0.142992332867428,Normal,Good,-
M06741,Type_07,61.91,0.86,221.7,12.97,2.588,311.1,0,0.14299230776319208,Normal,Good,-
M08146,Type_19,53.36,1.65,225.1,15.08,3.055,943.5,0,0.14298576803451388,Normal,Good,-
M09057,Type_02,66.15,0.99,225.8,16.8,3.414,691.2,0,0.14298059227298554,Normal,Good,-
M09001,Type_23,53.16,0.5,210.9,11.85,2.249,421.3,0,0.1429799016089578,Normal,Good,-
M09867,Type_07,63.96,2.17,226.3,13.72,2.794,962.7,0,0.14296702373409823,Normal,Good,-
M05859,Type_02,57.0,3.34,215.8,13.24,2.571,582.3,0,0.1429670233587032,Normal,Good,-
M01968,Type_17,62.75,2.08,215.4,15.46,2.997,185.3,0,0.14296637119267375,Normal,Good,-
M05678,Type_02,67.81,2.64,220.2,13.62,2.699,171.3,0,0.14295499939720907,Normal,Good,-
M00771,Type_10,79.39,1.38,222.6,15.0,3.005,445.1,0,0.14294697724854127,Normal,Good,-
M05952,Type_21,59.83,2.72,222.0,12.29,2.456,841.5,0,0.14294303780848028,Normal,Good,-
M08382,Type_21,59.28,2.69,217.9,12.17,2.387,720.7,0,0.14294303780848028,Normal,Good,-
M07039,Type_22,64.95,2.34,210.2,14.65,2.771,353.0,0,0.14293735295878948,Normal,Good,-
M03038,Type_17,41.94,2.34,213.7,12.63,2.429,176.0,0,0.14292773562064082,Normal,Good,-
M08398,Type_08,69.84,2.55,222.9,15.37,3.083,135.5,0,0.14292769564929275,Normal,Good,-
M04040,Type_09,68.69,1.01,224.3,17.33,3.498,209.2,0,0.14291822292497186,Normal,Good,-
M03199,Type_08,61.17,2.06,217.0,10.78,2.105,883.3,0,0.14291518911404472,Normal,Good,-
M05619,Type_19,68.06,1.03,216.2,15.52,3.02,113.7,0,0.14291227933239076,Normal,Good,-
M03150,Type_15,63.96,1.97,215.5,15.06,2.921,719.5,0,0.14290387520270464,Normal,Good,-
M02461,Type_11,73.21,3.33,217.3,15.54,3.039,896.7,0,0.14290194854079002,Normal,Good,-
M00992,Type_16,76.02,2.18,211.7,15.35,2.925,815.4,0,0.14289671780375665,Normal,Good,-
M07876,Type_02,62.82,1.61,219.4,16.14,3.187,664.0,0,0.14288802165958728,Normal,Good,-
M03500,Type_25,79.5,1.95,225.7,19.04,3.868,257.2,0,0.142876201707852,Normal,Good,-
M07070,Type_24,69.06,2.04,213.2,19.46,3.734,510.9,0,0.1428689061605024,Normal,Good,-
M09772,Type_10,68.37,2.36,215.9,12.29,2.388,883.5,0,0.14286532951059822,Normal,Good,-
M02334,Type_08,51.1,0.14,213.7,14.82,2.85,420.6,0,0.1428457486162439,Normal,Good,-
M04565,Type_16,70.13,1.14,214.2,14.18,2.734,304.7,0,0.14284402266858262,Normal,Good,-
M08315,Type_23,71.72,1.94,221.6,12.16,2.425,284.4,0,0.1428274305363062,Normal,Good,-
M07778,Type_25,65.04,1.63,221.2,21.89,4.358,751.2,0,0.14282425947577881,Normal,Good,-
M07837,Type_10,66.74,1.55,217.2,12.61,2.465,497.7,0,0.14282415794884942,Normal,Good,-
M09286,Type_03,72.73,2.0,221.1,15.85,3.154,251.5,0,0.14282312138643433,Normal,Good,-
M08042,Type_09,54.07,1.05,215.7,16.38,3.18,504.0,0,0.1428230901428625,Normal,Good,-
M02160,Type_21,61.31,2.13,214.7,14.26,2.755,212.8,0,0.14282012978068637,Normal,Good,-
M05198,Type_21,76.05,0.42,216.9,14.08,2.749,853.4,0,0.14279503406968747,Normal,Good,-
M01301,Type_10,67.16,2.16,223.2,15.28,3.069,471.2,0,0.14278709047337168,Normal,Good,-
M02584,Type_18,55.17,0.91,224.6,17.82,3.602,404.6,0,0.14278363508374864,Normal,Good,-
M09663,Type_08,67.9,1.61,217.2,17.59,3.438,191.8,0,0.1427826917314004,Normal,Good,-
M07169,Type_14,79.89,2.75,220.8,12.5,2.484,832.0,0,0.1427814155216324,Normal,Good,-
M01721,Type_07,60.56,1.66,222.1,15.49,3.096,594.5,0,0.14277587609951514,Normal,Good,-
M03057,Type_16,65.36,3.09,217.0,15.46,3.019,931.7,0,0.14277354546743196,Normal,Good,-
M01342,Type_23,65.4,0.1,223.3,15.01,3.017,799.4,0,0.14277038885309476,Normal,Good,-
M01514,Type_16,75.06,1.23,225.8,17.43,3.542,556.2,0,0.14276764500451142,Normal,Good,-
M05139,Type_16,64.46,3.62,218.3,16.04,3.151,584.8,0,0.14276263510384538,Normal,Good,-
M06922,Type_09,74.48,2.72,221.6,14.52,2.896,124.6,0,0.142754539454929,Normal,Good,-
M02237,Type_13,57.13,1.73,227.6,12.84,2.63,308.5,0,0.14275284486727896,Normal,Good,-
M01072,Type_16,71.81,3.03,218.0,16.08,3.155,691.3,0,0.14275165981873245,Normal,Good,-
M02653,Type_14,52.15,1.02,220.9,14.42,2.867,927.7,0,0.14274499921919456,Normal,Good,-
M04303,Type_21,71.52,2.0,218.8,19.15,3.771,356.5,0,0.14273808649140476,Normal,Good,-
M00505,Type_07,73.77,2.11,223.6,16.27,3.274,966.2,0,0.14273417140878464,Normal,Good,-
M07746,Type_01,67.44,1.28,222.9,15.24,3.057,616.8,0,0.14273021620222143,Normal,Good,-
M09100,Type_01,71.05,2.29,225.5,15.27,3.099,286.2,0,0.14272068093114507,Normal,Good,-
M00647,Type_03,58.97,1.97,216.6,19.27,3.756,850.1,0,0.14271822084650942,Normal,Good,-
M00552,Type_22,58.42,1.52,221.0,14.21,2.826,443.8,0,0.142717095388662,Normal,Good,-
M08034,Type_07,48.52,2.02,211.5,14.24,2.711,187.7,0,0.14271001978616632,Normal,Good,-
M09612,Type_01,72.14,0.22,216.4,15.43,3.005,587.3,0,0.14268758351825273,Normal,Good,-
M08891,Type_08,54.46,1.48,226.3,15.37,3.13,593.1,0,0.14268157066469123,Normal,Good,-
M01497,Type_16,71.57,2.88,222.8,15.36,3.08,433.4,0,0.14268130177227317,Normal,Good,-
M05876,Type_22,71.34,4.21,220.9,17.28,3.435,553.4,0,0.14267088529233216,Normal,Good,-
M08352,Type_17,61.47,1.67,212.6,15.1,2.889,949.1,0,0.14266974384636222,Normal,Good,-
M07983,Type_21,64.33,2.83,218.8,12.68,2.497,689.5,0,0.14266280269054415,Normal,Good,-
M07290,Type_08,59.65,1.38,215.3,18.15,3.517,278.2,0,0.1426623942900226,Normal,Good,-
M08351,Type_02,60.28,3.57,222.7,12.03,2.411,146.0,0,0.14266067303072122,Normal,Good,-
M01227,Type_04,71.05,1.1,225.1,14.52,2.942,973.5,0,0.14265762124802817,Normal,Good,-
M02077,Type_25,57.01,3.99,226.5,13.04,2.658,930.8,0,0.14265456668319593,Normal,Good,-
M01135,Type_11,66.73,2.53,223.0,15.28,3.067,327.4,0,0.1426540106151917,Normal,Good,-
M06352,Type_02,42.81,3.28,220.6,21.06,4.181,946.7,0,0.14264285955548917,Normal,Good,-
M07236,Type_25,77.37,1.99,217.6,15.47,3.03,614.4,0,0.1426377457335003,Normal,Good,-
M01693,Type_13,57.65,2.44,222.4,13.8,2.762,322.3,0,0.1426313421053554,Normal,Good,-
M02523,Type_23,70.82,0.23,218.4,16.32,3.208,655.8,0,0.14262776815989078,Normal,Good,-
M08727,Type_13,63.66,1.66,213.9,13.67,2.632,273.9,0,0.14262567776354934,Normal,Good,-
M03898,Type_13,73.34,0.42,221.6,18.23,3.636,660.2,0,0.14261921997745988,Normal,Good,-
M04477,Type_10,66.19,1.51,217.0,16.73,3.267,115.2,0,0.1426185434876904,Normal,Good,-
M03777,Type_15,65.72,0.44,219.1,14.38,2.836,406.1,0,0.14261761688968755,Normal,Good,-
M02944,Type_13,74.5,3.06,220.2,13.17,2.61,318.4,0,0.14260994150793727,Normal,Good,-
M00743,Type_10,59.22,2.1,218.5,18.27,3.593,982.7,0,0.14260898638062047,Normal,Good,-
M02221,Type_13,68.82,0.99,220.7,14.17,2.815,673.0,0,0.14260458937064674,Normal,Good,-
M05524,Type_13,74.41,2.67,228.2,16.5,3.389,321.7,0,0.14260347784846406,Normal,Good,-
M04511,Type_10,60.45,2.77,217.6,14.46,2.832,479.4,0,0.14260326865756345,Normal,Good,-
M04553,Type_23,46.71,1.99,217.5,14.28,2.795,370.6,0,0.14259343055716803,Normal,Good,-
M09006,Type_01,65.12,0.76,225.1,18.17,3.681,221.6,0,0.14258913303918963,Normal,Good,-
M09443,Type_22,70.38,0.1,220.9,15.82,3.145,373.9,0,0.14258367906599145,Normal,Good,-
M09342,Type_07,63.28,2.04,225.6,13.81,2.804,319.4,0,0.1425826230092099,Normal,Good,-
M08835,Type_03,72.04,1.72,219.5,13.29,2.625,572.2,0,0.14258233259099864,Normal,Good,-
M03821,Type_23,62.93,3.18,221.1,18.31,3.644,260.5,0,0.1425823224241519,Normal,Good,-
M07224,Type_21,72.12,2.38,214.5,12.73,2.458,196.6,0,0.14256515699781225,Normal,Good,-
M06973,Type_23,66.37,2.2,215.7,13.43,2.607,220.0,0,0.14255924970812658,Normal,Good,-
M02091,Type_13,47.18,2.25,227.9,12.81,2.627,741.3,0,0.14255513461357025,Normal,Good,-
M05791,Type_06,61.12,2.97,213.2,20.28,3.891,762.8,0,0.14255448581263935,Normal,Good,-
M00855,Type_10,65.07,2.72,217.8,12.38,2.427,793.1,0,0.1425475816834666,Normal,Good,-
M01428,Type_06,69.45,2.49,227.6,14.56,2.982,486.5,0,0.14253906034103034,Normal,Good,-
M06941,Type_24,53.16,3.45,212.7,18.34,3.511,473.6,0,0.14252876366671965,Normal,Good,-
M06855,Type_08,54.19,2.01,221.3,17.68,3.521,123.2,0,0.14251952957603425,Normal,Good,-
M07284,Type_08,55.77,1.83,222.6,18.1,3.626,170.2,0,0.14251952957603425,Normal,Good,-
M00118,Type_16,59.33,1.48,216.6,14.74,2.873,164.4,0,0.14251334883008746,Normal,Good,-
M07629,Type_10,62.45,1.1,215.6,13.37,2.594,481.5,0,0.14251103216840058,Normal,Good,-
M07183,Type_23,78.39,3.78,222.2,15.26,3.052,778.8,0,0.14250182170228987,Normal,Good,-
M01973,Type_08,69.88,1.24,216.4,14.52,2.828,153.3,0,0.14248754907056743,Normal,Good,-
M09857,Type_17,44.02,1.55,213.8,14.93,2.873,419.7,0,0.14247551893334157,Normal,Good,-
M06085,Type_21,72.24,2.09,219.5,17.16,3.39,467.7,0,0.14246648566158351,Normal,Good,-
M04082,Type_24,64.74,1.94,226.6,19.36,3.948,882.5,0,0.14245138936319665,Normal,Good,-
M06826,Type_23,61.01,1.4,226.2,14.79,3.011,366.6,0,0.14244785349441422,Normal,Good,-
M02989,Type_16,55.12,3.45,218.6,17.98,3.537,219.8,0,0.14244475063365944,Normal,Good,-
M06781,Type_13,79.94,2.44,226.8,18.32,3.739,745.7,0,0.14243982684222128,Normal,Good,-
M04535,Type_07,58.48,1.79,218.3,13.67,2.686,236.3,0,0.1424357431690315,Normal,Good,-
M06405,Type_08,65.92,0.26,212.2,16.17,3.088,72.1,0,0.14243459037591308,Normal,Good,-
M01963,Type_14,53.49,2.07,217.9,11.49,2.253,923.8,0,0.14243266319371164,Normal,Good,-
M04635,Type_13,51.36,2.0,227.5,16.77,3.434,684.6,0,0.14243192458894016,Normal,Good,-
M04487,Type_24,61.29,2.31,221.2,14.76,2.938,826.7,0,0.14242987629252077,Normal,Good,-
M09769,Type_06,65.17,2.39,218.6,19.27,3.791,255.5,0,0.1424276409108192,Normal,Good,-
M00689,Type_08,73.99,3.08,222.4,10.99,2.2,659.9,0,0.1424249945352181,Normal,Good,-
M05748,Type_08,60.14,2.28,215.4,14.63,2.836,203.8,0,0.1424247972783698,Normal,Good,-
M03261,Type_14,49.06,2.3,224.0,12.22,2.464,360.0,0,0.14242337681781125,Normal,Good,-
M02674,Type_19,54.24,2.0,221.8,10.68,2.132,117.7,0,0.1424232753059685,Normal,Good,-
M02938,Type_01,78.47,3.18,216.0,11.26,2.189,107.5,0,0.14242033136857613,Normal,Good,-
M08086,Type_21,49.39,2.17,220.6,18.77,3.727,579.2,0,0.14241887020632252,Normal,Good,-
M06127,Type_21,70.72,1.4,214.7,16.93,3.271,114.4,0,0.1424183615649459,Normal,Good,-
M04738,Type_20,69.76,1.96,216.3,14.98,2.916,318.0,0,0.14241552311364675,Normal,Good,-
M09694,Type_17,47.13,1.0,220.6,21.21,4.211,70.4,0,0.14241067990034423,Normal,Good,-
M03558,Type_24,62.42,0.74,224.6,16.13,3.261,903.5,0,0.14241027869528555,Normal,Good,-
M09569,Type_05,65.05,4.22,222.9,17.87,3.585,165.9,0,0.1424076718091664,Normal,Good,-
M09532,Type_02,57.05,2.87,225.4,11.25,2.282,378.1,0,0.14240403248456818,Normal,Good,-
M00040,Type_08,71.3,1.25,218.6,18.1,3.561,184.0,0,0.1424020562346666,Normal,Good,-
M01375,Type_23,66.79,0.89,215.8,17.88,3.473,355.4,0,0.14239567623137123,Normal,Good,-
M01130,Type_16,71.28,2.65,213.2,17.64,3.385,510.1,0,0.14238205587583877,Normal,Good,-
M02404,Type_16,53.39,3.62,222.5,15.34,3.072,232.1,0,0.1423736154255528,Normal,Good,-
M04105,Type_06,66.65,1.0,220.8,19.0,3.776,301.4,0,0.14236698198059422,Normal,Good,-
M06742,Type_10,62.79,1.62,217.5,17.51,3.428,363.2,0,0.1423661038015386,Normal,Good,-
M03430,Type_22,62.5,2.72,213.7,13.27,2.552,779.6,0,0.14235237735170864,Normal,Good,-
M08513,Type_23,74.98,3.14,218.9,15.87,3.127,700.5,0,0.142337148260448,Normal,Good,-
M05799,Type_23,66.26,1.11,225.4,15.05,3.053,594.0,0,0.14233295750617378,Normal,Good,-
M02211,Type_15,52.17,3.11,220.9,14.29,2.841,731.5,0,0.14233221515904595,Normal,Good,-
M02406,Type_03,68.79,1.18,218.2,15.43,3.03,311.8,0,0.14233147537071097,Normal,Good,-
M08403,Type_07,62.3,1.4,218.5,17.75,3.491,599.9,0,0.1423278056041306,Normal,Good,-
M05266,Type_07,64.5,2.51,214.5,16.06,3.1,794.1,0,0.1423099820181264,Normal,Good,-
M06169,Type_08,62.4,1.53,227.1,17.72,3.622,228.3,0,0.14230229265406905,Normal,Good,-
M06665,Type_21,62.61,2.37,216.3,10.87,2.116,657.7,0,0.14230072865369542,Normal,Good,-
M03980,Type_07,71.85,3.38,217.3,12.59,2.462,233.5,0,0.1422837254748486,Normal,Good,-
M04543,Type_07,51.82,1.87,225.9,14.45,2.938,232.3,0,0.14227703619429383,Normal,Good,-
M07091,Type_17,61.87,2.21,218.3,20.42,4.012,999.6,0,0.14226301675719116,Normal,Good,-
M01858,Type_14,53.78,1.18,217.2,12.66,2.475,819.9,0,0.14226103074114385,Normal,Good,-
M09174,Type_01,69.34,1.56,218.1,16.68,3.274,307.7,0,0.14226078482206472,Normal,Good,-
M00272,Type_25,68.7,0.17,214.8,15.3,2.958,234.8,0,0.14226058196157745,Normal,Good,-
M05152,Type_07,54.05,3.8,220.0,14.49,2.869,946.5,0,0.1422605566815182,Normal,Good,-
M03092,Type_14,51.11,1.24,219.1,12.43,2.451,495.3,0,0.14225646861448527,Normal,Good,-
M07583,Type_17,57.14,2.41,211.0,15.14,2.875,271.4,0,0.14225029702256312,Normal,Good,-
M04527,Type_03,73.12,2.3,219.0,12.69,2.501,593.1,0,0.1422409769571344,Normal,Good,-
M02942,Type_23,67.17,2.34,215.1,16.2,3.136,281.2,0,0.14224048592419306,Normal,Good,-
M04047,Type_04,36.97,1.14,217.6,15.92,3.118,960.7,0,0.14223945731897647,Normal,Good,-
M02303,Type_14,58.33,0.73,221.8,16.71,3.336,138.7,0,0.14223917020692653,Normal,Good,-
M05155,Type_16,69.19,1.94,217.7,16.74,3.28,740.6,0,0.14223124346750418,Normal,Good,-
M03093,Type_08,45.89,2.8,216.9,15.39,3.004,425.4,0,0.14221908203319553,Normal,Good,-
M08844,Type_16,71.18,0.62,219.8,13.86,2.742,317.6,0,0.1422190226685826,Normal,Good,-
M01728,Type_07,48.13,2.0,219.5,12.84,2.537,100.5,0,0.14221406310529947,Normal,Good,-
M03820,Type_18,51.46,1.94,215.1,14.79,2.863,934.1,0,0.14221354878804837,Normal,Good,-
M00224,Type_01,74.49,1.99,215.0,12.72,2.461,150.2,0,0.14220561609836305,Normal,Good,-
M00281,Type_09,48.53,2.46,222.6,10.08,2.019,668.3,0,0.14220391967514215,Normal,Good,-
M01162,Type_13,70.03,1.36,215.4,15.48,3.001,504.4,0,0.14220309368539974,Normal,Good,-
M09534,Type_19,63.29,1.06,216.9,14.55,2.84,125.6,0,0.14220133024858275,Normal,Good,-
M02258,Type_16,76.09,2.48,215.6,17.55,3.405,795.1,0,0.1421957904266059,Normal,Good,-
M06426,Type_07,59.23,2.36,216.3,16.04,3.123,392.6,0,0.14218764080539747,Normal,Good,-
M06651,Type_13,69.62,2.51,222.6,17.13,3.432,812.3,0,0.14217936511654009,Normal,Good,-
M01385,Type_05,65.87,2.3,228.4,11.68,2.401,712.7,0,0.14217581357380593,Normal,Good,-
M04233,Type_07,64.37,3.19,219.2,16.71,3.297,116.0,0,0.1421704874889087,Normal,Good,-
M00703,Type_25,62.28,3.81,213.9,18.5,3.561,54.1,0,0.14216851996406768,Normal,Good,-
M06797,Type_10,72.08,0.76,211.4,15.08,2.869,760.3,0,0.14214511138076463,Normal,Good,-
M05505,Type_23,56.44,1.82,219.6,15.24,3.012,911.1,0,0.1421353805378064,Normal,Good,-
M01194,Type_18,68.8,1.99,215.5,18.88,3.662,256.2,0,0.14212999943767107,Normal,Good,-
M03759,Type_24,67.75,3.87,219.3,18.03,3.559,308.4,0,0.14212769892434232,Normal,Good,-
M01781,Type_24,52.56,2.15,227.7,18.91,3.875,615.0,0,0.14211900716660905,Normal,Good,-
M07115,Type_17,78.82,0.33,219.8,11.35,2.245,865.1,0,0.14211854653565165,Normal,Good,-
M06850,Type_01,79.61,3.05,220.1,11.27,2.232,172.8,0,0.14210784289267941,Normal,Good,-
M09415,Type_13,72.25,1.54,214.4,19.47,3.757,738.0,0,0.14209890011803292,Normal,Good,-
M03281,Type_13,71.02,2.2,214.6,13.35,2.578,132.0,0,0.14209606785924506,Normal,Good,-
M01216,Type_08,49.67,1.12,221.9,15.5,3.096,73.7,0,0.14209230861366465,Normal,Good,-
M00884,Type_07,55.82,2.54,222.3,15.93,3.187,431.7,0,0.14209223377803987,Normal,Good,-
M00735,Type_11,52.86,0.15,219.5,11.13,2.199,120.9,0,0.1420912634880941,Normal,Good,-
M02951,Type_10,65.12,3.78,226.6,18.32,3.736,698.6,0,0.142091203659647,Normal,Good,-
M05212,Type_07,62.72,2.44,219.6,14.47,2.86,136.9,0,0.1420890423545692,Normal,Good,-
M05998,Type_01,47.64,0.24,218.9,11.19,2.205,567.3,0,0.1420888783370965,Normal,Good,-
M04988,Type_15,59.61,0.1,217.1,19.68,3.845,624.4,0,0.1420850767214386,Normal,Good,-
M02963,Type_24,67.06,2.14,218.9,17.24,3.396,303.5,0,0.14208148526943584,Normal,Good,-
M01833,Type_13,57.07,2.96,226.3,15.76,3.21,916.4,0,0.1420807904801439,Normal,Good,-
M07343,Type_23,63.48,1.66,217.4,12.29,2.405,226.9,0,0.14207885063079523,Normal,Good,-
M08801,Type_23,62.41,2.19,215.5,12.68,2.459,218.2,0,0.14207885063079523,Normal,Good,-
M05936,Type_10,59.56,3.61,218.1,18.63,3.657,170.3,0,0.1420739251600429,Normal,Good,-
M04894,Type_20,61.24,3.49,221.4,14.33,2.855,689.6,0,0.14206549041322428,Normal,Good,-
M00623,Type_10,67.66,1.28,213.9,12.11,2.331,802.7,0,0.14206060916529314,Normal,Good,-
M00664,Type_16,66.91,1.52,223.6,18.67,3.757,209.5,0,0.1420584515331492,Normal,Good,-
M02906,Type_02,63.69,3.52,218.2,13.18,2.588,73.2,0,0.1420504400637391,Normal,Good,-
M09011,Type_08,73.97,0.78,227.5,20.77,4.253,997.6,0,0.1420448136755132,Normal,Good,-
M05688,Type_02,65.34,2.07,218.4,16.25,3.194,315.7,0,0.14204062058365097,Normal,Good,-
M06013,Type_03,59.44,2.0,212.5,16.91,3.234,946.2,0,0.14203805468684247,Normal,Good,-
M06059,Type_11,78.82,3.08,214.8,15.36,2.969,682.0,0,0.14202717259929382,Normal,Good,-
M02080,Type_13,75.74,2.55,216.7,16.91,3.298,443.3,0,0.14202400499539977,Normal,Good,-
M04168,Type_03,56.75,1.75,215.5,11.83,2.294,878.1,0,0.14202186063244146,Normal,Good,-
M05795,Type_02,69.66,3.44,224.4,17.9,3.615,607.8,0,0.1420185599205434,Normal,Good,-
M01190,Type_23,75.4,1.98,217.1,15.21,2.972,485.7,0,0.14201053768648575,Normal,Good,-
M03033,Type_23,58.82,2.7,223.8,14.76,2.973,920.2,0,0.14200315340441283,Normal,Good,-
M01488,Type_07,52.23,2.53,222.6,12.38,2.48,827.4,0,0.1420024306881828,Normal,Good,-
M00434,Type_06,75.22,3.23,226.8,19.38,3.956,909.9,0,0.14200192405578033,Normal,Good,-
M03805,Type_16,72.43,2.74,217.3,17.98,3.516,535.0,0,0.14200119203795838,Normal,Good,-
M09015,Type_23,49.78,1.47,227.2,15.5,3.169,218.4,0,0.14199744371259404,Normal,Good,-
M09088,Type_07,59.46,1.64,218.7,11.7,2.303,270.4,0,0.14198507013593828,Normal,Good,-
M04603,Type_02,66.46,2.77,212.8,10.58,2.026,225.7,0,0.14198414595572298,Normal,Good,-
M03161,Type_02,68.6,0.68,222.7,12.74,2.553,676.6,0,0.14197565216427965,Normal,Good,-
M03641,Type_08,60.25,0.1,215.1,16.92,3.276,458.4,0,0.14197390204599422,Normal,Good,-
M08849,Type_23,79.02,2.58,216.5,17.0,3.312,894.5,0,0.1419603252364755,Normal,Good,-
M08344,Type_19,77.33,2.04,218.6,15.66,3.081,181.9,0,0.1419556338533487,Normal,Good,-
M03664,Type_20,62.21,3.61,224.0,14.92,3.008,658.8,0,0.14195561582264163,Normal,Good,-
M00959,Type_07,52.21,0.26,221.0,12.32,2.45,785.5,0,0.1419395924787694,Normal,Good,-
M01067,Type_07,71.63,2.34,213.8,18.86,3.629,199.5,0,0.14193321795714745,Normal,Good,-
M05872,Type_03,63.0,1.64,218.5,16.08,3.162,750.3,0,0.14192688897594483,Normal,Good,-
M04806,Type_07,64.88,0.1,213.7,15.0,2.885,149.2,0,0.14192294644921427,Normal,Good,-
M08322,Type_18,68.98,0.69,213.7,19.98,3.843,213.8,0,0.14191922581770025,Normal,Good,-
M08024,Type_01,64.13,1.47,223.6,14.98,3.015,129.9,0,0.1419173841183188,Normal,Good,-
M04089,Type_07,59.54,2.17,219.4,14.51,2.865,163.2,0,0.14189878043410337,Normal,Good,-
M09673,Type_07,62.54,2.07,219.2,14.47,2.855,172.6,0,0.14189878043410337,Normal,Good,-
M03414,Type_19,51.46,1.7,226.9,10.64,2.173,921.4,0,0.1418956135436677,Normal,Good,-
M01269,Type_10,61.47,2.66,213.3,10.07,1.933,337.8,0,0.1418882457632203,Normal,Good,-
M00691,Type_23,62.69,0.58,216.7,19.28,3.76,320.8,0,0.14188416270419732,Normal,Good,-
M06008,Type_25,65.53,0.1,224.9,15.08,3.052,725.7,0,0.14187904835646648,Normal,Good,-
M02218,Type_23,63.85,2.91,214.4,12.15,2.344,128.3,0,0.14186491159968795,Normal,Good,-
M07396,Type_23,48.58,3.9,224.4,16.09,3.25,924.4,0,0.14186161678590778,Normal,Good,-
M04639,Type_14,64.21,1.52,215.9,13.12,2.549,958.6,0,0.14185421127196363,Normal,Good,-
M03533,Type_23,63.96,0.99,225.4,14.64,2.97,559.7,0,0.14185255842884242,Normal,Good,-
M09610,Type_20,69.61,3.41,227.6,11.77,2.411,759.7,0,0.14185139420705162,Normal,Good,-
M02182,Type_03,47.54,2.31,222.4,18.47,3.697,982.2,0,0.14184563908157272,Normal,Good,-
M02347,Type_22,69.36,1.16,220.1,16.01,3.171,434.1,0,0.14184495060320307,Normal,Good,-
M07050,Type_22,62.63,2.09,224.8,16.66,3.371,777.9,0,0.14184469880103795,Normal,Good,-
M01078,Type_03,61.54,0.54,223.4,15.21,3.058,558.3,0,0.14184403955328168,Normal,Good,-
M05693,Type_15,71.46,1.53,220.3,12.82,2.542,932.4,0,0.1418438368457733,Normal,Good,-
M02606,Type_23,75.9,0.65,221.5,16.52,3.293,386.3,0,0.141837312102106,Normal,Good,-
M01697,Type_25,74.2,0.17,217.5,23.16,4.534,735.5,0,0.14183689768386604,Normal,Good,-
M01238,Type_19,51.47,3.28,214.2,10.88,2.097,860.2,0,0.14183603332778635,Normal,Good,-
M06822,Type_24,71.87,2.07,212.1,20.78,3.967,827.8,0,0.14182238800680022,Normal,Good,-
M03728,Type_08,58.35,2.38,222.5,17.2,3.444,87.5,0,0.14181789101709238,Normal,Good,-
M08650,Type_15,68.12,1.93,223.8,14.92,3.005,187.4,0,0.14181623493421605,Normal,Good,-
M08894,Type_21,76.46,1.98,226.0,15.08,3.067,300.5,0,0.1418159893176402,Normal,Good,-
M00905,Type_15,67.91,0.12,222.4,18.6,3.723,643.5,0,0.14181585730390467,Normal,Good,-
M07371,Type_03,55.72,1.47,224.3,11.49,2.319,436.6,0,0.14180625901162602,Normal,Good,-
M01852,Type_03,69.6,2.85,219.2,16.21,3.198,758.4,0,0.14179753227458708,Normal,Good,-
M09525,Type_23,79.38,3.22,213.3,18.85,3.619,279.0,0,0.14178967695912997,Normal,Good,-
M00690,Type_01,59.17,0.4,222.5,14.91,2.986,587.1,0,0.14178565895140569,Normal,Good,-
M04858,Type_15,67.98,0.7,212.0,15.0,2.862,427.4,0,0.1417818518750203,Normal,Good,-
M02320,Type_08,72.78,2.92,222.3,16.35,3.271,135.6,0,0.1417736006734731,Normal,Good,-
M00792,Type_07,71.95,2.63,217.9,12.09,2.371,196.5,0,0.1417725624479959,Normal,Good,-
M05830,Type_07,75.89,2.52,225.1,15.23,3.085,465.5,0,0.14175602933580136,Normal,Good,-
M02690,Type_21,45.63,3.78,215.7,13.49,2.619,901.6,0,0.1417492394474005,Normal,Good,-
M06338,Type_10,63.22,2.88,216.7,12.51,2.44,824.7,0,0.14174758168346657,Normal,Good,-
M01028,Type_08,54.04,2.06,216.5,14.47,2.819,259.1,0,0.14174465327287744,Normal,Good,-
M02382,Type_18,55.28,3.23,217.1,12.39,2.421,937.5,0,0.14173961528251453,Normal,Good,-
M05099,Type_13,64.19,0.1,219.3,14.76,2.913,676.8,0,0.14173599086902286,Normal,Good,-
M04903,Type_05,42.67,0.54,222.4,14.14,2.83,149.8,0,0.14173044322640516,Normal,Good,-
M02009,Type_01,69.57,2.7,217.4,12.94,2.532,188.6,0,0.1417250587874789,Normal,Good,-
M02945,Type_25,76.79,2.18,218.5,11.38,2.238,218.6,0,0.14172277312725626,Normal,Good,-
M04595,Type_17,45.91,4.04,219.9,18.83,3.727,198.4,0,0.14172011023048017,Normal,Good,-
M04385,Type_19,57.45,0.63,215.9,16.36,3.179,59.1,0,0.14171756025744167,Normal,Good,-
M08659,Type_17,60.73,2.7,224.3,18.51,3.737,824.6,0,0.14171422002139647,Normal,Good,-
M01817,Type_15,72.66,1.73,229.3,15.32,3.162,383.4,0,0.14171128251642345,Normal,Good,-
M03663,Type_18,60.26,2.73,222.1,15.77,3.152,934.6,0,0.1416972305000969,Normal,Good,-
M00260,Type_16,68.21,1.18,219.3,17.74,3.501,743.8,0,0.14168916710061646,Normal,Good,-
M06161,Type_06,64.19,2.06,218.1,13.77,2.703,943.8,0,0.14168893031723898,Normal,Good,-
M09873,Type_18,73.06,3.75,216.3,13.2,2.57,938.7,0,0.14168287888928666,Normal,Good,-
M09870,Type_21,56.6,1.25,222.0,22.01,4.398,135.4,0,0.14166736482024905,Normal,Good,-
M01494,Type_06,66.98,2.01,218.7,20.03,3.943,382.8,0,0.1416557367835854,Normal,Good,-
M03040,Type_13,71.31,1.89,215.8,16.47,3.199,878.9,0,0.14164094760239004,Normal,Good,-
M06142,Type_06,77.62,3.26,214.7,13.94,2.694,662.8,0,0.14163893206432218,Normal,Good,-
M09711,Type_05,61.71,3.91,222.1,21.88,4.374,779.9,0,0.1416374049470976,Normal,Good,-
M07652,Type_13,75.1,2.53,220.5,17.98,3.568,564.3,0,0.14163709761711155,Normal,Good,-
M00006,Type_01,53.64,0.25,224.6,17.37,3.511,77.8,0,0.14163501843887308,Normal,Good,-
M03466,Type_22,61.17,2.27,225.4,12.31,2.497,824.7,0,0.14162313858588413,Normal,Good,-
M08952,Type_03,64.54,3.42,220.4,14.67,2.91,82.9,0,0.14162301880503225,Normal,Good,-
M04906,Type_19,64.79,0.89,227.3,13.31,2.723,108.7,0,0.14162287869313378,Normal,Good,-
M07509,Type_07,55.13,2.25,213.3,16.52,3.171,421.0,0,0.1416057469070477,Normal,Good,-
M03942,Type_01,74.69,2.25,229.1,11.83,2.439,176.0,0,0.1416025801309157,Normal,Good,-
M02446,Type_15,64.06,1.43,227.0,16.57,3.385,795.6,0,0.14160128511494458,Normal,Good,-
M08465,Type_17,60.35,2.13,211.5,16.68,3.175,641.1,0,0.14160117318122167,Normal,Good,-
M01654,Type_01,43.21,1.57,219.4,16.41,3.24,353.2,0,0.1415991153973536,Normal,Good,-
M05364,Type_17,64.79,2.36,221.0,18.87,3.753,876.9,0,0.1415961724969458,Normal,Good,-
M03198,Type_13,71.39,0.46,222.2,15.16,3.032,438.9,0,0.14159286579071603,Normal,Good,-
M00579,Type_10,66.82,2.6,220.7,19.76,3.925,786.9,0,0.14158742877864322,Normal,Good,-
M08375,Type_07,75.97,1.22,215.0,17.23,3.334,555.3,0,0.14158508076183282,Normal,Good,-
M04013,Type_16,66.94,1.01,218.5,12.49,2.456,548.7,0,0.14158410747090172,Normal,Good,-
M09993,Type_16,68.8,3.16,216.1,12.15,2.363,449.3,0,0.14158267332016308,Normal,Good,-
M02006,Type_25,60.3,1.85,217.4,13.6,2.661,523.2,0,0.14158001979161938,Normal,Good,-
M02703,Type_25,59.29,1.88,225.3,13.17,2.67,684.5,0,0.14158001979161938,Normal,Good,-
M08043,Type_01,44.72,0.98,219.6,14.47,2.86,504.1,0,0.141578577007798,Normal,Good,-
M06574,Type_07,52.47,2.63,215.2,13.66,2.646,242.6,0,0.14157821710975874,Normal,Good,-
M02330,Type_06,64.62,0.57,222.9,18.74,3.759,474.2,0,0.1415643659902818,Normal,Good,-
M07800,Type_23,53.53,1.42,217.7,17.59,3.446,245.2,0,0.14156220861377014,Normal,Good,-
M04756,Type_01,61.23,1.42,223.6,13.65,2.747,162.2,0,0.1415546702724048,Normal,Good,-
M09081,Type_10,71.03,1.58,218.9,13.48,2.656,656.1,0,0.14155403423810392,Normal,Good,-
M00709,Type_23,65.06,1.94,217.3,14.51,2.838,168.9,0,0.1415418878958671,Normal,Good,-
M06326,Type_07,58.83,2.61,214.4,13.71,2.645,96.6,0,0.14154146763929348,Normal,Good,-
M03523,Type_08,52.37,1.62,219.7,15.03,2.972,726.0,0,0.1415209972343939,Normal,Good,-
M00902,Type_16,73.77,2.79,223.2,14.85,2.983,508.5,0,0.1415207283419759,Normal,Good,-
M01988,Type_22,47.86,4.12,225.7,18.62,3.782,335.9,0,0.14151868405553997,Normal,Good,-
M02268,Type_22,74.96,0.21,228.6,21.18,4.358,911.1,0,0.14150585534676138,Normal,Good,-
M08743,Type_19,50.16,1.47,221.4,16.15,3.218,953.6,0,0.1415011101038655,Normal,Good,-
M08906,Type_07,71.93,0.1,220.8,13.13,2.609,191.8,0,0.14148200592663693,Normal,Good,-
M06187,Type_07,65.97,1.25,225.8,16.01,3.254,443.5,0,0.14148191126900259,Normal,Good,-
M07627,Type_21,60.1,1.49,219.1,21.13,4.167,431.5,0,0.14147784097316854,Normal,Good,-
M07178,Type_13,64.15,1.6,222.9,18.48,3.707,694.9,0,0.1414712950933109,Normal,Good,-
M00291,Type_24,65.39,2.68,226.6,18.11,3.693,815.7,0,0.1414701468594291,Normal,Good,-
M09180,Type_23,63.29,2.4,226.9,13.69,2.796,327.9,0,0.1414636114390585,Normal,Good,-
M01939,Type_23,71.4,2.98,224.0,17.37,3.502,310.2,0,0.14146014048735575,Normal,Good,-
M00725,Type_11,68.48,2.46,220.0,14.94,2.958,326.6,0,0.1414593000076678,Normal,Good,-
M02669,Type_23,62.64,0.97,214.1,16.77,3.231,701.1,0,0.14145656908949342,Normal,Good,-
M03607,Type_22,72.39,3.02,219.1,15.42,3.041,656.6,0,0.14145634285656503,Normal,Good,-
M02810,Type_22,60.53,0.1,219.7,16.96,3.354,928.2,0,0.1414446177315894,Normal,Good,-
M01986,Type_14,56.9,2.56,215.0,10.2,1.974,457.2,0,0.1414386768932249,Normal,Good,-
M05167,Type_13,52.86,2.69,217.9,12.21,2.395,180.8,0,0.14143667428543844,Normal,Good,-
M03658,Type_06,62.38,2.01,218.4,19.9,3.912,540.6,0,0.1414343305120094,Normal,Good,-
M07893,Type_10,59.72,1.42,221.9,16.88,3.371,283.3,0,0.14143270668857877,Normal,Good,-
M01707,Type_08,47.51,2.3,225.1,16.02,3.245,222.3,0,0.1414266805047586,Normal,Good,-
M06709,Type_11,63.72,2.67,222.2,15.93,3.186,971.4,0,0.1414205707871527,Normal,Good,-
M09297,Type_16,51.95,2.01,220.3,11.83,2.346,127.1,0,0.14141436033133506,Normal,Good,-
M07362,Type_13,58.06,2.87,228.4,17.2,3.536,891.1,0,0.1414085024148394,Normal,Good,-
M05849,Type_01,65.51,2.99,211.0,13.06,2.48,974.8,0,0.1414066352937713,Normal,Good,-
M01730,Type_03,65.16,3.42,223.2,12.56,2.523,259.7,0,0.14140523648976078,Normal,Good,-
M09868,Type_12,73.37,0.86,213.2,10.88,2.088,965.9,0,0.14139876569576404,Normal,Good,-
M05782,Type_25,69.36,0.74,215.5,16.14,3.13,367.0,0,0.14139733709735977,Normal,Good,-
M09974,Type_08,64.6,2.69,212.9,15.83,3.033,146.0,0,0.1413950094657265,Normal,Good,-
M04023,Type_21,67.77,2.32,224.2,11.9,2.401,953.2,0,0.14139164675676547,Normal,Good,-
M09267,Type_03,58.36,2.24,221.5,16.32,3.253,324.5,0,0.1413899200029191,Normal,Good,-
M04304,Type_18,51.8,2.38,213.0,14.45,2.77,944.7,0,0.14138598156645635,Normal,Good,-
M06733,Type_13,76.3,2.35,220.7,15.0,2.979,622.7,0,0.1413857248214997,Normal,Good,-
M06121,Type_13,70.58,1.96,217.9,12.91,2.532,954.9,0,0.1413850340594219,Normal,Good,-
M03211,Type_21,70.72,2.49,220.6,16.8,3.335,259.0,0,0.14138449236671097,Normal,Good,-
M08305,Type_21,69.3,0.74,226.2,15.76,3.208,107.9,0,0.14138359336512452,Normal,Good,-
M09659,Type_10,40.97,3.15,220.2,14.22,2.818,900.4,0,0.14137966371992527,Normal,Good,-
M02138,Type_02,72.94,1.64,214.4,15.99,3.085,541.3,0,0.14137937519828545,Normal,Good,-
M03122,Type_03,73.71,3.35,222.8,15.08,3.024,122.1,0,0.14137932715304852,Normal,Good,-
M08083,Type_22,79.06,2.92,223.0,16.94,3.4,912.7,0,0.14137836977289855,Normal,Good,-
M01430,Type_03,72.12,2.88,217.5,18.07,3.537,241.7,0,0.14137030468995337,Normal,Good,-
M03248,Type_13,67.82,2.57,216.5,19.16,3.733,800.1,0,0.14136670330639528,Normal,Good,-
M07275,Type_18,66.83,1.01,216.8,17.91,3.495,247.8,0,0.14136005664086648,Normal,Good,-
M09385,Type_03,68.04,1.15,212.4,16.05,3.068,663.2,0,0.14135740343300018,Normal,Good,-
M08200,Type_24,60.79,2.18,224.4,18.14,3.664,802.2,0,0.1413573394532477,Normal,Good,-
M02803,Type_13,66.62,1.55,219.8,14.03,2.775,806.2,0,0.14135727727796427,Normal,Good,-
M02451,Type_19,57.04,0.1,222.4,15.6,3.122,195.8,0,0.14135205508938248,Normal,Good,-
M07541,Type_05,65.29,3.72,223.2,14.24,2.861,349.2,0,0.14134920613615437,Normal,Good,-
M00833,Type_22,49.31,2.5,220.8,14.79,2.939,189.2,0,0.14133991058403073,Normal,Good,-
M02439,Type_23,76.8,3.04,216.2,20.05,3.901,126.8,0,0.14133726185464007,Normal,Good,-
M08503,Type_16,64.17,0.34,218.4,13.58,2.669,831.0,0,0.14133375716540375,Normal,Good,-
M09697,Type_22,64.2,1.23,226.6,15.61,3.184,551.8,0,0.14132201054210747,Normal,Good,-
M08490,Type_13,56.86,1.07,215.7,16.5,3.203,635.3,0,0.14131799288462898,Normal,Good,-
M09930,Type_13,66.46,1.4,215.8,11.88,2.307,139.0,0,0.14130700620538128,Normal,Good,-
M03139,Type_23,46.32,2.02,228.2,12.2,2.506,335.1,0,0.14130653553507153,Normal,Good,-
M03243,Type_03,64.71,2.35,222.4,11.5,2.302,756.8,0,0.14130456184190918,Normal,Good,-
M09685,Type_11,75.1,0.99,221.4,12.29,2.449,201.5,0,0.14130353283837485,Normal,Good,-
M06330,Type_13,75.05,1.94,225.4,14.42,2.925,691.5,0,0.1412917842841973,Normal,Good,-
M09290,Type_09,61.98,1.97,210.7,15.66,2.97,969.3,0,0.14129129899445905,Normal,Good,-
M01251,Type_16,66.76,2.69,225.2,18.73,3.796,838.4,0,0.1412911737141469,Normal,Good,-
M07619,Type_16,67.02,3.35,215.5,18.37,3.563,761.7,0,0.1412810378790719,Normal,Good,-
M03598,Type_08,56.27,2.27,222.0,16.29,3.255,212.1,0,0.1412790096487655,Normal,Good,-
M06000,Type_23,48.99,3.08,223.4,15.0,3.016,270.9,0,0.14127509019432866,Normal,Good,-
M02158,Type_02,68.63,1.89,223.6,13.73,2.763,222.9,0,0.14127434731823843,Normal,Good,-
M06856,Type_22,58.9,1.38,214.8,15.58,3.012,314.0,0,0.14126932164148623,Normal,Good,-
M02124,Type_10,56.09,2.41,228.2,18.68,3.836,804.9,0,0.1412692337247851,Normal,Good,-
M01480,Type_24,67.28,2.4,218.2,18.06,3.547,482.0,0,0.1412640716386756,Normal,Good,-
M08099,Type_17,57.91,1.63,214.7,18.64,3.602,804.3,0,0.14125920448454454,Normal,Good,-
M02265,Type_15,72.59,1.21,227.8,17.87,3.664,397.7,0,0.1412589121146702,Normal,Good,-
M05350,Type_13,65.47,3.24,221.0,16.33,3.248,162.0,0,0.14125761098286532,Normal,Good,-
M06346,Type_13,65.82,3.3,217.0,16.38,3.199,268.4,0,0.14125761098286532,Normal,Good,-
M04896,Type_13,51.6,0.98,216.4,15.02,2.925,549.4,0,0.14124605608968788,Normal,Good,-
M03509,Type_21,62.11,2.22,222.4,15.72,3.147,568.3,0,0.14124197336928457,Normal,Good,-
M09980,Type_07,46.23,2.24,215.6,12.9,2.503,170.0,0,0.14123940109475966,Normal,Good,-
M07821,Type_03,68.04,3.19,216.4,12.42,2.419,604.6,0,0.1412360236675464,Normal,Good,-
M03483,Type_11,61.38,2.72,224.7,14.66,2.965,952.3,0,0.1412279108325212,Normal,Good,-
M03187,Type_01,48.42,0.1,218.6,15.62,3.073,675.0,0,0.14122336659330179,Normal,Good,-
M05132,Type_09,54.2,0.87,219.8,13.97,2.764,313.2,0,0.14121899769335403,Normal,Good,-
M00768,Type_16,66.12,3.44,225.4,12.4,2.515,333.3,0,0.14120638204362465,Normal,Good,-
M09353,Type_01,68.89,1.98,216.2,13.01,2.531,181.9,0,0.14120549908524882,Normal,Good,-
M09759,Type_13,54.95,2.01,220.3,17.04,3.379,320.7,0,0.1412016881416392,Normal,Good,-
M09116,Type_22,71.39,2.02,223.3,12.8,2.572,377.7,0,0.14119704715217524,Normal,Good,-
M09988,Type_13,69.46,0.87,224.9,15.55,3.147,369.3,0,0.14119518040699744,Normal,Good,-
M01668,Type_01,78.06,1.44,221.5,13.33,2.657,136.2,0,0.14117805888210896,Normal,Good,-
M04334,Type_16,73.78,2.53,221.4,17.55,3.497,107.0,0,0.1411772439061683,Normal,Good,-
M09087,Type_23,76.44,3.18,220.9,15.1,3.002,445.5,0,0.14117657483015073,Normal,Good,-
M01138,Type_25,67.37,2.13,222.1,18.78,3.754,109.7,0,0.14117284506396105,Normal,Good,-
M09363,Type_07,53.91,2.13,227.4,13.49,2.761,562.5,0,0.1411682228390243,Normal,Good,-
M08066,Type_10,61.36,2.28,216.6,17.48,3.408,418.1,0,0.14115782974602772,Normal,Good,-
M02373,Type_23,51.71,3.02,215.1,17.24,3.337,129.1,0,0.141152951784718,Normal,Good,-
M05052,Type_07,63.05,2.66,225.0,15.11,3.06,845.5,0,0.1411494085878291,Normal,Good,-
M01802,Type_15,76.05,2.7,229.0,16.22,3.343,200.2,0,0.14114572746971207,Normal,Good,-
M09647,Type_17,63.05,2.52,216.2,16.47,3.205,420.1,0,0.1411352790998329,Normal,Good,-
M00749,Type_01,63.71,0.45,222.3,15.96,3.193,977.4,0,0.1411156067017501,Normal,Good,-
M08174,Type_11,66.41,1.2,219.2,10.67,2.105,160.0,0,0.14111094820730932,Normal,Good,-
M04798,Type_07,63.64,1.23,214.4,19.0,3.666,362.4,0,0.14110959308621138,Normal,Good,-
M00667,Type_24,66.01,2.06,220.7,14.74,2.928,855.6,0,0.14110866199110253,Normal,Good,-
M08807,Type_22,75.71,1.53,217.3,11.12,2.175,342.8,0,0.1411066105624714,Normal,Good,-
M02027,Type_17,61.44,3.04,212.9,18.86,3.614,964.7,0,0.14110559464067227,Normal,Good,-
M07459,Type_15,68.5,2.49,228.6,11.58,2.382,313.4,0,0.14110143590215882,Normal,Good,-
M01758,Type_02,60.55,3.23,223.1,15.62,3.136,55.2,0,0.14109128339416288,Normal,Good,-
M05322,Type_17,58.11,1.02,219.9,10.9,2.157,100.8,0,0.14108788164763195,Normal,Good,-
M04122,Type_01,71.62,1.96,218.0,14.96,2.935,153.9,0,0.1410779315782923,Normal,Good,-
M02278,Type_17,50.44,1.39,217.1,15.77,3.081,190.5,0,0.1410642625998228,Normal,Good,-
M08209,Type_15,66.36,1.28,215.9,13.75,2.672,556.1,0,0.14106354233298682,Normal,Good,-
M07190,Type_08,63.62,2.37,221.3,14.66,2.92,983.4,0,0.14106031417612722,Normal,Good,-
M07182,Type_07,58.84,1.0,223.5,17.36,3.492,556.7,0,0.1410509477689125,Normal,Good,-
M02931,Type_11,76.43,2.8,219.9,15.17,3.002,293.5,0,0.1410499213516339,Normal,Good,-
M04162,Type_25,59.61,2.72,222.4,11.29,2.26,76.2,0,0.14104661867924867,Normal,Good,-
M04933,Type_17,71.9,1.79,228.3,18.55,3.811,971.7,0,0.14104391245012013,Normal,Good,-
M01178,Type_22,51.57,3.64,226.7,16.16,3.297,734.9,0,0.14103448561466198,Normal,Good,-
M08259,Type_07,59.72,1.7,223.0,14.9,2.99,522.7,0,0.1410270673751002,Normal,Good,-
M04498,Type_13,67.02,1.3,223.6,11.38,2.29,107.1,0,0.14102158672632759,Normal,Good,-
M07896,Type_03,75.18,2.17,213.5,14.61,2.807,870.4,0,0.14101970499886707,Normal,Good,-
M06164,Type_22,56.29,2.4,218.0,15.67,3.074,403.2,0,0.14101576949075523,Normal,Good,-
M00415,Type_07,78.05,2.16,226.3,13.08,2.664,139.2,0,0.14100208853007465,Normal,Good,-
M07157,Type_21,51.47,2.82,217.4,15.18,2.97,710.9,0,0.1410018749885049,Normal,Good,-
M01495,Type_12,69.05,0.95,219.1,12.86,2.536,972.4,0,0.14099141041927207,Normal,Good,-
M00701,Type_11,62.34,0.3,228.3,11.91,2.447,959.7,0,0.14098942538530623,Normal,Good,-
M09854,Type_15,69.15,2.62,222.8,18.73,3.756,550.5,0,0.14098367112518986,Normal,Good,-
M09387,Type_20,72.56,1.45,215.4,19.48,3.776,58.0,0,0.14097867268802194,Normal,Good,-
M01787,Type_03,67.22,0.97,225.1,11.16,2.261,797.8,0,0.1409770582929648,Normal,Good,-
M05186,Type_02,48.22,2.97,211.8,13.75,2.621,782.7,0,0.14097478227783727,Normal,Good,-
M01881,Type_23,47.83,2.71,212.7,17.63,3.375,112.6,0,0.14095879776993944,Normal,Good,-
M09038,Type_06,47.47,2.58,220.5,18.59,3.689,361.4,0,0.14093622805142222,Normal,Good,-
M06708,Type_22,58.45,1.37,222.4,15.1,3.022,612.2,0,0.1409292097706186,Normal,Good,-
M08485,Type_25,56.12,1.59,218.7,15.31,3.013,504.2,0,0.14091826062912477,Normal,Good,-
M00789,Type_20,52.41,2.12,226.1,17.48,3.557,197.4,0,0.1409098070081256,Normal,Good,-
M06461,Type_20,52.34,1.97,225.8,18.01,3.66,163.2,0,0.1409098070081256,Normal,Good,-
M02851,Type_08,68.35,2.83,220.3,16.32,3.236,246.6,0,0.14089518592804812,Normal,Good,-
M07180,Type_13,68.41,1.21,224.6,14.11,2.852,318.5,0,0.14088953002608615,Normal,Good,-
M01011,Type_17,57.25,2.27,215.2,12.29,2.38,268.7,0,0.14088665214689605,Normal,Good,-
M09896,Type_13,79.99,1.8,224.7,19.11,3.865,274.4,0,0.14088241427372508,Normal,Good,-
M01570,Type_12,77.1,0.1,226.4,16.01,3.262,228.1,0,0.14088214434760724,Normal,Good,-
M00221,Type_06,60.07,1.87,218.8,15.95,3.141,70.4,0,0.14087936622991218,Normal,Good,-
M02564,Type_10,66.23,3.59,223.2,17.59,3.533,592.7,0,0.14086600592086776,Normal,Good,-
M04967,Type_09,53.54,1.13,221.5,15.18,3.026,889.8,0,0.14086415573641062,Normal,Good,-
M05214,Type_08,68.8,2.65,217.4,18.38,3.596,940.4,0,0.14085443108154855,Normal,Good,-
M07805,Type_17,57.63,2.68,221.9,16.74,3.343,465.1,0,0.14085376530763832,Normal,Good,-
M01298,Type_23,61.56,2.86,222.2,13.12,2.624,140.3,0,0.14085083751749136,Normal,Good,-
M03499,Type_01,67.8,1.17,217.0,11.75,2.295,217.7,0,0.14084633428438598,Normal,Good,-
M03369,Type_17,59.75,1.8,228.5,17.59,3.617,409.0,0,0.140841109193826,Normal,Good,-
M00734,Type_22,62.36,2.9,215.7,15.97,3.1,71.0,0,0.14084002087918526,Normal,Good,-
M01902,Type_23,66.37,1.39,219.5,10.37,2.049,853.1,0,0.14083665983976348,Normal,Good,-
M09684,Type_08,75.23,3.63,224.5,16.48,3.33,961.5,0,0.14083092317983728,Normal,Good,-
M08256,Type_22,58.17,0.89,223.2,15.35,3.084,638.1,0,0.14082529146757883,Normal,Good,-
M02762,Type_10,66.84,0.75,222.7,18.53,3.714,531.7,0,0.14081703194439626,Normal,Good,-
M00436,Type_06,66.28,2.15,212.6,18.68,3.574,493.8,0,0.1408153081129001,Normal,Good,-
M08221,Type_07,65.47,0.98,214.1,16.96,3.268,952.6,0,0.1408150369677097,Normal,Good,-
M03608,Type_22,70.23,4.14,225.9,17.02,3.46,738.0,0,0.14081022802621926,Normal,Good,-
M04534,Type_25,65.98,3.22,212.6,14.84,2.839,477.1,0,0.14080867968277355,Normal,Good,-
M09542,Type_07,59.57,1.39,212.3,11.59,2.215,126.8,0,0.1408082614423483,Normal,Good,-
M05489,Type_23,69.71,1.83,215.8,10.64,2.067,424.9,0,0.14080427056213593,Normal,Good,-
M04094,Type_11,56.69,2.3,221.7,10.87,2.169,250.1,0,0.14079821257697486,Normal,Good,-
M07972,Type_10,56.21,2.04,218.2,17.44,3.425,66.7,0,0.14079757032361737,Normal,Good,-
M07836,Type_19,77.93,2.12,223.6,14.79,2.976,199.3,0,0.1407950604230514,Normal,Good,-
M03420,Type_18,72.95,1.99,210.6,15.17,2.875,979.7,0,0.1407870986404687,Normal,Good,-
M08313,Type_22,68.74,1.63,221.2,13.28,2.644,593.2,0,0.1407858040667044,Normal,Good,-
M04265,Type_16,64.27,1.04,217.0,13.71,2.678,760.4,0,0.14078455945740015,Normal,Good,-
M00188,Type_01,47.77,0.1,214.0,18.1,3.486,463.4,0,0.14078107927806183,Normal,Good,-
M05957,Type_23,59.82,3.32,221.4,15.8,3.148,144.8,0,0.14076405513350532,Normal,Good,-
M07801,Type_02,53.2,2.0,211.5,16.35,3.112,333.5,0,0.1407637661070575,Normal,Good,-
M02591,Type_21,67.14,1.04,217.5,17.07,3.341,647.5,0,0.14075834495428086,Normal,Good,-
M02328,Type_06,69.74,2.11,226.4,18.23,3.715,800.2,0,0.14075671856618321,Normal,Good,-
M03249,Type_16,75.3,1.44,225.3,19.32,3.918,828.3,0,0.14075176321677735,Normal,Good,-
M00760,Type_07,62.29,3.04,212.0,10.9,2.08,601.8,0,0.14074685395954892,Normal,Good,-
M08865,Type_19,71.16,1.01,226.3,12.27,2.499,90.0,0,0.14074682842251987,Normal,Good,-
M08804,Type_08,74.75,1.94,219.9,18.2,3.602,223.5,0,0.1407446031318362,Normal,Good,-
M04563,Type_17,55.3,2.24,225.4,16.23,3.292,360.0,0,0.1407377654906773,Normal,Good,-
M09240,Type_23,51.3,1.63,223.3,15.19,3.053,420.2,0,0.14073694221893243,Normal,Good,-
M05163,Type_23,56.26,2.3,219.6,13.37,2.642,243.3,0,0.1407348377005303,Normal,Good,-
M01832,Type_22,67.12,4.03,229.7,16.63,3.438,374.7,0,0.1407285579494693,Normal,Good,-
M06512,Type_10,71.53,3.02,216.0,18.61,3.618,607.5,0,0.14072486057277303,Normal,Good,-
M01547,Type_13,54.23,2.8,221.9,13.59,2.714,963.8,0,0.14071657244739547,Normal,Good,-
M09426,Type_15,74.65,1.77,227.6,16.45,3.37,403.4,0,0.14071487379880163,Normal,Good,-
M01291,Type_20,62.18,2.25,222.3,12.35,2.471,816.5,0,0.14070972236996931,Normal,Good,-
M04736,Type_13,77.2,1.07,214.2,14.57,2.809,518.8,0,0.14070814174909563,Normal,Good,-
M05537,Type_23,67.35,1.84,214.9,15.57,3.011,189.6,0,0.14069627421002884,Normal,Good,-
M05948,Type_08,65.66,1.17,219.7,14.11,2.79,983.8,0,0.14069626769961294,Normal,Good,-
M08979,Type_23,61.86,1.37,221.0,15.58,3.099,317.6,0,0.14069230492896515,Normal,Good,-
M05985,Type_16,63.44,1.89,216.4,19.51,3.8,799.0,0,0.1406885057599566,Normal,Good,-
M01367,Type_16,70.76,1.77,220.0,13.6,2.693,424.2,0,0.1406860466114784,Normal,Good,-
M07684,Type_17,78.3,2.78,225.7,16.84,3.421,176.6,0,0.14068540588697945,Normal,Good,-
M04516,Type_03,60.15,1.65,217.1,12.7,2.481,800.3,0,0.1406839953248845,Normal,Good,-
M05969,Type_03,61.87,2.17,223.4,13.18,2.65,856.3,0,0.1406839953248845,Normal,Good,-
M01625,Type_20,53.69,1.17,221.6,19.33,3.855,958.9,0,0.14068338235291167,Normal,Good,-
M06746,Type_23,58.26,2.08,222.4,13.91,2.784,156.9,0,0.14068151875680945,Normal,Good,-
M03738,Type_08,63.67,2.21,223.2,14.18,2.848,964.6,0,0.14067794443359044,Normal,Good,-
M09124,Type_21,54.85,1.49,220.6,17.14,3.403,370.7,0,0.14067462088638216,Normal,Good,-
M09433,Type_20,59.61,2.1,221.6,11.64,2.321,906.1,0,0.14067348042572989,Normal,Good,-
M07049,Type_23,62.17,0.55,214.2,16.6,3.2,895.7,0,0.14065820811333885,Normal,Good,-
M09908,Type_17,51.36,0.61,221.4,15.31,3.051,787.9,0,0.14065461438399093,Normal,Good,-
M04960,Type_22,72.75,1.76,220.2,15.24,3.02,377.3,0,0.14065147209933293,Normal,Good,-
M04049,Type_11,57.64,1.7,221.8,14.34,2.863,978.2,0,0.1406486150432203,Normal,Good,-
M01935,Type_19,47.1,0.3,218.5,14.13,2.779,59.2,0,0.14064373410559225,Normal,Good,-
M06977,Type_13,62.26,2.72,218.6,15.17,2.985,802.1,0,0.14064270995373138,Normal,Good,-
M02994,Type_10,76.47,0.91,211.7,14.76,2.812,546.4,0,0.1406361341872862,Normal,Good,-
M02754,Type_15,52.54,1.87,224.5,12.95,2.617,231.6,0,0.14062995761292468,Normal,Good,-
M02153,Type_24,63.35,2.78,225.6,15.11,3.068,441.2,0,0.14062978703451404,Normal,Good,-
M07226,Type_24,65.28,2.69,226.7,15.23,3.107,422.9,0,0.14062978703451404,Normal,Good,-
M06387,Type_17,59.99,2.86,218.8,17.24,3.395,903.2,0,0.14062567907540394,Normal,Good,-
M01399,Type_20,65.88,2.45,212.5,14.1,2.697,150.8,0,0.14062225831582148,Normal,Good,-
M00045,Type_07,71.31,2.66,223.2,16.45,3.304,204.7,0,0.14062052625475827,Normal,Good,-
M05048,Type_15,51.88,2.41,217.0,14.07,2.748,871.1,0,0.14060935202039526,Normal,Good,-
M08170,Type_21,60.09,2.68,219.3,11.28,2.226,623.9,0,0.14060212087294807,Normal,Good,-
M00155,Type_08,56.98,1.25,215.2,17.92,3.471,303.0,0,0.14059749297654361,Normal,Good,-
M01508,Type_16,79.64,2.08,213.9,11.68,2.249,458.1,0,0.1405932914634977,Normal,Good,-
M00737,Type_17,56.16,1.42,222.4,17.41,3.485,588.5,0,0.14057899627858378,Normal,Good,-
M04840,Type_11,67.54,2.76,215.4,14.14,2.741,943.5,0,0.1405740925359233,Normal,Good,-
M07143,Type_22,73.25,1.94,226.4,11.42,2.327,423.5,0,0.1405701040157696,Normal,Good,-
M05574,Type_07,57.14,1.15,220.7,16.82,3.341,576.0,0,0.14056085977291777,Normal,Good,-
M07636,Type_13,59.5,1.35,222.9,14.33,2.875,856.8,0,0.14055950533301811,Normal,Good,-
M02245,Type_11,74.77,0.85,216.3,15.24,2.967,655.7,0,0.14055652024874885,Normal,Good,-
M07690,Type_08,66.32,1.06,214.0,10.93,2.105,989.1,0,0.14054307427111115,Normal,Good,-
M05184,Type_16,57.13,1.6,227.0,18.98,3.878,414.5,0,0.14053936895941624,Normal,Good,-
M02860,Type_07,69.04,0.68,227.9,14.85,3.046,479.2,0,0.14053563469081026,Normal,Good,-
M00386,Type_22,77.3,2.17,225.8,12.93,2.628,861.7,0,0.1405336084725327,Normal,Good,-
M04810,Type_10,60.33,1.92,216.6,13.22,2.577,228.4,0,0.14053064581706384,Normal,Good,-
M05722,Type_07,76.5,1.77,217.5,15.23,2.981,958.3,0,0.14052749189964311,Normal,Good,-
M01530,Type_13,51.77,0.11,221.7,11.83,2.36,545.2,0,0.14050399452946127,Normal,Good,-
M07104,Type_17,57.93,2.31,212.3,13.22,2.526,216.5,0,0.14050368327034854,Normal,Good,-
M04577,Type_22,47.75,2.75,223.8,11.91,2.399,671.2,0,0.14049219371423743,Normal,Good,-
M07570,Type_16,70.31,3.0,219.8,13.2,2.611,459.5,0,0.1404854673687309,Normal,Good,-
M06905,Type_20,79.1,1.32,224.7,17.15,3.468,950.0,0,0.14048342065674002,Normal,Good,-
M09945,Type_08,67.87,3.32,211.3,10.48,1.993,147.4,0,0.1404749196108202,Normal,Good,-
M00956,Type_16,68.6,2.39,216.5,14.78,2.88,867.6,0,0.14047485766850615,Normal,Good,-
M06375,Type_11,74.14,0.1,217.8,15.14,2.968,144.2,0,0.1404738121868198,Normal,Good,-
M05922,Type_19,40.68,1.17,216.9,17.18,3.354,954.6,0,0.14046382447939118,Normal,Good,-
M04713,Type_01,71.48,1.41,222.9,15.57,3.123,272.4,0,0.1404635272043073,Normal,Good,-
M06442,Type_23,52.5,0.37,227.8,14.09,2.889,799.8,0,0.14045845945257157,Normal,Good,-
M09640,Type_16,65.3,2.58,223.9,17.31,3.488,254.0,0,0.14045707935813787,Normal,Good,-
M03469,Type_17,63.17,2.12,218.2,17.36,3.409,328.5,0,0.14045276446983415,Normal,Good,-
M00267,Type_07,51.39,1.66,221.5,16.52,3.293,467.9,0,0.1404476619476273,Normal,Good,-
M02809,Type_06,66.85,0.87,219.0,19.62,3.867,126.5,0,0.14043767690527262,Normal,Good,-
M01981,Type_22,71.41,2.8,222.2,13.3,2.66,692.4,0,0.14043492812026007,Normal,Good,-
M04096,Type_06,76.34,1.74,224.9,18.42,3.728,541.7,0,0.14042843652986503,Normal,Good,-
M04252,Type_19,60.61,0.73,225.1,14.15,2.867,251.4,0,0.1404218484141575,Normal,Good,-
M03456,Type_13,78.08,2.59,226.8,14.31,2.921,691.6,0,0.14041627580911237,Normal,Good,-
M09981,Type_22,53.17,1.56,221.7,15.51,3.095,464.4,0,0.14041613681064902,Normal,Good,-
M05886,Type_18,76.69,1.92,221.7,18.22,3.635,84.8,0,0.1404126379904285,Normal,Good,-
M04505,Type_22,73.38,2.12,222.5,13.32,2.667,437.9,0,0.14041102095130184,Normal,Good,-
M01395,Type_18,76.99,2.1,218.9,17.07,3.363,967.4,0,0.14041080885885718,Normal,Good,-
M00801,Type_07,65.65,0.4,226.2,14.65,2.982,619.2,0,0.1404065434982766,Normal,Good,-
M02126,Type_24,59.77,2.51,222.5,16.69,3.342,765.1,0,0.1404013573758642,Normal,Good,-
M03332,Type_17,59.24,1.97,225.5,16.24,3.296,722.4,0,0.14038942683088754,Normal,Good,-
M07028,Type_21,77.53,1.67,218.1,17.48,3.431,142.7,0,0.14038336716644673,Normal,Good,-
M05820,Type_21,76.35,2.42,220.8,16.51,3.281,257.2,0,0.1403763749390344,Normal,Good,-
M03556,Type_08,72.39,0.98,218.3,16.27,3.197,258.3,0,0.14037551010652444,Normal,Good,-
M05767,Type_01,74.12,1.28,214.7,15.97,3.086,71.8,0,0.14037058900238086,Normal,Good,-
M03345,Type_13,70.25,2.61,220.1,14.97,2.965,698.5,0,0.1403669847289229,Normal,Good,-
M05192,Type_22,70.66,1.58,211.3,17.24,3.279,739.3,0,0.14036634696670747,Normal,Good,-
M01141,Type_13,56.3,2.08,217.8,14.8,2.901,289.2,0,0.14035934304796346,Normal,Good,-
M02520,Type_18,68.42,1.88,220.7,18.38,3.651,947.1,0,0.14035438239258488,Normal,Good,-
M04641,Type_25,65.05,1.66,218.6,18.4,3.62,933.0,0,0.14035194535813608,Normal,Good,-
M04980,Type_23,77.15,0.65,218.1,15.23,2.989,754.6,0,0.14034746070301737,Normal,Good,-
M01756,Type_20,69.5,2.7,221.9,19.19,3.832,825.6,0,0.14033794651876086,Normal,Good,-
M07240,Type_08,60.63,3.29,212.3,13.6,2.599,974.1,0,0.14033226402297683,Normal,Good,-
M05895,Type_18,54.65,3.34,216.1,14.76,2.871,977.2,0,0.14032929483310877,Normal,Good,-
M05332,Type_02,68.1,2.58,216.4,14.24,2.773,313.5,0,0.14032183929409842,Normal,Good,-
M03764,Type_18,69.48,1.68,215.1,17.85,3.456,941.8,0,0.14031900947168474,Normal,Good,-
M06286,Type_01,74.55,1.21,219.2,15.11,2.981,300.0,0,0.14031657539704273,Normal,Good,-
M04030,Type_16,69.12,1.1,217.9,13.87,2.72,278.4,0,0.14031606316641376,Normal,Good,-
M01834,Type_15,76.29,1.2,220.3,18.94,3.755,587.9,0,0.14030938740440718,Normal,Good,-
M07397,Type_21,50.92,1.26,213.0,14.37,2.755,349.8,0,0.14030927830229115,Normal,Good,-
M05789,Type_06,67.79,2.76,224.0,14.5,2.923,248.8,0,0.14029901738846148,Normal,Good,-
M01862,Type_06,69.54,3.59,219.9,15.49,3.066,313.0,0,0.14029678843439197,Normal,Good,-
M06660,Type_24,59.69,2.33,218.5,18.51,3.64,98.5,0,0.14029161518825337,Normal,Good,-
M03361,Type_13,58.47,1.61,218.8,12.27,2.416,268.9,0,0.14028870330060833,Normal,Good,-
M09962,Type_13,59.63,1.52,222.0,12.91,2.579,188.4,0,0.14028870330060833,Normal,Good,-
M05860,Type_22,71.74,2.9,224.3,14.73,2.974,393.8,0,0.14028340332438666,Normal,Good,-
M02983,Type_13,74.52,1.9,222.4,11.4,2.282,948.1,0,0.14028128730479303,Normal,Good,-
M09388,Type_13,64.9,0.78,227.2,16.25,3.323,545.7,0,0.14027202507496667,Normal,Good,-
M01946,Type_22,56.58,1.79,224.8,14.67,2.968,497.5,0,0.1402653651698445,Normal,Good,-
M06265,Type_24,71.41,2.16,220.8,15.1,3.001,683.9,0,0.1402636891782497,Normal,Good,-
M02692,Type_17,67.67,1.86,215.3,16.46,3.189,754.7,0,0.14026339044037123,Normal,Good,-
M07467,Type_15,66.0,1.2,212.4,18.8,3.594,392.2,0,0.1402590692166059,Normal,Good,-
M03389,Type_22,74.52,3.76,217.0,13.16,2.57,807.7,0,0.1402491499875307,Normal,Good,-
M09089,Type_15,54.67,2.71,226.1,15.07,3.067,213.3,0,0.14024735514306308,Normal,Good,-
M05823,Type_20,61.47,2.85,215.9,11.96,2.324,867.2,0,0.14024382828858056,Normal,Good,-
M09789,Type_20,61.22,2.67,221.7,12.23,2.44,803.5,0,0.14024382828858056,Normal,Good,-
M04377,Type_16,66.71,2.52,224.6,19.26,3.893,742.2,0,0.140238946371597,Normal,Good,-
M07855,Type_24,55.13,2.13,217.8,16.82,3.297,355.0,0,0.14023031253704898,Normal,Good,-
M03293,Type_16,64.01,2.78,214.1,18.16,3.499,375.9,0,0.14022995690139953,Normal,Good,-
M05428,Type_08,53.11,0.96,215.2,15.82,3.064,608.6,0,0.1402269708228007,Normal,Good,-
M05138,Type_02,63.27,0.1,225.0,18.1,3.665,812.9,0,0.14022559573299215,Normal,Good,-
M08081,Type_10,71.01,3.06,217.5,13.18,2.58,302.1,0,0.1402180386124831,Normal,Good,-
M03613,Type_23,57.08,1.93,216.3,16.52,3.216,238.3,0,0.14021587513269748,Normal,Good,-
M04133,Type_06,58.88,3.84,223.1,11.28,2.265,505.6,0,0.14016640013018528,Normal,Good,-
M05563,Type_21,56.44,1.82,222.4,15.57,3.116,867.2,0,0.14016598380777498,Normal,Good,-
M01152,Type_06,69.16,3.69,219.6,13.65,2.698,346.7,0,0.14015267052200892,Normal,Good,-
M06532,Type_01,72.29,2.79,213.3,16.14,3.098,75.5,0,0.1401516167521958,Normal,Good,-
M09245,Type_20,54.13,3.67,222.7,17.04,3.415,892.4,0,0.14014696703698218,Normal,Good,-
M07990,Type_15,66.66,0.78,215.3,12.58,2.438,243.7,0,0.14014366276212942,Normal,Good,-
M07803,Type_01,78.86,3.86,220.9,13.66,2.716,235.3,0,0.1401420358240276,Normal,Good,-
M00746,Type_08,64.36,0.95,217.2,10.16,1.986,149.6,0,0.14014065260038305,Normal,Good,-
M07711,Type_23,54.47,2.02,222.4,16.41,3.285,913.5,0,0.1401390050145349,Normal,Good,-
M02040,Type_13,67.54,0.1,219.8,10.6,2.097,153.5,0,0.14013764072833287,Normal,Good,-
M09341,Type_06,52.6,2.42,223.8,13.34,2.687,433.2,0,0.1401315851009799,Normal,Good,-
M07266,Type_03,65.34,2.96,220.8,16.55,3.289,487.2,0,0.1401272428897961,Normal,Good,-
M06440,Type_16,57.12,2.83,217.0,15.13,2.955,823.7,0,0.1401247514810419,Normal,Good,-
M04207,Type_06,65.73,3.72,221.4,10.44,2.08,592.2,0,0.14012359926430895,Normal,Good,-
M00640,Type_05,80.2,2.04,215.5,15.57,3.02,176.9,0,0.14012118327225756,Normal,Good,-
M08611,Type_20,49.65,1.9,221.9,11.22,2.241,746.3,0,0.14011889969333036,Normal,Good,-
M06629,Type_08,55.39,1.63,224.6,15.21,3.075,186.0,0,0.14011843621846817,Normal,Good,-
M04839,Type_01,58.55,1.21,217.0,12.7,2.48,80.9,0,0.14011805748387846,Normal,Good,-
M03712,Type_19,77.7,4.06,221.2,18.86,3.755,998.0,0,0.14011023240222495,Normal,Good,-
M09391,Type_08,57.15,2.3,217.3,10.29,2.012,321.5,0,0.1401049523735081,Normal,Good,-
M03014,Type_07,72.19,1.9,216.3,13.53,2.634,101.4,0,0.1401042847931366,Normal,Good,-
M08788,Type_23,64.77,1.24,223.0,16.32,3.275,349.5,0,0.1400970098633933,Normal,Good,-
M09989,Type_23,65.86,1.24,212.7,16.97,3.249,313.4,0,0.1400970098633933,Normal,Good,-
M04981,Type_16,77.43,2.08,222.8,17.51,3.511,866.7,0,0.14009668420048615,Normal,Good,-
M02629,Type_07,78.76,2.6,217.8,12.2,2.391,226.0,0,0.1400891184303898,Normal,Good,-
M00151,Type_02,54.75,2.22,218.7,13.28,2.614,839.4,0,0.14008728438258408,Normal,Good,-
M03708,Type_02,52.92,2.25,219.9,13.16,2.604,777.7,0,0.14008728438258408,Normal,Good,-
M06251,Type_03,59.76,1.86,216.9,16.34,3.19,334.5,0,0.1400872241607496,Normal,Good,-
M08118,Type_13,66.7,1.47,228.6,18.48,3.802,174.3,0,0.14008276298636113,Normal,Good,-
M09761,Type_22,65.63,1.57,219.7,14.95,2.956,446.9,0,0.14007987099415495,Normal,Good,-
M04302,Type_07,52.62,1.79,224.8,16.45,3.328,651.2,0,0.1400757475832047,Normal,Good,-
M02341,Type_15,66.44,1.74,219.1,14.76,2.911,304.5,0,0.14006967069331605,Normal,Good,-
M05815,Type_22,73.28,0.89,224.7,15.68,3.171,248.2,0,0.14005981043939955,Normal,Good,-
M06731,Type_10,61.8,2.38,214.0,17.38,3.347,539.6,0,0.1400570699288448,Normal,Good,-
M03382,Type_16,54.93,2.08,221.9,15.71,3.137,858.2,0,0.14004879269867318,Normal,Good,-
M02462,Type_22,68.99,2.81,217.7,15.67,3.07,52.0,0,0.14004339979240019,Normal,Good,-
M09319,Type_03,57.93,3.2,212.4,15.16,2.898,619.4,0,0.1400378780022748,Normal,Good,-
M01093,Type_20,71.89,0.49,220.8,18.59,3.694,610.7,0,0.14003188462705848,Normal,Good,-
M03171,Type_20,72.61,0.56,212.0,19.48,3.717,570.5,0,0.14003188462705848,Normal,Good,-
M09374,Type_17,55.76,0.58,216.0,14.35,2.79,878.4,0,0.14003186574044565,Normal,Good,-
M02284,Type_10,68.23,1.61,223.6,12.52,2.52,290.5,0,0.14003104358791843,Normal,Good,-
M08574,Type_25,76.0,1.36,222.0,17.99,3.594,241.4,0,0.14002659906558174,Normal,Good,-
M07171,Type_24,66.41,2.75,216.6,16.96,3.306,423.8,0,0.1400250706933676,Normal,Good,-
M07635,Type_23,66.67,1.34,224.4,14.67,2.963,258.3,0,0.1400244816314813,Normal,Good,-
M01188,Type_07,53.01,0.1,221.9,16.79,3.353,161.5,0,0.14001434348728214,Normal,Good,-
M07265,Type_07,62.13,2.1,221.4,10.01,1.995,366.4,0,0.14000841203827527,Normal,Good,-
M08735,Type_17,67.77,1.86,222.2,16.39,3.278,341.8,0,0.14000658803534846,Normal,Good,-
M05730,Type_24,66.74,2.98,212.4,16.65,3.183,465.0,0,0.14000043043995603,Normal,Good,-
M01143,Type_07,61.94,0.61,221.1,11.02,2.193,667.9,0,0.13999714803641305,Normal,Good,-
M00618,Type_22,68.2,1.53,215.4,13.73,2.662,335.4,0,0.13999092288157577,Normal,Good,-
M09197,Type_02,65.68,1.55,224.6,16.21,3.277,478.9,0,0.13999074210986873,Normal,Good,-
M09917,Type_16,64.67,2.33,220.1,18.52,3.669,379.8,0,0.1399842005758007,Normal,Good,-
M09266,Type_22,63.33,2.19,225.0,15.54,3.147,410.8,0,0.1399689165490906,Normal,Good,-
M07999,Type_20,68.35,1.79,215.6,15.47,3.002,160.1,0,0.13996604993975784,Normal,Good,-
M07678,Type_21,61.54,2.95,221.7,16.49,3.29,305.0,0,0.139958836220793,Normal,Good,-
M03842,Type_16,65.14,3.44,219.9,15.85,3.137,226.3,0,0.13995864094405552,Normal,Good,-
M05056,Type_01,72.15,2.54,216.4,17.81,3.469,955.7,0,0.1399561087550195,Normal,Good,-
M05797,Type_07,61.35,2.48,224.4,13.65,2.757,251.9,0,0.13995402802947393,Normal,Good,-
M01261,Type_01,71.29,2.17,211.5,16.86,3.209,116.6,0,0.13995324077793536,Normal,Good,-
M07493,Type_01,69.07,2.47,222.9,16.17,3.244,161.4,0,0.13994503269287248,Normal,Good,-
M09246,Type_25,67.91,2.73,212.8,13.96,2.674,569.7,0,0.13992569504876523,Normal,Good,-
M00340,Type_13,66.39,2.67,218.1,16.55,3.249,295.4,0,0.13992504879609136,Normal,Good,-
M09289,Type_06,70.7,3.27,229.1,18.29,3.771,858.1,0,0.13992275570984816,Normal,Good,-
M06333,Type_10,63.86,4.26,226.4,17.03,3.47,229.2,0,0.13991624452645693,Normal,Good,-
M02220,Type_23,58.34,0.1,213.8,16.64,3.202,503.2,0,0.13991606618041247,Normal,Good,-
M04740,Type_16,69.88,1.55,219.8,15.73,3.112,763.4,0,0.13991072651416459,Normal,Good,-
M06869,Type_13,65.64,2.39,214.6,16.24,3.137,325.6,0,0.13991054380014878,Normal,Good,-
M07522,Type_20,49.04,3.07,214.9,12.36,2.391,744.3,0,0.1399049606622231,Normal,Good,-
M05372,Type_21,77.58,2.09,217.2,12.82,2.506,240.3,0,0.1399010887024076,Normal,Good,-
M02054,Type_16,71.73,2.09,221.8,12.69,2.533,578.3,0,0.13990002041060504,Normal,Good,-
M07724,Type_25,71.98,1.86,223.4,15.1,3.036,925.9,0,0.13989173908081304,Normal,Good,-
M05848,Type_14,51.32,0.69,214.5,12.76,2.463,844.6,0,0.1398878470663508,Normal,Good,-
M04666,Type_13,66.08,0.73,223.3,17.67,3.551,563.0,0,0.13988511769667844,Normal,Good,-
M08243,Type_10,57.75,1.53,219.2,13.24,2.612,468.1,0,0.13987162955156265,Normal,Good,-
M06447,Type_19,65.72,1.9,221.8,13.77,2.749,954.3,0,0.13986641788086002,Normal,Good,-
M06148,Type_13,73.28,0.25,223.9,16.45,3.315,770.2,0,0.1398657518500275,Normal,Good,-
M07118,Type_22,63.04,0.95,218.2,12.57,2.468,65.0,0,0.13986517520208103,Normal,Good,-
M00447,Type_15,74.36,1.0,225.3,15.41,3.125,401.8,0,0.13985908843874975,Normal,Good,-
M03845,Type_21,63.04,2.08,221.7,15.21,3.035,945.6,0,0.13985486987792375,Normal,Good,-
M06875,Type_03,51.3,2.11,226.9,13.19,2.694,795.7,0,0.13985292874312505,Normal,Good,-
M09131,Type_14,44.25,2.62,217.1,12.52,2.446,392.5,0,0.13985165120294515,Normal,Good,-
M05191,Type_13,56.11,1.94,229.3,18.73,3.865,782.2,0,0.1398478952258772,Normal,Good,-
M08997,Type_14,73.98,0.93,214.6,12.47,2.408,177.2,0,0.13984239427136883,Normal,Good,-
M04398,Type_15,65.69,0.71,217.9,17.75,3.481,695.7,0,0.13984097392588743,Normal,Good,-
M09012,Type_15,65.4,1.01,219.4,17.75,3.505,689.8,0,0.13984097392588743,Normal,Good,-
M03974,Type_22,78.68,2.48,222.1,13.87,2.772,592.4,0,0.1398389353872118,Normal,Good,-
M05502,Type_25,51.72,0.1,215.7,15.08,2.927,80.7,0,0.1398215989089562,Normal,Good,-
M08774,Type_15,77.71,3.37,221.7,18.78,3.747,606.4,0,0.13982082684720049,Normal,Good,-
M03955,Type_02,73.59,2.18,218.4,16.13,3.171,546.4,0,0.13981766189485526,Normal,Good,-
M07323,Type_15,44.75,1.73,229.4,16.1,3.324,461.9,0,0.1398159583381096,Normal,Good,-
M01293,Type_15,69.71,2.17,216.3,15.99,3.113,286.4,0,0.1397959450363813,Normal,Good,-
M03393,Type_24,55.68,2.89,226.8,15.74,3.213,747.7,0,0.13979482322410283,Normal,Good,-
M00385,Type_16,67.21,0.61,224.1,13.62,2.747,643.8,0,0.13979309226966197,Normal,Good,-
M03471,Type_07,64.34,2.06,222.1,16.57,3.312,116.2,0,0.13979069473392097,Normal,Good,-
M08087,Type_07,80.03,2.89,221.2,17.9,3.564,243.1,0,0.1397902615871145,Normal,Good,-
M01779,Type_17,64.32,1.82,224.2,16.1,3.249,415.8,0,0.13978299136303987,Normal,Good,-
M08993,Type_17,69.04,1.18,223.4,16.69,3.356,652.4,0,0.1397755756526834,Normal,Good,-
M04803,Type_02,68.31,1.73,223.5,18.6,3.741,564.0,0,0.1397740956963772,Normal,Good,-
M00962,Type_24,59.49,2.01,216.5,15.86,3.09,288.6,0,0.13977349209979065,Normal,Good,-
M05556,Type_07,50.27,1.09,218.9,14.66,2.888,952.1,0,0.1397732541099363,Normal,Good,-
M01256,Type_06,70.74,0.1,216.6,17.59,3.429,822.6,0,0.1397731902265563,Normal,Good,-
M05211,Type_06,78.99,3.9,217.6,13.56,2.656,932.1,0,0.13976273015267116,Normal,Good,-
M02293,Type_16,66.6,0.75,211.3,16.01,3.045,637.5,0,0.13975656003103798,Normal,Good,-
M00883,Type_02,70.95,1.77,226.1,14.4,2.93,76.8,0,0.13975598960337007,Normal,Good,-
M09810,Type_21,59.23,1.7,211.4,19.4,3.691,441.9,0,0.1397534846366773,Normal,Good,-
M02781,Type_23,61.99,2.04,215.6,17.31,3.359,143.3,0,0.13975308336020756,Normal,Good,-
M09996,Type_10,58.74,3.0,218.2,11.46,2.251,887.3,0,0.13975242199844776,Normal,Good,-
M06661,Type_10,68.64,3.98,217.1,17.3,3.38,598.9,0,0.1397345498979276,Normal,Good,-
M02279,Type_07,65.06,2.87,211.8,10.69,2.038,546.5,0,0.13973277987735233,Normal,Good,-
M05314,Type_22,71.44,1.93,210.0,19.45,3.676,74.3,0,0.13972797081300128,Normal,Good,-
M02484,Type_21,63.13,2.87,213.3,13.87,2.663,184.4,0,0.13971863918195132,Normal,Good,-
M00968,Type_01,72.71,2.46,221.0,17.77,3.534,953.8,0,0.1397178488343819,Normal,Good,-
M00014,Type_13,66.57,0.9,219.9,15.56,3.079,488.2,0,0.13971370981668987,Normal,Good,-
M09436,Type_20,56.65,3.65,217.4,10.4,2.035,682.3,0,0.13971273946221666,Normal,Good,-
M09253,Type_14,60.94,0.49,220.2,15.45,3.062,226.5,0,0.13970977556441608,Normal,Good,-
M03647,Type_07,54.05,1.85,221.2,14.61,2.909,323.8,0,0.13970414929634897,Normal,Good,-
M03110,Type_07,64.1,0.34,215.4,15.92,3.086,295.2,0,0.13969718903909673,Normal,Good,-
M06412,Type_17,49.0,1.04,217.6,17.12,3.353,700.1,0,0.139693992637807,Normal,Good,-
M00907,Type_11,59.93,2.07,225.5,14.66,2.975,937.0,0,0.13969319204644168,Normal,Good,-
M02388,Type_13,64.8,0.46,218.1,15.57,3.056,322.2,0,0.13968807464020222,Normal,Good,-
M07533,Type_21,69.03,0.9,213.7,20.25,3.895,422.8,0,0.13968798574841926,Normal,Good,-
M07683,Type_06,67.55,2.29,224.8,13.38,2.707,380.1,0,0.13968741000501336,Normal,Good,-
M04512,Type_23,51.19,0.6,221.7,15.14,3.021,612.7,0,0.139685655196748,Normal,Good,-
M05249,Type_22,59.82,0.1,223.3,14.98,3.011,644.3,0,0.13966858659884032,Normal,Good,-
M03537,Type_15,63.04,1.29,215.7,11.88,2.306,696.0,0,0.1396660626278083,Normal,Good,-
M09167,Type_16,69.31,2.14,211.1,13.05,2.479,649.4,0,0.1396444038759596,Normal,Good,-
M01769,Type_15,49.86,2.84,214.4,13.57,2.618,192.1,0,0.1396442737047337,Normal,Good,-
M05960,Type_22,69.48,1.68,219.4,14.84,2.93,886.8,0,0.13964303415334242,Normal,Good,-
M04463,Type_07,60.42,1.35,221.1,15.21,3.027,658.7,0,0.13963842984223038,Normal,Good,-
M09369,Type_03,48.33,2.46,218.6,12.25,2.41,890.7,0,0.1396378253451313,Normal,Good,-
M08889,Type_25,62.53,2.64,221.7,13.52,2.698,161.8,0,0.13963357635850657,Normal,Good,-
M04131,Type_22,66.65,0.66,223.8,12.13,2.443,790.4,0,0.1396282460301223,Normal,Good,-
M06899,Type_15,73.4,1.99,213.9,19.76,3.804,754.1,0,0.1396213992585708,Normal,Good,-
M00167,Type_06,70.93,1.45,217.4,12.05,2.358,529.3,0,0.13962023566682863,Normal,Good,-
M04149,Type_05,78.88,3.32,217.8,15.75,3.087,537.9,0,0.1396119150071978,Normal,Good,-
M05237,Type_08,65.82,1.32,218.0,14.69,2.882,55.2,0,0.13960599384670405,Normal,Good,-
M09787,Type_15,63.43,3.27,219.5,13.83,2.732,228.1,0,0.13960058060618138,Normal,Good,-
M08136,Type_02,60.05,1.14,220.4,11.32,2.245,150.9,0,0.1395943062889457,Normal,Good,-
M06074,Type_01,80.09,2.82,223.6,14.08,2.833,285.6,0,0.13959046794323224,Normal,Good,-
M01664,Type_07,65.77,0.23,223.0,14.84,2.978,549.6,0,0.13958741878212055,Normal,Good,-
M09075,Type_15,68.43,1.14,217.5,15.99,3.13,393.6,0,0.13958454369388865,Normal,Good,-
M08517,Type_03,57.0,0.1,220.1,16.75,3.318,109.5,0,0.13958196570885964,Normal,Good,-
M00293,Type_23,52.48,1.11,227.1,13.6,2.78,52.7,0,0.13957853435357542,Normal,Good,-
M08715,Type_06,58.21,3.1,215.3,17.58,3.406,419.3,0,0.1395729151987436,Normal,Good,-
M07244,Type_25,70.96,3.3,213.5,13.91,2.673,726.1,0,0.13957043094519522,Normal,Good,-
M04847,Type_06,73.59,0.53,224.6,15.28,3.089,604.7,0,0.1395702954770946,Normal,Good,-
M05427,Type_24,65.31,1.92,212.6,19.82,3.792,681.5,0,0.13955596484778357,Normal,Good,-
M06614,Type_13,74.83,2.53,218.5,14.34,2.82,811.6,0,0.13955590667005466,Normal,Good,-
M03950,Type_06,71.71,1.38,228.3,18.12,3.723,719.3,0,0.13955038230796868,Normal,Good,-
M03773,Type_23,66.84,1.8,217.9,10.68,2.094,892.8,0,0.1395495180118592,Normal,Good,-
M05240,Type_01,56.49,1.32,219.2,17.95,3.541,218.9,0,0.13954924256158815,Normal,Good,-
M02907,Type_15,66.71,2.12,223.2,12.53,2.517,923.4,0,0.13954079196976069,Normal,Good,-
M06713,Type_15,79.53,2.13,218.4,12.05,2.369,831.4,0,0.13953662138175646,Normal,Good,-
M09696,Type_23,66.29,2.27,217.8,15.11,2.962,203.1,0,0.13953570077973157,Normal,Good,-
M02474,Type_13,67.82,1.78,221.4,16.55,3.298,106.6,0,0.13953294086070517,Normal,Good,-
M00684,Type_15,60.15,1.47,222.1,18.49,3.696,937.5,0,0.13952008687819506,Normal,Good,-
M02431,Type_19,54.1,0.69,222.8,12.8,2.567,114.2,0,0.13951213881309302,Normal,Good,-
M05788,Type_07,56.18,1.68,216.9,17.07,3.332,198.8,0,0.13949991985536309,Normal,Good,-
M04663,Type_24,63.69,2.55,219.7,17.43,3.446,143.8,0,0.1394985631336425,Normal,Good,-
M03809,Type_13,43.28,0.95,221.5,18.14,3.616,825.7,0,0.13949769703311282,Normal,Good,-
M03210,Type_16,57.83,2.04,219.0,19.37,3.818,97.1,0,0.1394946067156087,Normal,Good,-
M00497,Type_07,59.02,3.29,226.4,13.35,2.72,85.8,0,0.13948815127722805,Normal,Good,-
M00542,Type_20,71.62,1.66,223.8,18.48,3.722,835.1,0,0.1394837538580676,Normal,Good,-
M08776,Type_15,71.38,1.88,219.6,13.68,2.704,403.2,0,0.1394760382515659,Normal,Good,-
M06230,Type_23,70.78,3.7,224.4,17.14,3.462,128.9,0,0.1394696598552495,Normal,Good,-
M02099,Type_01,74.54,1.43,214.7,18.34,3.544,949.5,0,0.13946640860747717,Normal,Good,-
M07958,Type_22,79.25,2.48,213.8,15.81,3.042,693.0,0,0.1394661952021215,Normal,Good,-
M05281,Type_15,60.06,1.13,213.1,16.43,3.151,93.4,0,0.13945851121319972,Normal,Good,-
M04227,Type_01,59.76,1.13,223.5,12.83,2.581,153.2,0,0.1394576801253879,Normal,Good,-
M01790,Type_23,62.8,2.6,223.1,13.71,2.753,226.0,0,0.13945350564350556,Normal,Good,-
M08257,Type_23,47.28,3.01,227.7,14.42,2.955,194.1,0,0.13944741434012042,Normal,Good,-
M07174,Type_10,58.24,3.53,221.6,17.66,3.522,276.3,0,0.1394418961029024,Normal,Good,-
M07122,Type_17,54.63,3.23,212.7,16.56,3.17,630.4,0,0.13943856431955332,Normal,Good,-
M00028,Type_01,62.97,1.12,211.8,10.97,2.091,166.7,0,0.13943513029013652,Normal,Good,-
M00002,Type_16,55.78,3.18,218.7,13.55,2.667,455.5,0,0.13943473541758616,Normal,Good,-
M00589,Type_06,73.71,2.87,221.7,17.28,3.448,540.4,0,0.1394320491773033,Normal,Good,-
M09813,Type_07,70.72,3.08,224.6,14.66,2.963,944.8,0,0.1394300947575431,Normal,Good,-
M08967,Type_06,55.17,3.81,222.6,13.31,2.667,438.2,0,0.1394254231673677,Normal,Good,-
M02855,Type_17,60.22,2.72,214.4,14.19,2.738,164.6,0,0.1394247710404642,Normal,Good,-
M07887,Type_15,78.92,2.26,224.3,15.18,3.064,906.8,0,0.1394247621603258,Normal,Good,-
M01146,Type_09,62.11,1.02,211.5,10.56,2.01,958.7,0,0.1394232037904979,Normal,Good,-
M08984,Type_25,42.49,1.16,219.9,19.48,3.855,886.9,0,0.13941984613320005,Normal,Good,-
M02676,Type_10,78.3,3.59,211.6,13.51,2.573,847.5,0,0.13941719346749235,Normal,Good,-
M03951,Type_14,62.85,1.32,221.0,15.68,3.119,53.1,0,0.13939879268068003,Normal,Good,-
M03403,Type_22,55.64,3.45,222.7,14.32,2.87,965.1,0,0.13939604498793381,Normal,Good,-
M09110,Type_22,71.61,2.47,220.8,12.35,2.454,839.6,0,0.13936852808761102,Normal,Good,-
M06397,Type_21,68.63,2.49,215.0,18.78,3.634,300.1,0,0.1393624450011431,Normal,Good,-
M02701,Type_16,68.31,3.13,222.0,12.37,2.472,392.8,0,0.1393616318748921,Normal,Good,-
M06316,Type_14,79.96,3.0,220.9,10.23,2.034,938.7,0,0.13935780019131838,Normal,Good,-
M02480,Type_22,62.29,2.39,217.2,12.0,2.346,387.9,0,0.13934513097489704,Normal,Good,-
M01329,Type_22,77.03,1.89,211.6,17.77,3.384,71.8,0,0.13934287643405063,Normal,Good,-
M01757,Type_23,69.51,2.94,221.1,12.78,2.543,131.0,0,0.13933371456127738,Normal,Good,-
M00129,Type_20,60.55,2.21,218.1,13.3,2.611,439.0,0,0.13932898425902732,Normal,Good,-
M05620,Type_06,65.67,2.52,227.8,15.7,3.219,81.7,0,0.13932869980078894,Normal,Good,-
M01464,Type_20,71.49,2.78,215.2,18.65,3.612,437.7,0,0.13932457999385026,Normal,Good,-
M05446,Type_13,67.96,2.8,212.2,15.54,2.968,734.3,0,0.13932359376956402,Normal,Good,-
M05686,Type_18,63.56,0.65,217.4,17.84,3.491,260.4,0,0.13932309479388885,Normal,Good,-
M01653,Type_03,52.51,3.14,218.2,11.94,2.345,654.8,0,0.13930772839188735,Normal,Good,-
M03536,Type_10,77.97,1.75,221.9,17.15,3.425,519.7,0,0.13930185482722027,Normal,Good,-
M02727,Type_03,56.1,1.34,216.0,17.58,3.418,630.6,0,0.13928976134476806,Normal,Good,-
M00867,Type_13,59.86,1.27,219.6,14.85,2.935,833.7,0,0.13928264749780003,Normal,Good,-
M06814,Type_13,45.68,2.78,222.7,15.71,3.149,200.9,0,0.13927245750018893,Normal,Good,-
M04955,Type_06,64.29,3.51,228.0,16.01,3.285,420.7,0,0.13926804149544686,Normal,Good,-
M04415,Type_20,63.15,3.04,212.5,15.19,2.905,181.0,0,0.13926574267766306,Normal,Good,-
M05982,Type_07,48.99,3.31,219.4,10.18,2.01,543.9,0,0.13926151349710075,Normal,Good,-
M05170,Type_15,69.21,2.53,212.4,18.84,3.601,435.3,0,0.13924781080093068,Normal,Good,-
M04097,Type_13,55.67,1.37,224.9,10.6,2.146,669.3,0,0.1392436509208344,Normal,Good,-
M04716,Type_10,62.38,3.06,225.4,14.77,2.996,872.9,0,0.13924220981404617,Normal,Good,-
M09166,Type_22,69.48,2.42,210.8,19.0,3.605,148.1,0,0.1392341258107273,Normal,Good,-
M00122,Type_13,66.18,1.14,223.9,15.59,3.142,495.5,0,0.13923331073935852,Normal,Good,-
M02889,Type_13,64.73,0.74,216.3,16.47,3.206,396.7,0,0.13923331073935852,Normal,Good,-
M06290,Type_13,65.94,0.85,215.9,15.74,3.058,418.4,0,0.13923331073935852,Normal,Good,-
M02514,Type_25,62.34,1.27,217.1,15.57,3.042,645.5,0,0.1392268395787229,Normal,Good,-
M03180,Type_23,68.74,2.47,220.3,13.02,2.581,166.9,0,0.13922309145410744,Normal,Good,-
M08754,Type_02,69.58,2.3,216.5,16.26,3.168,441.2,0,0.13920571525197267,Normal,Good,-
M03843,Type_16,59.6,3.04,224.0,17.67,3.562,505.6,0,0.13919857643814157,Normal,Good,-
M03203,Type_06,73.61,1.05,216.2,18.13,3.528,577.0,0,0.1391922137222972,Normal,Good,-
M07960,Type_13,65.06,3.09,215.0,17.7,3.425,973.3,0,0.13919208575520103,Normal,Good,-
M00781,Type_16,71.41,1.49,224.1,15.95,3.217,449.0,0,0.13917764810778488,Normal,Good,-
M07642,Type_15,74.61,0.72,223.7,15.69,3.159,364.0,0,0.13917516503785476,Normal,Good,-
M06150,Type_01,77.16,2.65,220.0,14.54,2.879,157.4,0,0.13916599506409344,Normal,Good,-
M01958,Type_16,61.22,1.48,216.0,15.2,2.955,913.6,0,0.13915890097268857,Normal,Good,-
M07604,Type_22,70.89,3.15,227.6,14.08,2.884,355.8,0,0.1391526978870714,Normal,Good,-
M03356,Type_24,54.58,3.38,224.8,19.27,3.899,916.3,0,0.1391401089857339,Normal,Good,-
M02990,Type_10,68.17,2.71,226.7,16.57,3.381,217.1,0,0.13913572545392364,Normal,Good,-
M02832,Type_22,61.52,0.1,217.4,10.57,2.068,592.9,0,0.1391293977101441,Normal,Good,-
M00031,Type_10,63.7,2.37,223.3,15.45,3.105,390.4,0,0.1391286719786865,Normal,Good,-
M01851,Type_17,69.07,3.16,219.4,18.22,3.598,51.5,0,0.13912629352925776,Normal,Good,-
M07433,Type_06,62.98,2.6,222.7,16.76,3.359,686.3,0,0.13912629348138014,Normal,Good,-
M01075,Type_13,54.55,2.56,219.6,15.35,3.034,223.3,0,0.13912478664419584,Normal,Good,-
M02174,Type_12,53.98,0.89,223.0,10.37,2.081,501.5,0,0.139124213354298,Normal,Good,-
M05038,Type_17,61.96,1.17,222.4,15.17,3.036,674.3,0,0.13911907041522423,Normal,Good,-
M00204,Type_03,63.2,2.88,220.2,15.91,3.153,857.4,0,0.13911316880759952,Normal,Good,-
M02599,Type_16,65.19,3.06,224.1,14.13,2.85,980.5,0,0.1391127699091367,Normal,Good,-
M09182,Type_08,59.9,2.3,219.2,10.03,1.979,623.7,0,0.13910959182126004,Normal,Good,-
M00513,Type_20,70.43,1.31,211.5,12.94,2.463,812.7,0,0.13909820537240525,Normal,Good,-
M06366,Type_25,65.27,2.59,220.2,14.63,2.899,279.7,0,0.13909661362357847,Normal,Good,-
M08163,Type_13,73.55,1.37,215.7,15.08,2.927,153.9,0,0.1390781236800648,Normal,Good,-
M09364,Type_21,55.78,2.81,217.4,14.84,2.904,408.9,0,0.13907314792865993,Normal,Good,-
M07785,Type_03,66.98,1.31,224.4,14.93,3.015,216.2,0,0.1390684513027977,Normal,Good,-
M01829,Type_20,52.95,2.18,220.9,14.82,2.946,625.4,0,0.13906674183749715,Normal,Good,-
M07434,Type_25,67.42,2.14,212.3,18.93,3.617,479.2,0,0.13905827579023522,Normal,Good,-
M05602,Type_13,58.74,2.0,225.5,16.38,3.324,194.0,0,0.1390525417833738,Normal,Good,-
M03259,Type_15,76.96,3.99,225.6,15.9,3.228,242.9,0,0.13904892908394909,Normal,Good,-
M09255,Type_17,67.75,1.8,217.9,17.37,3.406,454.3,0,0.13904044920802094,Normal,Good,-
M01070,Type_03,68.3,1.7,216.7,18.34,3.577,675.2,0,0.13903599152022797,Normal,Good,-
M05877,Type_21,74.21,0.66,223.4,14.27,2.869,325.4,0,0.1390344157178422,Normal,Good,-
M06989,Type_20,72.95,2.11,215.8,11.93,2.317,849.4,0,0.13901790870792677,Normal,Good,-
M09894,Type_25,67.28,1.24,226.6,16.77,3.42,688.9,0,0.1390171130580377,Normal,Good,-
M00343,Type_17,71.66,2.4,215.6,12.96,2.515,212.2,0,0.13901550048598524,Normal,Good,-
M07210,Type_13,65.0,1.09,226.4,11.88,2.421,259.1,0,0.13901486376210742,Normal,Good,-
M00334,Type_15,61.26,0.1,221.7,15.65,3.123,466.3,0,0.13901182826303282,Normal,Good,-
M06337,Type_24,74.03,3.41,216.0,18.85,3.664,964.9,0,0.13900628706927487,Normal,Good,-
M00183,Type_08,66.13,1.39,219.8,15.13,2.993,92.1,0,0.1389964876021851,Normal,Good,-
M07932,Type_03,59.05,1.44,219.7,13.39,2.648,309.5,0,0.13899075267440092,Normal,Good,-
M02449,Type_10,71.77,1.47,227.2,14.64,2.994,773.9,0,0.1389864430536984,Normal,Good,-
M04124,Type_16,64.56,2.24,216.4,18.28,3.56,673.3,0,0.13898119940111542,Normal,Good,-
M08638,Type_16,53.3,0.1,221.0,16.81,3.344,156.4,0,0.13897466536804212,Normal,Good,-
M00030,Type_24,62.71,2.09,216.3,16.65,3.241,520.1,0,0.13897185136181686,Normal,Good,-
M05868,Type_24,63.81,1.99,216.9,15.85,3.094,511.7,0,0.13897185136181686,Normal,Good,-
M06643,Type_17,53.39,2.02,224.5,20.79,4.201,108.0,0,0.13896491840188385,Normal,Good,-
M09424,Type_13,43.64,2.01,212.6,14.98,2.866,149.0,0,0.13896280218979237,Normal,Good,-
M06592,Type_08,67.07,1.74,224.3,18.39,3.712,984.2,0,0.1389618445153659,Normal,Good,-
M09487,Type_06,51.98,2.68,218.7,18.04,3.551,313.7,0,0.13895960448876038,Normal,Good,-
M04922,Type_17,46.84,1.03,221.0,15.48,3.079,69.2,0,0.13895706492434234,Normal,Good,-
M05055,Type_13,65.88,1.65,218.8,15.33,3.019,856.2,0,0.1389565841354025,Normal,Good,-
M02059,Type_13,67.13,1.45,225.1,14.24,2.885,102.4,0,0.1389486071857199,Normal,Good,-
M04820,Type_03,66.32,2.07,218.3,18.86,3.705,287.4,0,0.1389457582754299,Normal,Good,-
M03311,Type_24,68.78,2.92,224.2,15.72,3.172,688.2,0,0.13894523753486213,Normal,Good,-
M01883,Type_07,66.14,0.1,215.4,17.88,3.466,236.1,0,0.1389436151957447,Normal,Good,-
M09618,Type_02,64.38,3.64,224.4,13.6,2.747,471.9,0,0.13893643076973608,Normal,Good,-
M02952,Type_03,68.75,2.29,225.8,13.25,2.693,808.6,0,0.13893178630469688,Normal,Good,-
M03890,Type_06,72.76,0.67,214.7,13.08,2.527,471.7,0,0.1389276107498754,Normal,Good,-
M09557,Type_23,73.05,2.11,220.6,14.56,2.891,74.3,0,0.13892647252616852,Normal,Good,-
M04310,Type_19,74.74,0.84,215.3,15.75,3.052,953.3,0,0.13892232693994275,Normal,Good,-
M05675,Type_25,68.85,2.75,221.5,11.91,2.374,235.3,0,0.13891906184053113,Normal,Good,-
M00803,Type_10,58.73,2.13,210.6,13.76,2.608,823.4,0,0.13891637440696536,Normal,Good,-
M05001,Type_10,57.94,1.86,220.5,13.34,2.647,664.5,0,0.13891637440696536,Normal,Good,-
M08789,Type_07,59.71,1.33,218.5,18.44,3.626,225.7,0,0.13891366600048924,Normal,Good,-
M08379,Type_14,61.36,1.55,217.4,12.58,2.461,185.4,0,0.1389012515016711,Normal,Good,-
M03376,Type_13,54.38,1.7,221.4,15.69,3.126,455.3,0,0.1388982031218405,Normal,Good,-
M02755,Type_01,68.28,2.8,219.1,10.1,1.992,312.2,0,0.13889784978615694,Normal,Good,-
M03875,Type_05,79.29,2.58,218.4,19.25,3.784,134.8,0,0.13889466227454034,Normal,Good,-
M09250,Type_17,51.49,2.91,212.4,18.99,3.63,195.4,0,0.13888893688733453,Normal,Good,-
M09541,Type_02,69.19,1.05,224.6,13.28,2.684,826.0,0,0.1388884481584309,Normal,Good,-
M03895,Type_25,64.68,3.15,228.4,19.17,3.941,423.9,0,0.13888674684616334,Normal,Good,-
M05945,Type_07,64.01,2.82,222.5,13.62,2.727,113.4,0,0.13887837785052423,Normal,Good,-
M02681,Type_07,66.51,0.1,218.7,19.15,3.769,90.0,0,0.13887797773720764,Normal,Good,-
M08149,Type_13,54.23,1.97,222.6,10.38,2.08,721.0,0,0.13886878371992858,Normal,Good,-
M01348,Type_02,69.79,2.31,221.0,13.79,2.743,398.7,0,0.13886823730907216,Normal,Good,-
M05963,Type_24,69.93,2.32,212.2,17.42,3.327,740.2,0,0.1388599366820028,Normal,Good,-
M04087,Type_20,49.3,2.0,219.8,10.03,1.984,404.8,0,0.13885743623726804,Normal,Good,-
M06596,Type_14,66.71,1.93,217.6,10.57,2.07,634.3,0,0.1388565051431468,Normal,Good,-
M03768,Type_10,62.53,2.24,216.8,13.86,2.704,764.1,0,0.13884391054746403,Normal,Good,-
M07071,Type_13,65.31,2.84,217.7,15.97,3.129,716.0,0,0.13884319469223266,Normal,Good,-
M00594,Type_10,68.18,2.07,223.2,18.94,3.805,674.1,0,0.13884220101923456,Normal,Good,-
M01533,Type_13,76.88,0.73,221.4,12.03,2.397,968.2,0,0.13884145069630735,Normal,Good,-
M00376,Type_06,67.67,1.82,224.2,17.09,3.448,390.6,0,0.13883459947771878,Normal,Good,-
M06357,Type_13,67.01,0.35,215.1,12.97,2.511,219.6,0,0.13883315014042466,Normal,Good,-
M03753,Type_16,69.83,2.28,219.6,10.18,2.012,295.7,0,0.13882981987905585,Normal,Good,-
M01936,Type_16,68.49,1.46,226.6,16.12,3.288,904.9,0,0.13882742863229935,Normal,Good,-
M01292,Type_03,66.05,3.16,224.6,17.44,3.525,141.9,0,0.13881924977119425,Normal,Good,-
M03450,Type_15,52.98,1.37,222.0,11.51,2.3,150.3,0,0.13881216785040498,Normal,Good,-
M04703,Type_24,64.0,2.83,221.7,18.24,3.639,798.2,0,0.13880811203852558,Normal,Good,-
M03564,Type_15,75.07,2.75,227.7,15.88,3.254,245.6,0,0.13880112356938443,Normal,Good,-
M08958,Type_23,73.7,2.86,216.4,10.45,2.035,668.4,0,0.13879023124795867,Normal,Good,-
M05188,Type_13,69.99,1.97,219.4,16.73,3.304,224.0,0,0.13878613033565793,Normal,Good,-
M05165,Type_21,60.21,1.77,218.8,11.2,2.206,181.7,0,0.1387800526084202,Normal,Good,-
M05238,Type_07,53.48,2.0,217.5,15.77,3.087,231.9,0,0.13877984259752396,Normal,Good,-
M09134,Type_07,53.19,2.27,213.2,15.94,3.059,142.4,0,0.13877984259752396,Normal,Good,-
M01778,Type_16,61.0,2.38,222.9,17.21,3.452,93.3,0,0.1387704570250157,Normal,Good,-
M07744,Type_01,60.65,1.22,224.3,16.32,3.295,264.1,0,0.13876300043912335,Normal,Good,-
M00568,Type_15,67.0,0.6,219.6,13.92,2.751,162.5,0,0.13874633088814364,Normal,Good,-
M05207,Type_07,78.49,1.0,223.8,13.15,2.649,248.4,0,0.13874245326558998,Normal,Good,-
M08385,Type_22,66.7,1.56,219.4,12.13,2.395,901.0,0,0.13873648377004763,Normal,Good,-
M05500,Type_22,53.11,3.72,224.2,13.88,2.801,647.4,0,0.1387346836543528,Normal,Good,-
M03956,Type_22,70.15,2.58,220.0,18.56,3.675,380.9,0,0.13873465379655248,Normal,Good,-
M03650,Type_16,63.55,3.24,225.3,11.63,2.358,649.8,0,0.13872116692585829,Normal,Good,-
M08177,Type_10,70.36,2.79,219.4,18.65,3.683,625.5,0,0.13872069212399693,Normal,Good,-
M04678,Type_07,61.34,2.12,216.8,15.41,3.007,940.5,0,0.13871026355141639,Normal,Good,-
M09076,Type_16,60.85,1.36,219.4,17.53,3.461,823.7,0,0.13870614685255567,Normal,Good,-
M02789,Type_15,62.92,2.91,220.6,17.26,3.427,357.4,0,0.1386967916817379,Normal,Good,-
M05189,Type_13,77.1,3.32,217.3,15.8,3.09,792.6,0,0.13869439913575213,Normal,Good,-
M08137,Type_10,66.54,0.64,215.8,13.36,2.595,698.5,0,0.13869104394790185,Normal,Good,-
M04103,Type_22,76.0,1.81,221.8,10.46,2.088,756.1,0,0.1386899509684667,Normal,Good,-
M09102,Type_07,67.03,1.46,217.6,18.4,3.603,81.7,0,0.13867851852964036,Normal,Good,-
M08693,Type_15,69.84,1.51,222.0,12.19,2.436,810.1,0,0.1386769074312509,Normal,Good,-
M03436,Type_22,54.92,2.45,217.2,17.44,3.409,255.7,0,0.13867073235927596,Normal,Good,-
M08828,Type_23,49.52,0.1,227.7,18.7,3.832,295.8,0,0.13866910487532425,Normal,Good,-
M02920,Type_20,56.1,2.89,211.6,12.91,2.459,501.1,0,0.13866555008346432,Normal,Good,-
M03967,Type_06,72.62,4.06,222.2,13.99,2.798,382.4,0,0.13866019410286873,Normal,Good,-
M05954,Type_21,78.34,2.09,220.6,12.78,2.537,221.5,0,0.13865684019454,Normal,Good,-
M00322,Type_06,69.3,2.21,216.2,17.31,3.368,498.2,0,0.13865602635317797,Normal,Good,-
M03995,Type_10,58.47,3.08,222.1,13.75,2.748,509.6,0,0.1386544094981383,Normal,Good,-
M02392,Type_22,69.01,2.67,212.2,18.08,3.453,429.4,0,0.13864082885921103,Normal,Good,-
M03098,Type_02,70.58,2.88,221.3,19.14,3.812,840.5,0,0.13863952174959052,Normal,Good,-
M03452,Type_17,61.24,0.21,212.1,14.16,2.703,95.0,0,0.13863707985713036,Normal,Good,-
M04509,Type_22,59.44,1.34,227.2,12.22,2.499,498.2,0,0.13862993509317575,Normal,Good,-
M03131,Type_23,71.29,3.91,216.9,17.88,3.49,964.4,0,0.13862100814731587,Normal,Good,-
M05295,Type_10,68.0,1.64,219.9,11.28,2.232,298.9,0,0.1386210047744155,Normal,Good,-
M09629,Type_16,40.23,1.55,213.6,16.35,3.143,958.6,0,0.13862002396547315,Normal,Good,-
M01262,Type_10,75.73,1.91,220.3,19.14,3.795,349.2,0,0.1386185822476226,Normal,Good,-
M04450,Type_08,60.98,2.55,224.4,13.62,2.751,980.5,0,0.13860596018043583,Normal,Good,-
M02830,Type_16,66.31,2.02,227.4,17.19,3.518,425.2,0,0.13860427682638168,Normal,Good,-
M08125,Type_03,70.04,3.6,215.4,15.92,3.086,991.6,0,0.1385908470396147,Normal,Good,-
M08584,Type_06,61.24,1.97,221.1,10.81,2.151,360.4,0,0.13858668644025157,Normal,Good,-
M02759,Type_25,56.89,3.02,218.8,12.05,2.373,102.0,0,0.13856889834452324,Normal,Good,-
M01704,Type_22,66.34,1.87,220.9,12.75,2.535,507.0,0,0.13855552586888115,Normal,Good,-
M09323,Type_22,62.29,1.65,218.4,13.3,2.614,483.2,0,0.13855552586888115,Normal,Good,-
M03155,Type_10,70.84,2.84,218.1,16.82,3.302,632.3,0,0.13854787529080065,Normal,Good,-
M01573,Type_01,70.26,1.08,224.1,13.89,2.801,112.8,0,0.13854310882088522,Normal,Good,-
M07346,Type_07,59.35,0.17,217.1,17.13,3.347,936.3,0,0.13854186272651037,Normal,Good,-
M08065,Type_10,72.9,2.19,217.4,18.57,3.633,544.0,0,0.13854133961470722,Normal,Good,-
M00160,Type_25,55.4,2.77,213.8,15.46,2.975,198.1,0,0.1385327198923239,Normal,Good,-
M04068,Type_20,57.87,1.57,215.4,13.62,2.64,826.7,0,0.1385298534387123,Normal,Good,-
M09661,Type_22,71.36,2.07,218.7,13.95,2.746,398.8,0,0.13852507009215181,Normal,Good,-
M03680,Type_07,39.16,1.59,221.1,16.59,3.301,89.1,0,0.1385222204306993,Normal,Good,-
M00839,Type_05,51.16,2.63,228.5,16.43,3.379,128.0,0,0.1385218842725361,Normal,Good,-
M09158,Type_06,61.82,2.72,221.8,14.82,2.958,76.0,0,0.13852148904025738,Normal,Good,-
M05129,Type_19,56.58,1.24,215.4,16.08,3.117,121.7,0,0.13851394175263806,Normal,Good,-
M03833,Type_22,69.9,2.63,217.1,13.02,2.544,294.6,0,0.13851053229303684,Normal,Good,-
M04214,Type_24,67.28,2.93,218.6,18.16,3.573,600.3,0,0.13849589623484282,Normal,Good,-
M01541,Type_15,70.42,3.91,218.5,12.4,2.438,405.4,0,0.1384958306528267,Normal,Good,-
M05846,Type_21,69.79,1.8,225.8,13.1,2.662,727.5,0,0.1384938903158387,Normal,Good,-
M00115,Type_16,60.18,4.04,229.3,15.17,3.131,749.4,0,0.13848499438924136,Normal,Good,-
M02745,Type_05,49.66,3.71,218.4,13.31,2.616,478.0,0,0.13848037121568876,Normal,Good,-
M07252,Type_08,52.49,0.78,219.7,10.95,2.165,126.8,0,0.13847374240214066,Normal,Good,-
M07709,Type_07,64.12,0.91,222.5,11.78,2.359,87.1,0,0.13846948425536287,Normal,Good,-
M00908,Type_20,53.68,3.48,223.3,16.36,3.288,906.0,0,0.13846315722840521,Normal,Good,-
M01694,Type_15,72.42,2.84,220.2,18.05,3.577,352.2,0,0.13845692027128398,Normal,Good,-
M09852,Type_16,65.1,1.93,213.8,17.56,3.379,801.7,0,0.13845179379243708,Normal,Good,-
M03902,Type_14,62.27,0.23,225.8,10.98,2.231,276.8,0,0.1384333454299456,Normal,Good,-
M03158,Type_14,66.52,1.89,217.5,11.19,2.19,970.0,0,0.13842478004096015,Normal,Good,-
M01750,Type_02,71.58,2.34,218.1,17.15,3.366,800.8,0,0.1384234829837361,Normal,Good,-
M08267,Type_23,72.87,3.27,224.2,14.46,2.918,231.8,0,0.1384190887243014,Normal,Good,-
M06565,Type_10,47.61,2.72,214.6,20.18,3.898,703.6,0,0.13840452014634758,Normal,Good,-
M00384,Type_13,57.26,1.94,211.5,17.2,3.274,311.6,0,0.1384041930080837,Normal,Good,-
M09764,Type_22,77.56,3.27,217.2,18.56,3.628,709.5,0,0.13840103985714555,Normal,Good,-
M09249,Type_03,59.8,2.32,218.7,14.43,2.84,998.3,0,0.13840083425463875,Normal,Good,-
M05294,Type_16,70.81,2.73,226.3,15.84,3.226,737.6,0,0.1383926050902259,Normal,Good,-
M06321,Type_02,65.57,1.53,218.6,19.29,3.795,115.0,0,0.13838597567962024,Normal,Good,-
M03086,Type_01,60.16,1.42,221.1,10.18,2.026,129.6,0,0.13838592229254618,Normal,Good,-
M05374,Type_02,69.12,2.1,220.3,17.23,3.416,332.8,0,0.13838312060120622,Normal,Good,-
M06362,Type_22,66.5,3.0,213.6,11.85,2.278,221.2,0,0.13838223491643822,Normal,Good,-
M03822,Type_14,66.17,1.89,217.7,10.33,2.024,550.9,0,0.1383761060658154,Normal,Good,-
M06616,Type_23,55.71,0.9,217.4,16.86,3.299,312.2,0,0.1383747876859277,Normal,Good,-
M03513,Type_03,50.73,3.26,215.1,14.3,2.768,941.4,0,0.1383734317290803,Normal,Good,-
M01287,Type_20,70.64,1.62,225.1,15.5,3.14,107.5,0,0.13836807314488925,Normal,Good,-
M05460,Type_02,75.35,2.78,215.4,15.7,3.044,456.5,0,0.13836689831054674,Normal,Good,-
M00881,Type_10,75.33,1.34,220.1,14.5,2.872,190.4,0,0.1383631144193539,Normal,Good,-
M04471,Type_07,60.82,0.62,221.9,15.22,3.04,559.3,0,0.13836157200701227,Normal,Good,-
M02413,Type_06,65.12,2.35,218.3,17.58,3.454,525.3,0,0.1383542004003874,Normal,Good,-
M05093,Type_06,66.95,1.66,213.3,20.49,3.933,642.9,0,0.13834983411895746,Normal,Good,-
M03498,Type_16,75.51,1.53,216.2,14.89,2.897,531.4,0,0.1383469468224737,Normal,Good,-
M02876,Type_14,46.62,0.29,224.8,14.94,3.023,301.2,0,0.13834492664512985,Normal,Good,-
M07602,Type_22,59.37,1.97,226.5,18.12,3.694,801.8,0,0.1383433467164667,Normal,Good,-
M09724,Type_14,54.6,2.3,224.2,11.65,2.351,217.4,0,0.1383426068644426,Normal,Good,-
M01677,Type_08,46.73,1.51,220.6,10.86,2.156,456.4,0,0.13833292955718676,Normal,Good,-
M03451,Type_13,59.15,1.08,223.5,19.0,3.822,816.1,0,0.13832990461586764,Normal,Good,-
M07476,Type_24,52.05,2.18,228.6,15.33,3.154,352.5,0,0.13832435707900725,Normal,Good,-
M06915,Type_15,60.93,0.85,212.5,15.48,2.961,627.7,0,0.13832413177732947,Normal,Good,-
M05771,Type_23,69.11,2.61,213.9,13.42,2.583,200.5,0,0.1383196404790808,Normal,Good,-
M04622,Type_25,46.61,2.05,219.6,16.31,3.224,779.1,0,0.13831818934690793,Normal,Good,-
M07894,Type_20,74.02,1.04,215.2,11.94,2.313,849.9,0,0.13831217917153188,Normal,Good,-
M08559,Type_03,65.34,0.1,217.9,11.62,2.279,151.6,0,0.1383074813415476,Normal,Good,-
M04737,Type_24,74.81,2.3,220.9,17.44,3.467,594.5,0,0.1382688630607878,Normal,Good,-
M01260,Type_10,73.93,1.41,222.8,13.07,2.621,782.4,0,0.13826800803723052,Normal,Good,-
M02947,Type_02,51.32,2.65,213.3,16.23,3.116,339.7,0,0.13826525880638862,Normal,Good,-
M00389,Type_08,65.85,0.1,222.5,16.43,3.29,266.1,0,0.13826345382455865,Normal,Good,-
M06620,Type_15,52.76,2.35,222.3,17.81,3.563,855.2,0,0.13826261889836303,Normal,Good,-
M02746,Type_25,52.89,0.86,224.4,16.38,3.308,211.7,0,0.1382618412002421,Normal,Good,-
M07681,Type_15,73.82,1.99,219.4,18.47,3.647,94.4,0,0.13826128005655408,Normal,Good,-
M04217,Type_06,74.59,1.7,227.4,18.95,3.878,843.8,0,0.13825724610629783,Normal,Good,-
M02678,Type_20,71.76,2.26,222.5,12.75,2.553,711.0,0,0.13825578967601165,Normal,Good,-
M02834,Type_16,54.74,0.7,218.9,17.22,3.393,693.9,0,0.13825483952649173,Normal,Good,-
M09667,Type_24,78.01,1.98,223.7,17.9,3.604,252.3,0,0.1382527931005495,Normal,Good,-
M08496,Type_01,72.93,1.3,218.1,16.5,3.239,156.5,0,0.138233058644728,Normal,Good,-
M03240,Type_13,61.9,0.1,217.5,17.93,3.51,310.0,0,0.13823268360476035,Normal,Good,-
M01510,Type_15,76.53,2.88,229.4,11.72,2.42,240.1,0,0.13822886774615017,Normal,Good,-
M08363,Type_13,45.04,2.08,215.9,16.69,3.243,265.6,0,0.13822685648219124,Normal,Good,-
M01588,Type_02,71.36,2.0,218.6,14.93,2.937,957.0,0,0.13822012528314176,Normal,Good,-
M04619,Type_20,73.87,2.56,223.6,17.33,3.487,97.8,0,0.13821854567934946,Normal,Good,-
M08492,Type_25,74.21,1.41,215.9,11.98,2.328,300.2,0,0.13821440525634074,Normal,Good,-
M03264,Type_05,56.44,1.77,225.5,19.14,3.884,293.3,0,0.1382083813488857,Normal,Good,-
M06195,Type_20,69.67,2.95,212.6,12.62,2.415,683.8,0,0.13820785302054997,Normal,Good,-
M05085,Type_07,62.35,1.61,225.3,17.39,3.526,94.2,0,0.138198119452309,Normal,Good,-
M04244,Type_10,66.97,0.58,226.8,15.97,3.26,148.5,0,0.13819234384894188,Normal,Good,-
M01200,Type_17,64.33,0.1,219.2,12.86,2.537,236.8,0,0.13819190844242757,Normal,Good,-
M08247,Type_22,65.7,1.9,211.1,18.39,3.494,881.7,0,0.13818900035902382,Normal,Good,-
M06350,Type_11,63.19,3.28,218.2,11.17,2.194,950.8,0,0.13818867451894576,Normal,Good,-
M02603,Type_06,55.1,2.3,216.6,18.0,3.509,272.6,0,0.13818841884414682,Normal,Good,-
M09268,Type_10,58.68,3.44,217.2,18.27,3.571,873.1,0,0.13818209807160658,Normal,Good,-
M07228,Type_15,73.77,2.84,218.2,14.78,2.902,854.0,0,0.13818030847942211,Normal,Good,-
M07679,Type_20,80.15,1.69,219.1,11.77,2.321,627.1,0,0.13817086759475997,Normal,Good,-
M03250,Type_16,46.16,1.86,220.9,17.02,3.384,746.4,0,0.1381685335080153,Normal,Good,-
M09416,Type_10,66.46,3.34,227.9,18.37,3.768,169.0,0,0.1381683671466414,Normal,Good,-
M06955,Type_23,49.9,3.36,212.7,10.85,2.077,676.8,0,0.13816820041712696,Normal,Good,-
M02156,Type_18,69.5,1.25,218.1,17.3,3.396,960.9,0,0.1381624343775393,Normal,Good,-
M07874,Type_22,51.22,0.61,229.5,21.23,4.385,113.3,0,0.13815684321801436,Normal,Good,-
M01090,Type_15,77.62,1.2,224.4,17.92,3.619,357.3,0,0.13815543178942946,Normal,Good,-
M07056,Type_16,64.29,0.1,216.7,14.04,2.738,507.4,0,0.13815037899805965,Normal,Good,-
M07788,Type_14,51.63,0.27,226.0,15.49,3.151,208.9,0,0.1381470195763345,Normal,Good,-
M08364,Type_07,57.09,0.82,222.8,16.08,3.224,423.7,0,0.13814586666493103,Normal,Good,-
M09463,Type_16,66.2,1.44,218.4,16.67,3.277,411.0,0,0.1381436516318528,Normal,Good,-
M00493,Type_15,69.45,1.84,221.1,16.62,3.307,491.8,0,0.13814180548031582,Normal,Good,-
M04331,Type_24,71.52,2.07,216.0,16.37,3.182,741.8,0,0.1381398594241637,Normal,Good,-
M01339,Type_10,63.65,3.98,226.7,12.84,2.62,837.3,0,0.13813426756330247,Normal,Good,-
M09855,Type_16,63.37,1.28,220.0,13.07,2.588,379.8,0,0.13813242435845655,Normal,Good,-
M05598,Type_03,71.71,2.71,222.7,13.03,2.612,89.5,0,0.1381256116565426,Normal,Good,-
M04256,Type_13,66.44,2.37,215.1,14.01,2.712,98.8,0,0.13812524983506214,Normal,Good,-
M08594,Type_10,60.61,1.44,216.1,13.68,2.661,678.4,0,0.13811724358665037,Normal,Good,-
M08324,Type_03,65.31,0.67,219.1,12.77,2.518,614.3,0,0.13811182743232522,Normal,Good,-
M08304,Type_03,68.07,2.9,222.1,13.55,2.709,784.2,0,0.13810840084213943,Normal,Good,-
M06211,Type_13,47.4,1.9,214.2,14.17,2.732,166.8,0,0.13810243305073472,Normal,Good,-
M00452,Type_09,69.33,2.57,216.5,16.39,3.194,51.8,0,0.13810225562281706,Normal,Good,-
M08301,Type_16,69.76,1.86,218.7,15.53,3.057,733.5,0,0.13810092341403893,Normal,Good,-
M09027,Type_18,74.61,1.2,224.3,16.55,3.341,59.0,0,0.13809275592147538,Normal,Good,-
M08332,Type_08,65.46,2.13,226.2,10.47,2.131,675.2,0,0.13808404578714875,Normal,Good,-
M05361,Type_22,79.83,1.67,222.5,18.6,3.725,313.4,0,0.13808186813083154,Normal,Good,-
M00984,Type_05,50.83,3.06,225.7,16.57,3.366,90.2,0,0.13808001210433757,Normal,Good,-
M06816,Type_15,47.54,2.08,225.1,15.75,3.191,418.6,0,0.13807706320306568,Normal,Good,-
M04583,Type_22,63.43,1.28,218.0,13.79,2.706,845.6,0,0.13807168326047603,Normal,Good,-
M09605,Type_22,63.01,1.18,224.6,13.31,2.69,841.2,0,0.13807168326047603,Normal,Good,-
M07059,Type_02,60.57,3.99,218.1,17.95,3.523,114.4,0,0.1380697853988061,Normal,Good,-
M09915,Type_02,64.2,1.3,222.7,15.66,3.139,718.4,0,0.1380695345499542,Normal,Good,-
M02352,Type_20,76.79,2.25,224.3,11.48,2.317,810.4,0,0.13806251253362006,Normal,Good,-
M05752,Type_07,74.58,2.71,218.0,13.93,2.733,226.9,0,0.13805447930912837,Normal,Good,-
M02879,Type_22,58.56,4.3,228.1,12.17,2.498,162.6,0,0.1380448346987578,Normal,Good,-
M06067,Type_10,72.19,0.8,218.6,16.63,3.272,339.6,0,0.1380376283326,Normal,Good,-
M07400,Type_07,63.24,1.12,223.3,12.03,2.418,223.3,0,0.13803737087854048,Normal,Good,-
M07152,Type_11,79.39,3.13,225.8,13.68,2.78,969.7,0,0.13803371653365543,Normal,Good,-
M05780,Type_22,59.48,2.22,224.3,14.16,2.858,505.1,0,0.13803308096728237,Normal,Good,-
M02242,Type_24,68.34,3.16,219.3,18.28,3.608,579.9,0,0.1380324302683337,Normal,Good,-
M08795,Type_24,68.66,3.05,218.2,17.88,3.511,630.7,0,0.1380324302683337,Normal,Good,-
M09638,Type_16,63.54,2.52,216.8,17.03,3.323,624.4,0,0.1380252173237319,Normal,Good,-
M00084,Type_06,61.57,3.3,226.9,14.19,2.898,730.4,0,0.1380248234883548,Normal,Good,-
M09795,Type_24,75.35,1.97,228.8,14.92,3.072,584.8,0,0.13802180080097112,Normal,Good,-
M08745,Type_15,50.74,1.76,224.2,16.57,3.343,579.0,0,0.13801486010748118,Normal,Good,-
M04309,Type_13,60.08,2.17,212.8,15.97,3.059,192.9,0,0.13801382744776566,Normal,Good,-
M02642,Type_25,69.12,0.75,225.8,18.34,3.727,426.3,0,0.13799777712614433,Normal,Good,-
M07319,Type_08,50.38,1.19,224.0,10.56,2.129,544.5,0,0.13798416124877352,Normal,Good,-
M08124,Type_07,52.29,1.59,218.7,16.3,3.208,183.3,0,0.13798071177720897,Normal,Good,-
M06420,Type_16,71.31,1.07,215.3,14.35,2.781,175.4,0,0.13797438943624749,Normal,Good,-
M02504,Type_17,61.65,1.74,213.2,13.39,2.569,96.3,0,0.13797358449163602,Normal,Good,-
M09530,Type_13,72.11,2.43,210.1,18.27,3.455,187.5,0,0.13796570139471523,Normal,Good,-
M08994,Type_13,68.44,1.06,214.9,19.68,3.806,115.0,0,0.1379656369153605,Normal,Good,-
M03949,Type_09,70.13,2.66,227.1,15.09,3.084,960.7,0,0.1379651092963309,Normal,Good,-
M09591,Type_21,58.23,1.25,220.3,21.31,4.225,315.0,0,0.13796444038895544,Normal,Good,-
M06755,Type_21,66.39,0.63,219.3,15.96,3.15,916.2,0,0.13795331134107225,Normal,Good,-
M02731,Type_22,62.52,2.55,220.5,11.55,2.292,481.6,0,0.13795248990143377,Normal,Good,-
M07833,Type_16,61.88,0.1,219.7,17.13,3.387,799.5,0,0.13794685579282176,Normal,Good,-
M06972,Type_13,71.61,2.41,215.7,14.45,2.805,946.9,0,0.13794112447931198,Normal,Good,-
M07657,Type_13,66.33,0.75,223.3,13.87,2.787,112.4,0,0.1379388479009852,Normal,Good,-
M02114,Type_01,64.89,2.56,225.4,15.2,3.083,979.6,0,0.137938128612847,Normal,Good,-
M01085,Type_07,71.39,2.18,227.0,14.82,3.028,174.0,0,0.1379347516178606,Normal,Good,-
M00526,Type_10,78.18,2.17,220.7,14.04,2.789,602.3,0,0.1379289547935308,Normal,Good,-
M07875,Type_15,73.57,2.26,219.9,12.6,2.494,375.7,0,0.13792789301877742,Normal,Good,-
M00864,Type_16,77.46,1.6,223.5,13.21,2.657,666.0,0,0.13792500929802964,Normal,Good,-
M04587,Type_06,40.9,0.58,219.5,14.49,2.862,934.9,0,0.13792383419230198,Normal,Good,-
M07378,Type_21,52.76,2.21,224.0,13.72,2.766,632.3,0,0.13792165929195518,Normal,Good,-
M05279,Type_25,78.48,1.33,220.3,14.57,2.889,667.3,0,0.13792052874530117,Normal,Good,-
M07880,Type_07,53.3,0.98,216.8,14.19,2.769,646.7,0,0.13791449217681875,Normal,Good,-
M06030,Type_23,67.83,2.97,224.7,15.17,3.068,946.2,0,0.13790905348307161,Normal,Good,-
M08095,Type_06,58.24,1.69,219.1,14.8,2.918,78.6,0,0.13790027735911478,Normal,Good,-
M01108,Type_09,56.82,1.88,226.2,10.39,2.115,982.8,0,0.13789670304833598,Normal,Good,-
M08660,Type_22,69.91,0.31,221.3,11.6,2.31,270.2,0,0.13786606741582064,Normal,Good,-
M04037,Type_21,75.49,2.21,225.8,15.18,3.085,210.1,0,0.13786115748257566,Normal,Good,-
M02004,Type_15,62.35,0.91,219.7,15.97,3.158,635.2,0,0.13785652625583084,Normal,Good,-
M04285,Type_10,72.56,1.72,226.5,11.59,2.363,889.4,0,0.13784401408975921,Normal,Good,-
M04597,Type_25,50.27,0.88,224.7,13.77,2.785,699.0,0,0.13784059598946508,Normal,Good,-
M04337,Type_15,69.03,1.94,216.2,17.41,3.388,101.2,0,0.1378387439462186,Normal,Good,-
M04294,Type_20,58.1,2.24,214.4,15.2,2.933,148.3,0,0.13783833087505631,Normal,Good,-
M02087,Type_16,56.02,0.47,218.2,16.77,3.293,961.9,0,0.13783830967229996,Normal,Good,-
M00353,Type_15,53.36,2.46,215.1,16.86,3.264,426.1,0,0.13783473399795276,Normal,Good,-
M03669,Type_15,52.03,1.68,220.6,15.86,3.149,716.4,0,0.13783473399795276,Normal,Good,-
M03913,Type_15,53.22,1.69,222.2,15.34,3.068,838.4,0,0.13783473399795276,Normal,Good,-
M06359,Type_15,70.23,1.39,212.5,18.13,3.467,544.9,0,0.13783315978712532,Normal,Good,-
M01434,Type_13,78.11,2.47,215.7,12.31,2.39,954.5,0,0.13783248852380328,Normal,Good,-
M01999,Type_21,45.2,2.44,225.2,15.06,3.052,869.5,0,0.13783023173641548,Normal,Good,-
M05768,Type_06,70.1,2.41,215.0,12.93,2.502,842.5,0,0.13783008077285794,Normal,Good,-
M02532,Type_15,70.31,2.31,216.0,15.49,3.011,641.5,0,0.13782558494405622,Normal,Good,-
M09802,Type_15,69.9,2.28,221.1,16.13,3.21,469.4,0,0.13782558494405622,Normal,Good,-
M05193,Type_05,75.99,3.11,221.9,15.35,3.066,225.4,0,0.13781244753025804,Normal,Good,-
M02473,Type_22,57.29,1.74,217.1,13.65,2.667,958.6,0,0.13781148264094037,Normal,Good,-
M07412,Type_25,69.04,4.11,219.3,12.06,2.38,492.2,0,0.13781023920112415,Normal,Good,-
M09095,Type_06,65.19,0.1,219.1,16.04,3.163,666.4,0,0.13780882799823643,Normal,Good,-
M05437,Type_06,67.85,2.97,221.5,11.19,2.231,859.2,0,0.13780538735600326,Normal,Good,-
M00015,Type_15,70.51,2.42,222.1,11.2,2.239,196.9,0,0.13780331687148417,Normal,Good,-
M05668,Type_13,70.62,2.29,216.0,14.53,2.825,55.0,0,0.13780322003158063,Normal,Good,-
M07770,Type_16,65.88,2.14,227.9,14.23,2.919,517.1,0,0.13780245777143918,Normal,Good,-
M09586,Type_20,59.64,1.41,212.5,14.82,2.834,245.1,0,0.1378013190866564,Normal,Good,-
M08299,Type_17,66.17,1.07,215.9,13.72,2.666,103.9,0,0.1378004899798801,Normal,Good,-
M08123,Type_01,50.23,3.33,215.2,17.01,3.294,981.0,0,0.13779983656503783,Normal,Good,-
M01439,Type_02,63.82,3.72,228.3,10.05,2.065,722.5,0,0.1377982259177078,Normal,Good,-
M02714,Type_13,60.88,2.17,224.4,14.68,2.965,750.7,0,0.13779601070510522,Normal,Good,-
M07931,Type_20,72.12,2.74,215.6,13.14,2.55,802.7,0,0.1377898955946229,Normal,Good,-
M05478,Type_15,66.66,4.08,223.1,14.97,3.006,497.6,0,0.1377852833497391,Normal,Good,-
M07987,Type_03,74.54,3.22,221.1,13.68,2.722,671.0,0,0.137785057217312,Normal,Good,-
M00418,Type_21,51.01,1.42,214.1,14.89,2.869,634.2,0,0.13778024080909557,Normal,Good,-
M08349,Type_13,80.1,2.06,212.9,13.01,2.493,225.6,0,0.13777839453206944,Normal,Good,-
M00231,Type_01,79.89,0.83,222.5,15.39,3.082,327.9,0,0.13776752324664032,Normal,Good,-
M00977,Type_22,69.72,2.68,221.6,14.02,2.796,444.9,0,0.13776295106023673,Normal,Good,-
M03072,Type_23,69.39,2.7,223.2,17.18,3.451,168.8,0,0.13776240611750712,Normal,Good,-
M07550,Type_10,62.12,3.15,222.3,12.01,2.403,904.7,0,0.13776165576566318,Normal,Good,-
M06648,Type_22,69.03,3.32,222.8,14.51,2.91,924.7,0,0.13776048803971327,Normal,Good,-
M08285,Type_06,52.14,1.66,221.6,12.77,2.547,196.6,0,0.1377601411114565,Normal,Good,-
M07470,Type_03,68.68,2.69,224.1,12.16,2.453,705.0,0,0.13776000987036693,Normal,Good,-
M06764,Type_22,60.8,2.59,221.4,14.42,2.873,884.4,0,0.13775270713550666,Normal,Good,-
M07832,Type_22,58.74,2.52,223.5,14.35,2.887,860.1,0,0.13775270713550666,Normal,Good,-
M05250,Type_02,49.08,3.01,218.4,17.26,3.393,999.8,0,0.13774545100761043,Normal,Good,-
M06591,Type_21,60.41,2.24,225.6,13.61,2.763,526.7,0,0.1377423913764215,Normal,Good,-
M05924,Type_01,69.9,0.36,212.7,18.61,3.563,954.5,0,0.137741560860817,Normal,Good,-
M09533,Type_01,58.94,0.6,218.3,16.16,3.175,211.4,0,0.13772428610351517,Normal,Good,-
M00507,Type_22,54.25,3.08,216.7,18.41,3.591,636.0,0,0.137722552978058,Normal,Good,-
M02108,Type_11,71.43,1.84,222.1,15.34,3.066,50.4,0,0.13772066882650655,Normal,Good,-
M03052,Type_25,69.53,2.33,218.5,17.31,3.404,546.5,0,0.13771102573024532,Normal,Good,-
M05069,Type_15,71.81,2.25,228.9,12.89,2.655,941.1,0,0.13770922388332693,Normal,Good,-
M07451,Type_08,75.02,3.08,219.9,10.29,2.036,223.0,0,0.13770317548263367,Normal,Good,-
M00971,Type_16,63.06,2.09,219.6,12.16,2.403,494.2,0,0.1376996691831654,Normal,Good,-
M09022,Type_13,63.76,2.46,220.2,17.63,3.494,949.1,0,0.13769737700868348,Normal,Good,-
M02566,Type_21,67.56,0.83,225.7,19.67,3.996,124.1,0,0.13769583254906118,Normal,Good,-
M09505,Type_22,66.77,2.26,223.6,14.4,2.898,243.8,0,0.1376945398689403,Normal,Good,-
M09003,Type_23,65.08,0.1,221.9,16.04,3.203,335.2,0,0.13768150695431236,Normal,Good,-
M03270,Type_10,55.01,0.71,219.1,12.16,2.398,853.6,0,0.13768083050790436,Normal,Good,-
M03292,Type_07,79.85,1.44,223.3,11.09,2.229,101.3,0,0.13767911125069796,Normal,Good,-
M08780,Type_10,57.01,1.65,217.5,10.92,2.138,999.9,0,0.13767590126019968,Normal,Good,-
M08810,Type_23,60.65,0.36,215.7,17.42,3.382,294.0,0,0.1376615822084499,Normal,Good,-
M01891,Type_15,74.94,0.4,222.9,13.66,2.74,603.7,0,0.13765061165079473,Normal,Good,-
M08175,Type_10,48.64,3.37,223.9,17.01,3.428,611.2,0,0.13764855906264375,Normal,Good,-
M09512,Type_06,67.14,2.93,220.9,12.34,2.453,680.9,0,0.1376463042915355,Normal,Good,-
M02469,Type_14,52.19,0.88,221.6,19.19,3.827,977.0,0,0.1376442451016637,Normal,Good,-
M00112,Type_03,71.71,2.81,216.5,18.37,3.579,621.4,0,0.1376402095406655,Normal,Good,-
M06384,Type_03,55.49,3.07,220.5,15.77,3.13,259.2,0,0.1376350555941008,Normal,Good,-
M03148,Type_20,73.71,0.66,226.6,12.7,2.59,530.8,0,0.13763190706268832,Normal,Good,-
M05597,Type_03,71.37,2.56,216.5,17.14,3.34,866.8,0,0.13761751066777506,Normal,Good,-
M04019,Type_17,64.49,2.25,218.8,15.22,2.997,962.1,0,0.13761632389364808,Normal,Good,-
M08976,Type_16,45.32,2.77,219.8,16.09,3.183,176.6,0,0.13761519602912817,Normal,Good,-
M09050,Type_08,52.58,3.78,220.7,14.16,2.813,955.0,0,0.13761272254752033,Normal,Good,-
M08049,Type_07,67.53,0.81,218.0,16.33,3.204,238.1,0,0.13761008214992143,Normal,Good,-
M00444,Type_20,66.21,2.2,223.2,11.55,2.32,750.3,0,0.137599970519144,Normal,Good,-
M01145,Type_22,66.55,3.38,213.7,15.75,3.029,129.8,0,0.13759135807820022,Normal,Good,-
M03054,Type_20,51.88,1.12,221.9,18.83,3.761,466.8,0,0.13758539539893622,Normal,Good,-
M02980,Type_13,67.92,1.21,219.7,15.07,2.98,756.2,0,0.13757068024604172,Normal,Good,-
M09384,Type_07,48.77,1.34,226.4,15.01,3.058,425.0,0,0.13756485408566457,Normal,Good,-
M08333,Type_22,78.19,0.93,221.6,16.77,3.345,252.5,0,0.13756039906950612,Normal,Good,-
M04766,Type_20,68.26,1.9,223.6,19.52,3.928,481.5,0,0.13755773646335898,Normal,Good,-
M03204,Type_14,69.72,1.71,223.5,18.63,3.747,989.3,0,0.13754908877139913,Normal,Good,-
M03323,Type_02,63.02,2.32,216.9,15.52,3.03,956.7,0,0.13754848316900994,Normal,Good,-
M05889,Type_15,79.38,2.64,210.6,12.97,2.458,926.9,0,0.1375442484004075,Normal,Good,-
M08443,Type_16,50.6,1.49,211.9,15.32,2.922,177.4,0,0.13754129113865785,Normal,Good,-
M04266,Type_06,66.36,1.77,215.6,11.84,2.297,343.8,0,0.13752205038774812,Normal,Good,-
M06365,Type_22,64.45,2.18,223.1,15.16,3.044,335.9,0,0.13751428442155272,Normal,Good,-
M07147,Type_21,76.4,2.48,221.1,14.32,2.85,623.2,0,0.1375116852525939,Normal,Good,-
M08929,Type_16,51.83,3.51,218.4,12.01,2.361,621.3,0,0.1375082962485556,Normal,Good,-
M00312,Type_06,60.74,3.04,225.9,12.39,2.519,844.8,0,0.13749377406666313,Normal,Good,-
M08422,Type_15,57.87,2.9,214.3,14.62,2.82,671.9,0,0.13749299831070128,Normal,Good,-
M08455,Type_23,62.88,1.24,217.1,11.64,2.274,267.2,0,0.1374919700552595,Normal,Good,-
M04628,Type_14,74.54,1.69,223.8,11.86,2.389,133.9,0,0.13749084612383555,Normal,Good,-
M02831,Type_06,68.79,1.98,217.4,17.77,3.477,866.9,0,0.1374907454526065,Normal,Good,-
M03344,Type_16,64.02,1.62,217.6,15.01,2.94,757.0,0,0.13748330883526896,Normal,Good,-
M06361,Type_16,74.99,2.39,226.9,13.03,2.661,448.9,0,0.13748203920228474,Normal,Good,-
M07461,Type_25,61.79,3.38,221.4,14.7,2.929,796.1,0,0.13747534634944025,Normal,Good,-
M03506,Type_15,62.23,0.16,216.9,11.31,2.208,209.4,0,0.1374750608381908,Normal,Good,-
M03477,Type_10,52.6,3.08,217.1,12.97,2.534,373.5,0,0.13747102899848204,Normal,Good,-
M09078,Type_20,64.71,1.51,225.5,16.79,3.408,394.3,0,0.1374704856123455,Normal,Good,-
M04574,Type_15,76.4,1.74,212.7,14.5,2.776,593.3,0,0.1374690133541862,Normal,Good,-
M06775,Type_25,47.82,2.07,228.7,13.9,2.861,722.9,0,0.13746618653711837,Normal,Good,-
M04907,Type_15,71.94,2.57,221.7,12.66,2.526,551.5,0,0.13746199893738864,Normal,Good,-
M05362,Type_15,72.96,2.73,220.0,12.15,2.406,394.9,0,0.13746199893738864,Normal,Good,-
M02773,Type_03,65.79,1.34,217.3,11.42,2.233,951.8,0,0.1374536951151184,Normal,Good,-
M05265,Type_25,73.31,2.35,219.2,15.08,2.975,183.2,0,0.1374373705904686,Normal,Good,-
M09780,Type_03,71.64,3.4,221.8,15.29,3.052,213.4,0,0.13743513152220282,Normal,Good,-
M00046,Type_15,66.86,2.06,221.8,11.93,2.381,701.6,0,0.1374311569263775,Normal,Good,-
M08291,Type_15,67.42,1.7,218.8,11.39,2.243,697.3,0,0.1374311569263775,Normal,Good,-
M04931,Type_10,68.44,2.29,222.2,16.43,3.286,419.0,0,0.137422243655621,Normal,Good,-
M02733,Type_20,72.74,3.36,212.5,11.3,2.161,710.6,0,0.1374218268196766,Normal,Good,-
M00991,Type_06,59.27,3.67,220.1,13.44,2.662,636.5,0,0.1374180313514318,Normal,Good,-
M07437,Type_16,66.53,2.45,224.0,13.37,2.695,446.3,0,0.13741794922858164,Normal,Good,-
M07504,Type_20,66.91,2.91,226.5,17.63,3.594,693.0,0,0.13741454588320273,Normal,Good,-
M00622,Type_16,59.55,1.74,223.9,16.35,3.295,897.1,0,0.1374138089403472,Normal,Good,-
M01698,Type_05,55.21,3.84,226.1,14.22,2.894,457.5,0,0.1374093854558381,Normal,Good,-
M06965,Type_16,64.32,3.25,213.2,14.64,2.809,467.4,0,0.13740936653249117,Normal,Good,-
M01179,Type_15,71.3,1.38,222.3,15.56,3.113,620.2,0,0.13740527488671506,Normal,Good,-
M09784,Type_15,67.79,1.54,219.4,19.65,3.88,401.3,0,0.13740433024947302,Normal,Good,-
M03069,Type_06,54.94,1.07,218.2,13.02,2.557,563.2,0,0.13740342822859258,Normal,Good,-
M08761,Type_16,74.77,1.85,221.4,10.35,2.062,892.3,0,0.13740211089596416,Normal,Good,-
M03459,Type_10,54.92,3.15,226.8,15.95,3.256,350.7,0,0.13738906917714847,Normal,Good,-
M00074,Type_23,66.24,2.77,219.0,15.29,3.014,223.7,0,0.1373883032364239,Normal,Good,-
M00539,Type_03,76.13,1.46,226.2,15.52,3.16,229.1,0,0.13737041392648247,Normal,Good,-
M00509,Type_10,73.77,3.05,228.9,18.04,3.716,433.4,0,0.13735624795946544,Normal,Good,-
M02900,Type_19,54.8,1.16,217.2,15.15,2.962,228.8,0,0.13735336832234077,Normal,Good,-
M09191,Type_20,57.3,1.39,213.6,14.07,2.705,885.1,0,0.13735211143203985,Normal,Good,-
M05571,Type_10,58.79,1.86,220.2,18.5,3.666,437.2,0,0.13732137655537435,Normal,Good,-
M00109,Type_09,53.16,0.6,215.8,16.94,3.29,972.7,0,0.1373098435132332,Normal,Good,-
M01373,Type_03,77.03,2.57,215.4,17.95,3.48,826.6,0,0.13730531870043217,Normal,Good,-
M03691,Type_02,62.91,2.69,226.4,14.55,2.965,320.6,0,0.13729540613896296,Normal,Good,-
M03136,Type_13,61.44,1.35,217.6,18.62,3.647,799.2,0,0.13728696052098713,Normal,Good,-
M03999,Type_10,58.47,1.66,219.9,12.73,2.519,713.7,0,0.13728593962435667,Normal,Good,-
M06383,Type_10,57.57,1.67,225.8,12.13,2.465,574.9,0,0.13728593962435667,Normal,Good,-
M05887,Type_06,70.91,1.02,228.3,11.53,2.369,806.6,0,0.1372834343009308,Normal,Good,-
M08831,Type_06,71.5,2.87,219.8,13.8,2.73,566.8,0,0.13728149534573147,Normal,Good,-
M04345,Type_25,62.94,3.75,214.3,18.62,3.591,497.3,0,0.13728069365251042,Normal,Good,-
M05404,Type_22,50.04,2.56,225.7,11.83,2.403,873.8,0,0.1372779079999517,Normal,Good,-
M09234,Type_13,79.58,2.42,213.0,14.34,2.749,194.3,0,0.1372755692275598,Normal,Good,-
M07725,Type_15,61.34,2.21,215.6,13.29,2.579,407.6,0,0.13727207386190973,Normal,Good,-
M08156,Type_07,71.22,1.61,216.8,18.37,3.584,105.4,0,0.1372713306461026,Normal,Good,-
M06820,Type_23,54.44,0.19,225.4,15.48,3.14,851.1,0,0.1372705718868724,Normal,Good,-
M00635,Type_10,71.04,0.13,220.5,19.16,3.802,750.2,0,0.13725406840774823,Normal,Good,-
M04318,Type_05,64.78,3.58,228.0,13.51,2.772,225.9,0,0.13725168378812852,Normal,Good,-
M06840,Type_13,57.4,2.09,224.9,15.18,3.073,309.3,0,0.1372436195777864,Normal,Good,-
M03770,Type_25,51.83,1.49,218.5,15.47,3.042,663.5,0,0.13723259981063715,Normal,Good,-
M07822,Type_01,78.72,1.35,228.6,14.56,2.996,230.0,0,0.1372311036894492,Normal,Good,-
M02547,Type_25,67.97,3.52,216.1,22.58,4.392,992.6,0,0.13722895957434525,Normal,Good,-
M09383,Type_21,60.42,2.82,221.5,17.58,3.505,91.3,0,0.1372263240448727,Normal,Good,-
M01147,Type_23,74.95,2.4,216.4,11.71,2.281,212.2,0,0.13722522304700735,Normal,Good,-
M07551,Type_06,70.78,2.73,215.7,18.55,3.601,249.6,0,0.1372146413860913,Normal,Good,-
M03866,Type_20,48.83,1.54,219.6,13.23,2.615,653.0,0,0.13717691173015822,Normal,Good,-
M02798,Type_03,50.73,1.02,214.4,16.59,3.201,894.9,0,0.1371740608679263,Normal,Good,-
M09032,Type_03,62.97,1.8,215.6,16.32,3.167,920.9,0,0.13716983686541592,Normal,Good,-
M01529,Type_16,53.79,2.2,214.5,16.24,3.135,132.8,0,0.13716291660902116,Normal,Good,-
M02188,Type_25,64.34,1.32,220.7,19.57,3.887,107.6,0,0.1371550366018061,Normal,Good,-
M08773,Type_22,68.03,2.09,221.8,15.65,3.124,143.1,0,0.13714301223956685,Normal,Good,-
M08888,Type_07,75.95,2.74,220.4,16.12,3.198,141.8,0,0.13713992354187154,Normal,Good,-
M07516,Type_22,59.72,2.56,217.4,17.28,3.381,564.1,0,0.13713990800887776,Normal,Good,-
M09405,Type_20,71.93,0.18,223.2,12.64,2.539,653.4,0,0.13712830304001788,Normal,Good,-
M02253,Type_06,70.77,0.95,214.2,12.45,2.4,786.2,0,0.13712435123646302,Normal,Good,-
M09935,Type_05,74.22,3.57,216.3,15.68,3.052,127.7,0,0.13712392443388316,Normal,Good,-
M00617,Type_10,63.79,1.86,222.0,14.48,2.893,759.8,0,0.13710476648599967,Normal,Good,-
M00500,Type_17,67.72,2.35,214.8,12.53,2.422,212.1,0,0.13710348533275454,Normal,Good,-
M03326,Type_17,68.31,2.39,220.1,12.3,2.437,130.1,0,0.13710348533275454,Normal,Good,-
M05497,Type_10,55.32,0.91,227.0,16.1,3.289,70.4,0,0.13709939882924002,Normal,Good,-
M09953,Type_16,68.24,2.39,222.5,12.1,2.423,721.1,0,0.13709880029241142,Normal,Good,-
M00278,Type_23,51.57,1.75,224.0,10.46,2.109,455.3,0,0.13708878671730404,Normal,Good,-
M04100,Type_10,52.32,1.99,219.4,14.51,2.865,521.2,0,0.13708764582290933,Normal,Good,-
M04234,Type_10,73.35,2.16,218.2,13.99,2.747,805.7,0,0.13708481696993596,Normal,Good,-
M04864,Type_17,63.62,2.95,212.3,16.42,3.137,64.6,0,0.13707266620858344,Normal,Good,-
M01299,Type_06,61.46,2.03,218.0,17.87,3.506,351.3,0,0.1370725078050279,Normal,Good,-
M08025,Type_20,61.5,0.84,221.9,11.82,2.361,396.6,0,0.13706669195298612,Normal,Good,-
M09330,Type_02,50.77,3.04,220.2,13.37,2.65,844.3,0,0.13705529480413292,Normal,Good,-
M00296,Type_21,70.08,0.41,223.0,13.39,2.687,491.3,0,0.1370539838637307,Normal,Good,-
M03427,Type_15,72.37,1.37,222.4,17.25,3.453,435.8,0,0.13704713358625192,Normal,Good,-
M03426,Type_06,46.09,2.42,220.2,18.7,3.706,949.4,0,0.1370423328522434,Normal,Good,-
M00208,Type_15,72.41,1.93,213.1,15.84,3.038,719.5,0,0.13703955874318288,Normal,Good,-
M04028,Type_21,55.74,2.14,223.7,17.61,3.545,155.6,0,0.13703927017975479,Normal,Good,-
M04653,Type_25,68.2,1.45,216.2,14.94,2.907,145.5,0,0.13703857473246076,Normal,Good,-
M05380,Type_22,62.99,3.39,217.6,13.33,2.611,83.6,0,0.13703024080773307,Normal,Good,-
M00113,Type_14,71.7,4.1,221.0,12.13,2.413,960.4,0,0.13701280597876955,Normal,Good,-
M07989,Type_16,79.68,1.76,225.0,15.0,3.038,511.2,0,0.13700766070746334,Normal,Good,-
M01689,Type_06,60.13,3.43,225.4,15.26,3.096,527.2,0,0.13700676548903712,Normal,Good,-
M03505,Type_10,69.91,1.32,214.9,15.89,3.073,614.6,0,0.13700145102493677,Normal,Good,-
M02921,Type_06,69.7,3.07,221.8,12.04,2.403,776.4,0,0.13699611791652289,Normal,Good,-
M09371,Type_02,56.63,1.97,220.9,18.86,3.75,836.7,0,0.13699327789338206,Normal,Good,-
M03670,Type_07,58.47,2.88,224.2,10.74,2.167,808.7,0,0.13699273385894498,Normal,Good,-
M03542,Type_15,70.29,3.18,226.0,15.89,3.232,685.9,0,0.1369916220877212,Normal,Good,-
M01484,Type_10,65.4,3.94,222.1,17.61,3.52,823.2,0,0.13698785851517772,Normal,Good,-
M08600,Type_13,56.67,0.1,216.1,17.23,3.351,352.7,0,0.1369840217026217,Normal,Good,-
M06586,Type_15,72.75,2.37,228.1,16.24,3.334,762.2,0,0.13697735564759836,Normal,Good,-
M00952,Type_06,62.53,1.86,226.2,12.72,2.59,762.6,0,0.13694559406585533,Normal,Good,-
M03719,Type_06,60.95,2.17,222.9,13.37,2.682,871.3,0,0.13694559406585533,Normal,Good,-
M00769,Type_16,64.76,2.23,215.4,13.55,2.627,449.0,0,0.13693755015125028,Normal,Good,-
M03769,Type_16,65.2,2.34,219.0,13.0,2.562,417.3,0,0.13693755015125028,Normal,Good,-
M05016,Type_16,58.74,1.58,227.1,17.74,3.626,587.5,0,0.13693574485566087,Normal,Good,-
M01100,Type_17,63.61,1.15,214.3,16.04,3.094,508.0,0,0.13693428874947064,Normal,Good,-
M01126,Type_10,56.3,3.96,223.5,15.88,3.194,458.1,0,0.13692750122687392,Normal,Good,-
M07259,Type_17,56.89,1.33,227.0,17.97,3.671,964.3,0,0.13692647559005794,Normal,Good,-
M02298,Type_15,46.24,2.16,223.3,15.25,3.065,700.3,0,0.13691648977276838,Normal,Good,-
M06829,Type_15,47.84,2.01,225.6,15.11,3.068,832.0,0,0.13691648977276838,Normal,Good,-
M05242,Type_21,71.16,1.52,216.4,16.16,3.147,800.1,0,0.13691317688463095,Normal,Good,-
M00588,Type_10,67.07,1.95,221.1,13.36,2.659,137.3,0,0.1369084807918311,Normal,Good,-
M07731,Type_06,69.44,2.77,219.4,17.65,3.485,768.0,0,0.1369062958645424,Normal,Good,-
M05334,Type_24,54.49,2.42,220.8,13.93,2.768,971.3,0,0.13688927287758385,Normal,Good,-
M02865,Type_10,66.42,1.16,218.7,14.63,2.88,837.4,0,0.13687943602693617,Normal,Good,-
M04594,Type_16,67.02,2.78,215.3,14.08,2.728,403.0,0,0.13687569152762596,Normal,Good,-
M01585,Type_20,67.6,2.26,225.8,17.15,3.485,376.6,0,0.13686636588239492,Normal,Good,-
M09601,Type_06,72.07,2.62,221.9,19.24,3.842,86.7,0,0.13686323214171547,Normal,Good,-
M00966,Type_01,74.73,0.56,221.8,15.65,3.124,199.2,0,0.1368585763716115,Normal,Good,-
M09929,Type_16,67.12,2.53,216.9,18.3,3.572,345.1,0,0.1368566901496334,Normal,Good,-
M08797,Type_24,68.28,2.02,226.1,15.32,3.117,305.9,0,0.13685612737919897,Normal,Good,-
M08500,Type_20,65.81,0.61,219.0,19.61,3.865,599.9,0,0.13685200692696411,Normal,Good,-
M01629,Type_15,56.42,1.73,223.9,11.93,2.404,478.1,0,0.1368492630280277,Normal,Good,-
M01271,Type_22,69.16,3.19,229.1,17.68,3.645,443.1,0,0.13684350524219896,Normal,Good,-
M04119,Type_10,68.86,3.34,222.5,18.16,3.637,617.7,0,0.13682954356964339,Normal,Good,-
M05596,Type_15,54.73,1.17,225.5,16.1,3.267,109.9,0,0.13682681643880826,Normal,Good,-
M04171,Type_21,65.62,1.87,224.2,15.85,3.198,186.7,0,0.13681965525617565,Normal,Good,-
M04711,Type_17,40.41,1.14,224.0,13.61,2.744,707.8,0,0.13681951639108936,Normal,Good,-
M01186,Type_20,71.53,1.5,218.5,17.98,3.536,616.4,0,0.13680861441772246,Normal,Good,-
M05349,Type_20,71.0,1.53,220.8,17.96,3.569,489.1,0,0.13680861441772246,Normal,Good,-
M09488,Type_23,57.83,3.23,222.6,16.09,3.223,938.6,0,0.13680628209960344,Normal,Good,-
M06170,Type_20,75.67,2.04,221.0,18.7,3.719,549.7,0,0.13679836882354537,Normal,Good,-
M07014,Type_16,48.24,0.97,213.2,20.07,3.851,739.1,0,0.13679770558966914,Normal,Good,-
M08269,Type_13,80.02,0.27,215.9,14.01,2.722,709.2,0,0.13679558697989136,Normal,Good,-
M08346,Type_08,67.2,2.68,229.3,10.6,2.188,163.3,0,0.13679394866079828,Normal,Good,-
M06508,Type_16,61.94,2.61,216.6,18.27,3.562,550.2,0,0.13678899971044234,Normal,Good,-
M01380,Type_22,51.58,0.71,222.4,15.12,3.026,506.9,0,0.13678859743658012,Normal,Good,-
M07701,Type_25,62.26,0.1,211.7,15.22,2.9,789.4,0,0.13678418158995034,Normal,Good,-
M00858,Type_16,65.06,2.17,218.8,14.37,2.83,672.2,0,0.13676902312098327,Normal,Good,-
M05158,Type_21,59.39,1.99,222.0,13.53,2.703,617.4,0,0.13676720476793805,Normal,Good,-
M01768,Type_06,56.65,3.87,223.4,14.05,2.825,406.4,0,0.13675344610734436,Normal,Good,-
M04886,Type_22,64.74,1.64,225.2,15.32,3.105,282.0,0,0.13675222301804393,Normal,Good,-
M04658,Type_10,63.02,2.7,227.9,12.59,2.582,623.6,0,0.13674758168346657,Normal,Good,-
M02238,Type_16,49.56,1.78,212.9,14.87,2.849,426.7,0,0.13673822811308056,Normal,Good,-
M01155,Type_16,77.0,1.54,216.3,15.89,3.093,392.7,0,0.13673575973050633,Normal,Good,-
M08548,Type_17,54.07,0.84,216.0,14.73,2.864,783.9,0,0.1367348905301711,Normal,Good,-
M05183,Type_20,69.55,3.18,221.6,13.28,2.649,687.3,0,0.1367246449354871,Normal,Good,-
M04369,Type_10,60.3,1.03,216.7,9.93,1.937,710.4,0,0.13672450330887992,Normal,Good,-
M03175,Type_10,69.8,1.39,221.4,18.17,3.621,421.0,0,0.1367243269210379,Normal,Good,-
M06037,Type_22,65.71,1.46,222.7,14.96,2.998,354.9,0,0.13671515360123773,Normal,Good,-
M08910,Type_20,79.36,2.1,218.9,13.67,2.693,604.2,0,0.13670723527576803,Normal,Good,-
M02756,Type_22,53.67,0.18,214.3,16.85,3.25,277.3,0,0.13670176641643708,Normal,Good,-
M01102,Type_23,76.75,1.23,213.8,10.62,2.044,503.2,0,0.136699305201389,Normal,Good,-
M01843,Type_13,61.87,0.76,216.5,15.79,3.077,794.9,0,0.13669429182936135,Normal,Good,-
M00072,Type_16,61.12,2.74,221.3,17.08,3.402,151.3,0,0.13668720162703832,Normal,Good,-
M08106,Type_01,58.48,1.18,221.3,10.26,2.043,272.9,0,0.13668112261502074,Normal,Good,-
M05811,Type_16,59.73,2.96,218.7,11.83,2.328,614.7,0,0.13667571238040377,Normal,Good,-
M08183,Type_16,60.52,3.24,216.7,11.54,2.251,724.5,0,0.13667571238040377,Normal,Good,-
M00478,Type_16,66.96,1.85,211.5,15.68,2.985,505.9,0,0.13667166975680323,Normal,Good,-
M01877,Type_16,67.14,1.47,213.5,16.32,3.136,377.3,0,0.13667166975680323,Normal,Good,-
M05345,Type_16,68.22,1.8,218.4,15.84,3.114,530.3,0,0.13667166975680323,Normal,Good,-
M03631,Type_08,51.69,0.61,223.5,15.49,3.116,124.6,0,0.13667106127995043,Normal,Good,-
M06282,Type_14,64.56,3.2,217.2,10.16,1.986,695.8,0,0.1366662215504942,Normal,Good,-
M05972,Type_22,59.18,1.77,220.0,18.85,3.732,364.4,0,0.13664830089687402,Normal,Good,-
M02436,Type_14,76.47,0.55,214.5,11.24,2.17,216.2,0,0.13664811097416282,Normal,Good,-
M07814,Type_15,68.76,1.58,225.5,13.1,2.659,704.8,0,0.13664439771000622,Normal,Good,-
M02995,Type_22,67.41,1.66,217.2,17.24,3.37,436.1,0,0.13664035009552675,Normal,Good,-
M03751,Type_07,54.66,1.05,216.5,11.41,2.223,258.1,0,0.1366351423436307,Normal,Good,-
M06927,Type_05,66.96,1.89,217.1,15.37,3.003,413.0,0,0.13663367114213024,Normal,Good,-
M06978,Type_03,60.01,2.2,216.8,13.09,2.554,898.3,0,0.1366328255672968,Normal,Good,-
M01403,Type_18,76.86,0.1,220.2,18.91,3.748,964.7,0,0.13662552065188788,Normal,Good,-
M09948,Type_25,63.31,3.91,218.9,14.89,2.933,870.1,0,0.13662493656434574,Normal,Good,-
M02861,Type_06,71.54,1.42,226.1,18.12,3.687,280.6,0,0.1366216128137469,Normal,Good,-
M04216,Type_16,63.92,2.22,222.7,13.15,2.636,746.6,0,0.13661840121508007,Normal,Good,-
M02749,Type_10,55.02,1.48,223.9,16.35,3.295,318.7,0,0.1366098949752793,Normal,Good,-
M09881,Type_06,61.69,2.53,227.8,14.73,3.02,173.9,0,0.13660715242549243,Normal,Good,-
M01311,Type_05,55.33,1.68,218.1,20.43,4.01,923.6,0,0.13660608555715098,Normal,Good,-
M07659,Type_20,76.93,2.42,213.9,11.46,2.206,859.7,0,0.13659992749960648,Normal,Good,-
M06140,Type_22,71.75,2.4,218.9,14.71,2.898,224.3,0,0.13659926003665762,Normal,Good,-
M03206,Type_22,74.13,3.01,219.7,17.13,3.387,396.0,0,0.13657605226507014,Normal,Good,-
M06842,Type_16,57.86,2.83,223.5,13.12,2.639,858.4,0,0.1365547825762893,Normal,Good,-
M02909,Type_06,66.31,2.45,215.2,17.37,3.364,399.2,0,0.1365535404145823,Normal,Good,-
M01726,Type_06,57.87,2.53,225.6,20.54,4.17,989.3,0,0.13654674726928143,Normal,Good,-
M09207,Type_16,59.6,1.57,226.4,11.47,2.337,870.8,0,0.13654637610855833,Normal,Good,-
M02558,Type_25,68.75,3.35,221.1,14.95,2.975,157.8,0,0.13654069238898267,Normal,Good,-
M08830,Type_16,77.17,1.25,214.4,16.32,3.149,243.2,0,0.13653871890671843,Normal,Good,-
M00007,Type_16,61.46,1.4,217.5,11.24,2.2,430.9,0,0.13653147235652346,Normal,Good,-
M02565,Type_25,68.5,2.68,220.3,13.74,2.724,241.8,0,0.13652555860967788,Normal,Good,-
M09971,Type_25,68.44,2.67,223.6,13.57,2.731,181.0,0,0.13652555860967788,Normal,Good,-
M09804,Type_15,77.04,2.81,222.3,14.65,2.931,466.2,0,0.1365244463030169,Normal,Good,-
M00266,Type_16,62.2,2.6,218.8,16.41,3.231,67.2,0,0.13652053522078134,Normal,Good,-
M02336,Type_15,76.25,1.71,220.3,19.49,3.864,579.6,0,0.1365179189333301,Normal,Good,-
M04846,Type_15,74.9,1.69,221.9,19.05,3.804,541.1,0,0.1365179189333301,Normal,Good,-
M02687,Type_13,58.42,0.56,216.4,11.8,2.298,161.0,0,0.13651458417270315,Normal,Good,-
M04036,Type_25,64.98,2.71,218.0,19.12,3.751,623.3,0,0.13651450962244094,Normal,Good,-
M09227,Type_17,41.39,1.8,220.9,19.16,3.809,892.9,0,0.13651328936113247,Normal,Good,-
M07469,Type_15,68.15,2.29,215.8,12.08,2.346,488.7,0,0.13650995482999462,Normal,Good,-
M08862,Type_15,61.95,2.24,224.8,12.68,2.565,566.8,0,0.13650995482999462,Normal,Good,-
M09056,Type_15,60.75,2.46,216.8,13.64,2.661,429.4,0,0.13650995482999462,Normal,Good,-
M00982,Type_06,73.39,1.57,217.0,17.58,3.433,710.7,0,0.13650952672409133,Normal,Good,-
M06863,Type_23,77.05,1.63,218.9,18.43,3.631,251.7,0,0.1365089056209659,Normal,Good,-
M02078,Type_01,66.03,0.28,221.4,10.01,1.995,96.5,0,0.13650813031446332,Normal,Good,-
M08502,Type_17,54.48,2.6,218.0,13.07,2.564,108.3,0,0.13650553083382413,Normal,Good,-
M01691,Type_21,66.82,2.53,221.5,11.19,2.231,703.6,0,0.13650158553164402,Normal,Good,-
M08473,Type_19,69.17,2.06,215.3,23.53,4.559,993.7,0,0.1364993136396026,Normal,Good,-
M08742,Type_06,71.58,2.25,214.1,15.7,3.025,404.6,0,0.13649324422694567,Normal,Good,-
M07095,Type_15,69.17,2.96,227.6,14.96,3.064,849.5,0,0.13649069771521816,Normal,Good,-
M04983,Type_16,61.67,1.17,213.5,16.28,3.128,784.8,0,0.13648812030392346,Normal,Good,-
M05551,Type_16,50.18,2.43,216.2,10.2,1.985,84.7,0,0.13648576158703987,Normal,Good,-
M05321,Type_22,50.3,1.82,222.3,9.94,1.989,701.6,0,0.13648456732980027,Normal,Good,-
M03108,Type_15,59.64,2.66,217.7,14.37,2.816,869.1,0,0.13647892422850472,Normal,Good,-
M09580,Type_10,71.42,1.09,220.1,14.05,2.783,673.6,0,0.13647545846200065,Normal,Good,-
M00213,Type_15,60.04,1.59,222.1,12.52,2.503,872.9,0,0.13647294304159474,Normal,Good,-
M03807,Type_15,66.56,1.46,220.6,13.5,2.68,545.9,0,0.13647294304159474,Normal,Good,-
M04125,Type_15,62.48,1.56,224.6,12.93,2.614,427.0,0,0.13647294304159474,Normal,Good,-
M01142,Type_03,60.81,3.21,213.5,12.73,2.446,518.4,0,0.13646991030450076,Normal,Good,-
M08350,Type_10,74.45,0.63,229.4,14.83,3.062,926.7,0,0.1364687536453779,Normal,Good,-
M08521,Type_22,68.56,2.05,212.1,13.58,2.592,240.3,0,0.1364665217414347,Normal,Good,-
M02644,Type_10,69.17,2.09,214.6,14.23,2.748,836.0,0,0.13645869419904696,Normal,Good,-
M00598,Type_22,47.05,2.14,217.9,16.19,3.175,669.4,0,0.13645768179772386,Normal,Good,-
M09811,Type_15,73.28,2.62,222.3,14.79,2.959,474.4,0,0.13645584131787028,Normal,Good,-
M01821,Type_25,74.05,3.99,223.6,14.69,2.956,402.8,0,0.1364499024883963,Normal,Good,-
M09779,Type_23,72.66,2.74,212.1,14.81,2.827,244.4,0,0.13644450015659032,Normal,Good,-
M03286,Type_16,65.26,1.23,218.1,14.92,2.929,213.2,0,0.13643651869905812,Normal,Good,-
M03971,Type_02,66.18,1.73,226.6,14.68,2.994,713.1,0,0.13642699388289123,Normal,Good,-
M03946,Type_15,63.17,2.31,222.5,19.37,3.879,345.8,0,0.1364234653253507,Normal,Good,-
M09531,Type_21,70.41,1.87,219.6,13.88,2.743,534.4,0,0.13641263055539338,Normal,Good,-
M09627,Type_21,71.09,1.97,219.0,13.78,2.716,462.2,0,0.13641263055539338,Normal,Good,-
M04272,Type_17,63.9,2.13,217.7,16.94,3.319,295.5,0,0.13641164598473707,Normal,Good,-
M03447,Type_06,69.55,2.7,214.9,17.63,3.41,163.9,0,0.13640852497566092,Normal,Good,-
M07738,Type_15,68.99,2.31,224.1,11.79,2.378,762.0,0,0.13640293566923598,Normal,Good,-
M05744,Type_17,62.68,0.1,215.9,19.52,3.793,295.4,0,0.1364012190873325,Normal,Good,-
M04277,Type_25,68.48,1.89,217.8,17.37,3.405,883.7,0,0.13640100980834924,Normal,Good,-
M00052,Type_06,63.86,2.63,222.9,13.62,2.732,535.9,0,0.1363970086387289,Normal,Good,-
M08470,Type_16,53.17,1.05,217.0,14.92,2.914,923.0,0,0.13638958632848708,Normal,Good,-
M08454,Type_13,65.66,0.1,221.1,14.01,2.788,257.4,0,0.13638133492871515,Normal,Good,-
M09389,Type_17,58.18,2.68,219.6,15.36,3.036,231.2,0,0.13638107412621037,Normal,Good,-
M02557,Type_16,47.66,0.24,219.1,16.79,3.311,555.7,0,0.1363774469206925,Normal,Good,-
M01022,Type_07,70.06,2.84,217.9,13.94,2.734,55.2,0,0.1363685018622574,Normal,Good,-
M08903,Type_22,58.46,0.37,220.1,19.9,3.942,302.5,0,0.13635962910089702,Normal,Good,-
M02618,Type_16,66.6,0.1,222.6,14.98,3.001,641.2,0,0.13635694771272378,Normal,Good,-
M01797,Type_13,62.35,0.25,212.4,16.63,3.179,485.8,0,0.1363545936190098,Normal,Good,-
M06137,Type_03,70.99,2.16,225.8,11.33,2.302,132.8,0,0.13635033615475092,Normal,Good,-
M00733,Type_06,73.96,1.18,220.6,13.0,2.581,751.2,0,0.13633832503558968,Normal,Good,-
M04712,Type_25,76.86,0.71,223.9,12.1,2.438,408.7,0,0.13633812881564814,Normal,Good,-
M06215,Type_10,55.92,1.56,211.8,17.5,3.336,469.0,0,0.13633630995139537,Normal,Good,-
M03665,Type_07,60.92,1.25,224.0,14.18,2.859,157.3,0,0.1363306824067481,Normal,Good,-
M06180,Type_13,48.74,1.91,228.3,15.93,3.273,772.3,0,0.13631739751910824,Normal,Good,-
M00369,Type_06,62.36,2.35,219.5,16.73,3.305,551.1,0,0.1363160845567082,Normal,Good,-
M04890,Type_21,67.32,2.39,225.5,13.15,2.669,397.7,0,0.1363138330951408,Normal,Good,-
M02849,Type_15,79.75,1.48,218.6,14.95,2.941,521.6,0,0.13631187191959407,Normal,Good,-
M01020,Type_15,58.44,2.03,211.7,17.24,3.285,107.8,0,0.13631014169784667,Normal,Good,-
M05516,Type_15,69.18,2.26,213.7,16.7,3.212,893.7,0,0.13630473016855307,Normal,Good,-
M03852,Type_13,79.11,0.4,221.3,15.25,3.037,584.3,0,0.13629753195750569,Normal,Good,-
M02652,Type_08,58.62,0.96,216.2,16.61,3.232,267.4,0,0.13629280551975997,Normal,Good,-
M01836,Type_14,60.44,1.2,220.5,12.33,2.447,148.8,0,0.13628414212984893,Normal,Good,-
M05455,Type_25,64.89,0.52,226.2,18.27,3.719,554.3,0,0.13628343717905503,Normal,Good,-
M03524,Type_13,55.55,1.67,215.8,15.46,3.003,224.5,0,0.1362780873955697,Normal,Good,-
M07456,Type_06,74.92,1.78,226.3,13.35,2.719,459.3,0,0.13627743982535193,Normal,Good,-
M03853,Type_13,77.67,1.63,219.8,17.48,3.458,980.6,0,0.136275042444645,Normal,Good,-
M06096,Type_02,59.63,3.31,222.0,18.27,3.65,765.0,0,0.1362618290924514,Normal,Good,-
M04107,Type_06,74.3,0.77,222.3,13.61,2.723,458.2,0,0.13625563368985202,Normal,Good,-
M04029,Type_15,54.3,1.49,220.3,14.43,2.861,133.5,0,0.1362551297423515,Normal,Good,-
M05853,Type_14,65.53,1.41,218.2,10.14,1.991,424.2,0,0.13625387535303288,Normal,Good,-
M08495,Type_20,57.98,3.52,220.9,12.25,2.435,244.1,0,0.13625313932394098,Normal,Good,-
M05470,Type_10,59.23,1.94,220.0,13.84,2.74,860.7,0,0.136244397346942,Normal,Good,-
M06912,Type_16,78.19,2.51,216.2,15.76,3.067,492.9,0,0.13624228380791664,Normal,Good,-
M06212,Type_15,69.43,1.6,225.0,16.4,3.321,768.4,0,0.13624175722880816,Normal,Good,-
M07735,Type_22,58.22,2.21,221.7,12.36,2.466,356.2,0,0.13623108318714816,Normal,Good,-
M06271,Type_16,64.13,2.1,218.8,14.21,2.798,385.9,0,0.13622780291809583,Normal,Good,-
M03279,Type_17,59.84,1.42,213.5,20.01,3.845,577.6,0,0.13622691802865788,Normal,Good,-
M05108,Type_24,74.2,0.93,225.5,15.73,3.192,99.2,0,0.13622144099185246,Normal,Good,-
M08962,Type_20,67.11,1.93,215.8,13.07,2.538,108.3,0,0.13622033124004,Normal,Good,-
M03475,Type_16,52.82,0.88,217.7,18.52,3.629,73.3,0,0.136212914088643,Normal,Good,-
M01017,Type_23,71.67,2.75,224.4,16.31,3.294,164.8,0,0.1362098843941271,Normal,Good,-
M08966,Type_08,55.84,2.44,221.7,10.88,2.171,162.4,0,0.13619754976650586,Normal,Good,-
M07812,Type_07,78.65,0.96,214.3,12.76,2.461,94.3,0,0.1361887873522468,Normal,Good,-
M04853,Type_01,67.84,3.01,219.9,10.84,2.145,188.6,0,0.13618463370392425,Normal,Good,-
M01045,Type_03,59.44,0.78,212.4,15.76,3.013,864.8,0,0.13618155269713367,Normal,Good,-
M00177,Type_15,68.17,3.05,218.6,15.39,3.028,825.4,0,0.1361698005552079,Normal,Good,-
M01622,Type_15,58.9,3.36,217.2,16.02,3.132,441.9,0,0.1361698005552079,Normal,Good,-
M05648,Type_15,66.61,3.26,211.5,16.37,3.116,566.9,0,0.1361698005552079,Normal,Good,-
M05711,Type_15,66.3,3.33,218.9,15.56,3.065,524.3,0,0.1361698005552079,Normal,Good,-
M07560,Type_15,67.7,2.9,218.2,16.55,3.25,780.9,0,0.1361698005552079,Normal,Good,-
M07158,Type_22,59.91,0.1,226.9,12.46,2.544,464.7,0,0.13616920112644365,Normal,Good,-
M03321,Type_13,73.97,1.51,227.0,15.93,3.254,145.4,0,0.1361622589788614,Normal,Good,-
M00069,Type_03,53.01,1.39,218.8,13.23,2.605,702.3,0,0.13616210904706735,Normal,Good,-
M06536,Type_14,59.03,3.89,226.0,11.43,2.325,55.9,0,0.13615946739508977,Normal,Good,-
M07747,Type_13,72.36,2.38,220.9,14.9,2.962,266.7,0,0.13615332100709804,Normal,Good,-
M01685,Type_17,64.93,1.44,224.5,18.35,3.708,792.3,0,0.13615105562874427,Normal,Good,-
M09468,Type_20,71.94,1.36,226.6,13.48,2.749,579.2,0,0.13614789185460002,Normal,Good,-
M06124,Type_06,62.28,1.58,220.4,12.22,2.424,648.4,0,0.1361464632455403,Normal,Good,-
M05495,Type_05,77.24,2.92,214.5,19.68,3.799,916.1,0,0.13613225789855776,Normal,Good,-
M00860,Type_13,54.12,1.45,219.9,18.31,3.624,138.7,0,0.13613076353257464,Normal,Good,-
M09883,Type_13,44.5,1.94,223.6,10.57,2.127,75.5,0,0.1361257015372928,Normal,Good,-
M04135,Type_14,62.12,1.64,217.7,10.25,2.008,359.1,0,0.13611804154968637,Normal,Good,-
M09484,Type_10,70.09,2.78,215.0,17.59,3.404,324.4,0,0.13611794056561663,Normal,Good,-
M02563,Type_20,73.36,0.94,216.7,18.06,3.522,393.2,0,0.13611598950076922,Normal,Good,-
M04668,Type_17,68.72,2.54,217.7,12.85,2.518,169.8,0,0.13611313880612125,Normal,Good,-
M06323,Type_20,73.88,2.33,220.5,11.71,2.324,476.9,0,0.1361129325331545,Normal,Good,-
M02736,Type_16,66.91,3.73,219.7,15.02,2.97,178.6,0,0.13610335942085594,Normal,Good,-
M05825,Type_06,65.74,1.58,221.3,17.18,3.422,772.4,0,0.1360892803358089,Normal,Good,-
M05581,Type_10,65.5,2.36,213.7,17.13,3.295,692.7,0,0.13608877642557551,Normal,Good,-
M04591,Type_20,77.19,2.98,227.5,18.28,3.743,684.0,0,0.1360827212138611,Normal,Good,-
M02491,Type_21,78.63,1.48,213.7,14.24,2.739,149.3,0,0.1360778013788317,Normal,Good,-
M04979,Type_13,69.84,2.59,227.1,11.5,2.35,973.4,0,0.13607713656855563,Normal,Good,-
M06877,Type_02,44.37,1.51,225.3,15.13,3.068,108.6,0,0.1360755672868662,Normal,Good,-
M05805,Type_20,60.53,0.79,214.4,13.56,2.617,657.2,0,0.13607525359682174,Normal,Good,-
M05426,Type_03,55.44,2.57,213.7,13.04,2.508,429.2,0,0.1360677717250433,Normal,Good,-
M01118,Type_22,67.94,1.85,227.9,18.55,3.805,532.5,0,0.13606435929103455,Normal,Good,-
M00370,Type_21,71.94,2.8,213.6,13.05,2.509,995.0,0,0.13606155753448848,Normal,Good,-
M07591,Type_03,50.92,0.76,217.4,16.04,3.138,369.1,0,0.13605782643646075,Normal,Good,-
M02710,Type_13,59.89,1.41,226.8,14.82,3.025,190.5,0,0.13605412319715338,Normal,Good,-
M00153,Type_15,65.68,2.42,215.0,18.47,3.574,693.0,0,0.13604950545481034,Normal,Good,-
M07712,Type_15,65.71,1.72,220.8,18.17,3.611,795.8,0,0.13604950545481034,Normal,Good,-
M01532,Type_15,57.22,2.52,221.6,13.52,2.696,451.5,0,0.13604406074860584,Normal,Good,-
M02100,Type_15,57.84,2.57,218.6,13.72,2.699,372.2,0,0.13604406074860584,Normal,Good,-
M05669,Type_21,52.68,1.84,218.2,17.7,3.476,240.5,0,0.13603830593112698,Normal,Good,-
M05312,Type_17,46.21,2.1,217.7,14.47,2.835,209.1,0,0.1360266778606064,Normal,Good,-
M02179,Type_20,71.71,1.6,217.5,17.59,3.443,882.1,0,0.13602258821684912,Normal,Good,-
M02270,Type_15,72.53,2.06,220.7,13.69,2.719,386.8,0,0.13601803499066917,Normal,Good,-
M07172,Type_25,67.86,2.61,223.0,18.85,3.783,106.1,0,0.13601794312757434,Normal,Good,-
M05039,Type_22,61.66,2.12,221.8,15.91,3.176,506.9,0,0.13601626804026784,Normal,Good,-
M08471,Type_22,54.72,2.99,217.9,12.75,2.5,202.2,0,0.13601619932138806,Normal,Good,-
M06891,Type_15,55.62,3.23,224.2,18.05,3.642,766.3,0,0.13601579155726834,Normal,Good,-
M06561,Type_01,72.71,0.79,220.4,14.13,2.803,90.5,0,0.13600950980447787,Normal,Good,-
M09747,Type_25,68.26,1.25,220.6,19.4,3.852,574.3,0,0.13600822732991094,Normal,Good,-
M00262,Type_13,77.21,2.29,226.1,14.55,2.961,317.3,0,0.13600119457240298,Normal,Good,-
M06036,Type_22,61.49,3.15,226.3,15.27,3.11,880.1,0,0.13599956396977797,Normal,Good,-
M07161,Type_06,66.07,2.88,214.9,15.02,2.905,106.7,0,0.13599402826702786,Normal,Good,-
M09572,Type_21,46.69,2.35,224.8,11.22,2.27,141.7,0,0.13598984861826363,Normal,Good,-
M08656,Type_15,74.95,3.45,221.8,12.97,2.589,894.2,0,0.13598757126473976,Normal,Good,-
M03031,Type_06,55.41,1.95,219.1,12.45,2.455,919.3,0,0.13598422538989816,Normal,Good,-
M05961,Type_10,70.96,2.82,219.7,12.0,2.373,170.7,0,0.13597847287902673,Normal,Good,-
M09196,Type_01,46.51,1.22,222.6,10.93,2.19,294.3,0,0.135973716318781,Normal,Good,-
M09393,Type_22,60.41,2.23,225.1,14.86,3.01,259.0,0,0.13597007270738853,Normal,Good,-
M09526,Type_22,62.95,1.69,225.5,14.88,3.02,216.6,0,0.13597007270738853,Normal,Good,-
M02940,Type_22,74.39,2.03,225.1,12.97,2.628,295.8,0,0.13596296221063736,Normal,Good,-
M07314,Type_22,57.37,2.19,225.6,17.43,3.539,470.6,0,0.13596168572733894,Normal,Good,-
M00896,Type_20,65.94,3.08,216.6,17.62,3.435,631.3,0,0.13595196084918915,Normal,Good,-
M02802,Type_14,58.12,0.85,225.0,10.15,2.055,470.5,0,0.13595113334636041,Normal,Good,-
M07736,Type_25,66.7,2.93,223.4,11.82,2.377,370.6,0,0.13594420749623753,Normal,Good,-
M09668,Type_20,71.41,0.35,220.2,13.77,2.729,516.8,0,0.13593288390785976,Normal,Good,-
M06134,Type_21,64.55,1.42,214.1,12.93,2.491,961.2,0,0.13592549640702864,Normal,Good,-
M04696,Type_16,72.48,2.59,226.6,12.08,2.464,70.2,0,0.13592034275574646,Normal,Good,-
M06046,Type_16,68.1,2.29,227.8,15.63,3.204,357.2,0,0.13591409399922744,Normal,Good,-
M02857,Type_25,43.47,0.49,220.9,15.83,3.147,706.9,0,0.13590865204528602,Normal,Good,-
M01568,Type_20,66.66,1.44,215.1,17.66,3.419,905.3,0,0.13590539527803147,Normal,Good,-
M07166,Type_25,79.66,2.07,218.2,12.87,2.527,720.1,0,0.13590379169825137,Normal,Good,-
M09202,Type_20,74.28,1.93,221.4,12.18,2.427,575.4,0,0.13590311278955944,Normal,Good,-
M00387,Type_22,73.69,0.45,222.9,17.27,3.465,620.4,0,0.13589593423675,Normal,Good,-
M05786,Type_20,70.39,2.08,222.2,14.44,2.888,357.3,0,0.13589164307880097,Normal,Good,-
M02398,Type_13,75.89,2.56,229.2,14.96,3.086,304.9,0,0.13588780512923315,Normal,Good,-
M03407,Type_22,64.33,1.63,224.5,13.54,2.736,485.9,0,0.13588354880885778,Normal,Good,-
M04525,Type_21,61.34,1.64,218.4,18.48,3.632,480.1,0,0.13588010479311327,Normal,Good,-
M08437,Type_17,53.46,2.59,228.4,17.33,3.562,322.7,0,0.13587722960556398,Normal,Good,-
M01235,Type_21,61.1,2.68,221.6,14.11,2.814,943.7,0,0.1358728269425498,Normal,Good,-
M04198,Type_10,75.54,1.7,223.2,15.73,3.16,401.7,0,0.13586918828794922,Normal,Good,-
M07544,Type_22,57.74,1.52,223.9,19.51,3.931,361.3,0,0.13584917007655897,Normal,Good,-
M02935,Type_23,60.65,0.1,212.5,17.21,3.291,118.3,0,0.13584199780598488,Normal,Good,-
M00585,Type_10,75.52,1.8,222.3,19.55,3.911,366.4,0,0.1358301655373656,Normal,Good,-
M07895,Type_22,69.35,2.15,227.8,17.9,3.67,441.5,0,0.1358294311600024,Normal,Good,-
M06868,Type_16,59.64,1.25,214.1,12.96,2.497,835.1,0,0.13582860986321735,Normal,Good,-
M09553,Type_23,53.31,2.1,219.4,10.63,2.099,231.1,0,0.135827660263992,Normal,Good,-
M02686,Type_01,79.21,1.87,221.9,14.79,2.954,174.2,0,0.13582277535247558,Normal,Good,-
M02259,Type_10,69.11,2.65,211.8,18.17,3.464,694.2,0,0.1358154694874468,Normal,Good,-
M00060,Type_10,62.82,3.14,221.5,18.38,3.664,666.7,0,0.13581524671753845,Normal,Good,-
M04072,Type_15,76.89,2.8,219.6,13.03,2.575,624.7,0,0.13580613676098346,Normal,Good,-
M00458,Type_05,66.44,1.35,226.3,15.31,3.118,626.0,0,0.13580549463688832,Normal,Good,-
M07023,Type_25,57.77,1.83,210.7,15.19,2.88,411.9,0,0.13580514656453124,Normal,Good,-
M05994,Type_17,58.1,2.88,224.5,14.7,2.97,107.3,0,0.1357963698881497,Normal,Good,-
M09699,Type_17,61.91,2.98,219.6,15.12,2.988,161.3,0,0.1357963698881497,Normal,Good,-
M08653,Type_20,49.85,2.03,220.0,12.99,2.572,250.5,0,0.13578561028945418,Normal,Good,-
M06332,Type_06,68.82,3.99,219.3,11.11,2.193,713.4,0,0.13578539849683574,Normal,Good,-
M05222,Type_02,61.36,3.19,223.1,17.59,3.532,802.0,0,0.1357809700821806,Normal,Good,-
M04925,Type_07,52.62,0.96,225.4,14.13,2.866,188.3,0,0.13574878850839828,Normal,Good,-
M07099,Type_20,66.66,0.29,214.3,20.15,3.886,770.2,0,0.1357467601933594,Normal,Good,-
M01483,Type_06,49.23,2.57,219.6,9.98,1.972,939.3,0,0.13573316544708475,Normal,Good,-
M09743,Type_15,78.71,1.41,221.3,18.9,3.764,530.9,0,0.13571878811301508,Normal,Good,-
M01867,Type_20,68.58,3.12,216.1,17.38,3.38,650.2,0,0.13571825315460764,Normal,Good,-
M01630,Type_24,40.08,2.27,221.5,18.26,3.64,802.2,0,0.13571811567966624,Normal,Good,-
M05057,Type_21,68.61,2.32,212.5,18.24,3.488,109.2,0,0.13571205127151337,Normal,Good,-
M07730,Type_22,44.01,2.07,215.5,16.51,3.202,200.6,0,0.13570535627311286,Normal,Good,-
M03944,Type_10,73.75,0.1,210.9,18.18,3.451,651.8,0,0.13570446311705361,Normal,Good,-
M05400,Type_07,57.32,0.77,226.9,14.72,3.006,336.3,0,0.1357036006392742,Normal,Good,-
M02753,Type_24,60.98,2.2,219.4,17.59,3.473,930.7,0,0.1357032644274392,Normal,Good,-
M05796,Type_22,67.02,3.22,218.4,17.08,3.357,352.3,0,0.1357002392462317,Normal,Good,-
M04708,Type_14,53.29,1.78,223.4,11.09,2.23,564.8,0,0.13568986754621432,Normal,Good,-
M07482,Type_16,42.97,2.27,215.8,15.13,2.939,854.0,0,0.13568772082693056,Normal,Good,-
M04258,Type_22,70.76,1.73,216.9,17.89,3.492,328.2,0,0.1356702792185012,Normal,Good,-
M05335,Type_10,59.01,1.2,211.5,13.78,2.623,859.0,0,0.13566264374475984,Normal,Good,-
M05484,Type_10,58.84,0.56,219.8,12.93,2.558,854.8,0,0.13566264374475984,Normal,Good,-
M05628,Type_10,60.3,1.29,214.4,13.86,2.674,835.2,0,0.13566264374475984,Normal,Good,-
M07720,Type_02,45.32,1.91,222.6,17.41,3.488,158.8,0,0.13565812488688767,Normal,Good,-
M08915,Type_03,69.21,2.35,217.8,14.11,2.766,66.4,0,0.13563849953178525,Normal,Good,-
M01374,Type_10,69.96,0.78,230.0,15.13,3.132,664.8,0,0.13563540801855567,Normal,Good,-
M01742,Type_15,67.12,1.3,214.1,19.54,3.765,745.5,0,0.13563129317722875,Normal,Good,-
M07423,Type_25,46.84,1.96,217.4,16.62,3.252,231.2,0,0.13563070987655337,Normal,Good,-
M07943,Type_25,59.54,1.76,224.3,13.02,2.628,914.1,0,0.13562911644258344,Normal,Good,-
M08089,Type_10,68.46,1.49,220.1,17.76,3.518,899.2,0,0.13562697802088977,Normal,Good,-
M01369,Type_16,58.64,2.22,221.4,12.71,2.533,803.4,0,0.13562517401217544,Normal,Good,-
M00835,Type_15,59.97,1.72,217.3,15.48,3.027,732.1,0,0.13562162055440008,Normal,Good,-
M01997,Type_15,60.46,2.3,223.2,16.18,3.25,803.2,0,0.13562162055440008,Normal,Good,-
M03157,Type_15,58.67,2.36,215.4,15.38,2.982,535.3,0,0.13562162055440008,Normal,Good,-
M03337,Type_15,57.17,1.73,220.3,15.85,3.143,796.4,0,0.13562162055440008,Normal,Good,-
M03515,Type_15,68.11,2.36,220.0,16.0,3.168,498.9,0,0.13562162055440008,Normal,Good,-
M04689,Type_15,65.38,2.13,211.1,17.17,3.262,585.7,0,0.13562162055440008,Normal,Good,-
M08391,Type_15,65.96,1.95,219.0,16.42,3.236,533.7,0,0.13562162055440008,Normal,Good,-
M09068,Type_15,59.36,2.37,222.9,15.88,3.186,643.6,0,0.13562162055440008,Normal,Good,-
M09126,Type_15,66.64,2.41,219.3,16.53,3.263,537.4,0,0.13562162055440008,Normal,Good,-
M09967,Type_25,69.68,0.1,222.7,17.8,3.568,740.3,0,0.13562087209679255,Normal,Good,-
M03237,Type_02,56.69,3.38,217.1,16.97,3.316,747.8,0,0.1356151372458439,Normal,Good,-
M02562,Type_21,49.5,2.27,214.2,18.36,3.539,449.0,0,0.13560641130308324,Normal,Good,-
M08790,Type_10,65.74,2.78,220.3,17.72,3.513,606.5,0,0.13560117263534185,Normal,Good,-
M02205,Type_25,67.83,0.53,216.3,13.26,2.581,565.6,0,0.13560053222828405,Normal,Good,-
M07129,Type_10,52.72,1.57,217.7,13.23,2.592,547.8,0,0.13560012292356005,Normal,Good,-
M01018,Type_15,63.15,2.73,215.3,17.0,3.294,74.9,0,0.13559942949477435,Normal,Good,-
M02034,Type_25,63.55,1.04,218.8,20.01,3.94,146.2,0,0.13559847383215984,Normal,Good,-
M07921,Type_16,64.61,2.48,214.0,13.55,2.61,947.9,0,0.1355977449525719,Normal,Good,-
M02675,Type_15,55.78,2.97,220.8,16.12,3.203,596.1,0,0.13558790665685808,Normal,Good,-
M08806,Type_15,55.96,2.98,220.8,15.58,3.096,626.5,0,0.13558790665685808,Normal,Good,-
M01826,Type_22,52.67,1.01,219.2,17.38,3.429,594.6,0,0.13558551496637633,Normal,Good,-
M08440,Type_16,65.3,2.59,220.6,14.92,2.962,855.4,0,0.13558305590296324,Normal,Good,-
M07563,Type_20,50.7,2.12,223.3,19.22,3.863,462.8,0,0.13557222340500094,Normal,Good,-
M03194,Type_06,77.68,1.59,216.9,13.18,2.573,746.4,0,0.1355610003507746,Normal,Good,-
M04128,Type_23,59.48,1.1,217.2,16.55,3.235,259.9,0,0.13555686801443312,Normal,Good,-
M06597,Type_17,65.76,3.24,221.7,16.84,3.36,108.4,0,0.1355531430164466,Normal,Good,-
M09472,Type_15,56.99,3.0,227.5,17.91,3.667,887.1,0,0.135551097529109,Normal,Good,-
M02312,Type_16,53.21,2.24,220.6,15.99,3.175,298.2,0,0.13555017936961655,Normal,Good,-
M09222,Type_16,58.25,3.34,215.0,11.79,2.281,319.6,0,0.13554965043663988,Normal,Good,-
M02735,Type_15,63.37,2.32,222.5,18.46,3.697,257.9,0,0.13554563627441268,Normal,Good,-
M00978,Type_21,62.86,1.5,217.7,11.73,2.298,878.4,0,0.13554489205482584,Normal,Good,-
M00901,Type_23,71.1,3.78,228.4,11.01,2.263,956.5,0,0.13554433052429285,Normal,Good,-
M00391,Type_16,68.27,0.94,221.1,13.37,2.66,219.1,0,0.13553948400207813,Normal,Good,-
M06006,Type_10,64.08,1.2,228.3,13.59,2.792,760.8,0,0.13553866781054713,Normal,Good,-
M09152,Type_25,72.61,2.09,225.0,16.66,3.374,785.9,0,0.13552539421890164,Normal,Good,-
M08948,Type_25,66.31,2.68,219.4,11.99,2.368,908.8,0,0.1355221643451452,Normal,Good,-
M06109,Type_22,59.8,0.46,227.1,13.47,2.753,461.2,0,0.13551686521260156,Normal,Good,-
M06248,Type_15,73.14,3.27,220.4,18.31,3.632,229.9,0,0.13551680187125353,Normal,Good,-
M03423,Type_22,66.03,2.75,216.9,16.38,3.198,573.6,0,0.1355167101269168,Normal,Good,-
M07101,Type_23,73.35,3.11,225.4,15.5,3.144,127.2,0,0.1355125376503895,Normal,Good,-
M00201,Type_16,65.73,2.98,216.9,13.79,2.692,941.8,0,0.13551025491209365,Normal,Good,-
M03652,Type_10,65.07,0.58,221.9,18.03,3.601,717.3,0,0.13550211679053065,Normal,Good,-
M04254,Type_06,64.49,2.92,214.5,15.73,3.037,509.1,0,0.13549768136944887,Normal,Good,-
M01718,Type_16,61.23,1.87,230.0,11.56,2.393,724.0,0,0.1354941487660084,Normal,Good,-
M03441,Type_16,61.3,1.43,221.9,11.48,2.293,692.9,0,0.1354941487660084,Normal,Good,-
M07082,Type_16,60.41,1.53,212.9,11.94,2.288,686.4,0,0.1354941487660084,Normal,Good,-
M05772,Type_10,61.41,2.37,222.0,17.96,3.588,837.8,0,0.1354939927274095,Normal,Good,-
M05642,Type_21,59.93,2.73,212.3,13.4,2.56,156.1,0,0.13548944854136827,Normal,Good,-
M09847,Type_23,61.54,2.76,218.5,15.1,2.969,959.4,0,0.13548685995309884,Normal,Good,-
M00723,Type_06,56.17,3.14,218.8,13.09,2.578,690.9,0,0.1354833087397419,Normal,Good,-
M09570,Type_05,76.57,2.37,218.1,13.12,2.575,488.4,0,0.13546911947287024,Normal,Good,-
M00843,Type_25,65.89,2.03,220.4,12.67,2.513,725.3,0,0.13546890868050826,Normal,Good,-
M03528,Type_25,65.95,1.89,219.6,12.98,2.565,687.2,0,0.13546890868050826,Normal,Good,-
M05808,Type_20,66.04,1.66,217.0,13.69,2.674,834.2,0,0.13545711337628685,Normal,Good,-
M00124,Type_06,75.53,3.15,213.3,14.16,2.718,491.2,0,0.13544347696901687,Normal,Good,-
M06956,Type_16,61.93,1.49,212.3,15.01,2.868,606.1,0,0.13543785428981445,Normal,Good,-
M08818,Type_06,57.88,2.44,221.8,13.7,2.735,419.4,0,0.13543433129154622,Normal,Good,-
M02627,Type_22,64.95,0.32,217.2,17.18,3.358,623.1,0,0.1354315909245855,Normal,Good,-
M06144,Type_25,57.31,2.4,210.6,13.31,2.523,909.5,0,0.13542255296622388,Normal,Good,-
M09113,Type_10,68.23,2.21,212.1,11.46,2.188,194.3,0,0.1354170545130563,Normal,Good,-
M05990,Type_15,42.03,2.71,218.1,12.72,2.497,642.4,0,0.1354073638257784,Normal,Good,-
M06640,Type_20,65.45,2.03,222.3,18.26,3.653,735.5,0,0.13540378084838134,Normal,Good,-
M08179,Type_06,56.46,3.18,229.1,13.33,2.749,523.4,0,0.13540061739400425,Normal,Good,-
M03417,Type_06,54.79,2.03,222.6,13.84,2.773,660.7,0,0.13539589611648906,Normal,Good,-
M00502,Type_16,68.25,2.22,224.9,15.69,3.176,336.0,0,0.1353899771614437,Normal,Good,-
M09186,Type_05,52.8,3.41,224.4,11.62,2.347,81.7,0,0.1353839296717663,Normal,Good,-
M00001,Type_15,77.3,1.79,212.9,15.85,3.037,541.8,0,0.13538369656677768,Normal,Good,-
M00649,Type_15,76.89,1.81,218.1,15.66,3.074,400.9,0,0.13538369656677768,Normal,Good,-
M04656,Type_02,50.99,3.2,222.1,15.48,3.094,131.6,0,0.13538356593990783,Normal,Good,-
M03931,Type_03,66.27,0.93,225.6,16.45,3.34,323.6,0,0.1353643380507719,Normal,Good,-
M01876,Type_05,68.65,2.32,228.0,16.74,3.435,517.5,0,0.1353591741877401,Normal,Good,-
M06546,Type_10,63.9,2.4,224.3,17.42,3.517,203.8,0,0.13535513072505276,Normal,Good,-
M09359,Type_10,63.77,2.39,219.8,17.64,3.49,146.6,0,0.13535513072505276,Normal,Good,-
M09654,Type_23,53.22,0.84,220.7,13.85,2.751,324.1,0,0.13535420438767953,Normal,Good,-
M09820,Type_21,58.14,2.96,216.9,14.24,2.78,781.6,0,0.13534896872403288,Normal,Good,-
M04994,Type_06,58.34,3.88,212.2,16.28,3.109,323.6,0,0.1353473467131159,Normal,Good,-
M00783,Type_10,63.46,1.85,214.6,16.3,3.148,303.9,0,0.135346979383327,Normal,Good,-
M08360,Type_16,63.47,2.38,216.4,14.63,2.849,312.0,0,0.13534089605779107,Normal,Good,-
M00658,Type_16,59.81,0.1,222.7,13.12,2.63,701.6,0,0.13534037393568082,Normal,Good,-
M05764,Type_15,74.35,2.1,215.0,17.1,3.309,803.8,0,0.13534007907667622,Normal,Good,-
M05482,Type_20,53.81,0.1,218.6,12.59,2.477,683.5,0,0.13533810495542486,Normal,Good,-
M03302,Type_14,60.17,1.56,225.1,11.59,2.348,970.4,0,0.13533785258912925,Normal,Good,-
M07024,Type_06,65.54,2.95,217.4,18.07,3.536,668.9,0,0.13533748493081196,Normal,Good,-
M06376,Type_24,63.21,2.06,210.2,17.91,3.388,98.1,0,0.135337371786801,Normal,Good,-
M05418,Type_10,71.5,2.07,222.6,14.6,2.925,936.4,0,0.1353309625492002,Normal,Good,-
M00627,Type_04,63.28,1.9,220.1,10.94,2.167,974.8,0,0.13533023078524564,Normal,Good,-
M04680,Type_07,58.99,0.62,219.6,17.79,3.516,195.8,0,0.1353224408001214,Normal,Good,-
M05300,Type_16,60.95,2.11,225.3,16.09,3.263,450.6,0,0.13532228672225258,Normal,Good,-
M03146,Type_06,69.11,0.1,218.9,18.08,3.562,911.1,0,0.13531746421026614,Normal,Good,-
M09907,Type_13,65.24,1.06,221.7,21.25,4.24,976.8,0,0.13531725501870334,Normal,Good,-
M08411,Type_10,53.11,1.63,225.9,13.24,2.692,202.8,0,0.13531352404006594,Normal,Good,-
M01977,Type_15,49.09,0.94,214.9,13.07,2.528,266.3,0,0.13530418879068232,Normal,Good,-
M02699,Type_15,49.66,1.0,219.4,12.81,2.529,118.7,0,0.13530418879068232,Normal,Good,-
M07939,Type_25,77.98,0.8,220.3,13.11,2.599,639.2,0,0.1352742990284141,Normal,Good,-
M09979,Type_25,74.23,0.79,216.6,13.04,2.542,598.8,0,0.1352742990284141,Normal,Good,-
M03480,Type_10,57.03,1.93,213.6,17.66,3.395,878.2,0,0.13527300899850675,Normal,Good,-
M05931,Type_16,69.42,1.53,218.5,16.55,3.255,256.6,0,0.13525585603659013,Normal,Good,-
M03762,Type_06,55.44,2.56,219.0,14.37,2.832,571.4,0,0.13524691245086534,Normal,Good,-
M09040,Type_25,57.6,1.83,225.0,18.89,3.825,500.9,0,0.13524415620763056,Normal,Good,-
M03137,Type_02,61.17,1.04,210.5,16.25,3.079,88.7,0,0.13524065237246666,Normal,Good,-
M06023,Type_13,47.14,2.27,217.9,10.26,2.012,228.5,0,0.1352369109566392,Normal,Good,-
M01960,Type_21,74.29,1.48,219.5,14.48,2.861,424.9,0,0.1352336298504869,Normal,Good,-
M03919,Type_06,73.18,2.27,225.0,14.55,2.946,680.1,0,0.13523244665101886,Normal,Good,-
M09239,Type_13,76.0,0.93,213.5,17.15,3.295,910.1,0,0.13523213190569375,Normal,Good,-
M02321,Type_10,76.22,0.6,220.1,16.41,3.251,293.9,0,0.13523008887277352,Normal,Good,-
M04473,Type_20,62.88,0.85,212.7,19.74,3.779,278.7,0,0.1352284836271517,Normal,Good,-
M08676,Type_25,69.08,1.63,225.4,10.9,2.211,700.9,0,0.13522349182283322,Normal,Good,-
M01920,Type_20,73.56,4.05,219.4,16.62,3.282,237.0,0,0.13522132128401904,Normal,Good,-
M03353,Type_16,63.21,2.58,219.5,18.41,3.637,58.1,0,0.1352157374156209,Normal,Good,-
M09969,Type_10,68.77,2.74,220.5,11.5,2.282,826.8,0,0.13519020166199402,Normal,Good,-
M02119,Type_25,48.0,0.34,223.1,14.19,2.849,432.7,0,0.13518766979349328,Normal,Good,-
M08281,Type_21,78.34,0.7,217.4,14.86,2.908,252.2,0,0.1351578536757034,Normal,Good,-
M03370,Type_06,66.77,2.75,218.8,17.75,3.495,238.7,0,0.1351577077256489,Normal,Good,-
M03491,Type_06,66.79,2.78,225.9,17.46,3.55,260.8,0,0.1351577077256489,Normal,Good,-
M04205,Type_21,49.44,0.31,220.7,13.89,2.759,523.9,0,0.13515712707898897,Normal,Good,-
M01274,Type_02,51.14,2.16,225.5,15.09,3.063,388.7,0,0.13514446103528865,Normal,Good,-
M07108,Type_07,65.74,2.81,227.4,12.57,2.573,937.5,0,0.13514075296176364,Normal,Good,-
M08710,Type_06,68.32,3.46,219.3,15.52,3.063,892.3,0,0.13513695717588572,Normal,Good,-
M04877,Type_06,62.49,1.9,215.2,14.7,2.847,784.8,0,0.1351339861448896,Normal,Good,-
M07333,Type_15,48.1,3.06,216.3,12.64,2.461,851.6,0,0.13512286181215663,Normal,Good,-
M08703,Type_22,62.09,2.3,219.1,13.91,2.743,481.8,0,0.13512142977694266,Normal,Good,-
M06451,Type_22,73.69,3.09,219.3,18.1,3.572,847.5,0,0.1351174561517556,Normal,Good,-
M05713,Type_16,64.5,1.53,229.1,15.35,3.165,654.3,0,0.13511454598572586,Normal,Good,-
M04212,Type_21,67.28,1.45,215.5,13.58,2.634,798.4,0,0.13511448982583116,Normal,Good,-
M06632,Type_02,64.74,1.49,227.0,16.13,3.295,675.3,0,0.1351121739306549,Normal,Good,-
M01447,Type_10,71.55,2.33,223.4,16.26,3.269,841.1,0,0.1351108095328721,Normal,Good,-
M01837,Type_17,68.4,1.35,219.5,12.71,2.511,268.8,0,0.13510083575403098,Normal,Good,-
M01068,Type_06,65.45,3.18,218.7,15.67,3.084,350.1,0,0.13509522057588827,Normal,Good,-
M02987,Type_15,53.52,1.91,216.3,12.02,2.34,477.5,0,0.13509447163815103,Normal,Good,-
M06267,Type_20,70.49,2.29,220.8,11.02,2.19,57.2,0,0.1350818173988031,Normal,Good,-
M01376,Type_21,63.85,1.42,214.7,21.62,4.178,111.5,0,0.13507823663366791,Normal,Good,-
M06439,Type_16,58.4,0.1,216.3,19.57,3.81,66.5,0,0.13505167519104977,Normal,Good,-
M00821,Type_16,49.37,0.65,216.2,17.15,3.337,261.0,0,0.1350482028292358,Normal,Good,-
M05396,Type_16,59.31,3.31,216.1,14.35,2.791,729.6,0,0.13504476305086643,Normal,Good,-
M05732,Type_16,58.62,3.06,224.5,13.47,2.722,657.5,0,0.13504476305086643,Normal,Good,-
M06303,Type_22,54.91,1.98,216.2,16.84,3.277,162.5,0,0.1350428238015533,Normal,Good,-
M03166,Type_15,56.02,1.63,212.1,16.68,3.184,697.4,0,0.13503972665605027,Normal,Good,-
M04357,Type_15,55.22,2.36,222.0,15.52,3.101,858.3,0,0.13503972665605027,Normal,Good,-
M07358,Type_15,56.26,2.07,213.5,15.51,2.98,858.6,0,0.13503972665605027,Normal,Good,-
M08721,Type_15,56.7,1.65,218.4,16.34,3.212,580.2,0,0.13503972665605027,Normal,Good,-
M07368,Type_05,70.05,3.32,221.8,12.35,2.465,368.1,0,0.135029908235377,Normal,Good,-
M03207,Type_10,58.71,2.87,223.8,15.37,3.096,442.9,0,0.13502493823886313,Normal,Good,-
M05328,Type_06,58.68,1.08,214.1,11.49,2.214,519.3,0,0.1350116607538318,Normal,Good,-
M05117,Type_25,48.71,1.44,214.7,16.9,3.266,635.6,0,0.1350103775884149,Normal,Good,-
M02455,Type_16,64.66,2.66,218.2,14.0,2.749,396.3,0,0.13499978980479194,Normal,Good,-
M08180,Type_20,65.81,2.26,220.6,17.05,3.385,604.5,0,0.13499861848538833,Normal,Good,-
M04059,Type_17,60.55,0.68,224.4,15.0,3.029,771.3,0,0.13498927435377303,Normal,Good,-
M00181,Type_22,65.6,3.11,220.4,15.73,3.12,638.2,0,0.13497906007118238,Normal,Good,-
M01398,Type_22,65.51,3.08,218.7,16.53,3.254,780.1,0,0.13497906007118238,Normal,Good,-
M08103,Type_25,65.76,3.07,216.6,16.96,3.306,862.8,0,0.13496573313480664,Normal,Good,-
M01937,Type_22,48.41,3.9,224.3,18.31,3.696,898.0,0,0.1349652272760778,Normal,Good,-
M09594,Type_07,63.32,0.84,220.4,15.94,3.162,123.5,0,0.1349633642053828,Normal,Good,-
M04570,Type_14,55.76,1.14,222.5,10.91,2.185,422.6,0,0.13496209243601057,Normal,Good,-
M07573,Type_02,53.01,1.86,214.5,15.91,3.071,892.1,0,0.13495916596193325,Normal,Good,-
M05431,Type_22,77.77,3.15,226.0,13.79,2.805,466.4,0,0.1349529939080119,Normal,Good,-
M03284,Type_10,71.91,2.57,218.9,18.2,3.586,650.5,0,0.134951937085922,Normal,Good,-
M05930,Type_06,66.02,1.75,218.8,15.35,3.023,515.9,0,0.134949501368641,Normal,Good,-
M09822,Type_22,69.45,2.86,224.9,14.68,2.971,174.9,0,0.1349383252766306,Normal,Good,-
M09066,Type_20,65.46,2.51,223.7,18.02,3.628,520.0,0,0.13493788676699256,Normal,Good,-
M09214,Type_20,67.75,2.68,219.7,18.13,3.585,452.4,0,0.13493788676699256,Normal,Good,-
M04324,Type_20,65.04,3.37,223.3,17.11,3.439,509.8,0,0.13493746809556595,Normal,Good,-
M03983,Type_10,62.87,2.66,220.0,14.44,2.859,769.2,0,0.1349359737625009,Normal,Good,-
M06783,Type_06,64.35,0.3,224.4,14.72,2.973,162.3,0,0.1349342013844226,Normal,Good,-
M07379,Type_02,53.23,0.1,217.8,10.76,2.109,666.3,0,0.1349329380100682,Normal,Good,-
M06723,Type_13,59.89,1.22,212.5,11.04,2.111,942.7,0,0.13492701170210242,Normal,Good,-
M01908,Type_25,60.61,3.24,221.0,10.84,2.156,118.5,0,0.13492597846374377,Normal,Good,-
M02962,Type_20,68.37,0.88,219.3,11.67,2.303,431.8,0,0.13492283850830344,Normal,Good,-
M04496,Type_15,63.44,1.11,220.8,13.14,2.611,316.0,0,0.13491960018604676,Normal,Good,-
M04341,Type_10,62.25,1.59,218.8,16.87,3.322,671.9,0,0.13491862751061579,Normal,Good,-
M04289,Type_20,58.18,1.91,209.8,14.32,2.704,954.8,0,0.13491795546763202,Normal,Good,-
M02587,Type_22,66.94,0.88,224.4,15.44,3.118,126.6,0,0.13491095881628315,Normal,Good,-
M07600,Type_20,50.83,0.43,215.7,19.27,3.741,280.7,0,0.13490945482806785,Normal,Good,-
M09928,Type_20,78.56,2.58,225.5,13.46,2.732,709.5,0,0.1349067447810312,Normal,Good,-
M09160,Type_10,77.39,1.0,220.9,14.46,2.875,835.0,0,0.13489393922377976,Normal,Good,-
M04127,Type_19,71.98,3.21,216.8,12.24,2.388,977.4,0,0.13489025210969297,Normal,Good,-
M05445,Type_20,62.17,1.82,224.7,16.37,3.311,867.7,0,0.1348883524692648,Normal,Good,-
M03352,Type_21,48.37,1.66,216.6,14.31,2.79,634.4,0,0.134880138553928,Normal,Good,-
M09123,Type_17,61.36,0.71,221.4,13.74,2.738,966.5,0,0.13487633494641055,Normal,Good,-
M04201,Type_20,68.5,2.29,212.3,13.59,2.597,548.2,0,0.13486644901278322,Normal,Good,-
M08751,Type_15,66.53,1.04,223.8,11.78,2.373,874.4,0,0.13485898903381824,Normal,Good,-
M05256,Type_13,51.2,1.6,217.8,16.78,3.289,327.7,0,0.13482636899439035,Normal,Good,-
M07260,Type_15,46.78,1.3,217.5,16.73,3.275,496.6,0,0.13482333254086012,Normal,Good,-
M05837,Type_15,66.75,1.61,215.9,16.79,3.262,826.1,0,0.13482248973408503,Normal,Good,-
M07093,Type_25,71.81,2.11,222.8,18.25,3.659,887.3,0,0.134813558527971,Normal,Good,-
M09865,Type_22,55.05,1.4,216.6,16.28,3.174,335.3,0,0.13480899524379836,Normal,Good,-
M09392,Type_06,66.52,2.59,221.4,18.19,3.625,822.6,0,0.1348038099259467,Normal,Good,-
M04355,Type_22,51.0,1.58,215.9,11.19,2.174,962.8,0,0.1348011210279779,Normal,Good,-
M07330,Type_17,71.12,1.37,213.0,17.46,3.347,294.6,0,0.13479963524149297,Normal,Good,-
M09206,Type_17,56.69,1.83,226.9,15.22,3.108,156.6,0,0.13479242081114637,Normal,Good,-
M02062,Type_06,75.21,0.93,217.5,12.67,2.48,315.0,0,0.13476756738382614,Normal,Good,-
M03720,Type_05,52.62,2.12,225.2,16.98,3.442,557.2,0,0.13475075966350952,Normal,Good,-
M07298,Type_02,72.56,2.05,223.0,13.8,2.77,291.1,0,0.13474793706571597,Normal,Good,-
M02715,Type_25,71.21,2.76,217.1,17.18,3.357,559.4,0,0.13474086305974384,Normal,Good,-
M07823,Type_25,70.72,3.01,214.1,17.43,3.359,732.5,0,0.13474086305974384,Normal,Good,-
M03263,Type_21,49.0,1.98,223.5,13.33,2.681,856.8,0,0.1347391760921511,Normal,Good,-
M00363,Type_14,62.6,0.75,216.7,12.03,2.346,157.6,0,0.13473029063094086,Normal,Good,-
M08388,Type_25,72.84,2.37,221.5,16.86,3.361,906.9,0,0.13472703324274707,Normal,Good,-
M00156,Type_06,66.62,0.95,225.5,15.47,3.14,526.4,0,0.1347241709095775,Normal,Good,-
M07537,Type_16,53.87,1.28,215.7,11.5,2.232,521.2,0,0.1346966227332166,Normal,Good,-
M05022,Type_23,75.37,2.32,219.3,15.73,3.105,206.9,0,0.13469063833031936,Normal,Good,-
M06788,Type_25,69.71,2.05,220.2,13.44,2.664,756.1,0,0.1346856803089315,Normal,Good,-
M01926,Type_06,62.23,1.0,218.1,12.37,2.428,612.7,0,0.13468330175981413,Normal,Good,-
M09619,Type_21,58.83,2.41,217.0,16.65,3.252,314.6,0,0.13468106971453658,Normal,Good,-
M00879,Type_06,57.34,3.55,223.8,15.27,3.076,171.3,0,0.13467499962015494,Normal,Good,-
M06804,Type_06,61.86,2.7,226.9,14.21,2.902,652.0,0,0.13466809206350086,Normal,Good,-
M08482,Type_05,67.71,2.53,215.3,20.36,3.945,732.9,0,0.13466422363834984,Normal,Good,-
M05535,Type_13,61.35,0.1,220.6,18.94,3.76,917.8,0,0.1346564531330329,Normal,Good,-
M05411,Type_16,70.12,2.03,218.3,11.87,2.332,235.0,0,0.1346507003653456,Normal,Good,-
M00831,Type_05,55.2,2.65,220.6,18.88,3.748,132.9,0,0.13464936955432338,Normal,Good,-
M03587,Type_25,70.06,1.99,219.5,16.83,3.325,591.2,0,0.13464839884461863,Normal,Good,-
M01808,Type_10,54.04,1.79,223.7,13.26,2.67,649.9,0,0.13464486777896278,Normal,Good,-
M07959,Type_10,52.4,1.64,223.3,13.36,2.685,818.1,0,0.13464486777896278,Normal,Good,-
M05559,Type_06,63.46,0.96,218.1,11.16,2.191,871.0,0,0.13464137979915627,Normal,Good,-
M05721,Type_15,72.93,2.56,215.1,9.89,1.915,779.2,0,0.13463901888433702,Normal,Good,-
M07753,Type_06,66.35,1.57,222.7,15.91,3.189,517.0,0,0.13463076962565737,Normal,Good,-
M02665,Type_13,56.11,1.06,222.1,18.01,3.6,709.0,0,0.13461892037832093,Normal,Good,-
M07271,Type_20,56.8,1.48,224.3,17.49,3.531,441.2,0,0.13460324716400102,Normal,Good,-
M00850,Type_20,72.91,1.55,214.2,16.5,3.181,878.9,0,0.13459506586541217,Normal,Good,-
M06914,Type_25,80.34,2.21,223.6,15.41,3.101,741.5,0,0.13459314145228776,Normal,Good,-
M09175,Type_16,76.43,2.2,220.6,10.38,2.061,261.1,0,0.13459276738911946,Normal,Good,-
M07707,Type_05,49.39,1.76,221.6,16.99,3.388,407.4,0,0.13459081275340615,Normal,Good,-
M01649,Type_20,58.66,3.66,224.1,11.24,2.267,402.2,0,0.13458492510036624,Normal,Good,-
M02912,Type_15,75.01,1.51,227.5,15.8,3.235,690.2,0,0.1345845657464627,Normal,Good,-
M06653,Type_06,67.74,1.12,225.9,14.24,2.895,824.5,0,0.13458078683336708,Normal,Good,-
M02239,Type_10,72.22,1.81,227.4,13.58,2.779,178.5,0,0.13457891751404255,Normal,Good,-
M05499,Type_05,78.14,0.3,221.8,19.09,3.811,306.2,0,0.13457740153490072,Normal,Good,-
M00223,Type_16,56.12,2.53,217.7,13.5,2.645,826.0,0,0.13457738603243688,Normal,Good,-
M08272,Type_13,77.04,0.85,225.9,9.86,2.005,82.3,0,0.1345761728590165,Normal,Good,-
M02502,Type_15,49.5,2.31,221.2,13.07,2.602,414.7,0,0.1345746818113488,Normal,Good,-
M05473,Type_16,48.29,0.42,219.7,16.46,3.255,645.6,0,0.13457078952157392,Normal,Good,-
M05267,Type_06,59.38,2.29,214.4,10.34,1.995,731.1,0,0.13456882929739444,Normal,Good,-
M03285,Type_10,69.69,1.52,223.2,13.57,2.726,197.3,0,0.1345658128946009,Normal,Good,-
M05311,Type_16,48.7,2.55,216.7,14.29,2.787,153.5,0,0.1345631404183906,Normal,Good,-
M03552,Type_21,48.64,2.88,218.8,13.01,2.562,753.5,0,0.13455642573297072,Normal,Good,-
M05363,Type_17,44.47,1.94,219.0,16.03,3.16,224.0,0,0.13455640823201434,Normal,Good,-
M02050,Type_21,59.59,1.85,220.5,17.76,3.524,164.6,0,0.13455568788762842,Normal,Good,-
M05838,Type_22,64.3,3.36,216.1,18.21,3.542,242.5,0,0.13452952938845972,Normal,Good,-
M07828,Type_06,49.86,1.83,211.3,13.52,2.571,430.6,0,0.1345279446333075,Normal,Good,-
M00494,Type_22,76.62,0.77,229.7,17.33,3.583,294.8,0,0.13452331901806114,Normal,Good,-
M04611,Type_22,62.3,3.12,224.2,17.21,3.473,327.9,0,0.1345220169646929,Normal,Good,-
M06181,Type_02,73.02,1.58,218.0,15.55,3.051,459.8,0,0.13451789976140896,Normal,Good,-
M03535,Type_05,66.2,2.55,223.5,16.74,3.367,542.1,0,0.13451491258769444,Normal,Good,-
M03502,Type_12,57.9,3.18,214.5,13.77,2.658,979.8,0,0.1345066679448458,Normal,Good,-
M08953,Type_06,65.17,1.27,214.2,18.72,3.609,682.9,0,0.13450167068432775,Normal,Good,-
M06198,Type_02,60.08,1.32,225.9,15.03,3.056,637.4,0,0.1345014048922927,Normal,Good,-
M00628,Type_13,54.77,2.29,217.0,17.84,3.484,967.8,0,0.1344828491641156,Normal,Good,-
M09648,Type_22,53.64,1.76,224.0,19.37,3.905,869.7,0,0.13447834606244155,Normal,Good,-
M00813,Type_16,66.23,2.13,214.4,16.08,3.103,201.1,0,0.13447076544727948,Normal,Good,-
M06953,Type_06,56.81,2.55,217.6,13.46,2.636,764.0,0,0.13446923465754532,Normal,Good,-
M03133,Type_15,66.75,2.08,219.5,15.0,2.963,796.2,0,0.13446104712410276,Normal,Good,-
M06039,Type_15,62.58,1.66,226.3,15.08,3.071,630.8,0,0.13446104712410276,Normal,Good,-
M09377,Type_16,63.27,0.39,220.4,13.68,2.714,308.1,0,0.13445808577710763,Normal,Good,-
M03880,Type_06,68.23,2.85,221.1,14.09,2.804,524.5,0,0.1344565156077873,Normal,Good,-
M01554,Type_25,68.96,3.5,218.8,12.05,2.373,898.7,0,0.13443386657958242,Normal,Good,-
M01057,Type_20,80.03,3.31,215.4,13.53,2.623,480.7,0,0.13443192856365266,Normal,Good,-
M07673,Type_16,68.33,1.28,224.0,14.88,3.0,149.9,0,0.13443033158292259,Normal,Good,-
M07786,Type_13,50.84,0.1,222.0,14.33,2.863,228.9,0,0.13442342180097575,Normal,Good,-
M05987,Type_07,74.77,0.92,219.9,15.44,3.056,191.7,0,0.13442138324759562,Normal,Good,-
M03642,Type_22,66.3,2.7,210.8,16.65,3.159,95.0,0,0.134414519736913,Normal,Good,-
M04962,Type_10,58.96,2.96,220.9,18.21,3.62,788.4,0,0.1344117379456086,Normal,Good,-
M00346,Type_25,72.79,0.42,218.3,14.24,2.798,841.7,0,0.13441002575856825,Normal,Good,-
M07201,Type_02,64.83,1.31,218.7,16.61,3.269,744.3,0,0.13440349122752937,Normal,Good,-
M08141,Type_23,72.0,1.81,226.1,15.99,3.254,104.5,0,0.1344025906909423,Normal,Good,-
M04528,Type_20,78.77,1.42,222.3,12.71,2.543,399.7,0,0.13439247672714852,Normal,Good,-
M05168,Type_20,61.73,1.89,216.5,18.4,3.585,628.9,0,0.13438928809475814,Normal,Good,-
M06537,Type_05,71.63,3.61,220.6,18.43,3.659,104.3,0,0.13438738837827527,Normal,Good,-
M09932,Type_15,64.7,3.08,219.9,13.8,2.731,388.3,0,0.13438615777077909,Normal,Good,-
M02212,Type_02,48.1,2.62,222.2,15.34,3.068,552.4,0,0.13438170527384746,Normal,Good,-
M04338,Type_22,48.98,1.09,221.9,13.6,2.716,413.9,0,0.13438147848119503,Normal,Good,-
M02688,Type_04,70.35,1.87,227.9,17.2,3.528,982.1,0,0.13437693727005023,Normal,Good,-
M00511,Type_25,67.42,0.89,220.0,15.38,3.045,151.7,0,0.1343729038793702,Normal,Good,-
M00822,Type_17,63.38,2.23,219.8,18.19,3.598,243.2,0,0.13437222814892055,Normal,Good,-
M00102,Type_06,64.59,0.1,218.2,17.92,3.519,621.9,0,0.13436870518516097,Normal,Good,-
M01164,Type_23,77.38,1.02,216.3,16.83,3.276,942.5,0,0.1343657115561109,Normal,Good,-
M08151,Type_15,77.23,1.86,222.2,13.8,2.76,434.9,0,0.134362172814264,Normal,Good,-
M09090,Type_13,49.12,1.46,225.9,14.75,2.999,799.4,0,0.13435769326849592,Normal,Good,-
M00834,Type_22,56.66,1.67,221.2,16.1,3.205,920.3,0,0.13435563933398773,Normal,Good,-
M04788,Type_10,73.53,2.27,211.8,11.36,2.165,606.1,0,0.13435500644822013,Normal,Good,-
M02399,Type_20,72.32,2.25,217.7,14.2,2.782,593.9,0,0.13434349784601252,Normal,Good,-
M06417,Type_06,64.73,2.74,222.1,14.32,2.862,738.1,0,0.13434022321104183,Normal,Good,-
M04970,Type_03,66.14,1.18,213.4,12.36,2.374,792.9,0,0.13431665038714816,Normal,Good,-
M08217,Type_06,79.7,1.46,217.2,13.88,2.713,699.3,0,0.13430888582200276,Normal,Good,-
M06360,Type_04,72.26,2.36,221.0,15.98,3.178,977.2,0,0.1343052211963813,Normal,Good,-
M00967,Type_20,61.68,2.11,222.4,16.75,3.353,365.6,0,0.1343027628095342,Normal,Good,-
M05316,Type_10,61.53,0.73,219.2,15.15,2.989,370.6,0,0.13430229747041822,Normal,Good,-
M06184,Type_14,65.79,4.01,215.5,10.26,1.99,971.2,0,0.13430132367156702,Normal,Good,-
M02366,Type_25,76.84,2.3,223.4,16.34,3.285,237.1,0,0.13429267191192232,Normal,Good,-
M05232,Type_22,66.26,0.64,224.6,15.04,3.04,869.0,0,0.13428730182931622,Normal,Good,-
M08236,Type_10,72.15,1.03,212.7,13.16,2.519,73.3,0,0.13427968339679167,Normal,Good,-
M03883,Type_05,68.67,1.79,219.7,17.18,3.397,71.0,0,0.13427681000621658,Normal,Good,-
M02782,Type_10,59.88,1.86,217.3,11.55,2.259,597.1,0,0.1342767058571413,Normal,Good,-
M04674,Type_10,61.33,1.84,222.2,11.53,2.306,848.6,0,0.1342767058571413,Normal,Good,-
M04539,Type_25,77.52,0.57,220.1,15.68,3.106,365.0,0,0.13426116333651683,Normal,Good,-
M05464,Type_10,70.7,3.68,222.7,17.1,3.427,117.4,0,0.13425352959920567,Normal,Good,-
M06711,Type_06,64.7,0.66,216.0,16.29,3.167,398.8,0,0.13424377183224614,Normal,Good,-
M00239,Type_20,60.92,1.05,223.5,19.11,3.844,287.9,0,0.13424339310275715,Normal,Good,-
M07981,Type_23,57.64,0.15,217.6,15.64,3.063,252.2,0,0.13423471366373071,Normal,Good,-
M03688,Type_12,62.75,1.5,227.6,13.76,2.819,983.2,0,0.13423123617338725,Normal,Good,-
M07277,Type_20,65.47,2.63,217.4,12.02,2.352,576.2,0,0.13422910026298296,Normal,Good,-
M04571,Type_24,52.78,2.64,229.1,10.09,2.08,961.5,0,0.13422486329372232,Normal,Good,-
M03324,Type_15,76.2,2.25,223.2,15.09,3.031,583.1,0,0.13422312313648038,Normal,Good,-
M04301,Type_15,71.56,3.23,223.4,17.17,3.452,939.4,0,0.13421537404344563,Normal,Good,-
M04283,Type_13,47.01,1.85,218.2,15.48,3.04,741.9,0,0.1342115659856309,Normal,Good,-
M08898,Type_02,65.67,1.51,224.3,17.19,3.47,301.6,0,0.13419614156697743,Normal,Good,-
M08314,Type_20,68.79,1.94,211.9,20.46,3.902,165.9,0,0.13418810479789817,Normal,Good,-
M06052,Type_02,58.09,1.99,217.2,13.95,2.727,763.6,0,0.13417140816491355,Normal,Good,-
M08961,Type_06,56.86,1.43,218.0,13.1,2.57,51.0,0,0.13416547950832688,Normal,Good,-
M09144,Type_10,66.12,0.3,221.2,18.0,3.583,624.5,0,0.134163322141317,Normal,Good,-
M07472,Type_20,59.49,3.72,226.6,15.4,3.141,806.2,0,0.13416124287429462,Normal,Good,-
M07527,Type_25,68.25,1.33,212.4,18.27,3.492,832.8,0,0.13413969119398697,Normal,Good,-
M05816,Type_25,67.6,0.1,218.7,18.25,3.592,756.2,0,0.134139401506485,Normal,Good,-
M04164,Type_06,55.71,1.43,223.2,13.43,2.698,853.8,0,0.13413599791861908,Normal,Good,-
M02607,Type_25,69.41,1.76,213.4,13.64,2.62,708.6,0,0.13413012475337596,Normal,Good,-
M07552,Type_06,73.96,0.37,220.2,15.07,2.987,558.3,0,0.13412391162570717,Normal,Good,-
M09778,Type_20,68.01,0.1,224.8,16.43,3.324,643.1,0,0.1341200017915544,Normal,Good,-
M01785,Type_15,71.9,0.51,221.7,17.26,3.444,894.7,0,0.13409691477487928,Normal,Good,-
M00525,Type_25,72.52,2.42,219.5,11.83,2.337,590.3,0,0.13408264434148415,Normal,Good,-
M06217,Type_15,62.9,0.75,218.0,19.14,3.755,768.5,0,0.13407473040758247,Normal,Good,-
M03798,Type_13,52.35,0.1,223.5,10.99,2.211,632.3,0,0.13407308095040274,Normal,Good,-
M07077,Type_23,76.86,0.64,219.9,16.18,3.202,72.3,0,0.13405966379516468,Normal,Good,-
M00529,Type_25,67.98,2.39,228.9,16.39,3.377,581.9,0,0.13404392362859407,Normal,Good,-
M04749,Type_15,51.39,2.17,217.5,13.45,2.633,601.6,0,0.13404344811233374,Normal,Good,-
M06627,Type_16,61.71,2.11,210.7,16.25,3.081,322.9,0,0.13404059412689306,Normal,Good,-
M05221,Type_05,60.23,1.09,223.6,16.88,3.397,496.7,0,0.13403957332161914,Normal,Good,-
M07005,Type_25,65.29,0.52,215.4,18.76,3.637,823.4,0,0.13403949764887005,Normal,Good,-
M08384,Type_10,51.73,1.69,227.0,19.17,3.916,835.2,0,0.1340288576043302,Normal,Good,-
M04364,Type_06,61.16,1.38,226.6,10.59,2.16,777.0,0,0.1340205278989784,Normal,Good,-
M00929,Type_15,59.71,1.06,210.9,13.45,2.553,646.8,0,0.13401834319970418,Normal,Good,-
M01253,Type_15,57.61,1.24,220.9,12.65,2.515,805.8,0,0.13401834319970418,Normal,Good,-
M04697,Type_15,59.18,1.29,221.4,13.07,2.604,628.3,0,0.13401834319970418,Normal,Good,-
M07278,Type_15,58.54,0.75,220.6,12.8,2.541,658.1,0,0.13401834319970418,Normal,Good,-
M00942,Type_03,51.83,0.78,218.7,13.19,2.596,724.8,0,0.13401025121184923,Normal,Good,-
M02552,Type_25,53.03,2.5,217.3,14.85,2.904,459.4,0,0.13400287476276276,Normal,Good,-
M00076,Type_21,66.37,1.81,218.8,15.54,3.06,733.1,0,0.13400270284949653,Normal,Good,-
M08781,Type_21,66.79,1.98,221.1,15.44,3.072,661.6,0,0.13400270284949653,Normal,Good,-
M02858,Type_15,64.69,2.67,224.7,15.21,3.076,599.9,0,0.133995153042714,Normal,Good,-
M04672,Type_15,58.37,2.71,221.4,15.12,3.013,735.2,0,0.133995153042714,Normal,Good,-
M06789,Type_13,63.01,2.08,216.6,19.48,3.797,942.2,0,0.13399314052174577,Normal,Good,-
M07326,Type_15,79.5,3.07,221.4,17.47,3.481,823.8,0,0.13398946121679828,Normal,Good,-
M07906,Type_20,66.99,0.52,223.4,14.72,2.96,771.4,0,0.13398847063129296,Normal,Good,-
M09838,Type_03,70.89,0.18,219.6,14.85,2.935,188.7,0,0.1339881947866436,Normal,Good,-
M04328,Type_17,47.03,3.13,214.1,12.2,2.351,963.7,0,0.1339874947071543,Normal,Good,-
M09630,Type_20,62.46,2.06,224.9,11.7,2.368,261.0,0,0.13398160304443946,Normal,Good,-
M09677,Type_20,61.37,1.93,223.9,13.3,2.68,235.3,0,0.13398160304443946,Normal,Good,-
M02248,Type_20,67.28,2.45,215.2,16.08,3.114,826.7,0,0.13397625849694442,Normal,Good,-
M03910,Type_20,68.06,2.19,219.9,15.46,3.06,782.1,0,0.13397625849694442,Normal,Good,-
M03299,Type_20,65.2,0.1,214.7,18.42,3.559,870.4,0,0.133968688349915,Normal,Good,-
M08514,Type_21,67.33,2.36,217.1,16.43,3.21,213.4,0,0.1339667210001737,Normal,Good,-
M00135,Type_22,67.23,1.84,224.7,15.84,3.203,489.2,0,0.1339649859889858,Normal,Good,-
M04581,Type_22,58.32,2.01,220.5,16.25,3.225,359.8,0,0.1339649859889858,Normal,Good,-
M04606,Type_20,68.86,2.87,212.9,11.48,2.2,397.6,0,0.13396299803775655,Normal,Good,-
M03343,Type_16,65.59,1.46,218.6,15.16,2.983,596.5,0,0.1339539725554286,Normal,Good,-
M03979,Type_22,64.02,2.15,220.2,10.2,2.021,531.7,0,0.13394486351699667,Normal,Good,-
M02887,Type_15,77.91,1.4,217.1,17.77,3.472,882.3,0,0.1339436532610112,Normal,Good,-
M01667,Type_10,57.93,1.94,216.4,16.1,3.136,319.8,0,0.13394347061139716,Normal,Good,-
M03778,Type_10,58.59,1.93,216.2,15.37,2.991,354.1,0,0.13394347061139716,Normal,Good,-
M00439,Type_06,76.87,1.21,228.0,14.56,2.988,570.5,0,0.13394301785935853,Normal,Good,-
M03578,Type_21,69.31,1.68,222.1,13.0,2.599,431.1,0,0.1339398066836082,Normal,Good,-
M05558,Type_20,55.24,2.19,223.5,17.33,3.486,448.6,0,0.13393979295030242,Normal,Good,-
M03750,Type_17,65.43,1.03,224.4,19.41,3.92,357.0,0,0.13393276465312554,Normal,Good,-
M01824,Type_22,50.58,1.57,218.9,17.69,3.485,150.7,0,0.13393073926130855,Normal,Good,-
M04934,Type_03,56.71,1.88,216.8,13.45,2.624,739.0,0,0.133929325211018,Normal,Good,-
M08567,Type_20,62.07,2.87,214.8,18.34,3.545,850.0,0,0.1339233940133694,Normal,Good,-
M04459,Type_10,73.08,1.83,223.9,15.31,3.085,369.4,0,0.13392091216862945,Normal,Good,-
M01893,Type_05,66.01,3.57,223.6,18.91,3.805,445.7,0,0.1339204556730138,Normal,Good,-
M00088,Type_02,58.07,1.85,226.2,15.2,3.094,694.6,0,0.13391844687434426,Normal,Good,-
M09399,Type_10,53.46,2.68,214.8,17.47,3.377,438.1,0,0.13391616044752358,Normal,Good,-
M09334,Type_16,50.06,0.1,215.8,12.86,2.498,352.9,0,0.13391287698356844,Normal,Good,-
M00378,Type_22,60.42,2.3,223.3,17.53,3.523,360.0,0,0.1339104036760569,Normal,Good,-
M07351,Type_17,60.9,2.67,227.4,17.27,3.534,265.2,0,0.13390633406753177,Normal,Good,-
M05377,Type_06,73.25,2.62,214.7,14.59,2.819,865.4,0,0.13390618343057242,Normal,Good,-
M05341,Type_21,62.13,0.83,214.7,15.52,2.999,852.5,0,0.13390560400307183,Normal,Good,-
M07872,Type_21,62.05,0.73,215.2,15.47,2.996,595.3,0,0.13390560400307183,Normal,Good,-
M06556,Type_25,80.04,2.04,224.4,15.95,3.221,228.0,0,0.13390395592754248,Normal,Good,-
M05276,Type_15,71.39,0.1,216.1,18.89,3.674,725.7,0,0.13390080195064244,Normal,Good,-
M04937,Type_02,63.74,2.56,221.7,13.58,2.71,911.9,0,0.13389476144181114,Normal,Good,-
M09467,Type_15,64.01,1.88,225.2,18.2,3.689,937.6,0,0.13387962566135247,Normal,Good,-
M07942,Type_15,54.29,2.63,210.9,13.62,2.585,424.2,0,0.13386645852484713,Normal,Good,-
M05051,Type_03,38.65,1.83,223.0,11.01,2.21,567.1,0,0.13385625112775915,Normal,Good,-
M01358,Type_06,70.27,3.34,217.5,15.66,3.065,740.1,0,0.1338560218571983,Normal,Good,-
M00095,Type_06,74.85,1.07,225.1,14.41,2.919,773.4,0,0.133842793713729,Normal,Good,-
M01208,Type_06,69.08,3.35,223.1,16.41,3.295,225.5,0,0.13383673993739845,Normal,Good,-
M00545,Type_10,53.18,1.3,224.1,14.18,2.86,532.0,0,0.1338339151607038,Normal,Good,-
M08845,Type_17,52.85,1.78,218.1,19.24,3.777,592.8,0,0.1338267391078906,Normal,Good,-
M08438,Type_24,66.79,2.52,216.8,15.54,3.032,883.4,0,0.13382443133286567,Normal,Good,-
M07792,Type_20,67.98,1.31,223.3,18.59,3.736,130.1,0,0.13382202098478735,Normal,Good,-
M04688,Type_13,74.57,2.13,218.2,15.99,3.14,236.5,0,0.133818458657254,Normal,Good,-
M07638,Type_16,58.55,2.52,221.3,14.81,2.95,786.9,0,0.13381575703677778,Normal,Good,-
M06471,Type_06,56.1,3.04,217.9,16.49,3.234,544.2,0,0.1338150848949866,Normal,Good,-
M05415,Type_16,64.75,2.47,212.6,12.25,2.344,938.3,0,0.1338147992161378,Normal,Good,-
M05299,Type_03,67.21,0.68,222.2,11.55,2.31,177.0,0,0.13380944679974957,Normal,Good,-
M07237,Type_10,57.2,1.53,218.1,14.81,2.907,83.0,0,0.13380845570196498,Normal,Good,-
M05725,Type_16,72.11,2.1,217.2,14.66,2.866,251.4,0,0.13380837968827827,Normal,Good,-
M08380,Type_15,61.01,2.53,217.1,13.87,2.71,894.3,0,0.13379736202714287,Normal,Good,-
M02150,Type_22,67.43,2.79,228.0,13.52,2.774,919.9,0,0.13379446801865777,Normal,Good,-
M02316,Type_03,68.87,0.98,218.4,10.2,2.005,731.1,0,0.13379149478782648,Normal,Good,-
M07382,Type_02,48.35,2.22,219.6,18.18,3.593,746.5,0,0.1337870215901739,Normal,Good,-
M05466,Type_10,57.93,2.63,225.0,17.04,3.451,307.1,0,0.13378459816444707,Normal,Good,-
M07363,Type_03,71.57,1.84,215.0,13.24,2.562,944.5,0,0.13378099424324774,Normal,Good,-
M07572,Type_06,68.8,1.51,221.3,13.87,2.762,744.3,0,0.1337550345998463,Normal,Good,-
M07674,Type_07,72.76,1.33,211.3,18.91,3.596,53.6,0,0.13375359701559295,Normal,Good,-
M07356,Type_17,59.3,1.26,221.5,14.87,2.964,894.8,0,0.13374718153066648,Normal,Good,-
M05391,Type_06,79.02,3.7,219.2,14.73,2.906,71.6,0,0.13374177886536778,Normal,Good,-
M07074,Type_22,69.2,1.81,218.6,17.35,3.413,231.7,0,0.13373524280642682,Normal,Good,-
M07645,Type_23,76.49,2.92,215.3,17.78,3.445,100.5,0,0.13373103294884864,Normal,Good,-
M05607,Type_03,54.97,1.49,221.5,11.13,2.219,615.0,0,0.13372534590806306,Normal,Good,-
M06120,Type_13,48.24,0.94,220.7,18.08,3.591,844.8,0,0.13371547381422258,Normal,Good,-
M04044,Type_10,74.13,1.09,217.7,16.54,3.241,761.2,0,0.13371542482406343,Normal,Good,-
M06113,Type_02,50.16,1.89,226.0,15.4,3.132,585.2,0,0.13370183409452843,Normal,Good,-
M02007,Type_20,66.8,2.09,215.5,14.71,2.853,787.7,0,0.13368767868914483,Normal,Good,-
M07291,Type_22,66.37,1.95,222.8,16.36,3.281,856.4,0,0.13368461215721006,Normal,Good,-
M08899,Type_15,72.04,1.4,222.4,12.24,2.45,348.9,0,0.13368232261605756,Normal,Good,-
M09513,Type_22,51.91,1.53,219.2,13.42,2.647,104.7,0,0.1336815809934999,Normal,Good,-
M03851,Type_22,60.51,3.91,221.0,16.07,3.196,289.0,0,0.1336764838025338,Normal,Good,-
M09994,Type_16,51.53,1.73,219.9,15.72,3.111,657.4,0,0.13366702162351632,Normal,Good,-
M04620,Type_22,60.77,3.0,225.9,12.93,2.629,152.3,0,0.13366418133722782,Normal,Good,-
M04580,Type_06,61.98,0.96,217.8,13.7,2.685,75.3,0,0.13365853114577259,Normal,Good,-
M07877,Type_20,68.51,3.08,212.5,14.52,2.777,493.2,0,0.13364519432644906,Normal,Good,-
M08905,Type_11,44.05,1.27,224.6,14.45,2.921,956.8,0,0.1336310219100636,Normal,Good,-
M06179,Type_17,67.13,1.28,221.0,12.53,2.492,121.2,0,0.13362486558804998,Normal,Good,-
M08430,Type_20,75.97,3.24,214.6,12.05,2.327,514.6,0,0.13362310750041428,Normal,Good,-
M06519,Type_22,62.25,4.0,220.6,17.5,3.474,278.0,0,0.13361553341806676,Normal,Good,-
M01044,Type_20,70.51,0.1,227.8,13.72,2.813,930.0,0,0.13361444369026237,Normal,Good,-
M01669,Type_17,63.08,2.78,218.9,15.69,3.091,125.2,0,0.1336115882223961,Normal,Good,-
M09365,Type_25,71.74,2.45,221.5,15.5,3.09,597.3,0,0.13360968450901048,Normal,Good,-
M06287,Type_06,57.47,3.94,226.1,15.04,3.06,486.3,0,0.13360901716067844,Normal,Good,-
M00427,Type_22,56.42,2.93,219.8,10.36,2.049,574.4,0,0.1336073831907986,Normal,Good,-
M09522,Type_21,67.67,2.27,218.9,12.89,2.539,894.1,0,0.13360618941856428,Normal,Good,-
M00051,Type_25,68.88,0.97,213.6,18.25,3.508,430.9,0,0.13358816948970684,Normal,Good,-
M02443,Type_14,52.5,1.41,217.6,10.05,1.968,849.5,0,0.13357467304538187,Normal,Good,-
M05371,Type_20,77.74,2.62,229.4,14.78,3.051,590.4,0,0.13357445203164953,Normal,Good,-
M02999,Type_25,70.32,1.27,222.4,13.6,2.722,597.3,0,0.13357426074390094,Normal,Good,-
M06486,Type_25,72.66,0.7,215.5,13.99,2.713,768.4,0,0.13357426074390094,Normal,Good,-
M07569,Type_20,62.73,3.66,218.6,10.08,1.983,601.1,0,0.13356614340146067,Normal,Good,-
M02519,Type_15,78.25,1.42,219.5,17.63,3.483,660.7,0,0.13356483249803738,Normal,Good,-
M09107,Type_20,53.83,1.68,226.8,11.99,2.447,209.4,0,0.13353210789998374,Normal,Good,-
M04757,Type_06,70.17,2.2,224.9,15.14,3.064,628.4,0,0.13352941128323606,Normal,Good,-
M09851,Type_25,71.14,2.0,221.4,15.07,3.003,374.4,0,0.13351294086594723,Normal,Good,-
M09301,Type_20,75.43,0.8,218.3,12.56,2.468,918.0,0,0.13351101724346193,Normal,Good,-
M00965,Type_20,58.98,3.26,213.0,16.31,3.127,449.0,0,0.13350994574412903,Normal,Good,-
M01071,Type_20,60.32,3.05,221.5,15.38,3.066,376.8,0,0.13350994574412903,Normal,Good,-
M03908,Type_20,57.68,3.2,219.5,15.9,3.141,759.3,0,0.13350994574412903,Normal,Good,-
M08884,Type_22,51.86,1.73,224.2,16.08,3.245,260.0,0,0.13349109966362227,Normal,Good,-
M01149,Type_15,55.98,1.4,227.4,17.57,3.596,720.3,0,0.13349073872947306,Normal,Good,-
M06205,Type_15,56.46,1.34,220.4,18.01,3.572,657.2,0,0.13349073872947306,Normal,Good,-
M07819,Type_03,65.58,1.85,217.9,17.85,3.501,212.5,0,0.1334838745151695,Normal,Good,-
M07716,Type_17,56.27,1.34,219.8,14.91,2.949,232.7,0,0.13348212806957288,Normal,Good,-
M00392,Type_06,65.79,2.61,218.7,14.09,2.773,677.5,0,0.13347985407198415,Normal,Good,-
M08842,Type_10,63.06,1.45,216.1,11.19,2.176,657.9,0,0.13347757503682628,Normal,Good,-
M00481,Type_20,55.8,2.8,220.0,17.33,3.431,697.6,0,0.13347389886891364,Normal,Good,-
M09713,Type_20,67.56,3.18,221.8,13.82,2.759,415.0,0,0.13347373965803755,Normal,Good,-
M06500,Type_17,63.82,0.74,217.3,14.17,2.771,245.9,0,0.13346236691714458,Normal,Good,-
M04743,Type_17,63.49,1.3,224.0,11.65,2.349,230.2,0,0.13346198993771194,Normal,Good,-
M09398,Type_13,56.71,0.61,220.2,17.11,3.391,132.0,0,0.13346090255165413,Normal,Good,-
M04381,Type_25,72.4,2.85,215.5,13.57,2.632,874.5,0,0.1334576671956276,Normal,Good,-
M05742,Type_25,73.73,3.15,218.9,12.94,2.549,724.3,0,0.1334576671956276,Normal,Good,-
M08150,Type_25,70.94,2.7,212.0,13.16,2.511,431.5,0,0.1334576671956276,Normal,Good,-
M04181,Type_20,76.18,1.97,219.9,14.19,2.808,726.2,0,0.13344975470152243,Normal,Good,-
M05203,Type_15,74.01,0.71,214.6,14.3,2.762,884.5,0,0.1334458670981099,Normal,Good,-
M08442,Type_13,57.34,3.43,222.5,11.12,2.227,975.7,0,0.13344531995464348,Normal,Good,-
M07414,Type_20,59.13,1.64,222.9,16.58,3.326,856.3,0,0.13342576743525122,Normal,Good,-
M09628,Type_15,52.32,1.2,223.3,14.83,2.98,657.0,0,0.13342042990544992,Normal,Good,-
M03493,Type_16,61.19,2.38,215.0,14.49,2.804,500.8,0,0.13342022934072617,Normal,Good,-
M09053,Type_20,72.77,2.91,224.2,15.03,3.033,659.4,0,0.13339966039909484,Normal,Good,-
M06178,Type_10,53.51,3.17,226.9,15.4,3.145,527.2,0,0.1333979404756658,Normal,Good,-
M02297,Type_03,65.91,0.86,213.7,15.85,3.048,929.8,0,0.13339421350666664,Normal,Good,-
M08892,Type_16,59.7,2.5,226.9,15.63,3.192,452.6,0,0.13338824037644156,Normal,Good,-
M01602,Type_15,59.14,0.18,223.4,17.87,3.593,359.5,0,0.13338620966427414,Normal,Good,-
M03923,Type_10,76.32,2.39,218.5,10.13,1.992,344.7,0,0.13338287630750809,Normal,Good,-
M03360,Type_10,71.58,2.68,229.4,13.88,2.866,216.2,0,0.13338083875718768,Normal,Good,-
M01264,Type_03,76.79,0.28,226.6,14.91,3.041,270.1,0,0.1333709369225151,Normal,Good,-
M08245,Type_06,79.22,2.59,220.3,17.69,3.507,817.8,0,0.1333462334189972,Normal,Good,-
M06771,Type_21,64.76,0.63,225.3,11.65,2.362,346.7,0,0.13333935985506737,Normal,Good,-
M00517,Type_20,77.14,0.99,226.3,14.66,2.986,772.2,0,0.1333346165766434,Normal,Good,-
M01970,Type_02,56.18,2.27,223.6,16.24,3.268,251.0,0,0.13333372668530116,Normal,Good,-
M07079,Type_18,52.86,2.59,221.8,16.54,3.302,942.4,0,0.133332179488289,Normal,Good,-
M01205,Type_10,56.63,1.49,216.3,18.69,3.638,753.5,0,0.13330874435096537,Normal,Good,-
M03745,Type_10,59.36,1.06,216.5,18.14,3.535,544.8,0,0.1333049928577024,Normal,Good,-
M00198,Type_16,60.5,0.86,219.6,14.11,2.789,736.7,0,0.1333045162555978,Normal,Good,-
M02508,Type_25,69.54,1.82,219.0,14.02,2.763,482.2,0,0.13329488238723017,Normal,Good,-
M06575,Type_16,54.23,2.58,217.9,16.0,3.138,838.4,0,0.13329320522613727,Normal,Good,-
M01815,Type_21,54.85,0.88,222.9,13.39,2.686,353.8,0,0.13329143217289058,Normal,Good,-
M09413,Type_17,63.32,0.1,226.5,15.87,3.235,199.9,0,0.1332651072215554,Normal,Good,-
M04596,Type_20,74.19,2.2,221.2,15.06,2.998,673.8,0,0.13326168447991965,Normal,Good,-
M05227,Type_22,64.71,0.84,218.4,16.66,3.275,506.3,0,0.13325925645259087,Normal,Good,-
M04188,Type_06,67.85,1.86,225.5,16.29,3.306,171.4,0,0.1332576171108994,Normal,Good,-
M02561,Type_22,61.34,0.82,216.2,16.02,3.117,358.9,0,0.13325441782087563,Normal,Good,-
M06548,Type_01,71.48,2.73,218.1,10.82,2.124,56.8,0,0.1332449625701128,Normal,Good,-
M02369,Type_03,66.29,3.25,214.4,15.8,3.049,705.0,0,0.13324103635052187,Normal,Good,-
M02090,Type_11,53.2,2.47,224.9,16.38,3.315,976.0,0,0.13324001310618833,Normal,Good,-
M09036,Type_16,71.65,2.0,220.8,16.42,3.263,140.2,0,0.1332399426826844,Normal,Good,-
M00406,Type_15,60.63,0.44,216.1,13.11,2.55,886.0,0,0.1332199822235496,Normal,Good,-
M00081,Type_20,64.32,2.26,220.1,11.74,2.326,194.2,0,0.13321948401252434,Normal,Good,-
M09872,Type_20,62.94,2.28,220.8,13.33,2.649,259.7,0,0.13321948401252434,Normal,Good,-
M03238,Type_06,70.67,2.42,216.8,13.29,2.593,244.3,0,0.13321484381538565,Normal,Good,-
M01905,Type_20,65.28,2.7,220.9,12.16,2.418,416.5,0,0.1332146075093598,Normal,Good,-
M02956,Type_20,40.59,2.71,221.3,14.42,2.872,205.7,0,0.13321409462274114,Normal,Good,-
M02892,Type_25,68.01,2.16,219.2,12.65,2.496,346.3,0,0.1332112371008352,Normal,Good,-
M02549,Type_07,47.09,1.33,228.1,15.35,3.151,992.8,0,0.13320849203725482,Normal,Good,-
M07321,Type_25,74.63,0.1,219.6,18.17,3.591,439.2,0,0.1332013151724468,Normal,Good,-
M00836,Type_22,60.86,0.83,215.5,16.28,3.158,282.5,0,0.13320048976790247,Normal,Good,-
M04773,Type_20,65.53,1.44,218.4,16.15,3.174,597.7,0,0.13317712767662937,Normal,Good,-
M08826,Type_07,43.38,2.6,225.8,15.79,3.209,951.0,0,0.13317419967599523,Normal,Good,-
M01366,Type_20,70.41,2.22,223.1,16.16,3.245,314.7,0,0.13317214036414157,Normal,Good,-
M00546,Type_21,52.85,1.36,219.6,14.96,2.957,525.8,0,0.13316414240600868,Normal,Good,-
M05353,Type_15,48.45,0.36,229.0,15.13,3.118,662.8,0,0.13315972947601648,Normal,Good,-
M03707,Type_10,55.28,1.37,218.4,13.79,2.711,711.7,0,0.13315296684552075,Normal,Good,-
M08572,Type_10,59.71,1.61,219.8,18.28,3.616,160.4,0,0.13315249113280794,Normal,Good,-
M06073,Type_16,60.14,1.36,218.4,13.71,2.695,956.7,0,0.13315248277055158,Normal,Good,-
M03317,Type_03,73.67,2.27,226.3,13.85,2.821,174.7,0,0.13315053718245967,Normal,Good,-
M09662,Type_06,64.41,1.55,212.9,14.48,2.775,653.5,0,0.1331466173330579,Normal,Good,-
M06967,Type_17,56.71,2.65,223.0,16.91,3.394,151.2,0,0.13314635317429396,Normal,Good,-
M08037,Type_25,73.61,3.07,217.1,15.76,3.079,789.1,0,0.1331437904276217,Normal,Good,-
M03966,Type_20,66.74,1.83,224.2,12.33,2.488,331.5,0,0.13313267069455384,Normal,Good,-
M01618,Type_10,48.58,2.61,218.1,17.09,3.355,582.9,0,0.13312192414115157,Normal,Good,-
M07863,Type_20,64.22,2.42,214.3,17.34,3.344,696.4,0,0.13310713035748215,Normal,Good,-
M08658,Type_25,53.37,2.55,212.1,17.83,3.404,756.1,0,0.13309931836169103,Normal,Good,-
M07246,Type_25,61.29,0.69,225.2,18.27,3.703,904.9,0,0.13309274841858687,Normal,Good,-
M02697,Type_25,71.29,2.45,223.7,14.01,2.821,558.5,0,0.13308831891087056,Normal,Good,-
M00464,Type_25,61.41,1.43,217.1,19.98,3.904,393.7,0,0.13308817887483262,Normal,Good,-
M02985,Type_22,52.78,0.96,224.8,13.62,2.756,425.1,0,0.13308812575026482,Normal,Good,-
M00091,Type_16,50.91,2.45,217.4,13.16,2.575,632.2,0,0.13308760620717736,Normal,Good,-
M03702,Type_05,55.83,2.16,213.5,15.53,2.984,485.2,0,0.13306480013016603,Normal,Good,-
M09547,Type_24,59.2,0.87,214.5,17.16,3.313,976.6,0,0.13306454277128255,Normal,Good,-
M07303,Type_02,54.26,3.22,220.0,15.47,3.063,383.4,0,0.13306392697320935,Normal,Good,-
M09060,Type_25,56.49,1.94,217.3,18.06,3.532,613.8,0,0.133061814542369,Normal,Good,-
M06414,Type_16,58.15,0.32,216.9,15.42,3.01,852.3,0,0.1330596059674017,Normal,Good,-
M07582,Type_25,72.9,1.81,225.5,16.04,3.255,657.0,0,0.13305412895345495,Normal,Good,-
M01844,Type_02,61.95,0.55,222.0,16.75,3.347,81.5,0,0.1330528082188507,Normal,Good,-
M08002,Type_03,70.78,2.49,216.9,11.67,2.278,813.4,0,0.1330508911208625,Normal,Good,-
M01956,Type_23,63.14,0.1,220.1,15.07,2.985,88.4,0,0.1330345451202665,Normal,Good,-
M02594,Type_10,60.45,2.55,222.1,14.18,2.834,147.5,0,0.13303267108365907,Normal,Good,-
M03635,Type_21,46.21,2.24,221.4,16.32,3.252,944.0,0,0.13303004410492217,Normal,Good,-
M02886,Type_13,75.21,1.92,220.6,17.31,3.437,218.2,0,0.13302264746573836,Normal,Good,-
M02605,Type_10,74.77,2.2,214.1,17.07,3.289,887.4,0,0.13302135612500332,Normal,Good,-
M06884,Type_16,70.34,1.44,222.7,14.03,2.812,238.0,0,0.13301975103580824,Normal,Good,-
M04368,Type_15,62.57,1.01,225.7,11.68,2.373,73.7,0,0.13300954192101164,Normal,Good,-
M02740,Type_10,60.74,1.23,215.3,14.05,2.722,859.8,0,0.13299066668473647,Normal,Good,-
M05185,Type_10,60.27,0.43,214.9,14.55,2.814,720.9,0,0.13299066668473647,Normal,Good,-
M04882,Type_06,58.25,1.6,213.6,18.8,3.614,620.0,0,0.13297969797183623,Normal,Good,-
M05107,Type_15,53.79,2.6,210.8,16.33,3.098,591.4,0,0.13297812424925262,Normal,Good,-
M02070,Type_22,59.22,3.26,226.8,17.74,3.621,137.9,0,0.13297780525052869,Normal,Good,-
M04654,Type_25,76.66,2.3,224.6,14.08,2.846,560.4,0,0.13297674927441805,Normal,Good,-
M00633,Type_25,57.31,0.97,223.4,19.11,3.842,478.4,0,0.1329755334384907,Normal,Good,-
M08663,Type_15,55.83,0.86,222.1,16.2,3.238,250.6,0,0.13297239129406055,Normal,Good,-
M06296,Type_22,56.03,0.11,222.4,19.66,3.935,451.7,0,0.1329706681757351,Normal,Good,-
M00587,Type_06,46.26,3.22,221.7,12.27,2.448,451.6,0,0.13297029310063796,Normal,Good,-
M03592,Type_05,60.88,1.76,214.8,15.12,2.923,815.4,0,0.13296336036658538,Normal,Good,-
M07799,Type_20,59.88,2.4,222.0,15.39,3.075,475.2,0,0.13296176574332122,Normal,Good,-
M01597,Type_25,74.29,2.24,211.6,12.0,2.285,637.6,0,0.13295162250150616,Normal,Good,-
M07398,Type_03,55.86,0.1,213.9,16.66,3.207,306.6,0,0.13295115340702,Normal,Good,-
M09845,Type_21,64.03,2.44,215.0,14.56,2.817,364.8,0,0.13294822859186267,Normal,Good,-
M08467,Type_16,57.13,1.38,221.7,15.27,3.047,538.7,0,0.13294584160048908,Normal,Good,-
M08696,Type_22,73.06,3.91,219.1,18.01,3.551,311.8,0,0.13294357643146149,Normal,Good,-
M07542,Type_20,57.16,3.07,218.1,16.54,3.247,504.4,0,0.13293523310045086,Normal,Good,-
M05209,Type_25,76.88,0.89,220.1,18.18,3.601,529.2,0,0.13291618538089509,Normal,Good,-
M04445,Type_20,78.16,2.02,216.2,12.49,2.43,342.3,0,0.13289474670693144,Normal,Good,-
M08589,Type_10,44.05,2.68,221.1,16.59,3.301,136.2,0,0.1328897527708867,Normal,Good,-
M02121,Type_10,49.5,2.34,219.2,13.76,2.715,300.5,0,0.13288657891445807,Normal,Good,-
M08917,Type_15,80.08,2.48,215.7,14.86,2.885,773.9,0,0.1328848078585873,Normal,Good,-
M10000,Type_23,75.73,0.1,215.7,14.2,2.757,199.1,0,0.1328847115083265,Normal,Good,-
M08211,Type_15,73.19,1.38,219.4,15.74,3.108,72.7,0,0.13287907027128776,Normal,Good,-
M09687,Type_25,67.32,2.46,225.1,15.58,3.156,921.6,0,0.13287149551557398,Normal,Good,-
M06913,Type_16,49.69,0.95,216.8,14.18,2.767,848.7,0,0.13287140313569956,Normal,Good,-
M07525,Type_06,56.34,0.1,210.8,12.85,2.438,399.6,0,0.1328706896123816,Normal,Good,-
M07669,Type_10,59.51,1.72,216.5,16.79,3.272,695.1,0,0.1328668811379483,Normal,Good,-
M08974,Type_06,64.71,2.11,217.0,17.33,3.385,120.5,0,0.13286214366656982,Normal,Good,-
M03640,Type_22,64.59,1.24,223.9,13.88,2.797,337.4,0,0.1328533765907299,Normal,Good,-
M06163,Type_06,57.38,1.81,219.2,14.93,2.945,288.6,0,0.13285284424915447,Normal,Good,-
M07289,Type_06,58.21,2.02,223.9,13.86,2.793,826.8,0,0.13284504557726054,Normal,Good,-
M01132,Type_05,60.37,2.04,227.3,16.47,3.369,219.0,0,0.13284233927347894,Normal,Good,-
M09085,Type_10,54.28,1.8,219.6,14.48,2.862,831.0,0,0.13283325985799704,Normal,Good,-
M02149,Type_20,54.92,2.98,222.2,14.62,2.924,295.5,0,0.13281805351580397,Normal,Good,-
M03799,Type_22,64.61,2.83,219.6,11.75,2.322,223.7,0,0.132809190319499,Normal,Good,-
M05298,Type_15,72.14,3.02,220.8,13.77,2.736,918.3,0,0.13279844209898675,Normal,Good,-
M04629,Type_17,58.43,0.78,216.5,13.76,2.681,195.4,0,0.1327982993730964,Normal,Good,-
M05606,Type_16,43.81,2.0,218.7,13.75,2.706,846.9,0,0.13279612104816507,Normal,Good,-
M04394,Type_15,58.47,1.2,224.2,17.74,3.58,835.5,0,0.13279577479260476,Normal,Good,-
M01157,Type_06,60.2,1.07,212.1,20.66,3.944,959.1,0,0.13278533407410095,Normal,Good,-
M02761,Type_23,62.06,0.1,216.3,15.32,2.982,267.4,0,0.13278360362122144,Normal,Good,-
M04523,Type_03,51.96,1.71,219.2,14.07,2.776,274.4,0,0.13277058008524456,Normal,Good,-
M09702,Type_22,74.6,0.7,219.5,16.88,3.335,856.6,0,0.13276961171360332,Normal,Good,-
M08416,Type_06,51.34,2.74,214.9,13.88,2.685,409.7,0,0.13276869782098852,Normal,Good,-
M08941,Type_02,60.62,3.47,224.0,14.84,2.992,458.7,0,0.13276766927374756,Normal,Good,-
M06119,Type_13,46.35,1.29,226.2,17.06,3.473,344.7,0,0.13275638716234503,Normal,Good,-
M01515,Type_20,58.06,2.6,221.8,13.24,2.643,164.2,0,0.13275358993113556,Normal,Good,-
M04001,Type_20,62.56,2.66,220.6,13.39,2.658,157.9,0,0.13275358993113556,Normal,Good,-
M07069,Type_20,61.01,2.58,219.2,12.59,2.484,216.8,0,0.13275358993113556,Normal,Good,-
M00243,Type_03,50.97,2.71,216.3,15.54,3.025,61.4,0,0.13274424153786177,Normal,Good,-
M00460,Type_20,75.46,1.07,218.0,14.51,2.847,837.0,0,0.13274402516512757,Normal,Good,-
M05747,Type_22,58.96,1.24,221.9,17.6,3.515,545.0,0,0.1327079550651334,Normal,Good,-
M03030,Type_16,54.53,2.04,216.4,15.94,3.104,671.0,0,0.1327068719649761,Normal,Good,-
M02917,Type_20,59.31,3.71,220.7,16.4,3.258,792.4,0,0.13269865784028104,Normal,Good,-
M02780,Type_02,61.71,2.57,222.4,18.28,3.659,797.0,0,0.13269793048274264,Normal,Good,-
M05611,Type_10,64.14,1.39,223.3,15.24,3.063,667.1,0,0.13268950642223967,Normal,Good,-
M09309,Type_22,65.7,2.63,218.4,16.14,3.172,329.3,0,0.13268329339362628,Normal,Good,-
M06340,Type_20,63.93,1.75,223.7,14.07,2.833,596.2,0,0.13267318593552166,Normal,Good,-
M07156,Type_22,78.17,1.63,220.3,18.15,3.599,574.9,0,0.13266241843323687,Normal,Good,-
M08186,Type_20,61.64,1.99,217.4,12.07,2.362,54.1,0,0.132658834888112,Normal,Good,-
M08337,Type_02,71.68,3.59,221.9,15.09,3.014,500.4,0,0.13265025745155168,Normal,Good,-
M03904,Type_22,65.5,2.71,217.3,12.5,2.445,199.9,0,0.13265010725503124,Normal,Good,-
M09013,Type_25,74.95,2.43,221.7,15.69,3.131,471.7,0,0.13263774573350026,Normal,Good,-
M00634,Type_22,78.41,1.94,224.1,17.95,3.62,657.6,0,0.13263483659203593,Normal,Good,-
M02128,Type_15,62.3,2.92,221.6,15.59,3.109,330.6,0,0.13262517126428755,Normal,Good,-
M00440,Type_20,68.92,1.89,217.3,14.66,2.867,890.7,0,0.13262321548776387,Normal,Good,-
M03392,Type_25,78.01,3.77,218.5,13.56,2.667,714.5,0,0.13261553555072367,Normal,Good,-
M05030,Type_22,77.87,1.98,226.3,13.34,2.717,328.1,0,0.132607061749719,Normal,Good,-
M07018,Type_06,49.87,1.53,223.5,16.56,3.331,470.3,0,0.13260304184537364,Normal,Good,-
M01749,Type_25,55.3,2.86,217.5,17.76,3.477,563.3,0,0.13259592046098023,Normal,Good,-
M00400,Type_02,45.77,3.23,223.3,15.03,3.021,299.2,0,0.13258703352465917,Normal,Good,-
M04175,Type_10,67.97,2.81,222.7,14.25,2.856,121.7,0,0.13255868419607816,Normal,Good,-
M02898,Type_20,61.78,1.79,221.4,15.9,3.168,954.0,0,0.13255260052665382,Normal,Good,-
M01416,Type_06,59.3,1.58,220.5,17.95,3.562,74.1,0,0.1325487780324483,Normal,Good,-
M01678,Type_20,52.33,0.45,222.8,12.61,2.529,407.9,0,0.13251653103520364,Normal,Good,-
M07967,Type_25,67.28,2.31,226.7,13.73,2.801,456.2,0,0.13251521166590113,Normal,Good,-
M02734,Type_06,70.78,1.19,211.0,17.63,3.348,133.5,0,0.13251101803074714,Normal,Good,-
M00402,Type_25,63.06,1.7,223.6,17.21,3.463,605.4,0,0.13250625898681345,Normal,Good,-
M05297,Type_25,62.46,1.81,223.9,17.06,3.438,765.4,0,0.13250625898681345,Normal,Good,-
M09680,Type_20,64.89,2.86,217.1,15.88,3.103,484.6,0,0.13249587166193247,Normal,Good,-
M03694,Type_16,57.3,2.62,223.2,15.25,3.063,782.4,0,0.13249485127113522,Normal,Good,-
M06937,Type_25,77.76,2.77,218.6,12.26,2.412,584.3,0,0.1324857284201174,Normal,Good,-
M07759,Type_25,77.08,2.54,224.4,12.61,2.547,483.3,0,0.1324857284201174,Normal,Good,-
M06487,Type_22,62.14,0.55,222.9,17.61,3.533,682.5,0,0.13248387638468304,Normal,Good,-
M05387,Type_02,52.4,2.49,227.9,14.76,3.027,312.7,0,0.1324662100355298,Normal,Good,-
M08644,Type_25,64.95,2.41,223.8,14.49,2.919,370.7,0,0.13246241287540572,Normal,Good,-
M09909,Type_22,72.55,2.95,222.4,11.96,2.394,174.0,0,0.13246140383383986,Normal,Good,-
M04348,Type_25,78.35,3.29,216.5,13.64,2.658,797.8,0,0.13245814657891647,Normal,Good,-
M01628,Type_02,58.33,3.19,218.6,15.85,3.118,252.6,0,0.13245481773798562,Normal,Good,-
M04062,Type_16,54.71,1.49,216.3,12.77,2.486,80.1,0,0.13245133976396437,Normal,Good,-
M04770,Type_25,69.34,2.04,226.6,14.79,3.016,700.2,0,0.13244911107871318,Normal,Good,-
M04724,Type_10,52.23,3.16,229.6,13.45,2.779,898.4,0,0.1324486068602459,Normal,Good,-
M06810,Type_22,49.17,2.35,221.5,17.41,3.471,893.5,0,0.13243746079842025,Normal,Good,-
M09546,Type_16,66.96,2.72,211.9,13.05,2.489,140.4,0,0.13243375556525808,Normal,Good,-
M07951,Type_10,56.23,2.35,216.0,17.28,3.359,234.9,0,0.13243190191569618,Normal,Good,-
M04795,Type_25,51.14,2.34,226.1,17.2,3.5,468.2,0,0.13242625587550036,Normal,Good,-
M03623,Type_06,62.93,0.18,222.4,13.44,2.69,300.4,0,0.13242587964671063,Normal,Good,-
M06980,Type_25,73.35,1.62,220.4,17.57,3.485,781.2,0,0.13242049843437745,Normal,Good,-
M09718,Type_20,59.51,1.38,217.9,18.44,3.616,883.6,0,0.13241241526777067,Normal,Good,-
M01137,Type_25,56.1,3.89,220.1,17.05,3.377,401.4,0,0.13240417810012675,Normal,Good,-
M04992,Type_06,52.08,0.35,222.1,14.79,2.956,501.3,0,0.13240261968669392,Normal,Good,-
M09112,Type_06,79.01,2.67,216.0,17.31,3.365,783.7,0,0.1324025810089497,Normal,Good,-
M02541,Type_13,57.87,0.1,222.2,17.75,3.55,926.8,0,0.13240013566085596,Normal,Good,-
M05357,Type_20,63.18,0.1,219.5,16.99,3.356,316.3,0,0.13238229671382748,Normal,Good,-
M02029,Type_20,66.29,3.54,221.6,12.77,2.547,198.0,0,0.13238126844120052,Normal,Good,-
M08509,Type_17,61.65,2.56,215.8,16.86,3.275,270.9,0,0.1323779924218712,Normal,Good,-
M04053,Type_20,76.39,1.86,221.1,13.07,2.601,951.3,0,0.13237080160263462,Normal,Good,-
M01579,Type_15,57.33,1.15,224.0,15.64,3.153,731.9,0,0.1323678898921945,Normal,Good,-
M07235,Type_05,76.79,2.3,210.3,18.29,3.462,536.7,0,0.13236443192591354,Normal,Good,-
M01659,Type_25,76.53,1.16,216.4,16.45,3.204,693.1,0,0.1323615685346155,Normal,Good,-
M05965,Type_25,74.25,1.25,224.1,15.77,3.181,437.4,0,0.1323615685346155,Normal,Good,-
M08700,Type_06,66.08,1.64,221.7,15.8,3.153,584.3,0,0.13236021565435532,Normal,Good,-
M06100,Type_22,45.34,1.86,224.0,15.88,3.201,267.4,0,0.13235253390455337,Normal,Good,-
M04249,Type_17,47.65,0.69,214.2,14.52,2.799,902.3,0,0.1323475732521905,Normal,Good,-
M00055,Type_21,49.51,2.56,223.8,14.3,2.88,427.3,0,0.13234471634820408,Normal,Good,-
M06185,Type_24,47.87,2.85,223.5,12.16,2.446,978.8,0,0.13233886828709632,Normal,Good,-
M03736,Type_13,73.52,2.41,222.7,14.23,2.852,972.2,0,0.1323299202152948,Normal,Good,-
M00484,Type_20,79.86,0.37,228.6,18.77,3.862,118.3,0,0.13232930346913677,Normal,Good,-
M06807,Type_05,52.97,2.36,214.0,14.22,2.739,57.7,0,0.13232789317172483,Normal,Good,-
M07649,Type_21,69.51,1.86,219.8,11.0,2.176,603.5,0,0.13231391477253213,Normal,Good,-
M07471,Type_21,63.9,2.94,218.3,15.98,3.14,368.1,0,0.13231325121889545,Normal,Good,-
M05641,Type_22,68.54,3.33,219.6,10.05,1.986,558.8,0,0.13230944970627787,Normal,Good,-
M09938,Type_06,76.54,1.47,224.5,14.64,2.958,647.6,0,0.13230308094752619,Normal,Good,-
M08335,Type_16,62.54,0.7,219.2,15.9,3.137,954.7,0,0.13230245618656372,Normal,Good,-
M06718,Type_25,68.46,2.28,230.0,15.8,3.271,616.6,0,0.1322996685871144,Normal,Good,-
M03458,Type_25,61.5,0.86,219.5,11.51,2.274,713.3,0,0.13229865313698924,Normal,Good,-
M03424,Type_25,79.1,0.9,223.2,12.95,2.601,253.4,0,0.13229660158318288,Normal,Good,-
M06494,Type_25,58.97,2.01,219.8,11.67,2.309,557.3,0,0.1322946584116427,Normal,Good,-
M08080,Type_22,54.93,1.41,224.5,13.57,2.742,110.2,0,0.1322931363907682,Normal,Good,-
M05195,Type_10,57.83,2.52,219.5,13.43,2.653,81.2,0,0.1322861013612955,Normal,Good,-
M02082,Type_24,52.85,2.46,218.9,14.52,2.861,953.2,0,0.13228088239206934,Normal,Good,-
M01713,Type_10,48.98,2.51,222.1,15.57,3.112,643.0,0,0.132279285259511,Normal,Good,-
M06245,Type_16,51.46,2.9,223.7,14.0,2.819,642.1,0,0.13226606985748807,Normal,Good,-
M01140,Type_06,55.45,2.28,223.3,13.86,2.785,644.3,0,0.1322631516789107,Normal,Good,-
M03730,Type_21,65.97,2.16,224.7,11.33,2.291,90.8,0,0.13225201157328662,Normal,Good,-
M05340,Type_15,80.1,2.18,222.3,16.0,3.201,88.0,0,0.13225061115943956,Normal,Good,-
M08550,Type_17,66.53,1.37,215.5,17.72,3.437,285.4,0,0.13224030174115387,Normal,Good,-
M03170,Type_20,59.12,2.98,220.0,15.82,3.132,302.6,0,0.1322282531487695,Normal,Good,-
M03142,Type_16,62.85,2.11,218.9,15.11,2.977,529.7,0,0.13222766694614424,Normal,Good,-
M03731,Type_10,70.82,2.01,217.1,15.14,2.958,335.4,0,0.13221713335614965,Normal,Good,-
M03794,Type_15,55.1,0.79,214.9,18.05,3.491,495.0,0,0.13221388089425498,Normal,Good,-
M00229,Type_16,76.27,1.5,222.5,11.85,2.373,220.3,0,0.13220881198806705,Normal,Good,-
M02771,Type_17,68.43,2.71,227.1,18.9,3.863,261.8,0,0.13220426238709637,Normal,Good,-
M03638,Type_05,73.0,2.83,223.3,18.96,3.81,519.9,0,0.13219744398318697,Normal,Good,-
M04789,Type_25,69.29,1.52,222.0,12.38,2.474,332.9,0,0.13218634403185095,Normal,Good,-
M00320,Type_22,60.07,2.34,225.2,16.48,3.34,256.8,0,0.1321777960150702,Normal,Good,-
M02292,Type_22,65.72,2.02,225.1,16.48,3.339,187.2,0,0.1321777960150702,Normal,Good,-
M01007,Type_25,63.46,2.08,224.7,14.5,2.932,817.8,0,0.1321607021200868,Normal,Good,-
M06680,Type_25,61.31,2.1,219.2,14.38,2.837,710.8,0,0.1321607021200868,Normal,Good,-
M05916,Type_06,80.04,1.48,224.7,10.64,2.152,106.9,0,0.13215846966943556,Normal,Good,-
M05836,Type_22,62.23,1.64,221.9,10.82,2.161,716.4,0,0.13215719845097026,Normal,Good,-
M06151,Type_25,78.51,2.99,226.0,15.68,3.189,743.1,0,0.13214426981091057,Normal,Good,-
M00721,Type_25,63.3,0.97,223.7,12.98,2.613,503.6,0,0.13213957007252147,Normal,Good,-
M09576,Type_16,63.05,1.05,213.0,15.47,2.966,270.3,0,0.13213922190077468,Normal,Good,-
M01771,Type_25,60.02,2.0,216.3,13.88,2.702,801.9,0,0.13213557534717493,Normal,Good,-
M09281,Type_25,63.34,1.89,217.1,12.39,2.421,488.0,0,0.13213557534717493,Normal,Good,-
M00543,Type_23,78.96,1.9,220.2,10.6,2.101,236.5,0,0.13213138070480035,Normal,Good,-
M00510,Type_10,78.63,2.68,219.6,15.72,3.107,673.1,0,0.13213103665126855,Normal,Good,-
M00592,Type_10,58.81,0.99,212.0,17.14,3.27,653.4,0,0.13211315047574274,Normal,Good,-
M01368,Type_10,60.32,0.55,213.9,16.43,3.163,617.3,0,0.13211315047574274,Normal,Good,-
M02271,Type_06,49.89,2.38,212.9,11.19,2.144,697.9,0,0.13209774198348953,Normal,Good,-
M02358,Type_07,75.06,2.93,219.7,11.07,2.189,955.2,0,0.13208825870200935,Normal,Good,-
M02017,Type_10,75.71,1.94,220.6,15.88,3.153,351.0,0,0.1320874956925897,Normal,Good,-
M01446,Type_16,58.87,0.83,221.9,14.23,2.842,334.8,0,0.13208583388511752,Normal,Good,-
M06276,Type_15,45.83,0.95,210.9,12.45,2.363,599.7,0,0.13208307018105836,Normal,Good,-
M01505,Type_05,62.78,2.3,220.8,19.13,3.802,432.8,0,0.1320825912687059,Normal,Good,-
M02960,Type_15,66.05,0.7,211.8,10.88,2.074,676.8,0,0.13207444263055237,Normal,Good,-
M05758,Type_15,64.25,1.13,219.5,10.52,2.078,550.6,0,0.13207444263055237,Normal,Good,-
M08013,Type_21,52.17,1.85,223.7,17.69,3.562,980.8,0,0.1320729607747226,Normal,Good,-
M01557,Type_06,68.5,3.81,214.7,13.02,2.516,954.2,0,0.13207002802499487,Normal,Good,-
M08665,Type_03,78.78,2.06,217.8,12.58,2.466,986.1,0,0.13205943377835674,Normal,Good,-
M02127,Type_06,71.5,1.57,224.5,14.99,3.029,274.4,0,0.13205634035170324,Normal,Good,-
M04655,Type_20,55.66,2.51,215.1,16.34,3.163,688.9,0,0.13204637651747672,Normal,Good,-
M07318,Type_06,59.66,1.61,220.1,13.95,2.763,856.6,0,0.13204591475694552,Normal,Good,-
M03854,Type_13,53.49,1.06,219.5,16.78,3.315,395.2,0,0.1320432914651304,Normal,Good,-
M06641,Type_09,63.14,2.32,218.2,11.91,2.339,985.1,0,0.13203921773383706,Normal,Good,-
M04478,Type_09,75.2,2.22,215.4,15.49,3.003,983.4,0,0.13201685847283462,Normal,Good,-
M00365,Type_06,60.52,2.12,216.9,13.74,2.682,945.9,0,0.132016799169698,Normal,Good,-
M01318,Type_22,64.91,0.51,218.7,10.67,2.1,371.0,0,0.1320160754658573,Normal,Good,-
M09595,Type_22,63.95,2.17,218.1,13.93,2.734,241.4,0,0.13201489441296055,Normal,Good,-
M01875,Type_10,59.89,1.7,216.9,15.64,3.053,270.3,0,0.13201416553607556,Normal,Good,-
M08836,Type_25,69.45,2.0,222.7,13.58,2.722,879.4,0,0.13201370324890813,Normal,Good,-
M05301,Type_06,73.81,1.33,214.7,12.49,2.413,242.8,0,0.1320085075571711,Normal,Good,-
M04080,Type_10,67.61,1.91,221.2,10.5,2.09,336.5,0,0.13199256110809685,Normal,Good,-
M00800,Type_02,68.79,0.71,217.3,13.41,2.623,938.4,0,0.13199238548976466,Normal,Good,-
M07159,Type_25,68.58,1.02,220.4,13.6,2.698,179.7,0,0.13198610627799792,Normal,Good,-
M01563,Type_25,65.3,2.76,224.0,13.05,2.631,390.3,0,0.13197139202110508,Normal,Good,-
M05401,Type_20,52.61,0.41,222.8,12.96,2.599,773.3,0,0.1319657798642509,Normal,Good,-
M07775,Type_13,59.09,0.1,218.0,13.25,2.6,82.4,0,0.1319589789463839,Normal,Good,-
M00374,Type_20,50.89,0.1,224.9,18.8,3.805,294.9,0,0.13195242093421322,Normal,Good,-
M05509,Type_05,69.5,2.36,216.9,14.5,2.831,146.8,0,0.13193421553561202,Normal,Good,-
M02713,Type_22,78.26,1.06,218.8,17.71,3.487,659.9,0,0.13192910705564104,Normal,Good,-
M02495,Type_21,54.65,2.65,227.7,13.58,2.783,170.3,0,0.1319268418516984,Normal,Good,-
M06061,Type_06,61.94,0.29,216.3,16.61,3.233,357.5,0,0.1319098311814542,Normal,Good,-
M01896,Type_16,58.03,1.93,225.0,15.08,3.054,703.9,0,0.13190851800997405,Normal,Good,-
M02355,Type_20,62.35,0.28,224.0,18.53,3.736,336.2,0,0.13189401207473042,Normal,Good,-
M02247,Type_15,64.98,0.92,224.7,14.77,2.987,749.2,0,0.13188887923154352,Normal,Good,-
M01509,Type_22,67.25,2.03,218.8,10.89,2.144,841.1,0,0.13187682461919453,Normal,Good,-
M00713,Type_03,56.2,0.5,216.5,17.4,3.39,219.5,0,0.1318661639501385,Normal,Good,-
M08397,Type_16,35.01,1.88,219.5,16.0,3.161,869.5,0,0.1318587183858632,Normal,Good,-
M04814,Type_10,72.19,3.66,222.0,15.83,3.163,249.3,0,0.13184847216782308,Normal,Good,-
M07909,Type_15,53.14,1.25,219.2,13.28,2.62,505.6,0,0.13184074097594545,Normal,Good,-
M02227,Type_20,68.44,0.21,223.4,14.41,2.897,466.0,0,0.131831249470459,Normal,Good,-
M06432,Type_25,47.88,1.95,217.9,13.4,2.628,165.2,0,0.13182173913035067,Normal,Good,-
M01098,Type_10,53.87,2.74,217.1,17.69,3.456,444.9,0,0.1318213228105166,Normal,Good,-
M02941,Type_20,44.99,0.59,222.4,14.06,2.814,347.2,0,0.13181593780677467,Normal,Good,-
M06628,Type_06,63.87,1.57,211.8,14.71,2.804,217.7,0,0.13181002414274806,Normal,Good,-
M08409,Type_20,56.3,2.97,219.1,10.99,2.167,583.6,0,0.13179797207443805,Normal,Good,-
M09829,Type_23,74.47,0.1,212.6,17.31,3.312,230.3,0,0.13179700814253617,Normal,Good,-
M08637,Type_21,64.71,1.35,223.5,11.85,2.384,270.5,0,0.13178871026799255,Normal,Good,-
M00960,Type_25,45.07,2.49,222.3,15.78,3.157,987.6,0,0.13178567954340484,Normal,Good,-
M09041,Type_06,58.65,1.61,222.1,13.09,2.617,134.0,0,0.13177878458816242,Normal,Good,-
M06183,Type_10,54.18,3.3,222.1,17.69,3.536,626.7,0,0.1317706661002147,Normal,Good,-
M00714,Type_06,59.42,1.53,215.3,17.93,3.474,894.3,0,0.13176324170496315,Normal,Good,-
M09483,Type_05,45.71,1.03,222.0,16.75,3.347,592.7,0,0.13175671344812379,Normal,Good,-
M05819,Type_06,52.58,0.71,229.7,18.08,3.738,191.5,0,0.1317529980832221,Normal,Good,-
M06075,Type_05,37.85,2.76,215.4,16.68,3.234,452.6,0,0.13174469483897294,Normal,Good,-
M07203,Type_16,47.07,1.67,220.9,12.48,2.481,674.0,0,0.13174389370561512,Normal,Good,-
M01561,Type_25,57.49,1.63,221.1,11.74,2.336,538.3,0,0.13173910285608714,Normal,Good,-
M06698,Type_20,76.55,1.13,215.8,17.88,3.473,355.6,0,0.13173081658016894,Normal,Good,-
M06821,Type_20,77.31,0.89,215.3,17.24,3.341,855.2,0,0.1317303514382525,Normal,Good,-
M02722,Type_25,70.21,2.07,222.3,14.52,2.905,337.1,0,0.13172942248675582,Normal,Good,-
M05546,Type_10,70.37,2.89,227.6,15.36,3.146,288.9,0,0.1317133091475032,Normal,Good,-
M05412,Type_06,63.75,1.83,214.9,16.17,3.127,665.4,0,0.13171247475071676,Normal,Good,-
M04012,Type_16,63.06,1.73,226.2,13.53,2.754,130.6,0,0.13170950333616105,Normal,Good,-
M04778,Type_10,58.71,1.89,221.1,15.18,3.021,812.3,0,0.13170630770765104,Normal,Good,-
M02481,Type_23,74.5,2.53,222.6,11.3,2.264,972.9,0,0.131703951162933,Normal,Good,-
M08617,Type_20,43.49,1.05,220.3,14.6,2.895,213.4,0,0.1316982695266374,Normal,Good,-
M03922,Type_05,57.18,1.39,220.0,18.79,3.72,141.2,0,0.13168313297904533,Normal,Good,-
M00645,Type_20,59.92,2.21,225.6,16.92,3.435,223.7,0,0.13167793923035037,Normal,Good,-
M06679,Type_20,59.63,1.65,214.9,14.21,2.748,920.2,0,0.13167074332671402,Normal,Good,-
M04939,Type_21,67.87,1.56,216.5,13.31,2.593,398.5,0,0.13165920527298564,Normal,Good,-
M01634,Type_25,57.08,3.26,220.0,16.59,3.285,387.7,0,0.13165751525309918,Normal,Good,-
M06040,Type_10,43.44,3.04,222.6,13.78,2.761,894.4,0,0.1316561791991985,Normal,Good,-
M03406,Type_25,62.82,1.17,218.4,18.57,3.65,754.2,0,0.1316471698645565,Normal,Good,-
M07294,Type_10,55.46,0.27,212.7,14.86,2.845,909.9,0,0.13164591045050134,Normal,Good,-
M03666,Type_10,53.32,1.63,227.4,11.48,2.349,743.1,0,0.13163563401174738,Normal,Good,-
M07065,Type_06,52.25,0.93,212.9,14.58,2.794,709.2,0,0.13161659166446524,Normal,Good,-
M00467,Type_20,72.07,2.61,218.0,15.07,2.957,318.1,0,0.1316125149745294,Normal,Good,-
M00182,Type_02,58.83,3.04,227.1,12.51,2.557,907.2,0,0.1315943430979732,Normal,Good,-
M06734,Type_25,68.84,0.88,220.5,15.42,3.06,815.0,0,0.13158593449459174,Normal,Good,-
M07592,Type_16,78.03,2.32,218.6,16.02,3.152,121.7,0,0.1315840805062792,Normal,Good,-
M04130,Type_25,63.68,1.68,219.3,12.45,2.457,799.7,0,0.13158001979161937,Normal,Good,-
M01356,Type_05,67.43,1.35,215.8,19.03,3.696,442.8,0,0.13157834404587487,Normal,Good,-
M01436,Type_16,56.27,2.16,219.4,11.62,2.294,58.1,0,0.1315763507542782,Normal,Good,-
M06526,Type_06,65.75,0.76,215.1,14.37,2.782,128.7,0,0.13157555657420916,Normal,Good,-
M04417,Type_16,43.94,1.29,225.2,12.01,2.434,341.8,0,0.131572724364748,Normal,Good,-
M08232,Type_10,57.42,0.61,222.1,18.17,3.632,786.7,0,0.1315506068927901,Normal,Good,-
M02918,Type_10,56.38,0.1,224.6,19.39,3.919,209.8,0,0.13154071867445552,Normal,Good,-
M03455,Type_20,68.13,2.09,223.7,14.91,3.002,288.8,0,0.13153399247128758,Normal,Good,-
M06385,Type_25,41.9,2.4,218.2,16.6,3.26,740.1,0,0.13153379804670556,Normal,Good,-
M02788,Type_25,57.6,1.38,218.4,17.81,3.501,718.7,0,0.1315144940528917,Normal,Good,-
M03422,Type_25,50.92,1.99,221.8,12.89,2.573,356.5,0,0.13150704406251754,Normal,Good,-
M06701,Type_21,43.04,1.11,220.6,16.64,3.304,97.5,0,0.13150350636171454,Normal,Good,-
M05075,Type_02,57.88,2.49,224.7,15.5,3.135,232.1,0,0.13149812295782,Normal,Good,-
M08792,Type_10,68.98,2.3,218.4,15.23,2.994,314.6,0,0.13149463955680107,Normal,Good,-
M01584,Type_02,67.5,1.44,221.5,12.38,2.468,806.2,0,0.13149252194352332,Normal,Good,-
M09302,Type_13,44.07,0.1,217.5,11.71,2.292,246.3,0,0.1314838549422702,Normal,Good,-
M08725,Type_10,68.49,1.96,224.6,13.71,2.771,934.0,0,0.1314818020704396,Normal,Good,-
M01830,Type_21,69.58,2.6,217.0,15.98,3.121,532.6,0,0.13146197721273034,Normal,Good,-
M05182,Type_15,75.78,1.85,223.5,11.52,2.317,308.2,0,0.13145417627804,Normal,Good,-
M00368,Type_21,57.3,0.66,218.9,14.56,2.868,875.4,0,0.1314467939280615,Normal,Good,-
M00042,Type_06,74.49,2.97,218.8,14.87,2.928,216.8,0,0.13144198077897393,Normal,Good,-
M04522,Type_06,51.27,1.2,214.8,12.82,2.478,919.7,0,0.13144067217685007,Normal,Good,-
M08199,Type_16,62.54,1.23,213.3,15.24,2.926,127.8,0,0.13141978011848976,Normal,Good,-
M00306,Type_16,67.57,2.46,218.2,14.17,2.783,92.2,0,0.1314188961103232,Normal,Good,-
M07116,Type_25,57.37,3.32,219.9,18.04,3.57,209.8,0,0.13141418668923793,Normal,Good,-
M06874,Type_21,48.36,1.06,223.0,12.79,2.567,714.0,0,0.131402621824767,Normal,Good,-
M07922,Type_25,56.14,2.35,224.3,14.17,2.86,678.9,0,0.1313985830881717,Normal,Good,-
M00016,Type_10,76.35,3.32,219.8,13.77,2.724,221.1,0,0.13137577046857746,Normal,Good,-
M01792,Type_25,63.5,2.49,214.6,12.23,2.362,723.2,0,0.13137345631525982,Normal,Good,-
M06509,Type_25,60.67,2.34,217.1,12.47,2.437,829.5,0,0.13137345631525982,Normal,Good,-
M06396,Type_06,63.82,1.03,224.2,16.0,3.228,141.9,0,0.13136064301402403,Normal,Good,-
M06577,Type_20,61.62,3.07,219.0,15.75,3.104,152.8,0,0.13135919160375117,Normal,Good,-
M02416,Type_12,70.7,2.43,219.1,17.77,3.504,977.2,0,0.13135534612566185,Normal,Good,-
M00300,Type_15,58.64,1.15,225.4,13.47,2.733,550.8,0,0.13134636613968081,Normal,Good,-
M00892,Type_06,79.4,2.47,220.7,11.27,2.239,136.3,0,0.13133905291719267,Normal,Good,-
M00862,Type_20,59.1,2.73,221.4,15.0,2.989,877.9,0,0.13133529823163514,Normal,Good,-
M09264,Type_16,56.65,2.32,220.1,12.35,2.446,276.7,0,0.13132974576813716,Normal,Good,-
M04919,Type_16,47.07,2.04,213.9,14.1,2.714,832.6,0,0.1313242547830955,Normal,Good,-
M09825,Type_25,68.88,0.33,218.5,14.34,2.82,694.1,0,0.13132365829382064,Normal,Good,-
M04991,Type_05,71.63,3.16,219.7,13.54,2.677,396.2,0,0.13131516183084707,Normal,Good,-
M09737,Type_06,54.57,2.85,219.5,12.39,2.448,839.6,0,0.13131228570397652,Normal,Good,-
M08020,Type_15,76.56,3.6,221.6,12.1,2.413,332.2,0,0.13129510253053384,Normal,Good,-
M04342,Type_15,45.01,1.06,222.7,13.34,2.674,445.5,0,0.1312950267027975,Normal,Good,-
M02611,Type_03,72.42,2.48,229.5,12.23,2.526,103.9,0,0.13129145950584634,Normal,Good,-
M08303,Type_03,58.91,0.27,215.2,17.34,3.358,198.7,0,0.13128197218185686,Normal,Good,-
M07094,Type_11,43.17,0.26,219.8,10.54,2.085,897.5,0,0.1312724237345085,Normal,Good,-
M01503,Type_15,52.86,2.24,215.8,14.76,2.867,942.5,0,0.1312714980221229,Normal,Good,-
M04772,Type_25,71.14,2.22,225.1,13.8,2.796,719.8,0,0.131251584216993,Normal,Good,-
M07696,Type_06,62.86,2.54,221.5,15.94,3.178,767.4,0,0.131246580669328,Normal,Good,-
M05582,Type_20,65.68,3.02,216.0,9.85,1.915,704.3,0,0.13122657635408796,Normal,Good,-
M08817,Type_10,54.27,2.17,214.0,18.26,3.517,875.9,0,0.1312224860994069,Normal,Good,-
M01258,Type_15,50.94,1.84,216.2,17.99,3.5,961.0,0,0.13119029367600732,Normal,Good,-
M00980,Type_22,46.69,1.92,223.6,16.08,3.236,834.4,0,0.13118457255402638,Normal,Good,-
M09403,Type_06,63.16,0.42,210.5,14.88,2.819,144.1,0,0.1311826276716892,Normal,Good,-
M09378,Type_15,77.67,1.02,218.3,16.77,3.295,962.3,0,0.1311631466973956,Normal,Good,-
M01014,Type_06,66.63,1.15,218.2,16.54,3.248,691.0,0,0.13115927543919426,Normal,Good,-
M04780,Type_20,50.08,1.24,228.5,16.34,3.36,681.1,0,0.13115867547278814,Normal,Good,-
M00578,Type_06,47.87,2.13,220.4,14.98,2.971,157.0,0,0.1311488361826708,Normal,Good,-
M08873,Type_25,53.31,3.09,221.3,17.15,3.416,55.7,0,0.13113605126781566,Normal,Good,-
M06003,Type_16,60.92,2.19,215.0,13.46,2.605,153.3,0,0.13113591505577607,Normal,Good,-
M00454,Type_20,57.85,1.05,220.9,18.44,3.666,588.7,0,0.1311355574325526,Normal,Good,-
M03808,Type_06,51.2,2.93,224.4,17.69,3.573,881.9,0,0.13113022030886215,Normal,Good,-
M07238,Type_05,69.63,0.1,223.2,17.24,3.463,96.8,0,0.13112892678573881,Normal,Good,-
M05899,Type_15,66.6,0.48,217.5,10.89,2.132,503.9,0,0.13112254257919326,Normal,Good,-
M07722,Type_22,61.57,1.54,218.0,11.03,2.164,965.7,0,0.13111734636945016,Normal,Good,-
M07647,Type_06,53.33,0.77,217.5,13.6,2.662,571.9,0,0.13111373483744543,Normal,Good,-
M00642,Type_10,72.43,2.54,214.3,10.14,1.956,547.3,0,0.13111298970933588,Normal,Good,-
M00720,Type_17,54.56,0.21,220.7,13.97,2.775,223.2,0,0.13109351837043234,Normal,Good,-
M04881,Type_22,59.01,2.38,221.0,17.57,3.495,153.4,0,0.13108449936653316,Normal,Good,-
M03994,Type_25,69.05,1.37,221.6,16.03,3.197,897.1,0,0.1310729929974909,Normal,Good,-
M05053,Type_25,63.76,1.6,217.9,10.32,2.024,57.1,0,0.13107252019482776,Normal,Good,-
M03561,Type_25,59.76,2.54,219.0,11.37,2.241,710.7,0,0.1310666452983388,Normal,Good,-
M08902,Type_06,67.09,1.47,220.9,16.21,3.223,751.9,0,0.13106587415527413,Normal,Good,-
M03619,Type_25,54.87,2.16,226.4,15.62,3.183,419.8,0,0.13105957954725392,Normal,Good,-
M09273,Type_25,58.42,2.22,217.9,15.73,3.085,457.5,0,0.13105957954725392,Normal,Good,-
M01546,Type_03,48.86,0.62,218.2,17.0,3.338,198.6,0,0.13104563926537552,Normal,Good,-
M06934,Type_15,74.68,0.1,223.0,18.52,3.717,903.8,0,0.13103920425461,Normal,Good,-
M03226,Type_21,66.93,2.05,227.9,14.53,2.98,976.5,0,0.13103542514453764,Normal,Good,-
M07580,Type_15,54.6,0.47,224.8,15.85,3.207,532.8,0,0.13102605268310305,Normal,Good,-
M00924,Type_20,51.44,0.92,221.4,19.36,3.858,630.9,0,0.13102514001186516,Normal,Good,-
M09800,Type_25,61.74,0.83,226.9,11.21,2.289,189.7,0,0.13102466726162473,Normal,Good,-
M01268,Type_25,71.38,3.85,218.4,16.38,3.22,926.2,0,0.13102355416552874,Normal,Good,-
M01805,Type_16,60.69,0.11,224.9,15.72,3.182,334.4,0,0.13101787410781754,Normal,Good,-
M04681,Type_21,68.5,0.95,224.0,15.42,3.109,291.2,0,0.1310174595738283,Normal,Good,-
M01849,Type_08,59.36,0.4,217.1,10.94,2.138,937.1,0,0.13101253356756146,Normal,Good,-
M08860,Type_25,57.86,2.11,220.0,17.95,3.554,249.5,0,0.13100084896882777,Normal,Good,-
M04350,Type_16,72.68,2.39,224.6,12.21,2.468,85.9,0,0.1309995622523071,Normal,Good,-
M02361,Type_06,59.42,0.1,222.0,18.98,3.792,759.2,0,0.13098853765886592,Normal,Good,-
M00630,Type_05,72.46,3.45,226.2,16.8,3.42,200.2,0,0.13098465559535485,Normal,Good,-
M06773,Type_06,67.28,1.89,221.2,13.74,2.735,949.1,0,0.13096921859961652,Normal,Good,-
M03577,Type_22,65.07,2.29,224.6,20.31,4.105,979.5,0,0.13096763506297818,Normal,Good,-
M00738,Type_20,64.25,1.4,218.7,17.6,3.464,203.6,0,0.13093899209524018,Normal,Good,-
M05351,Type_06,64.49,0.83,217.7,17.01,3.333,920.9,0,0.13091922972131645,Normal,Good,-
M09821,Type_20,78.75,1.61,221.4,11.85,2.361,300.5,0,0.13091635676199423,Normal,Good,-
M05809,Type_25,61.38,2.55,225.7,13.03,2.647,661.2,0,0.13090756223387104,Normal,Good,-
M02847,Type_25,53.14,1.39,221.1,17.03,3.389,405.6,0,0.1308960902294929,Normal,Good,-
M06377,Type_20,64.74,2.88,223.5,11.64,2.341,305.7,0,0.13089016482762678,Normal,Good,-
M06999,Type_17,46.61,0.47,221.5,14.73,2.936,285.5,0,0.1308848617997099,Normal,Good,-
M05383,Type_02,60.46,3.47,220.7,16.49,3.275,674.4,0,0.13088231687768664,Normal,Good,-
M07603,Type_10,52.7,1.33,216.0,16.48,3.204,408.6,0,0.13087288764787053,Normal,Good,-
M01592,Type_16,62.33,2.58,214.4,11.29,2.179,215.4,0,0.13086704914033742,Normal,Good,-
M03814,Type_25,61.57,1.9,226.7,13.05,2.663,162.7,0,0.13086158947181042,Normal,Good,-
M07622,Type_25,63.49,1.89,221.8,12.5,2.495,172.8,0,0.13086158947181042,Normal,Good,-
M05123,Type_21,69.37,2.24,219.8,20.23,4.002,999.2,0,0.1308467555415855,Normal,Good,-
M05399,Type_20,74.07,1.71,224.9,17.78,3.599,195.9,0,0.13084095818028393,Normal,Good,-
M07806,Type_06,55.53,1.4,222.0,18.0,3.596,829.7,0,0.13080196677609543,Normal,Good,-
M03123,Type_10,48.71,3.07,224.3,15.38,3.105,782.7,0,0.13079335934170758,Normal,Good,-
M07950,Type_21,72.2,1.29,215.6,12.84,2.491,87.5,0,0.13078868019962914,Normal,Good,-
M04159,Type_25,64.85,1.43,223.2,12.86,2.583,322.6,0,0.13078791635351564,Normal,Good,-
M09355,Type_17,52.58,0.81,224.9,15.52,3.141,130.5,0,0.1307813869483036,Normal,Good,-
M02649,Type_25,64.63,1.5,216.8,13.71,2.675,840.6,0,0.13078088897130438,Normal,Good,-
M06264,Type_25,58.28,1.43,216.0,12.31,2.393,768.2,0,0.13078088897130438,Normal,Good,-
M06560,Type_05,75.2,3.18,214.0,16.71,3.218,119.2,0,0.13077579430600508,Normal,Good,-
M09394,Type_03,55.82,2.98,222.6,18.13,3.632,164.0,0,0.13076559568577667,Normal,Good,-
M03901,Type_03,63.78,3.13,213.7,13.37,2.571,798.2,0,0.13075562459021506,Normal,Good,-
M02904,Type_25,65.23,3.82,220.9,16.19,3.219,509.9,0,0.13072349259647142,Normal,Good,-
M01120,Type_17,74.62,1.53,220.9,16.84,3.348,235.5,0,0.1307104830189768,Normal,Good,-
M00355,Type_20,61.76,1.17,218.9,15.77,3.107,805.3,0,0.13069947343728003,Normal,Good,-
M08102,Type_20,62.85,1.19,220.0,15.44,3.057,799.2,0,0.13069947343728003,Normal,Good,-
M09515,Type_05,66.83,2.58,224.4,18.55,3.746,124.0,0,0.13066784438095527,Normal,Good,-
M08724,Type_10,54.03,2.65,228.4,16.07,3.303,353.9,0,0.13065343832305845,Normal,Good,-
M02930,Type_20,72.99,3.72,211.1,18.33,3.483,162.3,0,0.13064965186557798,Normal,Good,-
M01193,Type_02,66.07,1.72,220.1,13.5,2.674,895.5,0,0.13063293633669443,Normal,Good,-
M01159,Type_10,49.74,1.91,224.3,15.48,3.125,285.3,0,0.1306321136419348,Normal,Good,-
M02500,Type_06,56.65,3.96,225.6,15.83,3.214,774.1,0,0.13062280122224268,Normal,Good,-
M03256,Type_06,54.27,0.1,221.0,18.61,3.702,523.1,0,0.13061257007531038,Normal,Good,-
M01699,Type_03,58.1,3.22,222.6,14.51,2.907,50.3,0,0.1306110377114697,Normal,Good,-
M03959,Type_15,62.21,2.23,219.8,11.59,2.293,108.3,0,0.1306088155438271,Normal,Good,-
M00317,Type_10,47.41,1.25,222.7,12.59,2.523,752.0,0,0.13059870945570984,Normal,Good,-
M06527,Type_25,61.62,2.79,224.1,15.91,3.209,850.9,0,0.13059368546586517,Normal,Good,-
M04257,Type_06,67.68,2.79,223.0,15.1,3.031,234.8,0,0.13059243526360523,Normal,Good,-
M07547,Type_20,69.39,0.27,218.3,12.8,2.515,952.9,0,0.13059091078932603,Normal,Good,-
M01819,Type_05,55.33,1.39,226.7,16.94,3.456,320.5,0,0.130584132428533,Normal,Good,-
M04677,Type_09,57.08,1.63,213.1,20.62,3.955,995.4,0,0.13057651189408037,Normal,Good,-
M09558,Type_06,63.46,3.94,212.7,14.57,2.789,956.1,0,0.13056153285239186,Normal,Good,-
M01644,Type_06,61.63,1.83,223.7,14.86,2.992,855.3,0,0.13055190132041947,Normal,Good,-
M04537,Type_06,67.65,2.39,218.0,11.9,2.335,936.6,0,0.13054546672260398,Normal,Good,-
M01305,Type_03,62.05,2.25,218.8,14.39,2.834,190.8,0,0.1305447544850992,Normal,Good,-
M04646,Type_25,65.13,2.99,218.1,17.68,3.47,284.7,0,0.1305413229589772,Normal,Good,-
M05166,Type_21,69.96,1.02,212.0,19.51,3.723,186.9,0,0.13053118278252784,Normal,Good,-
M07438,Type_25,59.04,2.04,227.3,13.35,2.731,402.7,0,0.1305274280743856,Normal,Good,-
M09438,Type_03,47.12,2.13,223.3,11.76,2.363,329.1,0,0.1305200457343783,Normal,Good,-
M03147,Type_20,63.24,2.0,222.0,15.04,3.005,317.1,0,0.13051949971766438,Normal,Good,-
M00726,Type_25,62.43,1.74,215.5,15.88,3.08,706.9,0,0.13050402399169836,Normal,Good,-
M00727,Type_25,62.14,1.72,218.3,15.87,3.118,747.2,0,0.13050402399169836,Normal,Good,-
M07421,Type_06,75.51,2.18,220.1,13.58,2.69,967.0,0,0.13050361590448742,Normal,Good,-
M07106,Type_05,65.62,0.86,216.9,17.2,3.358,833.1,0,0.13050311082939225,Normal,Good,-
M00222,Type_22,56.51,1.97,221.3,17.77,3.539,164.2,0,0.13050260546818335,Normal,Good,-
M06501,Type_09,56.8,2.33,219.2,18.98,3.744,981.7,0,0.13049713829914678,Normal,Good,-
M01780,Type_14,56.16,0.55,218.1,14.92,2.929,974.5,0,0.13049470381555253,Normal,Good,-
M03273,Type_16,65.68,2.56,220.7,11.44,2.272,54.6,0,0.13049082337135265,Normal,Good,-
M08628,Type_25,68.03,3.33,222.4,15.43,3.088,133.5,0,0.13048058606557186,Normal,Good,-
M00845,Type_15,63.41,0.9,212.4,14.26,2.726,738.6,0,0.13047136613968083,Normal,Good,-
M02171,Type_15,61.86,0.99,213.3,14.41,2.766,725.0,0,0.13047136613968083,Normal,Good,-
M02509,Type_10,68.58,3.29,213.8,10.56,2.032,532.3,0,0.13046900190743868,Normal,Good,-
M04976,Type_17,47.3,0.93,218.5,13.48,2.651,300.0,0,0.13046070470600835,Normal,Good,-
M07859,Type_05,79.26,0.92,218.0,19.21,3.769,562.6,0,0.13045299107203617,Normal,Good,-
M00913,Type_06,59.02,1.09,218.2,14.68,2.883,774.5,0,0.13045168405411262,Normal,Good,-
M03029,Type_09,71.41,0.45,225.0,10.12,2.049,978.1,0,0.13042852509239494,Normal,Good,-
M03627,Type_06,47.56,2.69,219.2,13.67,2.697,84.0,0,0.13040707410510366,Normal,Good,-
M05946,Type_20,59.53,2.64,217.8,14.41,2.825,892.9,0,0.1303985848957086,Normal,Good,-
M09669,Type_06,80.04,1.42,223.1,16.13,3.239,782.6,0,0.13037669097329493,Normal,Good,-
M00063,Type_06,61.98,1.16,224.1,11.09,2.237,413.8,0,0.13036308750441575,Normal,Good,-
M06998,Type_10,71.22,1.71,222.6,12.18,2.44,85.2,0,0.13036001207398423,Normal,Good,-
M08059,Type_06,64.65,0.1,219.8,10.2,2.018,106.0,0,0.130358106093714,Normal,Good,-
M01617,Type_15,72.42,1.59,220.0,10.48,2.075,198.2,0,0.13035183521589225,Normal,Good,-
M08775,Type_22,61.51,1.42,217.8,15.93,3.123,124.8,0,0.13033995085914707,Normal,Good,-
M07479,Type_21,68.12,1.25,215.5,19.09,3.703,243.5,0,0.13033130922807462,Normal,Good,-
M01922,Type_25,62.51,1.24,227.3,14.33,2.931,627.1,0,0.13032796215155576,Normal,Good,-
M07016,Type_10,74.65,3.76,223.3,10.96,2.203,923.3,0,0.13031791650367944,Normal,Good,-
M06751,Type_02,55.65,2.57,221.5,15.08,3.006,637.6,0,0.13031747750809095,Normal,Good,-
M03872,Type_05,69.11,2.16,224.2,14.49,2.924,151.2,0,0.13031538218657476,Normal,Good,-
M05172,Type_25,48.57,1.61,228.1,11.9,2.443,493.1,0,0.13030441336890347,Normal,Good,-
M02289,Type_02,69.58,0.7,227.1,12.94,2.645,79.6,0,0.13029354549259795,Normal,Good,-
M07410,Type_16,71.75,2.17,218.8,11.09,2.184,109.2,0,0.13028732293572998,Normal,Good,-
M00931,Type_21,60.18,1.77,215.7,15.67,3.042,320.9,0,0.1302872743618858,Normal,Good,-
M07428,Type_25,61.85,0.99,226.1,16.19,3.295,803.4,0,0.13026555391433103,Normal,Good,-
M03013,Type_05,64.28,2.28,216.9,17.37,3.391,494.6,0,0.1302631083333649,Normal,Good,-
M07840,Type_02,74.45,2.13,226.0,15.8,3.214,919.1,0,0.13025830753721443,Normal,Good,-
M05564,Type_05,47.63,2.68,227.3,17.25,3.529,431.8,0,0.13024818920953773,Normal,Good,-
M06876,Type_25,58.5,1.32,218.6,17.9,3.522,752.3,0,0.1302376362176736,Normal,Good,-
M09192,Type_06,64.47,2.45,217.2,15.26,2.983,755.9,0,0.13022403246796047,Normal,Good,-
M03048,Type_19,73.14,3.51,219.7,12.62,2.495,975.9,0,0.13022005924029922,Normal,Good,-
M02885,Type_11,56.03,0.8,212.3,10.7,2.044,936.0,0,0.13020817427165127,Normal,Good,-
M05116,Type_20,70.98,2.25,219.5,16.05,3.171,258.7,0,0.13019946202972035,Normal,Good,-
M02542,Type_24,66.22,2.43,219.0,16.31,3.215,939.7,0,0.13018167096461558,Normal,Good,-
M07692,Type_06,42.23,2.63,216.2,14.31,2.784,698.2,0,0.1301695162958293,Normal,Good,-
M02516,Type_05,77.87,0.75,224.3,16.78,3.387,670.5,0,0.13016389771302844,Normal,Good,-
M01476,Type_25,72.42,1.17,225.8,16.06,3.264,121.7,0,0.13015850151575867,Normal,Good,-
M00599,Type_10,75.03,1.57,221.9,11.53,2.303,249.5,0,0.13015623302752163,Normal,Good,-
M03185,Type_15,73.83,1.55,216.8,13.3,2.595,107.0,0,0.13015452915107648,Normal,Good,-
M05977,Type_25,48.93,1.52,224.1,12.67,2.555,346.4,0,0.13015235768664696,Normal,Good,-
M07494,Type_20,76.04,1.86,223.6,14.88,2.994,302.3,0,0.13014439120024388,Normal,Good,-
M07186,Type_16,52.81,2.09,222.7,13.61,2.728,627.1,0,0.13012435658455246,Normal,Good,-
M07781,Type_20,68.22,2.19,218.7,13.08,2.575,245.1,0,0.130109732161699,Normal,Good,-
M02236,Type_22,63.24,0.52,220.6,16.05,3.187,74.6,0,0.13010056711596424,Normal,Good,-
M05382,Type_05,68.13,2.35,217.3,18.72,3.661,103.1,0,0.13008812612241225,Normal,Good,-
M09162,Type_05,56.58,1.24,212.8,15.53,2.974,516.0,0,0.13008519227497803,Normal,Good,-
M00661,Type_20,63.72,2.72,215.5,10.43,2.023,898.2,0,0.13007863404886616,Normal,Good,-
M01472,Type_06,46.59,1.36,225.6,17.44,3.541,302.7,0,0.13007589155354352,Normal,Good,-
M05419,Type_24,64.39,2.21,222.4,12.75,2.552,993.1,0,0.13006695075634656,Normal,Good,-
M08005,Type_25,63.56,0.1,222.1,16.8,3.358,881.0,0,0.13006543539367532,Normal,Good,-
M02548,Type_25,48.34,0.99,218.5,13.55,2.665,185.1,0,0.13004625202127193,Normal,Good,-
M08182,Type_25,59.96,2.1,219.8,16.82,3.327,286.8,0,0.130043696380859,Normal,Good,-
M06172,Type_16,59.88,1.47,216.6,15.19,2.961,241.6,0,0.13002676263662052,Normal,Good,-
M05966,Type_05,60.41,1.11,210.9,20.02,3.8,279.9,0,0.13001946315854118,Normal,Good,-
M01195,Type_10,73.49,3.07,215.0,18.38,3.557,115.1,0,0.13001556845887247,Normal,Good,-
M02387,Type_09,74.58,2.91,219.8,15.61,3.088,974.7,0,0.1300140481977583,Normal,Good,-
M09121,Type_25,63.21,2.5,216.9,16.37,3.196,918.0,0,0.13001299162074473,Normal,Good,-
M07764,Type_02,56.68,2.97,218.2,17.12,3.362,88.2,0,0.13000794381370057,Normal,Good,-
M00403,Type_02,64.52,2.11,223.5,11.14,2.241,179.2,0,0.12999330314458513,Normal,Good,-
M08926,Type_06,52.86,2.21,219.5,14.95,2.953,512.5,0,0.1299921325966862,Normal,Good,-
M01915,Type_17,67.92,1.98,221.1,16.12,3.208,196.1,0,0.12999095224725796,Normal,Good,-
M03603,Type_17,67.31,1.94,222.1,16.28,3.254,121.4,0,0.12999095224725796,Normal,Good,-
M06009,Type_17,55.68,1.53,227.3,15.95,3.263,270.3,0,0.12998850221702482,Normal,Good,-
M05603,Type_06,65.55,2.26,216.3,11.47,2.233,954.9,0,0.12996791205888095,Normal,Good,-
M05285,Type_25,59.15,0.2,217.3,13.08,2.558,539.0,0,0.1299642555848431,Normal,Good,-
M02976,Type_21,63.95,0.39,216.4,15.55,3.029,966.4,0,0.12995765486483288,Normal,Good,-
M00194,Type_22,73.45,4.11,216.4,15.91,3.099,945.9,0,0.12994006440920083,Normal,Good,-
M06522,Type_02,72.84,1.03,216.3,15.83,3.082,443.8,0,0.12993970793683976,Normal,Good,-
M04944,Type_06,66.83,1.75,223.1,14.86,2.984,898.8,0,0.12990607056913725,Normal,Good,-
M09242,Type_21,61.67,1.06,218.5,14.44,2.84,795.5,0,0.12990214760241928,Normal,Good,-
M00168,Type_02,65.44,1.92,222.1,15.46,3.09,184.6,0,0.1298892719323023,Normal,Good,-
M05205,Type_17,79.93,0.53,216.7,17.28,3.37,324.7,0,0.12988208495885695,Normal,Good,-
M01215,Type_03,55.72,2.95,218.4,15.33,3.013,157.3,0,0.12987971499613038,Normal,Good,-
M06390,Type_02,71.96,0.73,218.9,12.59,2.48,337.7,0,0.12987327931154297,Normal,Good,-
M03701,Type_21,58.2,1.35,213.2,16.01,3.072,485.5,0,0.1298568177037506,Normal,Good,-
M06702,Type_20,62.81,1.53,228.6,16.7,3.436,107.2,0,0.12984655034551928,Normal,Good,-
M06823,Type_02,62.68,2.63,221.3,16.95,3.376,77.3,0,0.12984042302433843,Normal,Good,-
M02825,Type_06,59.09,2.35,210.4,15.57,2.948,251.4,0,0.1298267399499747,Normal,Good,-
M05553,Type_06,63.12,0.63,213.2,15.6,2.993,199.3,0,0.12980408024437776,Normal,Good,-
M09602,Type_10,80.07,1.69,219.4,16.91,3.339,971.5,0,0.1297693479514852,Normal,Good,-
M03432,Type_20,48.93,2.0,217.9,16.67,3.269,307.1,0,0.12975241879572944,Normal,Good,-
M05504,Type_03,61.25,2.69,214.4,13.61,2.626,835.4,0,0.12974155050801847,Normal,Good,-
M08354,Type_21,53.93,0.65,218.4,12.83,2.522,300.7,0,0.12973531322417864,Normal,Good,-
M06903,Type_03,65.33,2.05,220.8,16.47,3.273,82.0,0,0.12973352522202639,Normal,Good,-
M07283,Type_06,60.39,0.52,218.1,18.65,3.661,908.8,0,0.1297267371537911,Normal,Good,-
M06268,Type_09,74.86,1.43,215.7,17.94,3.483,989.1,0,0.12971710366096756,Normal,Good,-
M06830,Type_10,67.87,1.93,210.1,10.79,2.04,495.8,0,0.12971148627013449,Normal,Good,-
M00139,Type_20,57.11,1.24,216.8,15.78,3.079,640.7,0,0.12970803508111564,Normal,Good,-
M02492,Type_20,60.21,0.75,222.1,15.74,3.146,715.3,0,0.12970803508111564,Normal,Good,-
M02593,Type_13,56.76,3.02,224.0,21.18,4.27,992.6,0,0.1297064881749017,Normal,Good,-
M09631,Type_20,68.71,2.21,212.8,16.38,3.137,276.7,0,0.1297047959511017,Normal,Good,-
M00999,Type_15,73.24,1.69,216.2,10.2,1.985,885.0,0,0.12970091234825806,Normal,Good,-
M01882,Type_06,75.46,3.15,223.7,15.68,3.157,205.0,0,0.1296928171861301,Normal,Good,-
M04442,Type_16,72.9,1.53,211.9,13.69,2.611,965.1,0,0.12968011388910092,Normal,Good,-
M06938,Type_21,77.14,2.11,223.0,15.09,3.029,170.5,0,0.12967933930075745,Normal,Good,-
M08949,Type_16,76.95,0.85,220.2,11.53,2.285,57.6,0,0.1296740118700922,Normal,Good,-
M01001,Type_06,59.13,1.17,221.7,17.71,3.534,196.8,0,0.12967285716066843,Normal,Good,-
M00951,Type_10,71.35,2.39,222.8,16.24,3.256,114.3,0,0.12964930407984324,Normal,Good,-
M01576,Type_06,60.78,1.07,210.6,11.63,2.204,88.4,0,0.12964032743715598,Normal,Good,-
M04335,Type_05,61.85,1.95,219.3,18.82,3.715,339.2,0,0.1296242212014595,Normal,Good,-
M07511,Type_22,63.65,1.07,221.6,12.06,2.405,132.5,0,0.12962361009401635,Normal,Good,-
M00652,Type_06,53.89,2.21,214.8,18.31,3.54,856.3,0,0.12962189064951413,Normal,Good,-
M08679,Type_18,51.88,0.32,213.4,14.98,2.877,975.2,0,0.12960797483371608,Normal,Good,-
M08820,Type_06,59.19,0.98,216.6,14.47,2.821,705.6,0,0.12959131491505496,Normal,Good,-
M04078,Type_25,68.8,2.74,211.8,16.25,3.098,924.9,0,0.12958373111302643,Normal,Good,-
M03717,Type_03,70.95,1.95,221.8,16.26,3.246,214.0,0,0.12957929684103905,Normal,Good,-
M05119,Type_05,67.02,2.36,214.6,20.06,3.874,441.1,0,0.1295744845989108,Normal,Good,-
M09404,Type_25,63.73,2.56,220.7,16.58,3.293,170.9,0,0.12957143422793208,Normal,Good,-
M02256,Type_15,62.01,0.51,220.6,10.79,2.142,614.5,0,0.12956597980954698,Normal,Good,-
M08930,Type_13,51.64,1.03,222.7,15.07,3.02,900.2,0,0.129563152769166,Normal,Good,-
M05336,Type_13,52.08,1.24,221.1,15.13,3.011,159.1,0,0.1295494159379172,Normal,Good,-
M01409,Type_21,78.46,2.77,218.6,13.76,2.707,131.2,0,0.12953835089075993,Normal,Good,-
M05433,Type_02,61.98,3.12,220.5,16.33,3.241,747.0,0,0.12952596653633683,Normal,Good,-
M00123,Type_10,60.73,0.1,216.4,10.22,1.99,887.7,0,0.12952500068564057,Normal,Good,-
M04718,Type_13,54.42,2.16,215.7,10.72,2.081,968.4,0,0.12951723787014807,Normal,Good,-
M08598,Type_25,57.65,1.36,219.1,16.13,3.181,563.2,0,0.1295122590577766,Normal,Good,-
M05918,Type_20,54.54,1.83,214.0,17.12,3.297,792.2,0,0.12950068625945765,Normal,Good,-
M08321,Type_20,55.08,1.9,219.8,15.4,3.046,185.1,0,0.12948228465668868,Normal,Good,-
M00083,Type_25,54.27,1.99,211.8,16.3,3.107,628.4,0,0.12946387122184502,Normal,Good,-
M02190,Type_25,53.2,2.48,218.4,16.39,3.222,436.6,0,0.12946387122184502,Normal,Good,-
M03099,Type_24,57.46,2.72,217.7,20.61,4.038,985.9,0,0.12946190627559653,Normal,Good,-
M00276,Type_10,69.1,1.69,223.1,10.5,2.108,446.2,0,0.12944538404490807,Normal,Good,-
M03229,Type_25,59.85,1.28,222.8,18.28,3.666,920.8,0,0.12943927524151902,Normal,Good,-
M09283,Type_03,55.15,2.04,220.6,14.91,2.96,167.7,0,0.12943222282628652,Normal,Good,-
M06725,Type_20,58.71,0.9,220.5,14.45,2.868,632.5,0,0.12941945527331608,Normal,Good,-
M04600,Type_10,52.95,0.96,221.9,15.63,3.121,390.1,0,0.12941188243828766,Normal,Good,-
M07393,Type_20,72.09,3.21,211.2,10.5,1.996,997.9,0,0.12941046583722005,Normal,Good,-
M06192,Type_20,70.22,2.54,215.8,13.34,2.591,247.6,0,0.12940955370938545,Normal,Good,-
M04412,Type_14,77.57,2.66,220.3,10.68,2.118,152.6,0,0.1294089074434992,Normal,Good,-
M02464,Type_16,53.93,2.96,226.4,15.26,3.109,588.6,0,0.1293990720900802,Normal,Good,-
M06491,Type_25,44.52,2.12,225.6,12.41,2.52,628.8,0,0.12939418514682893,Normal,Good,-
M02475,Type_15,72.77,1.32,222.8,10.93,2.192,746.2,0,0.12937977275987772,Normal,Good,-
M00056,Type_20,57.0,1.67,221.1,16.46,3.275,223.8,0,0.12935706715746625,Normal,Good,-
M04989,Type_20,53.75,2.2,220.8,15.96,3.172,754.4,0,0.12935532164529667,Normal,Good,-
M03045,Type_05,64.84,2.18,212.6,12.44,2.38,137.5,0,0.1293465780420328,Normal,Good,-
M08225,Type_21,58.35,2.23,219.9,13.96,2.763,518.9,0,0.1293462432686796,Normal,Good,-
M09039,Type_06,62.99,3.38,211.3,14.78,2.811,937.5,0,0.1293336956887633,Normal,Good,-
M01695,Type_05,62.64,2.47,222.5,18.53,3.711,232.9,0,0.1293279055145539,Normal,Good,-
M05176,Type_25,43.67,1.69,229.2,11.87,2.449,110.4,0,0.12931943510578556,Normal,Good,-
M08819,Type_06,52.72,0.26,215.3,11.14,2.159,250.7,0,0.12930495984726492,Normal,Good,-
M01930,Type_06,75.93,2.15,218.2,13.88,2.726,58.6,0,0.1292866915860232,Normal,Good,-
M09322,Type_10,53.47,2.38,217.8,16.21,3.177,676.3,0,0.12928502968235947,Normal,Good,-
M02381,Type_17,45.79,1.54,222.4,12.53,2.508,237.6,0,0.129279592926751,Normal,Good,-
M03339,Type_06,67.16,2.62,220.9,10.65,2.117,307.2,0,0.1292686831359832,Normal,Good,-
M08082,Type_10,78.12,2.08,211.2,10.54,2.003,189.4,0,0.1292649153493982,Normal,Good,-
M07852,Type_22,58.47,1.52,221.5,10.29,2.051,207.1,0,0.12926341281931616,Normal,Good,-
M04291,Type_16,54.58,0.22,226.1,13.78,2.804,445.7,0,0.12926324755133473,Normal,Good,-
M07594,Type_21,65.68,2.27,218.0,16.79,3.294,255.0,0,0.12925511183348204,Normal,Good,-
M07558,Type_06,45.35,1.58,216.9,12.08,2.358,185.5,0,0.12925153828999178,Normal,Good,-
M01389,Type_06,71.0,2.71,214.8,12.32,2.382,53.4,0,0.12923084000740837,Normal,Good,-
M02101,Type_06,55.3,1.31,221.2,15.56,3.098,389.3,0,0.1292251307537124,Normal,Good,-
M06675,Type_22,68.3,0.87,218.1,18.59,3.649,947.0,0,0.1291864742240252,Normal,Good,-
M03746,Type_07,70.28,0.45,225.4,17.7,3.591,52.2,0,0.12917885313473224,Normal,Good,-
M04208,Type_05,56.89,2.01,227.5,15.11,3.094,454.2,0,0.12913947083497423,Normal,Good,-
M08348,Type_20,57.62,1.02,212.2,16.92,3.231,844.9,0,0.1291333224374375,Normal,Good,-
M09750,Type_06,49.41,1.12,215.1,15.41,2.983,538.1,0,0.1291097276678749,Normal,Good,-
M01246,Type_10,61.44,2.07,222.6,17.1,3.426,965.5,0,0.12909290336063295,Normal,Good,-
M07914,Type_03,68.74,1.58,219.2,14.83,2.926,142.5,0,0.12909041740933466,Normal,Good,-
M03153,Type_14,43.84,2.85,222.3,10.71,2.143,573.5,0,0.12907488643448428,Normal,Good,-
M04673,Type_05,71.02,2.73,221.3,18.16,3.617,470.4,0,0.12906488102259958,Normal,Good,-
M02175,Type_25,72.59,1.96,222.0,14.0,2.797,139.9,0,0.12906358764487783,Normal,Good,-
M01315,Type_10,78.41,0.99,229.5,15.03,3.104,991.0,0,0.12904090246684252,Normal,Good,-
M08469,Type_06,65.33,2.44,215.1,12.9,2.497,968.7,0,0.1290328581465819,Normal,Good,-
M08708,Type_20,74.81,1.17,226.6,10.05,2.05,885.0,0,0.12900029571593508,Normal,Good,-
M04269,Type_25,54.94,2.04,217.6,16.43,3.218,114.9,0,0.12899861397371268,Normal,Good,-
M04112,Type_25,60.85,1.06,219.6,11.1,2.194,345.3,0,0.12897707254333746,Normal,Good,-
M08147,Type_25,57.54,1.41,217.5,15.34,3.003,395.5,0,0.12893198826473984,Normal,Good,-
M07195,Type_20,62.6,0.56,212.8,14.57,2.79,352.6,0,0.12892221596241474,Normal,Good,-
M00537,Type_20,58.98,1.19,215.7,16.13,3.131,902.6,0,0.1289096741049611,Normal,Good,-
M03049,Type_25,53.11,1.68,221.8,15.62,3.118,562.3,0,0.12890831566628946,Normal,Good,-
M07518,Type_25,56.09,1.82,227.8,13.5,2.768,534.1,0,0.128908042731596,Normal,Good,-
M01990,Type_16,54.09,2.63,220.1,14.17,2.807,893.2,0,0.12890198288728932,Normal,Good,-
M09080,Type_06,56.45,1.65,217.5,15.27,2.989,235.0,0,0.1288953337932004,Normal,Good,-
M03600,Type_15,76.19,1.25,218.9,13.92,2.742,201.7,0,0.12889096531915117,Normal,Good,-
M06564,Type_21,48.31,1.74,222.2,15.57,3.114,798.8,0,0.12888814903681392,Normal,Good,-
M03266,Type_10,75.31,2.61,222.0,15.37,3.071,290.9,0,0.12883948954517094,Normal,Good,-
M08601,Type_06,54.04,3.55,210.7,19.92,3.777,975.2,0,0.12883548944158263,Normal,Good,-
M00471,Type_20,66.9,2.22,224.2,13.49,2.722,143.3,0,0.12882817844264186,Normal,Good,-
M08597,Type_06,53.03,1.51,218.9,18.35,3.615,689.8,0,0.12882275982919913,Normal,Good,-
M05765,Type_02,64.43,1.21,226.8,15.51,3.166,172.0,0,0.1288047216329336,Normal,Good,-
M08852,Type_15,68.15,0.43,225.8,11.06,2.248,820.1,0,0.1287975995857622,Normal,Good,-
M07032,Type_20,50.18,0.97,223.5,17.99,3.619,920.0,0,0.12878017311519085,Normal,Good,-
M05536,Type_20,60.77,1.86,225.1,14.95,3.029,238.3,0,0.12877120637084713,Normal,Good,-
M07779,Type_16,68.9,1.07,220.1,13.4,2.654,53.4,0,0.12874946067012835,Normal,Good,-
M01993,Type_05,56.26,0.46,228.2,13.4,2.752,153.4,0,0.12871736262452108,Normal,Good,-
M09084,Type_24,64.77,2.29,223.8,19.7,3.968,983.7,0,0.12870697553333638,Normal,Good,-
M07243,Type_22,53.43,1.13,222.1,17.67,3.532,860.1,0,0.1286887383814391,Normal,Good,-
M04443,Type_21,76.41,1.8,221.9,12.77,2.55,107.0,0,0.12868442203574093,Normal,Good,-
M02389,Type_22,62.52,0.1,219.8,17.68,3.497,243.2,0,0.12867436152353343,Normal,Good,-
M04868,Type_05,49.35,2.61,225.0,14.31,2.898,479.2,0,0.12861216620623428,Normal,Good,-
M08400,Type_20,72.81,0.79,218.2,17.96,3.527,258.0,0,0.12860890475700018,Normal,Good,-
M09758,Type_15,72.5,2.22,219.9,10.82,2.141,243.7,0,0.12860118193826575,Normal,Good,-
M01925,Type_02,62.26,1.78,224.1,15.71,3.169,130.5,0,0.12859310185765124,Normal,Good,-
M08108,Type_20,53.46,0.52,217.7,18.68,3.66,759.5,0,0.12858095343789366,Normal,Good,-
M07668,Type_10,49.27,3.96,227.9,10.99,2.254,658.3,0,0.12857518223381453,Normal,Good,-
M06945,Type_25,46.37,1.09,220.9,11.38,2.262,578.4,0,0.12856582458047888,Normal,Good,-
M04524,Type_25,55.66,1.19,218.1,14.89,2.923,335.8,0,0.12855550769934176,Normal,Good,-
M07618,Type_20,55.86,2.53,221.1,10.1,2.01,364.2,0,0.1285328696880625,Normal,Good,-
M01426,Type_06,60.85,2.74,225.8,11.08,2.252,904.4,0,0.12852361208827323,Normal,Good,-
M03476,Type_19,46.35,4.2,222.0,15.18,3.033,993.9,0,0.12851851035571568,Normal,Good,-
M05818,Type_16,55.57,0.23,215.7,14.82,2.877,259.5,0,0.12851058736117518,Normal,Good,-
M02841,Type_10,55.48,0.52,217.8,16.45,3.225,816.4,0,0.12849859280130896,Normal,Good,-
M09104,Type_25,53.19,1.54,212.6,18.94,3.624,744.1,0,0.1284907602359103,Normal,Good,-
M09559,Type_03,75.05,1.15,225.4,10.5,2.13,956.4,0,0.12848346986042586,Normal,Good,-
M05989,Type_22,68.75,2.61,224.3,13.98,2.822,149.3,0,0.12847345513475356,Normal,Good,-
M02291,Type_21,56.29,1.27,225.0,14.28,2.892,392.1,0,0.12847152249607954,Normal,Good,-
M00067,Type_06,50.24,1.75,218.7,14.07,2.769,920.4,0,0.12846832088284385,Normal,Good,-
M03297,Type_03,64.44,0.81,221.4,15.92,3.172,303.1,0,0.12846060925321695,Normal,Good,-
M00078,Type_06,60.46,1.04,216.7,16.66,3.249,807.7,0,0.1284587440885112,Normal,Good,-
M03568,Type_23,76.93,0.45,220.6,17.71,3.516,52.6,0,0.1284574824591837,Normal,Good,-
M08769,Type_25,54.89,0.22,225.0,11.43,2.315,643.6,0,0.12845527930549833,Normal,Good,-
M06930,Type_22,54.12,0.1,226.1,17.28,3.516,903.0,0,0.1284330907405475,Normal,Good,-
M09312,Type_20,60.89,1.23,217.6,13.58,2.66,216.0,0,0.12841350501708418,Normal,Good,-
M05003,Type_20,54.26,3.32,211.3,10.75,2.044,263.2,0,0.12839859759145122,Normal,Good,-
M08481,Type_14,76.24,2.18,219.5,16.64,3.287,991.0,0,0.12836545745171019,Normal,Good,-
M05847,Type_05,77.9,0.81,220.5,12.27,2.435,570.7,0,0.12836494345776128,Normal,Good,-
M05929,Type_05,77.55,1.24,217.3,12.52,2.449,537.8,0,0.12836494345776128,Normal,Good,-
M00515,Type_21,64.06,1.3,213.9,15.61,3.005,503.2,0,0.12836398582375266,Normal,Good,-
M08749,Type_10,62.49,1.89,225.3,19.72,3.999,982.5,0,0.12832011671215743,Normal,Good,-
M05257,Type_02,59.92,3.89,217.3,14.54,2.844,812.7,0,0.12830083323305103,Normal,Good,-
M06761,Type_17,66.16,2.21,220.1,16.71,3.31,154.6,0,0.12829880681959246,Normal,Good,-
M09634,Type_06,57.58,1.42,224.6,17.71,3.58,966.7,0,0.12825212994345825,Normal,Good,-
M06082,Type_05,65.55,2.82,223.8,19.3,3.887,677.6,0,0.12824697483034972,Normal,Good,-
M07937,Type_10,52.26,0.62,224.3,17.14,3.46,451.7,0,0.12824544275143895,Normal,Good,-
M03104,Type_25,64.93,2.92,219.7,13.87,2.743,858.4,0,0.12823558517384767,Normal,Good,-
M07704,Type_20,57.29,1.4,221.0,9.91,1.971,381.8,0,0.12823350511883466,Normal,Good,-
M08474,Type_15,56.81,1.05,224.0,11.27,2.272,343.7,0,0.12822010951026747,Normal,Good,-
M06926,Type_15,57.92,2.6,212.2,14.21,2.714,280.5,0,0.1282014131628274,Normal,Good,-
M00248,Type_05,69.14,2.97,225.7,13.99,2.842,677.4,0,0.1282006111414282,Normal,Good,-
M03674,Type_17,60.54,1.91,222.0,18.94,3.784,81.7,0,0.12819129729116727,Normal,Good,-
M04228,Type_13,51.64,1.59,225.7,15.43,3.134,957.4,0,0.1281487624472374,Normal,Good,-
M07920,Type_14,64.53,0.54,217.5,12.98,2.541,983.9,0,0.12813770591641288,Normal,Good,-
M00162,Type_02,62.1,3.23,225.4,10.58,2.146,422.1,0,0.1281294262898707,Normal,Good,-
M08664,Type_03,69.32,1.64,217.3,10.27,2.009,818.5,0,0.1281112354959197,Normal,Good,-
M08021,Type_03,66.43,2.61,217.3,17.94,3.509,993.8,0,0.12810074559607446,Normal,Good,-
M03681,Type_21,71.89,1.48,223.0,13.75,2.76,359.0,0,0.12805697929924267,Normal,Good,-
M02217,Type_06,57.02,0.1,219.8,13.74,2.718,250.2,0,0.12805663981827758,Normal,Good,-
M00564,Type_06,44.7,2.31,224.7,14.46,2.924,727.2,0,0.12802121946457876,Normal,Good,-
M02673,Type_22,57.05,2.35,223.7,13.91,2.801,52.8,0,0.12801539574992885,Normal,Good,-
M09086,Type_02,65.86,3.81,226.6,14.01,2.857,81.5,0,0.12801156090751664,Normal,Good,-
M04634,Type_10,75.6,3.14,218.2,13.63,2.677,94.4,0,0.12800127361025448,Normal,Good,-
M08053,Type_17,55.1,2.12,218.5,13.59,2.672,986.5,0,0.1279966846083936,Normal,Good,-
M00894,Type_21,52.47,2.52,220.1,13.31,2.637,212.6,0,0.1279821522450551,Normal,Good,-
M05068,Type_22,55.28,1.75,222.5,17.68,3.54,53.8,0,0.12798023099637795,Normal,Good,-
M02460,Type_10,59.64,0.75,215.5,16.18,3.138,221.5,0,0.12797239139560912,Normal,Good,-
M01856,Type_20,55.21,0.7,221.9,11.42,2.281,251.3,0,0.12796400987262846,Normal,Good,-
M06269,Type_20,55.85,0.88,224.6,11.63,2.351,248.6,0,0.12796400987262846,Normal,Good,-
M05927,Type_05,60.87,4.08,219.9,17.28,3.42,305.9,0,0.1279617582582403,Normal,Good,-
M05150,Type_06,41.1,0.5,222.6,18.16,3.638,721.8,0,0.12795000340962415,Normal,Good,-
M02419,Type_15,69.88,2.5,223.8,10.6,2.135,533.9,0,0.1279371544511899,Normal,Good,-
M09942,Type_19,50.56,1.51,216.4,16.19,3.153,977.8,0,0.12791736032806708,Normal,Good,-
M08286,Type_25,66.32,2.26,226.7,10.06,2.053,925.0,0,0.12791386204618216,Normal,Good,-
M03188,Type_23,75.11,1.21,221.1,15.32,3.049,257.7,0,0.12789709916423722,Normal,Good,-
M01842,Type_21,66.63,2.56,217.9,13.4,2.628,281.9,0,0.12789520536713428,Normal,Good,-
M08195,Type_14,50.65,0.1,226.8,10.65,2.174,141.1,0,0.12789189406692691,Normal,Good,-
M09139,Type_25,55.32,1.52,224.0,15.36,3.097,563.5,0,0.1278681584775058,Normal,Good,-
M03375,Type_20,49.39,0.35,210.1,16.37,3.095,473.1,0,0.12785206373801525,Normal,Good,-
M01777,Type_22,51.5,0.71,220.6,15.96,3.169,320.0,0,0.12783658828375125,Normal,Good,-
M01477,Type_05,48.85,2.62,216.9,17.18,3.354,476.4,0,0.1278347399099639,Normal,Good,-
M00441,Type_06,76.55,1.21,219.7,15.16,2.998,244.2,0,0.127781245273974,Normal,Good,-
M01273,Type_20,48.88,0.1,214.8,17.0,3.286,885.4,0,0.12776977354375554,Normal,Good,-
M01297,Type_03,68.74,1.49,224.7,15.64,3.163,125.3,0,0.127764404646165,Normal,Good,-
M09185,Type_21,67.15,1.04,219.9,13.72,2.715,675.1,0,0.12771902089983533,Normal,Good,-
M08799,Type_21,68.99,0.47,219.9,14.89,2.947,201.1,0,0.12771422709820082,Normal,Good,-
M03398,Type_25,71.91,1.55,221.2,13.91,2.769,257.6,0,0.12770890126900725,Normal,Good,-
M04311,Type_25,69.56,1.44,225.0,13.51,2.736,182.7,0,0.12770890126900725,Normal,Good,-
M07666,Type_15,76.23,3.1,214.8,13.68,2.645,186.8,0,0.12770171590673612,Normal,Good,-
M06668,Type_06,77.07,1.48,224.3,14.79,2.986,197.3,0,0.1276878439900539,Normal,Good,-
M07357,Type_05,57.19,2.27,217.9,16.98,3.33,571.7,0,0.12767391411125042,Normal,Good,-
M05065,Type_06,52.08,2.09,216.4,17.28,3.365,630.5,0,0.12766870043883669,Normal,Good,-
M01927,Type_22,65.56,1.38,226.7,17.52,3.575,53.3,0,0.12766842421474223,Normal,Good,-
M04307,Type_10,68.5,2.7,226.6,10.73,2.188,468.4,0,0.1276672627592157,Normal,Good,-
M07361,Type_10,70.87,0.1,226.1,15.87,3.229,55.4,0,0.12766171247192912,Normal,Good,-
M08763,Type_16,63.04,2.03,222.7,10.1,2.024,842.5,0,0.12765598282108423,Normal,Good,-
M05220,Type_05,66.33,2.78,223.4,18.38,3.695,238.5,0,0.12762557575468372,Normal,Good,-
M01249,Type_15,59.38,2.71,218.0,15.69,3.078,958.0,0,0.12759284509518815,Normal,Good,-
M00895,Type_05,78.08,2.13,222.0,13.81,2.759,292.8,0,0.1275478397020902,Normal,Good,-
M03857,Type_20,74.75,3.02,223.1,12.97,2.604,243.8,0,0.12747882835895957,Normal,Good,-
M08441,Type_05,60.57,1.62,230.0,11.63,2.407,78.3,0,0.12743701478953448,Normal,Good,-
M06341,Type_03,51.76,1.19,217.9,12.68,2.487,980.9,0,0.1274338736394645,Normal,Good,-
M04222,Type_20,72.31,1.69,229.4,10.59,2.186,559.6,0,0.12743136521985163,Normal,Good,-
M08982,Type_03,72.81,1.62,219.2,13.3,2.624,133.3,0,0.12742715560657225,Normal,Good,-
M00695,Type_06,44.69,2.25,213.6,14.4,2.768,334.1,0,0.12742569335807377,Normal,Good,-
M00438,Type_21,63.76,2.06,224.2,14.61,2.948,183.2,0,0.12739543012345203,Normal,Good,-
M05679,Type_06,43.26,4.0,227.1,9.86,2.015,733.4,0,0.127380416869052,Normal,Good,-
M01317,Type_10,79.25,2.45,213.8,17.39,3.346,219.7,0,0.12737472126232924,Normal,Good,-
M00909,Type_20,63.41,2.63,221.1,14.58,2.901,181.8,0,0.1273724367936675,Normal,Good,-
M04038,Type_05,58.68,3.05,229.6,17.04,3.521,629.1,0,0.12735074668766644,Normal,Good,-
M08897,Type_21,68.25,1.46,219.7,14.49,2.865,681.4,0,0.12734759735201995,Normal,Good,-
M05358,Type_05,62.37,3.1,217.6,11.45,2.242,500.2,0,0.12733692190829987,Normal,Good,-
M00283,Type_17,69.39,1.78,221.3,15.94,3.175,52.4,0,0.12733273056294692,Normal,Good,-
M01556,Type_08,57.26,1.4,214.2,17.75,3.422,993.4,0,0.12728813851797263,Normal,Good,-
M05613,Type_05,63.85,1.13,229.4,15.2,3.138,78.8,0,0.12728183220589898,Normal,Good,-
M03520,Type_14,60.08,1.6,216.7,11.46,2.235,984.5,0,0.12726731676301323,Normal,Good,-
M00327,Type_05,61.51,2.28,228.2,18.51,3.802,724.2,0,0.12726675601980414,Normal,Good,-
M07211,Type_03,68.54,1.04,223.8,9.92,1.998,320.6,0,0.12726489937045962,Normal,Good,-
M03948,Type_05,65.21,3.48,219.2,10.83,2.137,421.8,0,0.12725452488763211,Normal,Good,-
M04140,Type_05,50.07,2.81,213.9,18.54,3.569,503.8,0,0.1272321051610118,Normal,Good,-
M03318,Type_05,62.45,0.71,221.3,13.52,2.693,997.7,0,0.1272180319592773,Normal,Good,-
M06882,Type_20,68.4,1.24,214.2,11.13,2.146,951.3,0,0.1272109655459609,Normal,Good,-
M04579,Type_03,53.1,1.38,214.1,17.24,3.322,210.2,0,0.12718536474231,Normal,Good,-
M08632,Type_15,60.55,2.49,222.2,12.17,2.434,956.4,0,0.1271465110605334,Normal,Good,-
M00256,Type_22,57.19,0.71,217.1,16.66,3.255,269.9,0,0.12712270779003787,Normal,Good,-
M05878,Type_05,58.61,1.4,222.1,16.89,3.376,51.1,0,0.1271207442209855,Normal,Good,-
M02741,Type_20,75.21,1.44,214.8,13.23,2.558,970.8,0,0.12710820105747803,Normal,Good,-
M09287,Type_03,63.36,1.21,218.6,15.2,2.99,251.3,0,0.12704362710739278,Normal,Good,-
M09368,Type_06,58.65,0.98,223.4,15.69,3.155,875.9,0,0.12703017265993977,Normal,Good,-
M07982,Type_17,64.66,2.39,224.5,16.44,3.322,96.0,0,0.12701527436230078,Normal,Good,-
M00025,Type_25,29.86,2.84,222.9,16.34,3.278,124.2,0,0.1270121522921366,Normal,Good,-
M05543,Type_25,25.95,2.62,222.8,15.9,3.188,183.4,0,0.1270121522921366,Normal,Good,-
M06225,Type_06,44.27,0.76,220.5,15.47,3.07,556.6,0,0.12700389613439758,Normal,Good,-
M04423,Type_10,46.12,1.42,227.0,15.7,3.208,794.2,0,0.1270038160285833,Normal,Good,-
M04642,Type_21,51.06,1.1,217.2,13.14,2.569,560.0,0,0.12699333912434504,Normal,Good,-
M04242,Type_25,60.19,1.59,224.3,10.08,2.035,334.8,0,0.12698875172298033,Normal,Good,-
M00446,Type_06,51.52,1.14,213.6,15.94,3.064,237.7,0,0.12697428274157152,Normal,Good,-
M06233,Type_05,60.0,3.67,219.3,17.24,3.403,353.5,0,0.12691482120612974,Normal,Good,-
M08752,Type_25,63.73,1.3,227.3,12.12,2.479,945.1,0,0.12686488973632853,Normal,Good,-
M08542,Type_03,63.76,1.0,229.5,14.7,3.036,192.8,0,0.12686465268695643,Normal,Good,-
M02055,Type_10,72.66,1.81,226.9,14.33,2.926,981.0,0,0.12686025434024376,Normal,Good,-
M06700,Type_21,59.87,2.42,218.3,15.79,3.102,316.8,0,0.12683198980904029,Normal,Good,-
M07549,Type_02,43.16,2.58,226.4,11.07,2.256,534.5,0,0.12680556304890905,Normal,Good,-
M04344,Type_06,52.03,1.61,216.7,16.96,3.308,666.4,0,0.12678464398551992,Normal,Good,-
M08646,Type_25,62.24,3.03,219.0,9.91,1.953,554.5,0,0.12674774554861115,Normal,Good,-
M04099,Type_20,52.59,0.59,220.4,17.66,3.503,402.9,0,0.12674106985626718,Normal,Good,-
M01432,Type_25,75.51,1.59,221.1,13.89,2.764,230.3,0,0.12673696249349706,Normal,Good,-
M04586,Type_03,49.57,2.31,221.5,11.51,2.295,119.4,0,0.12670505183796363,Normal,Good,-
M01810,Type_06,44.87,2.36,224.2,15.86,3.2,847.6,0,0.12669273132621986,Normal,Good,-
M08489,Type_21,72.09,1.18,225.4,14.77,2.996,199.5,0,0.12667078809894763,Normal,Good,-
M06106,Type_25,62.67,1.64,218.6,16.58,3.262,929.2,0,0.1266654728554762,Normal,Good,-
M01217,Type_16,78.24,1.09,222.0,16.23,3.243,974.5,0,0.12663109042498383,Normal,Good,-
M02290,Type_25,56.81,1.41,219.4,9.88,1.951,483.1,0,0.12662107228604447,Normal,Good,-
M04007,Type_17,52.61,1.6,214.9,19.49,3.77,314.2,0,0.12661770709263814,Normal,Good,-
M09261,Type_05,56.64,2.27,225.1,11.17,2.263,957.9,0,0.12661522812968992,Normal,Good,-
M05857,Type_10,62.38,1.73,225.7,11.26,2.287,947.7,0,0.12660383772385223,Normal,Good,-
M04022,Type_20,69.23,2.82,213.0,10.8,2.07,493.7,0,0.1265919645400853,Normal,Good,-
M04998,Type_05,73.41,2.94,219.6,13.36,2.64,413.2,0,0.12657934969777465,Normal,Good,-
M00686,Type_25,65.04,0.83,226.1,10.32,2.1,843.2,0,0.12657716497765137,Normal,Good,-
M04169,Type_16,47.89,2.21,217.6,10.14,1.986,524.5,0,0.12657296047063157,Normal,Good,-
M09025,Type_21,68.42,1.32,220.1,14.52,2.876,618.4,0,0.12655084470730446,Normal,Good,-
M05154,Type_01,78.53,1.7,223.0,16.24,3.259,982.2,0,0.12653045922635356,Normal,Good,-
M04451,Type_05,69.34,3.81,217.7,10.52,2.061,125.2,0,0.12652931675291904,Normal,Good,-
M07335,Type_10,78.49,0.8,220.5,16.05,3.185,53.4,0,0.12650290406399725,Normal,Good,-
M04041,Type_25,64.37,2.87,227.4,16.74,3.426,964.8,0,0.12649840143466493,Normal,Good,-
M02146,Type_05,70.72,3.69,224.5,11.55,2.334,602.5,0,0.12648720085250342,Normal,Good,-
M03847,Type_25,75.54,1.99,222.3,15.06,3.013,109.1,0,0.12646543181495834,Normal,Good,-
M05373,Type_05,61.29,2.57,213.0,15.24,2.922,190.1,0,0.12639975563709518,Normal,Good,-
M02390,Type_16,74.85,2.36,227.8,10.67,2.188,686.8,0,0.12638612549765366,Normal,Good,-
M01490,Type_05,55.92,2.14,221.4,16.42,3.272,131.3,0,0.12638038213443267,Normal,Good,-
M08699,Type_21,66.67,1.24,218.2,14.5,2.848,870.0,0,0.126379390038893,Normal,Good,-
M07179,Type_06,62.07,0.1,219.8,15.04,2.975,921.6,0,0.1263698579816188,Normal,Good,-
M05027,Type_15,49.21,2.01,211.9,10.77,2.054,517.4,0,0.12634770114082947,Normal,Good,-
M08945,Type_25,70.5,2.54,219.9,10.63,2.104,474.9,0,0.12633869933111122,Normal,Good,-
M03560,Type_02,57.92,3.04,215.3,10.17,1.971,330.5,0,0.1263273731927076,Normal,Good,-
M06464,Type_21,62.41,2.95,219.2,15.48,3.054,183.6,0,0.12630266588539774,Normal,Good,-
M09529,Type_05,77.3,1.34,219.2,19.31,3.809,588.4,0,0.1262523623266106,Normal,Good,-
M09168,Type_16,55.97,2.7,214.3,10.86,2.095,405.0,0,0.12624839392142606,Normal,Good,-
M00472,Type_03,64.04,1.75,221.7,11.08,2.211,614.0,0,0.12623183260017248,Normal,Good,-
M09664,Type_20,63.58,3.92,218.1,14.61,2.868,138.8,0,0.12620151058538695,Normal,Good,-
M04286,Type_23,66.33,3.86,226.3,17.89,3.644,976.8,0,0.12619819370797583,Normal,Good,-
M09009,Type_10,52.03,1.46,223.9,15.49,3.121,926.9,0,0.12615919699197709,Normal,Good,-
M07454,Type_15,57.62,0.21,218.3,12.88,2.531,319.4,0,0.1261206551984933,Normal,Good,-
M06785,Type_15,60.08,1.88,216.8,13.14,2.564,55.5,0,0.12611224883128921,Normal,Good,-
M05610,Type_01,55.7,1.48,223.5,13.65,2.746,985.9,0,0.12610063775989905,Normal,Good,-
M07392,Type_22,62.5,3.18,214.9,13.59,2.628,984.3,0,0.12610050391373734,Normal,Good,-
M04495,Type_07,70.72,2.72,219.9,15.59,3.085,982.6,0,0.12608456807906193,Normal,Good,-
M06086,Type_05,47.21,2.36,217.6,18.53,3.629,228.2,0,0.12602962744927354,Normal,Good,-
M03993,Type_05,63.62,2.14,227.2,13.32,2.724,531.4,0,0.12602190855082968,Normal,Good,-
M03532,Type_06,50.73,1.3,226.6,13.38,2.729,799.9,0,0.12601295119679284,Normal,Good,-
M03834,Type_06,75.75,3.09,226.7,16.0,3.264,87.3,0,0.12600133455481388,Normal,Good,-
M03811,Type_03,56.27,3.73,214.9,16.51,3.193,87.6,0,0.1259843873602344,Normal,Good,-
M04552,Type_16,76.54,3.11,212.6,16.2,3.1,986.9,0,0.12598282966680346,Normal,Good,-
M02173,Type_05,56.95,2.2,224.8,13.39,2.709,632.5,0,0.12596453460081997,Normal,Good,-
M01062,Type_05,64.62,1.57,227.5,15.59,3.192,149.4,0,0.1259492099268261,Normal,Good,-
M01417,Type_23,80.0,1.14,218.9,15.17,2.989,81.4,0,0.12594852569525736,Normal,Good,-
M03439,Type_25,58.63,3.52,223.6,15.94,3.208,941.6,0,0.12594593884805066,Normal,Good,-
M01295,Type_10,74.43,1.72,224.6,10.75,2.173,451.1,0,0.1259383244009517,Normal,Good,-
M06199,Type_20,68.67,1.2,215.6,16.46,3.194,167.4,0,0.12593489888519196,Normal,Good,-
M07793,Type_17,59.78,0.62,223.1,16.66,3.345,215.1,0,0.12593351934244643,Normal,Good,-
M09916,Type_10,75.3,3.03,224.2,16.44,3.317,87.8,0,0.1259257084706903,Normal,Good,-
M03516,Type_03,61.37,2.52,219.5,15.3,3.023,165.4,0,0.12591082837673098,Normal,Good,-
M00755,Type_22,56.26,0.12,227.0,11.45,2.339,227.2,0,0.12590777096452477,Normal,Good,-
M07196,Type_25,63.18,2.03,222.6,14.8,2.965,83.4,0,0.12589413072763314,Normal,Good,-
M04547,Type_15,54.49,2.96,222.7,10.28,2.06,542.9,0,0.12589143290460925,Normal,Good,-
M00018,Type_15,57.42,1.27,228.2,11.47,2.356,236.1,0,0.12580283654838698,Normal,Good,-
M07873,Type_17,57.26,0.67,216.6,15.17,2.957,161.5,0,0.12569944833470234,Normal,Good,-
M09511,Type_05,50.88,2.84,210.0,18.5,3.497,207.4,0,0.12569353118239246,Normal,Good,-
M08072,Type_03,65.79,1.35,215.7,15.17,2.945,198.8,0,0.12566281498592463,Normal,Good,-
M05959,Type_15,60.75,0.76,219.1,12.06,2.378,188.2,0,0.1256437534839192,Normal,Good,-
M00527,Type_10,43.27,0.31,216.3,14.06,2.737,921.9,0,0.1256327092306374,Normal,Good,-
M07051,Type_25,47.5,1.96,221.7,10.35,2.065,308.9,0,0.12560204789850488,Normal,Good,-
M04197,Type_20,62.22,1.51,219.7,10.83,2.141,227.9,0,0.12559600407887392,Normal,Good,-
M03047,Type_16,60.63,1.4,218.5,10.56,2.077,537.0,0,0.12559562452359482,Normal,Good,-
M05160,Type_18,68.98,2.34,224.1,11.74,2.368,979.4,0,0.12558959844288556,Normal,Good,-
M00264,Type_15,61.13,2.52,216.5,14.77,2.878,982.5,0,0.12558792102120717,Normal,Good,-
M03404,Type_05,52.1,1.55,224.1,15.51,3.128,139.6,0,0.12558125131411768,Normal,Good,-
M07329,Type_05,56.47,1.47,218.8,16.17,3.184,138.9,0,0.12558125131411768,Normal,Good,-
M06892,Type_21,67.93,1.21,219.8,14.1,2.789,549.2,0,0.12551902089983535,Normal,Good,-
M01151,Type_22,57.83,0.99,218.6,17.59,3.461,141.4,0,0.1255164013391779,Normal,Good,-
M06043,Type_25,69.47,2.05,219.5,15.12,2.987,98.9,0,0.12549346077468632,Normal,Good,-
M05394,Type_20,52.7,1.17,215.1,17.79,3.444,318.6,0,0.12545937726090767,Normal,Good,-
M01869,Type_21,67.5,1.41,218.5,10.84,2.132,804.4,0,0.12545484819065814,Normal,Good,-
M04844,Type_10,65.83,2.74,221.8,10.31,2.058,752.0,0,0.12539016514934895,Normal,Good,-
M03605,Type_25,78.06,3.2,214.4,10.56,2.038,717.1,0,0.12536676055560103,Normal,Good,-
M07033,Type_25,75.22,2.66,220.5,10.39,2.062,445.3,0,0.12536676055560103,Normal,Good,-
M00629,Type_25,46.98,1.85,216.2,10.46,2.035,149.9,0,0.12536118741078248,Normal,Good,-
M03388,Type_16,53.15,1.0,221.4,19.37,3.86,966.6,0,0.12535773612235862,Normal,Good,-
M00669,Type_05,61.42,1.85,215.6,17.34,3.365,96.2,0,0.12534165557475208,Normal,Good,-
M08641,Type_11,75.12,2.47,223.8,10.53,2.121,982.8,0,0.1253350921886246,Normal,Good,-
M06313,Type_06,54.26,0.7,213.2,14.35,2.753,295.8,0,0.1253292716174282,Normal,Good,-
M05036,Type_05,58.22,1.83,227.5,19.07,3.905,907.1,0,0.12528770310300594,Normal,Good,-
M07148,Type_17,70.12,0.66,215.5,16.6,3.22,215.8,0,0.12528610912978944,Normal,Good,-
M01136,Type_10,55.59,2.68,223.8,10.4,2.095,266.7,0,0.12524789762662547,Normal,Good,-
M02203,Type_17,57.7,1.65,222.3,19.04,3.809,971.2,0,0.125233225971475,Normal,Good,-
M06220,Type_05,56.45,0.24,222.3,17.38,3.477,457.4,0,0.12519293522537675,Normal,Good,-
M02871,Type_17,62.27,1.48,223.1,17.41,3.496,103.0,0,0.12512936436646277,Normal,Good,-
M05126,Type_03,55.63,2.64,214.7,12.72,2.458,163.6,0,0.12510994903440398,Normal,Good,-
M01148,Type_20,52.48,0.98,219.1,15.38,3.033,917.9,0,0.1250991483742835,Normal,Good,-
M02385,Type_17,62.03,1.52,218.8,16.28,3.206,224.4,0,0.12507323442337684,Normal,Good,-
M00983,Type_05,61.43,0.3,224.2,18.08,3.648,440.7,0,0.12507058587461686,Normal,Good,-
M04129,Type_23,76.04,1.3,221.3,14.11,2.81,977.1,0,0.1250442637341935,Normal,Good,-
M05942,Type_20,50.48,1.25,224.2,13.61,2.746,338.8,0,0.12495402740476816,Normal,Good,-
M02019,Type_05,46.89,0.75,216.2,19.42,3.779,830.6,0,0.12495317423934502,Normal,Good,-
M04748,Type_16,60.61,1.45,211.3,10.72,2.039,426.3,0,0.12487744986924997,Normal,Good,-
M09229,Type_17,72.79,0.96,217.3,19.02,3.72,165.3,0,0.1248621660265335,Normal,Good,-
M06016,Type_05,78.1,0.98,210.4,15.71,2.975,167.5,0,0.12484535924480161,Normal,Good,-
M06407,Type_10,76.92,2.81,215.2,14.2,2.75,83.1,0,0.12481813352337846,Normal,Good,-
M02467,Type_20,54.48,0.32,222.8,15.8,3.168,452.6,0,0.12481051787028388,Normal,Good,-
M00049,Type_05,71.09,1.61,226.8,17.36,3.544,188.0,0,0.12479407925678702,Normal,Good,-
M08932,Type_25,58.43,1.02,229.7,10.39,2.148,293.2,0,0.12478028592374574,Normal,Good,-
M09411,Type_06,65.81,1.66,222.1,10.24,2.047,83.5,0,0.12476669542138975,Normal,Good,-
M08716,Type_10,55.98,0.7,225.3,14.4,2.92,958.2,0,0.12473596247759947,Normal,Good,-
M03026,Type_25,63.5,1.8,225.6,10.75,2.183,229.4,0,0.12471920421969315,Normal,Good,-
M09527,Type_10,67.29,0.95,220.7,18.3,3.635,976.4,0,0.12464015907317044,Normal,Good,-
M05498,Type_15,53.12,0.44,220.5,12.23,2.427,90.3,0,0.12461409214294501,Normal,Good,-
M05320,Type_05,45.72,1.8,216.2,15.58,3.032,539.8,0,0.12460526840787665,Normal,Good,-
M06872,Type_21,51.12,2.67,218.8,15.0,2.954,179.6,0,0.12460419581413262,Normal,Good,-
M04923,Type_15,56.28,0.38,225.8,11.05,2.246,897.2,0,0.12456122227773064,Normal,Good,-
M09910,Type_16,58.14,1.93,221.2,10.3,2.051,619.3,0,0.12455830093307975,Normal,Good,-
M06666,Type_08,59.21,2.37,221.0,18.35,3.65,991.2,0,0.12452331695868651,Normal,Good,-
M04705,Type_17,54.42,1.06,219.9,15.74,3.115,940.2,0,0.12438819368078839,Normal,Good,-
M09657,Type_20,56.64,1.74,221.4,15.31,3.051,98.3,0,0.12438200529990859,Normal,Good,-
M09504,Type_20,56.0,0.73,215.3,17.03,3.3,269.1,0,0.12437818832126343,Normal,Good,-
M00180,Type_05,63.99,1.02,228.9,15.54,3.201,626.0,0,0.12437626354448961,Normal,Good,-
M05935,Type_01,68.21,2.28,216.2,16.12,3.137,984.0,0,0.12433953649557768,Normal,Good,-
M00462,Type_06,47.66,3.17,228.3,13.44,2.762,937.6,0,0.12432676054192975,Normal,Good,-
M02965,Type_06,56.36,0.38,214.3,14.18,2.735,952.8,0,0.12429428525568817,Normal,Good,-
M04589,Type_15,54.47,3.49,224.6,13.56,2.741,56.4,0,0.12424053004702047,Normal,Good,-
M09556,Type_05,58.23,0.46,228.3,13.54,2.782,527.7,0,0.1242289429032914,Normal,Good,-
M00054,Type_02,65.85,3.9,220.3,16.43,3.258,514.8,0,0.12420741886973927,Normal,Good,-
M01806,Type_05,52.84,1.37,226.9,17.7,3.615,253.3,0,0.12420678487471003,Normal,Good,-
M06125,Type_25,62.51,2.85,214.8,10.94,2.115,730.9,0,0.1241694908356155,Normal,Good,-
M05870,Type_03,56.81,2.07,216.9,12.25,2.391,238.1,0,0.12414492790921906,Normal,Good,-
M07995,Type_05,66.65,1.97,214.9,15.39,2.977,428.2,0,0.12412709310584719,Normal,Good,-
M02137,Type_17,73.2,1.2,218.5,19.26,3.787,225.8,0,0.12412467077517221,Normal,Good,-
M02716,Type_09,58.79,2.93,218.1,15.88,3.117,992.2,0,0.12410042967766088,Normal,Good,-
M03957,Type_05,46.85,2.13,219.4,17.45,3.446,184.4,0,0.1240489188140922,Normal,Good,-
M02039,Type_16,59.48,1.19,221.7,10.64,2.123,731.5,0,0.12399961775220653,Normal,Good,-
M06308,Type_05,61.34,1.92,218.8,16.76,3.3,230.4,0,0.12399305386045414,Normal,Good,-
M02623,Type_05,53.72,1.57,228.3,14.03,2.883,463.3,0,0.12390554464581363,Normal,Good,-
M00600,Type_21,68.58,2.46,219.8,11.78,2.33,226.3,0,0.12388310540203305,Normal,Good,-
M03595,Type_11,76.04,3.38,217.5,10.93,2.14,981.4,0,0.12387899799712077,Normal,Good,-
M07820,Type_20,75.19,1.75,218.7,15.66,3.082,79.6,0,0.12385348241736212,Normal,Good,-
M07809,Type_02,64.4,3.37,220.7,16.08,3.194,700.6,0,0.12384272598245788,Normal,Good,-
M09163,Type_05,67.86,1.71,226.7,17.89,3.65,706.2,0,0.12382856593567476,Normal,Good,-
M00080,Type_05,67.69,2.71,226.1,12.72,2.588,78.5,0,0.12382517807736734,Normal,Good,-
M07281,Type_10,66.41,1.91,220.5,10.75,2.133,795.7,0,0.123821257101544,Normal,Good,-
M01210,Type_05,63.29,2.69,225.3,14.07,2.853,269.8,0,0.12377750070175483,Normal,Good,-
M01662,Type_05,55.86,2.84,219.8,18.28,3.616,657.6,0,0.12374649177053922,Normal,Good,-
M01620,Type_05,68.09,1.55,217.5,14.39,2.817,560.2,0,0.1236948898712652,Normal,Good,-
M09189,Type_05,63.66,1.51,219.3,18.29,3.61,195.9,0,0.12368401103613388,Normal,Good,-
M07431,Type_05,61.04,2.46,215.7,18.67,3.624,216.5,0,0.12367736494652398,Normal,Good,-
M06896,Type_03,59.54,2.91,219.5,11.04,2.181,418.4,0,0.1236700674821087,Normal,Good,-
M06102,Type_25,60.0,1.55,225.5,9.88,2.005,429.1,0,0.12366192110678802,Normal,Good,-
M08649,Type_16,62.66,0.1,219.0,16.61,3.274,961.8,0,0.12364973020595749,Normal,Good,-
M03066,Type_05,57.14,1.8,211.2,17.17,3.264,515.8,0,0.12364669402851583,Normal,Good,-
M09458,Type_05,60.74,0.1,216.3,13.4,2.609,548.3,0,0.12364111039043787,Normal,Good,-
M01773,Type_05,58.71,3.12,218.4,14.97,2.943,626.4,0,0.12363298670788916,Normal,Good,-
M02767,Type_05,77.36,1.33,224.5,16.44,3.322,620.2,0,0.12360831871563815,Normal,Good,-
M01073,Type_03,53.41,2.07,223.5,10.43,2.098,733.5,0,0.12360435237745115,Normal,Good,-
M05135,Type_03,57.98,2.93,222.3,10.07,2.015,509.9,0,0.12358760071021699,Normal,Good,-
M04163,Type_05,69.57,2.08,227.0,15.03,3.071,386.9,0,0.12353132652605277,Normal,Good,-
M04476,Type_04,54.49,1.16,221.9,16.95,3.385,997.4,0,0.12349496486000097,Normal,Good,-
M08827,Type_17,60.93,1.23,218.3,12.76,2.507,997.5,0,0.12349031733830856,Normal,Good,-
M00257,Type_05,78.95,3.18,223.3,18.18,3.654,319.8,0,0.12345256045064654,Normal,Good,-
M09407,Type_05,70.13,1.43,225.3,18.17,3.684,714.5,0,0.12344991495338284,Normal,Good,-
M03005,Type_05,63.81,2.7,220.3,17.12,3.394,706.4,0,0.12343898614788232,Normal,Good,-
M04760,Type_05,63.26,2.87,218.6,17.34,3.411,873.6,0,0.12343898614788232,Normal,Good,-
M09412,Type_05,58.23,2.0,214.4,17.72,3.419,859.6,0,0.12343898614788232,Normal,Good,-
M06786,Type_05,58.02,1.44,227.1,12.43,2.541,572.5,0,0.12343438277834202,Normal,Good,-
M03457,Type_05,72.05,0.87,226.9,12.9,2.634,666.2,0,0.12342052608551347,Normal,Good,-
M08402,Type_05,71.71,1.02,227.7,13.21,2.707,677.5,0,0.12342052608551347,Normal,Good,-
M09893,Type_20,76.82,2.6,217.6,10.95,2.144,257.2,0,0.12341989055706168,Normal,Good,-
M07834,Type_11,75.7,1.77,225.4,18.68,3.789,988.5,0,0.12341685681336881,Normal,Good,-
M03795,Type_02,72.94,3.37,218.5,14.71,2.893,814.8,0,0.12340029330026049,Normal,Good,-
M01088,Type_10,73.7,3.1,220.8,10.81,2.148,783.6,0,0.12338519575895641,Normal,Good,-
M07340,Type_05,71.99,3.39,226.6,18.68,3.81,933.6,0,0.12338297996823737,Normal,Good,-
M01288,Type_05,75.26,2.57,229.0,13.06,2.692,876.1,0,0.12338055695124119,Normal,Good,-
M00361,Type_05,60.5,1.9,226.5,17.38,3.543,786.9,0,0.1233481668583434,Normal,Good,-
M05637,Type_05,68.58,1.71,222.6,14.53,2.911,545.9,0,0.12330480305377836,Normal,Good,-
M07359,Type_03,55.14,2.11,215.1,15.01,2.906,104.3,0,0.12329094214188654,Normal,Good,-
M03881,Type_06,78.88,1.43,215.7,10.77,2.091,128.0,0,0.12328979144619298,Normal,Good,-
M01361,Type_15,73.52,2.62,213.6,10.69,2.055,235.5,0,0.1232562862562367,Normal,Good,-
M03225,Type_04,78.96,3.03,215.8,16.47,3.199,985.3,0,0.12325309135851759,Normal,Good,-
M04533,Type_25,60.01,1.97,219.0,10.81,2.131,786.3,0,0.12322894241663215,Normal,Good,-
M05638,Type_05,70.43,3.01,224.4,18.16,3.668,172.8,0,0.12321685436557493,Normal,Good,-
M05461,Type_03,56.5,2.87,221.4,10.38,2.068,444.2,0,0.12318546213075952,Normal,Good,-
M00532,Type_05,75.16,3.39,224.1,17.06,3.441,872.6,0,0.12317518897662894,Normal,Good,-
M05589,Type_17,67.77,1.01,221.2,17.01,3.386,168.0,0,0.12312384801289315,Normal,Good,-
M06395,Type_05,62.58,3.41,217.2,15.49,3.028,836.5,0,0.12311232120910134,Normal,Good,-
M08950,Type_07,66.24,2.27,211.6,19.0,3.618,998.1,0,0.12307330767041319,Normal,Good,-
M07083,Type_02,53.98,1.4,219.2,9.97,1.967,486.8,0,0.1230430582648308,Normal,Good,-
M00326,Type_10,66.27,1.02,224.9,14.85,3.006,991.9,0,0.12299044870967507,Normal,Good,-
M08311,Type_16,52.81,1.56,221.1,10.92,2.173,699.1,0,0.12298801961344838,Normal,Good,-
M02201,Type_05,59.81,2.41,216.2,16.62,3.234,227.5,0,0.12295433952484598,Normal,Good,-
M05625,Type_05,60.94,2.32,219.1,16.28,3.21,196.3,0,0.12295433952484598,Normal,Good,-
M05308,Type_05,69.89,2.15,215.3,17.84,3.457,76.7,0,0.1228868627119291,Normal,Good,-
M03097,Type_05,55.95,1.44,225.3,12.12,2.458,477.6,0,0.12285248887999221,Normal,Good,-
M01049,Type_05,71.35,1.1,216.6,17.91,3.491,86.4,0,0.12284622417865311,Normal,Good,-
M07919,Type_20,76.77,1.1,224.1,14.02,2.828,971.9,0,0.12281856413208424,Normal,Good,-
M01889,Type_05,71.66,1.64,221.7,17.31,3.454,222.7,0,0.12279889693964784,Normal,Good,-
M01733,Type_05,75.17,3.24,221.4,13.8,2.75,645.1,0,0.12279259619188673,Normal,Good,-
M03714,Type_10,49.62,3.9,224.1,13.53,2.729,973.8,0,0.12274313991283421,Normal,Good,-
M03489,Type_05,70.11,1.37,223.8,19.82,3.992,957.1,0,0.12273593429908125,Normal,Good,-
M04490,Type_06,59.13,1.07,218.2,16.33,3.207,955.2,0,0.12272069992228035,Normal,Good,-
M04969,Type_05,68.12,2.32,215.7,15.18,2.947,870.5,0,0.12268164041200161,Normal,Good,-
M05662,Type_05,56.26,2.23,219.0,14.16,2.791,382.2,0,0.12266960868398391,Normal,Good,-
M07309,Type_05,72.76,2.5,219.0,17.7,3.489,92.5,0,0.12264070140957989,Normal,Good,-
M07297,Type_20,55.87,0.94,222.9,14.34,2.877,124.7,0,0.12258285673516042,Normal,Good,-
M03216,Type_05,62.96,2.15,221.3,16.1,3.207,283.2,0,0.12257561423522675,Normal,Good,-
M09097,Type_05,61.27,1.75,217.2,16.81,3.286,321.1,0,0.12257561423522675,Normal,Good,-
M09793,Type_17,43.71,0.98,223.7,15.91,3.203,105.2,0,0.1225577346887446,Normal,Good,-
M06769,Type_05,60.78,2.91,220.4,12.25,2.43,491.4,0,0.12244202671075971,Normal,Good,-
M04464,Type_05,65.16,2.15,211.7,10.18,1.94,866.4,0,0.12244124411584095,Normal,Good,-
M06339,Type_05,68.9,1.52,228.0,15.97,3.277,664.6,0,0.12243955175402378,Normal,Good,-
M04150,Type_06,46.45,2.43,225.6,10.85,2.203,254.7,0,0.12242227900439838,Normal,Good,-
M07181,Type_05,72.0,1.31,216.5,19.96,3.889,913.3,0,0.12237872054568942,Normal,Good,-
M08418,Type_05,62.68,3.15,218.8,17.63,3.472,712.8,0,0.12235395400395918,Normal,Good,-
M08508,Type_21,64.75,2.35,217.9,13.1,2.569,235.1,0,0.12234445216664208,Normal,Good,-
M06579,Type_21,64.75,1.35,220.3,13.95,2.766,367.1,0,0.1222878208711681,Normal,Good,-
M03917,Type_19,63.35,2.6,213.3,11.73,2.252,994.3,0,0.1222804601006694,Normal,Good,-
M05309,Type_03,67.47,3.04,222.1,10.76,2.151,602.7,0,0.12228033472152194,Normal,Good,-
M03103,Type_05,69.72,2.06,221.8,15.18,3.03,531.0,0,0.12224553338882052,Normal,Good,-
M04997,Type_21,79.59,1.47,222.1,15.18,3.034,245.3,0,0.12224374095306442,Normal,Good,-
M01631,Type_23,53.93,1.43,225.4,15.61,3.167,980.6,0,0.1222240981400715,Normal,Good,-
M02069,Type_15,60.36,0.72,222.0,10.23,2.044,340.3,0,0.12217355974229861,Normal,Good,-
M02573,Type_21,43.68,0.44,218.1,14.19,2.785,969.4,0,0.12214042417729257,Normal,Good,-
M05379,Type_20,67.78,0.1,217.3,13.06,2.554,51.9,0,0.12212068092341272,Normal,Good,-
M08198,Type_02,68.25,3.65,224.1,15.67,3.16,230.7,0,0.12210897945303884,Normal,Good,-
M09439,Type_03,58.53,0.85,218.6,10.93,2.15,813.2,0,0.12210310193796696,Normal,Good,-
M09159,Type_03,57.32,0.97,225.2,16.16,3.275,195.2,0,0.12209797369243504,Normal,Good,-
M03519,Type_17,61.68,1.48,220.7,17.22,3.42,194.6,0,0.12207051700590102,Normal,Good,-
M09690,Type_15,52.38,1.24,225.1,10.01,2.028,388.6,0,0.12206359779525013,Normal,Good,-
M01338,Type_05,68.93,1.71,223.7,16.53,3.328,320.7,0,0.12204514087130677,Normal,Good,-
M01612,Type_02,49.09,2.53,225.5,15.64,3.174,745.8,0,0.1220043955678796,Normal,Good,-
M00275,Type_16,46.33,1.54,224.6,11.83,2.391,965.5,0,0.122002219184749,Normal,Good,-
M06545,Type_05,60.8,3.29,217.0,17.13,3.345,857.6,0,0.12194879164096617,Normal,Good,-
M08987,Type_25,63.65,1.78,222.0,12.99,2.595,938.0,0,0.12193827373309198,Normal,Good,-
M00974,Type_19,59.11,2.66,222.0,17.24,3.445,990.7,0,0.12193265238203717,Normal,Good,-
M08645,Type_01,76.22,1.34,213.8,12.08,2.324,994.2,0,0.12190910235765269,Normal,Good,-
M06369,Type_05,63.16,0.35,215.8,14.39,2.795,509.8,0,0.12187329967366133,Normal,Good,-
M09490,Type_05,79.66,1.47,217.2,17.1,3.343,689.7,0,0.12183828248558136,Normal,Good,-
M09259,Type_05,71.99,0.1,212.5,17.24,3.297,696.1,0,0.12183791963879648,Normal,Good,-
M00985,Type_05,77.69,2.99,225.6,13.56,2.753,849.3,0,0.12181237738134114,Normal,Good,-
M05695,Type_19,66.25,2.43,221.5,16.77,3.343,986.4,0,0.12174891278902283,Normal,Good,-
M02343,Type_02,65.32,3.62,220.1,13.67,2.708,858.7,0,0.12172996439686541,Normal,Good,-
M07090,Type_05,53.29,0.98,217.6,16.92,3.314,378.3,0,0.12172866055404284,Normal,Good,-
M05652,Type_25,44.9,1.72,220.5,16.51,3.276,979.3,0,0.12167240769875917,Normal,Good,-
M04015,Type_05,73.72,1.88,222.6,13.5,2.705,366.0,0,0.12166538247843098,Normal,Good,-
M06803,Type_10,44.64,2.09,225.1,10.65,2.158,477.2,0,0.1216617444826836,Normal,Good,-
M03905,Type_04,77.75,2.35,221.8,17.16,3.425,999.5,0,0.1215277469814165,Normal,Good,-
M06146,Type_05,72.76,1.52,218.6,16.92,3.329,167.5,0,0.12150967812333809,Normal,Good,-
M03202,Type_05,66.76,2.58,216.8,10.27,2.004,444.7,0,0.1214855332789758,Normal,Good,-
M04453,Type_10,66.28,1.81,215.9,13.26,2.577,981.2,0,0.1214702514056171,Normal,Good,-
M08293,Type_05,61.01,0.75,218.4,14.23,2.797,572.2,0,0.1213848909520433,Normal,Good,-
M08277,Type_05,61.69,1.7,211.3,18.22,3.465,786.8,0,0.1213398799217626,Normal,Good,-
M06348,Type_05,72.44,2.18,224.0,16.09,3.244,235.2,0,0.12127009460804493,Normal,Good,-
M00891,Type_05,65.27,1.28,224.4,14.75,2.979,495.8,0,0.12126392493707122,Normal,Good,-
M02794,Type_20,73.68,1.42,227.6,13.41,2.747,51.4,0,0.1212625818318081,Normal,Good,-
M09710,Type_05,73.35,1.19,217.3,15.0,2.934,357.3,0,0.12124491128613997,Normal,Good,-
M08992,Type_05,79.17,1.72,215.1,17.86,3.458,640.6,0,0.12122850637362916,Normal,Good,-
M06273,Type_16,41.29,0.41,218.2,10.39,2.04,597.1,0,0.12120399221755304,Normal,Good,-
M08944,Type_03,74.8,3.21,218.3,10.44,2.051,464.0,0,0.12118667168152183,Normal,Good,-
M04039,Type_05,75.91,2.52,220.6,16.55,3.286,820.4,0,0.12117490403206274,Normal,Good,-
M05841,Type_05,77.98,2.21,217.4,15.61,3.054,799.4,0,0.12117490403206274,Normal,Good,-
M02165,Type_05,69.47,0.65,217.0,18.21,3.556,731.0,0,0.12108665830839108,Normal,Good,-
M04833,Type_20,64.4,0.99,219.6,10.35,2.046,180.1,0,0.12106438290556795,Normal,Good,-
M01316,Type_05,74.54,1.22,215.6,11.02,2.138,429.8,0,0.12105029422437617,Normal,Good,-
M09746,Type_05,63.58,1.9,224.3,14.58,2.943,608.0,0,0.12103837431495033,Normal,Good,-
M09905,Type_20,58.3,0.38,219.0,14.72,2.901,79.8,0,0.12103318118401464,Normal,Good,-
M04554,Type_05,64.2,3.13,218.1,13.6,2.67,698.4,0,0.12102251765495389,Normal,Good,-
M07390,Type_05,59.55,1.74,220.1,13.17,2.609,120.6,0,0.12100119117170959,Normal,Good,-
M02971,Type_10,58.1,1.68,223.2,13.1,2.632,977.2,0,0.12098985232828573,Normal,Good,-
M00812,Type_13,62.51,1.68,221.2,18.75,3.733,981.8,0,0.12098355704880018,Normal,Good,-
M09344,Type_05,70.85,2.56,223.8,12.85,2.588,756.9,0,0.12090932248811172,Normal,Good,-
M07336,Type_03,70.72,2.02,211.3,10.6,2.016,549.4,0,0.12090087769756956,Normal,Good,-
M04199,Type_05,69.87,1.33,215.8,10.99,2.134,560.7,0,0.12087276617688124,Normal,Good,-
M07405,Type_05,69.84,2.15,219.5,11.88,2.347,472.0,0,0.12086908125934805,Normal,Good,-
M00675,Type_11,52.95,2.65,223.2,10.23,2.055,984.3,0,0.120849868185611,Normal,Good,-
M04816,Type_03,61.27,0.27,216.1,18.77,3.651,115.0,0,0.12084396857430711,Normal,Good,-
M01952,Type_05,56.8,1.94,223.9,13.36,2.692,686.8,0,0.12079622207249667,Normal,Good,-
M05698,Type_05,75.48,1.99,220.1,10.64,2.108,512.7,0,0.12075012729451023,Normal,Good,-
M03107,Type_05,36.97,2.27,227.9,13.89,2.849,690.1,0,0.12074066515642101,Normal,Good,-
M03570,Type_05,78.93,0.78,214.9,16.08,3.11,762.1,0,0.12071571546148446,Normal,Good,-
M07727,Type_05,70.61,1.72,219.6,16.61,3.283,872.3,0,0.1207119565055141,Normal,Good,-
M05578,Type_05,57.04,2.39,215.5,17.41,3.377,311.5,0,0.12071074845671026,Normal,Good,-
M00656,Type_21,66.48,2.31,224.6,12.64,2.555,135.1,0,0.12069089485768059,Normal,Good,-
M08162,Type_05,70.45,2.15,215.9,11.48,2.231,128.2,0,0.12068215171000794,Normal,Good,-
M01571,Type_05,50.27,0.9,218.3,14.13,2.776,424.1,0,0.12067274763949414,Normal,Good,-
M09771,Type_18,66.3,1.55,219.3,13.84,2.732,983.8,0,0.12064335987701579,Normal,Good,-
M06587,Type_02,75.58,1.2,222.6,12.87,2.578,991.1,0,0.12058374959436359,Normal,Good,-
M08613,Type_19,77.09,2.1,224.2,15.86,3.2,990.5,0,0.12053580686731706,Normal,Good,-
M00936,Type_05,72.41,2.95,220.4,17.81,3.533,90.2,0,0.12052505981909963,Normal,Good,-
M05441,Type_22,57.4,0.1,221.5,18.93,3.774,51.3,0,0.12047054152421965,Normal,Good,-
M03672,Type_10,69.61,1.33,211.0,10.4,1.975,91.2,0,0.12031606251563315,Normal,Good,-
M07587,Type_05,66.34,2.57,216.8,14.04,2.739,56.8,0,0.12030255933983655,Normal,Good,-
M04883,Type_05,68.01,1.97,215.1,12.09,2.341,498.6,0,0.12028951835685722,Normal,Good,-
M09288,Type_19,66.81,2.1,223.9,13.06,2.632,984.6,0,0.12028213297542592,Normal,Good,-
M00920,Type_05,61.75,2.08,219.4,14.43,2.849,234.3,0,0.12015038041613677,Normal,Good,-
M07097,Type_22,76.94,1.71,217.8,15.47,3.032,975.4,0,0.12012822117838619,Normal,Good,-
M01578,Type_17,60.43,1.27,215.6,20.03,3.887,127.7,0,0.12007986454958593,Normal,Good,-
M04299,Type_20,74.66,3.73,219.4,13.28,2.622,55.6,0,0.12006219710845593,Normal,Good,-
M07905,Type_05,69.35,1.8,220.1,15.47,3.064,805.2,0,0.11998946270616552,Normal,Good,-
M02356,Type_25,57.35,3.98,223.8,19.68,3.964,977.5,0,0.11998652012209893,Normal,Good,-
M08463,Type_05,74.5,0.84,220.1,15.7,3.11,889.3,0,0.11994493632653082,Normal,Good,-
M09708,Type_18,67.53,0.71,220.5,11.93,2.368,995.9,0,0.1199025218774339,Normal,Good,-
M02145,Type_05,65.79,2.7,228.9,12.05,2.482,234.8,0,0.11985409142448696,Normal,Good,-
M00445,Type_05,67.01,0.42,227.0,14.46,2.954,744.2,0,0.1198472785777258,Normal,Good,-
M01183,Type_05,64.96,1.71,219.4,15.52,3.065,802.9,0,0.11981107759015966,Normal,Good,-
M01460,Type_10,57.27,1.88,225.2,13.53,2.742,976.7,0,0.11978974153333194,Normal,Good,-
M07952,Type_13,69.99,2.57,218.7,18.71,3.683,977.5,0,0.11978264454748527,Normal,Good,-
M08680,Type_14,49.22,3.03,229.1,17.51,3.61,988.2,0,0.11974159012412257,Normal,Good,-
M07643,Type_05,59.02,0.22,223.6,17.46,3.514,821.2,0,0.11973875041650485,Normal,Good,-
M03358,Type_05,64.63,1.2,215.0,12.28,2.376,383.4,0,0.11972838974313098,Normal,Good,-
M00740,Type_05,79.14,1.45,226.8,10.16,2.074,897.8,0,0.11971383153761474,Normal,Good,-
M02219,Type_12,64.24,1.65,214.5,14.83,2.863,986.5,0,0.11969368630004144,Normal,Good,-
M01328,Type_13,72.69,3.5,216.2,13.27,2.582,985.5,0,0.11968633400285662,Normal,Good,-
M08223,Type_15,66.11,1.93,224.7,18.04,3.648,979.7,0,0.11962004218840687,Normal,Good,-
M01055,Type_05,72.13,2.9,213.6,15.53,2.985,788.7,0,0.11955786152969444,Normal,Good,-
M00358,Type_05,72.38,1.11,220.7,15.42,3.063,788.8,0,0.11949432357526339,Normal,Good,-
M08144,Type_05,69.45,1.25,216.2,10.14,1.973,415.8,0,0.11948395643221814,Normal,Good,-
M03856,Type_16,62.83,2.32,224.3,14.04,2.834,974.1,0,0.11947850110908657,Normal,Good,-
M09480,Type_05,46.66,1.46,214.9,13.13,2.539,508.6,0,0.11939616447399558,Normal,Good,-
M00246,Type_05,66.1,2.44,224.1,14.56,2.937,219.4,0,0.11938826138422164,Normal,Good,-
M02255,Type_05,63.18,0.44,219.0,13.79,2.718,639.9,0,0.1193764778845188,Normal,Good,-
M05273,Type_13,76.92,0.14,212.9,11.21,2.148,988.6,0,0.11931636548811671,Normal,Good,-
M08583,Type_05,54.29,2.68,218.1,12.95,2.542,397.9,0,0.11928550540640234,Normal,Good,-
M08766,Type_21,68.62,1.83,220.2,15.12,2.996,192.1,0,0.11927658942769125,Normal,Good,-
M05515,Type_24,72.21,2.86,218.3,10.27,2.018,987.7,0,0.11926736967378,Normal,Good,-
M09676,Type_22,60.28,3.31,212.4,13.16,2.516,990.2,0,0.11923072674521337,Normal,Good,-
M04898,Type_10,67.57,3.85,224.6,17.15,3.467,986.3,0,0.11922182545360224,Normal,Good,-
M08590,Type_05,66.12,2.85,219.5,10.75,2.124,563.5,0,0.11921746913561802,Normal,Good,-
M00869,Type_21,69.69,2.33,215.3,11.35,2.199,994.7,0,0.11919623719217518,Normal,Good,-
M06370,Type_03,71.72,2.57,211.6,11.03,2.101,446.3,0,0.11919517033522725,Normal,Good,-
M06985,Type_21,75.61,2.28,221.0,14.2,2.824,979.6,0,0.11918093395037158,Normal,Good,-
M02371,Type_05,64.36,0.48,221.3,12.86,2.561,744.7,0,0.11914464570199243,Normal,Good,-
M00941,Type_05,67.84,0.48,218.6,15.79,3.107,897.0,0,0.11906150896195912,Normal,Good,-
M05235,Type_10,59.27,2.66,216.3,13.29,2.587,998.0,0,0.1190379226772391,Normal,Good,-
M07664,Type_08,72.16,2.34,214.0,16.61,3.199,987.1,0,0.11897871721518456,Normal,Good,-
M00933,Type_05,73.74,2.35,218.9,14.32,2.821,879.8,0,0.11892318549228456,Normal,Good,-
M09072,Type_05,49.28,0.1,227.3,12.88,2.635,838.7,0,0.11890117530724784,Normal,Good,-
M07417,Type_05,69.95,2.58,227.7,14.47,2.965,209.2,0,0.11877386244332296,Normal,Good,-
M07229,Type_03,63.08,0.49,215.1,15.52,3.005,122.5,0,0.11867656148440787,Normal,Good,-
M04721,Type_24,68.25,0.39,223.5,16.35,3.289,987.7,0,0.11864084430405537,Normal,Good,-
M05485,Type_05,57.11,2.34,216.6,10.26,2.0,450.4,0,0.11862418182069207,Normal,Good,-
M05086,Type_02,69.54,2.95,221.5,16.12,3.214,93.3,0,0.11861140246401758,Normal,Good,-
M04017,Type_24,48.59,2.27,221.4,15.74,3.136,982.1,0,0.1185971025240606,Normal,Good,-
M07760,Type_05,64.39,1.83,216.3,17.15,3.339,994.8,0,0.11858278962598869,Normal,Good,-
M00098,Type_05,74.22,2.92,215.3,14.19,2.75,809.0,0,0.11855511671733827,Normal,Good,-
M03836,Type_05,47.52,1.56,223.3,14.41,2.896,279.2,0,0.11853193319230768,Normal,Good,-
M01971,Type_21,62.24,1.79,215.8,15.74,3.057,979.9,0,0.1184377935965723,Normal,Good,-
M01156,Type_05,49.58,0.81,215.2,18.23,3.531,870.7,0,0.11843617223228634,Normal,Good,-
M08685,Type_05,72.09,1.26,212.3,13.0,2.484,862.1,0,0.1184237334018062,Normal,Good,-
M09975,Type_05,49.5,0.36,221.2,16.26,3.237,321.4,0,0.11838083343294326,Normal,Good,-
M05343,Type_05,47.31,2.37,216.8,15.25,2.976,56.3,0,0.1183651090389242,Normal,Good,-
M09065,Type_01,70.72,1.18,222.7,10.69,2.143,998.0,0,0.11835029394900573,Normal,Good,-
M01355,Type_02,58.48,3.97,220.0,11.12,2.202,984.8,0,0.11834801647380941,Normal,Good,-
M00646,Type_16,71.27,3.43,212.4,11.91,2.277,992.0,0,0.11833354076892272,Normal,Good,-
M00161,Type_05,67.71,3.34,216.8,16.98,3.313,962.1,0,0.1183068989319619,Normal,Good,-
M01947,Type_05,77.05,1.61,222.1,15.09,3.016,617.9,0,0.11807373365669802,Normal,Good,-
M09645,Type_05,51.2,3.39,219.5,18.51,3.657,953.8,0,0.11805748964780945,Normal,Good,-
M03007,Type_05,50.34,3.02,226.7,10.78,2.199,352.2,0,0.11804861382831364,Normal,Good,-
M04410,Type_03,63.77,2.52,220.3,13.63,2.702,999.3,0,0.1179546583948937,Normal,Good,-
M05260,Type_25,69.12,2.63,217.9,12.97,2.544,973.9,0,0.11792668556772391,Normal,Good,-
M00431,Type_05,74.21,2.83,225.2,16.23,3.289,959.3,0,0.11789685108788768,Normal,Good,-
M01931,Type_10,74.65,1.25,220.7,12.39,2.461,995.4,0,0.11785380884995796,Normal,Good,-
M09815,Type_05,43.57,1.93,214.0,12.67,2.44,395.4,0,0.11777918791176027,Normal,Good,-
M04144,Type_05,68.75,3.89,219.1,10.59,2.088,643.2,0,0.1177567695427712,Normal,Good,-
M03981,Type_05,64.53,2.48,212.0,11.35,2.166,623.4,0,0.11775141925467474,Normal,Good,-
M03019,Type_06,50.74,1.23,221.1,10.9,2.169,719.4,0,0.11773673491692677,Normal,Good,-
M01928,Type_05,73.76,1.43,219.4,13.67,2.699,710.0,0,0.1177053321178861,Normal,Good,-
M06045,Type_05,60.35,0.56,218.0,16.16,3.171,718.8,0,0.11766723474963894,Normal,Good,-
M07862,Type_05,52.9,1.91,219.6,12.67,2.504,526.1,0,0.11763151705576715,Normal,Good,-
M06523,Type_05,64.09,2.38,213.0,14.32,2.745,298.5,0,0.11754161358937068,Normal,Good,-
M03089,Type_05,56.7,1.9,221.1,14.65,2.915,794.5,0,0.11746797466947412,Normal,Good,-
M08813,Type_12,72.7,1.9,220.8,17.33,3.444,989.0,0,0.11746553186171681,Normal,Good,-
M07199,Type_05,70.69,1.77,227.9,15.1,3.097,747.7,0,0.11742969813991877,Normal,Good,-
M09691,Type_05,51.23,1.24,225.1,10.78,2.184,376.7,0,0.11738880340002704,Normal,Good,-
M05803,Type_05,78.48,1.18,212.9,11.36,2.177,842.1,0,0.11738810096994472,Normal,Good,-
M02654,Type_05,77.19,2.07,220.1,12.81,2.538,634.4,0,0.11733732928307276,Normal,Good,-
M09540,Type_05,74.61,1.94,219.3,12.31,2.43,802.6,0,0.11733732928307276,Normal,Good,-
M08046,Type_05,71.45,1.45,223.2,13.76,2.764,702.5,0,0.11729124752380567,Normal,Good,-
M06678,Type_05,61.4,1.46,224.1,14.23,2.87,865.3,0,0.11725073774750891,Normal,Good,-
M02131,Type_05,61.65,2.15,214.2,14.33,2.763,614.0,0,0.11718949942876625,Normal,Good,-
M07976,Type_23,69.11,1.42,214.2,17.49,3.372,997.9,0,0.11715994076085905,Normal,Good,-
M01527,Type_05,73.79,1.32,215.3,13.64,2.643,330.7,0,0.11715701421337339,Normal,Good,-
M05658,Type_12,76.86,2.85,223.6,10.88,2.189,998.4,0,0.11714620076618334,Normal,Good,-
M02023,Type_21,56.75,1.63,224.9,14.21,2.876,196.0,0,0.11708590103612929,Normal,Good,-
M00453,Type_05,69.0,1.36,220.2,13.37,2.65,871.1,0,0.11702511246685071,Normal,Good,-
M00164,Type_25,58.25,2.43,211.2,14.68,2.79,993.2,0,0.11699284120910017,Normal,Good,-
M06010,Type_05,68.78,2.16,219.4,14.98,2.958,589.5,0,0.11698260042195528,Normal,Good,-
M07401,Type_12,59.48,1.36,223.1,19.34,3.883,995.9,0,0.11694592345784129,Normal,Good,-
M09895,Type_05,67.9,0.71,229.8,15.06,3.115,741.9,0,0.11692848876550083,Normal,Good,-
M08433,Type_05,70.0,3.07,222.0,9.84,1.966,588.2,0,0.11691630170282308,Normal,Good,-
M02441,Type_02,68.38,0.1,222.6,16.13,3.231,999.5,0,0.11689619971584218,Normal,Good,-
M02041,Type_07,63.66,2.31,222.7,17.65,3.538,992.5,0,0.11689468558916659,Normal,Good,-
M06555,Type_05,69.11,2.62,220.5,9.92,1.969,335.2,0,0.1168812478242588,Normal,Good,-
M00148,Type_05,70.75,1.71,222.9,12.15,2.437,796.2,0,0.11687438175652412,Normal,Good,-
M09220,Type_02,69.42,0.5,220.8,9.89,1.965,353.0,0,0.11684862448149744,Normal,Good,-
M08381,Type_05,68.99,1.19,222.3,16.07,3.215,76.6,0,0.11684492804770162,Normal,Good,-
M05831,Type_10,54.59,3.02,219.8,13.37,2.645,990.7,0,0.11680486430798118,Normal,Good,-
M06939,Type_11,51.48,2.08,219.6,15.78,3.119,985.3,0,0.11679154396172885,Normal,Good,-
M04990,Type_11,66.87,0.66,220.5,16.34,3.243,989.2,0,0.11676813418468134,Normal,Good,-
M03078,Type_07,65.09,3.02,222.1,11.24,2.247,993.0,0,0.11671140880505997,Normal,Good,-
M07012,Type_05,75.16,1.54,221.7,11.71,2.336,819.7,0,0.11669728152722554,Normal,Good,-
M06149,Type_05,72.78,0.1,216.8,15.26,2.978,267.7,0,0.11662871532097967,Normal,Good,-
M07843,Type_05,55.06,1.06,215.1,11.98,2.319,555.2,0,0.1165984947189705,Normal,Good,-
M04850,Type_05,48.31,1.56,221.8,14.29,2.853,918.8,0,0.11652827693706605,Normal,Good,-
M08750,Type_13,68.49,1.93,221.3,15.78,3.143,998.4,0,0.11650684349220826,Normal,Good,-
M05839,Type_05,70.03,1.7,222.0,13.05,2.607,924.6,0,0.11650264649585647,Normal,Good,-
M04785,Type_05,60.9,0.99,219.4,11.54,2.279,984.8,0,0.11641960536006644,Normal,Good,-
M00665,Type_22,63.07,1.61,224.3,17.23,3.478,975.1,0,0.11639355345498352,Normal,Good,-
M03567,Type_09,53.43,3.0,222.0,13.63,2.723,984.1,0,0.11635048809105783,Normal,Good,-
M03065,Type_05,51.31,1.32,218.4,13.91,2.734,599.8,0,0.11633182194846864,Normal,Good,-
M07036,Type_05,58.33,0.38,223.4,15.61,3.139,753.2,0,0.11632844010042534,Normal,Good,-
M02695,Type_05,75.37,3.03,218.8,10.83,2.133,141.5,0,0.11627629725323473,Normal,Good,-
M06193,Type_05,73.62,2.04,220.9,11.73,2.332,659.9,0,0.11624743862011852,Normal,Good,-
M08648,Type_05,51.84,3.07,223.1,13.82,2.775,758.6,0,0.11622400191382923,Normal,Good,-
M09194,Type_05,63.66,2.14,221.7,12.38,2.47,362.9,0,0.11614591663427315,Normal,Good,-
M09021,Type_05,73.78,0.7,217.2,14.75,2.883,922.6,0,0.11608217530356546,Normal,Good,-
M00677,Type_05,49.91,2.07,213.8,12.17,2.342,814.0,0,0.11604940300688142,Normal,Good,-
M01033,Type_09,49.98,1.23,214.7,12.41,2.398,989.6,0,0.1160016506283303,Normal,Good,-
M01761,Type_05,61.12,0.65,220.0,10.7,2.119,509.3,0,0.1159613434805396,Normal,Good,-
M02393,Type_10,48.61,1.4,228.5,11.66,2.398,979.4,0,0.11593588186017682,Normal,Good,-
M07586,Type_05,65.76,1.29,223.2,12.25,2.461,641.4,0,0.11589277330477482,Normal,Good,-
M06173,Type_03,66.07,2.47,214.9,10.91,2.11,549.7,0,0.11589259531258377,Normal,Good,-
M01945,Type_25,66.54,2.82,216.9,14.07,2.747,989.0,0,0.11589245258802147,Normal,Good,-
M01884,Type_25,72.28,1.63,214.5,15.94,3.077,974.8,0,0.1158626553022094,Normal,Good,-
M03935,Type_05,71.08,1.77,229.5,14.77,3.051,915.5,0,0.11584531096289083,Normal,Good,-
M00314,Type_11,63.41,1.5,212.3,19.97,3.816,990.8,0,0.1156961657957522,Normal,Good,-
M04576,Type_05,70.05,1.44,211.4,10.71,2.038,651.6,0,0.11565243250929046,Normal,Good,-
M06517,Type_05,52.22,2.26,211.3,16.85,3.204,923.0,0,0.11563165892405633,Normal,Good,-
M03413,Type_05,62.89,2.23,223.5,14.05,2.826,904.6,0,0.11562901942069656,Normal,Good,-
M06186,Type_05,48.82,1.99,222.3,12.46,2.493,225.6,0,0.11548247224743916,Normal,Good,-
M04279,Type_05,65.15,2.78,227.1,14.97,3.06,888.2,0,0.11548223129805518,Normal,Good,-
M01903,Type_05,57.0,2.62,220.4,12.73,2.525,371.5,0,0.11538379760235803,Normal,Good,-
M04020,Type_11,60.37,1.94,213.1,15.01,2.879,987.3,0,0.11526427290263737,Normal,Good,-
M01116,Type_22,52.59,0.36,218.5,14.26,2.804,976.7,0,0.11512380016561004,Normal,Good,-
M01382,Type_03,55.27,2.11,215.4,12.54,2.431,144.1,0,0.11507670088644663,Normal,Good,-
M07530,Type_03,66.15,0.75,215.0,15.92,3.081,147.9,0,0.11502666958421442,Normal,Good,-
M01234,Type_05,72.39,1.21,215.6,11.81,2.292,95.0,0,0.11492009813667116,Normal,Good,-
M05352,Type_05,65.02,2.72,220.0,10.81,2.14,286.2,0,0.11491519764222653,Normal,Good,-
M09308,Type_05,69.94,2.89,225.2,14.94,3.028,53.8,0,0.11491115913074097,Normal,Good,-
M03156,Type_05,71.41,1.89,217.5,10.75,2.104,914.0,0,0.11486717615257751,Normal,Good,-
M01345,Type_05,59.13,1.77,214.0,11.72,2.257,356.4,0,0.11486586671720467,Normal,Good,-
M09762,Type_05,68.37,3.0,215.5,17.86,3.464,950.7,0,0.11483028140486448,Normal,Good,-
M06266,Type_05,46.81,0.99,212.3,15.71,3.002,839.3,0,0.11480153836720607,Normal,Good,-
M01738,Type_25,74.96,1.94,224.4,16.65,3.363,998.4,0,0.11477222926042441,Normal,Good,-
M04799,Type_05,71.64,2.48,211.4,15.22,2.896,208.0,0,0.11471551072029415,Normal,Good,-
M04466,Type_05,50.73,1.35,222.7,12.46,2.497,692.7,0,0.11469753017989398,Normal,Good,-
M06544,Type_15,67.64,1.27,220.1,12.37,2.45,979.8,0,0.1146789525177512,Normal,Good,-
M02197,Type_05,57.79,1.24,214.5,15.69,3.029,177.7,0,0.11467185855738185,Normal,Good,-
M09278,Type_21,50.45,1.36,218.6,11.71,2.304,975.0,0,0.11464634473570788,Normal,Good,-
M09524,Type_05,56.16,1.84,217.4,15.3,2.994,219.1,0,0.11463833545889238,Normal,Good,-
M03288,Type_18,71.19,1.68,214.8,13.43,2.596,989.2,0,0.11463514896480907,Normal,Good,-
M06062,Type_23,67.26,3.21,219.6,12.58,2.486,995.7,0,0.11457732453591468,Normal,Good,-
M01421,Type_15,59.52,2.57,210.4,13.08,2.477,980.8,0,0.11444970408277884,Normal,Good,-
M07117,Type_05,61.59,1.02,224.7,12.01,2.429,739.2,0,0.11433621053512853,Normal,Good,-
M03689,Type_05,67.92,2.21,219.0,12.08,2.381,177.9,0,0.11429126283364989,Normal,Good,-
M00085,Type_05,63.33,1.32,212.8,14.57,2.79,312.2,0,0.11428548793429226,Normal,Good,-
M09452,Type_25,63.33,1.95,228.6,14.04,2.889,978.4,0,0.11426937779686519,Normal,Good,-
M01223,Type_16,68.13,2.02,219.3,13.24,2.613,997.4,0,0.11426371512010425,Normal,Good,-
M01023,Type_05,58.44,1.39,220.1,9.97,1.975,592.0,0,0.11419881158726357,Normal,Good,-
M05434,Type_14,55.2,2.49,229.2,12.58,2.595,987.8,0,0.1141307150397396,Normal,Good,-
M05921,Type_18,64.79,1.68,224.0,11.69,2.357,996.1,0,0.11404195066905876,Normal,Good,-
M02378,Type_05,51.47,3.02,219.6,11.82,2.336,314.9,0,0.11390036920226768,Normal,Good,-
M07187,Type_05,74.35,0.77,211.5,15.19,2.891,228.9,0,0.11387057632892555,Normal,Good,-
M07616,Type_25,57.75,1.02,225.2,10.39,2.106,974.2,0,0.11382510174089061,Normal,Good,-
M00996,Type_03,53.88,0.42,213.0,14.59,2.797,51.6,0,0.11381239407955526,Normal,Good,-
M01501,Type_05,61.28,1.85,217.6,12.76,2.499,191.2,0,0.11381086375631852,Normal,Good,-
M07081,Type_05,44.57,1.08,215.6,13.65,2.649,694.7,0,0.11373094819374888,Normal,Good,-
M00475,Type_03,64.75,1.42,223.2,10.07,2.023,98.0,0,0.11372210462883663,Normal,Good,-
M06812,Type_16,54.31,1.25,227.9,16.15,3.313,977.3,0,0.11357004655821296,Normal,Good,-
M08678,Type_09,60.56,3.32,219.7,16.03,3.17,985.9,0,0.11349436907160027,Normal,Good,-
M09051,Type_21,60.07,0.36,216.5,12.92,2.517,990.6,0,0.11340631622443144,Normal,Good,-
M01539,Type_10,71.99,0.39,217.0,10.26,2.004,50.2,0,0.11337488298997758,Normal,Good,-
M08938,Type_03,71.8,2.3,212.4,14.94,2.856,53.9,0,0.1132140274376756,Normal,Good,-
M09835,Type_24,67.25,2.8,210.1,16.47,3.114,987.8,0,0.11302375295072341,Normal,Good,-
M04695,Type_17,60.47,3.99,221.6,15.03,2.998,985.1,0,0.11270145180302643,Normal,Good,-
M03184,Type_22,73.96,2.28,215.8,11.11,2.158,987.3,0,0.11266096609288587,Normal,Good,-
M06646,Type_02,71.06,1.32,221.5,15.34,3.058,83.2,0,0.11255859949188611,Normal,Good,-
M04921,Type_13,53.32,3.23,227.2,14.36,2.936,994.5,0,0.1125450445076674,Normal,Good,-
M07524,Type_03,77.16,1.61,222.5,11.09,2.221,175.0,0,0.11237091676177148,Normal,Good,-
M08582,Type_21,55.13,0.89,222.3,12.76,2.553,984.6,0,0.11217180457999837,Normal,Good,-
M05234,Type_17,64.38,2.44,210.1,16.19,3.061,998.1,0,0.11198975720218066,Normal,Good,-
M09502,Type_05,54.02,2.36,223.6,12.62,2.54,314.4,0,0.11176706239706306,Normal,Good,-
M06710,Type_25,64.33,0.87,212.4,16.21,3.099,999.3,0,0.1117186480490992,Normal,Good,-
M09977,Type_05,65.36,1.86,224.1,11.12,2.243,971.9,0,0.1116019193264636,Normal,Good,-
M04982,Type_05,52.12,0.1,220.0,18.73,3.709,958.8,0,0.1113654868096913,Normal,Good,-
M06671,Type_14,64.88,2.9,218.8,10.49,2.066,992.2,0,0.11129635206013067,Normal,Good,-
M06306,Type_10,63.56,2.51,218.1,14.49,2.844,985.3,0,0.11126043724696552,Normal,Good,-
M06210,Type_05,57.32,1.17,218.7,11.99,2.36,963.3,0,0.11102321430314914,Normal,Good,-
M03001,Type_05,70.47,0.65,217.9,13.02,2.553,940.4,0,0.11101511723544454,Normal,Good,-
M04170,Type_10,56.91,0.83,213.9,15.59,3.001,979.1,0,0.11092141796157896,Normal,Good,-
M06317,Type_05,53.25,2.37,222.5,10.78,2.159,874.9,0,0.11082329809255077,Normal,Good,-
M07073,Type_05,46.89,0.4,220.4,10.28,2.039,685.2,0,0.11038899274973354,Normal,Good,-
M04947,Type_05,55.64,1.17,217.1,12.62,2.466,77.2,0,0.11038527588125831,Normal,Good,-
M07177,Type_23,68.5,2.6,221.5,17.03,3.395,997.3,0,0.11020486582997974,Normal,Good,-
M04645,Type_02,69.4,1.05,224.9,10.81,2.188,593.4,0,0.11019633609163039,Normal,Good,-
M01564,Type_05,51.02,1.63,211.1,11.04,2.097,994.6,0,0.11015030715665713,Normal,Good,-
M04561,Type_05,73.79,1.07,219.5,15.09,2.981,934.7,0,0.10998183147127424,Normal,Good,-
M06363,Type_06,58.81,3.74,220.0,19.0,3.762,998.7,0,0.10997200754129438,Normal,Good,-
M08246,Type_22,71.12,1.87,220.0,10.92,2.162,997.9,0,0.10981203122310021,Normal,Good,-
M02661,Type_05,63.21,2.26,221.6,14.77,2.946,938.7,0,0.10979854585026272,Normal,Good,-
M00211,Type_05,53.33,1.47,225.1,13.94,2.824,942.1,0,0.1097594068518814,Normal,Good,-
M09921,Type_15,45.6,2.06,215.5,15.83,3.07,995.6,0,0.10965934119541633,Normal,Good,-
M08871,Type_18,68.18,2.89,227.2,15.37,3.143,989.7,0,0.1096262168612391,Normal,Good,-
M09172,Type_05,57.43,1.06,218.0,15.27,2.996,960.1,0,0.10957024374996294,Normal,Good,-
M01187,Type_05,61.95,0.1,212.9,14.39,2.757,938.4,0,0.10956404538009071,Normal,Good,-
M08268,Type_15,54.72,1.88,210.0,15.82,2.99,987.7,0,0.10919521320608211,Normal,Good,-
M02344,Type_22,71.96,2.9,221.2,11.87,2.363,996.9,0,0.10906975975999986,Normal,Good,-
M00540,Type_25,62.02,1.03,221.4,10.95,2.182,975.6,0,0.1089484391202865,Normal,Good,-
M08552,Type_02,67.27,2.03,216.2,10.24,1.992,244.0,0,0.10821337016017701,Normal,Good,-
M07715,Type_23,52.61,2.56,226.1,10.56,2.149,992.8,0,0.10731766047781552,Normal,Good,-
M06378,Type_03,50.84,1.71,214.7,10.67,2.062,139.2,0,0.10713684114313841,Normal,Good,-
M07662,Type_13,59.38,1.67,218.2,16.01,3.144,986.5,0,0.10708716443452246,Normal,Good,-
M00351,Type_05,72.82,0.96,219.8,15.06,2.979,50.4,0,0.10705219799503225,Normal,Good,-
M07107,Type_06,59.95,0.66,225.3,17.26,3.5,992.1,0,0.10703240490019333,Normal,Good,-
M02438,Type_05,68.82,2.18,218.4,11.44,2.249,992.0,0,0.10650808036886136,Normal,Good,-
M05277,Type_05,61.19,1.28,217.6,12.21,2.391,985.8,0,0.1063560689617537,Normal,Good,-
M08187,Type_17,48.11,1.65,227.3,16.95,3.467,988.2,0,0.10626024831137587,Normal,Good,-
M08287,Type_06,66.62,1.68,215.1,20.32,3.934,987.9,0,0.1059660341379071,Normal,Good,-
M02359,Type_23,53.84,1.09,221.1,17.93,3.568,986.8,0,0.1056819000975152,Normal,Good,-
M07457,Type_21,59.21,2.65,220.0,15.39,3.047,995.8,0,0.10555285573714493,Normal,Good,-
M09300,Type_02,67.94,1.53,224.6,10.39,2.1,960.1,0,0.10506491729640123,Normal,Good,-
M05760,Type_02,70.49,2.34,220.5,10.33,2.05,256.7,0,0.1049676039568456,Normal,Good,-
M08371,Type_16,52.34,2.04,222.1,15.26,3.05,986.7,0,0.10438246278117623,Normal,Good,-
M08609,Type_02,61.56,3.93,220.7,13.7,2.721,956.5,0,0.10407763747966586,Normal,Good,-
M02804,Type_17,54.85,0.88,217.2,17.05,3.333,988.4,0,0.10390441333098144,Normal,Good,-
M03004,Type_25,61.16,2.39,219.1,13.59,2.68,996.0,0,0.10215621731017639,Normal,Good,-
M08424,Type_21,62.88,1.71,219.5,15.72,3.105,989.5,0,0.10051210663901815,Normal,Good,-
M04954,Type_02,49.51,3.59,222.1,13.47,2.693,988.5,0,0.10000788559898124,Normal,Good,-
M01335,Type_15,64.4,1.23,222.8,12.12,2.43,996.7,0,0.09931243568911123,Normal,Good,-
M07802,Type_06,45.52,1.08,223.4,15.44,3.104,987.2,0,0.09262761899145035,Normal,Good,-
