ProductionID,ProductID,MachineID,ProductionShift,Actual_Result,AI_Prediction,Defect_Probability
5047,13,M07892,Afternoon,Defect,Defect,0.9989298227595215
8765,3,M05373,Morning,Pass,Pass,0.08234283776843013
500,10,M05105,Night,Defect,Defect,0.9947675720763803
4535,17,M01187,Afternoon,Pass,Pass,0.06417655068872319
4571,14,M01988,Afternoon,Pass,Pass,0.08920407818334711
2482,16,M08563,Night,Pass,Pass,0.07303748330227436
6646,1,M00509,Afternoon,Pass,Pass,0.06274131555573986
8010,14,M01076,Morning,Pass,Pass,0.08035175796101089
9450,17,M01330,Morning,Pass,Pass,0.07538185812629405
1773,23,M07352,Night,Pass,Pass,0.05815237875422391
1344,23,M01166,Afternoon,Defect,Defect,0.9932769170123765
4755,16,M09171,Night,Pass,Pass,0.0640924693342581
4294,25,M01880,Night,Pass,Pass,0.06146930931933617
9977,24,M05693,Afternoon,Pass,Pass,0.07332323452281621
9886,7,M07508,Afternoon,Pass,Pass,0.10775922745394412
9285,22,M01462,Night,Defect,Defect,0.9813895558631682
4455,8,M08264,Night,Pass,Pass,0.16173905842991837
5706,16,M04175,Morning,Pass,Pass,0.08725737872964782
9940,11,M02882,Afternoon,Pass,Pass,0.0723505579734711
2184,3,M07178,Morning,Defect,Defect,0.991814306144205
1563,23,M08713,Night,Pass,Pass,0.09916438367461683
5027,22,M00610,Morning,Defect,Defect,0.9999798887514452
4177,12,M06838,Afternoon,Pass,Pass,0.06822744619017285
743,2,M03580,Afternoon,Pass,Pass,0.07086077163401508
3843,4,M08327,Afternoon,Pass,Pass,0.06695329812292589
953,9,M01971,Morning,Pass,Pass,0.07960870085816625
2506,6,M03138,Morning,Pass,Pass,0.07314338247513934
610,15,M04176,Afternoon,Pass,Pass,0.06151466744819059
8955,23,M01846,Morning,Pass,Pass,0.07454229725506917
5762,17,M01129,Night,Pass,Pass,0.06354410024114625
8504,5,M00958,Night,Defect,Defect,0.9982684878985363
8722,9,M09450,Night,Defect,Pass,0.08217409463785204
8974,22,M04218,Morning,Defect,Defect,0.9993274454500656
9368,22,M03543,Night,Pass,Pass,0.06740711909379034
4765,1,M07484,Afternoon,Defect,Defect,0.9673060466673905
3862,8,M00803,Afternoon,Pass,Pass,0.10776448250030084
8282,4,M05661,Night,Pass,Pass,0.0633498177038025
8892,12,M01833,Night,Pass,Pass,0.06363933069954761
6462,7,M07893,Afternoon,Pass,Pass,0.07341856726922066
8642,14,M01345,Afternoon,Pass,Pass,0.10289427981348988
9124,24,M05081,Night,Pass,Pass,0.0790690538381917
5544,19,M04713,Night,Pass,Pass,0.07632861596532727
373,4,M04778,Morning,Pass,Pass,0.06401998027561465
6538,6,M03460,Night,Pass,Pass,0.0723602325838912
2800,8,M00704,Morning,Pass,Pass,0.0616037061887762
5484,9,M01059,Afternoon,Defect,Defect,0.9348173864965094
3471,23,M01106,Morning,Pass,Pass,0.05805589507661881
7333,8,M02419,Night,Pass,Pass,0.21420818596192578
1302,2,M05393,Night,Pass,Pass,0.1840501436581442
5410,12,M01192,Afternoon,Pass,Pass,0.06078847339599862
4771,25,M01107,Morning,Pass,Pass,0.09133399493466951
3882,23,M00137,Afternoon,Pass,Pass,0.06830006523237106
2920,17,M05547,Morning,Pass,Pass,0.07405245110737031
1747,10,M01275,Morning,Pass,Pass,0.083963856378726
7607,16,M09456,Morning,Pass,Pass,0.0660165660947919
9343,8,M02521,Night,Pass,Pass,0.06776536642063583
5761,10,M01568,Night,Defect,Defect,0.9018785563626686
8862,16,M01598,Night,Defect,Defect,0.9999686766942614
8169,17,M01309,Afternoon,Pass,Pass,0.061115279951994304
179,19,M03697,Night,Pass,Pass,0.09566689735126793
9894,23,M04415,Afternoon,Pass,Pass,0.08095708450280657
3649,1,M04069,Afternoon,Pass,Pass,0.07313288924888274
6302,5,M02683,Afternoon,Pass,Pass,0.0723204137378597
6861,17,M09664,Morning,Pass,Pass,0.0711412049651035
703,16,M00771,Morning,Defect,Defect,0.9233304798049541
213,23,M02812,Afternoon,Pass,Pass,0.08934088118287463
794,1,M00639,Afternoon,Pass,Pass,0.07354183223612731
6674,14,M01165,Morning,Pass,Pass,0.06283662493997613
9130,6,M01503,Night,Pass,Pass,0.0673343178939196
1120,10,M09504,Morning,Pass,Pass,0.06463746302040406
8044,23,M00520,Afternoon,Defect,Defect,0.9454383482368149
9901,7,M05898,Morning,Pass,Pass,0.17315776752781345
8392,5,M02847,Morning,Pass,Pass,0.060295799508931165
1421,14,M08988,Morning,Pass,Pass,0.07205016423525987
2182,17,M06173,Morning,Pass,Pass,0.06885117332953308
6763,5,M02791,Morning,Defect,Defect,0.6891056878539712
8568,23,M04137,Night,Defect,Defect,0.9883261066841444
7119,11,M08789,Afternoon,Pass,Pass,0.0612821680456523
2647,20,M06145,Night,Pass,Pass,0.06293667178244947
8162,20,M09966,Morning,Pass,Pass,0.18188253979904542
9655,19,M02979,Afternoon,Pass,Pass,0.06060102515576851
7474,23,M00939,Afternoon,Pass,Pass,0.13732457401872242
8697,24,M05940,Night,Pass,Pass,0.06242098941109747
4539,3,M07300,Morning,Pass,Pass,0.06252256104886353
4705,1,M00962,Afternoon,Defect,Defect,0.5614730578526721
5610,3,M09489,Afternoon,Defect,Defect,0.9999878787878788
6099,6,M01798,Morning,Pass,Pass,0.0724613187764125
880,15,M06284,Morning,Pass,Pass,0.07665530632258431
4830,14,M00465,Afternoon,Pass,Pass,0.09224604560027945
7371,13,M07448,Afternoon,Pass,Pass,0.06352783607608456
8996,19,M05547,Afternoon,Defect,Defect,0.9948339630321347
5366,14,M09734,Night,Pass,Pass,0.241745192340476
3965,8,M09289,Morning,Pass,Pass,0.08019000109241098
1176,12,M05476,Afternoon,Defect,Defect,0.9999506348400203
7436,20,M01222,Night,Pass,Pass,0.060246530488184555
6940,25,M08015,Morning,Pass,Pass,0.09719070248694134
6132,9,M01937,Night,Pass,Pass,0.1970368130050204
1254,22,M03005,Morning,Pass,Pass,0.09060751540217661
7195,10,M09315,Night,Pass,Pass,0.06556970109414656
6456,16,M07573,Morning,Defect,Defect,0.999947179728154
7762,19,M08282,Morning,Pass,Pass,0.08751258840599174
1077,20,M08059,Morning,Pass,Pass,0.06939578132487895
3684,6,M03766,Morning,Pass,Pass,0.07072327492974238
9960,23,M07033,Morning,Pass,Pass,0.06257667267859884
8320,9,M06500,Afternoon,Pass,Pass,0.06948312718515509
4217,21,M09137,Morning,Pass,Pass,0.08002408996639719
3613,9,M08235,Morning,Pass,Pass,0.067771797814074
8692,21,M04645,Afternoon,Pass,Pass,0.20588408658735852
6899,6,M09345,Morning,Pass,Pass,0.062998015894178
1952,23,M08633,Morning,Pass,Pass,0.08799027017449661
6203,18,M01017,Night,Pass,Pass,0.11467510204243053
7046,19,M00720,Morning,Pass,Pass,0.10224466502447437
6318,24,M04380,Afternoon,Pass,Pass,0.07726357343420291
1246,18,M03550,Afternoon,Pass,Pass,0.0587364670395191
7516,2,M01165,Night,Defect,Defect,0.9995704427443226
6056,15,M00398,Afternoon,Pass,Pass,0.060785109852508824
6130,9,M03241,Morning,Pass,Pass,0.07291250247999467
7297,10,M06567,Morning,Pass,Pass,0.07554854744002631
2864,20,M00387,Afternoon,Defect,Defect,0.9999574468085106
4437,17,M03436,Morning,Pass,Pass,0.07370321852826488
4987,23,M02173,Afternoon,Pass,Pass,0.07490032801804566
2582,11,M05907,Night,Pass,Pass,0.14536010745330297
1676,2,M06296,Morning,Pass,Pass,0.059236971845729576
7727,13,M03084,Morning,Pass,Pass,0.07011304088347049
3378,15,M06354,Morning,Pass,Pass,0.062321785887934925
1398,25,M01381,Morning,Pass,Pass,0.06798692589494101
4938,13,M09010,Afternoon,Pass,Pass,0.06733433889525055
1013,1,M04147,Night,Pass,Pass,0.06649226512915918
3779,17,M08561,Afternoon,Pass,Pass,0.06725537270854262
6745,4,M02834,Afternoon,Pass,Pass,0.09045478981673215
4191,6,M01679,Night,Pass,Pass,0.13131267103094785
8679,1,M09492,Afternoon,Defect,Defect,0.9996599083559946
4009,9,M05952,Afternoon,Pass,Pass,0.06282342829476954
6059,14,M04826,Night,Pass,Pass,0.18913558934006422
2700,6,M05395,Night,Pass,Pass,0.27564321223952115
9837,14,M06982,Night,Defect,Defect,0.9944487551179049
2803,8,M01801,Night,Defect,Defect,0.9989759647465726
1204,15,M04125,Morning,Pass,Pass,0.0831438609512128
5133,15,M08107,Morning,Pass,Pass,0.09140065447141194
2096,2,M04350,Night,Defect,Defect,0.9906186715210089
2278,25,M09952,Afternoon,Defect,Defect,0.9993626235391556
6630,22,M04599,Afternoon,Pass,Pass,0.07760635039476614
4076,18,M00384,Afternoon,Pass,Pass,0.05903048481915515
7527,3,M07263,Afternoon,Pass,Pass,0.06440997116145553
7783,6,M01357,Night,Pass,Pass,0.1501690289630738
2272,4,M02197,Morning,Pass,Pass,0.07109623671657513
9915,9,M01942,Afternoon,Pass,Pass,0.064185010808594
7189,6,M03258,Afternoon,Pass,Pass,0.07205985666588609
6177,20,M02604,Afternoon,Pass,Pass,0.11955733654772815
2495,8,M00573,Afternoon,Pass,Pass,0.1011622856808316
8057,17,M04847,Morning,Pass,Pass,0.067530496311913
4114,3,M06034,Morning,Pass,Pass,0.10345208095058599
9128,14,M06218,Afternoon,Pass,Pass,0.06466710528415408
3866,2,M02331,Morning,Defect,Pass,0.08665686552989539
8451,15,M02732,Afternoon,Pass,Pass,0.06032419150778476
4400,6,M02980,Morning,Pass,Pass,0.05792175507741611
4548,23,M04766,Afternoon,Pass,Pass,0.06187844801082787
5212,4,M07838,Morning,Pass,Pass,0.06803600898014435
3507,20,M03608,Night,Pass,Pass,0.1582406366755945
5500,14,M04577,Afternoon,Pass,Pass,0.1555793389349593
166,4,M01999,Night,Pass,Pass,0.0919888872874506
4844,10,M06125,Morning,Pass,Pass,0.0822206380998245
1242,2,M01253,Night,Pass,Pass,0.221950850265066
1391,24,M08195,Morning,Pass,Pass,0.06433165647888955
2821,4,M09325,Night,Pass,Pass,0.06612352989147705
9567,19,M00155,Afternoon,Pass,Pass,0.07204885973812447
2691,14,M04250,Afternoon,Defect,Defect,0.999435433276619
5324,12,M02063,Night,Pass,Pass,0.16130919090751397
7000,4,M05193,Afternoon,Pass,Pass,0.06266240293176426
6226,8,M07934,Afternoon,Pass,Pass,0.10307030356795993
6319,16,M00099,Afternoon,Defect,Defect,0.9990733232607084
9406,12,M09629,Afternoon,Defect,Defect,0.9997745542425062
2950,11,M06629,Night,Pass,Pass,0.06614146818695206
1211,23,M08379,Afternoon,Pass,Pass,0.08882938680765888
3306,9,M04026,Morning,Pass,Pass,0.06603617321172556
9326,15,M06183,Night,Defect,Defect,0.9995392073105964
7194,20,M09868,Morning,Pass,Pass,0.06234820371471325
8437,7,M05774,Afternoon,Pass,Pass,0.06534710006125498
5595,7,M07089,Morning,Pass,Pass,0.06443195409817136
8177,10,M06575,Morning,Pass,Pass,0.061937751786493224
1507,20,M03357,Afternoon,Pass,Pass,0.06216359114655856
539,16,M05162,Afternoon,Defect,Defect,0.9995949913540335
6867,24,M05786,Morning,Defect,Pass,0.06496664939252599
2129,11,M07871,Night,Pass,Pass,0.1278852576166448
665,20,M08416,Morning,Pass,Pass,0.06018976664176511
4622,9,M09829,Night,Pass,Pass,0.0728373284570102
2972,11,M08557,Morning,Pass,Pass,0.06394950940488571
8711,13,M07742,Night,Defect,Defect,0.9999945474372955
6923,8,M06967,Morning,Pass,Pass,0.059661050931595565
9432,10,M09782,Morning,Defect,Defect,0.9774507757445057
6895,16,M01082,Afternoon,Pass,Pass,0.07281029213178479
5149,13,M07383,Afternoon,Pass,Pass,0.07400149744841507
4802,12,M08976,Morning,Pass,Pass,0.06554520430831173
6822,15,M00502,Afternoon,Pass,Pass,0.07038385269093367
6300,5,M02509,Morning,Pass,Pass,0.08039966839854172
1532,8,M01981,Afternoon,Pass,Pass,0.0656114383606299
5554,13,M00549,Afternoon,Pass,Pass,0.07323397380209888
5014,18,M05582,Afternoon,Defect,Defect,0.9999627560521415
2823,15,M03312,Afternoon,Pass,Pass,0.08990370740402864
4633,2,M06846,Night,Pass,Pass,0.20025254649286275
2101,2,M06489,Night,Pass,Pass,0.07172234079630536
7828,13,M04262,Morning,Pass,Pass,0.059382795498228086
3283,21,M02159,Night,Defect,Defect,0.996607194926834
6202,24,M08302,Afternoon,Pass,Pass,0.07649157332362296
7681,5,M04860,Night,Defect,Defect,0.9989899055274813
5163,12,M00273,Morning,Pass,Pass,0.0734765719622988
3177,19,M07017,Afternoon,Pass,Pass,0.16704083833167224
45,5,M02613,Morning,Pass,Pass,0.06994073139551382
9025,9,M02667,Afternoon,Defect,Defect,0.9899900481618896
5422,16,M02262,Morning,Defect,Defect,0.880331508035569
8326,4,M03532,Night,Defect,Defect,0.9920444459237564
7018,25,M07824,Morning,Defect,Defect,0.9998077559940143
6174,20,M05414,Night,Pass,Pass,0.06687383837695193
3748,23,M09284,Afternoon,Pass,Pass,0.06755135558328315
4627,23,M04501,Morning,Pass,Pass,0.06591421311486756
9294,4,M07263,Afternoon,Pass,Pass,0.06657259618327382
754,3,M07831,Morning,Defect,Defect,0.9843501163999963
2174,21,M04201,Night,Pass,Pass,0.06151498385800835
4030,11,M02855,Morning,Pass,Pass,0.07043770184180087
4113,7,M04173,Morning,Pass,Pass,0.0731227484492293
8434,22,M01260,Night,Pass,Pass,0.17187139732126933
4643,20,M06510,Night,Defect,Defect,0.9396497376678526
7813,24,M01160,Morning,Pass,Pass,0.07063586378964612
5822,23,M02602,Afternoon,Pass,Pass,0.06491170701152617
6798,13,M06879,Morning,Pass,Pass,0.062150340182992904
2710,5,M01461,Morning,Pass,Pass,0.0630046304360847
7529,12,M02766,Afternoon,Pass,Pass,0.05738178052762727
4977,20,M05808,Morning,Pass,Pass,0.12326325857442245
3929,22,M00019,Afternoon,Pass,Pass,0.07111720087761866
2706,4,M07156,Night,Pass,Pass,0.05376684275516977
9620,18,M01392,Morning,Pass,Pass,0.07155814582284332
4499,17,M05367,Morning,Pass,Pass,0.056870299928494496
1179,7,M05797,Night,Pass,Pass,0.05612136015117636
9029,4,M02182,Night,Pass,Pass,0.4762635126365792
1330,9,M02033,Afternoon,Pass,Pass,0.1380874181799521
6240,2,M05721,Night,Pass,Pass,0.14866280761694411
6396,11,M00247,Morning,Pass,Pass,0.0705062838621853
1301,3,M00615,Morning,Pass,Pass,0.074694874458874
7856,23,M03728,Afternoon,Pass,Pass,0.07362884305887227
699,15,M07240,Morning,Defect,Pass,0.0636038528069686
6023,10,M08053,Night,Pass,Pass,0.2991579597536129
9321,10,M05560,Morning,Defect,Defect,0.9055904769152378
1621,4,M03145,Afternoon,Defect,Defect,0.9809717637758486
5449,7,M01074,Afternoon,Defect,Defect,0.9991969565646975
5603,1,M04328,Morning,Pass,Pass,0.1835498815420724
5911,19,M06727,Afternoon,Defect,Defect,0.9999627560521415
7180,22,M00678,Afternoon,Pass,Pass,0.11298601495543244
3972,10,M06774,Afternoon,Defect,Defect,0.9505752763171809
1037,13,M04213,Morning,Pass,Pass,0.06245014983450114
7324,6,M09897,Afternoon,Pass,Pass,0.06579532485562545
2121,5,M09012,Night,Defect,Defect,0.999961269286854
398,25,M05178,Afternoon,Pass,Pass,0.06908214162594772
172,8,M01854,Morning,Pass,Pass,0.0654426719708879
3760,6,M04938,Night,Pass,Pass,0.11660012897456767
1339,8,M08191,Morning,Defect,Defect,0.9536434616999423
5096,19,M04040,Afternoon,Pass,Pass,0.07021488782292083
9455,19,M03952,Night,Defect,Defect,0.994189866331641
9736,16,M02724,Afternoon,Pass,Pass,0.0681504021195596
1285,17,M08821,Morning,Pass,Pass,0.07963561502909987
315,24,M00191,Night,Pass,Pass,0.07526140432476645
9797,12,M06338,Night,Pass,Pass,0.09837214597167937
5711,5,M05597,Morning,Pass,Pass,0.06263759411080294
687,3,M04179,Afternoon,Defect,Defect,0.9999059915586885
8359,25,M06903,Morning,Defect,Defect,0.9697164428173213
4825,12,M07144,Afternoon,Pass,Pass,0.06672716551634766
1646,1,M03639,Night,Pass,Pass,0.11778199092552626
2681,19,M02660,Morning,Pass,Pass,0.056638861529776756
2603,17,M07834,Afternoon,Pass,Pass,0.0646885920884376
371,7,M07510,Morning,Defect,Defect,0.9838351383428868
9360,2,M06404,Afternoon,Pass,Pass,0.12796456312839577
6496,20,M09409,Morning,Pass,Pass,0.10376518251296524
8698,14,M06476,Afternoon,Pass,Pass,0.06193865014622532
5564,13,M02245,Morning,Pass,Pass,0.058325344475747345
9717,18,M00673,Morning,Pass,Pass,0.07438029183056703
3987,7,M02608,Morning,Pass,Pass,0.07019634326617051
4280,17,M09096,Morning,Pass,Pass,0.06824813397053127
7631,23,M09552,Afternoon,Pass,Pass,0.05982243893692611
9044,1,M08849,Morning,Pass,Pass,0.0680249206978589
449,3,M08528,Morning,Pass,Pass,0.0661474049935575
6295,10,M05357,Night,Pass,Pass,0.06714342083576277
3341,19,M05691,Night,Pass,Pass,0.07767025083711329
2188,25,M02280,Night,Pass,Pass,0.05153153690546557
5442,16,M04909,Morning,Defect,Defect,0.9947608532972744
5940,2,M04594,Morning,Pass,Pass,0.09901373799319405
6656,18,M05172,Afternoon,Pass,Pass,0.059455939708884985
9228,25,M09084,Night,Pass,Pass,0.149830099031434
3652,11,M07952,Morning,Pass,Pass,0.10946548803996302
4129,1,M02829,Morning,Pass,Pass,0.06895808046490058
3386,5,M07889,Night,Defect,Defect,0.9994151067797173
6233,3,M08369,Afternoon,Pass,Pass,0.12122258130579544
9265,15,M03859,Night,Defect,Defect,0.9996511627906977
7602,23,M01031,Morning,Defect,Defect,0.9868145629607109
5727,7,M07441,Morning,Pass,Pass,0.0673745168422644
7246,6,M09719,Morning,Pass,Pass,0.0586641240023086
2089,13,M00846,Night,Pass,Pass,0.049989478181975855
9711,12,M06853,Morning,Pass,Pass,0.10604719165585148
2610,5,M05570,Morning,Pass,Pass,0.06200016910915695
4016,24,M03307,Morning,Pass,Pass,0.06437630190192314
3239,24,M04969,Afternoon,Pass,Pass,0.10022780494864218
2155,9,M00164,Morning,Pass,Pass,0.07067262305557252
3236,4,M06094,Morning,Pass,Pass,0.10117507673511607
1642,6,M04110,Night,Pass,Pass,0.06604319741887958
8632,15,M01245,Morning,Defect,Defect,0.9995176912875513
5262,9,M09964,Night,Pass,Pass,0.07293946402997177
7522,15,M05539,Afternoon,Pass,Pass,0.12652171325094888
8666,5,M03089,Afternoon,Pass,Pass,0.0646324436201577
4973,20,M04684,Afternoon,Pass,Pass,0.10795184236320449
2048,12,M08436,Afternoon,Pass,Pass,0.06940443911274705
127,16,M07859,Night,Pass,Pass,0.08020216032363764
9222,11,M03562,Afternoon,Pass,Pass,0.06029957325462479
5789,20,M00146,Night,Pass,Pass,0.06167954239540266
8170,6,M02987,Morning,Pass,Pass,0.07184357290270743
5181,7,M08865,Morning,Pass,Pass,0.06100866677550324
1832,12,M05451,Afternoon,Pass,Pass,0.06833707129072096
951,2,M03688,Afternoon,Defect,Defect,0.9999726030424632
1680,10,M09466,Afternoon,Pass,Pass,0.06492271966786693
2680,18,M00142,Afternoon,Pass,Pass,0.12490603756339708
504,10,M07358,Night,Pass,Pass,0.25507542332087657
9139,15,M09184,Afternoon,Pass,Pass,0.05625718728761485
7611,15,M00835,Morning,Pass,Pass,0.19803409841247369
9617,22,M03132,Afternoon,Pass,Pass,0.10976275103813035
8913,3,M09582,Night,Pass,Pass,0.0674391002527228
423,16,M04250,Morning,Defect,Defect,0.999951446104143
9136,5,M03484,Afternoon,Pass,Pass,0.0776308367600818
4809,17,M06800,Morning,Defect,Defect,0.9332850879326816
5437,12,M03535,Morning,Pass,Pass,0.0760399653198563
1927,25,M06808,Afternoon,Defect,Pass,0.06047417193742009
2137,22,M04482,Morning,Pass,Pass,0.06800009112988643
8556,16,M00731,Afternoon,Pass,Pass,0.06548621747106038
3777,20,M09257,Night,Pass,Pass,0.10889290480937047
7785,1,M01055,Night,Defect,Defect,0.994922039875805
4313,18,M04921,Morning,Pass,Pass,0.07889594012761311
5396,17,M07670,Morning,Pass,Pass,0.06910038256697941
5444,19,M05586,Night,Pass,Pass,0.07046411289480879
6778,9,M03637,Afternoon,Pass,Pass,0.06012512363569592
3617,14,M04174,Afternoon,Pass,Pass,0.07517973052904528
7306,11,M08809,Night,Pass,Pass,0.06713906722240182
203,5,M00198,Morning,Pass,Pass,0.06809815599365655
7666,9,M03552,Morning,Pass,Pass,0.06508928277563059
188,3,M05173,Afternoon,Pass,Pass,0.10736940910378935
6291,10,M03735,Morning,Defect,Defect,0.9744740889557906
4054,12,M09898,Afternoon,Pass,Pass,0.06314136366182953
8940,10,M05324,Morning,Pass,Pass,0.07008284766487399
4120,23,M09868,Afternoon,Pass,Pass,0.06869477999821268
6801,20,M04162,Morning,Pass,Pass,0.072379474093412
9912,10,M01360,Night,Defect,Defect,0.9994006422529913
4526,11,M01097,Afternoon,Pass,Pass,0.06537713798855951
4464,3,M08925,Morning,Pass,Pass,0.06537052821847933
6286,10,M03824,Afternoon,Pass,Pass,0.0821832970877513
6128,21,M03310,Morning,Pass,Pass,0.09510646459131937
7792,5,M05977,Morning,Pass,Pass,0.06709258139943809
8656,4,M05869,Afternoon,Pass,Pass,0.06886329017190036
7294,19,M05058,Afternoon,Pass,Pass,0.08878868640572574
6813,14,M04306,Morning,Defect,Defect,0.9195626104921213
4156,10,M05396,Morning,Pass,Pass,0.20844643178740718
3704,23,M00518,Night,Defect,Defect,0.9936126383298233
3243,18,M02258,Afternoon,Pass,Pass,0.08378263089455769
6680,6,M02025,Afternoon,Pass,Pass,0.0693721696493658
2859,22,M07545,Morning,Pass,Pass,0.07036122470873038
4308,13,M03137,Afternoon,Pass,Pass,0.07871037309375727
8727,11,M07437,Afternoon,Pass,Pass,0.08727253474630882
2869,18,M02467,Morning,Pass,Pass,0.07557715929806993
7187,2,M01783,Afternoon,Pass,Pass,0.05729252885291342
8205,4,M00299,Afternoon,Pass,Pass,0.06667086425118006
6943,13,M01323,Afternoon,Pass,Pass,0.1169769377318254
9306,12,M07830,Morning,Pass,Pass,0.07512149348900918
6187,14,M05368,Night,Defect,Defect,0.9999878787878788
1936,9,M09655,Night,Pass,Pass,0.09011656618576963
6208,22,M00738,Morning,Pass,Pass,0.07420334067059171
1257,22,M03641,Morning,Pass,Pass,0.06725354074486417
7662,17,M01260,Afternoon,Pass,Pass,0.06889413185743798
3097,17,M09960,Night,Pass,Pass,0.06448471973380604
7443,5,M00767,Morning,Pass,Pass,0.06734322300754689
6608,8,M03383,Afternoon,Pass,Pass,0.07145475335073218
5356,24,M02227,Afternoon,Pass,Pass,0.13595275242931434
8339,21,M06029,Afternoon,Defect,Defect,0.9999209682322113
1893,14,M03531,Night,Pass,Pass,0.06433943925312864
543,12,M09349,Morning,Pass,Pass,0.06671827946838596
5815,6,M07996,Morning,Pass,Pass,0.09760968310190692
6148,9,M08522,Afternoon,Pass,Pass,0.0702087928811908
62,11,M09693,Morning,Defect,Defect,0.9996078930002926
3402,12,M09476,Morning,Pass,Pass,0.07061696165660133
4182,5,M03415,Afternoon,Pass,Pass,0.06726415997412719
6036,11,M07368,Morning,Pass,Pass,0.06640622612833201
6615,1,M06277,Morning,Pass,Pass,0.06799170144262834
9310,3,M06685,Morning,Pass,Pass,0.0666581741716295
5017,23,M09104,Morning,Defect,Defect,0.9565359566632996
5062,19,M02576,Night,Defect,Defect,0.9999897119341563
9842,20,M08725,Night,Defect,Defect,0.9491895821009827
1295,15,M02420,Night,Defect,Defect,0.7212639540704485
2125,7,M04518,Night,Defect,Defect,0.9659085527195188
9100,2,M04696,Morning,Pass,Pass,0.06646191963366407
8296,19,M02402,Night,Pass,Pass,0.08535811833840015
2872,25,M07981,Night,Pass,Pass,0.10384334987926609
5820,1,M09715,Afternoon,Pass,Pass,0.06063498140594758
6893,4,M09258,Night,Defect,Defect,0.9517318730220281
3587,10,M02525,Afternoon,Pass,Pass,0.07025217375119411
4246,22,M00465,Night,Pass,Pass,0.1780645049767814
1513,16,M09079,Night,Pass,Pass,0.06110785843970256
5793,9,M05188,Night,Defect,Defect,0.9800901984098591
9425,1,M02533,Night,Defect,Defect,0.9952876178659272
9692,4,M04657,Afternoon,Pass,Pass,0.06848703139859356
4051,15,M03646,Night,Defect,Defect,0.9999824262251744
8899,19,M04998,Morning,Pass,Pass,0.0681386246731289
4648,22,M07963,Morning,Pass,Pass,0.06058944553902412
5908,24,M02461,Night,Pass,Pass,0.15715964173292718
9783,5,M02516,Afternoon,Defect,Defect,0.9999744361887406
9391,14,M05608,Night,Defect,Defect,1.0
6613,6,M05817,Morning,Defect,Defect,0.9415123392567282
8014,3,M08991,Morning,Pass,Pass,0.07558030184704673
1403,25,M01219,Morning,Pass,Pass,0.06984007168485111
11,11,M01686,Morning,Pass,Pass,0.06629422001369285
3493,13,M04558,Night,Pass,Pass,0.2020160832397721
2273,17,M07166,Afternoon,Pass,Pass,0.06298129463808308
5714,14,M09113,Night,Pass,Pass,0.06577883388378773
4540,15,M04183,Morning,Pass,Pass,0.06417711426187016
938,17,M06944,Night,Pass,Pass,0.07385115321515161
5900,23,M07777,Afternoon,Pass,Pass,0.05797488616917365
4024,8,M05168,Night,Pass,Pass,0.27280925867383254
916,21,M09763,Afternoon,Pass,Pass,0.06953384467005037
7648,14,M03846,Morning,Pass,Pass,0.06867986584511743
6081,20,M08270,Afternoon,Defect,Defect,0.9949945474372955
4370,6,M01667,Morning,Pass,Pass,0.07371465913937152
3309,6,M03710,Morning,Pass,Pass,0.06542178941297692
18,20,M01185,Afternoon,Pass,Pass,0.1524942845696002
3372,20,M03645,Afternoon,Pass,Pass,0.07388763598840414
4252,8,M03806,Morning,Pass,Pass,0.06948116674408318
3335,14,M00631,Night,Pass,Pass,0.0635185908075934
2951,16,M02170,Night,Pass,Pass,0.08269508535969843
8715,3,M09031,Night,Defect,Defect,0.966959658077092
983,9,M02372,Morning,Defect,Defect,0.9509209970207138
6995,2,M08794,Night,Pass,Pass,0.06798754474230298
2672,6,M07419,Morning,Pass,Pass,0.06290060697607325
2486,20,M06305,Night,Pass,Pass,0.0671916411812982
8708,1,M01246,Afternoon,Pass,Pass,0.0692868467801275
7879,4,M04135,Afternoon,Pass,Pass,0.0653635869153305
7250,18,M02025,Night,Pass,Pass,0.07105804526373614
2844,8,M01775,Night,Pass,Pass,0.06170666995198181
3410,5,M06594,Morning,Pass,Pass,0.06720242495079584
6821,13,M03186,Afternoon,Defect,Defect,0.917914654212445
168,2,M01496,Morning,Pass,Pass,0.10357356461616535
7196,11,M03982,Afternoon,Pass,Pass,0.06593344320765296
8016,12,M02980,Night,Pass,Pass,0.16792612749419855
6455,13,M02739,Night,Pass,Pass,0.074924123228973
6695,11,M01549,Afternoon,Pass,Pass,0.059002498261647086
1662,22,M08947,Afternoon,Pass,Pass,0.0685774956448793
3962,19,M09360,Morning,Pass,Pass,0.07743219186618502
2816,1,M01357,Night,Defect,Defect,0.9533796360092113
5511,21,M07017,Morning,Defect,Pass,0.08260250408591033
345,16,M02807,Morning,Defect,Defect,0.994859693185424
6522,15,M00315,Morning,Defect,Defect,0.9889031615877174
7838,15,M05009,Afternoon,Pass,Pass,0.08315020540340004
915,11,M08163,Afternoon,Pass,Pass,0.06726774907935157
8025,5,M05623,Morning,Pass,Pass,0.06591605074308088
8870,12,M04726,Morning,Defect,Defect,0.9353174742814389
3625,8,M07033,Morning,Pass,Pass,0.05718181550905817
6797,20,M07719,Night,Pass,Pass,0.0868837741399652
5413,5,M09212,Afternoon,Pass,Pass,0.06781793672737972
4840,18,M06544,Morning,Defect,Defect,0.9996075182331796
4310,17,M02783,Night,Pass,Pass,0.09839924317228238
4353,1,M05075,Afternoon,Pass,Pass,0.49466873027540337
7750,4,M09035,Afternoon,Pass,Pass,0.0631211666311352
2995,3,M06417,Morning,Pass,Pass,0.060308932774852275
3552,5,M08502,Morning,Pass,Pass,0.07162080762631062
8477,14,M02626,Morning,Defect,Defect,0.9792035475365204
6523,20,M02377,Night,Defect,Defect,0.9858831822567804
2854,1,M00202,Night,Pass,Pass,0.3312650778984294
960,23,M05743,Afternoon,Defect,Defect,0.9331356211674041
7419,21,M07907,Morning,Pass,Pass,0.09231757748991391
76,17,M08530,Afternoon,Pass,Pass,0.09322037698164042
4467,14,M08616,Morning,Pass,Pass,0.16867406782849195
8219,3,M02262,Morning,Defect,Defect,0.988088442269476
6055,7,M01538,Night,Pass,Pass,0.30450137249745324
2107,16,M08649,Night,Defect,Defect,0.999724924485428
9598,7,M03158,Morning,Defect,Defect,0.9996010638828658
5328,1,M03497,Morning,Pass,Pass,0.055878565200361476
4650,1,M09969,Morning,Pass,Defect,0.5634344275230625
3516,19,M00581,Night,Pass,Pass,0.0619169961882121
6403,13,M05931,Morning,Pass,Pass,0.061599676352709264
3668,3,M07237,Morning,Pass,Pass,0.06788029744947754
5431,21,M01376,Afternoon,Pass,Pass,0.06380944530768129
9790,10,M01119,Morning,Pass,Pass,0.06487409662284736
3033,25,M08126,Night,Defect,Defect,0.9947213984530506
655,7,M04805,Afternoon,Pass,Pass,0.06691526269110529
1503,23,M08221,Morning,Pass,Pass,0.06021679921410246
9619,10,M00234,Afternoon,Pass,Pass,0.08531227112510847
5346,24,M08612,Afternoon,Pass,Pass,0.06738575108493178
7343,6,M01439,Afternoon,Pass,Pass,0.06809554448868449
2552,6,M08677,Morning,Pass,Pass,0.0807377735819893
6253,15,M05534,Morning,Pass,Pass,0.19765796151031545
7202,10,M09138,Morning,Pass,Pass,0.18333363073782152
4486,5,M08465,Afternoon,Pass,Pass,0.0682094396245872
6011,11,M04369,Night,Pass,Pass,0.1622322130166433
7449,9,M02666,Afternoon,Pass,Pass,0.05848818267427792
8094,4,M09322,Night,Pass,Pass,0.06201468378093941
7741,12,M08990,Afternoon,Pass,Pass,0.07725313572919068
1703,4,M04600,Morning,Pass,Pass,0.06884796241491536
4497,19,M03177,Afternoon,Defect,Defect,0.9834560779094181
8907,11,M01683,Afternoon,Defect,Defect,0.9999847242545843
5428,17,M04759,Morning,Pass,Pass,0.18032757739863492
7495,1,M00562,Night,Pass,Pass,0.09454726020412264
5292,16,M08672,Morning,Pass,Pass,0.07924632819997358
1147,15,M01556,Night,Defect,Defect,0.9998457978329904
3959,3,M01789,Morning,Pass,Pass,0.08745540452147677
5929,20,M07377,Afternoon,Pass,Pass,0.06399530358440172
2772,15,M03737,Morning,Pass,Pass,0.07995118484591052
2251,20,M09504,Morning,Pass,Pass,0.07105896245139863
7520,22,M08713,Morning,Pass,Pass,0.07076537184444331
7488,2,M02972,Night,Defect,Defect,0.9956334928555117
9902,15,M08975,Morning,Pass,Pass,0.08952716376041092
4520,17,M06798,Morning,Pass,Pass,0.07133350728643743
492,16,M05989,Afternoon,Pass,Pass,0.0715061525035288
8714,12,M02514,Afternoon,Pass,Pass,0.16463952084538125
2884,15,M01820,Morning,Defect,Defect,0.9942126147827207
7237,1,M06866,Afternoon,Pass,Pass,0.073197703871119
7729,21,M09113,Night,Pass,Pass,0.05748470305282605
6658,13,M00325,Morning,Pass,Pass,0.0515796774193097
4221,7,M09803,Morning,Pass,Pass,0.09232625336508628
1581,8,M05421,Morning,Defect,Defect,0.9968516003972244
5466,13,M02182,Afternoon,Defect,Defect,0.8796979596360547
8975,23,M00081,Afternoon,Pass,Pass,0.06061530470078947
6969,3,M02084,Afternoon,Defect,Defect,0.9997641348516615
3032,5,M09803,Afternoon,Pass,Pass,0.4838159773736041
156,2,M06777,Morning,Pass,Pass,0.07488490705403461
5493,21,M04819,Afternoon,Pass,Pass,0.06157559199332195
1325,22,M04347,Night,Defect,Defect,0.9993792319322078
1516,25,M07028,Morning,Pass,Pass,0.05858715221995139
2400,24,M09029,Afternoon,Pass,Pass,0.08181717556830753
9830,22,M06173,Afternoon,Pass,Pass,0.06772270954855442
2542,21,M02427,Night,Defect,Defect,0.9535631798551676
2426,22,M02840,Night,Pass,Pass,0.06101807575744028
5400,17,M08891,Night,Pass,Pass,0.05383814044446233
8621,25,M08481,Night,Pass,Pass,0.14641120847865607
9475,11,M01080,Night,Defect,Defect,0.7026060146581132
607,6,M06317,Morning,Pass,Pass,0.30461180064718624
7756,17,M07175,Afternoon,Pass,Pass,0.06829225661226214
2350,8,M00227,Morning,Pass,Pass,0.0687113524053965
7980,10,M07106,Afternoon,Defect,Defect,0.9977836283654675
7067,21,M04653,Morning,Pass,Pass,0.06805828640042913
2424,6,M05106,Afternoon,Pass,Pass,0.07275636355230981
5035,12,M02254,Morning,Defect,Defect,0.9930734449695443
1367,3,M07879,Afternoon,Defect,Defect,0.7874221524620688
5850,20,M00061,Afternoon,Pass,Pass,0.06576693052464873
6737,11,M03407,Night,Pass,Pass,0.06290609995320023
2406,22,M06398,Afternoon,Defect,Defect,0.9121986969770329
88,18,M08007,Afternoon,Pass,Pass,0.06920208444750134
6235,6,M00194,Morning,Pass,Pass,0.05990287325135373
1749,6,M01940,Night,Defect,Defect,0.998926199420781
3053,10,M00116,Morning,Defect,Defect,0.9778485580114691
8953,6,M04569,Morning,Pass,Pass,0.08788255957910683
4277,24,M06027,Afternoon,Pass,Pass,0.05997704702718882
816,11,M03087,Afternoon,Defect,Defect,0.9990391133885336
8991,24,M09405,Morning,Pass,Pass,0.06123397890412313
3764,5,M03491,Morning,Pass,Pass,0.06770125297343238
3768,13,M07295,Afternoon,Pass,Pass,0.08163284023551451
8090,18,M07002,Night,Pass,Pass,0.06847174801509748
1289,1,M01522,Morning,Pass,Pass,0.06491779531125944
3790,24,M04898,Night,Defect,Defect,0.999495852047144
3776,8,M02425,Night,Pass,Pass,0.06055376862397671
5562,13,M01175,Night,Defect,Defect,0.9949617554199746
588,21,M09436,Morning,Pass,Pass,0.13742046474482109
6754,10,M06369,Morning,Pass,Pass,0.05522653466573785
666,5,M07450,Morning,Defect,Defect,0.9845030805143261
5825,9,M07326,Morning,Pass,Pass,0.06520563064755507
3734,12,M02643,Afternoon,Pass,Pass,0.06794046844396426
5302,15,M08227,Morning,Pass,Pass,0.13377438239591366
1063,6,M04945,Night,Pass,Pass,0.0715607081402578
7998,7,M09820,Afternoon,Defect,Pass,0.06782518765469506
5160,24,M03619,Morning,Pass,Pass,0.06065098267163144
3401,10,M09078,Morning,Pass,Pass,0.07680890984375126
1173,23,M08997,Afternoon,Defect,Pass,0.06009315955602632
8852,4,M06311,Afternoon,Defect,Defect,0.9942111266885996
9907,20,M05065,Night,Pass,Defect,0.6289476671067254
6129,22,M00546,Morning,Pass,Pass,0.06201587897238164
741,4,M05450,Afternoon,Defect,Defect,0.9903227589343827
5874,1,M05270,Night,Pass,Defect,0.5144819830126792
1235,8,M05761,Afternoon,Defect,Defect,0.9898309948979592
6210,19,M08372,Morning,Pass,Pass,0.05702813310516475
8828,15,M00907,Morning,Pass,Pass,0.07688437049704207
1014,18,M07197,Morning,Pass,Pass,0.06797735155330759
7487,25,M04939,Afternoon,Pass,Pass,0.06170814766456813
9040,20,M09380,Morning,Pass,Pass,0.0648923683771525
6054,22,M02507,Morning,Defect,Defect,0.9999723024638912
1929,11,M03684,Afternoon,Defect,Defect,0.9216776852839721
7810,10,M08048,Morning,Pass,Pass,0.0692313714397232
9786,20,M07359,Night,Pass,Pass,0.07073455423887169
8704,19,M05932,Morning,Pass,Pass,0.22049704544500806
6541,12,M07838,Morning,Pass,Pass,0.09781358696831303
7041,7,M00682,Night,Defect,Defect,0.9540289527995914
2000,23,M02666,Morning,Defect,Defect,0.9905114399722105
8109,20,M04410,Afternoon,Pass,Pass,0.3369111585864573
5249,6,M09757,Afternoon,Pass,Pass,0.07148675345916687
1062,4,M00967,Night,Pass,Pass,0.06213699081855735
6018,11,M08858,Afternoon,Pass,Pass,0.05594938129909697
5698,14,M05608,Afternoon,Defect,Defect,0.9999422947664829
4288,15,M01037,Afternoon,Defect,Pass,0.07085561590633646
5760,5,M01707,Morning,Pass,Pass,0.06745024869028791
2226,8,M07505,Afternoon,Defect,Defect,0.9925403099641902
1722,25,M05725,Morning,Pass,Pass,0.06672606796667128
9216,19,M05641,Morning,Pass,Pass,0.06991418879208927
3285,24,M02065,Afternoon,Defect,Defect,0.9624649425653632
4530,16,M04248,Morning,Pass,Pass,0.0690570342040679
5416,6,M06684,Morning,Pass,Pass,0.06496189195371467
8775,25,M09372,Night,Pass,Pass,0.06672269801799083
6784,24,M01929,Morning,Pass,Pass,0.1146117022125112
2144,16,M07639,Morning,Defect,Defect,0.9700176682515712
6663,25,M04355,Morning,Pass,Pass,0.2896913976256441
3603,3,M04161,Morning,Pass,Pass,0.08369228007748547
5648,9,M06381,Afternoon,Pass,Pass,0.06627332618561285
1726,23,M06277,Morning,Pass,Pass,0.06619445690838666
7158,15,M08720,Afternoon,Pass,Pass,0.060286983980891454
7271,21,M07530,Morning,Pass,Pass,0.07086471401188181
8964,3,M02163,Morning,Defect,Defect,0.9911092544662939
2856,5,M01843,Afternoon,Pass,Pass,0.06753582192063112
4558,23,M00250,Afternoon,Defect,Defect,0.9412598122229774
806,4,M02798,Afternoon,Pass,Pass,0.11335844992970705
4084,4,M02916,Afternoon,Pass,Pass,0.13607069283836026
4575,15,M02774,Night,Pass,Pass,0.06452382973428712
9871,2,M04182,Morning,Pass,Pass,0.05747773199374201
1847,8,M01441,Morning,Defect,Defect,0.9340306276770295
343,3,M05597,Morning,Pass,Pass,0.07572871763794203
8686,18,M07690,Afternoon,Pass,Pass,0.05484068707219719
3807,25,M01994,Afternoon,Pass,Pass,0.14638397020507735
5918,14,M01204,Afternoon,Defect,Defect,0.9522048244228434
4817,11,M05878,Night,Pass,Pass,0.06998992093757112
6561,20,M00920,Morning,Pass,Pass,0.0628657326135142
6127,4,M00364,Afternoon,Pass,Pass,0.0733769734348489
1071,6,M06705,Morning,Defect,Defect,0.960813821357928
1502,9,M05127,Afternoon,Pass,Pass,0.07080414883014632
3271,17,M07983,Morning,Pass,Pass,0.08521287018303138
6353,22,M04311,Morning,Pass,Pass,0.06311966445004648
4972,1,M07241,Night,Pass,Pass,0.06484757178872784
3608,5,M01152,Morning,Pass,Pass,0.07269313521277271
2606,21,M00265,Afternoon,Pass,Pass,0.3454110435007835
1251,14,M09829,Night,Pass,Pass,0.06100617556096494
9456,16,M05085,Morning,Pass,Pass,0.06027306902854973
8498,12,M05388,Afternoon,Pass,Pass,0.06127356562555902
2032,7,M02409,Afternoon,Pass,Pass,0.06316825730412597
151,6,M01664,Night,Pass,Pass,0.05838520078122894
473,8,M02083,Morning,Pass,Pass,0.07055814779502365
6568,23,M03393,Afternoon,Pass,Pass,0.17170057749897844
7126,22,M02014,Afternoon,Pass,Pass,0.08282557755229178
5490,11,M03554,Night,Pass,Pass,0.06923547029703352
4849,5,M04291,Night,Pass,Pass,0.09266663418029801
9749,20,M08382,Morning,Defect,Pass,0.10950330664496218
1684,24,M01395,Night,Pass,Pass,0.07526531068448446
8673,10,M03654,Afternoon,Pass,Pass,0.0683029775179439
1128,16,M00944,Afternoon,Pass,Pass,0.10547387265704203
8454,2,M00094,Afternoon,Pass,Pass,0.05383810898569497
6714,8,M02591,Night,Pass,Pass,0.11530561782550447
2385,7,M01137,Morning,Pass,Pass,0.06184482544815028
677,14,M00405,Morning,Pass,Pass,0.07711029406394009
312,21,M00700,Morning,Pass,Pass,0.06879053287608747
8407,17,M01156,Morning,Pass,Pass,0.07547371958550828
4543,17,M06512,Morning,Pass,Pass,0.06733399156068383
6140,4,M05205,Night,Pass,Pass,0.06315215196134774
8368,9,M06621,Night,Defect,Defect,0.9990171732407027
2386,14,M02811,Afternoon,Pass,Pass,0.06441637504118267
9536,25,M00769,Afternoon,Pass,Pass,0.07196023591363826
8102,23,M03058,Night,Pass,Pass,0.06337565303792494
9255,7,M00545,Night,Defect,Defect,0.9978976084032217
4052,2,M07082,Afternoon,Pass,Pass,0.06860043677042388
4866,14,M07109,Afternoon,Pass,Pass,0.0664856508338696
3545,10,M00206,Night,Defect,Defect,0.9817340814408055
6080,17,M09728,Morning,Pass,Pass,0.07518002740888248
4501,5,M06227,Afternoon,Pass,Pass,0.05993560372580425
7402,10,M09187,Afternoon,Pass,Pass,0.15093113346395554
2053,12,M01827,Morning,Pass,Pass,0.11259892083362039
2912,13,M04929,Morning,Defect,Defect,0.8858845855431973
6666,14,M00688,Night,Pass,Pass,0.12041782401173268
7101,13,M07330,Morning,Pass,Pass,0.07321396391617364
3405,3,M08989,Afternoon,Pass,Pass,0.0604712480988102
5935,3,M06176,Morning,Pass,Pass,0.05949687979128604
3592,1,M09524,Morning,Pass,Pass,0.06732459866346821
6888,2,M06059,Morning,Pass,Pass,0.06996683209204439
6659,20,M03558,Morning,Pass,Pass,0.05574668370791551
9718,15,M08631,Morning,Pass,Pass,0.06283328672222406
1741,25,M09772,Night,Pass,Pass,0.05925623161323193
2964,18,M05620,Night,Defect,Defect,0.9380341819109961
8465,15,M00077,Night,Defect,Defect,0.9497230750612136
702,8,M08866,Morning,Pass,Pass,0.06617194897135209
7438,5,M08429,Morning,Pass,Pass,0.06650760304501993
8492,12,M03375,Morning,Pass,Pass,0.07367085317350468
944,11,M02191,Night,Pass,Pass,0.1426826248768296
4996,23,M04428,Night,Defect,Defect,0.9610065849546412
1085,1,M07312,Night,Pass,Pass,0.0685903124237713
1210,12,M09329,Night,Pass,Pass,0.07027801655334544
8029,22,M05781,Afternoon,Pass,Pass,0.06754597257083204
5362,4,M05090,Morning,Pass,Pass,0.1079097039415478
2796,15,M04698,Afternoon,Pass,Pass,0.0630848065870389
432,19,M02480,Night,Pass,Pass,0.06921931559679335
4092,8,M03941,Morning,Pass,Pass,0.0721207849763352
6782,6,M00351,Afternoon,Pass,Pass,0.06728901727696551
3799,4,M09520,Morning,Pass,Pass,0.09669038030853265
4654,13,M09276,Night,Pass,Pass,0.05918001937165508
6146,8,M03084,Morning,Pass,Pass,0.0684794545527712
1082,7,M04525,Morning,Pass,Pass,0.06557284048557051
3752,21,M00083,Night,Pass,Pass,0.06387836150510552
9467,9,M07042,Night,Defect,Pass,0.0720118521792728
1269,8,M08902,Afternoon,Pass,Pass,0.07527758701045456
5680,11,M05970,Morning,Pass,Pass,0.06081352502397862
1723,17,M05898,Morning,Pass,Pass,0.08204364314892
1004,25,M07148,Afternoon,Pass,Pass,0.07521016354175296
5924,6,M03162,Afternoon,Defect,Defect,0.9997799114192261
9071,9,M01047,Night,Pass,Pass,0.06686757983279276
9903,19,M01117,Morning,Pass,Pass,0.07074940541524272
4044,2,M02973,Afternoon,Pass,Pass,0.062046304602521134
3541,23,M08498,Morning,Defect,Defect,0.7805568261194733
3676,9,M04822,Morning,Pass,Pass,0.06442213101471307
6563,6,M02045,Morning,Pass,Pass,0.11188264060440005
6345,24,M04278,Afternoon,Pass,Pass,0.06502285814469659
7837,18,M04599,Afternoon,Pass,Pass,0.07905508766584905
6228,4,M06728,Night,Pass,Pass,0.059341202983838964
6934,23,M01508,Morning,Pass,Pass,0.079431574062816
4983,11,M09887,Afternoon,Defect,Defect,0.7805425126261346
2018,8,M04038,Night,Pass,Pass,0.06379661952804748
5723,23,M02682,Night,Pass,Pass,0.07205653045211188
7331,17,M00921,Morning,Pass,Pass,0.07143480343500201
251,6,M06198,Morning,Pass,Pass,0.07146142632936607
3901,8,M00597,Afternoon,Pass,Pass,0.06692096506506308
8742,17,M00118,Afternoon,Pass,Pass,0.07524121643481055
9994,4,M03632,Night,Defect,Defect,0.9998717938367566
475,23,M06749,Afternoon,Pass,Pass,0.09243512128565216
5384,5,M03787,Morning,Defect,Defect,0.9994026836617259
7130,25,M02429,Night,Pass,Pass,0.06190594849407392
8887,2,M00257,Afternoon,Pass,Pass,0.0767844712171188
5580,18,M08517,Afternoon,Pass,Pass,0.06296103007596227
723,2,M06942,Morning,Defect,Defect,0.6693167209567743
8801,8,M08742,Night,Defect,Defect,0.9601439147791146
7077,16,M02745,Afternoon,Pass,Pass,0.07232219473032091
9770,3,M07549,Morning,Pass,Pass,0.07212616504748075
7055,9,M04208,Afternoon,Pass,Pass,0.0682502154560524
3659,9,M05132,Afternoon,Pass,Pass,0.06841653722780398
8363,17,M09575,Morning,Defect,Pass,0.06486534695934704
4560,10,M05044,Night,Defect,Defect,0.9989503130451408
7920,25,M04419,Afternoon,Pass,Pass,0.1511092431885083
5824,23,M06081,Afternoon,Pass,Pass,0.25255845341967187
533,8,M07652,Night,Pass,Pass,0.062359595395189676
3549,19,M07215,Morning,Defect,Defect,0.947381729114739
5898,22,M07997,Morning,Pass,Pass,0.08033795333537717
143,10,M09915,Afternoon,Defect,Defect,0.7281605219855206
9892,18,M09794,Morning,Pass,Pass,0.06598889102573655
9855,8,M05665,Night,Pass,Pass,0.06470847926141526
8788,3,M08904,Afternoon,Pass,Pass,0.07099761491071774
8746,4,M08299,Afternoon,Pass,Pass,0.06507727064680473
8233,20,M06850,Night,Pass,Pass,0.05944088657629241
7880,1,M09509,Morning,Defect,Defect,0.9999652259948469
4945,11,M02843,Night,Defect,Defect,0.9999945474372955
6824,11,M03567,Night,Pass,Pass,0.0525419510183563
7778,11,M01569,Night,Pass,Pass,0.05416169083701683
5469,15,M02598,Night,Defect,Defect,0.9898682332147046
1766,1,M02290,Morning,Pass,Pass,0.056535087730678224
9720,6,M09158,Afternoon,Defect,Defect,0.9995601904714552
3544,9,M09328,Morning,Pass,Pass,0.12470416271323137
3060,2,M02491,Night,Pass,Pass,0.06675403230998707
2588,25,M03605,Afternoon,Pass,Pass,0.10875520593255249
4139,3,M03505,Afternoon,Defect,Defect,0.9991215489253061
2204,23,M09224,Morning,Pass,Pass,0.06528302271278238
7233,6,M04225,Morning,Pass,Pass,0.06613797454979921
8646,3,M02785,Afternoon,Defect,Defect,0.939291323539798
6854,19,M04552,Night,Defect,Defect,0.9741191077430474
1155,7,M02107,Afternoon,Pass,Pass,0.09361128318195072
8584,12,M08813,Morning,Pass,Pass,0.10597783715336768
8592,12,M01380,Morning,Pass,Pass,0.4337809389193078
7902,13,M04608,Morning,Pass,Pass,0.061115720386830816
6850,12,M03750,Morning,Pass,Pass,0.05553403997277803
9548,12,M05559,Morning,Pass,Pass,0.07076416022436115
2304,25,M07296,Morning,Defect,Pass,0.06865230807346454
5411,23,M02640,Afternoon,Pass,Pass,0.15299232268516805
2954,21,M06314,Afternoon,Defect,Defect,0.9953516708058294
2688,4,M08473,Afternoon,Pass,Pass,0.1295086631071984
6810,1,M08788,Morning,Pass,Pass,0.059996805231008955
9581,23,M04834,Morning,Defect,Defect,0.9996308724832216
4470,21,M08101,Night,Pass,Pass,0.06447803232585103
4473,6,M08691,Morning,Pass,Pass,0.06560463968480287
4033,2,M05331,Morning,Pass,Pass,0.06877848344678789
606,3,M03628,Afternoon,Pass,Pass,0.13593962639463142
2199,21,M03927,Afternoon,Pass,Pass,0.06730228494320864
2215,12,M00366,Afternoon,Pass,Pass,0.08001673300224073
5,9,M05735,Morning,Pass,Pass,0.06666318967000096
2381,22,M09399,Night,Pass,Pass,0.0639150843217897
2122,4,M03293,Afternoon,Pass,Pass,0.06982877616875134
7776,23,M00744,Morning,Pass,Pass,0.07756051835169027
1104,9,M07644,Night,Defect,Defect,0.9971150787829436
4781,4,M00718,Morning,Pass,Pass,0.06652861038703137
6599,21,M03540,Night,Defect,Defect,0.9980908612994881
6766,4,M03934,Night,Pass,Pass,0.3123121730792038
7277,6,M01041,Morning,Pass,Pass,0.0670033211297079
7470,23,M09191,Morning,Defect,Defect,0.9470805979102195
3551,19,M05142,Night,Pass,Pass,0.13412507417612277
9109,21,M04017,Morning,Pass,Pass,0.06237062061406726
6622,19,M06607,Afternoon,Pass,Pass,0.07046785740307504
1939,14,M03180,Afternoon,Pass,Pass,0.07349382192372743
2694,14,M01968,Afternoon,Pass,Pass,0.06767082080630002
9065,14,M09909,Afternoon,Pass,Pass,0.06977929141371979
641,25,M06043,Morning,Pass,Pass,0.0657386488707603
5199,13,M05403,Morning,Pass,Pass,0.06774614158682077
878,10,M00225,Afternoon,Pass,Pass,0.07736382856505178
6977,21,M04403,Afternoon,Defect,Defect,0.9807171323791293
7625,10,M02221,Afternoon,Pass,Pass,0.0739250279476427
799,20,M00365,Afternoon,Pass,Pass,0.06961681200061605
3537,9,M04083,Morning,Pass,Pass,0.0685447833107164
3675,23,M00019,Afternoon,Pass,Pass,0.06782714548676066
7503,11,M07096,Morning,Pass,Pass,0.06306659877064182
3336,7,M09172,Afternoon,Pass,Pass,0.08894942889210897
7843,20,M08594,Morning,Pass,Pass,0.06899024889949684
9702,2,M07219,Morning,Pass,Pass,0.09303877948127594
1633,7,M00208,Afternoon,Pass,Pass,0.07005497037310443
7116,7,M09700,Night,Defect,Defect,0.9998336766208692
6103,3,M00816,Morning,Defect,Defect,0.9999847242545843
1468,3,M07010,Afternoon,Defect,Defect,0.8999726062061276
3515,17,M00279,Night,Pass,Pass,0.06772595429194411
5668,5,M09776,Night,Pass,Pass,0.37817937393236717
190,6,M05792,Morning,Defect,Defect,0.8755871209918341
2254,1,M09128,Night,Pass,Pass,0.2590716009862291
650,12,M07715,Afternoon,Pass,Pass,0.06443309104782513
9009,7,M04712,Afternoon,Pass,Pass,0.06800018424865631
6442,1,M06572,Morning,Pass,Pass,0.09033268901997299
4716,7,M02846,Morning,Pass,Pass,0.06765836043043326
467,21,M07724,Morning,Pass,Pass,0.061130397136935695
8749,16,M00244,Morning,Pass,Pass,0.0624847288760922
7874,3,M07214,Night,Pass,Pass,0.07034258303984754
5878,4,M04847,Afternoon,Pass,Pass,0.07774170251671858
6725,25,M01575,Afternoon,Pass,Pass,0.09641583570351148
6891,12,M09437,Afternoon,Pass,Pass,0.0768010984700584
4843,13,M01095,Morning,Pass,Pass,0.059094979116903285
4434,19,M06772,Night,Pass,Pass,0.17003141690523052
2571,24,M03201,Afternoon,Pass,Pass,0.06827491598300489
1536,5,M05391,Morning,Pass,Pass,0.07550862524609606
7641,8,M05918,Afternoon,Pass,Pass,0.08014025297191213
5966,23,M03721,Night,Defect,Defect,1.0
3231,24,M01379,Afternoon,Pass,Pass,0.05594360762032651
6460,10,M03150,Morning,Pass,Pass,0.06366182155482678
2311,4,M05996,Afternoon,Pass,Pass,0.09665457331817677
8370,22,M07582,Morning,Pass,Pass,0.05958803855775151
2452,24,M05676,Night,Defect,Defect,0.9943078506609033
3472,10,M03009,Night,Pass,Pass,0.1083890510614122
3201,7,M05572,Afternoon,Pass,Pass,0.07042265767905835
5476,6,M08053,Afternoon,Pass,Pass,0.09186266750035527
3964,16,M06812,Afternoon,Defect,Defect,0.999951446104143
6199,13,M09514,Morning,Pass,Pass,0.07495144661483115
6502,24,M09369,Morning,Pass,Pass,0.23174986034095987
2557,18,M08079,Afternoon,Pass,Pass,0.07902502165907468
2135,14,M06141,Afternoon,Pass,Pass,0.05839331823065502
5467,20,M02297,Night,Pass,Pass,0.18012244874413066
5812,12,M05078,Night,Pass,Pass,0.18302598521067928
3849,12,M09015,Afternoon,Pass,Pass,0.07915043197026388
3986,9,M08576,Night,Pass,Pass,0.3737718916360411
6024,14,M03702,Morning,Pass,Pass,0.48279888597297377
8967,1,M07715,Afternoon,Defect,Defect,0.9999847242545843
7238,15,M05644,Night,Defect,Defect,0.9988034021561688
6375,9,M02794,Morning,Pass,Pass,0.14481102178902386
9286,2,M01160,Afternoon,Pass,Pass,0.08837036801986244
4398,6,M02548,Morning,Pass,Pass,0.0727231486015716
4161,5,M06839,Afternoon,Defect,Defect,0.9895738195402423
759,11,M07688,Night,Defect,Pass,0.09640695840213676
4049,14,M05877,Night,Pass,Pass,0.057263371915655996
5968,3,M04213,Morning,Pass,Pass,0.07082497793108845
3840,24,M07830,Afternoon,Pass,Pass,0.07145435351945852
8496,7,M05123,Night,Pass,Pass,0.09069967728366751
6831,23,M03053,Night,Pass,Pass,0.05556078805906965
735,8,M02181,Morning,Pass,Pass,0.06248011564340903
9012,6,M02621,Morning,Pass,Pass,0.06657283549420566
3970,12,M09814,Morning,Defect,Defect,0.99925314175943
7340,16,M06831,Afternoon,Defect,Defect,0.9999574468085106
7289,9,M00393,Night,Pass,Pass,0.06538237022524859
1998,12,M09209,Morning,Defect,Defect,0.7910326500563422
8838,6,M03259,Afternoon,Pass,Pass,0.06545885304677038
1250,1,M02323,Afternoon,Pass,Pass,0.06837210479886786
6528,15,M09745,Night,Pass,Pass,0.07838944698864
3519,10,M04277,Morning,Pass,Pass,0.0656333384700459
851,17,M05623,Morning,Pass,Pass,0.2821559659805927
4698,12,M02285,Afternoon,Defect,Defect,0.984079605212161
749,15,M06270,Night,Defect,Defect,0.937633452747754
6877,21,M04508,Morning,Pass,Pass,0.09455756794072173
8333,14,M00350,Night,Pass,Pass,0.1151559725447935
6423,3,M01848,Morning,Defect,Defect,0.9999723024638912
8382,10,M02071,Morning,Pass,Pass,0.09232456725113171
9098,14,M07395,Morning,Defect,Defect,0.9829784688862192
7455,18,M07796,Night,Pass,Pass,0.0824744242532363
8830,2,M00365,Morning,Pass,Pass,0.07122714842910621
4379,14,M09760,Morning,Pass,Pass,0.08914501522462209
7259,17,M07400,Afternoon,Pass,Pass,0.06796388999398144
4703,12,M03559,Afternoon,Pass,Pass,0.07493206130533153
4418,16,M05593,Morning,Defect,Defect,0.9975502708976471
3126,5,M07548,Afternoon,Defect,Defect,0.9999476236257994
1553,5,M06060,Night,Pass,Pass,0.07032034971832396
9493,22,M01362,Morning,Defect,Defect,0.9998788066965549
4750,9,M04907,Night,Defect,Defect,0.99
8202,21,M02048,Afternoon,Pass,Pass,0.11015741974456546
2218,7,M05331,Morning,Pass,Pass,0.06926668942912423
9801,5,M09651,Night,Pass,Pass,0.0712280773984098
3788,2,M02347,Afternoon,Pass,Pass,0.07255682608344066
2359,17,M05037,Afternoon,Pass,Pass,0.07442642668283464
4170,12,M02218,Morning,Pass,Pass,0.057529064322376186
6653,6,M07399,Morning,Pass,Pass,0.2704172768977136
2348,23,M01930,Morning,Pass,Pass,0.06581762136345479
1514,21,M02845,Morning,Pass,Pass,0.19613041324243233
9920,23,M06475,Afternoon,Pass,Pass,0.06087432162940767
7545,4,M05073,Morning,Pass,Pass,0.11249402888932153
8375,1,M04664,Afternoon,Defect,Defect,0.9988656675467424
3580,15,M00407,Afternoon,Pass,Pass,0.07196968585344198
6949,20,M09319,Night,Defect,Defect,0.996516083916084
2948,16,M04341,Afternoon,Defect,Defect,0.9611112056796861
3490,25,M07471,Afternoon,Pass,Pass,0.0701788176778508
9517,23,M05221,Afternoon,Pass,Pass,0.0789776298169397
9966,7,M06630,Afternoon,Defect,Pass,0.06671273267909208
7444,4,M02682,Afternoon,Pass,Pass,0.06960529186824187
7022,7,M05511,Night,Defect,Defect,0.9404057305852582
2573,1,M07168,Morning,Pass,Pass,0.08694614444106456
4408,25,M04205,Morning,Pass,Pass,0.10946051618574583
1696,24,M00002,Morning,Pass,Pass,0.07189701094357427
8657,3,M00011,Afternoon,Pass,Pass,0.10661229425580278
1942,13,M08854,Morning,Pass,Pass,0.060524117679632325
1520,7,M05659,Night,Pass,Pass,0.0714003940946533
2193,8,M06870,Afternoon,Pass,Pass,0.1283093813986581
5189,11,M08694,Night,Pass,Pass,0.10219200242321991
2662,6,M08180,Night,Pass,Pass,0.05905115518929251
6281,5,M06783,Night,Pass,Pass,0.0631188395441815
9020,20,M07691,Afternoon,Pass,Pass,0.06835288425680885
297,6,M07684,Night,Pass,Pass,0.06274427863592674
7103,20,M09670,Night,Pass,Pass,0.17813951031195027
750,5,M03819,Afternoon,Pass,Pass,0.11999232838593878
1505,6,M07814,Morning,Defect,Defect,0.9701653550745318
2293,14,M01725,Morning,Defect,Defect,0.9988647537488995
5279,15,M05799,Night,Pass,Pass,0.08048632128836757
4551,23,M05553,Night,Pass,Pass,0.0641382565101788
8048,3,M00598,Morning,Pass,Pass,0.09014028003606195
5928,18,M07100,Afternoon,Pass,Pass,0.06893525020592545
4043,5,M01926,Afternoon,Pass,Pass,0.08721275981620663
6708,4,M08715,Afternoon,Pass,Pass,0.0988316177665513
4503,24,M09571,Morning,Pass,Pass,0.06959595885081755
766,20,M04189,Afternoon,Pass,Pass,0.06513999263655584
2627,7,M01099,Morning,Defect,Defect,0.9976577975956691
3605,5,M09690,Morning,Defect,Defect,0.9384729297619093
5439,10,M01941,Morning,Pass,Pass,0.06653006024738177
6464,10,M01169,Morning,Pass,Pass,0.060508360821669126
1146,17,M04492,Night,Defect,Defect,0.9741367574870827
2657,21,M07359,Night,Pass,Pass,0.07554110867947653
4870,10,M01811,Night,Pass,Pass,0.0713961256389171
9254,10,M09400,Morning,Defect,Defect,0.9998281706280528
4877,7,M00932,Afternoon,Pass,Pass,0.06263826362860284
4768,13,M00225,Morning,Defect,Pass,0.07506105827483024
4097,4,M03749,Morning,Pass,Pass,0.07619081156866174
6709,12,M02887,Afternoon,Pass,Pass,0.06257840669350888
697,13,M04977,Morning,Pass,Pass,0.0823343991469308
9423,2,M08865,Afternoon,Pass,Pass,0.0635823268116062
6533,2,M08135,Night,Defect,Defect,0.9999878787878788
5230,17,M02646,Afternoon,Pass,Pass,0.06827783178838766
2649,8,M03831,Afternoon,Pass,Pass,0.0758318413982453
9313,20,M06840,Afternoon,Pass,Pass,0.08342728526901298
2900,7,M02071,Morning,Pass,Pass,0.06229582468944765
5127,21,M00376,Afternoon,Pass,Pass,0.063180059111505
2201,1,M07341,Night,Defect,Defect,0.9987231083792711
1716,7,M03375,Night,Pass,Pass,0.060909222146106695
9959,11,M08621,Afternoon,Defect,Defect,0.9779509976069043
7517,21,M09285,Morning,Pass,Pass,0.06367790180220081
4569,20,M09519,Morning,Pass,Pass,0.14301574461278663
8277,9,M04542,Afternoon,Pass,Pass,0.058256812813168246
2141,19,M04838,Night,Pass,Pass,0.06647906487562331
4479,5,M09009,Afternoon,Pass,Pass,0.14274251484633735
6238,15,M00943,Afternoon,Pass,Pass,0.08723462117721241
9333,19,M07365,Afternoon,Pass,Pass,0.07820074262425822
2790,15,M01326,Night,Pass,Pass,0.06191092642995428
8968,18,M01360,Afternoon,Pass,Pass,0.06683320675182106
3619,21,M04770,Night,Defect,Defect,0.932715661341669
4839,10,M09118,Morning,Defect,Defect,0.9994718602240927
8040,22,M07952,Night,Defect,Defect,0.9769184564153978
2002,19,M06814,Morning,Pass,Pass,0.0731606597036786
6116,9,M01173,Afternoon,Pass,Pass,0.09222165374653006
3642,14,M03732,Night,Defect,Defect,0.9796826976303307
2205,5,M04941,Afternoon,Pass,Pass,0.06902350306676225
3829,9,M04459,Night,Pass,Pass,0.06838061331020913
6645,20,M08022,Morning,Pass,Pass,0.07749728348874697
7468,9,M02915,Afternoon,Pass,Pass,0.060108198374173714
2547,2,M00008,Morning,Defect,Defect,0.9994658477135077
3556,12,M03274,Afternoon,Pass,Pass,0.07050429089922282
9107,21,M03219,Morning,Pass,Pass,0.09846892957272599
8685,8,M07434,Morning,Pass,Pass,0.05177422847823178
9463,4,M08968,Afternoon,Pass,Pass,0.08983166653695633
6476,22,M03627,Night,Defect,Defect,0.9728897033310153
6948,25,M09698,Morning,Pass,Pass,0.06841427182203075
2016,20,M00286,Afternoon,Pass,Pass,0.058655921915217804
4096,3,M08961,Afternoon,Pass,Pass,0.06205190744338141
341,25,M07344,Afternoon,Pass,Pass,0.15173218068481079
2538,7,M09204,Morning,Pass,Pass,0.07649010759628565
2587,11,M05109,Morning,Pass,Pass,0.07892225006747182
9269,18,M00457,Morning,Defect,Defect,0.9999213089851199
7609,2,M08075,Morning,Pass,Pass,0.06207496154899667
395,2,M04753,Morning,Pass,Pass,0.07507855559908375
8222,19,M00239,Morning,Pass,Pass,0.0668717857747138
4254,7,M05751,Afternoon,Pass,Pass,0.05305429658814537
6322,12,M01869,Afternoon,Defect,Defect,0.9982708401672954
838,19,M07944,Morning,Pass,Pass,0.07027421997296074
9803,24,M07417,Morning,Pass,Pass,0.0810757050590194
9544,15,M01332,Afternoon,Defect,Pass,0.060119940136236005
1299,6,M01467,Afternoon,Pass,Pass,0.05762811877449803
9378,4,M01005,Afternoon,Pass,Pass,0.08920620337447648
3657,20,M08161,Morning,Pass,Pass,0.07221464041934776
7848,17,M08428,Afternoon,Defect,Defect,0.9996214671928455
2066,2,M06098,Night,Pass,Pass,0.07244486177614785
6873,4,M00839,Afternoon,Pass,Pass,0.099777428736081
7095,3,M01130,Morning,Pass,Pass,0.0678852205475548
1594,20,M02721,Morning,Pass,Pass,0.07018834273621735
7760,21,M09066,Morning,Pass,Pass,0.06588154045200476
7600,7,M01388,Morning,Defect,Defect,0.9272803735188372
3913,4,M01674,Morning,Pass,Pass,0.06557466101729409
1187,13,M04264,Afternoon,Pass,Pass,0.11536012321186556
8221,6,M08573,Night,Defect,Defect,0.903961325419328
5701,9,M09472,Morning,Defect,Defect,0.9660064464341567
299,24,M07680,Afternoon,Defect,Defect,0.9885344657520656
8018,22,M07066,Afternoon,Pass,Pass,0.06254834480776364
2999,16,M02152,Morning,Pass,Pass,0.062402269003120854
6325,2,M02416,Morning,Pass,Pass,0.06275879721763021
1577,19,M01390,Morning,Pass,Pass,0.06757288598509079
968,8,M01121,Morning,Pass,Pass,0.07232697801579598
889,22,M03745,Morning,Pass,Pass,0.07022769268345784
1495,23,M00687,Afternoon,Pass,Pass,0.08055921100513196
6254,3,M09555,Morning,Pass,Pass,0.07403980181432224
4893,4,M06793,Afternoon,Defect,Defect,0.9999588535115503
3983,18,M02105,Morning,Pass,Pass,0.07051114626302038
945,19,M09185,Morning,Pass,Pass,0.06493616752720635
1962,8,M05700,Afternoon,Pass,Pass,0.07035488354328137
844,16,M01762,Night,Defect,Defect,0.9569792184069347
454,2,M01688,Night,Pass,Pass,0.08176191311621235
4137,20,M00920,Afternoon,Pass,Pass,0.07259806751391513
5993,19,M05524,Afternoon,Pass,Pass,0.07960125368934438
4258,16,M09117,Afternoon,Pass,Pass,0.06450189523700538
3546,15,M07353,Morning,Pass,Pass,0.07265255176155136
6311,15,M08448,Morning,Defect,Defect,0.7925322885996987
817,13,M08153,Afternoon,Pass,Pass,0.06898638007435585
5025,7,M06639,Night,Pass,Pass,0.0846810516599571
871,25,M05561,Morning,Defect,Defect,0.8876343489064008
653,23,M07027,Afternoon,Pass,Pass,0.06421307690360922
3338,6,M00278,Night,Pass,Pass,0.05511126115489035
986,10,M04226,Afternoon,Pass,Pass,0.06635104932793609
3343,12,M00026,Afternoon,Pass,Pass,0.0677568603158945
4909,10,M02364,Afternoon,Pass,Pass,0.06848109302029164
9063,8,M03140,Night,Pass,Pass,0.053660937378313574
646,20,M07892,Night,Defect,Defect,0.9999945474372955
3683,8,M06433,Night,Pass,Pass,0.06158207053661039
5737,11,M01552,Afternoon,Pass,Pass,0.07709188478566163
9496,12,M07856,Afternoon,Pass,Pass,0.08405527078827343
8176,13,M04812,Morning,Pass,Pass,0.06208818088282572
1399,24,M01291,Afternoon,Pass,Pass,0.06909721162543503
2307,4,M08554,Morning,Pass,Pass,0.3109755355342758
9249,21,M09785,Morning,Pass,Pass,0.13163701094508373
3864,16,M00196,Morning,Pass,Pass,0.06328519592831333
3693,20,M07197,Night,Defect,Defect,0.9994204952336667
4198,11,M01136,Morning,Pass,Pass,0.0731012023936789
1817,6,M06925,Morning,Defect,Defect,0.980109371532225
551,1,M06732,Afternoon,Defect,Defect,0.9997572340913589
9615,19,M03038,Night,Pass,Pass,0.0562179252155054
4858,20,M08477,Night,Pass,Pass,0.0826702104062063
1150,18,M07084,Night,Pass,Pass,0.058852750641270025
9144,7,M00067,Afternoon,Pass,Pass,0.06587417773494642
6164,6,M04556,Morning,Pass,Pass,0.05985137399707547
5792,2,M00193,Afternoon,Defect,Defect,0.9969576792275835
2673,20,M06363,Afternoon,Pass,Pass,0.06310816775470113
7006,1,M05876,Morning,Pass,Pass,0.06388544263772351
8122,19,M08796,Afternoon,Pass,Pass,0.3717547968838304
3175,2,M04946,Morning,Pass,Pass,0.06775953631197164
9546,6,M06940,Morning,Pass,Pass,0.07006581468321517
2382,1,M01170,Night,Pass,Pass,0.07060227650303695
5057,23,M08833,Afternoon,Pass,Pass,0.06623045503139678
2302,22,M06252,Afternoon,Pass,Pass,0.06227187960720418
3767,2,M01365,Afternoon,Defect,Defect,0.9999847242545843
4,5,M05192,Afternoon,Pass,Pass,0.09319143561700952
1396,16,M04676,Night,Pass,Pass,0.05423888547682818
8803,9,M05734,Afternoon,Defect,Defect,0.9605803197401407
2399,25,M03472,Afternoon,Defect,Defect,0.9997134754865901
8847,2,M05831,Night,Pass,Pass,0.19997324599615585
4239,8,M09136,Afternoon,Pass,Pass,0.05728849882013615
2819,6,M08211,Morning,Pass,Pass,0.06155934395822881
6246,7,M05840,Afternoon,Defect,Pass,0.06260909469554982
5992,18,M07163,Afternoon,Defect,Defect,0.91569636783424
3260,9,M03221,Night,Defect,Defect,1.0
7598,1,M05610,Morning,Pass,Pass,0.07225194505104765
6047,13,M03193,Morning,Defect,Defect,0.9642798876295536
6165,6,M05646,Morning,Pass,Pass,0.14273620365553646
7007,15,M04272,Afternoon,Pass,Pass,0.06448447560890089
5936,13,M00667,Afternoon,Defect,Defect,0.999628257698346
2242,13,M03748,Morning,Pass,Pass,0.06442780929640676
8432,13,M00003,Afternoon,Pass,Pass,0.07653842996304286
7535,1,M01423,Night,Defect,Defect,0.9997811404583571
1891,8,M02138,Morning,Defect,Defect,0.9351181896485398
3396,24,M05259,Night,Defect,Defect,0.991731964853705
1728,2,M07116,Night,Defect,Defect,0.9999824262251744
7027,12,M01130,Morning,Pass,Pass,0.0660711718232077
7211,1,M03124,Afternoon,Defect,Defect,0.9997212110136452
3038,15,M06643,Night,Pass,Pass,0.06579229704059088
4753,1,M09668,Afternoon,Pass,Pass,0.24797794598276757
756,13,M06239,Night,Pass,Pass,0.04916508413539369
242,18,M03109,Night,Pass,Pass,0.06968354177769905
7967,4,M09762,Morning,Pass,Pass,0.13419897623791505
5642,1,M02717,Night,Pass,Pass,0.16170909461066482
4485,7,M04764,Morning,Pass,Pass,0.07323914705552259
4867,10,M09142,Morning,Pass,Pass,0.07111664797670116
4364,21,M06264,Afternoon,Defect,Defect,0.6256967861800448
4317,20,M00777,Afternoon,Defect,Defect,0.9937401613949245
1079,20,M08915,Morning,Pass,Pass,0.06692656687217761
8179,5,M03934,Morning,Pass,Pass,0.06527265152425406
2497,3,M06172,Afternoon,Pass,Pass,0.07028010225089373
2264,18,M02161,Afternoon,Defect,Defect,0.9959848669829541
1638,20,M00515,Morning,Pass,Pass,0.09166301954905695
154,12,M07393,Afternoon,Pass,Pass,0.07421420332099529
2003,8,M00633,Night,Pass,Pass,0.05460529546963277
260,25,M00099,Morning,Defect,Defect,0.890040924861912
7138,17,M07283,Afternoon,Pass,Pass,0.06513676620556492
6416,2,M05234,Afternoon,Pass,Pass,0.06659055108497278
9383,9,M05540,Afternoon,Pass,Pass,0.07048767675321557
6550,9,M05177,Afternoon,Pass,Pass,0.07629648377095151
9296,2,M06767,Night,Pass,Pass,0.07184807475314532
9127,22,M08664,Afternoon,Pass,Pass,0.11094523685966928
3200,21,M04524,Morning,Pass,Pass,0.07393337493714341
9119,23,M01447,Night,Pass,Pass,0.0642585728130403
9843,10,M00494,Morning,Pass,Pass,0.0603605805734281
5895,23,M08896,Afternoon,Pass,Pass,0.07230095732994346
1331,23,M08437,Afternoon,Pass,Pass,0.07284016727594995
3723,17,M02850,Night,Pass,Pass,0.07876366999858496
4465,18,M09941,Afternoon,Pass,Pass,0.0647598410323617
8033,11,M07847,Morning,Pass,Pass,0.06996688740129356
5341,10,M09916,Night,Pass,Pass,0.06801747296375299
4275,4,M04332,Afternoon,Pass,Pass,0.06691651568935007
4882,15,M01033,Afternoon,Pass,Pass,0.06625909931275432
304,19,M01070,Afternoon,Defect,Defect,0.7463603578467801
6003,2,M02906,Night,Pass,Pass,0.06577176466784757
6339,17,M00655,Afternoon,Defect,Pass,0.07302703469556598
1051,22,M04972,Night,Pass,Pass,0.10857819484019413
3116,5,M00188,Night,Pass,Pass,0.07077161098546603
7725,12,M02243,Night,Pass,Pass,0.07273751869861912
8756,6,M04019,Night,Pass,Pass,0.070905830980093
5783,1,M02810,Afternoon,Pass,Pass,0.0609716268964278
1276,19,M08239,Morning,Pass,Pass,0.06753569884323128
6352,7,M07449,Afternoon,Pass,Pass,0.06972795976556186
2047,17,M05436,Morning,Defect,Defect,0.7715932770264399
3257,23,M07171,Afternoon,Pass,Pass,0.06938914114353226
7301,4,M08124,Morning,Pass,Pass,0.07014220742687438
5891,3,M07265,Afternoon,Pass,Pass,0.06617416970706971
5453,14,M04341,Morning,Pass,Pass,0.12158918505156721
1306,21,M07139,Night,Defect,Defect,0.9998368266556713
2581,16,M09974,Morning,Pass,Pass,0.09079958402922
3724,3,M01743,Morning,Pass,Pass,0.060543103366672145
5892,23,M07119,Afternoon,Defect,Defect,0.9916322509146667
5991,4,M07506,Morning,Pass,Pass,0.0727555187634493
5563,7,M00179,Morning,Pass,Pass,0.06937491433428215
3888,18,M00087,Afternoon,Pass,Pass,0.24673890409136298
3502,10,M00615,Night,Pass,Pass,0.059576040451979104
9883,8,M09991,Morning,Pass,Pass,0.06341355564592793
8315,2,M01937,Morning,Pass,Pass,0.07141299369380766
9849,12,M07825,Afternoon,Defect,Defect,0.9807826203509332
8188,24,M00670,Night,Pass,Pass,0.08205907965260321
9679,3,M01885,Afternoon,Pass,Pass,0.06074812696176373
7674,23,M06520,Afternoon,Pass,Defect,0.7397763748932717
2377,16,M00868,Morning,Pass,Pass,0.06436183604221096
2730,23,M09886,Afternoon,Defect,Defect,0.956777265455568
9451,19,M04115,Afternoon,Pass,Pass,0.06431293227521424
9876,2,M02811,Morning,Pass,Pass,0.10162214744585776
1214,7,M04151,Night,Pass,Defect,0.5067631068776417
4511,16,M04568,Morning,Defect,Defect,0.9835366589995858
6760,8,M03536,Morning,Pass,Pass,0.06899848855779989
4004,13,M06080,Morning,Pass,Pass,0.058693751571773436
4034,23,M07872,Night,Defect,Defect,0.9994646849734197
5579,7,M09408,Night,Defect,Defect,0.9986819467797027
1336,21,M04362,Afternoon,Pass,Pass,0.059907871915517295
8360,25,M07613,Morning,Pass,Pass,0.07315650863710298
2461,25,M00690,Night,Defect,Defect,0.940777855259481
2717,23,M05828,Afternoon,Pass,Pass,0.06879838918509325
3245,24,M04425,Afternoon,Pass,Pass,0.09578166880967405
1419,25,M09904,Afternoon,Defect,Defect,0.794609895669112
9501,7,M08721,Afternoon,Defect,Defect,0.9664622955051072
9049,5,M03020,Night,Pass,Pass,0.06727430959387169
8480,24,M09174,Night,Pass,Pass,0.06506076541489364
1142,13,M03595,Morning,Pass,Pass,0.06604556188364798
7078,10,M06042,Afternoon,Pass,Pass,0.06801474307917331
77,24,M00879,Night,Pass,Pass,0.09975946337126163
9225,11,M01757,Night,Pass,Pass,0.05116427485801506
9983,24,M05498,Morning,Pass,Pass,0.06515543179395195
1395,6,M00893,Morning,Pass,Pass,0.08922156051615397
5534,2,M06223,Night,Pass,Pass,0.06294059729832269
8912,16,M03217,Night,Defect,Defect,0.9491375024766249
8948,21,M05280,Night,Pass,Pass,0.1404532282114454
7633,14,M01215,Morning,Pass,Pass,0.06322288234690691
2055,1,M08326,Night,Pass,Pass,0.06482789096015487
4516,5,M07756,Afternoon,Pass,Pass,0.06415563532763593
6393,25,M09090,Night,Defect,Defect,0.9491745484963643
3308,6,M02804,Morning,Pass,Pass,0.18086011954221293
7829,1,M09766,Afternoon,Pass,Pass,0.07573018021254337
8872,8,M09942,Morning,Pass,Pass,0.07378747123178102
3982,14,M04638,Night,Pass,Pass,0.06610045123762513
5828,15,M08314,Morning,Pass,Pass,0.07112761707978767
3930,25,M02243,Morning,Pass,Pass,0.06745360630547129
3842,4,M06916,Morning,Pass,Pass,0.06801861086596689
2570,12,M06630,Night,Defect,Defect,0.978385836834342
6159,18,M09328,Morning,Defect,Defect,0.999954091292409
2881,11,M01432,Morning,Pass,Pass,0.05836183242245253
2690,21,M07000,Afternoon,Pass,Pass,0.08336168068726955
9747,9,M00478,Night,Pass,Pass,0.1203887254201254
616,9,M05646,Night,Defect,Defect,0.9243146805019731
1924,18,M03226,Morning,Pass,Pass,0.1561171365361619
9042,23,M04312,Morning,Pass,Pass,0.06772842962544177
3380,9,M01758,Afternoon,Pass,Pass,0.0668235344058121
3995,17,M03407,Afternoon,Pass,Pass,0.0654873809480113
6811,20,M01987,Night,Pass,Pass,0.11521927721639326
614,24,M01257,Morning,Pass,Pass,0.0753556830303697
3521,14,M04777,Morning,Pass,Pass,0.06363852258745309
2005,5,M03720,Morning,Pass,Pass,0.08341617841314884
5960,20,M04921,Night,Defect,Defect,0.9525905705239361
5358,3,M04207,Night,Pass,Pass,0.06906702334337682
7477,3,M04637,Afternoon,Pass,Pass,0.11111557559451628
4969,2,M05594,Night,Pass,Pass,0.06208669511286592
1255,16,M05137,Afternoon,Pass,Pass,0.06269153373418204
6786,22,M08541,Night,Defect,Defect,0.9680454055959434
9479,19,M01474,Morning,Pass,Pass,0.14302608700005318
2572,14,M05111,Night,Defect,Defect,0.9800831165615072
1595,11,M08906,Afternoon,Pass,Pass,0.06395537452908111
5135,9,M05541,Night,Defect,Defect,0.9929229005893405
2510,24,M08536,Night,Pass,Pass,0.06198400794217495
7923,5,M04358,Morning,Pass,Pass,0.1251093372975141
7458,3,M06034,Afternoon,Pass,Pass,0.07734290063791631
2870,14,M02283,Morning,Defect,Defect,0.99784811064666
9404,10,M01832,Morning,Defect,Defect,0.9254211611133221
5402,4,M02963,Night,Pass,Pass,0.06053855897208025
7486,22,M00059,Afternoon,Defect,Defect,0.9995324264843756
7818,4,M04977,Night,Pass,Pass,0.07525065554301631
8835,12,M09262,Night,Pass,Pass,0.06887271915097957
6713,25,M07747,Afternoon,Defect,Defect,0.9683898895164734
9587,6,M02315,Morning,Pass,Pass,0.0660748959321838
8565,20,M03230,Afternoon,Pass,Pass,0.0652996826360418
662,24,M05125,Night,Pass,Pass,0.19593242076950776
7787,7,M06010,Morning,Pass,Pass,0.0681307425494023
1118,21,M02144,Night,Pass,Pass,0.16819525724302994
5172,2,M08698,Afternoon,Pass,Defect,0.5125310069593572
7938,16,M02375,Afternoon,Defect,Defect,0.9912485296013379
367,3,M00575,Night,Pass,Pass,0.07342387675345272
9235,3,M08128,Afternoon,Pass,Pass,0.06597820942052444
8248,17,M09722,Afternoon,Pass,Pass,0.07262069221066748
1499,9,M05347,Morning,Pass,Pass,0.07011511377859365
2469,1,M06343,Afternoon,Pass,Pass,0.06226713611010072
7295,5,M03999,Morning,Pass,Pass,0.06174967178474912
8284,4,M01130,Morning,Pass,Pass,0.06885620322397965
8045,23,M05464,Afternoon,Defect,Pass,0.07099370694637529
331,15,M07456,Morning,Pass,Pass,0.07055876618720112
1373,7,M01390,Night,Pass,Pass,0.09473888617178526
6586,17,M05028,Afternoon,Pass,Pass,0.11076055628299175
192,18,M05536,Night,Defect,Defect,0.9966037538864443
7109,18,M02074,Night,Defect,Defect,0.9552101014961574
524,24,M02783,Night,Defect,Defect,0.9487748266150853
7165,25,M05402,Afternoon,Defect,Defect,0.9703817972157449
8630,16,M04560,Afternoon,Defect,Defect,0.978681522021486
3701,20,M05789,Afternoon,Pass,Pass,0.06673157947820661
9811,23,M07608,Morning,Defect,Defect,0.9967474916130122
8721,2,M06230,Morning,Pass,Pass,0.06771802665168487
8405,21,M00330,Afternoon,Pass,Pass,0.10635853747397458
9192,22,M00691,Morning,Pass,Pass,0.06301714048656501
8097,15,M08494,Morning,Defect,Defect,0.9628992151758285
2521,13,M09284,Afternoon,Pass,Pass,0.06455652192178665
2488,20,M07876,Night,Pass,Pass,0.14906345971136842
7098,10,M03896,Morning,Defect,Defect,0.901136010576531
2237,14,M08570,Night,Defect,Defect,0.9702617101893093
9106,21,M09972,Morning,Pass,Pass,0.058259658523103816
8049,1,M03274,Night,Pass,Pass,0.057606321321976
1280,18,M05914,Afternoon,Pass,Pass,0.07109123311262797
8305,23,M06461,Morning,Pass,Pass,0.07109089494782779
4490,12,M07539,Afternoon,Pass,Pass,0.07345904591688618
9854,16,M06652,Afternoon,Pass,Pass,0.07052599122704287
3259,11,M09132,Morning,Pass,Pass,0.0627064766836182
5645,25,M08182,Afternoon,Pass,Pass,0.06619495793343036
929,16,M02899,Afternoon,Pass,Pass,0.0776466477276753
6734,24,M04096,Morning,Pass,Pass,0.06415781593365709
9193,12,M08720,Night,Pass,Pass,0.06895766845794533
4319,24,M00688,Afternoon,Pass,Pass,0.06668582159829076
5994,3,M07544,Afternoon,Pass,Pass,0.06828522336948142
3629,2,M02241,Night,Defect,Defect,0.9996215115914531
2852,8,M03869,Morning,Defect,Defect,0.974500487910806
501,13,M02144,Afternoon,Pass,Pass,0.06480268512004407
1470,15,M01008,Night,Pass,Pass,0.06937572315073687
333,19,M01687,Morning,Pass,Pass,0.0725790723443951
884,23,M01829,Morning,Pass,Pass,0.23826303723263423
6046,20,M04634,Night,Pass,Pass,0.06173444042883437
5352,9,M09357,Night,Pass,Pass,0.06183089424801505
4459,12,M03114,Afternoon,Pass,Pass,0.07128923749670457
4251,15,M09077,Morning,Defect,Defect,0.9998028715762851
6600,21,M03484,Afternoon,Pass,Pass,0.07012789801943763
4160,9,M05742,Afternoon,Pass,Pass,0.07923944775968025
1798,14,M07706,Morning,Pass,Pass,0.06383427164835707
7298,7,M03678,Afternoon,Pass,Pass,0.08559197545204522
498,23,M01572,Morning,Pass,Pass,0.0671371461545749
4609,13,M02505,Night,Pass,Pass,0.058100758310509114
2779,16,M07617,Afternoon,Pass,Pass,0.10787599033971335
6794,18,M06241,Morning,Defect,Defect,0.9936572963630933
7971,2,M09639,Night,Defect,Defect,0.9334484803098926
1139,5,M08706,Afternoon,Pass,Pass,0.10447985811129575
1007,8,M05960,Afternoon,Pass,Pass,0.0644562563183437
3696,16,M02762,Morning,Pass,Pass,0.1719321093519677
6982,25,M05796,Afternoon,Defect,Pass,0.08980802277882112
7945,8,M08227,Morning,Pass,Pass,0.1341479885447022
4369,14,M07580,Morning,Pass,Pass,0.05404332406688346
4356,8,M01631,Afternoon,Pass,Pass,0.056825490102851754
3973,17,M03817,Morning,Pass,Pass,0.07175371910095328
5106,2,M04233,Morning,Pass,Pass,0.06565883485146964
3109,24,M02015,Afternoon,Pass,Pass,0.07136346560683245
9864,13,M03084,Night,Pass,Pass,0.16723204235601244
254,15,M05540,Morning,Pass,Pass,0.05688177451527854
4336,25,M00845,Morning,Pass,Pass,0.14599720658455817
1006,15,M03877,Afternoon,Pass,Pass,0.0716997340319343
9145,11,M08124,Afternoon,Pass,Pass,0.07103204583951603
8809,11,M00887,Morning,Pass,Pass,0.08202150041590647
6473,11,M06753,Afternoon,Defect,Defect,0.9999726030424632
4184,25,M00571,Morning,Defect,Defect,0.9747402854359178
7642,1,M05142,Morning,Pass,Pass,0.05773463167663482
788,17,M04144,Afternoon,Pass,Pass,0.09621651257473497
4846,16,M03196,Morning,Pass,Pass,0.09580354889175824
9016,1,M02290,Morning,Pass,Pass,0.0755928567710683
2689,5,M00424,Afternoon,Pass,Pass,0.07688376695508936
852,17,M06768,Afternoon,Pass,Pass,0.07188505455574773
2091,19,M03037,Night,Defect,Defect,0.9999878787878788
2596,12,M09787,Night,Pass,Pass,0.06584455865954421
9605,17,M09090,Afternoon,Pass,Pass,0.06811783238617394
2075,1,M02531,Night,Defect,Defect,0.9994561104357007
2142,17,M07759,Afternoon,Pass,Pass,0.07153520863378822
8757,4,M05193,Morning,Pass,Pass,0.0660124258123817
1752,19,M09509,Morning,Pass,Pass,0.07484704344398789
4335,4,M05202,Morning,Pass,Pass,0.07169092825195876
1589,22,M09769,Afternoon,Pass,Pass,0.07179858146329682
1911,12,M06285,Morning,Pass,Pass,0.06921929771695684
9832,6,M04404,Night,Defect,Defect,0.999020887763636
9466,11,M05978,Night,Pass,Pass,0.06670948255187499
6554,10,M04894,Morning,Defect,Defect,0.9930337481084706
4965,14,M08377,Afternoon,Pass,Pass,0.0689919318070808
5013,14,M05875,Afternoon,Defect,Defect,0.9898475971080398
9328,4,M03245,Morning,Pass,Pass,0.07010040523958094
105,24,M07216,Night,Defect,Defect,0.9948070474372956
6312,10,M01008,Afternoon,Defect,Defect,0.9670731678833456
4003,16,M00532,Night,Pass,Pass,0.052637092795110474
1984,6,M08259,Afternoon,Pass,Pass,0.07980553431375541
8344,3,M03186,Afternoon,Pass,Pass,0.0765409563537252
6562,15,M05820,Morning,Pass,Pass,0.08400773254267391
6005,3,M00154,Morning,Defect,Defect,0.9856469981394537
8977,12,M07834,Morning,Defect,Pass,0.06963439414085584
8426,16,M09630,Morning,Pass,Pass,0.06468253644711147
737,21,M07044,Morning,Defect,Defect,0.9859760194622582
6968,17,M07966,Morning,Defect,Defect,0.9962668721624922
6635,25,M08062,Afternoon,Pass,Pass,0.06894799944498285
3845,3,M04971,Morning,Pass,Pass,0.07870496791339003
7771,25,M09309,Afternoon,Pass,Pass,0.06823426275497735
6275,8,M02893,Afternoon,Pass,Pass,0.06890609920743952
6987,20,M09750,Afternoon,Pass,Pass,0.06607538508479648
2927,1,M01055,Night,Pass,Pass,0.06392523897264275
8966,6,M09841,Afternoon,Pass,Pass,0.0669218350209712
5331,25,M09644,Morning,Pass,Pass,0.050932810458511835
9183,10,M01524,Morning,Pass,Pass,0.10298390960434714
8210,6,M06597,Morning,Pass,Pass,0.06651578582394198
3871,7,M03928,Morning,Pass,Pass,0.05884836925292942
9400,6,M00850,Morning,Defect,Defect,0.9999139015777125
5620,14,M06041,Morning,Pass,Pass,0.07017812730290152
7567,24,M07638,Night,Defect,Defect,0.9996095334035077
1106,21,M00833,Morning,Pass,Pass,0.058904051295470244
6171,16,M09522,Morning,Pass,Pass,0.2069952783941753
4960,4,M08746,Afternoon,Pass,Pass,0.07577325848855256
9274,1,M08400,Morning,Pass,Pass,0.06231841950425555
9005,6,M04103,Afternoon,Pass,Pass,0.06809141741350298
8262,11,M05939,Morning,Pass,Pass,0.08426261699650502
3169,6,M07227,Night,Pass,Pass,0.055118350357434134
9218,14,M00993,Night,Pass,Pass,0.062282950151676564
4233,7,M02567,Morning,Pass,Pass,0.05824568296995799
3939,10,M01921,Morning,Pass,Pass,0.06016780631959057
698,17,M03420,Afternoon,Pass,Pass,0.0917641096455496
1857,19,M02864,Night,Defect,Defect,0.9989919884868951
377,6,M05692,Night,Defect,Defect,1.0
2674,8,M02455,Morning,Pass,Pass,0.07423635713305198
7737,25,M06529,Night,Defect,Defect,0.9998809523809524
841,15,M02473,Morning,Pass,Pass,0.06679884304081904
9123,17,M04176,Afternoon,Pass,Pass,0.07017824367134712
3334,10,M08585,Morning,Pass,Pass,0.0726378464414136
3720,1,M02601,Morning,Pass,Pass,0.20302443418371358
4414,23,M04877,Afternoon,Defect,Defect,0.9933260741747182
4436,4,M02762,Morning,Pass,Pass,0.08001568892185387
9741,13,M08835,Morning,Defect,Defect,0.9995137055180924
3436,25,M02370,Morning,Pass,Pass,0.13106721613344008
444,16,M09824,Morning,Pass,Pass,0.07186682593056398
2858,17,M04659,Morning,Pass,Pass,0.07085899838563847
1472,11,M05353,Afternoon,Pass,Pass,0.06549880982107122
8869,4,M02507,Afternoon,Pass,Pass,0.06946389288279406
2607,22,M09588,Morning,Pass,Pass,0.06930840116868318
5243,15,M03495,Afternoon,Pass,Pass,0.06849805037749473
256,12,M04200,Afternoon,Pass,Pass,0.06446189374311669
204,4,M07126,Night,Defect,Pass,0.055710916144187744
541,10,M06542,Night,Pass,Pass,0.06531908851052039
131,25,M08756,Afternoon,Pass,Pass,0.06536558108876822
2431,25,M07737,Afternoon,Pass,Pass,0.0776793833853554
7632,15,M05194,Afternoon,Pass,Pass,0.13494221969892756
5195,25,M00920,Morning,Pass,Pass,0.06551417513073941
4859,20,M04934,Night,Defect,Defect,0.8632762243262243
7445,2,M07711,Morning,Pass,Pass,0.06785145855262253
2058,16,M08265,Afternoon,Pass,Pass,0.06056301892666394
4376,12,M02295,Afternoon,Pass,Pass,0.13874398634912494
804,14,M01647,Afternoon,Pass,Pass,0.08066947051490918
6031,6,M09345,Afternoon,Pass,Pass,0.07128831176845421
9545,21,M08169,Morning,Defect,Defect,0.9102175240895097
3268,18,M04214,Afternoon,Pass,Pass,0.27962153646097304
2439,24,M09436,Afternoon,Pass,Pass,0.06759455025604687
6926,8,M05078,Morning,Pass,Pass,0.17205084124333841
9722,2,M02199,Afternoon,Defect,Defect,0.9170155060944647
1131,18,M08967,Afternoon,Pass,Pass,0.06550715793085499
4819,23,M04923,Night,Defect,Defect,0.9998537023668729
9955,7,M04420,Morning,Defect,Defect,0.8662093873238712
3188,20,M02438,Morning,Pass,Pass,0.2778751962414056
1305,19,M03224,Afternoon,Pass,Pass,0.16634988673144058
9525,2,M02329,Morning,Pass,Pass,0.2812652218858288
5866,14,M08519,Afternoon,Pass,Pass,0.08443094307238522
6882,8,M03321,Morning,Pass,Pass,0.06869866207417683
1733,15,M09500,Afternoon,Pass,Pass,0.06696925254547974
9159,1,M00930,Afternoon,Pass,Pass,0.0713852769174394
5456,22,M02581,Morning,Defect,Defect,0.9259143874497279
6156,21,M01675,Morning,Pass,Pass,0.1669382678861001
2232,10,M09155,Morning,Pass,Pass,0.06343784334462535
6067,11,M01602,Afternoon,Pass,Pass,0.05753671151426283
2664,12,M00460,Afternoon,Pass,Pass,0.06440550695248995
5117,22,M02950,Afternoon,Pass,Pass,0.10273413757793635
7069,11,M09248,Morning,Pass,Pass,0.12626040390335194
1368,16,M05691,Night,Defect,Defect,0.9999190856469778
6539,1,M06118,Afternoon,Pass,Pass,0.0706362976926266
2522,24,M05775,Morning,Pass,Pass,0.06546299954444318
4995,14,M05248,Morning,Defect,Defect,0.9538618913688847
1649,23,M04781,Night,Pass,Pass,0.0760258494209295
2367,4,M00162,Morning,Pass,Pass,0.07552012420454268
9422,12,M01101,Afternoon,Pass,Pass,0.0654116967679073
3195,5,M04729,Morning,Pass,Pass,0.06261565180859918
435,19,M07422,Morning,Defect,Defect,0.9810886831236602
4340,4,M01235,Morning,Pass,Pass,0.073449371901813
1574,8,M03789,Night,Pass,Pass,0.1257490057680095
508,4,M02915,Night,Pass,Pass,0.06142451449106257
1802,13,M04441,Afternoon,Pass,Pass,0.10885694329166978
2363,12,M04432,Morning,Pass,Pass,0.07418183913626183
2001,20,M02494,Morning,Pass,Pass,0.07365582363731275
2195,14,M07089,Morning,Pass,Pass,0.0728494743787833
7485,5,M03863,Afternoon,Pass,Pass,0.06317766369485431
8229,12,M07757,Afternoon,Pass,Pass,0.20491022130916206
8925,3,M00046,Morning,Pass,Pass,0.14900389055300337
2714,1,M06817,Morning,Pass,Pass,0.06468441005231383
4302,21,M06382,Night,Defect,Defect,1.0
3219,21,M04889,Afternoon,Defect,Defect,0.9975482481764728
4330,13,M07693,Night,Defect,Defect,0.9535201433946635
2699,4,M09642,Night,Defect,Defect,0.9410537590622685
5535,9,M09874,Morning,Pass,Pass,0.06387939794442972
8196,10,M05685,Morning,Pass,Pass,0.06220676041825382
3085,5,M07471,Afternoon,Pass,Pass,0.06895269394650506
9175,1,M03575,Morning,Pass,Pass,0.06766221394538792
4378,23,M09422,Night,Defect,Defect,0.9988964911478228
7833,24,M09818,Morning,Pass,Pass,0.06232364757024534
4450,1,M01807,Afternoon,Defect,Defect,0.9138280695421719
8325,2,M07383,Morning,Pass,Pass,0.06291442903233027
3811,18,M00691,Afternoon,Pass,Pass,0.10294329838604681
3967,5,M03905,Morning,Pass,Pass,0.06445636625595466
1466,23,M01137,Morning,Pass,Pass,0.05185372612136586
636,3,M07484,Afternoon,Pass,Pass,0.07938271070789328
5904,5,M03792,Morning,Pass,Pass,0.2820457841991362
6970,25,M02041,Afternoon,Defect,Pass,0.094614659015171
6376,22,M07335,Morning,Pass,Pass,0.06677020898429795
3495,13,M09066,Afternoon,Pass,Pass,0.05740494768233989
7709,10,M01825,Afternoon,Pass,Pass,0.06876412604997496
8690,18,M06812,Morning,Defect,Defect,0.9992570388326145
7798,8,M05600,Morning,Defect,Defect,0.9690493856797723
908,14,M01605,Morning,Defect,Defect,0.9983883604527962
9058,4,M00672,Morning,Pass,Pass,0.06329150707012296
2556,24,M04655,Night,Pass,Pass,0.1350853694858467
6910,5,M03671,Afternoon,Pass,Pass,0.07234002994838647
3819,4,M05489,Night,Pass,Pass,0.05893714852057049
7262,21,M09411,Morning,Pass,Pass,0.06537880561683261
6818,13,M01212,Night,Pass,Pass,0.07140814901073232
6453,12,M08155,Afternoon,Pass,Pass,0.08460823376695747
8546,10,M02710,Afternoon,Pass,Pass,0.06054820320964709
3110,13,M01382,Afternoon,Pass,Pass,0.06999051636783574
6157,12,M00740,Afternoon,Defect,Defect,0.9933229196851252
9662,1,M08091,Morning,Defect,Defect,0.9836870323578967
4559,21,M02926,Night,Pass,Pass,0.06410752640760921
4471,16,M08685,Night,Pass,Pass,0.1454113867018349
5259,5,M02307,Afternoon,Defect,Defect,0.9365794195528104
9631,12,M09028,Morning,Pass,Pass,0.08088549948064859
4715,6,M04067,Afternoon,Pass,Pass,0.07624120360005705
3321,20,M06920,Afternoon,Pass,Pass,0.06775374639860109
4632,17,M02029,Morning,Pass,Pass,0.06986463178289527
167,20,M07995,Morning,Pass,Pass,0.062351911797137324
4873,22,M01910,Morning,Pass,Pass,0.06825677397361318
3563,12,M05680,Morning,Pass,Pass,0.07843353123481879
4392,24,M04479,Afternoon,Defect,Defect,0.9940090639748544
7479,3,M03691,Night,Pass,Pass,0.06793378562395548
9204,16,M07189,Afternoon,Defect,Defect,0.9968373393116857
7257,4,M01239,Morning,Defect,Defect,0.9902886766911613
3600,17,M00175,Afternoon,Pass,Pass,0.06961944161123801
512,6,M00729,Afternoon,Pass,Pass,0.06827719856066745
4926,10,M07393,Morning,Pass,Pass,0.06325193811366361
2158,5,M04796,Morning,Pass,Pass,0.05642010079029511
9367,19,M04103,Afternoon,Defect,Defect,0.9922847638184141
3909,17,M07082,Afternoon,Defect,Defect,0.9948708288919234
9184,21,M07210,Afternoon,Pass,Pass,0.10325068665703162
8560,17,M02131,Night,Defect,Defect,0.9947944699184831
3543,23,M06681,Morning,Pass,Pass,0.07128136014504788
3078,22,M01228,Morning,Pass,Pass,0.06725047690455835
9874,12,M03396,Morning,Pass,Pass,0.07290399685976948
8039,12,M05264,Morning,Pass,Pass,0.12534949926102523
8096,11,M05436,Night,Pass,Pass,0.1567828151935121
8353,25,M09570,Night,Pass,Pass,0.062137687030777274
9104,19,M06595,Afternoon,Pass,Pass,0.06650507277197605
7603,5,M09958,Afternoon,Defect,Defect,0.8727383782315057
8478,17,M03850,Afternoon,Pass,Pass,0.06551519039346453
7437,13,M02861,Morning,Pass,Pass,0.0648774381430441
4451,5,M01505,Afternoon,Pass,Pass,0.06886277424730967
5385,17,M05267,Afternoon,Pass,Pass,0.06355604220656924
4391,8,M03559,Morning,Pass,Pass,0.0681345898946274
6401,21,M02608,Afternoon,Pass,Pass,0.1392596893868403
1393,19,M04877,Morning,Pass,Pass,0.061815030747645376
934,14,M00601,Afternoon,Pass,Pass,0.19143396853284692
9879,20,M06072,Afternoon,Pass,Pass,0.07113285368107815
7417,6,M01031,Morning,Defect,Defect,0.9967822635322915
9270,11,M05915,Morning,Pass,Pass,0.07641229269387179
6885,21,M03674,Night,Defect,Pass,0.06333342788348287
8636,21,M02403,Night,Pass,Pass,0.06225759384729941
1559,23,M00527,Night,Defect,Defect,0.9999945474372955
4077,4,M04335,Afternoon,Pass,Pass,0.06798738197801271
5322,15,M01017,Morning,Pass,Pass,0.06337522591982876
8950,18,M03901,Afternoon,Pass,Pass,0.08845976358304614
9758,16,M04766,Night,Pass,Pass,0.0773687776094644
2775,17,M08922,Afternoon,Pass,Pass,0.05144469548226246
8589,15,M05875,Afternoon,Pass,Pass,0.061508470370441985
9141,19,M08161,Afternoon,Pass,Pass,0.07759736241960488
1955,17,M00770,Night,Pass,Pass,0.09513417766926015
1327,16,M03811,Morning,Pass,Pass,0.06430935402616961
90,8,M05464,Afternoon,Pass,Pass,0.06602246761918679
7820,10,M08446,Afternoon,Defect,Defect,0.9573557676035896
9011,13,M05970,Morning,Pass,Pass,0.09847530573612535
9189,4,M07283,Night,Defect,Defect,0.999875499818248
243,25,M07159,Night,Pass,Pass,0.11519439657729759
9609,18,M07424,Morning,Pass,Pass,0.09278582698156895
4228,18,M04736,Afternoon,Pass,Pass,0.4162703495011325
9806,15,M06365,Night,Pass,Pass,0.07161539258210688
5526,19,M09604,Morning,Pass,Pass,0.15343118990270274
1708,9,M03217,Morning,Pass,Pass,0.07716026567974064
824,9,M07642,Morning,Pass,Pass,0.06216959199867949
3526,3,M01381,Morning,Pass,Pass,0.07436888499875673
2407,6,M02758,Morning,Pass,Pass,0.07541081726703912
5925,4,M04322,Morning,Defect,Defect,0.9999844236760125
4289,19,M04132,Morning,Pass,Pass,0.11577796778209029
4343,2,M04144,Night,Pass,Pass,0.1048093471721287
8594,1,M09581,Night,Pass,Pass,0.11936154547839926
5348,23,M03863,Morning,Pass,Pass,0.06625683624990863
9089,8,M09687,Morning,Pass,Pass,0.07103318101926713
9283,23,M04785,Afternoon,Pass,Pass,0.09854452498641245
3510,2,M08121,Morning,Defect,Defect,0.9993702254829627
5253,19,M08463,Afternoon,Pass,Pass,0.14913931167824515
1510,24,M06541,Night,Defect,Defect,0.9999158147413995
7734,19,M03623,Night,Pass,Pass,0.06451317988011199
3851,4,M08313,Afternoon,Pass,Pass,0.07318438113785153
7808,3,M02385,Night,Pass,Pass,0.07554089631691562
8804,25,M09905,Night,Pass,Pass,0.06536021065399994
3803,16,M09766,Night,Pass,Pass,0.0637990188132766
8988,5,M01190,Night,Pass,Pass,0.06718559309308253
5517,21,M06900,Night,Pass,Pass,0.05686689072050772
7252,13,M05840,Night,Pass,Pass,0.06497027232890457
4841,3,M05902,Night,Defect,Defect,0.9563929695368636
1493,9,M07438,Morning,Pass,Pass,0.07457267342098192
9253,25,M05139,Morning,Pass,Pass,0.058853346791050754
2981,24,M00383,Afternoon,Pass,Pass,0.06818932363316837
7174,10,M02977,Afternoon,Defect,Defect,0.9984122334040579
3031,4,M07270,Morning,Pass,Pass,0.09784848476236134
2592,10,M01284,Night,Pass,Pass,0.0686094777556105
5012,6,M05061,Afternoon,Defect,Defect,0.8870988989379398
8286,9,M02002,Night,Pass,Pass,0.11931801840135176
8834,20,M07940,Afternoon,Pass,Pass,0.07382438455647541
1216,7,M02712,Morning,Pass,Pass,0.3160676539224677
9672,6,M08499,Afternoon,Pass,Pass,0.09067426562974895
9303,4,M01855,Night,Pass,Pass,0.07745400008395403
7461,19,M06371,Afternoon,Pass,Pass,0.06571427477148917
4371,5,M06902,Morning,Pass,Pass,0.13300565474163506
6169,8,M03733,Morning,Pass,Pass,0.06481942449412821
1221,11,M09978,Night,Pass,Pass,0.09799734345943127
8949,14,M04333,Morning,Pass,Pass,0.26551731779862187
5403,20,M02939,Night,Pass,Pass,0.13828414228843167
4142,5,M03840,Morning,Defect,Pass,0.0670201076421912
872,12,M04290,Morning,Defect,Defect,0.9993014638114974
3721,17,M02196,Morning,Pass,Pass,0.09195251924340794
6851,12,M08187,Morning,Pass,Pass,0.15045757938751106
2643,17,M09263,Night,Defect,Defect,0.9995508433943341
5548,24,M01141,Morning,Pass,Pass,0.06381095398999967
1347,18,M06468,Morning,Pass,Pass,0.06922561786168209
7747,12,M03719,Morning,Defect,Defect,0.9715498666834445
681,20,M05990,Night,Pass,Pass,0.06626931800995413
4438,12,M06623,Night,Pass,Pass,0.1107024571376209
2993,25,M09327,Afternoon,Pass,Pass,0.07139472733117996
3129,9,M06466,Night,Defect,Defect,0.9747633507812412
8136,23,M02887,Morning,Defect,Defect,0.9998087181896923
2157,15,M04593,Morning,Defect,Defect,0.9567888705284163
2590,25,M04365,Afternoon,Pass,Pass,0.06728664644637532
4943,9,M00195,Night,Defect,Defect,0.953027035014115
620,24,M08054,Afternoon,Pass,Pass,0.0649233345517518
5841,25,M01917,Afternoon,Defect,Defect,0.9732332034278468
6454,19,M01468,Morning,Pass,Pass,0.07034447937062104
9197,12,M09442,Afternoon,Pass,Pass,0.1017492589178002
6418,10,M05756,Night,Pass,Pass,0.0668025701960386
2895,5,M02243,Morning,Pass,Pass,0.1141951365331788
3557,6,M04539,Morning,Pass,Pass,0.08120883653665074
5207,25,M03623,Night,Pass,Pass,0.0589166747204319
4602,5,M04007,Night,Pass,Pass,0.06061865085666684
9958,25,M01438,Night,Pass,Pass,0.07123230207180802
7361,21,M03244,Afternoon,Pass,Pass,0.06848749292964572
4207,16,M07390,Afternoon,Pass,Pass,0.07083329599965799
1262,6,M00339,Night,Pass,Pass,0.0679744239028891
3633,7,M01000,Afternoon,Pass,Pass,0.0652270635921188
1714,11,M04556,Afternoon,Pass,Pass,0.053806712018376925
120,1,M04489,Afternoon,Defect,Defect,0.9988914942013346
1868,3,M08213,Morning,Defect,Defect,0.9976116224258555
9528,16,M00431,Morning,Defect,Defect,0.9997537708587582
7690,18,M08999,Night,Pass,Pass,0.0963520290484778
1624,1,M08908,Night,Defect,Defect,0.94386165073711
3347,8,M03765,Morning,Pass,Pass,0.06608178602336982
1073,18,M09985,Morning,Pass,Pass,0.1792963808240499
7991,11,M05907,Afternoon,Pass,Pass,0.10530109552279733
682,14,M01461,Morning,Pass,Pass,0.06513059525392884
7226,5,M00329,Night,Pass,Pass,0.09659657575807928
2309,2,M03728,Morning,Pass,Pass,0.08295682944004115
4326,4,M06095,Night,Defect,Defect,0.9990342851597758
1526,7,M04180,Morning,Defect,Defect,0.9962143851992131
7775,24,M08415,Morning,Pass,Pass,0.0685578444010762
5638,5,M03798,Night,Defect,Defect,0.9999070631970259
1848,20,M08928,Morning,Pass,Pass,0.1337619585575644
8627,19,M04954,Morning,Pass,Pass,0.07752107007992742
8769,19,M08979,Morning,Pass,Pass,0.0648117905942187
3291,18,M03260,Morning,Pass,Pass,0.07327376553490106
5463,22,M01986,Morning,Pass,Pass,0.06755466660002422
3079,16,M06338,Morning,Pass,Pass,0.1602831679765913
7986,16,M04051,Night,Pass,Pass,0.09488356038728525
9909,11,M05939,Morning,Pass,Pass,0.0732732166396038
4689,10,M09344,Afternoon,Pass,Pass,0.05797647743090488
5735,25,M06469,Afternoon,Pass,Pass,0.05999349281428992
728,16,M07649,Night,Defect,Defect,0.9999945474372955
6576,19,M02940,Afternoon,Pass,Pass,0.07036162525983056
8133,22,M06228,Night,Defect,Defect,0.9919666727401772
7524,7,M08435,Afternoon,Pass,Pass,0.06960317758916061
5726,22,M09131,Afternoon,Pass,Pass,0.07016272404147139
7016,12,M00755,Night,Pass,Pass,0.052589556928576614
7513,8,M06124,Morning,Pass,Pass,0.06379134478734827
1070,2,M09917,Morning,Pass,Pass,0.07810411354639196
7304,2,M01401,Night,Defect,Defect,0.9147127559722427
3054,12,M07085,Morning,Pass,Pass,0.08474021764772777
5147,25,M06449,Afternoon,Defect,Defect,0.6695505468935231
288,16,M05896,Afternoon,Pass,Pass,0.07099658005368738
2090,3,M05778,Morning,Defect,Defect,0.9875636909092474
1750,19,M03954,Morning,Pass,Pass,0.06439410607918025
6677,14,M05361,Afternoon,Pass,Pass,0.07919707547444782
6954,23,M05989,Morning,Pass,Pass,0.07193737307526861
5790,6,M07943,Morning,Defect,Defect,0.9999208396570799
3414,22,M03213,Morning,Pass,Pass,0.063217790859008
5187,8,M09105,Afternoon,Defect,Defect,0.9234878332355693
9777,21,M01462,Afternoon,Pass,Pass,0.06774050119187913
3988,4,M08386,Afternoon,Defect,Defect,0.9992659127387868
7646,13,M05579,Afternoon,Pass,Pass,0.07932932708123963
8139,1,M04865,Afternoon,Pass,Pass,0.141467954479556
4234,8,M00976,Night,Pass,Pass,0.0831978895610941
8314,6,M07710,Afternoon,Pass,Pass,0.22809761452486607
2100,8,M07155,Morning,Pass,Pass,0.06424060683014453
193,10,M04932,Night,Pass,Pass,0.21615624410613216
5977,10,M00152,Morning,Pass,Pass,0.06461826207509488
9052,6,M08244,Afternoon,Pass,Pass,0.07136548687196256
6847,2,M00149,Afternoon,Pass,Pass,0.07010214804678273
302,18,M09436,Afternoon,Pass,Pass,0.13670395856699655
904,24,M01995,Afternoon,Pass,Pass,0.07404720896528846
6382,20,M08099,Afternoon,Pass,Pass,0.06079793194597924
8591,20,M07690,Night,Defect,Defect,0.999856085898834
290,8,M00226,Afternoon,Pass,Pass,0.06286959903375564
5263,11,M00422,Afternoon,Defect,Defect,0.983258382187287
3416,4,M08200,Afternoon,Pass,Pass,0.06177422252293065
6728,14,M03991,Morning,Defect,Defect,0.9998439213212243
5616,25,M00914,Night,Pass,Pass,0.0578764028147285
1903,9,M08228,Night,Defect,Defect,0.9999824262251744
2154,14,M00672,Night,Pass,Pass,0.056830398500956926
3573,7,M04200,Night,Defect,Defect,0.904057298780596
8394,7,M06838,Afternoon,Defect,Defect,0.9986232819079823
2429,20,M07532,Morning,Pass,Pass,0.06450851050110501
9017,24,M07371,Morning,Pass,Pass,0.06841590515760697
9796,18,M08105,Afternoon,Pass,Pass,0.07033083617562973
7610,18,M09064,Morning,Pass,Pass,0.07195803651133728
5005,16,M07698,Night,Pass,Pass,0.0528217421902791
8372,24,M01099,Afternoon,Defect,Defect,0.9819012164481236
3090,19,M01089,Morning,Defect,Defect,0.9993328913184668
3578,17,M03073,Afternoon,Defect,Defect,0.9171099392617162
959,8,M07668,Morning,Pass,Pass,0.1053842850216042
2578,8,M02308,Afternoon,Defect,Defect,0.9996931256825112
9979,2,M08458,Night,Pass,Pass,0.05475651264352032
7948,2,M01764,Afternoon,Defect,Defect,0.9126367189822772
7004,1,M00101,Night,Pass,Pass,0.06281033191110592
8917,18,M04940,Afternoon,Pass,Pass,0.0682586496135877
9230,4,M08900,Afternoon,Pass,Pass,0.05608281161706311
2763,22,M00194,Afternoon,Pass,Pass,0.16246648023857535
5343,2,M09710,Morning,Pass,Pass,0.06869076478797732
2943,7,M06592,Morning,Pass,Pass,0.08102169595357984
6356,1,M09636,Night,Pass,Pass,0.06111369727896502
1787,18,M08321,Afternoon,Pass,Pass,0.062456719197148056
1485,5,M09110,Morning,Defect,Defect,0.9087518493869264
5313,18,M06020,Night,Pass,Pass,0.07051946178411847
4071,5,M06540,Morning,Pass,Pass,0.07195128426765712
9221,22,M01774,Morning,Pass,Pass,0.06932256094655398
5075,14,M05232,Night,Pass,Pass,0.4287588299303875
2070,14,M08287,Morning,Pass,Pass,0.0933856485147885
4138,1,M08306,Morning,Pass,Pass,0.05653119833059771
5267,13,M09083,Morning,Pass,Pass,0.0656896707923536
4748,10,M03178,Morning,Pass,Pass,0.07540188821190506
6041,24,M09550,Afternoon,Defect,Defect,0.9939338666793514
160,15,M08902,Afternoon,Defect,Defect,0.9394168545655712
487,10,M07544,Morning,Pass,Pass,0.05459693882217552
6390,15,M08625,Afternoon,Pass,Pass,0.06695200000504606
4255,19,M03857,Morning,Pass,Pass,0.06821643704365393
3452,11,M02177,Afternoon,Pass,Pass,0.06726062375428928
4713,16,M05245,Morning,Pass,Pass,0.05602238190863982
1159,24,M02769,Night,Defect,Defect,0.9940916553660557
2634,1,M01675,Morning,Pass,Pass,0.06372994672137372
6543,7,M02776,Night,Defect,Defect,0.9948018551373236
323,14,M01817,Afternoon,Defect,Pass,0.07097906259374094
774,15,M03901,Morning,Defect,Defect,0.9989091212765083
9281,9,M07760,Afternoon,Pass,Pass,0.06323808295832894
6517,7,M06355,Night,Pass,Pass,0.07195865776583797
7825,18,M01232,Afternoon,Pass,Pass,0.07253809017392215
8227,6,M01668,Morning,Pass,Pass,0.06349130407911818
6,6,M06266,Morning,Pass,Pass,0.0660737813472178
3576,15,M01915,Morning,Defect,Defect,0.9697112781217218
7652,4,M03330,Morning,Pass,Pass,0.07045413993442273
5145,24,M09291,Afternoon,Pass,Pass,0.06734466038598425
869,14,M00118,Night,Pass,Pass,0.0929469955893018
5218,4,M06366,Afternoon,Pass,Pass,0.07051023638684346
9802,14,M09047,Morning,Pass,Pass,0.07083161319494426
2409,6,M08187,Night,Pass,Pass,0.06464167344420928
7267,15,M01417,Morning,Pass,Pass,0.05944845339118454
6838,11,M06800,Afternoon,Pass,Pass,0.07252154713473793
6717,10,M04077,Morning,Pass,Pass,0.07117173783621744
1782,16,M01970,Night,Pass,Pass,0.06342594462510825
3802,22,M01362,Night,Defect,Defect,0.9998404460720982
4083,6,M00923,Afternoon,Pass,Pass,0.08820293646722266
2879,7,M07065,Afternoon,Pass,Pass,0.06289357825243395
8107,3,M05921,Morning,Pass,Pass,0.08347235685251722
2813,14,M05824,Afternoon,Pass,Pass,0.0579482802251765
5155,23,M04634,Afternoon,Pass,Pass,0.061304863696171205
1154,19,M02680,Afternoon,Defect,Defect,0.887944849477997
6581,12,M00989,Night,Pass,Pass,0.06484538391427311
9347,19,M07808,Night,Pass,Pass,0.06986786700372204
6236,2,M03258,Night,Pass,Pass,0.06403760305656513
2256,7,M05785,Afternoon,Pass,Pass,0.11705829111168599
9680,14,M08016,Morning,Defect,Pass,0.06604259136843765
8608,9,M01726,Morning,Pass,Pass,0.06856592465508261
9896,10,M05673,Morning,Pass,Pass,0.058855105159981214
3088,17,M04209,Morning,Pass,Pass,0.0738375050248751
9593,8,M07903,Afternoon,Pass,Pass,0.1251607776854332
2147,25,M05543,Afternoon,Pass,Pass,0.0679014742305003
523,22,M00718,Night,Pass,Pass,0.0879906594586878
6829,15,M09198,Afternoon,Pass,Pass,0.06646583122461094
5566,13,M00735,Morning,Pass,Pass,0.06814378824276444
739,2,M06328,Afternoon,Pass,Pass,0.07062681901757444
5800,18,M02569,Morning,Pass,Pass,0.06863666675728741
6536,3,M07716,Morning,Pass,Pass,0.15590659204764715
3647,7,M00883,Afternoon,Pass,Pass,0.06811864310952491
4635,14,M05905,Morning,Pass,Pass,0.06640496463023428
2102,8,M04738,Afternoon,Pass,Pass,0.07479451998323584
1656,13,M07058,Night,Defect,Defect,0.9999945474372955
153,4,M05593,Morning,Pass,Pass,0.15539391864641597
4276,25,M01943,Afternoon,Pass,Pass,0.07495256873948612
8199,6,M00557,Afternoon,Pass,Pass,0.05362385919235213
9870,23,M04229,Morning,Pass,Pass,0.1404724980029577
8585,12,M03791,Afternoon,Defect,Defect,0.9955210776518189
4813,1,M06448,Morning,Defect,Defect,0.9334807281083638
2373,6,M09325,Afternoon,Pass,Pass,0.09234249586660852
8156,22,M01232,Morning,Pass,Pass,0.0669645308733654
2425,25,M02979,Morning,Pass,Pass,0.06758632989039884
1043,4,M08578,Morning,Pass,Pass,0.06877396584576399
5821,9,M06569,Night,Pass,Pass,0.1358577800424893
937,15,M09511,Morning,Pass,Pass,0.07192595357163806
6448,7,M03040,Afternoon,Pass,Pass,0.06037492864603815
2608,19,M00646,Morning,Pass,Pass,0.05714926758774715
8905,21,M06890,Afternoon,Pass,Pass,0.0699705107388952
9388,12,M03149,Morning,Pass,Pass,0.07026819805588884
6161,16,M06948,Morning,Defect,Defect,0.9992699736571662
8800,13,M09736,Afternoon,Defect,Defect,0.9993916941960811
2810,10,M03113,Afternoon,Pass,Pass,0.07391089266936841
4474,16,M04918,Morning,Pass,Pass,0.0789816477303333
8653,12,M01404,Morning,Pass,Pass,0.11931447416740378
2748,10,M00343,Morning,Pass,Pass,0.06852643356144462
2276,6,M06382,Afternoon,Defect,Defect,0.9947771395535437
7896,15,M07380,Night,Pass,Pass,0.06261914536579379
3425,12,M02469,Night,Pass,Pass,0.07079892157435382
8268,3,M01466,Morning,Pass,Pass,0.0670486516037995
9231,14,M02398,Afternoon,Pass,Pass,0.06681068974402052
5393,8,M07083,Night,Pass,Pass,0.06431417818936533
1178,15,M07185,Morning,Pass,Pass,0.06241279261911723
3564,24,M06580,Afternoon,Pass,Pass,0.061007368466927836
3686,14,M09742,Afternoon,Defect,Defect,0.9998091620873378
9143,3,M07288,Night,Pass,Pass,0.1683490059888696
6980,21,M01133,Morning,Pass,Pass,0.07986071264955805
7959,7,M05410,Morning,Defect,Defect,0.9999350585160327
8088,11,M03672,Afternoon,Pass,Pass,0.06471552119332713
5037,3,M00865,Afternoon,Pass,Pass,0.06107536227446159
6283,6,M05160,Night,Pass,Pass,0.11574253966431682
4375,21,M06856,Afternoon,Pass,Pass,0.11150122065040695
7685,18,M08344,Morning,Pass,Pass,0.06843124115983669
4908,2,M06338,Morning,Pass,Pass,0.1064303828169973
4780,22,M01610,Morning,Pass,Pass,0.06070958773914858
5058,18,M07755,Morning,Defect,Defect,0.9900115191622517
7692,23,M04657,Night,Pass,Pass,0.06467638085697991
6147,19,M05201,Afternoon,Pass,Pass,0.06642276066080316
4651,6,M02463,Morning,Pass,Pass,0.070303734896373
6392,21,M02263,Afternoon,Pass,Pass,0.4201532045151665
9419,25,M08912,Afternoon,Pass,Pass,0.06376486947757397
4656,18,M00407,Morning,Pass,Pass,0.05810175030089462
4902,15,M00288,Afternoon,Pass,Pass,0.07295053576833001
3225,24,M01125,Morning,Defect,Defect,0.999241090715302
7765,6,M05495,Afternoon,Pass,Pass,0.07588127286271025
6878,14,M06576,Morning,Pass,Pass,0.05698268493149159
4404,9,M03130,Morning,Pass,Pass,0.06404820108929259
7149,9,M00702,Afternoon,Defect,Defect,0.9582601175311648
8154,24,M03004,Night,Defect,Defect,0.8027618548270782
6880,13,M04469,Morning,Pass,Pass,0.06615364818591217
1001,3,M09832,Morning,Pass,Pass,0.06292116084493396
7789,18,M09605,Morning,Pass,Pass,0.06281478199156981
2829,7,M08366,Afternoon,Pass,Pass,0.062278647799623436
6289,9,M07788,Night,Pass,Pass,0.061145836744547724
7182,6,M04754,Afternoon,Pass,Pass,0.0712878590996174
3969,6,M00505,Afternoon,Pass,Pass,0.08762854761677916
4702,18,M03855,Morning,Pass,Pass,0.12010516049719723
7162,1,M05192,Afternoon,Pass,Pass,0.15217148769375602
8890,18,M08653,Morning,Pass,Pass,0.07326141025624143
9547,9,M08262,Morning,Defect,Pass,0.06672923154475904
3124,15,M05777,Afternoon,Pass,Pass,0.1564386083312167
107,25,M08997,Afternoon,Pass,Pass,0.06886802573769271
9900,1,M04943,Morning,Defect,Defect,0.9907401878575577
6905,2,M08829,Morning,Pass,Pass,0.09880319282649097
5731,11,M00597,Night,Pass,Pass,0.06151954301040728
7199,2,M05783,Night,Pass,Pass,0.14407909380733439
258,11,M02558,Afternoon,Pass,Pass,0.07152315770431442
8319,25,M03204,Night,Pass,Pass,0.14565079201991535
421,7,M08131,Night,Pass,Pass,0.09604654488867484
5794,10,M06638,Night,Pass,Pass,0.07616681597889971
3614,7,M01908,Night,Pass,Pass,0.05791473536591082
7501,15,M09919,Afternoon,Pass,Pass,0.07737702967044134
289,13,M03355,Morning,Pass,Pass,0.0807677275740806
5377,7,M02039,Afternoon,Pass,Pass,0.06632692541529296
9650,25,M01116,Morning,Pass,Pass,0.05716911101085368
4493,24,M02106,Afternoon,Defect,Defect,0.9913736673536958
263,6,M04974,Morning,Pass,Pass,0.06519491584773411
4590,2,M00311,Afternoon,Pass,Pass,0.16206112512269183
664,4,M02194,Morning,Pass,Pass,0.10146251969801381
1420,2,M03021,Night,Pass,Pass,0.056255112288844424
2175,13,M00017,Morning,Pass,Pass,0.0745700712304627
519,12,M08083,Night,Defect,Defect,0.9702283757248344
7315,21,M07423,Morning,Pass,Pass,0.06564157575139765
3599,11,M01904,Morning,Pass,Pass,0.06929869483702525
9000,18,M01849,Night,Defect,Defect,0.9252863867988474
3189,22,M06469,Night,Pass,Pass,0.15422562907072904
1034,22,M08394,Morning,Defect,Pass,0.07138327609946661
4597,10,M02867,Afternoon,Defect,Defect,0.994147925777236
7148,24,M06171,Morning,Pass,Pass,0.07200256072879335
3120,19,M05243,Morning,Pass,Pass,0.08177192508323594
1531,6,M03599,Morning,Pass,Pass,0.07191166743086719
6792,25,M06208,Morning,Pass,Pass,0.07799144986614942
3042,5,M03803,Night,Pass,Pass,0.10083514504612599
175,16,M03582,Afternoon,Pass,Pass,0.09670594036539773
9433,21,M04996,Afternoon,Pass,Pass,0.07320537997765354
3981,2,M03765,Night,Pass,Pass,0.06414841544861512
5374,3,M02898,Night,Pass,Pass,0.09395769487614829
4932,12,M06762,Morning,Pass,Pass,0.06383423358617059
6770,7,M08090,Morning,Pass,Pass,0.05926940355763364
9429,16,M03524,Afternoon,Defect,Defect,0.9955146922781621
5256,2,M03957,Afternoon,Defect,Defect,0.9265129001789508
8961,24,M07574,Morning,Defect,Defect,0.9896591367491924
4787,2,M08308,Night,Pass,Pass,0.055259904014336884
9524,10,M00228,Afternoon,Pass,Pass,0.10731987498929126
2955,17,M08316,Night,Pass,Pass,0.06506073964423525
3567,7,M02801,Afternoon,Pass,Pass,0.0770069004912898
8947,14,M06958,Night,Pass,Pass,0.08636376326216061
4629,14,M09425,Afternoon,Pass,Pass,0.06885253645473281
8283,3,M05642,Night,Defect,Defect,0.9864529676253766
2057,16,M07694,Afternoon,Pass,Pass,0.11842600341751751
8606,16,M07881,Afternoon,Pass,Pass,0.08486175501674702
5099,17,M00858,Afternoon,Defect,Defect,0.9997824692714791
4880,9,M03407,Night,Pass,Pass,0.06821301367039284
4545,3,M09462,Afternoon,Pass,Pass,0.0694341008130557
7932,4,M02871,Night,Defect,Defect,0.9332513546850814
9727,4,M01464,Night,Pass,Pass,0.24427675265734025
9205,6,M05779,Night,Defect,Defect,0.9064876154631751
1694,1,M00526,Morning,Defect,Defect,0.8951307339233704
1796,1,M06090,Morning,Pass,Pass,0.07862785982600555
7220,8,M08896,Night,Pass,Pass,0.31962083824688575
2880,17,M07447,Morning,Pass,Pass,0.07924788750206631
9068,8,M01987,Afternoon,Defect,Defect,0.903191253096062
1185,19,M07993,Morning,Pass,Pass,0.06563847482002123
4325,20,M09487,Night,Pass,Pass,0.0710354114731594
9470,25,M03541,Morning,Defect,Defect,0.9906154279280724
6487,22,M09175,Night,Pass,Pass,0.06521321552410461
7773,25,M03995,Morning,Pass,Pass,0.0566624700797037
5312,9,M04271,Afternoon,Pass,Pass,0.07114549168398952
7254,19,M00755,Night,Pass,Pass,0.4281389554178366
1115,20,M03676,Afternoon,Pass,Pass,0.06637062150695823
9738,4,M04762,Morning,Pass,Pass,0.05863520698515533
3326,8,M05346,Night,Pass,Pass,0.07142690855544892
8798,22,M07987,Afternoon,Pass,Pass,0.07544063671934367
6070,23,M09295,Morning,Pass,Pass,0.15268369851370986
4200,13,M07227,Afternoon,Pass,Pass,0.0664871132931523
9964,7,M06348,Afternoon,Pass,Pass,0.07167483772131383
1823,12,M03174,Afternoon,Pass,Pass,0.07261178109469588
6331,17,M02884,Morning,Pass,Pass,0.06633469089206703
8261,6,M04321,Morning,Pass,Pass,0.06938759091507063
3222,21,M07123,Morning,Pass,Pass,0.10119263853421939
2393,6,M02011,Afternoon,Pass,Pass,0.06504483859127769
7743,17,M02893,Afternoon,Pass,Pass,0.0735810353284268
441,16,M07391,Morning,Pass,Pass,0.06415506383863523
5073,24,M04104,Afternoon,Pass,Pass,0.25885017553196227
6350,23,M03986,Afternoon,Pass,Pass,0.06850538991729403
7389,24,M07527,Morning,Defect,Defect,0.9999945474372955
1414,24,M05371,Morning,Pass,Pass,0.06674848486678464
3316,11,M07396,Afternoon,Defect,Defect,0.9627796774241933
4747,12,M03963,Morning,Defect,Defect,0.9214026502720061
2418,16,M02097,Morning,Pass,Pass,0.061491117401473894
4798,7,M06402,Night,Pass,Pass,0.05881656061206988
3793,21,M03902,Afternoon,Pass,Pass,0.07934517183373681
5766,22,M05584,Afternoon,Pass,Pass,0.07400207528381056
3244,24,M08589,Afternoon,Pass,Pass,0.10218434143679797
9585,16,M07413,Night,Defect,Defect,0.999806864057928
4832,2,M01828,Afternoon,Pass,Pass,0.06670714330219042
3834,12,M05739,Morning,Pass,Pass,0.0886933186278042
2575,9,M00688,Morning,Pass,Pass,0.16482453835815813
4266,6,M08955,Afternoon,Pass,Pass,0.07160253303009545
9950,17,M08595,Afternoon,Pass,Pass,0.05563891746240737
8327,18,M00802,Morning,Defect,Defect,0.9973657314031793
2824,10,M06049,Morning,Pass,Pass,0.07471219209611213
8144,14,M04567,Morning,Pass,Pass,0.06549738022440468
5472,4,M09291,Morning,Defect,Defect,0.9282087480835901
4267,2,M04146,Afternoon,Pass,Pass,0.06514182147357232
7659,5,M05989,Afternoon,Pass,Pass,0.06512120495376096
8000,12,M03809,Morning,Pass,Pass,0.06325875579311031
8495,10,M07924,Morning,Pass,Pass,0.07252520790183213
324,18,M05855,Morning,Pass,Pass,0.06780328591878268
1819,1,M03231,Afternoon,Pass,Pass,0.06922517874482867
8549,12,M09938,Morning,Pass,Pass,0.10852900920420028
5954,7,M03189,Afternoon,Pass,Pass,0.06594137633437158
1413,17,M04134,Morning,Pass,Pass,0.08720099503389137
8181,19,M06170,Morning,Pass,Pass,0.0696930487436439
2441,15,M00163,Afternoon,Pass,Pass,0.13373742338737554
216,5,M09562,Morning,Pass,Pass,0.06779914122569425
993,14,M06167,Morning,Pass,Pass,0.057695076374164954
7235,10,M05695,Morning,Pass,Pass,0.06332698281816014
8020,8,M06801,Night,Pass,Pass,0.06875755220786783
7929,4,M04785,Night,Defect,Defect,0.9999824262251744
7392,2,M02514,Morning,Pass,Pass,0.0644576159305809
2886,8,M06564,Night,Defect,Defect,0.9311324070207749
35,2,M07735,Night,Defect,Defect,0.9467102198386101
7035,23,M09245,Afternoon,Pass,Pass,0.11051992117530812
9398,14,M08734,Afternoon,Pass,Pass,0.07599028185365951
875,8,M06470,Morning,Pass,Pass,0.06377627616948478
2481,9,M01939,Morning,Defect,Defect,0.994656378600823
2176,21,M03192,Night,Defect,Defect,0.9998894894222004
7026,25,M08698,Afternoon,Defect,Defect,0.9952721919362739
212,3,M00660,Afternoon,Pass,Pass,0.11717544422731704
1025,14,M03073,Night,Pass,Pass,0.07277098121602422
5349,7,M09643,Afternoon,Defect,Defect,0.9999627560521415
1217,21,M04854,Morning,Defect,Defect,0.9918184168918401
3896,18,M01648,Night,Pass,Pass,0.13900683998629196
3382,11,M05638,Afternoon,Pass,Pass,0.06908161436168564
6974,24,M01850,Afternoon,Defect,Defect,0.9923964577585863
2203,9,M06231,Afternoon,Pass,Pass,0.05906371397370873
8895,22,M00433,Morning,Defect,Defect,0.9931178367090523
887,15,M06989,Afternoon,Pass,Pass,0.0654894543339355
3029,18,M07930,Afternoon,Pass,Pass,0.19104177794182903
2809,5,M00183,Afternoon,Pass,Pass,0.07930937079490126
3710,5,M07163,Night,Pass,Pass,0.09251904393624509
8178,4,M06698,Afternoon,Defect,Defect,0.9766858544520103
6749,19,M09024,Night,Defect,Defect,0.9947408556843736
1511,24,M00039,Night,Defect,Defect,0.9743296101079076
7383,23,M07957,Night,Pass,Pass,0.07085012250189288
1674,2,M06676,Night,Pass,Pass,0.064672572088205
9641,25,M05230,Afternoon,Pass,Pass,0.059959631296479604
6414,11,M00707,Morning,Pass,Pass,0.07085924461879407
4812,17,M08431,Night,Pass,Pass,0.06629968650560494
5066,4,M02241,Morning,Defect,Defect,0.9256145200215258
1011,8,M06025,Morning,Defect,Defect,0.9993729138908621
5227,24,M04678,Afternoon,Pass,Pass,0.06635515452813459
1669,7,M00957,Morning,Defect,Defect,0.9069648434897808
861,21,M09112,Night,Defect,Defect,0.9991509260381186
5018,7,M07149,Morning,Pass,Pass,0.08424597677358428
3758,14,M08368,Morning,Pass,Pass,0.18120515595703413
5950,17,M06859,Night,Pass,Pass,0.11239230350673413
2661,11,M00949,Afternoon,Pass,Pass,0.07176968936114107
3480,5,M09409,Afternoon,Pass,Pass,0.06628320302740046
8187,17,M03202,Morning,Pass,Pass,0.07222205156568974
9990,18,M06066,Night,Defect,Defect,0.9969923898077659
1640,8,M04905,Night,Pass,Pass,0.08106820735748933
4118,6,M05670,Afternoon,Pass,Pass,0.06893349036598163
5770,1,M04568,Night,Defect,Defect,0.9999647791663508
4244,24,M02260,Afternoon,Defect,Defect,0.9994237660701087
2735,20,M00661,Night,Defect,Defect,0.9471862553210051
7913,22,M07014,Afternoon,Pass,Pass,0.17621777147980616
2194,13,M02248,Afternoon,Pass,Pass,0.051825747864114036
3550,7,M03812,Afternoon,Pass,Pass,0.06261452928120335
7051,24,M02150,Night,Defect,Defect,0.999921267304104
305,4,M03445,Afternoon,Defect,Defect,0.982389316965531
