ProductionID,ProductID,MachineID,ProductionShift,Product_Temp_C,Product_Pressure_PSI,ScreenTestScore,BatteryTestScore,CameraTestScore,PerformanceTestScore,QualityStatus,Defect_Probability,Risk_Level
4302,21,M06382,Night,35.9,15.7,38.5,54.6,62.5,43.1,Defect,1.0,High_Risk
8341,9,M06197,Night,47.2,14.9,58.1,49.4,61.8,60.6,Defect,1.0,High_Risk
6248,20,M04888,Night,39.5,13.8,31.8,57.9,42.2,63.8,Defect,1.0,High_Risk
3698,8,M09608,Afternoon,39.4,13.8,61.2,52.5,70.1,78.9,Defect,1.0,High_Risk
9690,7,M00647,Night,35.3,16.2,76.9,48.3,67.5,57.4,Defect,1.0,High_Risk
9391,14,M05608,Night,40.1,15.1,61.6,39.5,32.7,45.8,Defect,1.0,High_Risk
6012,23,M08097,Night,36.3,15.4,61.6,52.7,58.4,53.3,Defect,1.0,High_Risk
6049,22,M00724,Night,37.8,15.6,41.3,58.1,49.7,54.1,Defect,1.0,High_Risk
5966,23,M03721,Night,35.6,15.3,61.7,49.6,57.9,58.2,Defect,1.0,High_Risk
93,5,M09688,Night,35.7,15.6,72.8,57.5,65.5,64.9,Defect,1.0,High_Risk
5962,23,M05472,Night,37.8,15.7,61.3,42.6,42.6,31.2,Defect,1.0,High_Risk
424,16,M01680,Afternoon,39.9,15.7,56.7,53.8,57.3,46.7,Defect,1.0,High_Risk
2493,1,M02337,Night,39.1,15.4,54.8,49.5,45.5,67.5,Defect,1.0,High_Risk
5779,9,M08618,Night,45.9,15.3,49.1,57.3,65.0,63.8,Defect,1.0,High_Risk
3190,9,M09081,Night,40.9,15.5,56.4,54.0,59.5,56.2,Defect,1.0,High_Risk
1428,21,M02163,Night,38.9,14.9,54.0,37.3,48.5,52.9,Defect,1.0,High_Risk
3327,22,M03277,Night,42.8,15.0,65.3,49.2,64.2,52.4,Defect,1.0,High_Risk
3260,9,M03221,Night,36.6,15.6,55.7,48.9,58.7,41.7,Defect,1.0,High_Risk
377,6,M05692,Night,35.6,13.6,59.9,53.8,60.4,63.1,Defect,1.0,High_Risk
5705,8,M08738,Night,36.4,15.4,50.3,51.6,59.3,51.9,Defect,1.0,High_Risk
7579,4,M08068,Night,50.0,14.0,47.6,33.8,47.6,63.1,Defect,1.0,High_Risk
1664,3,M06079,Afternoon,37.6,15.8,76.2,46.8,71.3,64.4,Defect,1.0,High_Risk
2140,8,M02294,Night,41.0,14.1,55.4,45.3,55.0,63.0,Defect,1.0,High_Risk
248,4,M01155,Night,42.3,14.9,66.3,58.0,61.2,62.5,Defect,1.0,High_Risk
7686,10,M01326,Night,36.4,14.4,51.2,56.9,68.3,66.8,Defect,1.0,High_Risk
7087,12,M07926,Afternoon,40.9,15.8,57.1,53.8,70.6,59.5,Defect,0.9999945474372955,High_Risk
4314,3,M06325,Night,38.8,17.3,56.1,54.6,55.6,66.9,Defect,0.9999945474372955,High_Risk
8711,13,M07742,Night,39.3,17.3,54.7,49.3,55.4,65.2,Defect,0.9999945474372955,High_Risk
4068,18,M05456,Night,35.8,18.3,61.0,50.0,61.9,46.7,Defect,0.9999945474372955,High_Risk
5922,1,M03082,Night,38.5,16.9,55.2,52.0,63.1,42.8,Defect,0.9999945474372955,High_Risk
8670,7,M07599,Night,38.4,18.3,48.3,57.4,47.5,54.1,Defect,0.9999945474372955,High_Risk
4712,6,M01002,Afternoon,38.7,15.9,33.6,51.9,50.0,49.6,Defect,0.9999945474372955,High_Risk
6124,24,M04727,Night,41.0,18.2,54.8,45.0,50.5,66.7,Defect,0.9999945474372955,High_Risk
646,20,M07892,Night,38.3,16.5,65.8,48.7,46.7,62.2,Defect,0.9999945474372955,High_Risk
6400,1,M05288,Night,40.3,16.4,64.1,53.2,61.2,65.1,Defect,0.9999945474372955,High_Risk
8295,2,M08737,Night,39.9,16.7,63.5,48.6,51.3,57.6,Defect,0.9999945474372955,High_Risk
1559,23,M00527,Night,39.2,16.5,61.8,46.2,65.3,50.6,Defect,0.9999945474372955,High_Risk
2120,5,M01404,Night,38.6,18.9,58.1,57.0,60.0,56.3,Defect,0.9999945474372955,High_Risk
8755,13,M05757,Night,38.3,16.6,53.2,58.7,60.3,53.9,Defect,0.9999945474372955,High_Risk
797,21,M08151,Night,39.8,16.0,63.5,57.7,58.4,60.0,Defect,0.9999945474372955,High_Risk
7389,24,M07527,Morning,38.0,16.1,55.3,53.4,58.5,78.6,Defect,0.9999945474372955,High_Risk
5154,16,M08505,Night,40.6,17.0,65.3,56.1,57.0,53.8,Defect,0.9999945474372955,High_Risk
728,16,M07649,Night,36.3,16.8,59.8,59.2,61.9,54.9,Defect,0.9999945474372955,High_Risk
7551,4,M01314,Night,45.1,16.7,49.4,38.9,63.3,71.9,Defect,0.9999945474372955,High_Risk
4945,11,M02843,Night,40.4,17.6,54.8,49.2,56.1,45.5,Defect,0.9999945474372955,High_Risk
572,4,M04313,Night,40.8,15.9,64.8,45.7,51.7,51.5,Defect,0.9999945474372955,High_Risk
1089,13,M05491,Night,40.9,18.2,46.8,47.2,45.0,48.4,Defect,0.9999945474372955,High_Risk
1656,13,M07058,Night,44.8,16.1,42.1,49.3,54.4,53.2,Defect,0.9999945474372955,High_Risk
1991,6,M02818,Night,44.3,16.0,59.1,56.1,63.9,65.6,Defect,0.9999945474372955,High_Risk
7408,23,M04440,Night,36.6,15.8,61.9,56.8,66.9,63.1,Defect,0.9999945474372955,High_Risk
267,18,M08353,Afternoon,37.1,15.8,47.3,48.3,52.1,42.9,Defect,0.9999945474372955,High_Risk
1042,9,M07974,Night,44.2,15.9,49.0,50.0,56.1,37.6,Defect,0.9999945474372955,High_Risk
6783,11,M07315,Afternoon,46.2,16.0,42.6,28.9,61.5,58.1,Defect,0.9999945474372955,High_Risk
9209,12,M00416,Night,36.1,15.8,56.1,57.3,60.8,41.0,Defect,0.9999945474372955,High_Risk
6399,25,M09119,Afternoon,39.3,15.9,56.1,46.9,53.8,57.5,Defect,0.9999945474372955,High_Risk
8105,13,M05412,Night,34.8,17.0,58.1,53.1,61.3,79.3,Defect,0.9999945474372955,High_Risk
9532,15,M01235,Night,39.1,17.1,60.1,42.8,49.5,46.3,Defect,0.9999945474372955,High_Risk
2401,25,M05625,Morning,45.6,15.8,61.5,44.9,63.1,78.1,Defect,0.9999945474372955,High_Risk
6746,5,M05286,Night,25.0,15.0,72.5,60.9,64.7,58.6,Defect,0.9999917763157895,High_Risk
2010,17,M04444,Afternoon,39.3,16.9,77.5,51.0,58.2,66.3,Defect,0.9999901768172887,High_Risk
5062,19,M02576,Night,41.9,16.8,82.3,39.0,69.7,47.1,Defect,0.9999897119341563,High_Risk
7827,13,M08072,Night,34.9,15.0,61.7,59.6,70.5,64.4,Defect,0.9999878787878788,High_Risk
1021,23,M01646,Afternoon,28.8,15.4,59.1,50.7,52.9,59.7,Defect,0.9999878787878788,High_Risk
6706,5,M03960,Night,34.0,13.9,55.9,58.7,56.4,62.7,Defect,0.9999878787878788,High_Risk
2352,10,M01829,Night,27.9,14.9,62.2,52.5,55.3,55.3,Defect,0.9999878787878788,High_Risk
2868,5,M04009,Night,34.7,13.5,44.2,37.1,49.8,40.0,Defect,0.9999878787878788,High_Risk
2798,18,M03829,Afternoon,31.5,15.6,68.1,57.6,68.3,51.7,Defect,0.9999878787878788,High_Risk
6533,2,M08135,Night,35.5,15.5,62.5,34.7,47.4,59.8,Defect,0.9999878787878788,High_Risk
3751,11,M07332,Night,35.2,14.5,61.9,29.0,59.7,60.5,Defect,0.9999878787878788,High_Risk
4618,12,M00897,Night,32.4,13.8,67.0,57.8,50.3,43.7,Defect,0.9999878787878788,High_Risk
6187,14,M05368,Night,33.4,14.7,61.1,41.0,43.6,42.7,Defect,0.9999878787878788,High_Risk
5610,3,M09489,Afternoon,30.9,15.6,59.2,45.5,68.0,68.5,Defect,0.9999878787878788,High_Risk
2091,19,M03037,Night,34.0,13.6,54.0,59.8,66.8,52.9,Defect,0.9999878787878788,High_Risk
4357,4,M04406,Morning,40.4,18.6,60.1,51.0,56.1,65.4,Defect,0.9999847242545843,High_Risk
7612,23,M09111,Morning,44.2,18.9,63.7,53.9,66.2,66.6,Defect,0.9999847242545843,High_Risk
8967,1,M07715,Afternoon,39.2,16.6,65.4,57.4,60.2,57.9,Defect,0.9999847242545843,High_Risk
7068,17,M06793,Afternoon,38.3,16.2,49.0,56.7,50.3,70.8,Defect,0.9999847242545843,High_Risk
3767,2,M01365,Afternoon,37.8,16.1,53.4,52.0,54.6,50.6,Defect,0.9999847242545843,High_Risk
8907,11,M01683,Afternoon,37.7,16.9,51.4,48.3,47.5,49.2,Defect,0.9999847242545843,High_Risk
5136,1,M03893,Morning,40.5,18.2,57.2,57.5,61.5,65.9,Defect,0.9999847242545843,High_Risk
9654,9,M03574,Morning,40.3,17.0,50.4,56.6,62.6,74.4,Defect,0.9999847242545843,High_Risk
5162,8,M04444,Morning,37.4,17.7,51.6,59.7,53.8,52.3,Defect,0.9999847242545843,High_Risk
2043,4,M08454,Afternoon,39.2,17.4,66.5,55.5,62.9,61.9,Defect,0.9999847242545843,High_Risk
6103,3,M00816,Morning,40.9,17.1,61.4,59.5,56.4,43.5,Defect,0.9999847242545843,High_Risk
2620,1,M09434,Morning,35.9,17.0,62.5,51.7,66.3,57.0,Defect,0.9999847242545843,High_Risk
3050,2,M04259,Morning,37.8,16.4,53.8,58.5,62.7,59.4,Defect,0.9999847242545843,High_Risk
2935,6,M00443,Afternoon,43.7,16.4,57.6,50.7,53.1,60.5,Defect,0.9999847242545843,High_Risk
4381,22,M00699,Morning,39.0,19.8,65.3,58.3,61.9,76.0,Defect,0.9999847242545843,High_Risk
4411,15,M09992,Morning,35.7,17.3,48.1,50.6,62.9,53.7,Defect,0.9999847242545843,High_Risk
9279,25,M08119,Morning,39.3,16.2,61.0,48.9,63.0,48.8,Defect,0.9999847242545843,High_Risk
9335,10,M03095,Morning,38.4,16.3,60.6,52.4,66.4,71.8,Defect,0.9999847242545843,High_Risk
99,6,M03562,Morning,36.8,16.2,54.3,53.7,63.1,64.9,Defect,0.9999847242545843,High_Risk
3150,22,M07481,Afternoon,38.5,16.6,61.7,58.9,58.2,52.3,Defect,0.9999847242545843,High_Risk
5745,25,M07510,Morning,37.1,16.3,52.7,39.1,57.7,53.1,Defect,0.9999847242545843,High_Risk
4751,10,M07264,Morning,38.1,17.9,60.2,56.1,59.2,67.9,Defect,0.9999847242545843,High_Risk
7134,7,M09826,Morning,40.5,17.2,57.4,54.5,50.5,65.5,Defect,0.9999847242545843,High_Risk
9649,8,M03089,Afternoon,38.5,18.4,59.5,58.0,62.4,58.4,Defect,0.9999847242545843,High_Risk
5254,11,M05812,Morning,38.0,17.9,55.9,53.7,56.8,70.0,Defect,0.9999847242545843,High_Risk
6756,23,M07526,Afternoon,37.7,16.4,57.8,57.6,58.9,61.1,Defect,0.9999847242545843,High_Risk
4961,10,M02351,Afternoon,36.6,17.6,48.8,55.6,51.0,51.6,Defect,0.9999847242545843,High_Risk
3754,24,M07818,Afternoon,38.0,16.6,65.7,48.1,51.7,60.3,Defect,0.9999847242545843,High_Risk
2042,24,M04407,Afternoon,41.6,17.5,56.9,52.3,57.8,66.7,Defect,0.9999847242545843,High_Risk
9576,21,M03425,Morning,46.8,15.4,56.8,38.2,61.7,65.1,Defect,0.9999844236760125,High_Risk
6466,15,M03646,Morning,36.9,15.6,53.3,55.4,54.6,43.5,Defect,0.9999844236760125,High_Risk
5925,4,M04322,Morning,40.0,15.5,70.2,57.7,70.4,59.8,Defect,0.9999844236760125,High_Risk
9481,3,M04980,Morning,39.6,15.6,64.5,46.4,71.1,52.1,Defect,0.9999844236760125,High_Risk
9350,20,M07369,Night,38.6,18.0,51.8,55.9,69.0,62.3,Defect,0.9999842593714519,High_Risk
2539,16,M02275,Night,38.2,17.5,66.1,56.7,68.7,57.0,Defect,0.9999842593714519,High_Risk
9178,1,M01242,Night,34.9,17.5,56.9,32.3,59.7,53.2,Defect,0.9999824262251744,High_Risk
8361,10,M02493,Night,35.3,16.3,56.5,49.6,58.1,49.1,Defect,0.9999824262251744,High_Risk
116,10,M00503,Night,33.6,15.8,58.6,56.0,71.7,67.4,Defect,0.9999824262251744,High_Risk
9847,2,M02971,Night,33.1,16.0,50.6,46.1,59.3,50.7,Defect,0.9999824262251744,High_Risk
2430,6,M04284,Night,34.0,17.1,61.9,57.1,57.5,61.0,Defect,0.9999824262251744,High_Risk
6710,6,M02165,Night,33.6,17.7,59.8,40.6,56.9,49.3,Defect,0.9999824262251744,High_Risk
2492,20,M03063,Morning,26.1,17.1,61.2,59.5,59.4,57.7,Defect,0.9999824262251744,High_Risk
2341,16,M07379,Night,35.1,17.6,63.5,58.7,62.0,63.6,Defect,0.9999824262251744,High_Risk
4051,15,M03646,Night,34.5,16.5,48.4,54.5,64.5,49.5,Defect,0.9999824262251744,High_Risk
119,16,M06939,Night,29.6,18.4,57.0,46.3,48.1,58.3,Defect,0.9999824262251744,High_Risk
3439,24,M05723,Night,32.1,16.3,60.2,59.6,66.4,68.9,Defect,0.9999824262251744,High_Risk
9822,2,M05320,Night,34.8,15.8,59.7,43.4,62.3,47.4,Defect,0.9999824262251744,High_Risk
7929,4,M04785,Night,33.5,16.5,62.4,48.3,45.7,55.5,Defect,0.9999824262251744,High_Risk
5752,21,M09825,Night,33.4,18.2,61.3,59.8,49.2,52.6,Defect,0.9999824262251744,High_Risk
1728,2,M07116,Night,29.8,17.9,64.3,51.9,59.2,65.9,Defect,0.9999824262251744,High_Risk
1903,9,M08228,Night,30.8,17.0,41.6,38.9,37.4,43.0,Defect,0.9999824262251744,High_Risk
3914,25,M08307,Night,32.0,16.3,58.6,58.5,52.7,55.1,Defect,0.9999824262251744,High_Risk
8851,1,M08283,Night,35.3,16.4,59.7,55.9,67.3,55.6,Defect,0.9999824262251744,High_Risk
7530,14,M04492,Morning,31.0,16.0,54.5,54.4,70.6,60.7,Defect,0.9999824262251744,High_Risk
8564,15,M02917,Night,34.6,17.7,61.5,55.0,62.6,66.9,Defect,0.9999824262251744,High_Risk
3833,10,M00680,Night,28.8,17.0,60.6,59.5,50.3,59.5,Defect,0.9999824262251744,High_Risk
1194,5,M07644,Afternoon,30.5,16.0,43.1,52.5,54.7,58.5,Defect,0.9999824262251744,High_Risk
1084,11,M08478,Night,34.7,16.3,47.7,53.1,53.1,46.3,Defect,0.9999824262251744,High_Risk
5027,22,M00610,Morning,36.3,17.7,77.7,50.4,67.3,66.7,Defect,0.9999798887514452,High_Risk
5387,8,M05429,Afternoon,35.9,17.0,77.5,51.8,67.7,57.5,Defect,0.9999798887514452,High_Risk
58,24,M03074,Morning,38.6,15.7,59.0,61.1,53.1,50.2,Defect,0.9999761999918019,High_Risk
3954,11,M00193,Morning,36.5,17.4,60.2,59.9,69.4,75.7,Defect,0.9999744361887406,High_Risk
2077,2,M07046,Morning,35.9,16.5,60.7,53.9,69.1,56.0,Defect,0.9999744361887406,High_Risk
9783,5,M02516,Afternoon,38.2,17.4,51.3,54.1,68.5,63.9,Defect,0.9999744361887406,High_Risk
5166,9,M03165,Night,40.1,13.7,60.9,60.7,59.9,58.8,Defect,0.9999741292569659,High_Risk
4482,21,M09279,Afternoon,29.1,16.2,50.1,54.1,31.3,33.9,Defect,0.9999726030424632,High_Risk
6473,11,M06753,Afternoon,34.0,18.4,40.0,46.8,47.1,54.3,Defect,0.9999726030424632,High_Risk
951,2,M03688,Afternoon,34.3,16.4,53.4,58.3,53.3,63.0,Defect,0.9999726030424632,High_Risk
5509,11,M05754,Morning,30.2,16.8,49.1,47.6,59.7,56.0,Defect,0.9999726030424632,High_Risk
3134,9,M01239,Afternoon,34.6,16.5,50.1,44.3,51.2,56.0,Defect,0.9999726030424632,High_Risk
4080,11,M06205,Morning,33.5,16.9,47.9,59.2,63.7,60.1,Defect,0.9999726030424632,High_Risk
5215,13,M05186,Morning,27.6,18.5,60.9,56.0,57.3,59.3,Defect,0.9999726030424632,High_Risk
8894,19,M05168,Afternoon,34.4,17.9,63.1,49.5,65.7,53.4,Defect,0.9999726030424632,High_Risk
761,15,M09912,Morning,27.3,15.7,54.9,48.8,57.0,56.6,Defect,0.9999723024638912,High_Risk
6423,3,M01848,Morning,34.0,15.5,52.2,47.4,53.2,62.9,Defect,0.9999723024638912,High_Risk
5739,17,M06853,Morning,29.5,15.4,51.3,43.2,62.1,66.1,Defect,0.9999723024638912,High_Risk
2414,9,M08739,Morning,32.7,15.5,59.7,58.5,62.7,66.3,Defect,0.9999723024638912,High_Risk
6105,4,M06667,Morning,26.3,13.5,66.6,51.5,57.5,67.8,Defect,0.9999723024638912,High_Risk
6054,22,M02507,Morning,30.2,15.7,70.3,49.9,51.1,52.8,Defect,0.9999723024638912,High_Risk
2433,23,M01620,Night,35.1,16.7,55.8,53.7,69.2,56.7,Defect,0.9999721381593306,High_Risk
3653,19,M04691,Night,34.4,14.4,62.3,60.3,57.5,61.6,Defect,0.9999702317290553,High_Risk
7112,2,M05318,Night,37.1,16.0,63.9,64.4,49.4,76.1,Defect,0.9999686766942614,High_Risk
8862,16,M01598,Night,38.3,18.0,59.2,61.0,53.6,47.8,Defect,0.9999686766942614,High_Risk
7275,14,M08548,Afternoon,40.5,17.0,61.7,60.2,62.4,59.1,Defect,0.9999670771957608,High_Risk
140,1,M04637,Night,38.1,14.6,71.9,62.7,55.1,63.9,Defect,0.9999667218495586,High_Risk
7880,1,M09509,Morning,32.0,16.5,74.8,52.3,71.6,54.2,Defect,0.9999652259948469,High_Risk
7092,6,M08013,Night,34.8,16.7,62.0,60.4,46.4,68.2,Defect,0.9999647791663508,High_Risk
5770,1,M04568,Night,29.7,18.1,63.6,60.1,58.3,58.1,Defect,0.9999647791663508,High_Risk
396,9,M08312,Night,33.6,17.5,46.6,60.0,60.1,49.0,Defect,0.9999647791663508,High_Risk
6323,23,M02666,Afternoon,36.0,14.7,77.1,59.9,70.8,60.7,Defect,0.9999627560521415,High_Risk
579,4,M06589,Afternoon,37.7,14.8,53.7,55.2,67.3,61.2,Defect,0.9999627560521415,High_Risk
2905,13,M03362,Afternoon,40.7,14.9,56.7,52.7,64.9,59.6,Defect,0.9999627560521415,High_Risk
2470,10,M01450,Afternoon,40.5,13.2,65.1,56.0,63.3,53.4,Defect,0.9999627560521415,High_Risk
5911,19,M06727,Afternoon,36.4,13.1,57.9,48.2,60.9,63.0,Defect,0.9999627560521415,High_Risk
5014,18,M05582,Afternoon,45.8,14.9,43.7,36.5,66.6,55.8,Defect,0.9999627560521415,High_Risk
7073,2,M02162,Afternoon,37.6,14.4,60.3,60.1,60.9,56.2,Defect,0.9999627560521415,High_Risk
733,20,M03178,Afternoon,36.8,15.3,61.3,58.6,58.6,48.1,Defect,0.9999627560521415,High_Risk
2601,7,M06275,Afternoon,37.7,15.0,58.9,35.2,64.4,66.0,Defect,0.9999627560521415,High_Risk
9537,8,M06035,Afternoon,39.2,14.4,52.2,49.4,52.7,35.5,Defect,0.9999627560521415,High_Risk
6436,9,M06350,Afternoon,47.1,13.8,33.6,56.9,69.0,74.8,Defect,0.9999627560521415,High_Risk
5349,7,M09643,Afternoon,38.7,14.2,55.8,58.2,61.5,53.9,Defect,0.9999627560521415,High_Risk
7658,10,M00712,Afternoon,40.6,13.8,77.2,52.0,68.0,66.9,Defect,0.9999627560521415,High_Risk
3804,4,M04371,Night,38.9,14.8,76.0,59.2,55.5,68.9,Defect,0.9999624060150376,High_Risk
648,3,M00925,Afternoon,32.8,17.3,53.0,43.3,69.1,66.7,Defect,0.9999623149766194,High_Risk
5817,23,M06430,Morning,34.4,16.6,47.8,50.2,69.3,65.7,Defect,0.9999623149766194,High_Risk
8066,20,M00057,Morning,33.7,18.3,58.7,54.2,71.1,65.4,Defect,0.9999623149766194,High_Risk
2121,5,M09012,Night,37.5,17.7,61.2,66.3,58.2,59.9,Defect,0.999961269286854,High_Risk
2008,15,M00237,Night,41.7,18.6,59.4,66.9,60.7,55.2,Defect,0.999961269286854,High_Risk
63,7,M06874,Night,37.5,16.8,60.0,58.3,72.4,76.2,Defect,0.9999611112233038,High_Risk
4893,4,M06793,Afternoon,36.0,16.8,48.8,61.2,63.5,56.7,Defect,0.9999588535115503,High_Risk
2665,4,M07569,Afternoon,41.5,15.8,68.1,41.7,64.3,52.5,Defect,0.9999574468085106,High_Risk
2864,20,M00387,Afternoon,40.1,15.8,73.5,54.4,64.6,59.0,Defect,0.9999574468085106,High_Risk
7987,5,M00326,Night,39.0,16.6,68.7,54.8,60.3,46.2,Defect,0.9999574468085106,High_Risk
7340,16,M06831,Afternoon,43.8,15.9,69.1,55.3,54.6,69.9,Defect,0.9999574468085106,High_Risk
1182,11,M08042,Morning,37.5,16.9,68.2,56.2,56.8,79.9,Defect,0.9999574468085106,High_Risk
5053,16,M04933,Morning,36.4,18.1,51.7,60.2,69.2,60.4,Defect,0.999956789129917,High_Risk
9628,12,M00800,Night,31.6,18.0,56.0,56.1,63.0,74.6,Defect,0.999956085898834,High_Risk
4128,25,M06397,Night,31.0,17.3,53.9,49.6,62.5,77.3,Defect,0.999956085898834,High_Risk
8551,14,M06723,Night,32.5,17.4,57.8,59.8,59.6,73.4,Defect,0.999956085898834,High_Risk
5061,18,M04043,Night,34.7,16.6,79.9,54.7,63.3,65.6,Defect,0.999954954954955,High_Risk
3971,15,M09580,Night,33.6,15.2,55.9,63.0,58.7,62.6,Defect,0.9999546006374374,High_Risk
1091,12,M05084,Night,31.6,15.1,58.3,65.5,56.7,56.3,Defect,0.9999546006374374,High_Risk
3832,8,M02042,Night,28.7,15.0,58.5,61.8,53.4,50.7,Defect,0.9999546006374374,High_Risk
6159,18,M09328,Morning,35.3,17.3,54.5,61.4,68.5,64.2,Defect,0.999954091292409,High_Risk
5270,22,M01474,Morning,38.1,16.4,74.9,54.2,65.3,57.4,Defect,0.9999525828323265,High_Risk
6053,22,M00068,Afternoon,33.5,16.6,75.4,56.7,53.6,67.7,Defect,0.9999525828323265,High_Risk
2558,17,M06064,Morning,38.8,16.1,74.7,55.8,65.0,48.5,Defect,0.9999525828323265,High_Risk
7337,19,M07958,Morning,38.3,17.0,76.4,59.2,48.7,73.1,Defect,0.9999525828323265,High_Risk
7543,5,M06572,Afternoon,36.1,16.6,75.6,50.3,54.9,46.0,Defect,0.9999525828323265,High_Risk
1108,19,M08520,Night,39.5,17.5,74.4,52.4,70.2,64.5,Defect,0.9999521179491938,High_Risk
3893,17,M01701,Afternoon,37.2,17.8,49.2,61.6,55.6,62.6,Defect,0.999951446104143,High_Risk
9724,17,M04009,Afternoon,43.8,16.6,52.2,63.3,52.2,52.8,Defect,0.999951446104143,High_Risk
9006,10,M00905,Morning,36.9,17.5,59.9,65.0,54.1,64.6,Defect,0.999951446104143,High_Risk
8931,7,M03220,Morning,38.9,16.7,61.5,66.9,61.5,54.1,Defect,0.999951446104143,High_Risk
423,16,M04250,Morning,38.1,17.9,62.3,66.1,53.9,59.0,Defect,0.999951446104143,High_Risk
349,16,M08717,Morning,38.9,16.6,53.1,62.4,53.0,57.1,Defect,0.999951446104143,High_Risk
3964,16,M06812,Afternoon,36.1,16.4,57.6,66.2,62.6,71.7,Defect,0.999951446104143,High_Risk
5899,25,M01591,Night,38.9,17.4,53.9,62.0,67.5,68.5,Defect,0.9999509812210104,High_Risk
693,23,M00717,Afternoon,34.2,15.2,54.4,49.3,79.0,57.9,Defect,0.9999506348400203,High_Risk
6257,1,M02664,Afternoon,27.6,14.7,68.0,55.2,70.9,50.9,Defect,0.9999506348400203,High_Risk
8074,25,M01354,Afternoon,33.1,14.8,50.8,46.6,34.8,53.9,Defect,0.9999506348400203,High_Risk
8338,24,M03378,Afternoon,33.0,13.7,61.6,58.0,72.3,69.6,Defect,0.9999506348400203,High_Risk
6175,15,M01270,Afternoon,35.5,13.7,48.0,74.4,55.6,57.9,Defect,0.9999506348400203,High_Risk
1176,12,M05476,Afternoon,29.8,14.8,49.0,54.3,43.5,49.5,Defect,0.9999506348400203,High_Risk
9472,9,M01096,Afternoon,33.8,13.2,60.2,47.9,66.4,67.6,Defect,0.9999506348400203,High_Risk
5836,17,M01911,Afternoon,35.0,12.5,53.3,55.9,69.0,59.9,Defect,0.9999506348400203,High_Risk
6510,12,M08119,Afternoon,33.3,14.0,57.7,48.9,57.6,62.6,Defect,0.9999506348400203,High_Risk
6355,5,M03682,Night,25.9,15.9,72.2,61.4,67.2,59.9,Defect,0.9999492231243,High_Risk
386,21,M04143,Night,33.9,16.1,58.6,66.9,66.7,66.3,Defect,0.9999491480747328,High_Risk
5152,14,M07708,Morning,31.5,15.8,60.6,65.0,56.5,56.7,Defect,0.9999491480747328,High_Risk
5525,11,M06298,Afternoon,37.5,15.8,74.6,56.4,57.5,63.2,Defect,0.9999477432584394,High_Risk
7366,6,M01010,Morning,38.7,16.5,68.0,50.0,55.9,72.6,Defect,0.9999476236257994,High_Risk
6598,8,M06311,Morning,39.1,17.1,67.4,56.1,63.9,67.1,Defect,0.9999476236257994,High_Risk
3126,5,M07548,Afternoon,36.8,17.0,67.0,59.2,60.9,69.0,Defect,0.9999476236257994,High_Risk
4895,15,M04676,Morning,39.0,14.9,70.0,54.7,64.3,69.1,Defect,0.999947179728154,High_Risk
5278,22,M05983,Morning,39.7,14.9,62.4,51.7,54.8,63.1,Defect,0.999947179728154,High_Risk
7201,25,M04551,Morning,37.3,14.5,59.8,48.6,56.9,52.2,Defect,0.999947179728154,High_Risk
6207,15,M02839,Morning,39.1,15.3,63.4,53.8,53.0,67.5,Defect,0.999947179728154,High_Risk
4684,24,M01074,Morning,43.7,13.7,50.2,50.1,57.7,49.8,Defect,0.999947179728154,High_Risk
6456,16,M07573,Morning,38.3,14.3,69.4,59.3,53.2,57.8,Defect,0.999947179728154,High_Risk
4731,4,M03076,Morning,36.4,13.9,64.7,59.7,60.4,62.8,Defect,0.999947179728154,High_Risk
601,13,M00824,Morning,36.6,14.4,64.8,32.5,53.8,62.4,Defect,0.999947179728154,High_Risk
4746,9,M06520,Morning,39.8,13.1,63.6,56.6,69.7,73.5,Defect,0.999947179728154,High_Risk
8901,2,M07617,Morning,41.5,15.2,56.1,54.0,57.2,57.0,Defect,0.999947179728154,High_Risk
6326,10,M08762,Morning,37.9,14.4,52.4,58.2,60.2,59.2,Defect,0.999947179728154,High_Risk
9021,19,M01441,Morning,38.9,15.0,54.7,56.2,63.9,53.7,Defect,0.999947179728154,High_Risk
1622,23,M09632,Morning,37.4,15.2,64.4,57.6,68.0,61.0,Defect,0.999947179728154,High_Risk
6025,6,M09262,Morning,45.7,15.2,61.7,31.6,67.3,64.5,Defect,0.999947179728154,High_Risk
7958,19,M09612,Night,33.2,19.5,68.3,57.9,63.8,68.4,Defect,0.9999453255963894,High_Risk
9057,14,M09841,Night,29.5,16.3,68.8,57.9,58.5,61.2,Defect,0.9999453255963894,High_Risk
5698,14,M05608,Afternoon,41.4,16.8,74.7,56.1,69.8,66.8,Defect,0.9999422947664829,High_Risk
6449,12,M04138,Morning,34.1,16.2,57.4,65.4,63.6,54.3,Defect,0.9999393248920218,High_Risk
1175,25,M06982,Afternoon,32.1,17.9,58.0,64.9,67.0,63.5,Defect,0.9999393248920218,High_Risk
2050,10,M00561,Morning,43.1,15.5,75.2,58.2,72.0,66.3,Defect,0.9999367088607595,High_Risk
4952,18,M04874,Morning,31.4,16.6,58.5,61.0,67.9,63.3,Defect,0.9999364442335854,High_Risk
658,2,M02872,Morning,34.5,14.5,65.9,59.3,70.4,61.8,Defect,0.9999350585160327,High_Risk
7959,7,M05410,Morning,32.5,14.0,43.0,43.9,59.5,39.8,Defect,0.9999350585160327,High_Risk
9853,2,M01807,Morning,35.1,14.6,47.9,57.3,52.2,51.3,Defect,0.9999350585160327,High_Risk
763,6,M01888,Morning,30.6,15.2,59.8,52.1,71.7,53.4,Defect,0.9999350585160327,High_Risk
4090,12,M04934,Morning,34.0,12.0,52.9,55.9,59.3,57.2,Defect,0.9999350585160327,High_Risk
6347,24,M02570,Morning,33.3,14.3,53.2,38.4,59.5,56.5,Defect,0.9999350585160327,High_Risk
1188,9,M08802,Morning,33.6,12.8,64.0,59.7,62.5,46.5,Defect,0.9999350585160327,High_Risk
5064,2,M01582,Morning,32.1,13.2,56.3,57.1,67.4,68.7,Defect,0.9999350585160327,High_Risk
4852,5,M07955,Morning,30.2,14.9,70.6,54.9,55.6,60.2,Defect,0.9999350585160327,High_Risk
2146,8,M06008,Night,37.7,16.0,59.9,58.4,80.3,68.5,Defect,0.999933677872078,High_Risk
2682,11,M04597,Night,39.4,15.6,56.7,65.4,52.1,56.6,Defect,0.9999333885162253,High_Risk
5649,20,M00616,Afternoon,36.5,14.9,62.1,62.0,56.0,62.4,Defect,0.9999294779017001,High_Risk
6451,24,M06538,Night,34.6,19.2,55.5,67.1,63.1,64.2,Defect,0.9999282530835012,High_Risk
443,24,M02490,Morning,28.7,15.3,57.4,67.3,60.0,49.7,Defect,0.9999276511086254,High_Risk
452,18,M06304,Afternoon,25.9,17.4,64.3,49.8,66.4,68.3,Defect,0.9999275831515813,High_Risk
4059,15,M02576,Night,30.3,15.3,63.4,56.9,78.8,67.2,Defect,0.9999270092226614,High_Risk
8785,6,M03183,Afternoon,37.8,14.8,74.5,56.3,65.8,57.2,Defect,0.9999251620671791,High_Risk
9365,21,M06011,Morning,38.8,15.8,70.1,63.0,66.5,59.3,Defect,0.9999241686580692,High_Risk
8904,10,M00490,Night,36.2,16.8,61.4,55.6,79.2,74.2,Defect,0.9999233898062344,High_Risk
4990,6,M02670,Night,30.7,15.9,63.4,53.4,79.6,67.2,Defect,0.9999215566599569,High_Risk
9269,18,M00457,Morning,36.1,14.3,55.6,61.3,65.6,61.8,Defect,0.9999213089851199,High_Risk
7051,24,M02150,Night,32.5,15.1,64.8,64.3,61.6,49.8,Defect,0.999921267304104,High_Risk
8339,21,M06029,Afternoon,45.1,17.9,62.1,42.9,70.8,82.2,Defect,0.9999209682322113,High_Risk
5790,6,M07943,Morning,31.5,16.3,73.5,52.9,60.9,68.6,Defect,0.9999208396570799,High_Risk
8951,10,M07940,Morning,30.5,15.4,77.1,55.4,68.0,69.5,Defect,0.9999193548387098,High_Risk
1368,16,M05691,Night,40.4,13.7,68.7,58.5,72.7,75.3,Defect,0.9999190856469778,High_Risk
8304,9,M05088,Morning,35.7,15.6,55.8,65.9,67.7,61.2,Defect,0.9999178121922376,High_Risk
7596,25,M09678,Night,34.7,16.1,51.4,65.6,65.8,55.0,Defect,0.9999158147413995,High_Risk
6013,16,M04273,Night,34.6,16.6,51.6,65.5,48.7,67.1,Defect,0.9999158147413995,High_Risk
1510,24,M06541,Night,33.8,16.5,58.0,67.0,40.4,52.5,Defect,0.9999158147413995,High_Risk
9400,6,M00850,Morning,36.1,14.7,69.1,61.5,49.7,60.6,Defect,0.9999139015777125,High_Risk
3264,23,M08548,Morning,38.2,15.1,55.1,64.5,52.4,71.2,Defect,0.9999139015777125,High_Risk
5638,5,M03798,Night,38.0,15.7,56.4,46.3,62.2,64.5,Defect,0.9999070631970259,High_Risk
3020,19,M09169,Night,25.0,17.7,64.8,56.5,60.0,57.6,Defect,0.9999070631970259,High_Risk
687,3,M04179,Afternoon,30.2,16.2,64.0,66.5,61.6,50.8,Defect,0.9999059915586885,High_Risk
9298,12,M00953,Night,36.9,15.8,63.5,73.1,69.0,57.1,Defect,0.9999051157324103,High_Risk
5757,25,M07300,Afternoon,37.7,17.9,57.8,74.5,71.8,47.8,Defect,0.999904650092484,High_Risk
3179,13,M05087,Night,36.7,17.2,58.6,59.0,66.8,59.2,Defect,0.9999016106343216,High_Risk
1357,3,M07512,Night,40.2,17.6,62.7,55.2,66.1,60.7,Defect,0.9999016106343216,High_Risk
6868,19,M09610,Morning,36.3,15.1,51.5,68.7,69.8,71.8,Defect,0.9998980868003845,High_Risk
1678,16,M04704,Afternoon,41.6,14.5,59.3,57.6,52.9,67.5,Defect,0.9998957917664272,High_Risk
7316,13,M04134,Night,29.2,18.3,55.2,68.0,71.7,66.6,Defect,0.9998949446556666,High_Risk
9118,12,M09523,Night,32.7,12.0,58.1,54.3,52.5,57.9,Defect,0.9998949419849048,High_Risk
136,10,M06375,Morning,36.2,15.1,68.3,56.8,77.4,59.6,Defect,0.9998935604252048,High_Risk
1481,5,M01888,Night,37.3,21.3,58.4,45.2,69.7,64.6,Defect,0.9998913225684778,High_Risk
2176,21,M03192,Night,30.8,17.3,56.6,55.7,62.3,59.4,Defect,0.9998894894222004,High_Risk
8946,7,M09435,Night,32.7,18.9,58.8,59.1,57.5,64.3,Defect,0.9998894894222004,High_Risk
7003,8,M06705,Night,32.1,18.1,65.6,49.0,65.1,59.9,Defect,0.9998894894222004,High_Risk
5143,16,M04214,Afternoon,35.3,14.7,64.8,63.2,65.9,58.1,Defect,0.9998840233562456,High_Risk
4576,8,M09879,Morning,37.0,13.2,64.5,50.4,67.9,83.2,Defect,0.9998823828596859,High_Risk
7737,25,M06529,Night,41.5,15.1,34.1,39.7,60.8,43.5,Defect,0.9998809523809524,High_Risk
6264,11,M05093,Night,40.0,14.2,65.3,34.9,59.7,62.4,Defect,0.9998809523809524,High_Risk
100,20,M06185,Morning,38.6,15.1,69.9,62.4,59.3,62.0,Defect,0.9998805682443792,High_Risk
7464,19,M09108,Morning,37.5,14.3,43.7,65.9,58.2,53.5,Defect,0.9998805682443792,High_Risk
638,16,M04965,Morning,36.0,16.3,52.3,67.1,62.8,50.5,Defect,0.9998795707207545,High_Risk
9493,22,M01362,Morning,40.5,15.8,66.0,55.6,71.1,53.3,Defect,0.9998788066965549,High_Risk
9189,4,M07283,Night,47.6,16.4,57.5,53.6,43.0,53.5,Defect,0.999875499818248,High_Risk
8347,18,M06773,Night,44.0,17.1,52.6,57.4,60.1,45.1,Defect,0.999875499818248,High_Risk
7951,13,M01559,Night,33.6,11.7,69.7,53.6,72.8,66.9,Defect,0.9998733899197123,High_Risk
9994,4,M03632,Night,32.5,14.1,49.7,46.1,71.7,54.8,Defect,0.9998717938367566,High_Risk
3497,22,M01423,Night,35.8,17.1,63.0,64.5,54.5,53.4,Defect,0.99986833248388,High_Risk
1195,7,M02682,Morning,33.4,16.5,46.6,67.2,56.0,69.4,Defect,0.9998674495086333,High_Risk
1807,7,M08126,Afternoon,38.4,16.4,53.7,53.1,53.0,48.8,Defect,0.9998656766355367,High_Risk
6625,1,M00318,Night,38.0,14.1,71.2,59.4,63.1,68.6,Defect,0.9998615384615386,High_Risk
7549,16,M08421,Night,42.8,14.8,62.8,58.6,63.5,61.7,Defect,0.9998615384615386,High_Risk
9297,9,M09362,Night,41.0,14.8,67.1,53.2,61.9,48.2,Defect,0.9998615384615386,High_Risk
9262,7,M08016,Afternoon,33.4,13.4,64.2,56.3,60.3,73.0,Defect,0.999860715235815,High_Risk
5208,25,M04400,Afternoon,37.9,19.8,52.7,78.7,63.2,55.1,Defect,0.9998596041603217,High_Risk
9038,10,M09188,Night,30.5,14.3,71.2,51.0,65.3,70.5,Defect,0.9998591549295774,High_Risk
5085,20,M07955,Morning,39.7,15.0,50.6,73.8,70.9,63.1,Defect,0.9998577480232685,High_Risk
3780,16,M08343,Night,42.4,17.1,64.3,59.9,66.8,64.1,Defect,0.9998569677771786,High_Risk
8,22,M04427,Night,33.9,17.7,38.5,64.7,57.2,63.3,Defect,0.9998562112717587,High_Risk
8591,20,M07690,Night,35.7,16.8,63.7,56.0,67.0,63.3,Defect,0.999856085898834,High_Risk
5927,8,M06270,Night,38.0,17.7,63.0,49.3,61.9,54.7,Defect,0.999856085898834,High_Risk
4819,23,M04923,Night,32.8,16.6,65.2,46.4,61.1,70.8,Defect,0.9998537023668729,High_Risk
5974,14,M01365,Night,45.4,15.5,56.0,42.4,68.4,57.8,Defect,0.9998525672842195,High_Risk
9359,5,M07633,Night,40.2,14.9,54.9,55.3,65.4,63.8,Defect,0.9998525672842195,High_Risk
3942,9,M00205,Night,38.6,14.1,49.6,58.1,66.8,56.0,Defect,0.9998525672842195,High_Risk
4026,24,M00250,Night,41.1,14.2,57.2,58.6,69.5,63.4,Defect,0.9998525672842195,High_Risk
8300,7,M05616,Night,41.0,14.8,56.8,58.1,55.1,59.7,Defect,0.9998525672842195,High_Risk
2929,6,M01901,Night,38.2,16.4,56.7,48.7,59.5,56.3,Defect,0.999847114721515,High_Risk
1467,6,M02065,Night,36.8,15.8,52.7,55.7,63.1,53.5,Defect,0.999847114721515,High_Risk
8265,7,M07973,Night,36.0,16.0,63.4,52.1,59.8,63.2,Defect,0.999847114721515,High_Risk
6886,10,M01565,Night,38.3,14.4,68.1,59.8,58.9,67.0,Defect,0.9998468757049404,High_Risk
7249,6,M09020,Morning,41.1,18.6,63.1,53.3,61.9,58.8,Defect,0.9998462627161229,High_Risk
7091,2,M05074,Morning,37.3,15.7,65.2,50.1,55.3,57.6,Defect,0.9998459621375508,High_Risk
1147,15,M01556,Night,41.6,18.1,62.8,58.6,68.8,67.5,Defect,0.9998457978329904,High_Risk
9817,21,M01265,Afternoon,30.9,16.0,65.2,53.0,56.6,58.9,Defect,0.9998439646867128,High_Risk
5973,8,M01739,Night,30.1,17.4,66.6,51.7,58.3,66.4,Defect,0.9998439646867128,High_Risk
6728,14,M03991,Morning,31.9,15.3,57.5,56.7,70.0,79.1,Defect,0.9998439213212243,High_Risk
2875,15,M09429,Night,39.8,16.7,63.3,57.8,68.6,49.1,Defect,0.9998414022285946,High_Risk
2208,3,M07789,Night,29.8,15.7,56.8,48.9,65.0,51.3,Defect,0.9998404460720982,High_Risk
3802,22,M01362,Night,35.5,15.3,58.5,52.5,56.0,58.0,Defect,0.9998404460720982,High_Risk
2395,5,M01734,Night,31.7,15.7,59.3,54.9,59.7,60.0,Defect,0.9998404460720982,High_Risk
854,22,M03518,Night,33.1,14.8,65.3,45.3,57.5,51.2,Defect,0.9998404460720982,High_Risk
4574,20,M04060,Night,32.4,14.6,63.2,49.2,65.0,54.1,Defect,0.9998404460720982,High_Risk
808,17,M05871,Night,28.1,14.6,49.7,52.0,60.7,63.4,Defect,0.9998404460720982,High_Risk
1754,9,M00282,Morning,38.3,15.9,63.4,60.0,63.1,59.8,Defect,0.9998384388400104,High_Risk
1306,21,M07139,Night,37.5,16.6,59.3,57.1,69.9,59.7,Defect,0.9998368266556713,High_Risk
5007,16,M00663,Night,32.5,16.5,65.6,50.9,60.2,53.4,Defect,0.9998349935093939,High_Risk
4272,22,M07973,Night,33.8,15.8,60.6,59.1,61.7,53.3,Defect,0.9998349935093939,High_Risk
4144,17,M07610,Night,33.2,15.6,67.8,53.7,53.8,53.4,Defect,0.9998347544928191,High_Risk
7116,7,M09700,Night,28.5,19.4,63.1,44.0,67.8,64.5,Defect,0.9998336766208692,High_Risk
469,16,M04108,Morning,35.3,13.5,65.3,74.6,53.4,69.3,Defect,0.9998334324997725,High_Risk
7447,9,M05087,Afternoon,39.0,14.7,69.6,54.2,71.4,62.1,Defect,0.9998323525548026,High_Risk
68,21,M07630,Night,33.9,18.0,58.9,69.4,66.9,46.0,Defect,0.9998299429773598,High_Risk
4150,13,M04479,Night,38.3,17.2,59.3,69.5,62.9,49.6,Defect,0.9998297904338248,High_Risk
619,19,M09589,Night,36.8,16.2,68.8,60.7,53.4,63.8,Defect,0.9998290840627385,High_Risk
7731,17,M01470,Afternoon,40.8,15.4,67.1,62.9,56.3,66.2,Defect,0.9998282603110971,High_Risk
9254,10,M09400,Morning,38.7,14.4,57.9,55.0,78.4,61.5,Defect,0.9998281706280528,High_Risk
3165,4,M08245,Morning,36.8,13.8,73.9,58.6,63.3,68.1,Defect,0.9998281321091064,High_Risk
8215,8,M07379,Morning,34.5,15.1,65.0,71.4,58.6,69.8,Defect,0.9998260250923652,High_Risk
184,25,M05856,Night,36.3,15.4,58.9,65.9,59.0,69.2,Defect,0.999825876779136,High_Risk
2245,2,M05608,Night,33.9,15.6,68.4,48.1,56.9,56.7,Defect,0.9998257833155,High_Risk
9232,22,M05970,Morning,28.3,16.9,78.5,59.1,70.2,71.1,Defect,0.9998255601893595,High_Risk
6834,21,M02284,Night,37.6,14.0,62.6,56.2,79.7,73.9,Defect,0.9998254940711462,High_Risk
9533,22,M08494,Morning,44.3,15.5,72.9,61.8,56.8,65.0,Defect,0.9998238727982982,High_Risk
3180,19,M09457,Afternoon,38.8,17.0,67.9,61.3,50.4,61.2,Defect,0.9998201268665052,High_Risk
4934,16,M05506,Afternoon,35.6,16.0,72.1,53.8,50.8,66.0,Defect,0.9998189852700492,High_Risk
2629,18,M02327,Afternoon,42.7,15.9,70.8,56.0,59.5,62.2,Defect,0.9998189852700492,High_Risk
3740,13,M01272,Afternoon,39.1,14.3,57.0,73.9,64.0,62.5,Defect,0.9998188284344497,High_Risk
8140,10,M02515,Morning,33.1,15.7,54.9,45.0,58.5,70.9,Defect,0.9998168805281828,High_Risk
2117,22,M05672,Afternoon,39.6,14.8,63.4,58.0,69.4,54.2,Defect,0.9998156675467424,High_Risk
8067,4,M08023,Afternoon,28.4,17.2,60.2,57.4,68.9,70.2,Defect,0.9998139103112293,High_Risk
9704,6,M02084,Night,37.1,16.3,55.0,64.8,57.0,49.4,Defect,0.9998138365710735,High_Risk
5934,5,M02601,Night,33.4,15.5,47.2,63.2,68.1,69.4,Defect,0.9998137555670148,High_Risk
1960,3,M06603,Night,35.7,15.7,58.5,55.5,66.4,75.2,Defect,0.9998125,High_Risk
3023,20,M00558,Afternoon,34.2,15.6,50.0,51.2,54.2,79.1,Defect,0.9998125,High_Risk
5046,11,M06395,Afternoon,37.4,13.4,71.2,53.7,67.9,74.8,Defect,0.9998096317570818,High_Risk
322,5,M08320,Afternoon,26.5,16.0,57.8,73.0,56.0,66.1,Defect,0.9998096185612098,High_Risk
5423,11,M04181,Night,39.2,15.3,61.3,74.0,62.3,54.0,Defect,0.9998095452772118,High_Risk
3686,14,M09742,Afternoon,36.4,16.7,69.7,34.6,64.9,66.3,Defect,0.9998091620873378,High_Risk
8136,23,M02887,Morning,38.1,14.4,63.8,58.1,60.7,71.0,Defect,0.9998087181896923,High_Risk
1590,12,M06732,Afternoon,33.1,16.2,73.8,54.9,71.5,69.9,Defect,0.9998085051113472,High_Risk
7018,25,M07824,Morning,36.5,13.1,65.5,48.4,53.0,81.6,Defect,0.9998077559940143,High_Risk
1371,17,M09077,Night,37.0,16.0,58.8,46.2,51.0,75.0,Defect,0.9998070474372956,High_Risk
9585,16,M07413,Night,29.5,16.9,67.8,44.6,51.8,57.9,Defect,0.999806864057928,High_Risk
5003,23,M02777,Night,31.1,17.3,70.3,54.0,66.5,55.1,Defect,0.999806864057928,High_Risk
7703,1,M06417,Afternoon,39.0,15.9,59.4,58.8,72.1,70.8,Defect,0.9998065775124836,High_Risk
2298,19,M02067,Morning,32.9,15.3,75.4,54.0,62.6,62.4,Defect,0.9998061144481315,High_Risk
8587,21,M04513,Night,34.1,14.0,61.9,51.6,60.3,70.9,Defect,0.999804659016771,High_Risk
3562,1,M02833,Night,39.5,15.4,66.8,66.8,65.6,55.4,Defect,0.9998046263771798,High_Risk
7229,12,M06795,Night,36.4,17.0,59.4,69.9,59.3,71.9,Defect,0.9998046094391035,High_Risk
2861,6,M00771,Night,37.1,15.6,74.3,59.2,76.3,66.6,Defect,0.9998041817085687,High_Risk
7186,21,M06986,Night,37.8,15.2,61.7,67.4,44.2,54.8,Defect,0.9998034743564501,High_Risk
4251,15,M09077,Morning,36.8,13.7,74.6,52.9,68.7,57.7,Defect,0.9998028715762851,High_Risk
2271,6,M07698,Morning,33.6,15.2,65.6,64.7,55.3,68.5,Defect,0.9998001543493311,High_Risk
3505,20,M02469,Night,31.2,16.8,67.8,56.2,75.4,80.1,Defect,0.999799750715911,High_Risk
7597,3,M04582,Morning,41.6,17.1,74.0,54.2,60.5,71.2,Defect,0.9997983698944561,High_Risk
6021,10,M05428,Afternoon,31.6,14.8,68.5,53.2,66.2,63.2,Defect,0.9997975105449606,High_Risk
6029,23,M01213,Afternoon,34.6,17.2,70.0,53.8,52.3,45.2,Defect,0.9997970408752167,High_Risk
9768,7,M04395,Night,37.7,16.1,53.9,71.0,41.1,53.3,Defect,0.9997966853071,High_Risk
3320,16,M04427,Night,38.5,16.1,67.1,42.4,67.4,47.0,Defect,0.9997953513361318,High_Risk
1122,3,M04548,Night,39.9,17.8,64.3,68.8,54.4,58.0,Defect,0.9997922924541902,High_Risk
507,4,M05645,Night,39.5,16.2,65.7,69.9,55.8,69.2,Defect,0.9997922924541902,High_Risk
7024,23,M07927,Night,33.5,16.4,69.3,59.9,67.6,66.7,Defect,0.9997922013013297,High_Risk
1917,21,M04617,Night,31.9,15.5,60.6,69.9,41.9,59.5,Defect,0.999791353144329,High_Risk
8194,22,M03633,Morning,33.7,15.2,67.6,72.6,58.6,50.9,Defect,0.9997910596184165,High_Risk
7393,7,M07831,Night,33.8,14.9,66.2,60.3,64.2,58.2,Defect,0.9997894656799414,High_Risk
3530,20,M04308,Afternoon,35.2,15.5,66.3,57.9,64.7,71.0,Defect,0.9997893534038945,High_Risk
6806,17,M03484,Night,40.1,13.6,54.8,64.7,60.6,47.9,Defect,0.9997889440717808,High_Risk
2181,1,M03632,Morning,32.4,14.7,58.3,42.6,76.5,48.6,Defect,0.9997879996925033,High_Risk
5768,4,M05719,Morning,33.0,16.5,63.8,58.3,68.8,74.5,Defect,0.9997869361887406,High_Risk
2528,19,M02106,Night,32.2,17.2,70.2,60.4,64.7,57.5,Defect,0.9997866648115149,High_Risk
8678,21,M05495,Afternoon,43.5,16.6,62.7,54.0,72.6,53.5,Defect,0.9997864662639286,High_Risk
1545,10,M03677,Night,39.4,18.1,66.8,66.2,54.3,50.2,Defect,0.9997857071196077,High_Risk
1166,4,M07369,Night,36.3,16.3,71.2,52.5,77.9,68.1,Defect,0.99978519173547,High_Risk
2637,4,M08916,Night,40.7,17.0,60.9,66.7,69.8,54.4,Defect,0.9997843145543438,High_Risk
3226,14,M05622,Night,27.5,16.5,56.4,56.4,71.8,56.2,Defect,0.9997841682345187,High_Risk
6113,22,M09603,Night,27.6,16.3,70.3,53.8,83.8,54.9,Defect,0.9997841067338681,High_Risk
3292,12,M03924,Night,29.0,16.2,68.6,51.7,64.1,55.5,Defect,0.9997832301240106,High_Risk
6512,3,M05491,Night,31.2,16.2,69.3,59.4,61.5,58.6,Defect,0.9997832301240106,High_Risk
9694,24,M00538,Night,34.1,15.9,71.2,59.0,62.1,56.0,Defect,0.9997832301240106,High_Risk
5023,6,M05676,Night,34.7,15.8,68.7,56.3,59.8,51.6,Defect,0.9997832301240106,High_Risk
3310,8,M06156,Afternoon,40.5,16.0,69.0,64.5,66.6,60.2,Defect,0.999782925720216,High_Risk
9097,22,M05242,Morning,34.0,17.8,83.6,51.7,54.7,72.6,Defect,0.9997825411618515,High_Risk
5099,17,M00858,Afternoon,39.9,16.2,51.7,70.0,55.4,65.7,Defect,0.9997824692714791,High_Risk
7535,1,M01423,Night,32.4,15.0,69.6,53.8,69.3,58.8,Defect,0.9997811404583571,High_Risk
1376,16,M02266,Night,31.7,15.5,70.4,56.1,67.4,54.5,Defect,0.9997811404583571,High_Risk
5924,6,M03162,Afternoon,35.7,15.5,69.9,58.2,64.4,63.1,Defect,0.9997799114192261,High_Risk
683,16,M07191,Morning,37.5,13.6,60.7,56.0,54.9,54.8,Defect,0.9997796365803243,High_Risk
416,13,M03344,Afternoon,33.8,15.2,63.3,65.7,54.2,65.5,Defect,0.9997788951511174,High_Risk
6567,3,M01100,Afternoon,40.0,15.5,67.0,70.3,47.6,63.8,Defect,0.999778099408266,High_Risk
7185,23,M01096,Morning,45.0,15.4,45.9,72.2,52.6,55.1,Defect,0.9997772607642028,High_Risk
9529,6,M09256,Night,35.3,12.5,61.3,62.6,53.1,54.0,Defect,0.9997768228596595,High_Risk
8998,14,M09386,Night,34.8,14.0,56.4,66.2,57.7,63.3,Defect,0.9997768228596595,High_Risk
3091,18,M03364,Afternoon,36.3,13.6,47.3,52.3,72.6,74.3,Defect,0.9997766975224495,High_Risk
1005,17,M04452,Night,31.1,15.5,61.3,60.0,54.9,70.4,Defect,0.9997748907458263,High_Risk
4677,16,M01940,Morning,39.6,16.0,50.0,71.8,63.9,67.5,Defect,0.9997746809498015,High_Risk
9406,12,M09629,Afternoon,35.5,15.9,70.9,60.3,62.8,57.6,Defect,0.9997745542425062,High_Risk
996,15,M08555,Morning,38.0,13.8,71.8,56.1,76.3,62.8,Defect,0.9997745513251037,High_Risk
6478,7,M03876,Morning,30.1,19.2,58.5,58.5,72.4,54.2,Defect,0.9997743450518074,High_Risk
7925,20,M05320,Night,33.4,14.8,60.8,54.1,74.1,49.8,Defect,0.9997741532976828,High_Risk
9826,14,M05354,Night,29.4,14.5,52.9,40.9,74.5,57.6,Defect,0.9997741532976828,High_Risk
278,5,M04736,Afternoon,34.9,18.1,45.6,74.7,65.2,62.8,Defect,0.9997723821635978,High_Risk
8255,16,M09497,Afternoon,27.4,15.0,62.0,67.6,53.3,65.9,Defect,0.9997711071296423,High_Risk
9031,13,M03889,Morning,44.7,16.3,49.1,44.5,56.9,53.3,Defect,0.999770671463471,High_Risk
5295,17,M03855,Night,32.5,16.5,61.9,59.6,77.6,70.3,Defect,0.9997704235236907,High_Risk
9349,9,M06705,Afternoon,29.3,14.8,68.5,59.9,64.8,68.9,Defect,0.9997698690277583,High_Risk
1098,8,M08039,Morning,30.4,15.5,64.8,59.1,66.2,77.8,Defect,0.9997692944555527,High_Risk
3732,15,M07620,Night,31.1,16.5,64.1,59.1,75.9,68.8,Defect,0.9997678344763494,High_Risk
4354,2,M01882,Night,33.0,16.9,75.2,72.4,70.6,58.8,Defect,0.9997663607755111,High_Risk
2749,15,M01448,Night,34.9,14.9,67.9,53.3,80.1,63.1,Defect,0.99976579036014,High_Risk
4440,3,M04513,Morning,36.5,17.1,69.7,55.5,68.7,56.4,Defect,0.99976505068757,High_Risk
2279,20,M08790,Afternoon,35.7,14.3,62.2,71.2,57.0,66.7,Defect,0.9997648939219459,High_Risk
6989,5,M01045,Morning,48.3,14.6,57.0,35.0,78.0,62.5,Defect,0.9997648794888123,High_Risk
6969,3,M02084,Afternoon,37.4,16.8,60.5,71.4,59.3,51.4,Defect,0.9997641348516615,High_Risk
2456,22,M02644,Morning,39.0,16.5,52.7,70.4,59.6,50.4,Defect,0.9997641348516615,High_Risk
71,20,M07870,Night,37.3,18.7,46.8,69.9,64.6,51.4,Defect,0.9997628806894844,High_Risk
4351,17,M01253,Night,37.0,17.2,69.6,51.4,67.6,65.3,Defect,0.9997606202811284,High_Risk
4756,14,M00726,Night,37.1,18.1,58.6,68.8,53.7,53.4,Defect,0.9997589591208569,High_Risk
9714,22,M09212,Morning,31.0,16.2,60.1,58.5,71.0,73.4,Defect,0.9997587627161227,High_Risk
9380,12,M03272,Morning,35.8,13.8,68.1,58.1,65.3,81.7,Defect,0.9997576523690975,High_Risk
551,1,M06732,Afternoon,30.7,17.4,60.5,57.1,64.8,69.2,Defect,0.9997572340913589,High_Risk
7467,8,M02908,Night,37.2,14.7,59.8,69.4,70.8,66.0,Defect,0.9997548286408581,High_Risk
9528,16,M00431,Morning,39.3,13.1,54.7,62.5,63.3,49.3,Defect,0.9997537708587582,High_Risk
7264,6,M09550,Morning,40.8,18.3,53.5,68.2,65.8,59.8,Defect,0.9997530575067731,High_Risk
8528,10,M06301,Night,38.5,16.3,69.7,51.0,65.2,62.8,Defect,0.999750708478989,High_Risk
4041,17,M02943,Night,27.4,18.0,68.5,61.2,61.8,40.4,Defect,0.9997505634506405,High_Risk
548,1,M08011,Afternoon,36.8,14.7,37.9,69.6,49.5,34.6,Defect,0.9997498950084303,High_Risk
7806,18,M01076,Morning,40.1,17.0,60.2,70.0,60.1,55.3,Defect,0.9997491359381457,High_Risk
3212,22,M03797,Afternoon,36.3,18.5,59.2,67.7,61.6,69.2,Defect,0.9997491359381457,High_Risk
5179,8,M05616,Afternoon,35.5,16.8,67.8,51.7,64.6,64.7,Defect,0.9997489639521397,High_Risk
3922,18,M05784,Afternoon,32.9,14.6,56.3,74.0,62.1,60.4,Defect,0.9997434719282107,High_Risk
5956,3,M04137,Afternoon,31.8,17.1,65.6,61.9,63.7,50.7,Defect,0.999742298699562,High_Risk
6458,19,M06748,Afternoon,28.9,16.5,71.7,68.5,45.3,68.9,Defect,0.9997422220146608,High_Risk
344,20,M05802,Afternoon,34.7,12.9,50.9,64.7,58.4,50.5,Defect,0.9997395789118011,High_Risk
6483,16,M04026,Afternoon,32.9,13.0,59.1,63.1,63.5,57.7,Defect,0.9997395789118011,High_Risk
5197,7,M08948,Afternoon,40.3,15.1,57.5,72.0,58.3,62.8,Defect,0.99973896799602,High_Risk
742,3,M02833,Morning,37.0,18.7,63.4,55.1,70.5,72.3,Defect,0.999736845125766,High_Risk
1617,19,M00635,Night,45.6,16.7,40.1,52.1,72.9,61.7,Defect,0.9997354198814224,High_Risk
9344,1,M04649,Night,36.7,17.0,74.7,66.9,52.3,63.2,Defect,0.9997351884706569,High_Risk
6642,6,M06083,Night,32.1,17.5,68.6,50.5,78.1,80.9,Defect,0.9997341912753516,High_Risk
7037,3,M02510,Morning,41.1,15.1,63.1,54.9,67.5,61.6,Defect,0.9997331269370406,High_Risk
4417,10,M08348,Afternoon,38.9,18.6,65.0,58.5,78.7,56.0,Defect,0.9997328469609795,High_Risk
6010,11,M00787,Morning,41.6,15.2,73.1,53.9,63.2,66.5,Defect,0.9997305931896924,High_Risk
1977,11,M05052,Morning,41.4,17.9,65.4,71.7,55.1,59.7,Defect,0.9997299361829881,High_Risk
8106,2,M01588,Afternoon,40.9,15.4,57.7,61.3,67.3,59.5,Defect,0.9997286184210527,High_Risk
9072,8,M02177,Night,35.7,16.6,61.0,60.5,55.9,64.3,Defect,0.9997280671024674,High_Risk
3978,11,M04009,Afternoon,31.8,14.6,69.9,58.4,73.4,71.0,Defect,0.9997259117914584,High_Risk
2107,16,M08649,Night,41.0,14.8,68.5,59.4,71.4,66.3,Defect,0.999724924485428,High_Risk
3555,1,M08464,Morning,31.8,13.8,50.4,65.2,66.5,47.7,Defect,0.9997240025878135,High_Risk
5893,4,M00548,Afternoon,35.4,13.4,64.3,57.1,75.5,82.4,Defect,0.9997234532548197,High_Risk
5504,8,M05522,Afternoon,35.8,17.7,61.9,55.5,63.0,69.4,Defect,0.9997232723541712,High_Risk
7211,1,M03124,Afternoon,39.5,15.4,58.4,64.0,67.7,68.3,Defect,0.9997212110136452,High_Risk
6474,13,M00446,Night,35.1,13.9,71.8,46.7,75.4,51.9,Defect,0.9997205339947337,High_Risk
2767,22,M09985,Afternoon,28.2,16.4,60.6,78.0,55.8,70.1,Defect,0.9997200566547805,High_Risk
7147,4,M02074,Night,30.5,17.0,62.5,67.5,59.7,64.8,Defect,0.9997162686614796,High_Risk
9637,19,M03719,Night,32.8,15.3,64.6,66.6,56.3,56.5,Defect,0.9997147385387518,High_Risk
499,13,M05074,Night,45.6,15.4,65.5,45.7,68.8,47.9,Defect,0.999714105745758,High_Risk
2399,25,M03472,Afternoon,33.9,17.5,56.2,50.6,77.2,68.5,Defect,0.9997134754865901,High_Risk
38,8,M03557,Morning,33.7,18.7,62.6,52.3,73.5,66.0,Defect,0.9997134754865901,High_Risk
2139,19,M06549,Morning,30.1,16.2,63.5,46.7,65.6,63.3,Defect,0.9997126813054809,High_Risk
1914,9,M06870,Morning,38.6,19.2,57.6,70.1,69.6,69.9,Defect,0.9997065375568713,High_Risk
3763,15,M02102,Afternoon,40.0,17.2,55.1,62.4,48.7,60.9,Defect,0.9997059352682297,High_Risk
7665,25,M00749,Morning,36.4,18.1,62.9,64.3,59.9,54.3,Defect,0.9997059352682297,High_Risk
5835,14,M01302,Night,32.7,14.8,65.5,54.3,67.5,83.9,Defect,0.9997056514913658,High_Risk
7900,3,M04224,Night,35.3,16.8,63.5,54.3,58.7,70.2,Defect,0.9997031196162902,High_Risk
9240,20,M04100,Afternoon,36.1,14.3,73.1,65.4,57.1,48.0,Defect,0.9997005791581671,High_Risk
708,11,M07902,Night,30.1,16.4,54.2,61.4,70.4,64.2,Defect,0.9996998122970612,High_Risk
770,7,M07957,Night,35.9,14.5,57.1,60.8,68.7,60.4,Defect,0.9996997390130634,High_Risk
7566,17,M06855,Night,32.6,16.0,70.6,64.2,56.9,76.0,Defect,0.9996982071196077,High_Risk
9998,3,M01390,Night,35.1,15.6,77.9,59.0,79.4,57.5,Defect,0.9996963806970508,High_Risk
4532,9,M05315,Morning,25.0,16.7,65.3,63.7,58.9,59.6,Defect,0.9996945138359183,High_Risk
7320,24,M09849,Night,29.8,15.6,67.3,59.5,61.9,69.7,Defect,0.9996939094223964,High_Risk
2578,8,M02308,Afternoon,27.4,14.5,63.7,53.1,66.3,47.9,Defect,0.9996931256825112,High_Risk
7629,9,M02167,Night,39.3,17.6,63.2,65.1,68.0,53.8,Defect,0.9996913777513697,High_Risk
2874,9,M05477,Afternoon,27.7,17.7,56.7,56.5,75.4,72.6,Defect,0.9996871351602498,High_Risk
8659,2,M09231,Morning,35.6,16.0,49.4,66.6,69.2,67.3,Defect,0.9996868790429515,High_Risk
5538,4,M03677,Night,39.3,15.6,72.8,62.2,62.4,59.7,Defect,0.9996863248272261,High_Risk
3818,15,M00295,Night,35.2,18.9,66.2,58.4,80.8,71.7,Defect,0.9996858219845869,High_Risk
26,20,M02048,Night,39.4,15.2,74.2,59.1,73.9,66.0,Defect,0.99968068610343,High_Risk
8908,20,M02461,Afternoon,35.3,15.4,57.2,66.1,70.6,70.1,Defect,0.9996802103935348,High_Risk
3287,6,M04980,Morning,42.1,15.6,55.7,59.2,82.5,64.0,Defect,0.9996784447897363,High_Risk
8471,19,M02874,Morning,34.4,14.5,66.2,54.2,55.7,57.8,Defect,0.9996775493585236,High_Risk
3155,20,M05566,Afternoon,32.6,18.0,74.9,56.1,74.8,68.5,Defect,0.9996774299584666,High_Risk
8007,5,M08673,Night,42.4,17.1,54.5,67.7,71.6,63.2,Defect,0.9996771080618807,High_Risk
9373,13,M06035,Morning,43.7,16.3,70.0,57.3,67.6,71.0,Defect,0.9996758046298119,High_Risk
9010,4,M08022,Afternoon,43.7,15.7,50.9,77.3,68.4,58.1,Defect,0.9996756689662556,High_Risk
298,8,M04643,Morning,38.5,18.1,66.9,73.1,54.6,68.6,Defect,0.9996751884953796,High_Risk
9121,17,M06469,Night,29.8,15.9,49.8,66.6,69.0,53.4,Defect,0.9996747578308303,High_Risk
9153,9,M06453,Morning,33.2,14.6,73.8,62.1,53.3,52.5,Defect,0.9996728816220584,High_Risk
1124,25,M08357,Night,43.5,17.2,59.5,56.6,85.4,65.1,Defect,0.9996721287421819,High_Risk
5976,11,M00925,Night,37.2,16.5,75.4,62.5,61.1,56.0,Defect,0.9996720694803665,High_Risk
5889,25,M00027,Night,26.3,16.0,66.2,73.0,59.6,47.8,Defect,0.9996711570227481,High_Risk
2260,11,M06268,Afternoon,31.2,16.2,69.0,61.4,63.4,57.0,Defect,0.9996695441159225,High_Risk
9185,2,M04929,Afternoon,29.8,14.7,73.9,60.9,66.1,59.1,Defect,0.9996613684145944,High_Risk
2221,21,M08965,Afternoon,37.8,14.8,72.5,57.5,65.4,71.9,Defect,0.9996607426293227,High_Risk
8679,1,M09492,Afternoon,37.6,17.4,71.2,59.1,61.6,64.5,Defect,0.9996599083559946,High_Risk
954,22,M08390,Night,33.7,16.0,72.0,53.7,49.8,71.8,Defect,0.9996596967632645,High_Risk
7388,11,M07861,Night,33.2,16.9,55.8,64.0,65.5,60.6,Defect,0.9996592930022691,High_Risk
3234,17,M05778,Morning,41.4,17.9,77.1,55.9,58.6,56.8,Defect,0.9996568434839554,High_Risk
1500,6,M05044,Night,36.3,14.7,54.1,71.9,63.8,59.0,Defect,0.999652841461687,High_Risk
9265,15,M03859,Night,39.7,13.6,47.9,56.2,63.6,77.4,Defect,0.9996511627906977,High_Risk
426,6,M07254,Afternoon,40.3,18.1,74.4,54.8,67.0,71.6,Defect,0.9996505694095076,High_Risk
4265,1,M02618,Afternoon,35.2,14.1,66.4,50.7,73.8,81.1,Defect,0.999648826389148,High_Risk
279,16,M04556,Afternoon,26.7,15.2,74.4,48.9,70.5,70.3,Defect,0.9996457298356205,High_Risk
6213,17,M08535,Afternoon,38.7,16.4,60.6,46.9,70.5,77.7,Defect,0.9996457102279932,High_Risk
9761,22,M07379,Night,39.1,15.8,59.6,54.9,64.4,77.6,Defect,0.9996457102279932,High_Risk
2342,13,M01125,Morning,34.8,14.6,67.5,63.4,59.9,70.7,Defect,0.999645488776733,High_Risk
3261,19,M00540,Morning,41.7,17.1,73.7,56.0,68.3,62.1,Defect,0.9996452246857553,High_Risk
9397,3,M06339,Morning,37.4,17.1,62.4,76.7,69.5,52.3,Defect,0.9996450249410924,High_Risk
1535,8,M00792,Afternoon,40.5,15.9,58.2,68.3,78.1,55.0,Defect,0.9996427004559372,High_Risk
2701,9,M07881,Afternoon,46.9,18.5,82.5,54.9,72.3,67.6,Defect,0.9996397865221097,High_Risk
6643,5,M06659,Afternoon,39.0,16.3,67.6,55.2,68.5,56.3,Defect,0.9996374676984121,High_Risk
2478,11,M03671,Night,36.2,15.6,50.3,68.8,63.6,63.9,Defect,0.9996354497354498,High_Risk
7950,21,M02489,Morning,41.8,15.2,83.4,45.6,74.3,60.9,Defect,0.9996352677283754,High_Risk
7374,3,M03162,Afternoon,36.3,15.1,70.7,46.9,60.8,76.6,Defect,0.9996329640750836,High_Risk
2475,2,M04261,Afternoon,39.6,17.1,74.8,62.4,65.9,59.4,Defect,0.9996324750763054,High_Risk
9813,20,M00816,Morning,34.3,17.3,64.4,68.3,63.1,58.1,Defect,0.9996318865208963,High_Risk
9581,23,M04834,Morning,27.5,16.0,80.8,59.0,69.0,55.0,Defect,0.9996308724832216,High_Risk
6270,20,M05308,Afternoon,38.9,16.4,80.3,50.2,70.1,59.8,Defect,0.9996308724832216,High_Risk
9744,8,M04191,Afternoon,39.0,15.2,78.8,55.0,58.6,53.4,Defect,0.9996308724832216,High_Risk
5936,13,M00667,Afternoon,35.6,16.5,61.8,63.7,57.6,63.9,Defect,0.999628257698346,High_Risk
9552,23,M05264,Night,33.6,14.9,67.6,56.3,73.2,61.8,Defect,0.9996273288216784,High_Risk
5985,23,M01553,Morning,38.5,14.6,58.0,63.9,38.4,61.5,Defect,0.9996240465052487,High_Risk
394,11,M09875,Night,38.8,15.2,68.8,66.2,78.1,57.3,Defect,0.9996239454803986,High_Risk
2267,15,M05342,Afternoon,35.1,15.0,74.6,59.5,66.9,75.1,Defect,0.9996231486443602,High_Risk
339,10,M08097,Afternoon,38.5,13.7,48.8,69.7,44.9,63.9,Defect,0.9996230976228092,High_Risk
3629,2,M02241,Night,32.4,16.9,65.5,74.4,65.8,55.5,Defect,0.9996215115914531,High_Risk
7848,17,M08428,Afternoon,34.4,17.6,67.0,60.8,64.8,54.2,Defect,0.9996214671928455,High_Risk
8796,23,M03575,Afternoon,33.3,15.8,70.5,55.8,65.2,75.4,Defect,0.999616822513451,High_Risk
4605,15,M06079,Night,27.7,17.3,59.7,74.4,68.3,69.7,Defect,0.9996124544292428,High_Risk
3093,11,M09765,Morning,41.0,16.2,54.0,69.6,55.6,59.2,Defect,0.9996097058568435,High_Risk
6530,20,M05493,Night,32.6,19.1,70.9,47.5,59.8,63.5,Defect,0.9996095334035077,High_Risk
7567,24,M07638,Night,31.1,17.7,71.2,52.0,63.5,53.2,Defect,0.9996095334035077,High_Risk
8654,24,M01427,Afternoon,33.0,15.2,72.5,58.7,76.6,69.1,Defect,0.9996081727953022,High_Risk
62,11,M09693,Morning,38.5,17.8,66.7,67.4,60.1,63.5,Defect,0.9996078930002926,High_Risk
4840,18,M06544,Morning,39.9,17.4,77.4,57.6,64.7,73.6,Defect,0.9996075182331796,High_Risk
4758,6,M01217,Night,35.3,13.6,71.3,57.9,72.8,60.7,Defect,0.9996041806735303,High_Risk
4786,11,M09550,Morning,45.8,16.5,48.3,55.6,74.7,61.0,Defect,0.9996041660245871,High_Risk
6492,23,M01813,Morning,43.8,17.8,53.8,47.6,74.0,63.8,Defect,0.9996041660245871,High_Risk
4295,4,M07543,Morning,31.1,19.3,81.3,58.5,56.9,72.3,Defect,0.9996039934164935,High_Risk
9598,7,M03158,Morning,37.4,17.3,78.9,58.4,76.6,55.7,Defect,0.9996010638828658,High_Risk
5771,3,M09272,Afternoon,32.1,15.9,65.2,39.4,71.4,64.8,Defect,0.9995978108405591,High_Risk
7311,3,M09605,Night,37.8,17.4,72.6,49.6,72.3,80.3,Defect,0.9995970683967712,High_Risk
4106,23,M03192,Afternoon,36.0,17.5,59.2,60.7,68.3,71.2,Defect,0.9995962211533852,High_Risk
6351,1,M08168,Morning,38.8,16.2,68.2,70.5,65.5,59.4,Defect,0.9995959964419104,High_Risk
539,16,M05162,Afternoon,37.8,17.6,71.6,56.7,65.9,73.7,Defect,0.9995949913540335,High_Risk
772,24,M05586,Night,37.0,13.6,69.0,59.3,82.7,67.4,Defect,0.9995948134574149,High_Risk
9078,5,M07973,Night,38.4,13.7,71.1,59.0,66.4,73.3,Defect,0.9995933965858235,High_Risk
4259,14,M06035,Morning,32.7,16.7,55.4,67.0,63.5,61.8,Defect,0.9995900437454687,High_Risk
5937,15,M00284,Afternoon,32.4,17.8,70.7,56.3,67.9,56.4,Defect,0.9995894221549528,High_Risk
5515,14,M01002,Morning,37.0,14.8,71.9,52.6,70.1,69.6,Defect,0.9995887584416523,High_Risk
1075,21,M09182,Night,35.3,15.2,78.7,48.7,66.1,61.8,Defect,0.9995858274381766,High_Risk
7696,20,M02870,Afternoon,47.2,16.8,64.3,40.4,75.3,54.3,Defect,0.9995857881374502,High_Risk
7510,1,M01110,Night,40.5,14.8,64.1,66.0,57.3,59.3,Defect,0.9995827494751838,High_Risk
2771,25,M02262,Morning,41.0,18.7,72.8,48.1,60.2,59.2,Defect,0.9995817833559946,High_Risk
7910,14,M05792,Afternoon,35.3,15.7,59.2,62.9,69.7,56.4,Defect,0.9995796315314196,High_Risk
1153,5,M01388,Afternoon,37.5,14.4,61.3,39.4,84.7,69.1,Defect,0.9995772111622487,High_Risk
8012,9,M08169,Afternoon,39.8,16.9,67.8,71.8,65.1,44.7,Defect,0.9995767658651497,High_Risk
1667,9,M07006,Morning,29.0,16.7,71.9,58.4,65.8,57.1,Defect,0.9995729177695475,High_Risk
4039,2,M03164,Afternoon,40.9,16.4,73.2,56.8,67.9,57.6,Defect,0.9995705034126978,High_Risk
7516,2,M01165,Night,32.0,17.4,62.3,43.0,76.8,56.7,Defect,0.9995704427443226,High_Risk
7554,1,M09167,Afternoon,36.5,15.9,59.1,55.8,80.1,69.3,Defect,0.9995638897654479,High_Risk
6112,23,M03343,Morning,32.7,12.9,80.9,75.7,66.0,56.6,Defect,0.9995627032631235,High_Risk
9720,6,M09158,Afternoon,40.1,16.7,58.5,63.9,62.9,63.2,Defect,0.9995601904714552,High_Risk
1999,11,M00208,Morning,35.1,14.8,71.9,76.3,54.9,51.6,Defect,0.9995553934842824,High_Risk
8152,24,M03364,Night,33.6,15.7,62.3,74.9,54.5,53.7,Defect,0.9995524462241836,High_Risk
2643,17,M09263,Night,36.7,16.3,68.8,59.2,59.4,72.7,Defect,0.9995508433943341,High_Risk
2825,17,M06247,Morning,36.2,16.3,70.5,48.2,58.7,64.6,Defect,0.99954883118291,High_Risk
9643,10,M02416,Morning,41.4,17.2,80.1,66.3,59.5,63.5,Defect,0.9995470699827842,High_Risk
9775,20,M02410,Night,35.6,18.7,78.3,64.7,59.4,65.2,Defect,0.9995470699827842,High_Risk
1209,25,M06820,Morning,33.5,13.9,58.0,70.0,52.8,57.7,Defect,0.9995444196945436,High_Risk
7836,15,M03404,Afternoon,41.4,14.2,76.4,59.3,63.2,72.3,Defect,0.9995425034830699,High_Risk
9326,15,M06183,Night,35.7,15.2,71.3,64.3,71.4,59.3,Defect,0.9995392073105964,High_Risk
56,15,M03944,Night,35.5,17.0,75.2,56.7,46.8,72.5,Defect,0.9995391255917571,High_Risk
9348,17,M03684,Night,38.5,17.0,67.2,73.3,53.9,64.1,Defect,0.9995342380401546,High_Risk
3045,1,M05807,Afternoon,27.9,18.0,78.8,54.4,63.8,72.4,Defect,0.9995338348323844,High_Risk
1717,4,M06431,Morning,42.4,17.3,72.2,59.2,63.2,60.0,Defect,0.9995337064329177,High_Risk
9664,1,M05293,Morning,31.7,16.6,59.1,69.7,79.7,61.4,Defect,0.9995332543811728,High_Risk
5395,5,M07608,Afternoon,39.4,15.5,69.6,44.1,65.1,49.8,Defect,0.999532967032967,High_Risk
7486,22,M00059,Afternoon,36.7,17.0,78.9,50.4,72.1,77.8,Defect,0.9995324264843756,High_Risk
3132,5,M05410,Night,39.2,14.5,65.7,63.7,57.3,57.7,Defect,0.9995294340613142,High_Risk
9606,25,M04024,Night,35.9,16.1,65.9,46.5,70.5,53.0,Defect,0.9995275144702626,High_Risk
8252,13,M04664,Night,42.1,16.1,66.7,55.4,63.1,75.5,Defect,0.9995275144702626,High_Risk
6730,5,M04846,Night,38.5,14.8,61.1,62.9,68.8,58.5,Defect,0.9995256649389894,High_Risk
6316,13,M03909,Night,34.2,13.4,59.5,74.3,60.9,61.5,Defect,0.9995245836127932,High_Risk
7626,20,M00234,Afternoon,34.5,17.9,70.9,76.0,57.3,52.1,Defect,0.9995226670496109,High_Risk
2250,5,M03984,Morning,36.6,12.1,71.2,62.3,58.2,70.9,Defect,0.9995222069117616,High_Risk
7555,13,M09931,Afternoon,27.5,15.5,65.3,49.3,64.9,64.9,Defect,0.9995208458208458,High_Risk
701,12,M00250,Afternoon,40.6,15.2,74.5,52.0,68.8,75.3,Defect,0.9995185586530027,High_Risk
4701,20,M04888,Morning,35.7,16.3,63.3,47.9,62.6,56.3,Defect,0.9995176912875513,High_Risk
8632,15,M01245,Morning,36.0,18.0,63.3,47.6,62.2,45.1,Defect,0.9995176912875513,High_Risk
706,7,M08428,Night,31.5,18.4,70.7,58.7,60.3,69.9,Defect,0.9995167652561621,High_Risk
272,9,M04912,Night,33.9,18.9,64.5,52.8,58.5,53.5,Defect,0.9995153932581414,High_Risk
2873,15,M01999,Night,34.6,17.5,64.2,56.1,62.4,60.4,Defect,0.9995153932581414,High_Risk
8431,24,M08415,Morning,36.5,14.2,71.0,54.8,76.4,58.0,Defect,0.9995152523066158,High_Risk
1506,4,M09646,Morning,37.1,16.5,68.7,59.4,81.7,51.5,Defect,0.9995139281503765,High_Risk
9741,13,M08835,Morning,38.9,15.5,74.2,53.8,72.6,64.4,Defect,0.9995137055180924,High_Risk
6619,21,M06524,Afternoon,32.7,14.5,73.3,56.2,61.8,70.4,Defect,0.99951015987874,High_Risk
9682,24,M06748,Morning,39.0,14.8,71.5,62.2,68.2,46.8,Defect,0.9995073586490486,High_Risk
3103,11,M03748,Night,35.8,16.5,70.6,58.3,80.9,66.6,Defect,0.9995062384112269,High_Risk
1525,11,M06447,Afternoon,27.6,16.5,65.4,55.7,65.6,63.0,Defect,0.9995055700754301,High_Risk
2051,7,M08786,Afternoon,37.0,15.6,78.7,57.7,63.5,69.4,Defect,0.9995051822768862,High_Risk
7245,16,M00356,Morning,39.9,19.5,74.7,55.6,72.1,70.0,Defect,0.9994993115993803,High_Risk
3790,24,M04898,Night,42.6,18.1,66.8,64.1,57.7,65.9,Defect,0.999495852047144,High_Risk
1606,15,M07015,Afternoon,35.6,13.9,65.5,56.5,64.0,68.9,Defect,0.9994957230851085,High_Risk
5733,20,M01506,Afternoon,39.2,14.2,69.6,57.7,65.6,63.1,Defect,0.9994957230851085,High_Risk
5703,20,M06925,Afternoon,39.4,13.4,77.1,68.2,59.6,59.1,Defect,0.9994943372297631,High_Risk
6986,12,M05010,Morning,38.2,14.3,75.0,62.8,69.2,59.9,Defect,0.9994902209455625,High_Risk
3330,9,M06615,Afternoon,39.6,15.3,70.3,56.7,58.5,74.8,Defect,0.9994891883522508,High_Risk
3796,18,M04427,Afternoon,31.4,15.2,59.3,71.2,66.3,68.8,Defect,0.9994867998149211,High_Risk
4412,1,M00315,Morning,29.8,12.9,67.1,74.4,58.1,70.9,Defect,0.9994825929171774,High_Risk
4528,13,M09108,Night,40.9,16.4,76.3,59.1,59.5,60.7,Defect,0.9994816399659237,High_Risk
2984,4,M00139,Night,30.7,16.8,54.1,62.0,75.9,65.3,Defect,0.9994813715038225,High_Risk
8524,19,M04024,Afternoon,36.2,13.9,68.3,45.0,57.0,57.8,Defect,0.9994810603285103,High_Risk
5692,11,M04483,Morning,37.2,14.2,69.4,49.3,63.1,53.5,Defect,0.999480146761121,High_Risk
5699,25,M08544,Night,36.6,13.2,72.0,54.6,73.4,57.9,Defect,0.9994793477300179,High_Risk
3607,11,M01568,Night,33.1,17.1,69.1,56.8,61.4,64.1,Defect,0.9994782926293564,High_Risk
4839,10,M09118,Morning,39.6,17.4,46.5,74.7,65.1,56.3,Defect,0.9994718602240927,High_Risk
4017,13,M00898,Night,37.5,16.3,71.5,58.3,73.2,59.2,Defect,0.9994697964827158,High_Risk
7851,19,M08184,Morning,32.5,14.6,66.6,37.5,59.3,57.6,Defect,0.9994680255489997,High_Risk
8413,10,M04492,Morning,35.2,15.8,64.7,74.5,60.6,51.7,Defect,0.9994678234919643,High_Risk
2744,8,M09169,Morning,35.2,15.4,60.7,55.5,64.4,74.5,Defect,0.9994665813646693,High_Risk
2547,2,M00008,Morning,36.2,17.2,65.6,65.3,58.7,62.6,Defect,0.9994658477135077,High_Risk
4034,23,M07872,Night,39.2,14.2,73.0,54.0,72.2,64.6,Defect,0.9994646849734197,High_Risk
9236,4,M09169,Morning,37.7,17.2,61.9,70.4,59.4,72.2,Defect,0.9994607599512366,High_Risk
2075,1,M02531,Night,29.9,15.9,61.7,37.5,67.1,50.1,Defect,0.9994561104357007,High_Risk
4921,2,M08533,Night,28.5,14.8,73.1,61.8,63.3,56.0,Defect,0.999454234337071,High_Risk
36,12,M01268,Night,44.6,14.9,66.8,61.6,49.1,58.8,Defect,0.999451692792594,High_Risk
9586,2,M02019,Night,34.9,14.8,79.9,47.6,71.6,64.7,Defect,0.9994497871869267,High_Risk
9353,9,M08056,Night,34.6,16.7,68.2,57.9,72.8,75.0,Defect,0.9994459991194872,High_Risk
6601,17,M07372,Afternoon,38.7,13.4,70.5,47.3,72.3,61.0,Defect,0.9994421037821595,High_Risk
7961,5,M07870,Night,36.8,11.9,59.6,61.6,71.8,58.6,Defect,0.9994420900597624,High_Risk
6519,6,M08071,Night,33.4,18.1,65.2,65.1,67.2,57.4,Defect,0.9994384937085229,High_Risk
9997,23,M02219,Night,29.7,15.6,64.7,76.3,68.8,56.5,Defect,0.999435800501387,High_Risk
2691,14,M04250,Afternoon,38.4,15.0,73.1,54.5,62.6,70.3,Defect,0.999435433276619,High_Risk
6313,25,M06497,Afternoon,32.1,14.9,68.2,65.2,61.4,58.7,Defect,0.9994317582989438,High_Risk
5126,13,M01967,Afternoon,38.4,15.4,54.6,63.4,59.8,56.2,Defect,0.9994313559411815,High_Risk
4546,20,M03673,Night,40.7,14.1,63.9,63.8,55.5,66.9,Defect,0.9994313559411815,High_Risk
1183,4,M00342,Afternoon,32.0,14.8,68.4,58.5,72.2,70.1,Defect,0.9994285062984009,High_Risk
4619,18,M05559,Morning,37.1,14.5,68.1,68.2,49.0,67.2,Defect,0.9994261639028301,High_Risk
718,20,M06882,Night,45.1,13.5,67.5,55.2,67.0,60.1,Defect,0.9994253674733947,High_Risk
8984,5,M09637,Afternoon,34.5,12.8,70.3,51.7,67.7,77.9,Defect,0.9994243914837827,High_Risk
4244,24,M02260,Afternoon,36.1,16.3,55.4,62.6,72.4,66.8,Defect,0.9994237660701087,High_Risk
3693,20,M07197,Night,40.4,14.1,60.0,60.3,73.7,57.4,Defect,0.9994204952336667,High_Risk
9865,4,M03676,Afternoon,32.9,18.3,67.6,59.8,64.0,70.3,Defect,0.9994203925235684,High_Risk
9712,22,M01495,Night,36.2,15.9,69.0,51.3,83.1,75.3,Defect,0.9994187528988842,High_Risk
3386,5,M07889,Night,35.9,16.2,64.4,53.8,59.0,76.7,Defect,0.9994151067797173,High_Risk
1389,25,M09042,Night,33.7,15.4,70.7,61.9,56.1,73.3,Defect,0.9994149741707797,High_Risk
3159,10,M01590,Night,29.8,17.4,54.2,74.8,68.1,64.1,Defect,0.9994144346272625,High_Risk
5880,5,M09414,Afternoon,29.8,16.1,62.4,53.4,70.1,74.0,Defect,0.9994099255068204,High_Risk
1527,19,M01683,Morning,37.0,16.6,69.9,56.8,67.3,64.9,Defect,0.9994074395182405,High_Risk
885,6,M01918,Night,28.9,16.6,73.9,59.1,74.3,57.5,Defect,0.999404548962749,High_Risk
5384,5,M03787,Morning,35.8,18.2,71.6,57.5,65.3,72.9,Defect,0.9994026836617259,High_Risk
5297,15,M00925,Afternoon,37.7,16.5,70.0,63.6,50.6,49.8,Defect,0.999402049906996,High_Risk
4876,1,M00692,Afternoon,36.0,14.3,65.0,59.6,58.2,75.2,Defect,0.9994018102925224,High_Risk
9912,10,M01360,Night,37.8,16.0,79.4,56.8,60.7,71.1,Defect,0.9994006422529913,High_Risk
5303,3,M05516,Night,34.9,15.5,66.0,69.3,67.7,54.1,Defect,0.9993948778875594,High_Risk
8800,13,M09736,Afternoon,34.3,15.4,68.2,58.1,78.3,65.3,Defect,0.9993916941960811,High_Risk
3813,7,M00490,Morning,32.9,14.9,72.8,59.2,64.5,67.2,Defect,0.9993899005489998,High_Risk
4179,5,M09291,Morning,36.9,13.9,65.6,65.4,63.0,54.3,Defect,0.9993889869477611,High_Risk
325,9,M06710,Night,32.7,16.4,43.4,78.3,68.2,68.2,Defect,0.9993878431662274,High_Risk
2263,20,M00686,Night,30.0,17.9,72.5,55.8,75.7,67.1,Defect,0.9993863443696149,High_Risk
2560,15,M05224,Afternoon,41.1,18.6,68.5,51.1,58.8,79.0,Defect,0.999382819942839,High_Risk
1325,22,M04347,Night,32.3,14.9,58.9,68.8,58.3,58.3,Defect,0.9993792319322078,High_Risk
6372,21,M06732,Morning,34.6,12.5,50.2,64.3,72.2,61.6,Defect,0.9993771485757951,High_Risk
1011,8,M06025,Morning,28.9,17.3,59.7,69.3,62.1,69.8,Defect,0.9993729138908621,High_Risk
3510,2,M08121,Morning,36.7,14.6,47.9,75.9,66.6,62.2,Defect,0.9993702254829627,High_Risk
2285,15,M04559,Morning,42.1,17.0,57.7,63.4,65.6,84.0,Defect,0.9993699869496823,High_Risk
3636,22,M08851,Afternoon,39.0,15.1,62.8,74.7,58.4,50.2,Defect,0.9993635695206216,High_Risk
2278,25,M09952,Afternoon,37.2,16.8,76.9,42.3,63.8,67.8,Defect,0.9993626235391556,High_Risk
8030,13,M00717,Night,37.6,15.4,73.8,57.6,77.6,70.0,Defect,0.9993535665232035,High_Risk
5040,25,M08977,Night,39.4,15.2,69.0,69.7,55.5,58.1,Defect,0.999353439322589,High_Risk
1017,6,M01793,Morning,37.9,13.9,65.0,75.1,79.8,53.5,Defect,0.9993519542526524,High_Risk
9252,7,M03554,Afternoon,39.8,15.7,70.4,75.8,45.7,53.0,Defect,0.9993500646979793,High_Risk
6051,19,M03011,Afternoon,32.4,17.4,57.3,75.1,54.8,59.9,Defect,0.9993483914818272,High_Risk
3153,25,M07191,Afternoon,32.4,15.9,63.8,60.8,68.8,58.5,Defect,0.9993360755402091,High_Risk
5871,7,M08317,Morning,34.1,17.9,81.7,60.3,57.8,51.7,Defect,0.9993332661210736,High_Risk
3090,19,M01089,Morning,34.4,17.8,69.1,80.1,57.4,56.8,Defect,0.9993328913184668,High_Risk
6209,25,M06201,Afternoon,45.9,17.9,46.2,43.3,69.5,75.4,Defect,0.9993315790458835,High_Risk
8974,22,M04218,Morning,44.0,16.8,68.0,57.4,68.1,62.6,Defect,0.9993274454500656,High_Risk
3722,5,M03555,Night,37.1,13.4,71.6,63.8,59.0,68.3,Defect,0.9993219111047478,High_Risk
2410,22,M01901,Afternoon,36.2,13.7,58.5,61.7,62.9,69.4,Defect,0.9993177399254014,High_Risk
5881,14,M08082,Morning,38.3,16.7,68.7,69.3,59.7,71.6,Defect,0.9993124875982763,High_Risk
2792,2,M09406,Night,30.5,14.8,68.0,68.0,65.2,57.7,Defect,0.999311906345762,High_Risk
807,7,M06507,Night,34.3,15.9,59.2,67.8,67.6,80.9,Defect,0.9993077319084084,High_Risk
5480,15,M06080,Morning,34.2,14.0,68.6,63.3,54.4,83.8,Defect,0.9993065887218167,High_Risk
9911,17,M08266,Morning,27.3,17.7,66.4,67.2,67.6,59.8,Defect,0.9993047643300983,High_Risk
2423,11,M07463,Night,35.8,18.4,68.4,55.6,47.7,69.5,Defect,0.9993014918479781,High_Risk
872,12,M04290,Morning,37.0,15.2,69.5,63.0,79.7,59.4,Defect,0.9993014638114974,High_Risk
6957,1,M06015,Afternoon,30.1,16.8,70.8,47.3,65.0,75.6,Defect,0.9992968790038542,High_Risk
3508,25,M03076,Afternoon,33.5,14.8,64.2,73.5,56.8,56.2,Defect,0.9992931471501991,High_Risk
6779,23,M06031,Night,31.3,16.0,82.4,60.2,62.6,59.6,Defect,0.999290833798502,High_Risk
7989,22,M00359,Night,36.8,17.1,67.1,68.2,62.0,59.9,Defect,0.9992881588583724,High_Risk
5130,10,M06503,Night,35.0,15.4,51.9,75.2,50.2,61.3,Defect,0.9992872744128849,High_Risk
9713,15,M05741,Morning,25.8,16.3,73.0,51.7,75.2,71.3,Defect,0.999281567678713,High_Risk
1719,10,M03082,Night,31.0,16.0,78.9,59.3,75.5,48.7,Defect,0.9992780186153761,High_Risk
9895,9,M01111,Afternoon,42.2,17.3,80.9,62.6,64.1,57.8,Defect,0.9992777230541222,High_Risk
2415,10,M05018,Afternoon,36.0,16.5,70.0,52.8,70.7,78.7,Defect,0.9992701228149783,High_Risk
6161,16,M06948,Morning,41.5,17.7,62.7,56.2,67.9,78.7,Defect,0.9992699736571662,High_Risk
7385,18,M02234,Afternoon,35.6,18.7,77.6,55.4,61.8,53.8,Defect,0.9992671753777052,High_Risk
3988,4,M08386,Afternoon,34.4,14.6,73.0,48.3,74.1,71.5,Defect,0.9992659127387868,High_Risk
1492,22,M02354,Morning,35.6,16.9,57.1,68.7,55.8,82.6,Defect,0.9992645911013609,High_Risk
9691,7,M06145,Night,43.6,19.0,79.3,70.6,71.5,51.9,Defect,0.9992617392066038,High_Risk
8690,18,M06812,Morning,36.7,14.6,58.5,64.0,68.0,71.9,Defect,0.9992570388326145,High_Risk
8909,20,M04530,Afternoon,31.4,16.5,68.9,63.8,61.3,48.2,Defect,0.999256218319229,High_Risk
3970,12,M09814,Morning,36.1,16.7,69.5,59.8,52.7,74.3,Defect,0.99925314175943,High_Risk
255,21,M09638,Morning,37.8,15.5,61.9,56.6,81.2,75.7,Defect,0.9992438800113095,High_Risk
3373,21,M05242,Morning,28.2,15.5,74.5,50.8,82.5,69.6,Defect,0.9992428721847592,High_Risk
1362,17,M00807,Morning,28.9,17.0,64.8,59.9,60.4,72.0,Defect,0.9992411345109946,High_Risk
3225,24,M01125,Morning,35.5,17.4,72.8,57.5,57.4,67.4,Defect,0.999241090715302,High_Risk
5833,8,M01134,Night,36.4,15.3,69.7,74.3,66.0,50.7,Defect,0.9992389063578494,High_Risk
5211,14,M03716,Night,38.9,13.7,63.7,66.2,68.1,58.0,Defect,0.9992383050307393,High_Risk
4055,7,M03517,Night,35.2,18.8,66.6,55.3,74.6,50.2,Defect,0.9992376011889561,High_Risk
1839,6,M02773,Night,32.7,15.8,58.5,79.7,63.1,55.6,Defect,0.999235792867632,High_Risk
6231,22,M08535,Afternoon,33.4,16.5,67.9,60.1,58.7,47.3,Defect,0.9992352831500605,High_Risk
5663,17,M06121,Night,33.3,13.4,78.1,56.8,71.8,70.2,Defect,0.9992322507862822,High_Risk
3072,5,M03907,Afternoon,33.2,16.5,65.6,63.4,63.4,55.0,Defect,0.999231895990078,High_Risk
1002,7,M00828,Afternoon,34.5,16.0,72.2,69.5,61.9,58.1,Defect,0.9992239250124721,High_Risk
1618,18,M01926,Afternoon,43.4,15.6,69.2,51.8,67.1,51.5,Defect,0.9992161750530173,High_Risk
5146,10,M05600,Night,34.5,15.8,60.0,63.4,62.5,63.4,Defect,0.999204907037357,High_Risk
4271,16,M03971,Afternoon,28.0,17.4,57.4,65.9,60.0,72.9,Defect,0.999204825172892,High_Risk
7807,23,M02651,Afternoon,32.9,15.6,62.2,54.8,60.1,74.9,Defect,0.9992043908126756,High_Risk
6650,8,M09485,Night,36.8,18.1,70.4,56.7,77.1,65.5,Defect,0.9991993906539594,High_Risk
5449,7,M01074,Afternoon,35.6,17.8,47.0,54.6,67.1,68.8,Defect,0.9991969565646975,High_Risk
8784,17,M05087,Afternoon,40.1,18.1,65.3,66.9,58.0,56.0,Defect,0.9991867204911818,High_Risk
8600,17,M06128,Afternoon,38.8,15.2,72.5,54.5,71.3,74.7,Defect,0.9991790469056915,High_Risk
8225,15,M01387,Morning,37.9,16.5,55.0,66.5,65.1,76.8,Defect,0.9991676167215102,High_Risk
8962,8,M01579,Afternoon,38.0,17.7,47.2,67.4,67.9,72.2,Defect,0.9991671840497888,High_Risk
3073,20,M03638,Morning,25.7,15.0,70.8,57.1,75.2,72.0,Defect,0.9991626531415086,High_Risk
8571,9,M02811,Morning,38.3,15.3,68.7,53.8,73.9,76.6,Defect,0.999161993206308,High_Risk
2562,24,M03526,Afternoon,32.8,14.4,71.9,59.3,71.2,73.6,Defect,0.999156794856561,High_Risk
1736,18,M06053,Night,40.2,14.6,68.9,59.5,74.1,56.0,Defect,0.999156020053247,High_Risk
22,4,M08667,Morning,34.2,19.0,82.9,45.3,75.4,65.9,Defect,0.9991548103194908,High_Risk
861,21,M09112,Night,39.8,16.5,59.5,59.4,69.0,68.3,Defect,0.9991509260381186,High_Risk
8510,20,M01822,Morning,37.0,13.2,64.4,55.1,72.0,59.5,Defect,0.9991444986129728,High_Risk
9841,21,M00959,Night,38.4,19.1,69.9,53.7,66.9,64.2,Defect,0.9991434933201385,High_Risk
6469,4,M03368,Night,38.1,15.8,63.2,66.0,73.7,53.8,Defect,0.9991407115672832,High_Risk
1793,23,M09711,Afternoon,41.0,16.4,71.0,54.2,66.4,58.7,Defect,0.9991336701374273,High_Risk
5326,9,M09830,Afternoon,35.7,16.5,70.6,51.1,64.9,65.5,Defect,0.9991336701374273,High_Risk
9428,5,M00782,Night,36.0,13.5,71.1,72.6,58.4,60.5,Defect,0.9991278950060674,High_Risk
4186,4,M02506,Afternoon,32.3,16.7,73.1,59.9,57.3,65.5,Defect,0.9991215489253061,High_Risk
8705,19,M04054,Morning,34.0,16.3,70.7,57.1,62.0,65.6,Defect,0.9991215489253061,High_Risk
4139,3,M03505,Afternoon,32.8,17.2,69.4,58.6,49.5,68.8,Defect,0.9991215489253061,High_Risk
408,24,M01665,Morning,33.0,16.9,69.2,44.8,61.0,46.5,Defect,0.9991215489253061,High_Risk
8290,19,M09999,Afternoon,46.6,17.6,73.3,57.8,75.2,71.6,Defect,0.9991206240892752,High_Risk
7538,22,M01873,Morning,33.6,16.5,72.9,54.4,68.0,65.3,Defect,0.9991112608594626,High_Risk
4158,18,M06040,Night,38.2,16.7,69.8,62.1,64.0,50.3,Defect,0.9991102151696971,High_Risk
96,3,M06737,Afternoon,42.2,13.8,81.3,62.6,72.7,52.5,Defect,0.9991086255950101,High_Risk
1434,22,M09478,Afternoon,29.0,17.6,67.3,55.9,74.9,64.0,Defect,0.9991076456647463,High_Risk
7159,7,M04887,Morning,40.4,15.5,57.4,69.6,69.6,75.7,Defect,0.9991047077689447,High_Risk
8442,21,M06112,Morning,39.3,17.6,60.9,66.3,66.7,66.6,Defect,0.9991023114255746,High_Risk
8161,11,M00422,Night,31.8,16.5,58.9,75.7,53.6,45.7,Defect,0.9990993062079658,High_Risk
3953,16,M09013,Night,29.5,13.5,67.7,74.8,77.6,58.4,Defect,0.9990979959823263,High_Risk
3731,10,M02306,Morning,30.5,15.2,66.3,63.4,71.0,49.0,Defect,0.9990974474945034,High_Risk
8813,3,M04383,Night,33.1,13.9,67.9,77.2,73.5,58.1,Defect,0.9990958902481252,High_Risk
9163,21,M07974,Night,42.1,15.5,68.5,62.5,71.2,57.5,Defect,0.9990918869282388,High_Risk
7440,3,M03254,Morning,32.5,18.1,60.6,56.9,73.4,72.9,Defect,0.9990914315863657,High_Risk
9875,18,M01204,Afternoon,39.6,15.1,57.3,69.8,61.3,71.8,Defect,0.9990798082655487,High_Risk
3575,12,M07264,Night,29.0,14.2,78.2,62.0,59.2,53.2,Defect,0.9990755547952703,High_Risk
6319,16,M00099,Afternoon,34.6,16.6,72.9,68.7,77.0,53.6,Defect,0.9990733232607084,High_Risk
2196,15,M00079,Afternoon,29.0,17.7,57.3,71.7,58.5,72.6,Defect,0.9990723744230777,High_Risk
5857,2,M03463,Morning,41.1,15.9,69.2,69.8,70.1,56.1,Defect,0.9990721422774559,High_Risk
9898,25,M03938,Afternoon,37.4,17.0,59.4,72.8,74.5,58.4,Defect,0.9990717982091649,High_Risk
8807,22,M04894,Afternoon,41.7,17.3,63.3,49.4,72.7,70.5,Defect,0.9990524154495806,High_Risk
1588,9,M03763,Afternoon,43.4,14.6,58.9,73.6,73.0,65.3,Defect,0.9990521425847604,High_Risk
7253,2,M05792,Morning,36.4,14.9,54.8,67.1,63.5,51.1,Defect,0.9990406958659331,High_Risk
816,11,M03087,Afternoon,36.1,15.7,76.5,53.7,66.5,66.0,Defect,0.9990391133885336,High_Risk
4326,4,M06095,Night,40.3,16.7,67.5,69.4,77.8,59.0,Defect,0.9990342851597758,High_Risk
2507,18,M06986,Night,39.1,17.3,47.8,53.4,55.1,66.6,Defect,0.9990330089757572,High_Risk
9832,6,M04404,Night,31.7,18.6,63.3,57.2,53.5,65.0,Defect,0.999020887763636,High_Risk
9929,4,M03819,Night,35.0,17.2,69.4,74.0,59.3,67.8,Defect,0.9990175858813657,High_Risk
6946,21,M01099,Night,34.5,12.8,80.0,53.6,67.2,64.8,Defect,0.9990173150836439,High_Risk
8368,9,M06621,Night,35.4,13.9,70.6,69.0,71.6,57.2,Defect,0.9990171732407027,High_Risk
5545,3,M00067,Afternoon,38.5,16.5,71.1,44.0,66.3,55.4,Defect,0.9990146225183797,High_Risk
9956,23,M07961,Morning,34.4,15.9,65.6,53.3,68.8,66.2,Defect,0.9990130384700723,High_Risk
4345,13,M05559,Afternoon,33.1,19.2,69.1,61.2,51.2,69.7,Defect,0.9990116992248353,High_Risk
1410,23,M09176,Night,31.6,15.5,57.2,76.7,63.3,68.7,Defect,0.9990035461465102,High_Risk
1857,19,M02864,Night,39.5,15.4,70.0,50.9,67.1,76.8,Defect,0.9989919884868951,High_Risk
7681,5,M04860,Night,36.2,17.0,65.3,51.4,57.6,69.0,Defect,0.9989899055274813,High_Risk
5647,19,M03830,Morning,28.4,16.2,71.2,50.2,66.2,75.1,Defect,0.9989889470164868,High_Risk
4831,7,M04472,Night,31.9,18.4,73.6,73.6,55.6,64.7,Defect,0.9989878122202118,High_Risk
4556,8,M05885,Afternoon,35.3,16.0,70.9,66.6,79.6,54.7,Defect,0.9989863906309718,High_Risk
3393,2,M07867,Night,30.8,15.5,52.1,76.2,73.3,54.9,Defect,0.99898417375492,High_Risk
8461,13,M06795,Night,38.3,15.2,55.0,47.4,69.2,65.9,Defect,0.9989839656256551,High_Risk
8719,13,M06503,Night,38.5,14.8,60.2,58.3,69.1,65.6,Defect,0.9989839656256551,High_Risk
8617,4,M04617,Night,37.4,15.5,62.1,58.5,58.0,67.0,Defect,0.9989839656256551,High_Risk
6420,5,M08780,Afternoon,33.2,14.7,73.0,64.1,82.2,56.8,Defect,0.9989818877247005,High_Risk
1835,3,M08190,Night,32.5,16.1,56.7,64.7,80.5,65.7,Defect,0.9989805046671608,High_Risk
2803,8,M01801,Night,37.5,17.8,68.4,76.6,59.4,43.3,Defect,0.9989759647465726,High_Risk
8634,6,M05303,Afternoon,34.7,15.9,67.5,57.0,69.5,64.4,Defect,0.9989759378412874,High_Risk
9242,20,M01664,Afternoon,34.1,17.4,70.5,58.6,62.3,68.1,Defect,0.9989722951939629,High_Risk
3854,6,M05104,Night,28.7,14.2,55.1,59.0,57.2,66.0,Defect,0.9989718444135339,High_Risk
3144,19,M02369,Afternoon,38.2,16.8,58.5,63.5,71.7,49.7,Defect,0.998964735219353,High_Risk
8668,4,M03037,Morning,39.6,15.7,67.4,63.6,44.8,75.0,Defect,0.9989606882999064,High_Risk
8522,19,M08750,Afternoon,41.1,16.7,74.7,50.4,76.4,69.3,Defect,0.998959481240518,High_Risk
9307,12,M08187,Morning,40.4,14.8,80.5,59.4,66.7,70.8,Defect,0.9989531688540674,High_Risk
4901,16,M09823,Morning,35.2,13.9,72.4,60.4,81.3,59.9,Defect,0.9989525781385705,High_Risk
52,19,M00776,Night,43.4,16.9,75.9,35.1,55.9,51.6,Defect,0.998952380952381,High_Risk
849,4,M01734,Afternoon,34.1,16.3,66.7,52.2,66.1,73.8,Defect,0.9989515240042853,High_Risk
3863,1,M05060,Morning,34.2,16.4,66.4,58.2,57.7,73.1,Defect,0.9989515240042853,High_Risk
4560,10,M05044,Night,41.5,16.9,79.3,55.4,64.2,65.4,Defect,0.9989503130451408,High_Risk
5491,2,M09954,Morning,34.2,13.5,67.6,57.4,75.5,76.0,Defect,0.9989498172577386,High_Risk
5856,4,M00535,Night,29.3,17.1,65.3,45.8,72.4,66.2,Defect,0.9989338322466951,High_Risk
9302,15,M02485,Afternoon,39.8,17.0,76.5,49.4,64.4,74.6,Defect,0.9989321391517718,High_Risk
5047,13,M07892,Afternoon,35.5,13.7,54.5,63.8,69.8,62.7,Defect,0.9989298227595215,High_Risk
6644,19,M02262,Night,37.0,14.6,58.7,63.2,82.0,64.0,Defect,0.9989275821116625,High_Risk
1749,6,M01940,Night,41.2,14.4,69.1,50.8,67.6,69.2,Defect,0.998926199420781,High_Risk
2230,16,M02377,Morning,33.2,19.2,70.6,57.4,72.6,69.2,Defect,0.9989187335126759,High_Risk
1224,25,M01763,Night,31.2,16.5,61.7,60.5,54.6,68.5,Defect,0.9989154114586727,High_Risk
4208,11,M02691,Afternoon,36.1,12.6,63.7,71.3,61.4,59.3,Defect,0.9989152033112384,High_Risk
774,15,M03901,Morning,38.6,15.2,69.9,65.7,68.8,47.7,Defect,0.9989091212765083,High_Risk
2054,13,M07630,Night,35.3,17.9,80.6,54.6,65.6,67.4,Defect,0.9989056701879978,High_Risk
3062,24,M09135,Morning,26.5,14.5,51.6,51.4,66.5,64.5,Defect,0.9989008422653705,High_Risk
2532,25,M02114,Night,38.8,15.2,53.7,67.5,69.1,72.8,Defect,0.9988988117185574,High_Risk
4378,23,M09422,Night,37.0,17.0,61.4,75.9,64.5,58.0,Defect,0.9988964911478228,High_Risk
3520,2,M07998,Morning,39.4,16.6,74.0,75.6,69.8,54.4,Defect,0.9988932782652307,High_Risk
120,1,M04489,Afternoon,34.9,16.5,80.9,62.9,72.4,58.8,Defect,0.9988914942013346,High_Risk
6110,9,M03365,Night,34.8,16.4,72.4,59.6,73.8,52.5,Defect,0.9988897828802563,High_Risk
2723,21,M03199,Night,35.4,18.6,71.2,58.1,70.1,74.9,Defect,0.9988865906162121,High_Risk
3473,10,M02162,Afternoon,34.7,13.9,74.9,52.4,67.1,71.1,Defect,0.9988861862587811,High_Risk
1830,18,M09043,Morning,31.8,17.0,51.8,64.9,67.4,61.0,Defect,0.9988836366499786,High_Risk
8886,7,M06204,Afternoon,30.0,14.1,58.5,59.2,65.7,66.7,Defect,0.9988791746414996,High_Risk
6826,8,M08881,Night,35.1,15.6,66.0,51.8,68.8,69.3,Defect,0.9988776459623542,High_Risk
7364,4,M06615,Night,31.9,16.5,69.9,59.4,60.2,65.9,Defect,0.9988699856083033,High_Risk
3286,21,M03254,Morning,30.6,16.0,66.7,52.0,67.6,62.3,Defect,0.9988663231695106,High_Risk
8375,1,M04664,Afternoon,48.7,14.2,50.7,59.5,68.9,67.3,Defect,0.9988656675467424,High_Risk
2293,14,M01725,Morning,29.9,16.1,66.0,57.1,70.4,66.5,Defect,0.9988647537488995,High_Risk
902,4,M02833,Morning,28.7,13.0,63.9,59.1,64.9,64.0,Defect,0.9988635983175119,High_Risk
6419,15,M06961,Night,38.5,14.9,58.0,81.4,74.2,54.2,Defect,0.998862852701246,High_Risk
9667,13,M03431,Morning,35.6,15.8,76.6,68.9,70.4,58.0,Defect,0.9988579563082004,High_Risk
9156,1,M07805,Morning,37.5,15.7,53.6,66.6,78.9,68.3,Defect,0.9988537439480644,High_Risk
3470,13,M03163,Morning,48.0,17.4,76.6,33.1,72.9,58.2,Defect,0.9988536841390686,High_Risk
9743,20,M00208,Night,38.0,18.9,63.0,80.5,69.3,59.6,Defect,0.9988511088505174,High_Risk
9962,16,M03379,Afternoon,35.2,15.5,57.8,66.2,66.8,67.3,Defect,0.9988370574896078,High_Risk
4847,4,M01405,Night,36.0,16.2,69.2,74.1,54.0,66.0,Defect,0.99883086841358,High_Risk
6002,16,M04627,Morning,29.2,16.6,74.0,55.7,71.8,67.4,Defect,0.9988268096824444,High_Risk
8110,13,M05784,Night,34.3,16.8,59.5,51.0,54.7,69.5,Defect,0.9988255467804068,High_Risk
7922,8,M03392,Afternoon,39.0,16.5,70.9,64.3,76.4,49.1,Defect,0.9988209400404305,High_Risk
4947,2,M03010,Afternoon,31.2,17.7,54.0,60.1,74.5,63.2,Defect,0.9988204620095636,High_Risk
3816,3,M07787,Afternoon,34.7,15.5,73.4,56.6,67.4,64.6,Defect,0.9988110300263081,High_Risk
9208,22,M04513,Afternoon,30.7,18.2,57.9,53.3,52.7,62.6,Defect,0.9988072340913589,High_Risk
7238,15,M05644,Night,40.4,15.4,70.1,74.9,69.9,50.8,Defect,0.9988034021561688,High_Risk
5316,8,M08023,Afternoon,31.3,16.2,71.4,60.3,45.7,65.8,Defect,0.9988032965092504,High_Risk
6364,13,M08418,Afternoon,35.7,16.1,65.4,63.3,76.2,52.5,Defect,0.9987991784319196,High_Risk
5590,23,M03433,Afternoon,43.8,14.6,58.8,59.9,64.2,66.3,Defect,0.9987987032610282,High_Risk
8855,12,M01089,Afternoon,41.0,16.3,70.6,69.3,55.8,77.1,Defect,0.9987979982146372,High_Risk
6776,22,M09180,Morning,33.2,15.9,70.6,42.9,76.1,75.3,Defect,0.9987967903618528,High_Risk
7619,9,M02106,Night,38.7,15.2,68.3,54.8,58.9,66.2,Defect,0.9987877378823196,High_Risk
1558,2,M07726,Afternoon,37.6,14.1,71.1,35.9,57.4,66.6,Defect,0.9987874466994379,High_Risk
6191,7,M02008,Afternoon,31.8,15.2,67.9,72.7,53.9,66.0,Defect,0.9987844929707741,High_Risk
1076,12,M02483,Afternoon,39.3,17.2,63.0,58.1,69.4,61.1,Defect,0.998783438930758,High_Risk
7624,19,M04912,Afternoon,39.8,15.6,71.8,58.0,66.0,60.8,Defect,0.9987766415951456,High_Risk
8358,9,M09770,Afternoon,37.2,15.0,65.5,67.2,74.2,49.8,Defect,0.9987742820211792,High_Risk
6397,19,M02430,Afternoon,37.8,18.9,54.2,54.3,59.8,63.1,Defect,0.9987732723541712,High_Risk
1771,8,M09401,Afternoon,35.7,12.5,75.3,58.3,59.3,65.6,Defect,0.9987645154710737,High_Risk
7031,18,M09649,Afternoon,33.4,16.0,73.3,69.3,59.4,62.9,Defect,0.9987622512551545,High_Risk
9932,21,M07513,Morning,38.1,18.6,56.0,61.4,52.0,66.9,Defect,0.9987474016111371,High_Risk
5372,21,M09042,Morning,33.0,16.9,78.2,51.4,69.8,65.3,Defect,0.9987472526434255,High_Risk
8281,8,M01125,Morning,43.7,15.2,70.2,64.2,73.5,47.3,Defect,0.9987425342393891,High_Risk
3205,25,M08390,Afternoon,34.8,17.6,65.2,58.5,71.5,65.1,Defect,0.9987421311373231,High_Risk
1009,3,M03178,Morning,27.4,19.2,66.9,40.2,79.7,62.9,Defect,0.9987401847884754,High_Risk
8005,8,M00092,Afternoon,38.6,18.9,63.5,56.9,58.7,67.5,Defect,0.9987301689058954,High_Risk
7209,5,M09737,Morning,36.2,17.4,59.9,74.5,71.1,69.1,Defect,0.9987294469292568,High_Risk
9358,19,M01729,Morning,35.2,17.2,55.9,62.8,57.5,64.0,Defect,0.9987278729916085,High_Risk
4410,23,M08520,Afternoon,38.1,13.5,73.9,66.8,69.7,55.2,Defect,0.9987264624223927,High_Risk
4811,4,M08623,Morning,34.7,14.8,71.1,52.5,56.6,63.6,Defect,0.9987247276116049,High_Risk
2201,1,M07341,Night,40.6,17.4,68.7,66.9,68.9,59.6,Defect,0.9987231083792711,High_Risk
5798,5,M02965,Night,37.3,17.4,71.0,66.2,60.6,48.7,Defect,0.9987187262974281,High_Risk
1934,20,M05011,Afternoon,33.7,16.5,57.7,70.5,65.1,63.3,Defect,0.9987177831380701,High_Risk
8579,15,M03684,Morning,31.3,16.1,57.2,62.0,61.9,77.7,Defect,0.9987172587663475,High_Risk
6227,17,M02136,Morning,34.1,17.3,50.2,75.3,64.5,64.6,Defect,0.9987124242628702,High_Risk
1297,4,M03043,Morning,30.6,15.0,63.2,63.5,74.5,51.5,Defect,0.9987069594033872,High_Risk
7106,11,M03907,Morning,38.8,13.4,70.7,50.5,59.2,61.0,Defect,0.9986903391804424,High_Risk
618,14,M03585,Morning,34.2,18.4,72.4,51.2,72.6,76.0,Defect,0.9986819833727969,High_Risk
5579,7,M09408,Night,31.2,14.5,57.1,72.5,54.7,66.7,Defect,0.9986819467797027,High_Risk
3990,14,M02582,Night,35.7,13.9,67.7,58.2,90.5,58.9,Defect,0.9986786079773055,High_Risk
1465,10,M09883,Night,35.2,17.3,70.9,58.1,70.2,65.9,Defect,0.9986779345056388,High_Risk
1359,6,M01829,Morning,37.5,17.8,66.7,73.4,54.4,75.3,Defect,0.9986771045567118,High_Risk
7206,22,M01525,Morning,39.6,15.8,70.0,62.0,76.9,57.4,Defect,0.998660157325949,High_Risk
2715,8,M01763,Morning,40.9,16.9,78.1,57.9,60.9,76.8,Defect,0.9986532814179523,High_Risk
740,25,M03473,Morning,31.8,16.1,56.9,57.8,72.2,77.5,Defect,0.9986530976135343,High_Risk
3317,16,M04403,Afternoon,28.8,17.5,73.4,70.8,73.6,57.6,Defect,0.998651106665837,High_Risk
6611,1,M00088,Night,31.3,15.8,78.0,56.5,67.5,58.5,Defect,0.9986501064341077,High_Risk
9625,14,M09912,Morning,36.4,14.9,73.2,56.0,54.3,66.1,Defect,0.9986491025183074,High_Risk
1968,22,M07844,Morning,37.6,15.8,59.7,68.4,68.0,67.0,Defect,0.9986445825462995,High_Risk
8747,8,M04478,Morning,40.6,17.3,72.3,70.9,52.4,75.2,Defect,0.9986425089657976,High_Risk
313,11,M05089,Morning,34.1,15.5,72.4,62.9,71.5,51.8,Defect,0.9986359485488256,High_Risk
1431,12,M06184,Afternoon,33.9,15.8,63.5,65.7,83.7,59.0,Defect,0.998631085898834,High_Risk
6201,1,M05706,Afternoon,36.7,16.4,66.0,55.0,66.0,65.6,Defect,0.998631030135946,High_Risk
8394,7,M06838,Afternoon,32.1,16.1,70.2,72.5,77.1,59.3,Defect,0.9986232819079823,High_Risk
2211,7,M02712,Night,33.4,17.0,73.3,72.9,61.7,55.3,Defect,0.9985906556532567,High_Risk
4046,2,M01813,Afternoon,36.6,17.1,73.4,43.0,60.9,63.5,Defect,0.998586917994043,High_Risk
3611,12,M08561,Afternoon,38.7,18.0,68.4,64.1,65.9,60.0,Defect,0.9985857233763837,High_Risk
29,25,M09999,Afternoon,30.0,16.0,69.5,58.2,71.6,66.9,Defect,0.9985728993070278,High_Risk
1032,17,M07113,Afternoon,31.5,14.4,56.8,67.9,73.7,71.6,Defect,0.9985598750026581,High_Risk
390,11,M06800,Night,28.7,17.2,57.5,79.3,64.6,62.1,Defect,0.9985540257327599,High_Risk
6032,19,M06705,Morning,28.8,17.7,60.5,80.3,58.3,75.8,Defect,0.9985523847132198,High_Risk
8497,5,M09853,Night,30.1,18.6,69.1,57.8,68.9,71.2,Defect,0.9985518984446148,High_Risk
9459,12,M02769,Afternoon,34.0,14.2,56.9,73.9,79.9,64.9,Defect,0.9985432936778199,High_Risk
6588,5,M06655,Morning,38.2,18.4,59.9,61.0,64.6,72.2,Defect,0.9985414810574266,High_Risk
4688,12,M07332,Morning,35.8,16.4,56.2,69.8,71.1,63.9,Defect,0.9985389861833347,High_Risk
2374,16,M00542,Afternoon,37.0,16.6,65.8,46.8,69.3,71.4,Defect,0.9985380154666055,High_Risk
5542,20,M07789,Afternoon,34.3,15.5,77.4,52.1,68.6,65.8,Defect,0.9985371901728304,High_Risk
8349,23,M03348,Afternoon,36.9,16.9,64.9,64.3,60.2,71.5,Defect,0.9985258235600906,High_Risk
3117,21,M05410,Afternoon,33.5,16.7,81.2,69.7,66.9,59.6,Defect,0.998520793505546,High_Risk
5650,23,M02331,Afternoon,38.0,15.5,71.8,71.6,60.1,69.0,Defect,0.9985017858925721,High_Risk
2240,19,M08562,Morning,37.2,17.1,65.5,67.8,73.1,57.3,Defect,0.9984927249005686,High_Risk
5209,24,M05038,Night,32.5,15.1,70.1,56.9,72.2,77.3,Defect,0.9984876920314708,High_Risk
4761,23,M02807,Afternoon,32.2,19.5,57.5,66.4,65.9,65.9,Defect,0.9984823621556952,High_Risk
8098,23,M06692,Morning,34.7,16.6,58.8,72.3,72.5,51.5,Defect,0.9984582445315228,High_Risk
9834,20,M06306,Night,34.0,17.7,63.6,61.6,61.3,66.8,Defect,0.9984492357109224,High_Risk
2327,5,M02980,Night,28.3,16.0,77.8,52.4,78.9,63.3,Defect,0.9984241532762279,High_Risk
9989,18,M09305,Morning,33.5,15.9,75.9,59.1,61.0,64.0,Defect,0.9984209073129999,High_Risk
7174,10,M02977,Afternoon,47.4,15.2,68.3,45.3,69.2,72.1,Defect,0.9984122334040579,High_Risk
7937,11,M00234,Afternoon,34.0,14.6,66.1,78.9,51.8,68.4,Defect,0.9984074327649104,High_Risk
521,19,M04361,Afternoon,36.2,15.1,63.2,60.0,67.9,64.3,Defect,0.9984020339305948,High_Risk
1116,15,M03055,Afternoon,34.2,15.8,71.6,43.8,69.0,76.0,Defect,0.9983939556392321,High_Risk
7102,16,M01791,Morning,32.9,15.5,78.3,70.1,57.4,56.0,Defect,0.9983923160718927,High_Risk
908,14,M01605,Morning,33.3,16.0,67.3,64.2,59.7,61.2,Defect,0.9983883604527962,High_Risk
597,21,M00505,Afternoon,45.3,15.1,57.7,49.1,73.1,76.7,Defect,0.9983868757709641,High_Risk
5140,11,M09485,Night,33.9,16.3,72.1,66.7,67.2,60.1,Defect,0.9983838286754232,High_Risk
7683,22,M08119,Afternoon,36.7,16.7,64.5,58.9,68.5,74.0,Defect,0.9983795248267515,High_Risk
2811,7,M05671,Morning,28.4,16.8,61.7,65.9,63.6,64.4,Defect,0.9983762676409071,High_Risk
3742,18,M08802,Night,41.9,15.0,67.4,75.8,74.6,57.1,Defect,0.9983713310099273,High_Risk
827,16,M06289,Morning,37.6,16.4,74.8,71.3,68.9,57.5,Defect,0.9983613695717289,High_Risk
5855,2,M05824,Afternoon,37.3,14.9,80.0,67.6,69.9,47.9,Defect,0.998340393484676,High_Risk
1530,11,M00934,Afternoon,35.5,15.1,59.8,69.5,59.9,76.3,Defect,0.9983377884812314,High_Risk
9150,13,M06430,Afternoon,30.5,16.9,71.7,76.9,65.0,55.9,Defect,0.9983361866340769,High_Risk
4962,2,M01270,Morning,37.2,13.8,69.1,59.0,73.8,67.8,Defect,0.9983356354181214,High_Risk
5217,17,M06412,Afternoon,39.9,14.6,71.2,62.0,61.0,73.2,Defect,0.9983342137899714,High_Risk
3679,24,M09666,Night,33.9,15.9,69.7,69.6,67.1,52.0,Defect,0.9983300750612333,High_Risk
3810,19,M00603,Morning,40.9,15.8,58.0,37.9,76.8,58.6,Defect,0.9983149065033539,High_Risk
7136,3,M02927,Afternoon,31.2,16.9,58.1,67.7,70.8,77.9,Defect,0.9983015547678714,High_Risk
5909,22,M08738,Morning,40.3,14.0,59.7,52.7,70.3,71.2,Defect,0.9982805130614872,High_Risk
5041,25,M04572,Night,41.8,15.9,84.2,63.7,55.2,59.3,Defect,0.9982788161183008,High_Risk
4405,21,M05448,Night,32.5,15.0,83.7,64.0,67.8,53.5,Defect,0.9982788161183008,High_Risk
6322,12,M01869,Afternoon,36.1,15.7,65.9,59.5,72.0,78.2,Defect,0.9982708401672954,High_Risk
8504,5,M00958,Night,41.0,16.2,69.7,60.9,60.9,65.2,Defect,0.9982684878985363,High_Risk
8824,21,M03119,Morning,36.1,16.5,75.7,70.4,55.6,66.0,Defect,0.9982674238718187,High_Risk
560,1,M06939,Afternoon,38.1,16.9,56.1,69.1,52.4,74.4,Defect,0.9982667350057447,High_Risk
4125,25,M01475,Night,35.8,17.9,70.6,72.6,63.6,59.6,Defect,0.9982623606812049,High_Risk
3956,17,M03646,Night,33.6,15.3,57.1,58.3,67.1,68.8,Defect,0.9982532209317525,High_Risk
3182,15,M01885,Morning,35.7,14.0,69.7,60.3,69.4,56.8,Defect,0.9982295326693305,High_Risk
4088,9,M01231,Afternoon,39.1,16.7,78.4,60.5,70.4,53.7,Defect,0.9982290053455342,High_Risk
600,22,M07577,Morning,38.5,17.7,70.4,50.1,70.4,63.9,Defect,0.9982254591834004,High_Risk
4562,4,M09518,Morning,32.6,15.7,68.0,52.6,72.1,73.6,Defect,0.9982230366465997,High_Risk
8517,10,M02878,Night,35.9,16.5,68.4,76.6,62.2,53.2,Defect,0.9982010586987543,High_Risk
2403,24,M08330,Afternoon,36.9,16.9,57.0,70.6,72.7,74.6,Defect,0.9981996017325604,High_Risk
5583,23,M01491,Night,36.7,16.0,66.6,62.3,58.0,71.7,Defect,0.9981991766900116,High_Risk
8396,19,M04393,Afternoon,35.8,14.7,72.4,71.4,67.5,58.1,Defect,0.9981875463163906,High_Risk
9181,5,M03134,Afternoon,28.6,17.0,67.8,67.5,58.4,71.9,Defect,0.9981828126574291,High_Risk
2323,13,M09115,Afternoon,32.8,17.5,58.4,64.4,74.2,63.6,Defect,0.9981801205839966,High_Risk
5782,5,M00499,Afternoon,31.6,18.4,60.2,52.0,76.8,60.1,Defect,0.9981687384397244,High_Risk
479,8,M08809,Night,31.2,14.7,72.4,65.1,67.4,61.5,Defect,0.9981672174177616,High_Risk
4112,1,M08093,Afternoon,43.5,15.5,66.0,65.1,61.5,66.1,Defect,0.9981569361639303,High_Risk
5122,3,M01244,Night,35.6,15.8,67.2,62.8,64.2,61.3,Defect,0.9981549097134075,High_Risk
8189,20,M08935,Afternoon,35.1,13.9,70.6,66.6,59.4,61.5,Defect,0.9981506089381093,High_Risk
5139,6,M01913,Afternoon,33.6,15.7,85.1,54.8,79.2,59.8,Defect,0.9981346923853625,High_Risk
5717,12,M04488,Morning,45.3,20.0,58.2,55.6,90.0,88.6,Defect,0.9981311533052039,High_Risk
3927,14,M03006,Afternoon,42.8,16.9,59.8,75.9,51.2,76.0,Defect,0.9981285742632982,High_Risk
1675,17,M00956,Night,40.5,16.7,58.1,61.3,67.4,68.4,Defect,0.9981090209207396,High_Risk
4670,18,M09678,Afternoon,31.9,16.8,78.8,64.9,58.7,62.3,Defect,0.9981065595468666,High_Risk
7689,10,M05128,Morning,35.8,16.1,64.1,56.0,67.1,66.5,Defect,0.9981047143464723,High_Risk
5791,5,M04566,Morning,31.3,18.2,57.5,70.1,64.1,70.0,Defect,0.9980969969007124,High_Risk
6599,21,M03540,Night,37.4,17.1,83.2,50.5,70.2,69.4,Defect,0.9980908612994881,High_Risk
180,10,M00699,Morning,50.5,15.3,69.0,47.7,72.7,77.9,Defect,0.9980811368315723,High_Risk
3861,1,M02669,Night,38.1,17.5,56.8,60.3,75.6,64.0,Defect,0.998061707873754,High_Risk
2118,24,M06929,Afternoon,36.0,17.2,67.9,61.8,54.8,60.8,Defect,0.9980349717097227,High_Risk
4525,18,M06654,Night,42.8,18.3,79.0,57.0,67.9,68.6,Defect,0.9980260464846734,High_Risk
5059,17,M04079,Afternoon,47.5,18.4,64.0,50.5,71.2,77.4,Defect,0.9980221655423638,High_Risk
8839,3,M02108,Night,33.6,15.7,74.5,61.1,62.1,64.9,Defect,0.9980022379851381,High_Risk
2405,11,M05069,Afternoon,34.7,17.5,77.3,58.1,67.1,64.2,Defect,0.9979839071107643,High_Risk
1963,25,M01242,Night,34.3,17.1,53.6,42.5,76.0,57.9,Defect,0.9979756610513458,High_Risk
5293,16,M01354,Morning,34.8,15.4,59.5,65.2,74.9,56.7,Defect,0.9979634328350363,High_Risk
5953,19,M04523,Night,38.7,17.9,78.1,75.2,63.9,56.3,Defect,0.9979510445730786,High_Risk
2398,5,M08267,Morning,39.9,16.2,82.2,56.0,64.5,68.6,Defect,0.9979161018171161,High_Risk
9255,7,M00545,Night,36.5,15.7,71.9,65.4,68.0,62.3,Defect,0.9978976084032217,High_Risk
9045,11,M02983,Afternoon,39.7,17.2,78.5,53.8,81.2,64.7,Defect,0.9978891716588859,High_Risk
9681,13,M09625,Afternoon,32.5,14.7,58.1,75.9,60.5,80.0,Defect,0.9978803418803419,High_Risk
9701,3,M09108,Night,35.6,17.0,58.3,63.1,70.6,75.6,Defect,0.9978636231143494,High_Risk
2870,14,M02283,Morning,41.5,17.5,81.1,59.9,63.9,74.0,Defect,0.99784811064666,High_Risk
79,4,M04888,Morning,36.8,15.7,55.8,55.9,82.4,72.0,Defect,0.9978480824126819,High_Risk
4631,10,M08870,Morning,44.1,13.3,68.3,56.0,83.1,68.9,Defect,0.9978328813717904,High_Risk
4757,13,M07702,Morning,34.4,15.1,61.7,66.0,62.7,66.7,Defect,0.9978245811784242,High_Risk
4247,10,M03295,Morning,40.0,17.6,61.5,62.5,67.7,68.4,Defect,0.9978215473526827,High_Risk
7980,10,M07106,Afternoon,40.2,16.0,57.2,80.3,62.8,64.0,Defect,0.9977836283654675,High_Risk
1416,3,M05296,Night,31.3,16.1,59.6,76.5,68.7,65.3,Defect,0.9977660983823325,High_Risk
4145,10,M08707,Night,39.5,15.1,58.0,64.5,80.2,65.6,Defect,0.9977480784419864,High_Risk
6153,15,M06796,Morning,33.5,15.6,72.2,80.2,61.7,56.1,Defect,0.9977444074300328,High_Risk
779,15,M02394,Afternoon,32.9,18.6,70.9,55.8,70.5,65.9,Defect,0.9977193095407276,High_Risk
9379,8,M04718,Night,41.0,14.5,70.8,64.6,71.5,61.5,Defect,0.9977040873930701,High_Risk
7272,16,M04475,Night,39.1,17.1,64.1,61.2,64.2,74.5,Defect,0.9976946570047379,High_Risk
6274,13,M05637,Afternoon,36.2,16.1,69.3,61.9,61.0,69.0,Defect,0.9976944375560726,High_Risk
4089,14,M07648,Night,39.7,17.4,63.6,72.7,60.6,65.3,Defect,0.9976902266457738,High_Risk
4469,20,M04486,Night,38.2,16.5,74.0,70.2,61.1,60.7,Defect,0.9976840660881687,High_Risk
1364,1,M07487,Afternoon,33.5,15.6,61.8,75.8,54.5,79.4,Defect,0.9976793013159383,High_Risk
970,24,M02337,Afternoon,33.8,17.6,64.9,74.2,72.6,59.0,Defect,0.9976698496196701,High_Risk
2627,7,M01099,Morning,34.9,13.4,82.7,59.6,63.2,61.2,Defect,0.9976577975956691,High_Risk
9728,18,M06829,Morning,30.6,17.1,77.9,70.2,58.9,69.4,Defect,0.997653170713647,High_Risk
1868,3,M08213,Morning,46.7,16.6,72.7,44.9,83.8,77.4,Defect,0.9976116224258555,High_Risk
5417,10,M04540,Morning,40.6,18.6,64.1,61.8,66.6,70.5,Defect,0.9975721556200843,High_Risk
8935,10,M02422,Afternoon,35.5,15.2,63.0,70.7,62.6,54.4,Defect,0.9975650399571317,High_Risk
583,13,M08906,Afternoon,33.3,16.0,76.2,64.1,61.1,58.7,Defect,0.9975612447916334,High_Risk
4418,16,M05593,Morning,34.5,16.6,76.5,57.8,75.6,68.9,Defect,0.9975502708976471,High_Risk
3219,21,M04889,Afternoon,39.9,15.4,71.9,62.5,61.4,63.1,Defect,0.9975482481764728,High_Risk
3528,19,M06535,Night,31.1,15.0,76.8,77.5,57.5,60.6,Defect,0.9975431824907071,High_Risk
3783,18,M05120,Morning,34.6,15.6,74.5,75.3,67.5,49.6,Defect,0.9975345779724454,High_Risk
8620,14,M06288,Morning,37.3,16.3,60.3,66.0,72.6,65.9,Defect,0.9974959641204699,High_Risk
3374,16,M06421,Afternoon,32.5,17.3,61.7,74.0,79.0,59.9,Defect,0.9974917592795933,High_Risk
1592,17,M05792,Night,31.0,20.7,50.7,65.9,64.1,74.4,Defect,0.9974773803380284,High_Risk
1967,3,M05102,Morning,46.5,15.7,49.5,64.8,77.4,81.9,Defect,0.9974515704267464,High_Risk
2274,15,M00302,Afternoon,28.0,15.5,70.6,57.6,71.6,80.1,Defect,0.9974350431877772,High_Risk
5849,6,M08684,Morning,35.2,16.7,55.8,69.8,65.1,73.3,Defect,0.9974166130252448,High_Risk
5619,13,M03198,Afternoon,37.8,17.9,76.3,74.3,55.3,73.9,Defect,0.9974106328893382,High_Risk
843,24,M05402,Morning,31.1,14.9,75.7,57.1,79.4,59.6,Defect,0.9973997027869284,High_Risk
4002,7,M02383,Night,31.6,18.6,68.7,65.5,56.4,69.5,Defect,0.9973952460139599,High_Risk
6269,4,M08446,Morning,42.7,12.0,80.1,61.3,58.7,68.8,Defect,0.9973755797584707,High_Risk
8467,7,M08960,Afternoon,32.5,15.8,66.9,66.1,62.0,65.8,Defect,0.9973710633288287,High_Risk
8327,18,M00802,Morning,36.0,15.2,73.4,69.3,58.0,64.1,Defect,0.9973657314031793,High_Risk
3300,3,M02793,Night,28.1,16.2,61.3,62.6,68.2,58.1,Defect,0.997361318828593,High_Risk
9430,14,M06132,Night,32.4,16.9,68.5,71.6,72.6,54.7,Defect,0.9973579524776605,High_Risk
9668,17,M01996,Morning,41.5,15.6,72.4,64.7,78.0,56.6,Defect,0.9973557599307672,High_Risk
3019,23,M07685,Morning,34.2,16.2,74.0,59.4,75.2,68.7,Defect,0.9973451543895588,High_Risk
3664,7,M03169,Morning,39.7,13.9,65.3,60.7,63.4,66.6,Defect,0.9973358572480828,High_Risk
1789,22,M09992,Morning,33.6,18.1,64.3,66.0,69.4,61.3,Defect,0.997330097767267,High_Risk
5336,18,M05832,Night,33.4,15.0,74.7,65.9,51.1,72.1,Defect,0.9973175031410559,High_Risk
6916,25,M01236,Morning,31.8,15.6,79.0,50.1,79.1,58.1,Defect,0.9972797140303843,High_Risk
2417,17,M06053,Morning,41.3,14.6,61.0,68.1,65.0,66.7,Defect,0.9972794784262878,High_Risk
4707,2,M06727,Night,36.7,14.8,64.2,64.4,61.5,65.5,Defect,0.9972531181141254,High_Risk
6429,16,M00165,Morning,33.3,15.4,58.7,76.4,58.9,75.9,Defect,0.9972495243471533,High_Risk
3111,1,M01099,Afternoon,32.8,15.7,64.5,77.7,55.1,67.7,Defect,0.9972446767127688,High_Risk
7528,7,M01542,Afternoon,31.6,16.3,55.0,66.4,81.3,58.6,Defect,0.9972329525858272,High_Risk
4153,17,M00573,Afternoon,37.3,15.6,54.0,60.0,74.1,75.1,Defect,0.997195688260482,High_Risk
6966,24,M00547,Morning,38.7,17.4,67.3,59.2,65.1,55.7,Defect,0.9971841777516182,High_Risk
6160,7,M05128,Night,33.6,13.8,68.9,70.6,48.1,62.0,Defect,0.9971723360503116,High_Risk
3167,15,M02308,Night,37.7,17.8,73.0,61.5,60.7,65.0,Defect,0.9971688939202668,High_Risk
4792,21,M06549,Night,34.7,17.1,60.5,62.0,63.6,69.6,Defect,0.9971453339659802,High_Risk
1290,12,M09019,Morning,37.9,17.2,66.3,68.8,62.0,62.9,Defect,0.9971391835742536,High_Risk
4225,8,M07176,Afternoon,46.4,14.6,74.8,53.0,75.9,81.4,Defect,0.997137117174951,High_Risk
1104,9,M07644,Night,32.3,16.6,60.3,72.9,75.4,52.8,Defect,0.9971150787829436,High_Risk
2623,12,M09891,Afternoon,40.0,15.4,61.2,70.2,67.4,69.8,Defect,0.9971131593940763,High_Risk
2574,9,M00613,Afternoon,29.3,18.2,63.0,70.0,57.6,76.9,Defect,0.9971047708631886,High_Risk
7482,14,M04180,Morning,36.2,17.5,59.9,72.1,73.7,73.6,Defect,0.9971018572272328,High_Risk
5342,6,M01690,Night,36.8,17.4,67.1,80.9,65.5,54.3,Defect,0.9970968325064798,High_Risk
7786,13,M01765,Afternoon,41.5,14.7,55.7,69.9,72.9,62.5,Defect,0.9970932236856241,High_Risk
1775,1,M06571,Night,42.1,14.4,64.1,73.2,77.7,58.2,Defect,0.9970923370549294,High_Risk
801,9,M04622,Afternoon,37.0,16.1,62.5,63.6,66.6,68.3,Defect,0.9970670035648141,High_Risk
6606,15,M04912,Morning,29.6,17.0,53.4,65.7,52.5,75.1,Defect,0.9970503248501754,High_Risk
2631,25,M06417,Afternoon,38.4,15.8,65.0,71.8,61.6,69.0,Defect,0.9970473734675508,High_Risk
44,21,M07514,Night,37.8,16.2,59.9,74.4,66.8,72.0,Defect,0.9970359908243013,High_Risk
7540,14,M02270,Morning,42.6,18.3,67.9,74.9,60.7,60.6,Defect,0.9970232514291881,High_Risk
5260,22,M09351,Night,39.0,15.7,57.1,61.7,78.8,73.5,Defect,0.9970206931676309,High_Risk
4187,7,M00918,Morning,33.6,15.0,80.0,70.4,59.9,62.8,Defect,0.9970152840384974,High_Risk
9990,18,M06066,Night,37.7,15.7,68.9,74.2,79.8,49.6,Defect,0.9969923898077659,High_Risk
6967,15,M05232,Night,34.4,15.1,64.6,73.5,57.5,72.6,Defect,0.9969780262320163,High_Risk
4975,22,M08714,Morning,35.7,15.6,55.6,60.0,71.1,79.8,Defect,0.9969729071128656,High_Risk
8799,7,M08463,Morning,36.9,16.0,81.6,58.1,68.8,64.0,Defect,0.996966779819129,High_Risk
5792,2,M00193,Afternoon,34.5,15.7,74.8,74.5,68.5,56.3,Defect,0.9969576792275835,High_Risk
4714,19,M07120,Night,38.9,13.4,71.1,60.8,72.0,67.4,Defect,0.9969532056217314,High_Risk
6911,18,M09218,Afternoon,34.3,19.8,65.1,71.0,75.1,50.6,Defect,0.9969357541901176,High_Risk
5481,12,M09457,Night,35.0,15.4,70.3,62.3,71.1,62.7,Defect,0.9969256049052855,High_Risk
1038,24,M07971,Afternoon,47.4,15.5,69.5,50.2,82.7,63.2,Defect,0.9969129952755966,High_Risk
6932,22,M01560,Morning,40.4,16.3,68.7,43.8,73.3,88.5,Defect,0.9969124321511841,High_Risk
948,11,M01249,Night,49.0,18.5,67.1,58.5,82.3,78.0,Defect,0.9968967676509973,High_Risk
8601,14,M03924,Afternoon,36.5,16.8,68.8,60.3,67.6,64.9,Defect,0.9968918124602463,High_Risk
5931,8,M05802,Morning,40.0,16.2,61.7,64.3,67.0,66.8,Defect,0.9968810045464624,High_Risk
5434,10,M00491,Morning,38.9,16.4,68.6,62.3,62.7,61.5,Defect,0.9968751297890798,High_Risk
1581,8,M05421,Morning,42.8,14.1,72.9,61.2,65.1,63.1,Defect,0.9968516003972244,High_Risk
2599,17,M08005,Morning,35.9,15.8,69.1,71.3,76.5,59.3,Defect,0.9968501118046873,High_Risk
8086,3,M05142,Afternoon,34.6,14.2,65.2,57.7,77.4,76.8,Defect,0.9968478889918819,High_Risk
9204,16,M07189,Afternoon,40.0,16.6,63.3,61.0,66.6,73.3,Defect,0.9968373393116857,High_Risk
6947,5,M05074,Morning,40.9,16.4,70.4,74.3,74.8,58.0,Defect,0.9968354369178999,High_Risk
5454,10,M02157,Afternoon,47.4,13.9,69.9,57.3,78.1,81.4,Defect,0.9968326063012796,High_Risk
5594,3,M06327,Night,34.5,16.5,63.1,61.4,62.8,60.3,Defect,0.9967871889035728,High_Risk
7417,6,M01031,Morning,35.7,14.4,63.8,71.6,79.6,59.7,Defect,0.9967822635322915,High_Risk
1053,3,M01991,Night,34.8,17.5,75.6,64.4,54.8,66.5,Defect,0.9967716398163264,High_Risk
2971,11,M01933,Morning,32.8,17.6,63.7,71.3,61.4,69.5,Defect,0.9967581110002631,High_Risk
9811,23,M07608,Morning,36.4,14.7,39.1,74.3,70.9,54.5,Defect,0.9967474916130122,High_Risk
9487,21,M05284,Morning,37.6,13.5,79.3,73.7,54.3,66.6,Defect,0.9967320282789112,High_Risk
9034,25,M04119,Night,41.9,15.3,85.2,61.3,69.9,56.9,Defect,0.996712021785892,High_Risk
2865,22,M06032,Afternoon,25.0,17.4,46.1,78.3,71.7,73.1,Defect,0.996693454951868,High_Risk
1600,12,M06369,Night,34.6,17.6,73.5,73.1,59.2,69.0,Defect,0.996687941051965,High_Risk
8758,25,M02016,Morning,35.4,17.3,78.6,68.8,59.1,71.3,Defect,0.9966178417170853,High_Risk
6942,18,M01604,Night,41.4,16.0,61.2,77.5,65.9,56.8,Defect,0.9966172382225302,High_Risk
3283,21,M02159,Night,36.1,15.3,62.0,62.0,63.2,65.6,Defect,0.996607194926834,High_Risk
1203,17,M05491,Morning,35.8,16.5,62.1,66.5,63.4,61.9,Defect,0.9966058405002974,High_Risk
192,18,M05536,Night,30.7,15.1,76.3,70.8,58.8,73.5,Defect,0.9966037538864443,High_Risk
3363,7,M03314,Afternoon,45.7,17.2,56.9,81.9,79.2,56.2,Defect,0.996600425321274,High_Risk
9315,14,M06313,Afternoon,35.9,14.5,69.9,64.2,69.1,61.1,Defect,0.9965232090820817,High_Risk
2621,18,M08382,Night,39.0,15.5,73.3,70.9,67.7,57.5,Defect,0.9965188778282967,High_Risk
6949,20,M09319,Night,27.7,14.5,70.1,51.1,69.4,65.6,Defect,0.996516083916084,High_Risk
7280,19,M01780,Afternoon,29.4,15.9,62.8,76.0,54.1,77.5,Defect,0.9964983642817099,High_Risk
8682,2,M09351,Night,42.0,17.9,81.1,47.9,83.8,62.7,Defect,0.9964873472079168,High_Risk
2648,20,M05064,Afternoon,39.3,13.6,56.7,70.2,81.5,65.8,Defect,0.9964684583682021,High_Risk
3713,18,M05634,Afternoon,47.3,14.8,47.6,62.1,76.1,73.7,Defect,0.9964617753646726,High_Risk
1730,3,M00576,Afternoon,37.3,14.5,76.2,69.1,64.8,58.4,Defect,0.9964589488065818,High_Risk
2866,22,M06440,Afternoon,32.6,17.9,69.9,51.5,78.8,80.8,Defect,0.9964523139751811,High_Risk
4946,6,M02230,Night,36.7,16.3,71.6,64.3,70.7,60.8,Defect,0.9964117767299642,High_Risk
949,16,M04034,Night,29.1,15.3,70.4,64.6,59.9,78.6,Defect,0.9963467483540752,High_Risk
7588,8,M09498,Afternoon,32.7,15.1,66.2,74.0,78.7,60.0,Defect,0.9963401184853214,High_Risk
5539,1,M02573,Afternoon,36.0,16.8,60.7,72.3,71.0,63.5,Defect,0.9963336186224098,High_Risk
1987,19,M07427,Afternoon,32.2,14.2,69.5,63.3,57.3,77.2,Defect,0.9963171174988625,High_Risk
92,18,M02696,Afternoon,40.0,18.0,63.4,64.6,88.5,56.5,Defect,0.9962784124757316,High_Risk
6968,17,M07966,Morning,31.8,17.1,51.0,61.4,73.8,75.5,Defect,0.9962668721624922,High_Risk
5436,20,M05975,Afternoon,37.3,16.5,73.8,50.1,63.9,78.5,Defect,0.9962474731866868,High_Risk
3476,12,M03787,Night,31.4,16.2,78.7,72.6,58.6,67.1,Defect,0.996246752970992,High_Risk
5552,25,M04472,Morning,42.8,14.9,76.2,73.5,63.6,55.9,Defect,0.996225788213739,High_Risk
8278,10,M03542,Afternoon,41.9,18.2,76.9,51.9,74.8,61.6,Defect,0.9962226659510091,High_Risk
8513,11,M05375,Afternoon,32.7,18.0,58.7,68.5,65.5,77.6,Defect,0.9962219399829426,High_Risk
1526,7,M04180,Morning,36.7,16.0,77.7,78.9,52.1,64.5,Defect,0.9962143851992131,High_Risk
6259,4,M03327,Night,32.0,16.6,60.0,72.7,80.6,63.0,Defect,0.996204028043607,High_Risk
4396,13,M08113,Night,43.5,14.5,69.5,66.0,64.3,63.3,Defect,0.9961959145040044,High_Risk
5773,25,M03021,Morning,39.5,16.7,62.6,75.9,68.3,61.0,Defect,0.9961853032565728,High_Risk
3808,8,M00870,Morning,32.0,18.7,79.9,57.2,72.8,65.0,Defect,0.9961616460920443,High_Risk
6189,8,M03925,Morning,31.6,14.5,72.4,53.2,81.8,72.3,Defect,0.9961610578898018,High_Risk
8093,25,M05062,Afternoon,31.9,17.5,71.6,66.9,67.3,61.2,Defect,0.9961175161925644,High_Risk
3812,16,M08686,Afternoon,33.0,14.0,72.0,64.9,65.5,62.1,Defect,0.9961043062116731,High_Risk
2246,25,M00770,Afternoon,32.7,14.7,56.3,75.2,70.8,64.8,Defect,0.9960699943439262,High_Risk
9884,23,M06193,Night,32.0,15.5,78.4,71.4,56.3,61.5,Defect,0.9960117875341861,High_Risk
2887,24,M02659,Afternoon,36.3,14.5,63.4,72.5,72.5,61.2,Defect,0.9959967767087085,High_Risk
2264,18,M02161,Afternoon,31.7,16.2,65.1,67.2,61.0,65.0,Defect,0.9959848669829541,High_Risk
5244,21,M00905,Night,36.6,16.0,78.5,48.2,76.3,65.6,Defect,0.9959337156412522,High_Risk
3278,23,M07012,Afternoon,42.6,15.4,56.0,65.6,70.4,77.6,Defect,0.9959190906356038,High_Risk
9859,13,M01526,Morning,38.8,15.7,63.0,62.0,66.2,62.4,Defect,0.9958830532326012,High_Risk
1310,16,M02984,Night,27.0,16.2,60.7,58.4,78.3,75.0,Defect,0.9958346814737397,High_Risk
4018,16,M09278,Night,37.8,18.1,75.6,46.8,67.5,78.2,Defect,0.9958279361517306,High_Risk
70,14,M01017,Night,38.1,15.7,70.4,80.8,67.9,55.3,Defect,0.9958068502849369,High_Risk
8718,15,M08222,Afternoon,40.4,15.4,57.1,64.2,76.4,80.4,Defect,0.9957835072021614,High_Risk
3565,1,M00153,Afternoon,33.1,14.0,69.7,61.4,69.9,63.9,Defect,0.9957713902898608,High_Risk
1323,13,M03242,Night,39.0,16.5,68.9,71.3,70.4,61.1,Defect,0.9957293112560829,High_Risk
209,14,M04283,Morning,36.2,16.2,67.0,72.4,70.4,61.5,Defect,0.9956760014328689,High_Risk
7488,2,M02972,Night,36.6,17.1,68.9,64.4,70.1,63.2,Defect,0.9956334928555117,High_Risk
626,7,M01354,Morning,42.7,17.7,69.4,65.1,73.2,58.0,Defect,0.9955764685657746,High_Risk
5658,12,M05418,Night,28.4,17.6,53.9,68.6,77.9,67.4,Defect,0.9955567831302607,High_Risk
7886,25,M01964,Night,43.0,18.2,56.7,63.0,74.9,73.6,Defect,0.9955373957474751,High_Risk
8585,12,M03791,Afternoon,36.9,14.4,67.6,55.1,68.6,65.2,Defect,0.9955210776518189,High_Risk
9429,16,M03524,Afternoon,36.4,15.2,71.8,63.6,70.0,66.2,Defect,0.9955146922781621,High_Risk
9166,10,M07962,Night,33.5,16.7,63.7,65.9,71.0,64.9,Defect,0.9955030068558943,High_Risk
1905,5,M09668,Afternoon,32.0,15.7,75.3,55.3,76.9,64.6,Defect,0.9954855896247692,High_Risk
3947,15,M04952,Afternoon,30.3,15.0,63.7,66.9,69.7,65.5,Defect,0.9954835511539153,High_Risk
9515,10,M03575,Afternoon,31.2,13.3,69.4,60.0,92.4,55.5,Defect,0.9954373805844066,High_Risk
412,20,M05238,Night,42.7,14.7,65.1,63.4,65.8,64.9,Defect,0.99538754354912,High_Risk
2954,21,M06314,Afternoon,42.8,14.5,72.6,60.9,74.5,56.1,Defect,0.9953516708058294,High_Risk
1958,11,M09770,Afternoon,35.9,15.8,79.1,59.7,52.9,77.0,Defect,0.9953471006588963,High_Risk
6900,20,M06986,Afternoon,35.8,15.5,50.5,66.9,83.0,72.8,Defect,0.9953134334069597,High_Risk
9425,1,M02533,Night,30.6,13.6,68.8,61.6,64.8,69.8,Defect,0.9952876178659272,High_Risk
7026,25,M08698,Afternoon,35.8,15.9,76.2,66.2,59.9,66.4,Defect,0.9952721919362739,High_Risk
8373,9,M05248,Morning,39.8,13.8,78.1,57.2,77.8,61.8,Defect,0.9952436314368539,High_Risk
8108,14,M05261,Afternoon,32.2,15.5,76.8,56.0,71.2,73.5,Defect,0.9952212688871026,High_Risk
2712,24,M00286,Afternoon,40.0,18.5,61.7,68.2,65.0,64.7,Defect,0.9951898375576907,High_Risk
7156,25,M07777,Night,29.7,15.4,71.0,61.1,70.8,70.1,Defect,0.9951875315665643,High_Risk
9514,20,M05795,Afternoon,33.4,16.9,80.4,47.2,76.6,62.2,Defect,0.9951872182508299,High_Risk
7423,24,M07152,Morning,37.0,17.5,67.3,64.3,65.1,61.9,Defect,0.9951590526086062,High_Risk
6307,17,M06480,Morning,32.4,14.7,74.7,49.9,75.7,78.0,Defect,0.9950818389629039,High_Risk
2073,24,M04918,Morning,42.8,15.8,78.2,55.6,76.1,70.4,Defect,0.9950817876772144,High_Risk
6981,15,M05492,Morning,27.0,18.4,69.4,73.1,73.7,52.6,Defect,0.9950691164233144,High_Risk
9602,7,M07486,Night,29.2,13.7,79.0,72.8,71.4,50.9,Defect,0.9950227794466935,High_Risk
6081,20,M08270,Afternoon,25.8,17.9,62.0,55.7,58.3,67.5,Defect,0.9949945474372955,High_Risk
5767,10,M04898,Morning,42.4,16.4,70.0,78.2,53.6,72.8,Defect,0.9949728127298969,High_Risk
5562,13,M01175,Night,36.6,16.0,73.6,73.8,56.7,73.4,Defect,0.9949617554199746,High_Risk
8128,8,M03986,Night,30.2,18.3,77.4,68.9,70.8,57.4,Defect,0.9949381409763522,High_Risk
7785,1,M01055,Night,37.8,16.9,61.6,71.4,62.9,58.3,Defect,0.994922039875805,High_Risk
2986,10,M04932,Night,31.6,15.2,78.4,61.2,77.4,48.2,Defect,0.9949144204129372,High_Risk
7866,24,M00582,Night,32.7,15.1,66.9,71.8,56.8,76.6,Defect,0.9948969763677158,High_Risk
3002,20,M02835,Night,30.8,18.1,51.8,68.9,72.0,75.7,Defect,0.9948872356815502,High_Risk
3909,17,M07082,Afternoon,42.1,13.4,65.4,62.6,70.0,62.7,Defect,0.9948708288919234,High_Risk
345,16,M02807,Morning,40.9,15.4,71.2,59.6,64.5,82.4,Defect,0.994859693185424,High_Risk
9626,15,M00428,Morning,32.4,16.9,78.2,59.7,65.2,76.7,Defect,0.994842233299988,High_Risk
8996,19,M05547,Afternoon,36.0,14.8,57.1,68.7,69.7,78.6,Defect,0.9948339630321347,High_Risk
6126,25,M03724,Night,37.2,15.7,56.9,62.3,64.9,76.1,Defect,0.9948292314677653,High_Risk
105,24,M07216,Night,35.6,16.7,57.0,54.7,55.2,82.1,Defect,0.9948070474372956,High_Risk
6543,7,M02776,Night,30.0,16.4,74.6,65.1,57.8,58.7,Defect,0.9948018551373236,High_Risk
8560,17,M02131,Night,33.6,13.2,57.9,64.5,47.4,39.6,Defect,0.9947944699184831,High_Risk
6424,21,M06852,Morning,30.1,16.0,71.6,59.9,62.2,70.6,Defect,0.99478286231493,High_Risk
2276,6,M06382,Afternoon,32.2,18.6,56.5,72.9,64.6,70.3,Defect,0.9947771395535437,High_Risk
5721,25,M07952,Morning,41.2,15.6,68.2,80.0,72.7,39.8,Defect,0.9947677744082877,High_Risk
500,10,M05105,Night,31.2,18.8,78.7,61.0,53.7,71.9,Defect,0.9947675720763803,High_Risk
7502,9,M09127,Night,38.2,17.9,57.9,76.0,72.8,68.8,Defect,0.9947633377672588,High_Risk
5442,16,M04909,Morning,31.6,14.4,83.7,58.1,64.1,70.5,Defect,0.9947608532972744,High_Risk
8735,1,M04461,Morning,41.7,14.2,71.2,45.6,80.4,62.9,Defect,0.9947494956842022,High_Risk
6749,19,M09024,Night,37.6,16.7,71.0,68.5,62.1,62.5,Defect,0.9947408556843736,High_Risk
8198,10,M01916,Morning,37.5,16.8,69.1,64.2,67.1,60.6,Defect,0.994727800851704,High_Risk
3033,25,M08126,Night,34.3,15.5,57.1,60.6,64.1,58.5,Defect,0.9947213984530506,High_Risk
8309,1,M01617,Afternoon,31.9,16.7,57.8,70.8,61.8,84.6,Defect,0.9947111393571058,High_Risk
1700,9,M01526,Afternoon,30.3,14.9,75.9,51.8,69.1,71.7,Defect,0.9947021114075053,High_Risk
550,6,M04847,Night,35.0,16.5,70.3,47.9,70.7,87.7,Defect,0.9946810592044595,High_Risk
8724,4,M01801,Morning,35.4,17.1,84.3,58.0,64.1,55.2,Defect,0.9946597994036324,High_Risk
2481,9,M01939,Morning,32.5,16.5,79.8,59.0,71.3,53.3,Defect,0.994656378600823,High_Risk
6721,3,M06560,Night,28.7,16.9,56.3,81.2,66.7,54.8,Defect,0.9946479644724756,High_Risk
4305,15,M03184,Night,33.0,20.9,55.5,63.5,65.8,67.4,Defect,0.9946259596689357,High_Risk
2785,19,M06893,Night,43.6,16.1,49.9,72.2,81.5,75.0,Defect,0.9946110042728527,High_Risk
1343,21,M02051,Night,36.4,16.3,71.4,70.3,69.8,51.5,Defect,0.9945956437845104,High_Risk
7580,19,M07643,Afternoon,30.3,15.9,82.1,47.3,71.2,77.9,Defect,0.9945885894859668,High_Risk
1411,5,M07292,Morning,40.9,16.1,68.4,57.2,79.5,64.5,Defect,0.9945423824407943,High_Risk
1946,6,M07328,Afternoon,31.5,14.1,73.9,53.4,72.9,75.3,Defect,0.9945306428744186,High_Risk
1884,12,M09885,Night,37.4,15.7,67.4,62.4,71.6,67.2,Defect,0.9945287029624307,High_Risk
2847,8,M00332,Night,29.5,15.8,81.4,58.3,65.7,67.5,Defect,0.9945221740162127,High_Risk
8723,12,M00365,Morning,48.6,15.0,54.6,67.8,83.8,73.9,Defect,0.9945004833429926,High_Risk
4101,2,M04501,Afternoon,40.8,16.7,77.2,54.6,82.5,59.2,Defect,0.9944882995236841,High_Risk
5816,15,M08803,Morning,30.7,16.2,66.7,68.9,74.0,56.7,Defect,0.994476361662998,High_Risk
9837,14,M06982,Night,37.9,13.9,73.9,68.0,55.4,65.3,Defect,0.9944487551179049,High_Risk
2099,22,M06431,Night,43.4,14.3,63.7,60.1,62.6,74.3,Defect,0.9944022761150164,High_Risk
1047,13,M06491,Morning,33.8,15.1,77.5,53.3,69.3,73.8,Defect,0.9943588450534037,High_Risk
2452,24,M05676,Night,32.1,16.7,73.5,61.9,57.8,51.4,Defect,0.9943078506609033,High_Risk
5838,4,M08108,Afternoon,36.1,17.8,67.9,60.3,67.4,72.7,Defect,0.9942996927241196,High_Risk
8552,7,M08202,Morning,38.9,16.9,64.4,77.6,60.5,60.9,Defect,0.9942617567966107,High_Risk
7568,1,M04842,Morning,29.4,13.7,80.4,51.1,73.4,65.2,Defect,0.9942476089439313,High_Risk
2884,15,M01820,Morning,45.9,18.0,77.3,49.0,68.1,74.3,Defect,0.9942126147827207,High_Risk
8852,4,M06311,Afternoon,39.5,16.1,64.7,67.7,59.1,70.5,Defect,0.9942111266885996,High_Risk
9455,19,M03952,Night,42.0,16.9,52.7,61.0,42.8,75.3,Defect,0.994189866331641,High_Risk
5167,20,M04781,Morning,32.7,13.7,66.9,71.9,60.4,75.6,Defect,0.9941823148107997,High_Risk
724,22,M09551,Afternoon,37.8,16.5,71.3,69.4,72.1,60.9,Defect,0.9941821385650634,High_Risk
5202,6,M00508,Night,38.8,16.4,49.9,60.8,69.3,38.2,Defect,0.9941680658557905,High_Risk
4597,10,M02867,Afternoon,42.6,16.5,82.0,56.0,65.8,64.8,Defect,0.994147925777236,High_Risk
3775,14,M04139,Afternoon,30.8,13.2,60.2,69.3,72.7,71.1,Defect,0.9940937385801364,High_Risk
1159,24,M02769,Night,32.5,15.8,59.1,69.3,63.7,54.3,Defect,0.9940916553660557,High_Risk
4032,10,M03793,Morning,31.4,15.6,58.5,67.7,73.5,70.2,Defect,0.9940731827501296,High_Risk
5479,18,M05651,Night,41.2,13.9,85.1,64.7,73.9,43.8,Defect,0.9940361618268941,High_Risk
8213,24,M00371,Morning,36.6,15.0,56.2,57.6,81.8,78.3,Defect,0.9940166072840368,High_Risk
9607,8,M00717,Night,28.5,13.1,70.6,56.6,76.8,62.8,Defect,0.9940093088786587,High_Risk
4392,24,M04479,Afternoon,28.2,16.5,77.9,57.4,58.8,74.8,Defect,0.9940090639748544,High_Risk
8101,2,M03242,Night,35.1,11.7,77.8,57.2,77.9,79.8,Defect,0.9940040228864632,High_Risk
629,15,M07576,Morning,38.3,16.9,79.6,74.2,53.9,54.7,Defect,0.993996453369143,High_Risk
9219,10,M09474,Night,35.2,16.1,70.5,74.5,73.3,59.8,Defect,0.9939742532671638,High_Risk
9075,1,M02234,Morning,41.1,16.0,74.4,70.7,57.6,70.8,Defect,0.9939445256070059,High_Risk
9133,19,M03771,Afternoon,37.6,13.5,73.6,71.9,61.7,62.0,Defect,0.993938938598888,High_Risk
6041,24,M09550,Afternoon,32.1,16.5,75.2,67.9,70.8,59.7,Defect,0.9939338666793514,High_Risk
8927,1,M04513,Afternoon,42.3,16.0,53.8,72.8,64.8,75.9,Defect,0.9939167864778393,High_Risk
9441,4,M08010,Morning,34.1,16.5,67.9,60.9,72.1,61.0,Defect,0.9939103176389401,High_Risk
198,14,M04390,Night,41.1,14.8,60.3,65.6,61.1,71.9,Defect,0.9938864188537592,High_Risk
1258,6,M07983,Afternoon,37.0,18.3,72.4,63.3,75.3,59.0,Defect,0.9938448732630492,High_Risk
764,14,M03267,Afternoon,41.0,15.2,84.7,63.3,58.8,57.2,Defect,0.9938378077605005,High_Risk
2784,8,M01456,Night,34.6,18.3,70.0,54.2,77.0,62.8,Defect,0.9938182440412558,High_Risk
7784,1,M01015,Morning,35.7,15.6,67.6,64.6,70.6,68.4,Defect,0.993811587774073,High_Risk
171,18,M05233,Afternoon,45.7,15.0,68.8,62.1,71.3,68.4,Defect,0.9937975250401336,High_Risk
2734,24,M01493,Night,38.0,19.0,60.1,65.2,63.8,71.8,Defect,0.9937967364848969,High_Risk
2105,23,M00690,Night,34.4,16.8,74.4,66.1,62.1,67.7,Defect,0.9937869189113426,High_Risk
4898,22,M09375,Morning,32.1,13.1,66.8,76.5,57.8,64.1,Defect,0.9937678120174523,High_Risk
4317,20,M00777,Afternoon,34.5,16.5,73.1,63.4,61.5,65.8,Defect,0.9937401613949245,High_Risk
678,4,M08176,Morning,34.2,13.6,66.2,40.9,80.7,82.3,Defect,0.9937397860609982,High_Risk
7045,21,M07340,Night,39.7,15.5,68.2,83.3,67.0,52.2,Defect,0.9937218760298141,High_Risk
7205,11,M09610,Night,36.2,17.2,72.1,68.2,69.7,50.6,Defect,0.9936939385252539,High_Risk
2731,8,M05155,Afternoon,32.3,14.8,64.9,62.0,75.0,62.5,Defect,0.9936574835670637,High_Risk
6794,18,M06241,Morning,29.7,16.7,79.7,46.1,62.0,81.0,Defect,0.9936572963630933,High_Risk
3164,18,M09204,Afternoon,25.0,16.7,59.0,68.8,69.1,60.6,Defect,0.9936561270277774,High_Risk
24,20,M02559,Morning,27.3,16.9,69.2,78.3,59.6,61.9,Defect,0.993644648570739,High_Risk
3704,23,M00518,Night,36.1,16.4,58.8,68.4,77.0,73.1,Defect,0.9936126383298233,High_Risk
9023,11,M04093,Afternoon,37.7,14.7,66.1,69.1,61.1,70.2,Defect,0.9936061749078935,High_Risk
7770,9,M06285,Afternoon,36.0,17.2,70.9,74.0,74.0,59.9,Defect,0.9935185282686245,High_Risk
6855,21,M02824,Morning,39.6,18.0,68.3,68.2,70.1,61.6,Defect,0.9934247815843336,High_Risk
2892,21,M03260,Afternoon,33.3,16.7,69.0,63.3,70.3,70.3,Defect,0.9934115986873563,High_Risk
768,16,M06778,Night,33.5,15.4,81.8,66.3,59.8,69.5,Defect,0.9934041868340864,High_Risk
3119,10,M02131,Morning,33.5,15.7,63.4,61.9,64.3,70.9,Defect,0.9933975241574722,High_Risk
2758,7,M01847,Night,40.9,16.9,57.7,72.3,74.9,65.9,Defect,0.9933913320911094,High_Risk
3618,8,M01294,Night,43.0,15.4,74.5,65.3,60.5,69.0,Defect,0.9933723178484288,High_Risk
7865,24,M08796,Morning,37.0,14.1,60.1,67.8,73.2,68.7,Defect,0.9933407358556751,High_Risk
4414,23,M04877,Afternoon,34.6,13.2,71.8,54.2,74.1,74.6,Defect,0.9933260741747182,High_Risk
6157,12,M00740,Afternoon,35.2,14.9,60.8,63.9,69.1,75.3,Defect,0.9933229196851252,High_Risk
8622,7,M01410,Morning,37.1,16.1,73.3,67.0,64.9,63.9,Defect,0.9933105843055567,High_Risk
1344,23,M01166,Afternoon,34.1,15.8,69.8,70.9,56.2,63.4,Defect,0.9932769170123765,High_Risk
9289,24,M09911,Afternoon,32.2,14.1,55.3,61.2,80.9,68.9,Defect,0.9932644383159562,High_Risk
2777,1,M07816,Morning,34.7,16.8,75.7,86.1,51.6,61.5,Defect,0.9932593674513958,High_Risk
2326,14,M02548,Night,39.1,13.2,78.5,72.8,68.9,55.2,Defect,0.9931860544217688,High_Risk
6555,1,M00344,Night,34.7,16.1,61.7,73.1,70.2,70.7,Defect,0.9931369428766061,High_Risk
8895,22,M00433,Morning,38.0,18.9,59.6,71.8,66.9,68.8,Defect,0.9931178367090523,High_Risk
1778,23,M07596,Afternoon,39.9,13.4,54.7,68.4,62.7,72.9,Defect,0.9931081609180206,High_Risk
3805,19,M05284,Morning,36.1,14.6,67.3,65.7,67.2,67.9,Defect,0.9931034175633379,High_Risk
1673,19,M03454,Night,32.5,13.9,58.9,83.0,67.4,61.7,Defect,0.9930854870404066,High_Risk
5035,12,M02254,Morning,33.8,17.2,71.3,57.6,72.0,67.7,Defect,0.9930734449695443,High_Risk
7599,8,M02002,Night,33.6,16.4,64.4,64.9,68.8,63.9,Defect,0.9930682587547532,High_Risk
3725,9,M01307,Morning,28.3,11.0,71.3,65.3,71.4,67.2,Defect,0.993051018014908,High_Risk
6554,10,M04894,Morning,36.6,16.3,81.9,67.1,67.8,57.6,Defect,0.9930337481084706,High_Risk
3290,7,M01402,Morning,31.2,16.2,58.5,78.1,66.7,63.6,Defect,0.9929483731421844,High_Risk
5135,9,M05541,Night,30.0,16.2,67.9,75.3,72.2,51.7,Defect,0.9929229005893405,High_Risk
7753,14,M05213,Morning,37.0,13.3,63.6,76.8,60.7,65.9,Defect,0.9929178956741382,High_Risk
2553,12,M07240,Night,30.4,16.4,66.7,71.3,63.3,69.1,Defect,0.9929091432571586,High_Risk
277,1,M04497,Night,33.6,16.8,78.3,67.5,76.1,54.5,Defect,0.9928710939100236,High_Risk
7944,15,M03401,Morning,36.5,15.4,60.9,72.1,59.5,78.3,Defect,0.9927868546650812,High_Risk
2028,23,M04577,Night,29.4,16.5,69.8,67.6,58.0,78.2,Defect,0.9927741806961992,High_Risk
4403,3,M01997,Morning,36.5,14.1,67.8,79.4,78.2,54.2,Defect,0.9927340318867709,High_Risk
9092,14,M06807,Morning,46.1,14.0,62.8,58.9,81.3,87.2,Defect,0.9927211573636836,High_Risk
2287,2,M08475,Night,33.6,12.5,67.1,66.8,85.8,56.1,Defect,0.9926459710490164,High_Risk
2226,8,M07505,Afternoon,34.4,16.4,73.9,64.9,61.3,64.9,Defect,0.9925403099641902,High_Risk
7819,11,M05696,Night,38.3,16.2,66.8,79.2,58.1,69.8,Defect,0.9925286206558279,High_Risk
6959,18,M08868,Afternoon,38.5,15.3,68.0,72.8,76.6,59.4,Defect,0.9924592298219115,High_Risk
627,14,M05064,Afternoon,36.5,14.7,71.1,72.2,71.0,58.0,Defect,0.9924261255351307,High_Risk
6974,24,M01850,Afternoon,39.9,14.7,71.2,74.3,67.0,60.9,Defect,0.9923964577585863,High_Risk
397,24,M00831,Night,37.9,15.9,62.8,62.0,64.0,73.7,Defect,0.9923428669831701,High_Risk
6484,7,M08284,Morning,33.8,15.7,79.4,73.2,59.5,60.7,Defect,0.9923326139646401,High_Risk
9367,19,M04103,Afternoon,43.0,16.7,66.0,61.8,71.0,69.6,Defect,0.9922847638184141,High_Risk
6722,15,M02786,Morning,33.9,16.9,69.1,62.9,64.3,69.7,Defect,0.9922700151747683,High_Risk
8326,4,M03532,Night,32.8,16.5,81.4,56.1,61.0,67.6,Defect,0.9920444459237564,High_Risk
9293,13,M07029,Afternoon,28.9,17.8,74.6,61.5,67.7,65.8,Defect,0.9919747841864741,High_Risk
8133,22,M06228,Night,31.5,16.3,65.9,69.2,70.2,61.2,Defect,0.9919666727401772,High_Risk
5809,4,M04632,Afternoon,34.9,19.2,58.5,59.7,91.1,71.9,Defect,0.9919338746606056,High_Risk
5673,14,M08803,Afternoon,34.7,15.2,55.3,60.1,77.6,80.3,Defect,0.9919010175512893,High_Risk
6218,15,M07073,Morning,30.1,16.6,72.5,65.6,65.8,66.4,Defect,0.9918202383382237,High_Risk
1217,21,M04854,Morning,37.9,12.6,75.7,69.7,59.5,64.5,Defect,0.9918184168918401,High_Risk
2184,3,M07178,Morning,38.8,14.0,65.6,77.8,65.4,58.3,Defect,0.991814306144205,High_Risk
5080,4,M07372,Afternoon,32.8,17.1,72.6,63.1,69.9,68.5,Defect,0.991780696952165,High_Risk
5867,17,M04704,Afternoon,33.8,17.7,76.2,76.6,65.9,59.7,Defect,0.9917656167930161,High_Risk
3635,1,M08126,Morning,35.6,14.2,72.4,66.2,71.7,62.2,Defect,0.9917358576668981,High_Risk
3396,24,M05259,Night,32.6,14.2,69.4,51.1,75.9,74.5,Defect,0.991731964853705,High_Risk
5892,23,M07119,Afternoon,37.9,16.0,66.9,65.7,61.1,75.4,Defect,0.9916322509146667,High_Risk
7590,16,M07461,Morning,35.7,16.6,61.0,74.9,67.5,73.5,Defect,0.9916067233753313,High_Risk
4639,19,M04592,Night,32.9,20.2,61.5,69.8,57.8,84.5,Defect,0.9915769967603424,High_Risk
4027,8,M06458,Morning,35.6,14.5,50.3,73.8,72.8,81.1,Defect,0.991575231688271,High_Risk
3646,17,M03094,Morning,42.3,17.9,67.6,69.8,55.4,83.5,Defect,0.9914910399690581,High_Risk
2420,8,M06405,Morning,37.0,14.1,81.1,53.9,78.5,66.9,Defect,0.9914875220916592,High_Risk
6335,17,M03173,Morning,35.5,17.5,72.9,73.2,60.7,65.0,Defect,0.9914836199451293,High_Risk
1682,11,M09634,Night,36.1,15.0,61.8,74.4,63.7,72.0,Defect,0.9914456603408414,High_Risk
7847,18,M06778,Night,39.8,17.4,75.4,74.7,60.2,60.3,Defect,0.9914308657882711,High_Risk
7075,22,M09245,Afternoon,34.7,15.1,70.4,70.3,63.2,68.7,Defect,0.9914142447035285,High_Risk
3548,21,M03451,Afternoon,32.4,15.2,53.3,79.1,80.0,63.2,Defect,0.9914027657275093,High_Risk
4493,24,M02106,Afternoon,37.3,15.9,66.1,69.7,54.4,78.7,Defect,0.9913736673536958,High_Risk
7472,8,M06547,Morning,35.7,17.3,61.1,72.3,73.8,65.2,Defect,0.9913026618516889,High_Risk
1110,22,M03311,Morning,38.5,13.9,58.1,73.3,63.3,75.9,Defect,0.9912900043942524,High_Risk
4337,15,M00447,Afternoon,41.5,18.1,68.8,65.7,67.5,69.1,Defect,0.9912804511412567,High_Risk
7938,16,M02375,Afternoon,38.4,16.9,69.1,70.3,63.1,64.5,Defect,0.9912485296013379,High_Risk
3943,13,M05553,Morning,45.2,16.2,73.6,59.4,86.5,67.5,Defect,0.991213741322766,High_Risk
8964,3,M02163,Morning,35.1,14.6,70.6,62.0,69.6,71.7,Defect,0.9911092544662939,High_Risk
7917,13,M00357,Afternoon,32.6,12.4,71.0,64.9,72.0,65.4,Defect,0.9910601133462211,High_Risk
7178,7,M01393,Night,36.2,14.7,66.4,69.0,64.6,68.7,Defect,0.9909783021276186,High_Risk
1879,4,M06013,Morning,33.9,17.2,73.6,65.3,60.1,72.9,Defect,0.9909568135896692,High_Risk
6872,23,M08741,Morning,31.8,17.2,75.6,61.0,68.7,65.6,Defect,0.9909144597843893,High_Risk
3820,16,M04028,Afternoon,40.9,14.6,62.5,63.5,72.1,68.1,Defect,0.990886235753139,High_Risk
6654,16,M06744,Morning,39.1,13.8,73.8,67.0,71.7,61.8,Defect,0.9908061905995447,High_Risk
9900,1,M04943,Morning,37.4,13.4,62.4,66.7,70.3,69.1,Defect,0.9907401878575577,High_Risk
1690,3,M07905,Night,43.0,15.8,62.8,77.0,63.5,62.1,Defect,0.9907114646543391,High_Risk
2096,2,M04350,Night,39.6,16.1,82.4,51.0,73.0,69.7,Defect,0.9906186715210089,High_Risk
9470,25,M03541,Morning,34.6,19.5,80.8,50.6,70.6,73.9,Defect,0.9906154279280724,High_Risk
1341,6,M04436,Morning,32.8,13.5,69.5,66.2,66.8,68.1,Defect,0.990565888591969,High_Risk
2000,23,M02666,Morning,38.7,15.4,59.5,71.2,78.5,66.4,Defect,0.9905114399722105,High_Risk
2432,5,M07711,Night,37.1,16.6,70.2,51.2,86.1,73.5,Defect,0.9904132348323761,High_Risk
741,4,M05450,Afternoon,34.6,14.8,80.9,62.1,71.0,59.8,Defect,0.9903227589343827,High_Risk
328,25,M01896,Afternoon,36.1,17.0,52.8,66.3,66.1,81.5,Defect,0.9903135158215387,High_Risk
7257,4,M01239,Morning,36.0,14.1,71.4,73.7,71.5,52.8,Defect,0.9902886766911613,High_Risk
6879,12,M04774,Night,33.8,16.6,88.4,59.6,77.1,71.0,Defect,0.990271132842929,High_Risk
9556,10,M02893,Night,33.5,14.7,68.0,62.0,72.2,75.6,Defect,0.9902602175169681,High_Risk
9244,23,M03873,Afternoon,35.4,17.5,75.1,80.8,64.5,42.4,Defect,0.9902040049896971,High_Risk
1387,13,M07658,Night,35.8,16.3,73.3,73.6,74.9,55.7,Defect,0.9901967755700657,High_Risk
9482,10,M01213,Morning,29.3,14.5,61.9,75.4,67.6,71.9,Defect,0.9901600647494374,High_Risk
5048,24,M00326,Afternoon,39.3,12.1,85.2,58.0,76.8,83.8,Defect,0.9901295346468655,High_Risk
1231,9,M01525,Night,34.8,17.6,61.2,64.5,74.9,64.2,Defect,0.9901051723654613,High_Risk
2804,22,M05464,Night,36.3,17.2,73.7,54.9,78.3,78.5,Defect,0.9901017439748613,High_Risk
5058,18,M07755,Morning,40.3,15.5,65.6,62.9,64.7,70.0,Defect,0.9900115191622517,High_Risk
4750,9,M04907,Night,40.1,14.7,74.1,57.7,68.5,70.1,Defect,0.99,High_Risk
5763,6,M03511,Night,36.8,16.9,70.8,69.5,66.9,64.3,Defect,0.9899995357841844,High_Risk
9025,9,M02667,Afternoon,31.7,16.1,73.6,66.7,54.6,76.0,Defect,0.9899900481618896,High_Risk
4570,21,M08663,Night,26.2,16.5,63.3,66.8,69.9,70.4,Defect,0.9899532978867487,High_Risk
6765,6,M07960,Night,40.1,17.0,63.1,68.4,64.2,69.1,Defect,0.9899168735357985,High_Risk
5469,15,M02598,Night,34.3,14.9,57.3,65.6,68.5,74.6,Defect,0.9898682332147046,High_Risk
5013,14,M05875,Afternoon,34.7,16.9,67.6,64.7,56.6,78.4,Defect,0.9898475971080398,High_Risk
679,21,M02001,Night,35.7,13.3,64.8,80.1,64.0,61.1,Defect,0.9898384451711674,High_Risk
1235,8,M05761,Afternoon,34.4,15.1,59.1,53.4,65.3,88.4,Defect,0.9898309948979592,High_Risk
8961,24,M07574,Morning,35.1,12.9,75.9,59.8,85.6,56.8,Defect,0.9896591367491924,High_Risk
4286,1,M07588,Afternoon,42.6,15.9,64.4,69.8,66.4,69.6,Defect,0.9896062848637028,High_Risk
4161,5,M06839,Afternoon,32.8,17.5,73.6,67.4,74.5,56.4,Defect,0.9895738195402423,High_Risk
455,1,M06834,Morning,32.0,14.8,73.9,63.2,68.0,64.7,Defect,0.9895267830861088,High_Risk
7357,9,M05721,Night,33.0,17.3,67.2,68.4,64.1,67.2,Defect,0.9894298216160783,High_Risk
3267,17,M07481,Afternoon,38.7,19.2,71.4,67.2,62.9,64.0,Defect,0.989357107875876,High_Risk
7941,9,M00890,Morning,36.9,19.1,67.2,60.1,66.6,74.2,Defect,0.9892691815222012,High_Risk
5613,18,M01031,Night,36.8,15.0,70.0,62.8,68.6,67.5,Defect,0.9892623428217143,High_Risk
6297,21,M01009,Morning,36.4,14.3,69.8,65.8,70.7,66.8,Defect,0.989095611439936,High_Risk
1366,24,M01869,Morning,34.5,18.4,83.1,47.7,50.3,85.6,Defect,0.9890734461566407,High_Risk
5272,25,M02182,Morning,37.8,18.8,76.0,51.4,75.7,82.8,Defect,0.9890489186486972,High_Risk
1524,10,M04117,Morning,35.1,16.3,71.2,62.6,72.7,67.0,Defect,0.9889307959379612,High_Risk
6522,15,M00315,Morning,35.5,17.1,68.4,72.5,61.8,65.6,Defect,0.9889031615877174,High_Risk
7428,8,M09282,Morning,32.4,19.2,67.8,62.0,69.6,71.2,Defect,0.9888879367948988,High_Risk
5394,5,M06870,Afternoon,36.6,16.4,72.2,66.7,71.5,64.2,Defect,0.9888445640347103,High_Risk
1093,8,M05798,Afternoon,38.2,15.1,60.7,73.2,71.0,74.0,Defect,0.9888428117216417,High_Risk
8311,20,M06459,Afternoon,32.4,14.2,80.9,65.1,60.8,63.8,Defect,0.9887224604029599,High_Risk
7635,13,M07315,Afternoon,41.1,15.2,70.8,64.9,72.0,70.5,Defect,0.9886936353015685,High_Risk
299,24,M07680,Afternoon,37.2,16.2,67.9,68.0,62.9,66.5,Defect,0.9885344657520656,High_Risk
6447,5,M04151,Night,36.0,12.9,82.0,63.7,73.3,58.4,Defect,0.9885165734146599,High_Risk
64,18,M05676,Morning,38.7,18.7,65.9,64.5,67.8,69.7,Defect,0.9884591611104651,High_Risk
8167,10,M07333,Morning,37.0,16.9,63.7,71.2,63.0,66.7,Defect,0.988355070993226,High_Risk
8568,23,M04137,Night,32.6,16.5,46.7,61.6,74.0,63.5,Defect,0.9883261066841444,High_Risk
9930,18,M00332,Night,38.7,17.1,69.4,62.3,67.8,75.2,Defect,0.9881773647987915,High_Risk
9369,4,M02776,Night,29.0,18.4,70.8,59.8,70.6,79.0,Defect,0.9881605821175536,High_Risk
4917,8,M03179,Morning,39.1,14.1,73.3,53.6,78.3,80.6,Defect,0.9881586749609625,High_Risk
8219,3,M02262,Morning,36.5,16.0,59.4,71.8,69.0,73.4,Defect,0.988088442269476,High_Risk
3785,8,M06137,Night,31.6,16.0,69.3,53.4,83.2,78.4,Defect,0.9880546966029463,High_Risk
596,17,M06531,Afternoon,45.4,14.3,76.2,58.7,80.7,87.6,Defect,0.9880464691715372,High_Risk
2450,17,M00205,Morning,27.5,14.6,68.8,64.2,69.3,73.6,Defect,0.987920663101465,High_Risk
1232,6,M02121,Morning,40.7,15.4,68.3,71.8,63.9,67.4,Defect,0.9877936711336973,High_Risk
3345,22,M06411,Afternoon,34.6,14.4,70.6,58.6,79.5,76.9,Defect,0.9877768176462047,High_Risk
7192,15,M01562,Afternoon,37.6,17.9,71.7,67.4,61.8,72.6,Defect,0.9877758076171003,High_Risk
9101,4,M02589,Afternoon,33.9,16.5,74.7,65.2,70.5,62.3,Defect,0.9877223187553359,High_Risk
4312,23,M07658,Night,32.4,17.0,74.8,69.1,61.0,66.8,Defect,0.9877087416574433,High_Risk
1445,24,M04287,Night,32.7,16.8,66.1,62.0,74.1,62.2,Defect,0.9876776287223106,High_Risk
6984,10,M01488,Night,35.3,15.8,73.1,62.1,70.0,68.0,Defect,0.9876364468898897,High_Risk
2090,3,M05778,Morning,27.8,14.6,52.5,76.8,64.7,79.1,Defect,0.9875636909092474,High_Risk
3453,20,M03744,Afternoon,39.4,15.8,64.5,66.1,67.4,72.7,Defect,0.9875634115546775,High_Risk
1578,8,M08358,Afternoon,42.4,15.1,71.9,69.2,61.0,71.3,Defect,0.9875130248045124,High_Risk
7604,15,M01221,Night,35.8,16.1,74.3,64.8,65.3,68.0,Defect,0.9874405642398947,High_Risk
3903,15,M08677,Night,40.7,16.0,85.1,56.8,70.8,83.6,Defect,0.9873991808815222,High_Risk
6139,18,M09058,Afternoon,36.0,17.9,64.6,58.3,67.5,89.8,Defect,0.9873398514354575,High_Risk
958,4,M05568,Morning,42.9,15.3,70.4,63.3,61.6,78.0,Defect,0.9871160315134704,High_Risk
2206,22,M03272,Night,27.9,16.8,75.6,83.2,53.1,64.5,Defect,0.9870860147601286,High_Risk
3512,13,M03253,Morning,31.7,14.9,73.2,52.0,69.7,81.4,Defect,0.9870444475169394,High_Risk
6753,14,M08279,Morning,30.7,16.9,64.8,61.4,68.2,71.5,Defect,0.9870074051200344,High_Risk
5543,17,M05215,Night,38.4,17.3,76.2,67.0,67.8,60.5,Defect,0.9869163054961894,High_Risk
5114,1,M02658,Afternoon,36.5,16.9,65.3,66.8,67.3,71.3,Defect,0.9868382125053925,High_Risk
7602,23,M01031,Morning,41.2,13.9,62.6,69.0,63.2,65.2,Defect,0.9868145629607109,High_Risk
1613,25,M01896,Afternoon,39.0,17.4,76.7,54.1,79.9,70.2,Defect,0.9867226531759589,High_Risk
6446,21,M06469,Afternoon,35.0,16.4,75.3,66.6,79.1,59.5,Defect,0.9867224478060403,High_Risk
6733,1,M02690,Night,34.6,14.7,95.5,56.4,63.8,75.1,Defect,0.9867116732356348,High_Risk
9374,21,M08458,Night,47.9,13.9,66.4,58.4,90.0,94.5,Defect,0.9866978574305528,High_Risk
8737,1,M06944,Morning,35.5,14.9,75.6,62.2,72.1,63.4,Defect,0.9866290221994829,High_Risk
8409,24,M02186,Afternoon,38.3,14.4,63.0,71.8,75.8,61.5,Defect,0.9865265611105184,High_Risk
8283,3,M05642,Night,33.4,14.2,71.4,65.6,62.8,66.0,Defect,0.9864529676253766,High_Risk
6715,4,M07755,Night,33.2,16.9,81.7,61.9,58.3,74.0,Defect,0.9863696064044922,High_Risk
32,1,M03006,Morning,32.9,13.3,58.0,61.2,73.0,78.8,Defect,0.9863417375747732,High_Risk
3457,10,M09172,Afternoon,36.4,15.2,72.9,54.0,74.3,82.8,Defect,0.9862785146745562,High_Risk
1540,22,M01608,Afternoon,31.4,16.1,68.0,66.9,69.7,69.4,Defect,0.9862396838181475,High_Risk
3265,5,M00235,Night,33.5,15.4,63.9,60.1,78.1,66.0,Defect,0.9860797312292476,High_Risk
1861,20,M05253,Night,41.1,16.0,77.6,58.9,73.4,71.6,Defect,0.9860041899837063,High_Risk
1688,16,M00530,Afternoon,32.1,14.9,65.5,69.1,66.0,67.9,Defect,0.9859861564565149,High_Risk
737,21,M07044,Morning,32.9,16.1,64.4,69.3,73.3,60.6,Defect,0.9859760194622582,High_Risk
6523,20,M02377,Night,40.5,16.4,65.4,63.6,64.5,65.9,Defect,0.9858831822567804,High_Risk
1625,25,M05384,Morning,26.6,16.6,75.9,53.8,77.9,77.3,Defect,0.9857883511494328,High_Risk
5258,6,M08466,Afternoon,36.3,18.2,68.6,67.8,64.8,67.7,Defect,0.9857248918854785,High_Risk
7293,9,M08803,Morning,35.3,16.1,61.5,78.8,64.7,70.1,Defect,0.9857055524387845,High_Risk
6005,3,M00154,Morning,33.9,13.6,68.8,65.2,59.5,73.0,Defect,0.9856469981394537,High_Risk
5712,2,M03999,Night,29.1,16.3,72.0,77.4,74.7,55.9,Defect,0.9855515231204582,High_Risk
1271,5,M06610,Afternoon,34.9,13.5,61.4,79.9,65.1,63.2,Defect,0.9854896022787943,High_Risk
161,17,M05576,Morning,43.0,17.9,72.9,64.7,64.0,67.4,Defect,0.9854425219514674,High_Risk
8064,21,M02856,Morning,31.2,18.5,82.7,50.5,72.4,85.8,Defect,0.9854191382041988,High_Risk
8006,13,M04235,Morning,34.5,14.7,79.6,55.4,71.4,86.4,Defect,0.9852956863817532,High_Risk
8071,19,M03769,Afternoon,37.1,18.0,71.5,58.7,71.4,87.3,Defect,0.9852846310936638,High_Risk
1238,13,M09131,Afternoon,36.6,15.9,79.8,54.9,78.3,74.6,Defect,0.9852296696320052,High_Risk
1436,18,M07315,Morning,37.8,18.2,70.1,67.0,65.9,72.0,Defect,0.9851511791302449,High_Risk
7704,5,M03233,Morning,33.5,13.8,78.9,62.3,67.3,65.2,Defect,0.9851269629658264,High_Risk
4395,5,M02986,Night,38.2,16.5,78.2,59.1,72.8,77.0,Defect,0.985083005536623,High_Risk
361,20,M06615,Morning,33.1,15.3,71.3,94.2,65.9,46.3,Defect,0.9850326244587309,High_Risk
3131,5,M02556,Night,48.5,16.2,89.0,59.1,67.8,73.7,Defect,0.9850026193388643,High_Risk
9332,22,M02115,Night,34.5,13.9,79.7,60.7,67.6,62.1,Defect,0.9849466855433205,High_Risk
5919,17,M09952,Morning,31.5,19.3,51.8,63.1,82.4,82.2,Defect,0.9849032964440471,High_Risk
227,15,M02386,Night,38.3,15.8,76.5,57.4,73.6,78.1,Defect,0.9848589792779984,High_Risk
7096,20,M01354,Afternoon,36.1,17.9,83.5,77.4,59.4,60.0,Defect,0.9847188445619897,High_Risk
3716,22,M04118,Morning,37.4,11.1,68.4,65.8,80.2,64.8,Defect,0.9847066150191693,High_Risk
5728,13,M08634,Morning,33.5,13.6,87.6,57.1,83.4,69.4,Defect,0.9847061338754598,High_Risk
666,5,M07450,Morning,38.9,14.7,57.2,70.0,75.5,69.2,Defect,0.9845030805143261,High_Risk
754,3,M07831,Morning,33.1,19.1,79.8,63.9,62.6,50.9,Defect,0.9843501163999963,High_Risk
2455,13,M09912,Afternoon,36.9,12.5,66.8,63.0,71.6,74.9,Defect,0.9843001071657406,High_Risk
1381,25,M08246,Morning,42.4,14.9,75.6,61.2,69.1,63.0,Defect,0.984235285102282,High_Risk
8011,24,M02514,Night,29.6,13.3,72.1,70.8,70.1,61.8,Defect,0.984196800784934,High_Risk
4698,12,M02285,Afternoon,34.0,18.3,77.3,58.1,74.0,77.3,Defect,0.984079605212161,High_Risk
5194,24,M04387,Night,38.9,14.6,79.8,53.1,71.5,77.3,Defect,0.9840783307286923,High_Risk
8767,2,M09292,Night,45.8,14.5,85.1,59.0,82.9,64.7,Defect,0.984063426798033,High_Risk
4480,14,M07283,Afternoon,40.6,17.0,61.4,70.0,67.5,73.7,Defect,0.9839375893489223,High_Risk
371,7,M07510,Morning,31.7,16.6,77.2,69.7,56.8,75.2,Defect,0.9838351383428868,High_Risk
3366,17,M05940,Afternoon,25.6,16.0,67.4,58.6,69.2,84.9,Defect,0.9838338204348842,High_Risk
6909,11,M09018,Night,38.6,14.6,62.7,58.2,82.1,80.6,Defect,0.9837570029546359,High_Risk
9410,15,M05267,Afternoon,38.0,17.3,68.5,58.7,76.6,77.4,Defect,0.9837261501147679,High_Risk
1790,22,M06813,Afternoon,27.4,17.8,68.8,62.9,69.8,76.6,Defect,0.9837136463294784,High_Risk
9662,1,M08091,Morning,28.6,16.5,79.4,73.5,59.3,60.4,Defect,0.9836870323578967,High_Risk
8001,20,M05247,Afternoon,30.3,15.1,76.1,60.5,66.2,61.7,Defect,0.9836518759741627,High_Risk
7906,10,M02363,Night,38.5,17.9,74.7,59.0,73.2,76.0,Defect,0.9836138537990701,High_Risk
132,13,M05117,Morning,38.7,16.3,81.3,55.9,72.5,84.2,Defect,0.9835916411338927,High_Risk
2530,14,M07194,Night,40.8,17.3,72.4,59.9,75.9,75.8,Defect,0.9835907242779705,High_Risk
4511,16,M04568,Morning,35.1,19.5,62.3,65.7,61.8,76.4,Defect,0.9835366589995858,High_Risk
406,4,M01932,Night,36.2,13.9,68.3,67.3,66.0,65.8,Defect,0.9835360414311076,High_Risk
4497,19,M03177,Afternoon,37.2,15.6,69.8,63.9,70.9,71.8,Defect,0.9834560779094181,High_Risk
1705,6,M03156,Afternoon,36.5,16.6,76.4,66.6,63.6,62.6,Defect,0.9833722431366442,High_Risk
4045,9,M00991,Afternoon,35.6,16.2,64.4,69.9,63.6,66.8,Defect,0.9833325359797116,High_Risk
5263,11,M00422,Afternoon,31.3,14.4,86.3,63.9,58.4,52.4,Defect,0.983258382187287,High_Risk
8628,12,M02991,Night,32.4,18.8,60.9,71.1,69.0,75.3,Defect,0.9832370317858206,High_Risk
8390,18,M08873,Morning,39.6,15.6,72.0,64.2,60.0,83.2,Defect,0.9831842672674199,High_Risk
7578,25,M06453,Afternoon,38.2,16.4,84.3,57.7,79.5,68.9,Defect,0.9830952287360387,High_Risk
8291,21,M06332,Night,33.3,16.2,86.4,58.6,80.6,72.0,Defect,0.9830825032938114,High_Risk
5251,4,M08939,Morning,36.0,16.5,66.5,61.1,75.0,67.2,Defect,0.9830522588016024,High_Risk
9098,14,M07395,Morning,35.1,17.7,65.2,66.5,64.9,63.5,Defect,0.9829784688862192,High_Risk
4075,24,M07486,Afternoon,36.3,17.4,71.1,71.2,67.5,63.7,Defect,0.9829740986659565,High_Risk
2742,17,M03517,Morning,35.9,16.6,65.7,56.0,73.0,93.0,Defect,0.9828850314469875,High_Risk
1109,15,M07222,Afternoon,37.1,15.8,64.2,63.8,66.7,77.7,Defect,0.9827494128310675,High_Risk
3900,8,M03688,Night,38.4,16.0,73.9,66.1,60.4,79.5,Defect,0.982646425773868,High_Risk
3284,20,M02662,Night,41.8,14.9,63.3,60.4,75.7,66.4,Defect,0.9825928223231105,High_Risk
7230,2,M00121,Afternoon,30.6,20.4,74.1,59.3,81.1,78.6,Defect,0.9825814473952775,High_Risk
9590,9,M08217,Night,49.4,16.3,60.9,65.1,74.2,73.0,Defect,0.982541861983233,High_Risk
1995,21,M04212,Night,28.4,11.9,64.3,66.3,71.9,71.6,Defect,0.9825326934617762,High_Risk
7550,19,M03960,Afternoon,36.5,17.4,85.6,56.0,73.6,69.8,Defect,0.9825013488393608,High_Risk
305,4,M03445,Afternoon,38.8,15.6,71.9,70.8,67.9,63.9,Defect,0.982389316965531,High_Risk
7089,5,M08364,Morning,30.8,15.0,80.7,55.0,75.8,74.7,Defect,0.9823153367480255,High_Risk
7809,9,M00810,Morning,37.8,15.1,74.8,64.6,70.6,62.7,Defect,0.9822956116961905,High_Risk
9465,16,M01161,Night,29.4,17.0,68.1,64.9,78.4,61.6,Defect,0.9822691632859274,High_Risk
5357,11,M01080,Morning,37.5,13.7,73.9,64.5,71.4,67.8,Defect,0.9822656582713174,High_Risk
6711,23,M03946,Morning,33.6,14.8,70.2,77.3,63.2,61.8,Defect,0.982222030977373,High_Risk
1872,20,M05244,Morning,36.2,16.7,69.1,65.0,67.1,75.9,Defect,0.9821993320038526,High_Risk
9793,4,M00661,Morning,38.1,13.9,66.0,71.5,65.9,68.6,Defect,0.9819315727371819,High_Risk
2249,14,M06304,Afternoon,29.5,18.1,72.9,65.2,65.5,66.6,Defect,0.9819127965967062,High_Risk
8372,24,M01099,Afternoon,37.6,16.5,66.3,61.4,67.0,73.2,Defect,0.9819012164481236,High_Risk
6623,14,M02065,Afternoon,36.4,15.0,66.6,63.7,65.4,74.3,Defect,0.9818702195493332,High_Risk
7939,19,M02273,Morning,34.3,17.6,71.1,59.3,81.9,74.7,Defect,0.9817855795799142,High_Risk
3545,10,M00206,Night,27.1,17.0,60.2,66.7,66.4,60.0,Defect,0.9817340814408055,High_Risk
4204,5,M01320,Night,37.0,17.2,82.7,63.9,60.6,69.2,Defect,0.9816719569897853,High_Risk
9984,18,M04550,Night,34.7,17.9,69.3,71.5,61.5,75.4,Defect,0.981663921616967,High_Risk
1776,9,M03250,Morning,38.1,17.8,77.0,58.6,72.3,73.8,Defect,0.9815836616683786,High_Risk
2644,7,M01959,Afternoon,44.7,14.2,71.6,67.8,67.4,71.4,Defect,0.9815488111258225,High_Risk
5939,3,M03566,Morning,32.0,15.5,85.0,58.5,72.0,78.0,Defect,0.9815444924356561,High_Risk
9285,22,M01462,Night,36.4,19.2,64.4,69.2,60.9,70.1,Defect,0.9813895558631682,High_Risk
7448,24,M07965,Morning,36.6,13.9,85.8,52.6,78.1,65.5,Defect,0.9813787564074498,High_Risk
3923,24,M07752,Night,30.6,15.8,96.1,56.4,62.9,70.0,Defect,0.9812339747545231,High_Risk
5076,16,M02995,Afternoon,35.6,16.7,90.7,53.5,80.2,65.2,Defect,0.9811311068400292,High_Risk
435,19,M07422,Morning,41.0,15.7,61.9,70.1,60.3,75.2,Defect,0.9810886831236602,High_Risk
6263,10,M06738,Morning,29.7,16.7,68.0,65.0,73.8,66.1,Defect,0.9810614354075491,High_Risk
2602,3,M03865,Morning,40.6,15.5,73.4,62.0,75.2,62.3,Defect,0.981008480112286,High_Risk
1621,4,M03145,Afternoon,35.2,15.0,69.6,62.1,72.6,70.3,Defect,0.9809717637758486,High_Risk
2713,19,M00265,Morning,33.9,15.1,67.5,65.6,73.8,68.3,Defect,0.9809640218645476,High_Risk
4197,10,M04530,Morning,38.1,16.6,63.0,68.2,78.0,66.5,Defect,0.9809389146752,High_Risk
182,6,M00855,Morning,36.1,14.7,64.6,57.7,86.0,76.1,Defect,0.980893853169321,High_Risk
7645,4,M08297,Morning,35.6,15.8,78.3,56.6,77.3,71.8,Defect,0.9808105416096576,High_Risk
7695,4,M09352,Night,37.7,15.8,82.1,49.4,72.2,81.8,Defect,0.9807845236358556,High_Risk
9849,12,M07825,Afternoon,39.4,19.0,54.5,77.7,74.8,71.6,Defect,0.9807826203509332,High_Risk
6977,21,M04403,Afternoon,38.1,14.7,62.4,69.8,72.1,62.5,Defect,0.9807171323791293,High_Risk
4675,4,M07505,Afternoon,33.9,17.8,85.4,56.7,74.1,70.0,Defect,0.9805063201553077,High_Risk
2670,17,M01139,Morning,35.1,16.3,67.7,76.2,62.3,69.6,Defect,0.980380309282587,High_Risk
1645,13,M01267,Morning,36.6,14.2,82.5,52.5,81.4,71.1,Defect,0.980359400344126,High_Risk
9612,9,M07826,Morning,38.0,17.0,73.3,49.7,81.3,82.9,Defect,0.9803298816504927,High_Risk
9259,12,M02628,Night,30.4,17.2,65.8,63.7,71.2,69.0,Defect,0.9802390376296468,High_Risk
2214,2,M06421,Night,41.8,16.8,65.3,70.5,70.1,68.3,Defect,0.9802149223592193,High_Risk
6117,17,M09081,Afternoon,27.6,16.5,63.2,72.1,73.2,64.3,Defect,0.9801348542031332,High_Risk
1817,6,M06925,Morning,34.7,18.5,76.2,59.1,73.3,74.7,Defect,0.980109371532225,High_Risk
5793,9,M05188,Night,39.5,18.1,74.0,65.7,63.5,67.1,Defect,0.9800901984098591,High_Risk
2572,14,M05111,Night,38.5,13.4,56.7,81.7,73.4,67.7,Defect,0.9800831165615072,High_Risk
792,21,M05812,Afternoon,31.0,16.3,69.8,60.5,72.8,71.8,Defect,0.9800141241152781,High_Risk
2084,22,M00537,Night,38.9,17.7,78.4,70.0,64.3,61.8,Defect,0.9799527442951793,High_Risk
7114,18,M06842,Morning,39.4,14.9,63.0,65.5,69.0,72.5,Defect,0.9799201704317017,High_Risk
8986,19,M08081,Afternoon,42.7,17.3,84.2,51.9,66.1,79.8,Defect,0.9798655869540532,High_Risk
1612,16,M08620,Afternoon,29.5,17.6,74.0,69.5,61.1,65.8,Defect,0.9797708580590242,High_Risk
3048,10,M09095,Morning,31.2,15.9,77.5,64.5,65.3,65.2,Defect,0.9797375556900877,High_Risk
1623,7,M00553,Afternoon,36.2,14.9,87.9,66.8,55.4,60.7,Defect,0.9796967661544338,High_Risk
3642,14,M03732,Night,36.0,15.2,68.7,59.2,83.0,76.2,Defect,0.9796826976303307,High_Risk
9316,17,M07939,Morning,37.8,19.1,85.9,53.8,71.7,73.7,Defect,0.9793343743286532,High_Risk
9971,18,M00265,Morning,39.8,17.7,80.6,58.2,72.7,75.6,Defect,0.9792297872905054,High_Risk
350,9,M06972,Afternoon,37.5,18.3,77.7,59.0,84.9,94.0,Defect,0.9792202101292847,High_Risk
7721,25,M09608,Afternoon,38.8,15.9,82.6,59.7,80.4,70.0,Defect,0.9792083017375001,High_Risk
8477,14,M02626,Morning,35.7,18.1,83.6,54.6,70.8,84.6,Defect,0.9792035475365204,High_Risk
1701,23,M01647,Night,38.8,15.5,73.9,67.7,74.2,60.0,Defect,0.9791910849434058,High_Risk
9412,3,M06436,Afternoon,38.0,16.1,76.0,59.2,76.6,69.4,Defect,0.9791836252363306,High_Risk
5930,13,M04079,Night,30.1,16.4,71.9,57.3,80.6,73.4,Defect,0.9791005963329141,High_Risk
5861,14,M05967,Afternoon,26.9,17.7,79.8,57.7,83.7,67.3,Defect,0.9790943709788315,High_Risk
5245,6,M01270,Afternoon,39.1,16.4,67.4,60.2,75.9,72.8,Defect,0.9790516677688246,High_Risk
4320,11,M00530,Afternoon,26.7,16.8,65.9,69.7,74.2,67.7,Defect,0.9790233906568372,High_Risk
7537,2,M02973,Night,34.9,18.7,71.6,73.8,62.6,67.1,Defect,0.9790003999511909,High_Risk
559,4,M06314,Night,36.3,19.7,74.0,66.3,69.6,64.8,Defect,0.9789234954001087,High_Risk
5379,1,M04684,Night,34.0,17.0,66.5,61.0,63.4,77.7,Defect,0.9787395644495706,High_Risk
3924,7,M05629,Morning,33.7,14.8,72.9,53.8,70.9,85.5,Defect,0.9787303212526223,High_Risk
4315,9,M06328,Night,29.1,14.9,81.2,59.7,81.3,66.7,Defect,0.9787195286930743,High_Risk
8630,16,M04560,Afternoon,34.4,18.9,74.4,57.3,83.4,74.7,Defect,0.978681522021486,High_Risk
6328,1,M07243,Afternoon,28.3,17.0,62.4,68.0,69.9,62.1,Defect,0.9786116469098392,High_Risk
4180,5,M09132,Morning,36.2,15.7,95.9,47.3,79.1,66.5,Defect,0.9785977821759261,High_Risk
9468,24,M02384,Night,32.2,15.7,75.8,58.7,78.1,82.3,Defect,0.9785450254324811,High_Risk
8676,18,M00974,Morning,33.4,15.8,71.3,53.3,80.1,78.3,Defect,0.9785086611050832,High_Risk
4911,25,M05984,Night,44.1,15.3,58.4,84.6,70.0,89.3,Defect,0.9784324622565381,High_Risk
2570,12,M06630,Night,36.5,17.8,81.0,54.8,72.5,71.6,Defect,0.978385836834342,High_Risk
3158,21,M05576,Morning,32.8,15.7,76.1,63.7,66.9,65.1,Defect,0.9783805400457837,High_Risk
6427,17,M03318,Night,25.0,16.6,77.8,70.4,60.8,61.4,Defect,0.9783027557907118,High_Risk
2392,7,M00660,Morning,36.5,17.2,76.7,57.9,79.6,82.5,Defect,0.9782372087752402,High_Risk
9570,18,M08051,Night,35.6,14.9,64.4,69.1,66.0,70.3,Defect,0.9779826073631063,High_Risk
1101,2,M06306,Morning,35.2,15.3,73.0,61.8,62.4,75.0,Defect,0.9779593028621474,High_Risk
6565,2,M01750,Morning,40.9,18.4,74.1,62.2,67.3,70.2,Defect,0.9779568398556425,High_Risk
9959,11,M08621,Afternoon,34.5,15.6,71.7,65.8,63.3,72.2,Defect,0.9779509976069043,High_Risk
1724,14,M03433,Morning,35.8,18.6,75.7,72.3,78.9,54.9,Defect,0.9778743185981196,High_Risk
8754,16,M00604,Morning,40.7,16.7,65.2,72.8,69.3,63.1,Defect,0.9778712292270615,High_Risk
3053,10,M00116,Morning,41.2,16.0,70.7,61.0,59.1,83.4,Defect,0.9778485580114691,High_Risk
1648,25,M03428,Night,35.3,18.0,68.4,59.8,76.3,81.7,Defect,0.9778148370856123,High_Risk
9973,1,M01435,Night,36.5,16.9,65.6,61.3,61.4,81.3,Defect,0.9777478844192354,High_Risk
592,12,M08648,Afternoon,28.5,16.3,78.3,53.4,80.7,80.2,Defect,0.9777094962624117,High_Risk
676,2,M00385,Night,37.9,16.5,100.0,58.9,64.9,70.9,Defect,0.9775186547893827,High_Risk
9432,10,M09782,Morning,30.2,17.2,72.7,62.7,67.9,69.9,Defect,0.9774507757445057,High_Risk
4466,5,M03925,Morning,36.7,14.3,70.5,74.4,63.0,66.3,Defect,0.9774067964238542,High_Risk
2985,3,M00359,Afternoon,34.0,16.0,66.6,62.0,75.7,67.8,Defect,0.977397187227892,High_Risk
8631,1,M04366,Afternoon,34.3,19.2,88.6,56.9,64.6,71.3,Defect,0.9773857559336251,High_Risk
8134,23,M09259,Morning,40.6,17.4,59.2,96.4,61.1,88.1,Defect,0.9771806575012638,High_Risk
8264,9,M04678,Morning,38.8,16.8,83.6,59.0,66.2,71.4,Defect,0.977145516700986,High_Risk
1086,21,M07187,Afternoon,32.8,20.0,78.1,58.5,69.7,79.2,Defect,0.9771441501995904,High_Risk
8192,18,M02139,Morning,38.1,12.8,76.2,61.6,71.2,67.2,Defect,0.9771315807136837,High_Risk
2095,21,M01885,Morning,35.0,18.2,85.8,57.2,63.0,82.2,Defect,0.9770964719525327,High_Risk
1738,2,M06117,Morning,32.3,16.6,73.4,68.8,74.6,60.9,Defect,0.9770220046405592,High_Risk
7161,9,M04620,Afternoon,35.3,15.1,81.8,64.5,60.8,70.2,Defect,0.9769937373029713,High_Risk
9345,24,M05730,Morning,37.9,13.1,82.6,58.7,81.7,73.0,Defect,0.9769610012448934,High_Risk
8888,7,M08769,Afternoon,38.8,17.2,67.2,68.2,72.2,68.4,Defect,0.9769602456945483,High_Risk
8040,22,M07952,Night,28.8,17.3,63.2,63.0,66.6,74.4,Defect,0.9769184564153978,High_Risk
448,23,M02840,Night,38.0,16.3,65.4,68.6,65.8,70.1,Defect,0.976901796128937,High_Risk
5629,7,M07770,Afternoon,36.8,16.8,66.7,63.9,78.6,64.8,Defect,0.976892291382622,High_Risk
716,18,M04674,Night,32.4,17.5,68.2,53.1,86.5,90.1,Defect,0.9768578091458114,High_Risk
5875,10,M06944,Afternoon,34.3,16.8,78.4,59.0,81.7,78.7,Defect,0.9768168280716903,High_Risk
5569,14,M07602,Night,35.2,14.8,82.0,54.0,81.9,76.0,Defect,0.9767362597187804,High_Risk
8178,4,M06698,Afternoon,45.3,13.9,77.6,54.8,98.5,88.2,Defect,0.9766858544520103,High_Risk
1780,20,M06528,Night,35.4,16.2,74.0,59.0,83.2,69.2,Defect,0.9764938503943296,High_Risk
5359,23,M06281,Night,32.5,13.5,73.4,64.1,61.1,80.7,Defect,0.9762400039280286,High_Risk
7909,25,M01727,Morning,28.3,15.7,68.7,76.9,77.6,57.7,Defect,0.9760740657081766,High_Risk
6693,10,M08685,Afternoon,39.6,15.6,71.6,64.4,64.6,72.2,Defect,0.9760234780564992,High_Risk
3307,21,M02567,Morning,34.0,18.9,81.8,54.5,76.8,83.5,Defect,0.9759737772073926,High_Risk
9810,21,M04375,Afternoon,39.4,16.9,69.9,74.0,65.4,64.3,Defect,0.9759208709651923,High_Risk
5261,21,M09899,Morning,31.5,17.9,70.1,58.3,84.7,74.1,Defect,0.9757728242820558,High_Risk
7870,22,M03771,Morning,41.8,18.4,71.0,67.7,68.1,70.1,Defect,0.9757691578715229,High_Risk
6743,13,M03862,Afternoon,35.5,15.6,71.1,62.9,71.8,73.0,Defect,0.9757273858654009,High_Risk
7990,2,M03778,Night,37.5,15.9,75.9,60.1,74.5,68.2,Defect,0.975667369034706,High_Risk
5910,20,M02729,Morning,39.5,16.7,81.5,59.0,79.9,63.1,Defect,0.9755880560319796,High_Risk
8263,1,M02748,Night,26.2,17.1,62.3,58.1,79.0,84.4,Defect,0.9754596496024199,High_Risk
5286,24,M04525,Afternoon,38.3,15.9,85.9,54.2,77.5,64.9,Defect,0.9754420693535638,High_Risk
1972,18,M02473,Night,29.4,15.6,69.1,63.3,73.3,69.4,Defect,0.9753190947705432,High_Risk
8155,16,M08503,Night,36.2,14.9,82.1,59.7,80.3,61.8,Defect,0.9753178079358144,High_Risk
3620,18,M04797,Morning,30.3,14.4,75.5,57.4,68.8,78.8,Defect,0.9752476610217422,High_Risk
942,15,M05143,Afternoon,38.4,15.5,76.4,57.4,85.0,79.7,Defect,0.9752385970541382,High_Risk
7065,24,M06380,Morning,39.3,17.4,72.9,65.4,62.0,78.7,Defect,0.9750425694441855,High_Risk
7842,16,M04492,Afternoon,33.3,13.9,78.7,59.9,74.8,67.9,Defect,0.9750262810977035,High_Risk
8602,12,M08460,Afternoon,37.1,14.5,72.1,63.2,61.3,78.7,Defect,0.9749446315426408,High_Risk
8848,7,M07524,Afternoon,35.4,14.3,81.4,55.2,84.9,62.7,Defect,0.974825663304591,High_Risk
3129,9,M06466,Night,37.7,17.4,73.3,75.6,79.5,51.9,Defect,0.9747633507812412,High_Risk
1072,11,M04423,Morning,32.9,13.3,67.9,61.0,83.9,64.1,Defect,0.9747622533013488,High_Risk
4184,25,M00571,Morning,46.1,15.8,73.4,48.8,92.4,85.2,Defect,0.9747402854359178,High_Risk
8618,4,M04726,Morning,38.8,13.9,69.0,63.8,70.6,74.3,Defect,0.9746357193406293,High_Risk
9575,4,M09090,Morning,34.0,15.2,68.7,55.8,72.0,85.5,Defect,0.9746032047483325,High_Risk
2290,19,M04184,Morning,33.4,15.6,85.1,59.6,75.4,71.7,Defect,0.9745286323864961,High_Risk
8745,4,M06803,Afternoon,40.4,15.3,72.8,63.4,67.8,71.9,Defect,0.9745120821792479,High_Risk
3892,11,M02774,Afternoon,43.7,14.8,81.7,58.2,65.3,79.3,Defect,0.9745090497400786,High_Risk
2852,8,M03869,Morning,39.0,17.0,62.4,70.7,72.5,67.5,Defect,0.974500487910806,High_Risk
8710,10,M08470,Afternoon,26.7,17.5,83.1,54.3,78.1,75.7,Defect,0.9744891584563271,High_Risk
6291,10,M03735,Morning,46.8,19.2,57.8,63.2,79.7,71.6,Defect,0.9744740889557906,High_Risk
2428,1,M00686,Night,35.0,13.9,62.6,61.9,74.3,74.5,Defect,0.9744677018965601,High_Risk
9060,20,M04928,Morning,42.7,14.8,65.5,69.2,77.5,64.6,Defect,0.9744125493899722,High_Risk
8421,9,M01294,Afternoon,36.4,18.0,74.7,72.8,63.0,65.3,Defect,0.9743937335039611,High_Risk
1511,24,M00039,Night,35.6,17.4,62.2,73.8,70.6,64.8,Defect,0.9743296101079076,High_Risk
257,19,M08446,Night,40.7,16.9,71.9,56.8,78.1,75.3,Defect,0.9742057701253236,High_Risk
4900,25,M02463,Night,44.5,17.6,65.5,66.3,76.4,64.2,Defect,0.9741625241114457,High_Risk
3966,19,M02680,Night,38.0,15.0,72.9,56.4,85.9,82.7,Defect,0.9741402592459937,High_Risk
1146,17,M04492,Night,39.2,18.7,61.7,73.0,71.9,63.6,Defect,0.9741367574870827,High_Risk
6854,19,M04552,Night,29.1,14.3,69.8,70.7,60.6,70.2,Defect,0.9741191077430474,High_Risk
1953,24,M07422,Afternoon,29.6,12.6,69.2,83.0,76.9,59.0,Defect,0.973753435999221,High_Risk
5600,22,M01168,Afternoon,37.8,16.1,74.6,66.0,71.8,64.9,Defect,0.9735629459409495,High_Risk
9135,13,M04002,Night,31.2,16.3,71.6,88.0,82.5,59.2,Defect,0.9734723921091912,High_Risk
2568,22,M01899,Morning,36.8,16.1,69.4,64.1,67.7,78.0,Defect,0.9733292970207215,High_Risk
1316,8,M05469,Afternoon,45.5,17.8,61.5,61.2,75.0,76.2,Defect,0.9733188031001366,High_Risk
5841,25,M01917,Afternoon,47.7,16.2,84.2,49.0,90.5,73.0,Defect,0.9732332034278468,High_Risk
9043,20,M07737,Night,34.4,16.2,83.1,59.9,71.9,83.1,Defect,0.9731965771251141,High_Risk
8877,4,M08832,Morning,36.2,16.4,73.7,59.1,79.4,79.6,Defect,0.9731181764012921,High_Risk
4292,10,M06080,Morning,36.6,16.1,74.7,57.5,81.5,79.0,Defect,0.9730907470962883,High_Risk
8164,21,M09379,Afternoon,37.5,16.7,71.2,74.4,62.6,64.7,Defect,0.9730785044619354,High_Risk
4278,21,M08302,Morning,31.4,15.5,89.4,56.8,70.0,74.1,Defect,0.9729982162217609,High_Risk
6476,22,M03627,Night,38.5,17.5,65.5,71.7,72.2,62.7,Defect,0.9728897033310153,High_Risk
2049,18,M04108,Afternoon,35.8,15.5,85.3,59.5,82.6,76.4,Defect,0.9728242008306178,High_Risk
2787,23,M06797,Night,32.3,15.4,69.1,64.0,66.8,74.1,Defect,0.9727676198326494,High_Risk
5446,6,M04531,Morning,38.6,15.6,92.8,56.6,76.8,73.2,Defect,0.9727227028672771,High_Risk
8171,7,M00387,Night,25.0,14.8,51.0,65.7,85.5,79.8,Defect,0.9726971525244281,High_Risk
8518,6,M05583,Night,43.3,15.0,83.1,62.8,67.0,62.5,Defect,0.9718881660897257,High_Risk
8583,5,M05800,Night,29.3,16.3,67.2,64.3,80.7,64.3,Defect,0.9717717588102939,High_Risk
8230,19,M01997,Afternoon,39.2,16.8,83.0,63.8,79.6,54.5,Defect,0.9717714908758002,High_Risk
8245,9,M01647,Morning,31.4,14.4,71.2,62.2,77.5,64.6,Defect,0.9717515243209691,High_Risk
7621,16,M09331,Night,40.8,15.3,70.6,59.9,86.3,77.3,Defect,0.9716759356613209,High_Risk
8588,9,M04760,Night,30.0,17.6,79.2,76.8,74.9,54.7,Defect,0.9716176814467135,High_Risk
7747,12,M03719,Morning,35.8,18.3,73.0,57.0,95.6,76.1,Defect,0.9715498666834445,High_Risk
335,4,M07807,Morning,38.3,15.6,72.3,63.3,77.2,65.4,Defect,0.9714698005283833,High_Risk
8963,1,M00880,Afternoon,37.0,13.4,63.0,73.2,72.4,66.6,Defect,0.9714686273318226,High_Risk
6123,17,M08739,Morning,30.7,15.9,61.7,72.2,64.7,75.7,Defect,0.9713591114557709,High_Risk
2477,24,M06165,Morning,27.6,14.9,48.9,71.4,82.0,86.1,Defect,0.9713111277772386,High_Risk
7425,8,M06953,Afternoon,37.9,17.0,86.2,53.3,92.9,84.1,Defect,0.9712826697232696,High_Risk
918,25,M05416,Night,41.3,13.8,79.8,65.9,63.3,62.3,Defect,0.9711426659274858,High_Risk
8417,8,M09547,Night,32.6,14.5,69.3,59.3,76.9,84.3,Defect,0.9710323583121031,High_Risk
5522,1,M00479,Afternoon,38.7,15.1,76.0,59.1,74.1,83.1,Defect,0.9709296057572416,High_Risk
7313,9,M00941,Morning,35.6,17.3,75.5,71.0,67.0,64.8,Defect,0.970925534651414,High_Risk
7309,6,M00871,Night,43.5,14.8,81.2,84.8,57.0,69.4,Defect,0.9709179682121107,High_Risk
8836,15,M03082,Morning,33.0,14.5,73.8,58.0,89.4,76.3,Defect,0.9708891013323142,High_Risk
3314,9,M00973,Morning,35.1,13.8,95.4,58.2,77.8,89.3,Defect,0.9707065544478679,High_Risk
3105,16,M04898,Morning,31.0,15.0,75.0,64.5,70.5,67.2,Defect,0.9706443216606143,High_Risk
9778,17,M04293,Night,35.6,15.0,76.1,58.7,84.3,87.3,Defect,0.9705685884249817,High_Risk
7165,25,M05402,Afternoon,33.2,15.6,71.8,82.9,74.7,59.0,Defect,0.9703817972157449,High_Risk
5753,5,M07105,Morning,27.8,17.1,67.0,68.6,72.4,67.1,Defect,0.9702936473389385,High_Risk
2237,14,M08570,Night,39.5,16.5,79.5,59.6,78.9,78.2,Defect,0.9702617101893093,High_Risk
519,12,M08083,Night,38.2,13.9,78.2,57.0,76.2,73.6,Defect,0.9702283757248344,High_Risk
1505,6,M07814,Morning,40.8,17.0,75.6,58.3,87.1,89.7,Defect,0.9701653550745318,High_Risk
9489,13,M09633,Morning,38.6,14.8,79.6,63.1,73.1,60.1,Defect,0.9700632319452008,High_Risk
7422,1,M08107,Afternoon,36.4,15.7,57.1,72.3,81.7,85.5,Defect,0.9700460877372369,High_Risk
2144,16,M07639,Morning,31.0,16.8,84.2,56.8,73.9,76.3,Defect,0.9700176682515712,High_Risk
3004,19,M02568,Afternoon,37.4,13.7,54.5,73.5,83.8,84.8,Defect,0.9698663736605552,High_Risk
5784,2,M04962,Morning,39.6,17.1,66.1,63.1,67.6,79.3,Defect,0.9697992260884867,High_Risk
8359,25,M06903,Morning,36.4,14.7,76.8,59.2,83.9,90.6,Defect,0.9697164428173213,High_Risk
3576,15,M01915,Morning,32.8,16.3,76.9,59.3,77.2,79.1,Defect,0.9697112781217218,High_Risk
3585,18,M03490,Afternoon,38.5,14.9,63.4,65.3,83.8,64.9,Defect,0.9696958973174564,High_Risk
8932,25,M08984,Morning,37.6,15.2,64.6,71.7,74.4,62.7,Defect,0.969623202127677,High_Risk
2683,16,M09032,Morning,38.5,17.6,85.8,59.9,85.0,81.1,Defect,0.9695526159517758,High_Risk
3503,17,M04571,Night,35.8,17.7,82.1,64.3,67.2,62.0,Defect,0.9694505214331426,High_Risk
5232,17,M09317,Afternoon,38.6,14.3,59.8,89.5,77.7,80.1,Defect,0.9694337684501546,High_Risk
6500,9,M07395,Night,36.1,16.5,85.9,59.9,84.1,83.0,Defect,0.9692536401324329,High_Risk
9839,13,M06610,Afternoon,34.0,17.1,80.7,64.1,60.6,67.0,Defect,0.9692155221873101,High_Risk
7744,7,M05535,Morning,32.0,13.4,84.4,54.7,71.5,77.3,Defect,0.9692037069054524,High_Risk
7168,12,M05985,Afternoon,36.2,14.6,73.0,72.7,70.6,62.7,Defect,0.9691968056481477,High_Risk
3654,6,M04596,Morning,44.0,15.8,59.5,73.8,72.9,76.6,Defect,0.9691078694740258,High_Risk
7798,8,M05600,Morning,30.2,17.8,81.1,59.7,76.9,72.2,Defect,0.9690493856797723,High_Risk
8125,8,M09778,Morning,32.9,17.8,81.6,57.8,85.4,71.2,Defect,0.9690365945416695,High_Risk
985,21,M03757,Afternoon,40.4,15.4,75.8,70.4,67.7,64.0,Defect,0.9688532657075448,High_Risk
9395,1,M09231,Morning,38.6,16.7,62.8,68.1,77.1,65.7,Defect,0.9687460134965109,High_Risk
6820,1,M04285,Afternoon,31.6,15.7,67.4,67.0,80.6,62.0,Defect,0.9686659519708002,High_Risk
9752,18,M09639,Morning,37.3,15.8,64.1,79.7,69.0,62.4,Defect,0.9686285363326504,High_Risk
6315,18,M07689,Morning,34.4,17.5,65.7,73.1,69.6,66.6,Defect,0.9685850260542337,High_Risk
8507,13,M09523,Morning,33.2,14.6,56.5,89.9,65.1,69.8,Defect,0.9685418315823572,High_Risk
1298,6,M04498,Morning,38.7,15.4,57.2,76.1,77.2,88.2,Defect,0.9685131316259631,High_Risk
4608,11,M03962,Morning,31.3,17.2,85.9,79.0,59.3,66.9,Defect,0.968471437023385,High_Risk
6713,25,M07747,Afternoon,35.6,17.7,70.1,70.7,70.7,64.7,Defect,0.9683898895164734,High_Risk
9477,6,M02848,Night,28.8,17.1,57.8,74.0,83.6,76.2,Defect,0.9682888513156072,High_Risk
8849,17,M00626,Afternoon,33.1,13.5,83.7,56.2,83.7,81.2,Defect,0.9682336265155682,High_Risk
1229,8,M00154,Night,36.7,16.1,59.6,78.0,80.0,64.2,Defect,0.968169609057601,High_Risk
6786,22,M08541,Night,33.4,16.8,60.7,71.8,71.6,74.0,Defect,0.9680454055959434,High_Risk
4515,4,M00184,Afternoon,34.3,15.9,70.1,68.5,75.9,63.9,Defect,0.968012673199658,High_Risk
1260,16,M01342,Afternoon,35.5,16.2,81.0,58.0,69.7,79.8,Defect,0.9676715621543808,High_Risk
536,12,M01063,Night,29.0,18.3,81.3,56.9,75.7,77.8,Defect,0.9676567882408555,High_Risk
9588,17,M04413,Afternoon,37.3,14.8,75.6,68.5,68.8,64.2,Defect,0.967583570495925,High_Risk
4388,17,M00308,Morning,36.7,16.2,79.4,53.6,91.6,90.9,Defect,0.9675699108742802,High_Risk
8129,8,M09588,Night,38.0,15.1,70.0,61.5,75.0,72.0,Defect,0.9675629013892779,High_Risk
4064,3,M01630,Morning,35.1,14.6,72.6,64.8,72.2,69.2,Defect,0.967344214896639,High_Risk
4765,1,M07484,Afternoon,34.6,17.3,73.4,56.1,91.3,78.3,Defect,0.9673060466673905,High_Risk
3787,14,M04165,Afternoon,30.8,18.2,83.6,57.0,78.8,80.7,Defect,0.9671752811587682,High_Risk
9018,13,M03873,Night,38.3,15.5,59.0,79.8,72.0,77.0,Defect,0.96714965954265,High_Risk
314,10,M09332,Night,33.3,14.3,63.0,63.7,79.8,65.2,Defect,0.9671419485140932,High_Risk
6979,22,M00619,Night,34.0,16.6,72.5,60.4,76.2,69.1,Defect,0.9671097184792995,High_Risk
6312,10,M01008,Afternoon,40.6,14.5,82.3,58.4,75.5,66.3,Defect,0.9670731678833456,High_Risk
8715,3,M09031,Night,43.1,15.2,67.8,65.5,64.8,71.1,Defect,0.966959658077092,High_Risk
4047,22,M08996,Morning,30.1,13.8,94.1,59.3,94.7,81.7,Defect,0.9667411979590341,High_Risk
1207,15,M05416,Afternoon,43.4,15.5,65.1,66.5,70.2,76.6,Defect,0.9666136613860672,High_Risk
6718,11,M05186,Afternoon,30.1,16.8,62.9,62.9,74.8,71.9,Defect,0.966601111590272,High_Risk
6301,8,M04759,Night,32.6,18.0,57.5,78.9,69.6,82.4,Defect,0.9665684070255505,High_Risk
1352,24,M08897,Afternoon,37.4,16.1,72.6,76.0,74.5,58.5,Defect,0.9664950009360334,High_Risk
9501,7,M08721,Afternoon,34.4,14.3,86.6,59.1,82.2,77.2,Defect,0.9664622955051072,High_Risk
5376,3,M04042,Night,33.8,13.4,73.7,58.5,76.5,82.3,Defect,0.9663816571646923,High_Risk
1650,13,M01928,Afternoon,35.7,18.7,87.1,87.7,74.2,58.0,Defect,0.9662319606817463,High_Risk
3622,3,M02973,Morning,28.1,15.4,69.7,69.8,63.5,71.5,Defect,0.9662274916092205,High_Risk
7240,10,M05250,Afternoon,42.9,14.8,53.5,88.5,78.3,84.1,Defect,0.9662239316091801,High_Risk
4554,11,M02045,Night,29.8,16.1,80.6,57.6,69.6,76.7,Defect,0.9661456690215033,High_Risk
1111,12,M03301,Night,31.2,16.6,72.8,65.5,79.3,60.4,Defect,0.9661194642014259,High_Risk
8688,4,M04349,Morning,31.9,17.4,70.4,77.4,80.3,53.0,Defect,0.9660719095556268,High_Risk
5701,9,M09472,Morning,32.1,16.4,79.1,52.6,80.6,92.9,Defect,0.9660064464341567,High_Risk
6640,15,M07858,Afternoon,28.3,13.6,91.9,59.9,87.1,71.9,Defect,0.9660025636968241,High_Risk
2125,7,M04518,Night,27.2,16.2,73.9,48.9,82.1,81.8,Defect,0.9659085527195188,High_Risk
8079,14,M00023,Morning,34.8,15.9,84.2,59.4,73.9,81.1,Defect,0.9657968409559288,High_Risk
1454,21,M07562,Afternoon,31.6,16.3,94.1,57.4,80.3,95.0,Defect,0.9657083355870684,High_Risk
4167,6,M05781,Morning,31.9,15.2,69.7,54.7,95.5,77.2,Defect,0.9656873685426626,High_Risk
7382,6,M01177,Morning,28.3,18.3,91.3,56.4,76.0,77.4,Defect,0.9655012236592618,High_Risk
4709,2,M09068,Night,32.6,17.3,83.6,79.5,76.1,59.8,Defect,0.9654477261875042,High_Risk
9840,7,M08665,Night,27.5,18.5,76.4,76.2,57.7,79.8,Defect,0.9654268774710703,High_Risk
5206,14,M04517,Morning,33.6,18.2,75.8,53.2,90.6,71.8,Defect,0.965363317112804,High_Risk
8168,6,M04945,Afternoon,31.6,16.2,75.5,58.9,94.0,67.9,Defect,0.9652699915816106,High_Risk
9684,5,M04331,Night,30.5,17.8,59.9,66.1,82.6,71.7,Defect,0.9652176087270143,High_Risk
1862,19,M04400,Afternoon,34.6,15.2,73.9,77.5,74.8,58.0,Defect,0.9651539678114794,High_Risk
5459,14,M06773,Night,35.0,15.9,58.4,71.1,73.5,83.5,Defect,0.9649094793950971,High_Risk
5633,7,M01895,Morning,34.4,17.2,54.2,76.5,80.9,69.6,Defect,0.9649073516692366,High_Risk
6509,2,M05304,Night,30.1,15.8,70.3,80.5,82.3,58.6,Defect,0.9646917370108684,High_Risk
5158,1,M07009,Night,40.6,18.5,88.4,73.9,59.6,67.5,Defect,0.964664924429244,High_Risk
7302,8,M08223,Afternoon,39.7,14.5,57.1,83.6,65.3,94.9,Defect,0.9645989160674686,High_Risk
7912,25,M08459,Afternoon,33.1,14.2,83.3,59.1,76.5,87.5,Defect,0.9645807684026262,High_Risk
3589,9,M05261,Morning,30.4,16.2,80.5,74.3,75.5,54.0,Defect,0.9644152989384606,High_Risk
2718,4,M08260,Night,33.0,15.4,87.3,67.2,79.5,55.7,Defect,0.9643665638283763,High_Risk
6047,13,M03193,Morning,44.6,16.4,69.4,73.9,66.4,62.7,Defect,0.9642798876295536,High_Risk
8435,25,M08191,Night,29.9,16.3,62.4,72.5,69.6,74.6,Defect,0.9642357204666261,High_Risk
1644,7,M01561,Afternoon,31.6,16.2,78.1,59.0,89.1,81.4,Defect,0.9640892394227845,High_Risk
6998,14,M04767,Night,34.8,16.4,88.8,58.5,76.3,83.2,Defect,0.9640585775674825,High_Risk
2939,2,M07834,Night,34.5,15.0,70.4,70.4,66.4,66.2,Defect,0.9640318699395461,High_Risk
5368,22,M02654,Morning,39.0,15.9,73.0,62.4,71.0,72.8,Defect,0.9639830312483666,High_Risk
7145,16,M06871,Night,39.2,15.4,66.4,73.0,69.9,64.5,Defect,0.9639366429958097,High_Risk
1534,23,M08985,Morning,34.8,15.1,86.6,56.1,74.0,86.4,Defect,0.9638727402719001,High_Risk
8091,24,M02099,Night,36.6,18.2,79.1,76.6,87.6,56.5,Defect,0.9638003932950997,High_Risk
6869,7,M04598,Afternoon,29.2,16.4,84.5,58.8,81.2,79.1,Defect,0.9637733142944735,High_Risk
2616,23,M04080,Morning,33.3,16.1,87.9,55.9,76.8,89.4,Defect,0.9637352227557148,High_Risk
530,14,M04492,Night,32.6,17.1,79.2,64.8,66.5,64.1,Defect,0.9636999226207728,High_Risk
4667,2,M06929,Morning,37.9,16.0,65.8,63.3,79.7,67.4,Defect,0.9635953431069229,High_Risk
8216,3,M03197,Afternoon,38.8,14.9,58.4,79.3,84.1,71.9,Defect,0.9635896496845426,High_Risk
7650,3,M00379,Afternoon,38.2,17.0,59.6,87.0,78.4,66.5,Defect,0.9635561440148682,High_Risk
9675,14,M03031,Morning,31.0,16.1,64.6,67.3,79.1,65.9,Defect,0.9635432337917145,High_Risk
1731,4,M07030,Morning,34.7,17.2,58.0,75.1,82.0,71.9,Defect,0.9635043790237569,High_Risk
2878,7,M04319,Morning,35.6,16.3,87.4,58.8,87.9,81.9,Defect,0.9633216839497837,High_Risk
6379,16,M02416,Night,33.0,16.9,82.6,86.7,56.7,66.7,Defect,0.963254169782586,High_Risk
9737,16,M00659,Afternoon,35.5,19.7,59.1,73.6,84.9,76.1,Defect,0.9631242320179308,High_Risk
9299,14,M06143,Night,37.5,15.9,63.8,75.7,66.4,68.0,Defect,0.9631084832642256,High_Risk
6532,18,M02811,Night,36.8,20.2,77.0,77.9,56.8,71.4,Defect,0.9630858062765228,High_Risk
2660,22,M09529,Afternoon,41.8,16.3,76.1,82.6,70.9,56.1,Defect,0.9629717634285416,High_Risk
8097,15,M08494,Morning,41.7,18.4,93.7,59.1,63.6,72.7,Defect,0.9628992151758285,High_Risk
3316,11,M07396,Afternoon,36.5,15.9,81.2,59.8,71.9,72.3,Defect,0.9627796774241933,High_Risk
6503,16,M04333,Afternoon,33.2,17.0,61.3,76.9,63.0,76.2,Defect,0.9627518113165786,High_Risk
8306,14,M02171,Morning,31.0,17.5,85.8,49.9,81.7,94.8,Defect,0.962629516509924,High_Risk
3285,24,M02065,Afternoon,35.6,17.8,79.0,70.1,62.3,61.7,Defect,0.9624649425653632,High_Risk
9194,2,M01496,Night,33.2,15.4,52.5,78.5,70.9,81.4,Defect,0.9624577948133702,High_Risk
879,7,M04209,Morning,31.0,15.3,76.1,63.7,61.2,77.7,Defect,0.9623943302423306,High_Risk
8993,18,M01026,Morning,41.0,17.2,56.1,80.8,66.7,85.5,Defect,0.9623888410365632,High_Risk
9613,12,M00391,Night,39.1,17.4,66.5,65.1,74.5,72.3,Defect,0.9619725494508725,High_Risk
8766,3,M04109,Night,35.3,14.6,70.0,58.9,85.3,86.3,Defect,0.9619350557165451,High_Risk
4389,24,M03417,Morning,33.7,15.1,65.9,90.5,85.1,59.2,Defect,0.961770287376842,High_Risk
5623,23,M09500,Night,26.9,15.2,69.3,65.9,66.3,78.1,Defect,0.9617464343118749,High_Risk
1795,20,M05239,Morning,32.1,15.5,68.8,58.6,91.9,82.6,Defect,0.9616834105593766,High_Risk
2319,13,M03082,Afternoon,36.1,16.7,69.0,68.1,73.2,66.9,Defect,0.9616720495880305,High_Risk
5945,17,M07367,Night,43.6,15.7,70.0,73.3,66.9,69.7,Defect,0.9616330627370361,High_Risk
5854,19,M00586,Night,34.0,13.6,73.3,77.8,84.9,58.6,Defect,0.9615514613043374,High_Risk
5901,11,M04944,Afternoon,38.4,16.6,75.3,75.7,75.3,59.3,Defect,0.9612176489875973,High_Risk
7350,3,M06160,Night,32.7,15.8,78.0,60.5,71.2,65.9,Defect,0.961158552927444,High_Risk
2948,16,M04341,Afternoon,29.6,14.2,66.2,71.9,68.4,65.8,Defect,0.9611112056796861,High_Risk
7769,6,M06274,Morning,33.8,16.4,85.1,58.5,68.8,84.0,Defect,0.9610175099587391,High_Risk
4996,23,M04428,Night,34.6,16.6,87.5,59.0,93.0,80.5,Defect,0.9610065849546412,High_Risk
9785,9,M02317,Afternoon,31.7,13.7,96.4,58.1,82.4,84.7,Defect,0.9609102164754509,High_Risk
1071,6,M06705,Morning,37.4,15.9,74.7,61.9,61.9,69.5,Defect,0.960813821357928,High_Risk
6678,11,M00355,Morning,36.9,17.2,84.3,77.0,77.8,59.9,Defect,0.9607666109947892,High_Risk
1751,9,M00969,Afternoon,25.6,17.3,72.9,63.1,69.8,73.6,Defect,0.9607384706771795,High_Risk
7740,12,M07421,Morning,32.1,14.9,87.7,80.0,76.9,58.6,Defect,0.9606231033352587,High_Risk
2641,13,M09128,Morning,37.1,15.5,83.4,57.9,82.8,87.1,Defect,0.9606218496291529,High_Risk
8803,9,M05734,Afternoon,45.1,16.4,58.0,69.6,75.3,87.6,Defect,0.9605803197401407,High_Risk
2716,20,M00041,Morning,39.2,18.6,75.9,77.6,55.9,76.2,Defect,0.9603989766383804,High_Risk
3094,15,M06145,Night,34.5,18.4,83.9,91.6,55.7,71.9,Defect,0.9602722840032256,High_Risk
4060,15,M00616,Night,30.1,13.6,67.8,62.3,73.8,73.7,Defect,0.9602533671796811,High_Risk
6135,20,M03841,Morning,29.7,16.6,79.7,80.0,77.6,59.6,Defect,0.9602023208184488,High_Risk
8801,8,M08742,Night,41.9,16.1,60.0,75.8,65.9,77.3,Defect,0.9601439147791146,High_Risk
8570,12,M07191,Morning,36.4,16.8,69.8,77.6,63.9,65.0,Defect,0.9599160554551487,High_Risk
933,2,M04228,Night,34.9,13.4,67.4,65.8,73.9,70.3,Defect,0.9595425575309804,High_Risk
1488,12,M02753,Afternoon,33.0,13.5,66.2,71.3,71.4,69.9,Defect,0.9594576256813123,High_Risk
785,1,M05241,Morning,32.0,15.5,69.2,63.2,77.8,68.6,Defect,0.9593719378424843,High_Risk
5788,10,M06392,Night,38.3,17.1,70.4,71.4,69.9,66.6,Defect,0.9592929922085135,High_Risk
1149,15,M01280,Night,33.4,16.6,64.1,70.8,69.3,72.4,Defect,0.9591973104555336,High_Risk
900,23,M08513,Morning,42.0,17.1,63.0,61.9,78.2,73.5,Defect,0.9591767950932142,High_Risk
1718,25,M03467,Afternoon,30.3,16.5,71.5,69.8,75.9,61.8,Defect,0.9588057382100321,High_Risk
8761,23,M03771,Morning,30.0,17.9,81.9,75.1,59.5,65.0,Defect,0.9587081998487504,High_Risk
1392,16,M07907,Morning,33.3,18.0,79.6,91.4,55.5,76.2,Defect,0.9586852002390747,High_Risk
734,11,M07731,Afternoon,36.9,17.1,61.6,61.5,75.0,74.5,Defect,0.9586707188912449,High_Risk
9421,6,M04577,Night,38.9,16.1,53.1,87.5,72.5,71.0,Defect,0.9586069147476394,High_Risk
5418,6,M08877,Morning,36.6,14.8,55.6,85.4,84.7,88.7,Defect,0.9585813022002071,High_Risk
7149,9,M00702,Afternoon,42.0,14.3,64.8,70.1,64.5,70.7,Defect,0.9582601175311648,High_Risk
7012,15,M04026,Night,35.6,15.9,76.3,78.3,59.7,90.6,Defect,0.9582415398271991,High_Risk
6037,14,M03229,Afternoon,36.1,15.2,87.2,59.6,79.5,88.2,Defect,0.9580795365500748,High_Risk
8842,3,M02830,Night,35.0,13.1,79.5,58.3,87.6,88.5,Defect,0.9579632019351396,High_Risk
4588,12,M06010,Morning,38.3,15.5,67.1,64.7,66.0,80.8,Defect,0.9577918324971351,High_Risk
680,12,M09861,Night,32.3,17.1,71.1,69.4,68.5,68.4,Defect,0.9576550207534568,High_Risk
6701,20,M03408,Afternoon,36.6,15.8,91.1,56.4,70.3,67.4,Defect,0.9576287223896545,High_Risk
979,21,M06360,Afternoon,30.3,14.2,83.3,74.3,78.5,56.7,Defect,0.9574389125827681,High_Risk
7820,10,M08446,Afternoon,28.5,12.6,64.1,73.0,67.0,66.4,Defect,0.9573557676035896,High_Risk
2961,7,M02417,Morning,38.1,14.2,69.7,70.0,71.8,67.1,Defect,0.9572600042513146,High_Risk
1628,8,M03390,Afternoon,28.7,14.9,53.3,84.8,68.1,79.9,Defect,0.9572184149884576,High_Risk
9227,19,M02577,Afternoon,28.9,17.8,56.2,74.5,77.0,75.1,Defect,0.957095546975777,High_Risk
844,16,M01762,Night,29.2,15.8,65.4,64.9,69.4,76.2,Defect,0.9569792184069347,High_Risk
2157,15,M04593,Morning,33.4,16.0,69.5,60.0,61.1,76.8,Defect,0.9567888705284163,High_Risk
2730,23,M09886,Afternoon,35.2,16.6,73.8,61.1,64.2,77.4,Defect,0.956777265455568,High_Risk
2755,13,M07987,Night,31.7,13.4,76.2,75.3,53.9,76.3,Defect,0.9566860356845615,High_Risk
5017,23,M09104,Morning,32.9,13.7,90.7,55.7,91.7,85.8,Defect,0.9565359566632996,High_Risk
4841,3,M05902,Night,34.9,18.0,57.1,79.9,73.9,79.5,Defect,0.9563929695368636,High_Risk
565,13,M05542,Morning,37.1,13.6,67.7,72.5,69.3,67.9,Defect,0.9562871836945389,High_Risk
8228,21,M02692,Morning,39.4,14.6,76.2,86.7,57.0,74.0,Defect,0.9561464650508359,High_Risk
2259,4,M04942,Morning,30.5,17.8,83.8,82.4,86.1,55.0,Defect,0.9560155371229054,High_Risk
1141,20,M06036,Night,37.3,16.3,80.4,63.6,67.5,65.8,Defect,0.9559416094841915,High_Risk
7919,18,M04648,Morning,38.9,14.2,76.6,62.9,67.1,69.9,Defect,0.95581870477313,High_Risk
7109,18,M02074,Night,32.7,15.2,65.2,72.6,63.0,72.0,Defect,0.9552101014961574,High_Risk
9110,3,M02838,Afternoon,26.8,16.9,72.0,70.8,69.2,67.3,Defect,0.9550600170053423,High_Risk
4147,13,M00068,Morning,31.9,15.6,86.4,80.1,70.8,58.0,Defect,0.9541474640001643,High_Risk
5675,4,M07438,Night,38.7,15.9,86.4,87.1,56.3,78.4,Defect,0.9540979469760568,High_Risk
7041,7,M00682,Night,32.6,14.9,88.9,58.3,74.1,85.0,Defect,0.9540289527995914,High_Risk
7160,1,M03936,Afternoon,30.5,14.9,51.7,71.5,88.6,73.3,Defect,0.9539495989661472,High_Risk
2162,5,M05888,Afternoon,31.9,19.5,86.8,77.0,73.7,59.6,Defect,0.9538824609311916,High_Risk
4995,14,M05248,Morning,36.9,16.7,57.8,85.1,82.3,78.7,Defect,0.9538618913688847,High_Risk
1339,8,M08191,Morning,32.2,18.6,71.1,67.7,65.1,69.1,Defect,0.9536434616999423,High_Risk
2799,21,M01969,Night,39.2,16.2,72.8,68.3,61.9,76.9,Defect,0.9536402978005094,High_Risk
2542,21,M02427,Night,32.6,16.4,54.7,72.9,79.6,81.0,Defect,0.9535631798551676,High_Risk
4330,13,M07693,Night,32.7,14.3,89.3,56.5,77.7,68.6,Defect,0.9535201433946635,High_Risk
2816,1,M01357,Night,32.0,14.5,82.7,58.3,77.8,83.4,Defect,0.9533796360092113,High_Risk
796,23,M08718,Night,36.1,14.4,75.8,65.2,71.6,66.7,Defect,0.9533194464187612,High_Risk
3254,4,M01752,Morning,28.2,17.0,58.0,85.1,86.8,89.9,Defect,0.9530938150921935,High_Risk
4943,9,M00195,Night,34.4,16.3,80.7,74.3,76.9,57.9,Defect,0.953027035014115,High_Risk
1876,22,M04147,Afternoon,36.9,14.7,70.4,85.7,73.5,59.0,Defect,0.952827650126477,High_Risk
5960,20,M04921,Night,35.6,15.4,80.7,62.7,64.3,64.5,Defect,0.9525905705239361,High_Risk
5551,3,M09380,Morning,28.2,17.1,64.7,77.4,69.5,66.2,Defect,0.9525524875592223,High_Risk
9322,25,M03564,Night,36.7,16.8,57.8,73.2,82.6,70.4,Defect,0.952443612501411,High_Risk
3931,9,M06319,Night,29.8,13.9,75.8,60.7,63.9,72.8,Defect,0.9522829248354198,High_Risk
4248,4,M06775,Morning,34.0,13.5,75.4,60.3,74.0,68.0,Defect,0.9522809090859546,High_Risk
5918,14,M01204,Afternoon,31.1,15.4,63.7,77.1,67.8,62.7,Defect,0.9522048244228434,High_Risk
6963,10,M03073,Night,28.9,15.4,84.7,73.0,77.5,55.2,Defect,0.9519811977698676,High_Risk
3735,6,M09370,Morning,32.2,14.9,66.7,77.9,64.2,64.4,Defect,0.9517602628445074,High_Risk
6893,4,M09258,Night,28.8,14.5,90.4,58.8,83.5,79.9,Defect,0.9517318730220281,High_Risk
3637,2,M02764,Night,30.6,15.8,86.4,80.1,56.2,63.7,Defect,0.9517080944783436,High_Risk
6928,14,M08090,Afternoon,38.6,15.2,65.0,73.1,76.2,65.2,Defect,0.9515690476529072,High_Risk
919,4,M03392,Night,31.1,15.9,77.3,89.0,59.2,70.8,Defect,0.9515302190045751,High_Risk
4695,1,M04828,Afternoon,33.8,14.3,88.2,82.5,88.8,58.1,Defect,0.9513067850043339,High_Risk
720,5,M09522,Afternoon,32.0,15.2,63.9,71.6,65.0,75.8,Defect,0.950984097839871,High_Risk
983,9,M02372,Morning,40.4,13.6,66.6,61.0,73.1,73.1,Defect,0.9509209970207138,High_Risk
9122,16,M05791,Afternoon,32.8,13.6,91.9,89.7,80.3,59.9,Defect,0.9508646857181776,High_Risk
1029,24,M06515,Morning,31.7,16.4,75.9,72.9,64.3,64.4,Defect,0.950700649780585,High_Risk
3972,10,M06774,Afternoon,37.7,15.9,89.6,58.8,85.9,71.8,Defect,0.9505752763171809,High_Risk
420,21,M07005,Night,33.7,17.2,65.1,81.2,71.3,62.3,Defect,0.9504450570199248,High_Risk
685,16,M03637,Night,37.7,15.5,76.6,63.2,72.7,64.2,Defect,0.9502733991492803,High_Risk
5839,16,M09698,Afternoon,29.4,13.5,56.3,72.5,88.1,80.6,Defect,0.9500565687115448,High_Risk
378,12,M03052,Morning,36.4,16.4,72.3,63.9,75.1,68.6,Defect,0.9500026591021198,High_Risk
8465,15,M00077,Night,34.3,15.8,60.0,63.2,82.1,73.5,Defect,0.9497230750612136,High_Risk
1515,16,M01099,Morning,26.2,15.0,64.6,66.8,79.4,67.8,Defect,0.9493644135658915,High_Risk
5886,18,M06605,Afternoon,37.1,18.2,61.7,81.5,62.6,70.4,Defect,0.9492348082820906,High_Risk
4130,21,M02851,Morning,33.1,16.2,78.4,88.5,59.7,84.3,Defect,0.9491901808569807,High_Risk
9842,20,M08725,Night,36.3,17.2,64.6,66.6,70.9,74.5,Defect,0.9491895821009827,High_Risk
6393,25,M09090,Night,34.1,17.2,71.3,60.1,68.5,76.5,Defect,0.9491745484963643,High_Risk
8912,16,M03217,Night,37.4,16.0,70.6,67.0,64.4,75.0,Defect,0.9491375024766249,High_Risk
1607,25,M00090,Morning,30.2,14.1,80.8,90.8,59.2,81.0,Defect,0.9491070949389315,High_Risk
867,12,M05967,Morning,40.6,14.4,83.6,67.4,84.1,59.2,Defect,0.9488857318086528,High_Risk
2923,18,M06469,Night,30.7,16.4,79.8,71.3,80.4,56.9,Defect,0.9488458311786928,High_Risk
524,24,M02783,Night,28.7,13.6,72.6,67.7,64.6,64.4,Defect,0.9487748266150853,High_Risk
210,10,M02512,Morning,35.4,17.3,74.9,65.5,58.3,90.9,Defect,0.948574885921386,High_Risk
4510,11,M06604,Night,26.1,14.3,80.0,81.8,71.0,53.3,Defect,0.9484261734115919,High_Risk
535,1,M01168,Night,31.7,17.4,65.7,72.5,67.0,72.3,Defect,0.9482415772591294,High_Risk
4700,23,M00758,Night,32.5,20.6,69.8,64.9,78.5,64.6,Defect,0.9482324539906088,High_Risk
6842,20,M09140,Morning,37.7,17.0,74.3,64.6,66.8,74.1,Defect,0.9481139420965247,High_Risk
158,6,M09475,Night,30.9,17.3,63.7,61.8,75.3,76.5,Defect,0.947932949196104,High_Risk
5786,2,M03780,Night,38.2,16.7,74.5,60.9,77.8,66.2,Defect,0.9476228713588211,High_Risk
5391,23,M09944,Morning,33.4,16.2,79.1,72.9,58.6,74.5,Defect,0.9474874984929077,High_Risk
3549,19,M07215,Morning,37.6,14.8,66.4,77.8,63.3,68.1,Defect,0.947381729114739,High_Risk
5602,14,M05110,Morning,25.0,15.5,74.3,100.0,87.2,56.8,Defect,0.9473320515004506,High_Risk
8590,15,M03689,Afternoon,38.2,17.7,68.7,68.4,65.0,75.6,Defect,0.9473071349009965,High_Risk
2735,20,M00661,Night,38.3,14.3,82.2,59.7,79.1,88.6,Defect,0.9471862553210051,High_Risk
7470,23,M09191,Morning,33.8,15.7,82.8,82.2,58.6,75.2,Defect,0.9470805979102195,High_Risk
9732,23,M05431,Afternoon,37.6,15.9,80.9,78.5,70.3,59.6,Defect,0.9467770455167526,High_Risk
35,2,M07735,Night,38.8,15.3,91.1,53.2,85.4,74.2,Defect,0.9467102198386101,High_Risk
3147,18,M02829,Night,36.5,16.5,75.6,64.4,65.7,72.7,Defect,0.946605185697847,High_Risk
6374,21,M09058,Night,35.6,14.8,52.8,90.9,84.4,62.0,Defect,0.9465690219518557,High_Risk
5514,22,M02599,Afternoon,36.6,15.3,59.9,62.7,74.1,93.1,Defect,0.9463609210900473,High_Risk
4862,21,M03970,Night,32.0,16.3,85.0,65.9,56.9,74.7,Defect,0.9463457197893329,High_Risk
4883,23,M01312,Night,31.3,14.7,65.5,69.4,63.3,74.4,Defect,0.946158740993062,High_Risk
9014,22,M04866,Morning,32.4,16.9,99.4,80.8,95.7,54.2,Defect,0.9460374901490387,High_Risk
8044,23,M00520,Afternoon,37.8,14.4,79.6,79.0,74.8,55.2,Defect,0.9454383482368149,High_Risk
5289,24,M02775,Morning,37.5,16.2,75.1,85.4,88.4,59.0,Defect,0.9453327462719444,High_Risk
3390,21,M09798,Afternoon,34.7,16.3,79.2,76.5,75.6,50.9,Defect,0.9450790427974785,High_Risk
6468,8,M03517,Morning,29.8,15.6,66.4,71.3,78.4,63.1,Defect,0.9446199353689425,High_Risk
1624,1,M08908,Night,39.8,15.4,62.8,61.6,83.4,61.0,Defect,0.94386165073711,High_Risk
3730,24,M02556,Afternoon,36.0,16.0,86.3,76.0,70.8,58.2,Defect,0.9434360737846432,High_Risk
6465,8,M03130,Night,39.3,14.6,70.3,81.2,71.7,59.4,Defect,0.9432398812375475,High_Risk
5912,5,M07482,Night,33.5,16.9,70.5,71.0,70.7,66.9,Defect,0.9431644929744413,High_Risk
2931,1,M06981,Afternoon,39.6,18.5,85.0,97.4,72.5,59.4,Defect,0.9424301486775327,High_Risk
800,13,M06810,Night,32.2,17.8,69.5,70.0,70.7,68.8,Defect,0.942410331873871,High_Risk
7179,12,M06790,Morning,29.5,18.2,62.8,68.1,79.4,69.2,Defect,0.9418407137830603,High_Risk
6613,6,M05817,Morning,35.7,14.2,68.6,64.8,76.0,64.4,Defect,0.9415123392567282,High_Risk
4558,23,M00250,Afternoon,37.9,13.8,71.6,74.2,68.7,63.9,Defect,0.9412598122229774,High_Risk
2699,4,M09642,Night,29.4,15.7,59.2,85.6,79.5,69.1,Defect,0.9410537590622685,High_Risk
283,20,M01046,Morning,31.2,14.3,83.2,60.9,57.2,81.7,Defect,0.9408685931049612,High_Risk
7613,19,M01725,Night,35.0,15.8,57.8,83.5,70.6,72.3,Defect,0.9408215131233264,High_Risk
2461,25,M00690,Night,31.4,15.7,83.6,73.4,75.4,59.8,Defect,0.940777855259481,High_Risk
4300,25,M01448,Afternoon,36.5,14.9,86.7,64.5,59.5,75.1,Defect,0.9406948737128171,High_Risk
7022,7,M05511,Night,32.4,15.1,95.9,57.7,86.5,85.1,Defect,0.9404057305852582,High_Risk
5180,5,M06107,Night,26.9,16.0,75.8,61.2,85.8,59.5,Defect,0.940405361806299,High_Risk
5488,20,M02477,Afternoon,29.5,16.1,88.7,77.2,59.8,68.0,Defect,0.9401674369200709,High_Risk
4776,24,M02018,Night,31.5,15.7,88.1,68.7,69.9,59.1,Defect,0.9399947121542341,High_Risk
4643,20,M06510,Night,36.6,18.1,81.5,60.9,64.4,65.5,Defect,0.9396497376678526,High_Risk
1555,2,M05656,Morning,34.7,15.3,76.8,65.6,65.8,70.4,Defect,0.9394714332637903,High_Risk
160,15,M08902,Afternoon,33.8,15.7,75.3,65.7,61.2,73.2,Defect,0.9394168545655712,High_Risk
8646,3,M02785,Afternoon,35.3,15.1,79.8,74.2,64.1,60.2,Defect,0.939291323539798,High_Risk
3605,5,M09690,Morning,39.3,15.0,68.1,76.0,63.7,69.4,Defect,0.9384729297619093,High_Risk
2964,18,M05620,Night,39.7,18.6,70.7,61.5,78.6,65.6,Defect,0.9380341819109961,High_Risk
749,15,M06270,Night,36.8,16.5,64.8,75.6,66.2,66.6,Defect,0.937633452747754,High_Risk
3852,15,M07553,Morning,46.8,17.2,66.1,60.4,90.2,63.5,Defect,0.9376188739317461,High_Risk
5628,19,M07091,Morning,38.7,17.0,79.3,64.6,55.8,81.2,Defect,0.9373647737148423,High_Risk
4743,24,M09428,Morning,34.0,15.2,73.8,66.6,68.7,68.4,Defect,0.9369888310947965,High_Risk
5259,5,M02307,Afternoon,38.2,15.7,73.4,60.1,77.6,61.7,Defect,0.9365794195528104,High_Risk
8870,12,M04726,Morning,32.1,17.5,73.9,67.5,65.2,65.2,Defect,0.9353174742814389,High_Risk
1891,8,M02138,Morning,36.6,15.3,64.2,69.1,62.4,75.2,Defect,0.9351181896485398,High_Risk
5484,9,M01059,Afternoon,38.6,14.9,75.1,86.8,59.5,75.5,Defect,0.9348173864965094,High_Risk
2768,4,M09303,Morning,35.0,17.6,65.9,73.4,64.0,74.0,Defect,0.9345249498227167,High_Risk
1847,8,M01441,Morning,40.0,17.7,73.3,71.7,59.0,76.3,Defect,0.9340306276770295,High_Risk
4813,1,M06448,Morning,32.9,14.1,59.2,90.6,74.0,69.4,Defect,0.9334807281083638,High_Risk
7971,2,M09639,Night,40.7,17.5,82.3,62.6,65.1,64.4,Defect,0.9334484803098926,High_Risk
4809,17,M06800,Morning,40.1,17.7,59.1,64.8,82.2,80.0,Defect,0.9332850879326816,High_Risk
7932,4,M02871,Night,38.4,15.0,81.1,82.5,59.3,74.2,Defect,0.9332513546850814,High_Risk
960,23,M05743,Afternoon,37.5,13.8,65.0,58.8,84.8,77.8,Defect,0.9331356211674041,High_Risk
9928,23,M09012,Night,32.3,17.3,78.3,89.0,64.4,59.6,Defect,0.9328216471846875,High_Risk
3619,21,M04770,Night,35.9,15.4,84.9,76.7,59.0,69.8,Defect,0.932715661341669,High_Risk
4327,2,M06975,Morning,32.8,16.3,59.9,92.1,76.5,85.4,Defect,0.9320287819112443,High_Risk
7840,5,M04010,Night,37.0,17.9,62.9,70.0,74.4,71.6,Defect,0.9319094355571689,High_Risk
2886,8,M06564,Night,32.8,14.0,75.0,80.3,79.2,54.4,Defect,0.9311324070207749,High_Risk
6814,24,M03008,Night,37.4,18.2,59.4,65.9,69.5,88.8,Defect,0.9307921338846813,High_Risk
3504,10,M00271,Morning,34.7,14.5,70.2,61.1,78.9,69.7,Defect,0.9307776670195966,High_Risk
6229,4,M01566,Night,31.3,18.1,78.1,69.5,66.5,64.6,Defect,0.9293884388948217,High_Risk
5472,4,M09291,Morning,33.9,15.7,74.3,77.1,53.9,79.5,Defect,0.9282087480835901,High_Risk
3610,14,M06034,Night,35.4,14.9,72.2,69.3,66.9,71.5,Defect,0.9276142949364101,High_Risk
7600,7,M01388,Morning,32.4,15.8,89.4,41.6,70.4,69.5,Defect,0.9272803735188372,High_Risk
5256,2,M03957,Afternoon,37.0,15.4,65.6,66.5,75.6,68.3,Defect,0.9265129001789508,High_Risk
5456,22,M02581,Morning,38.9,16.6,61.1,72.7,74.0,70.8,Defect,0.9259143874497279,High_Risk
5066,4,M02241,Morning,28.6,14.6,73.9,76.4,62.4,64.9,Defect,0.9256145200215258,High_Risk
9404,10,M01832,Morning,37.1,18.2,84.8,79.9,92.8,58.4,Defect,0.9254211611133221,High_Risk
9000,18,M01849,Night,38.3,17.9,57.9,74.1,64.8,88.6,Defect,0.9252863867988474,High_Risk
7573,25,M03804,Morning,34.4,15.8,78.4,78.7,68.8,59.9,Defect,0.9244169355427136,High_Risk
616,9,M05646,Night,43.7,17.7,88.9,53.3,75.7,64.0,Defect,0.9243146805019731,High_Risk
5187,8,M09105,Afternoon,29.6,17.1,71.1,68.7,66.2,70.7,Defect,0.9234878332355693,High_Risk
703,16,M00771,Morning,37.9,18.0,66.1,60.3,68.1,80.4,Defect,0.9233304798049541,High_Risk
1929,11,M03684,Afternoon,36.4,15.9,68.6,65.9,77.6,66.7,Defect,0.9216776852839721,High_Risk
4747,12,M03963,Morning,37.0,16.1,65.1,60.3,64.6,80.7,Defect,0.9214026502720061,High_Risk
7400,10,M01952,Morning,41.7,18.3,58.5,63.0,70.2,92.8,Defect,0.9197423107284135,High_Risk
6813,14,M04306,Morning,38.3,16.1,65.8,84.3,58.6,81.0,Defect,0.9195626104921213,High_Risk
6821,13,M03186,Afternoon,30.5,16.3,66.9,66.7,75.9,65.9,Defect,0.917914654212445,High_Risk
3578,17,M03073,Afternoon,31.5,14.9,63.1,74.9,73.6,64.0,Defect,0.9171099392617162,High_Risk
9722,2,M02199,Afternoon,31.4,13.7,71.2,62.5,77.6,68.2,Defect,0.9170155060944647,High_Risk
5992,18,M07163,Afternoon,39.4,15.8,71.2,79.4,90.4,55.6,Defect,0.91569636783424,High_Risk
7304,2,M01401,Night,41.8,15.2,59.7,65.1,87.4,79.4,Defect,0.9147127559722427,High_Risk
4450,1,M01807,Afternoon,25.0,15.2,74.6,57.5,75.0,73.7,Defect,0.9138280695421719,High_Risk
7948,2,M01764,Afternoon,36.1,16.9,82.5,84.9,64.8,56.6,Defect,0.9126367189822772,High_Risk
2406,22,M06398,Afternoon,32.8,14.1,76.7,67.1,64.5,64.8,Defect,0.9121986969770329,High_Risk
2812,9,M04493,Afternoon,32.5,17.4,68.0,89.9,57.7,73.8,Defect,0.9115429161131842,High_Risk
9545,21,M08169,Morning,42.0,16.7,64.7,71.7,63.7,72.7,Defect,0.9102175240895097,High_Risk
1485,5,M09110,Morning,43.0,14.5,74.7,61.2,59.2,85.5,Defect,0.9087518493869264,High_Risk
1669,7,M00957,Morning,38.7,17.6,76.8,63.6,69.3,69.6,Defect,0.9069648434897808,High_Risk
9205,6,M05779,Night,36.5,16.1,67.3,75.3,70.2,65.3,Defect,0.9064876154631751,High_Risk
9321,10,M05560,Morning,39.0,17.6,73.4,64.3,63.8,77.5,Defect,0.9055904769152378,High_Risk
3573,7,M04200,Night,32.1,17.3,99.0,58.8,75.7,62.7,Defect,0.904057298780596,High_Risk
8221,6,M08573,Night,35.8,14.3,68.2,73.8,68.0,68.6,Defect,0.903961325419328,High_Risk
9068,8,M01987,Afternoon,30.1,14.7,66.8,79.0,66.0,65.4,Defect,0.903191253096062,High_Risk
5761,10,M01568,Night,40.7,14.9,64.5,65.4,78.6,70.6,Defect,0.9018785563626686,High_Risk
7098,10,M03896,Morning,37.3,18.4,55.6,89.7,80.4,95.4,Defect,0.901136010576531,High_Risk
1468,3,M07010,Afternoon,40.5,14.5,63.8,63.7,77.7,73.6,Defect,0.8999726062061276,High_Risk
1694,1,M00526,Morning,32.6,16.5,74.5,68.4,68.6,66.8,Defect,0.8951307339233704,High_Risk
260,25,M00099,Morning,37.3,17.1,62.5,62.9,77.4,72.3,Defect,0.890040924861912,High_Risk
1154,19,M02680,Afternoon,37.1,15.0,67.4,67.3,73.6,70.0,Defect,0.887944849477997,High_Risk
871,25,M05561,Morning,37.8,15.1,66.8,69.6,67.6,72.5,Defect,0.8876343489064008,High_Risk
5012,6,M05061,Afternoon,34.5,17.7,80.1,67.2,70.9,61.2,Defect,0.8870988989379398,High_Risk
2912,13,M04929,Morning,30.6,13.9,96.4,64.7,55.3,68.9,Defect,0.8858845855431973,High_Risk
5422,16,M02262,Morning,35.2,14.2,75.3,61.1,63.7,78.8,Defect,0.880331508035569,High_Risk
5466,13,M02182,Afternoon,38.0,17.0,64.5,75.8,74.3,65.3,Defect,0.8796979596360547,High_Risk
190,6,M05792,Morning,35.9,16.3,81.6,61.6,56.8,84.5,Defect,0.8755871209918341,High_Risk
7603,5,M09958,Afternoon,38.4,17.9,82.2,66.7,66.6,64.3,Defect,0.8727383782315057,High_Risk
9955,7,M04420,Morning,38.4,16.4,79.0,63.9,63.2,72.5,Defect,0.8662093873238712,High_Risk
4859,20,M04934,Night,33.7,19.5,64.4,86.7,66.2,61.9,Defect,0.8632762243262243,High_Risk
9091,21,M07401,Afternoon,44.3,12.2,81.9,61.3,66.3,73.5,Defect,0.8484008452575802,High_Risk
9217,23,M06617,Afternoon,40.0,11.3,82.0,80.8,61.1,82.9,Defect,0.848275131225151,High_Risk
1244,1,M08364,Night,31.2,12.4,65.3,71.0,82.6,62.3,Defect,0.8358189360668125,High_Risk
1000,3,M07791,Afternoon,33.3,11.5,75.0,71.0,68.3,67.8,Defect,0.8233901755783714,High_Risk
9022,6,M00766,Night,26.8,12.0,72.4,83.2,63.3,87.6,Defect,0.8172987175205555,High_Risk
9437,18,M09293,Afternoon,39.6,12.4,71.6,61.1,77.5,71.9,Defect,0.8172410911540477,High_Risk
7332,7,M04921,Night,41.9,12.4,73.7,78.3,78.8,65.0,Defect,0.8147813105136629,High_Risk
5051,22,M03862,Morning,33.2,12.4,70.6,77.7,74.0,71.7,Defect,0.8117384246398983,High_Risk
589,10,M03710,Morning,42.7,11.4,100.0,74.3,79.4,61.4,Defect,0.8096794287672181,High_Risk
2979,11,M04858,Afternoon,32.7,12.2,83.8,82.4,91.4,88.0,Defect,0.8074785014008837,High_Risk
1401,5,M07491,Morning,34.5,11.8,77.9,80.8,90.8,93.1,Defect,0.8066030474132059,High_Risk
4807,25,M08379,Morning,36.7,12.0,100.0,73.2,82.3,76.8,Defect,0.8063696772963479,High_Risk
9541,2,M04356,Morning,35.8,11.6,88.8,88.5,75.1,89.2,Defect,0.8048036311810164,High_Risk
266,16,M00957,Afternoon,36.3,11.8,63.8,77.0,66.7,73.3,Defect,0.8032583129153511,High_Risk
8154,24,M03004,Night,35.9,11.6,74.5,76.4,74.1,86.0,Defect,0.8027618548270782,High_Risk
4338,23,M03916,Night,30.4,12.2,84.4,75.9,74.7,82.2,Defect,0.8008288062625446,High_Risk
917,9,M02561,Morning,34.2,12.3,85.4,84.5,87.4,90.3,Defect,0.7999991981001761,High_Risk
603,3,M05030,Morning,46.7,15.2,67.4,60.2,80.2,82.8,Defect,0.7997134104218214,High_Risk
9921,19,M00771,Morning,36.4,11.6,100.0,83.8,95.5,73.5,Defect,0.7990337524641725,High_Risk
3232,11,M03375,Afternoon,37.0,11.9,78.3,83.9,80.5,93.0,Defect,0.7989730842827021,High_Risk
5964,9,M09534,Night,37.7,12.2,89.9,81.6,83.6,93.9,Defect,0.7985045953600464,High_Risk
3932,10,M05098,Morning,38.4,11.8,95.1,92.6,86.2,86.0,Defect,0.7984757673743315,High_Risk
9882,24,M03515,Afternoon,33.0,12.3,89.4,90.2,79.8,81.8,Defect,0.7981891355905795,High_Risk
1419,25,M09904,Afternoon,37.8,12.3,74.1,97.3,95.4,85.5,Defect,0.794609895669112,High_Risk
348,22,M01842,Morning,33.1,12.3,90.5,81.5,94.5,79.3,Defect,0.7936031680324744,High_Risk
7688,23,M09904,Morning,36.4,12.1,80.2,91.4,88.1,94.0,Defect,0.7928800942586968,High_Risk
6311,15,M08448,Morning,31.8,12.0,79.8,87.8,86.4,89.2,Defect,0.7925322885996987,High_Risk
3815,17,M07241,Morning,32.3,12.3,90.5,78.3,94.1,86.0,Defect,0.7923091781110702,High_Risk
5697,25,M00984,Afternoon,27.3,12.2,84.9,90.8,78.6,87.7,Defect,0.7917701298566159,High_Risk
7342,2,M02869,Morning,45.6,14.5,60.5,78.6,76.9,75.5,Defect,0.7916537128131671,High_Risk
7170,2,M09970,Morning,35.6,11.3,98.8,86.9,94.9,84.3,Defect,0.7914738398253935,High_Risk
7822,4,M06164,Morning,28.9,11.0,87.5,91.2,78.9,83.8,Defect,0.7910858857397887,High_Risk
1998,12,M09209,Morning,30.6,11.9,94.1,93.0,91.1,91.6,Defect,0.7910326500563422,High_Risk
8728,7,M04794,Morning,36.8,11.7,83.7,79.1,77.3,79.6,Defect,0.7906664505038046,High_Risk
1895,11,M07053,Afternoon,25.7,11.0,88.0,79.0,90.1,97.0,Defect,0.7901013844655089,High_Risk
6075,22,M01300,Morning,34.3,11.7,81.9,80.2,75.8,68.1,Defect,0.7887589491911307,High_Risk
6330,25,M08614,Morning,29.4,12.2,83.9,91.0,87.2,96.2,Defect,0.7885004029992432,High_Risk
5464,22,M09714,Morning,37.4,12.2,100.0,69.1,88.3,81.7,Defect,0.788068110240758,High_Risk
86,9,M02063,Morning,27.5,12.2,81.3,80.7,75.4,62.3,Defect,0.7880667046791568,High_Risk
2179,24,M06273,Afternoon,37.7,11.2,78.6,95.3,91.3,91.5,Defect,0.7879665072507244,High_Risk
5339,6,M04057,Night,36.8,12.1,87.3,76.4,76.8,69.1,Defect,0.7879191680626972,High_Risk
8253,2,M07063,Morning,38.6,12.1,85.3,97.9,86.9,82.5,Defect,0.7878918595761607,High_Risk
2085,4,M07341,Afternoon,33.2,11.4,88.1,66.9,79.5,68.7,Defect,0.7876697608892904,High_Risk
4021,12,M07292,Afternoon,35.2,11.7,99.6,86.5,92.6,76.5,Defect,0.7874970946404296,High_Risk
2685,6,M06143,Morning,27.0,12.1,85.5,80.5,76.0,73.1,Defect,0.7874633051536012,High_Risk
1367,3,M07879,Afternoon,37.3,12.3,85.4,96.2,89.4,89.4,Defect,0.7874221524620688,High_Risk
6359,15,M09525,Night,43.2,12.0,76.7,72.3,73.8,78.5,Defect,0.7840919221330703,High_Risk
6327,4,M02638,Night,37.8,12.4,68.4,68.9,68.1,77.4,Defect,0.7837957200229418,High_Risk
2059,21,M07843,Afternoon,40.7,12.2,68.1,89.1,72.0,98.1,Defect,0.7832041579996227,High_Risk
6594,18,M04690,Night,38.1,11.6,79.5,86.0,88.9,83.0,Defect,0.7831634425174715,High_Risk
3541,23,M08498,Morning,34.4,12.3,90.4,84.9,91.6,95.2,Defect,0.7805568261194733,High_Risk
4983,11,M09887,Afternoon,26.2,12.2,93.7,95.2,79.8,88.6,Defect,0.7805425126261346,High_Risk
5193,17,M07346,Night,33.1,12.1,74.1,86.2,75.1,69.5,Defect,0.780225046879374,High_Risk
1152,2,M05620,Night,31.3,11.6,91.1,76.4,70.2,90.0,Defect,0.7800303798444511,High_Risk
3329,2,M05244,Morning,39.8,12.0,87.6,74.4,82.8,71.6,Defect,0.7797838899161984,High_Risk
3460,15,M09822,Afternoon,35.4,11.7,89.0,81.9,84.9,74.0,Defect,0.7797614376897896,High_Risk
780,4,M02594,Afternoon,36.2,11.7,89.2,76.8,93.5,80.3,Defect,0.779689288666008,High_Risk
3369,9,M01697,Morning,37.5,16.2,67.9,78.8,68.1,65.6,Defect,0.7793764317654914,High_Risk
7521,8,M04467,Morning,40.5,12.1,72.3,83.7,78.6,71.4,Defect,0.7781001300212489,High_Risk
1759,13,M06981,Morning,37.8,11.9,86.4,81.0,86.8,79.8,Defect,0.7772044242653453,High_Risk
336,25,M00155,Morning,32.2,12.2,82.7,64.3,80.8,69.5,Defect,0.7770369694024686,High_Risk
197,12,M08959,Afternoon,36.8,11.2,72.2,77.2,77.8,80.4,Defect,0.7764788899916735,High_Risk
6479,12,M05498,Afternoon,31.3,12.2,80.7,71.5,84.0,78.3,Defect,0.7762195787812435,High_Risk
9137,1,M04563,Afternoon,35.0,11.7,81.4,88.2,91.0,100.0,Defect,0.7753464300446423,High_Risk
7339,22,M04793,Afternoon,37.9,10.9,79.3,83.3,65.5,80.3,Defect,0.7751509031108965,High_Risk
9795,16,M06923,Afternoon,46.6,15.2,80.9,60.5,77.5,90.7,Defect,0.7732767588921347,High_Risk
1765,18,M02741,Morning,36.7,12.3,71.6,73.2,80.8,86.3,Defect,0.7728790659330502,High_Risk
497,17,M04080,Afternoon,30.7,11.6,79.9,73.6,78.3,86.4,Defect,0.7723646665291445,High_Risk
6167,2,M07125,Afternoon,30.9,12.2,83.3,61.7,77.1,69.2,Defect,0.7722202796707955,High_Risk
2047,17,M05436,Morning,33.0,12.4,88.5,95.0,74.4,90.7,Defect,0.7715932770264399,High_Risk
7307,4,M02787,Night,31.9,11.2,84.9,84.6,69.2,89.5,Defect,0.7697612655762068,High_Risk
9636,25,M02539,Morning,47.1,15.6,72.9,60.4,74.9,76.3,Defect,0.7643703841089727,High_Risk
2885,21,M01131,Morning,36.7,12.4,71.4,69.5,64.4,78.3,Defect,0.7631284790837021,High_Risk
268,12,M05700,Afternoon,45.3,16.5,85.4,60.8,86.9,92.4,Defect,0.7622625518945711,High_Risk
159,12,M07527,Morning,36.9,11.7,81.0,67.4,67.9,71.4,Defect,0.7534444886455083,High_Risk
1162,23,M02600,Morning,30.7,11.9,74.6,62.5,85.3,73.2,Defect,0.7521081163694344,High_Risk
2153,4,M04269,Afternoon,34.1,12.3,73.8,85.8,71.0,86.0,Defect,0.7515353041374611,High_Risk
4644,7,M07694,Morning,45.4,15.2,78.8,62.6,80.4,85.7,Defect,0.7496445561638283,High_Risk
304,19,M01070,Afternoon,25.0,11.6,100.0,79.6,71.7,98.3,Defect,0.7463603578467801,High_Risk
489,8,M00729,Night,45.7,16.7,71.7,68.0,84.4,86.7,Defect,0.7447499533634091,High_Risk
6759,25,M01933,Night,46.4,14.7,70.0,70.3,71.1,71.8,Defect,0.7440740951830869,High_Risk
7674,23,M06520,Afternoon,29.5,16.8,70.1,60.7,84.3,64.9,Pass,0.7397763748932717,High_Risk
9530,11,M01710,Night,46.8,16.8,74.8,67.5,69.0,72.4,Defect,0.7325228821216895,High_Risk
143,10,M09915,Afternoon,26.5,11.8,78.8,77.0,71.6,72.7,Defect,0.7281605219855206,High_Risk
7432,1,M06086,Afternoon,45.2,16.1,68.9,70.1,86.7,81.2,Defect,0.7266468799770641,High_Risk
6214,7,M05919,Morning,45.1,13.9,82.2,63.2,95.5,97.1,Defect,0.7235516846500524,High_Risk
7188,10,M04542,Morning,45.4,17.9,89.6,66.1,81.4,80.5,Defect,0.7218295654599646,High_Risk
1295,15,M02420,Night,31.1,11.9,80.6,90.8,70.7,68.4,Defect,0.7212639540704485,High_Risk
6864,10,M09714,Morning,45.2,15.5,76.2,66.0,75.4,79.9,Defect,0.718108917551368,High_Risk
4989,1,M03978,Afternoon,45.5,15.2,71.3,71.9,84.2,84.0,Defect,0.7140956554960916,High_Risk
8400,20,M06522,Night,45.5,16.0,78.6,64.7,87.7,76.6,Defect,0.7078158838948775,High_Risk
2082,23,M07138,Morning,45.5,17.9,75.3,79.5,77.4,61.2,Defect,0.7037415027248207,High_Risk
9475,11,M01080,Night,37.1,12.4,95.7,96.6,91.7,67.7,Defect,0.7026060146581132,High_Risk
630,22,M00668,Morning,46.1,12.7,86.3,72.0,83.9,84.0,Defect,0.6952349281776317,Needs_Inspection
6763,5,M02791,Morning,46.8,14.2,83.7,64.7,79.3,100.0,Defect,0.6891056878539712,Needs_Inspection
5487,8,M04249,Morning,48.6,17.7,67.3,69.4,81.5,73.5,Defect,0.6833097654446579,Needs_Inspection
5147,25,M06449,Afternoon,35.3,11.7,79.0,67.4,73.5,66.0,Defect,0.6695505468935231,Needs_Inspection
723,2,M06942,Morning,46.7,17.3,92.2,65.0,84.1,88.6,Defect,0.6693167209567743,Needs_Inspection
4573,20,M08722,Morning,46.0,15.1,80.3,74.4,97.1,86.2,Defect,0.6683511867519065,Needs_Inspection
9610,19,M06451,Afternoon,37.0,15.2,63.7,67.6,74.6,74.6,Defect,0.6608950919261188,Needs_Inspection
1137,11,M01309,Night,47.8,14.4,71.9,78.1,69.0,79.4,Defect,0.6595707785602006,Needs_Inspection
9907,20,M05065,Night,32.6,15.0,72.2,71.9,74.5,62.0,Pass,0.6289476671067254,Needs_Inspection
4364,21,M06264,Afternoon,45.8,17.4,70.5,75.1,77.3,82.6,Defect,0.6256967861800448,Needs_Inspection
4650,1,M09969,Morning,39.5,15.7,81.3,64.7,61.7,72.8,Pass,0.5634344275230625,Needs_Inspection
4705,1,M00962,Afternoon,49.4,14.8,70.5,65.8,79.8,76.4,Defect,0.5614730578526721,Needs_Inspection
8206,13,M03239,Morning,44.7,15.7,64.7,74.5,80.5,67.4,Defect,0.546811534606785,Needs_Inspection
4833,12,M08712,Afternoon,25.9,17.5,81.4,60.1,73.2,74.2,Defect,0.5147212715935074,Needs_Inspection
5874,1,M05270,Night,38.0,16.9,64.2,67.2,75.7,73.0,Pass,0.5144819830126792,Needs_Inspection
5172,2,M08698,Afternoon,32.2,18.2,61.4,75.8,76.1,68.0,Pass,0.5125310069593572,Needs_Inspection
1214,7,M04151,Night,33.6,15.4,71.2,62.1,74.1,73.1,Pass,0.5067631068776417,Needs_Inspection
4353,1,M05075,Afternoon,30.9,16.2,65.0,67.7,73.2,74.3,Pass,0.49466873027540337,Needs_Inspection
3032,5,M09803,Afternoon,31.5,17.9,80.6,64.7,65.4,69.6,Pass,0.4838159773736041,Needs_Inspection
6024,14,M03702,Morning,29.5,15.2,64.5,64.8,86.3,64.9,Pass,0.48279888597297377,Needs_Inspection
9029,4,M02182,Night,32.8,16.0,65.3,76.0,71.0,68.0,Pass,0.4762635126365792,Needs_Inspection
2965,25,M01937,Night,34.0,17.0,78.1,60.8,72.3,69.0,Pass,0.46754132811877286,Needs_Inspection
3792,18,M05042,Morning,35.5,15.3,63.6,66.9,78.9,70.6,Pass,0.46177839502710105,Needs_Inspection
4810,12,M04587,Night,33.0,14.6,76.0,71.0,73.6,62.4,Defect,0.4455234937167659,Needs_Inspection
4777,22,M07416,Morning,32.6,16.0,78.6,60.0,67.1,75.5,Pass,0.44151777327076197,Needs_Inspection
5646,23,M00379,Morning,36.1,16.4,60.9,82.1,87.4,67.5,Defect,0.4412857310999414,Needs_Inspection
8592,12,M01380,Morning,33.7,15.9,73.4,70.6,60.4,77.6,Pass,0.4337809389193078,Needs_Inspection
5075,14,M05232,Night,36.8,15.1,78.0,61.2,74.7,67.2,Pass,0.4287588299303875,Needs_Inspection
7254,19,M00755,Night,40.6,17.0,74.3,61.9,74.6,70.8,Pass,0.4281389554178366,Needs_Inspection
5489,10,M04604,Afternoon,37.3,17.4,76.9,62.2,72.1,68.8,Pass,0.4239008727292523,Needs_Inspection
5982,15,M00496,Morning,37.7,14.4,84.1,62.1,65.4,68.4,Pass,0.42193211768061967,Needs_Inspection
6392,21,M02263,Afternoon,37.2,14.4,60.1,86.7,81.5,74.1,Pass,0.4201532045151665,Needs_Inspection
3394,7,M07161,Morning,41.0,16.1,68.4,60.0,78.3,75.2,Pass,0.41667469965468223,Needs_Inspection
4228,18,M04736,Afternoon,36.8,16.5,71.7,66.6,77.8,64.6,Pass,0.4162703495011325,Needs_Inspection
2764,7,M02008,Afternoon,29.5,16.2,63.5,67.6,65.2,83.8,Pass,0.41125215744689575,Needs_Inspection
3185,18,M06353,Afternoon,34.4,16.7,85.0,60.6,74.3,60.9,Pass,0.38594655462867133,Safe
4762,23,M08971,Night,33.8,13.2,71.6,79.8,64.8,64.2,Pass,0.38001559802382623,Safe
5668,5,M09776,Night,32.9,15.9,68.2,69.6,75.7,66.9,Pass,0.37817937393236717,Safe
3986,9,M08576,Night,36.3,15.8,79.0,79.4,69.3,60.1,Pass,0.3737718916360411,Safe
6837,6,M00123,Morning,33.1,16.2,83.8,62.8,63.6,73.3,Defect,0.3732588844371512,Safe
3227,15,M05424,Morning,36.1,14.6,79.7,76.5,68.3,60.0,Pass,0.3729766316749661,Safe
8122,19,M08796,Afternoon,41.3,18.6,81.8,60.3,72.2,72.7,Pass,0.3717547968838304,Safe
53,2,M08227,Night,35.3,17.2,65.9,83.8,68.7,70.9,Defect,0.3650707551919263,Safe
5345,17,M07081,Night,34.8,16.1,66.5,64.2,67.8,88.3,Defect,0.35874924644980155,Safe
7441,2,M03783,Afternoon,34.2,17.2,61.0,69.6,74.1,76.1,Pass,0.35652737422030734,Safe
309,11,M00302,Night,42.4,15.9,93.0,65.5,65.0,80.1,Defect,0.35221858803276057,Safe
8491,14,M01470,Night,33.6,14.3,66.1,80.5,70.2,71.8,Defect,0.350963065034007,Safe
2906,12,M06584,Morning,35.1,15.2,69.4,64.0,80.6,66.2,Pass,0.3508851433955665,Safe
4416,22,M09713,Afternoon,38.9,16.0,71.9,62.2,73.0,73.6,Pass,0.34861002670991653,Safe
834,19,M09362,Morning,32.4,18.3,67.1,76.5,68.6,68.0,Pass,0.34858645440734615,Safe
1568,17,M06645,Morning,36.2,15.8,68.0,63.1,74.7,74.2,Pass,0.3467753938293893,Safe
2606,21,M00265,Afternoon,38.1,14.4,75.1,71.8,75.8,61.2,Pass,0.3454110435007835,Safe
3468,1,M04957,Afternoon,38.7,20.3,76.1,83.3,71.2,69.1,Defect,0.34478816039373505,Safe
3276,24,M03842,Night,41.7,14.9,77.5,75.5,85.9,60.0,Pass,0.3387025916456507,Safe
4461,12,M07851,Afternoon,41.5,15.7,81.0,64.8,70.2,76.5,Defect,0.33799848620874756,Safe
8109,20,M04410,Afternoon,32.3,17.0,78.7,79.8,60.2,75.8,Pass,0.3369111585864573,Safe
2321,21,M03968,Night,37.0,18.5,78.4,65.0,64.9,72.1,Pass,0.33537703292050175,Safe
6417,24,M08946,Morning,36.6,14.7,66.7,64.8,71.8,77.2,Pass,0.3339927383956306,Safe
835,2,M06372,Afternoon,37.5,17.1,74.6,60.0,83.3,65.1,Pass,0.3336730938218655,Safe
2854,1,M00202,Night,39.3,14.8,67.3,62.3,71.1,80.5,Pass,0.3312650778984294,Safe
7346,9,M06344,Morning,35.5,15.2,64.9,67.1,82.2,66.0,Pass,0.33124187184353937,Safe
9108,2,M03758,Night,34.9,16.3,75.1,60.2,74.9,73.5,Pass,0.3277976492527411,Safe
9603,21,M05370,Morning,37.6,15.7,70.1,84.8,70.6,69.0,Defect,0.32649545549215125,Safe
1253,24,M06961,Morning,34.2,20.3,68.9,69.7,72.9,78.4,Defect,0.3232766589994439,Safe
7220,8,M08896,Night,32.2,15.0,70.8,84.6,64.8,61.8,Pass,0.31962083824688575,Safe
1216,7,M02712,Morning,31.1,15.1,72.5,74.9,77.5,61.0,Pass,0.3160676539224677,Safe
4309,15,M03319,Night,32.7,14.9,65.0,68.7,77.7,83.9,Defect,0.31557937015665677,Safe
2039,21,M07575,Morning,33.9,15.9,67.4,63.3,71.0,78.5,Pass,0.3151345963240987,Safe
7637,25,M00213,Morning,40.9,16.9,70.4,78.8,77.2,60.4,Pass,0.3143396211329915,Safe
2446,17,M00906,Morning,39.7,14.4,78.3,61.5,73.5,67.7,Pass,0.31371541280638976,Safe
2322,5,M06446,Afternoon,35.5,14.6,66.6,60.0,77.3,79.6,Pass,0.31280456084520086,Safe
9723,2,M02288,Afternoon,34.1,14.0,80.1,60.2,71.0,73.6,Pass,0.3123206508945086,Safe
6766,4,M03934,Night,37.8,14.0,66.2,78.0,71.7,65.7,Pass,0.3123121730792038,Safe
1925,21,M01317,Night,34.2,14.8,65.6,79.8,74.6,70.1,Defect,0.3112666281507559,Safe
4492,15,M06321,Afternoon,33.0,16.1,65.5,71.5,79.8,64.4,Pass,0.3110931529775925,Safe
2307,4,M08554,Morning,37.6,14.0,64.3,80.7,82.4,61.5,Pass,0.3109755355342758,Safe
622,9,M02704,Morning,32.6,16.8,65.9,67.8,72.0,85.3,Defect,0.31096512178171076,Safe
8343,5,M03402,Morning,32.8,13.6,83.4,62.1,71.6,75.7,Defect,0.3086578971586144,Safe
1476,11,M02383,Afternoon,26.7,17.9,69.9,82.9,62.2,66.2,Pass,0.3081870220924152,Safe
607,6,M06317,Morning,40.3,16.5,77.3,66.7,78.2,61.0,Pass,0.30461180064718624,Safe
6055,7,M01538,Night,32.6,16.9,79.2,83.8,68.3,60.1,Pass,0.30450137249745324,Safe
2163,22,M07962,Morning,27.4,16.0,72.5,71.1,71.8,65.3,Pass,0.3037172953074071,Safe
3705,22,M07738,Night,41.4,16.7,79.9,60.0,72.4,87.6,Pass,0.3016272576649225,Safe
1408,7,M09611,Night,28.9,15.5,75.2,60.7,72.8,72.8,Pass,0.301042976428241,Safe
1259,25,M04108,Morning,28.0,19.2,60.1,74.1,72.7,77.9,Pass,0.29957861530538366,Safe
6023,10,M08053,Night,41.8,16.7,63.8,78.4,63.8,75.2,Pass,0.2991579597536129,Safe
9688,10,M01551,Morning,31.4,17.1,65.4,80.2,69.6,77.4,Defect,0.297293651667126,Safe
7651,14,M03294,Morning,32.5,19.2,80.4,60.0,75.7,72.2,Pass,0.2948024270652136,Safe
2990,13,M09496,Night,43.5,14.0,80.4,61.7,66.8,73.1,Pass,0.2937657977373055,Safe
2114,24,M06908,Night,33.1,16.7,70.1,60.0,81.5,78.7,Pass,0.2913790561113377,Safe
6497,2,M01411,Morning,31.6,14.1,88.2,62.4,68.8,61.7,Pass,0.2910998314988455,Safe
9330,10,M02274,Night,29.5,13.5,65.1,76.5,62.7,76.9,Pass,0.2909261509201288,Safe
3181,5,M07162,Morning,43.9,16.1,79.5,62.7,60.8,79.6,Pass,0.29076068284333556,Safe
6663,25,M04355,Morning,32.6,14.7,61.3,79.4,70.5,73.1,Pass,0.2896913976256441,Safe
7493,20,M03346,Morning,39.7,17.0,74.5,60.3,75.1,77.3,Pass,0.28838067312474513,Safe
9490,11,M01341,Morning,36.6,14.9,61.0,74.5,70.6,76.4,Pass,0.28610339673119517,Safe
9764,4,M07131,Night,38.6,16.3,63.2,73.8,77.0,67.6,Pass,0.28348835736416633,Safe
2512,19,M08104,Night,39.8,14.0,72.4,70.4,64.8,74.1,Pass,0.2828485443403309,Safe
7858,13,M02804,Morning,41.8,16.3,66.1,76.3,77.3,70.8,Defect,0.2823670869130415,Safe
851,17,M05623,Morning,43.4,18.2,72.8,72.9,61.3,81.8,Pass,0.2821559659805927,Safe
5904,5,M03792,Morning,29.3,15.8,84.0,80.0,60.9,60.8,Pass,0.2820457841991362,Safe
7970,11,M09213,Night,37.8,14.7,64.6,69.4,78.1,84.3,Defect,0.28199210348068177,Safe
9525,2,M02329,Morning,42.3,17.5,70.5,72.1,84.6,60.8,Pass,0.2812652218858288,Safe
4110,2,M02104,Afternoon,26.9,15.7,76.4,62.0,79.0,63.7,Pass,0.2804280893204013,Safe
3268,18,M04214,Afternoon,31.7,15.3,62.3,71.8,74.9,72.8,Pass,0.27962153646097304,Safe
3188,20,M02438,Morning,32.0,15.4,64.3,74.2,82.3,62.4,Pass,0.2778751962414056,Safe
9604,2,M05645,Morning,39.1,14.3,67.8,75.6,63.8,73.6,Pass,0.2758657096003247,Safe
2700,6,M05395,Night,33.4,16.2,76.1,66.6,67.8,70.3,Pass,0.27564321223952115,Safe
7853,5,M01342,Night,33.3,16.8,61.9,75.9,76.3,68.0,Pass,0.2743126362548629,Safe
4024,8,M05168,Night,40.5,16.2,60.3,71.5,74.4,89.3,Pass,0.27280925867383254,Safe
1160,14,M03187,Morning,28.5,15.5,70.0,65.1,76.2,77.5,Defect,0.2714735969743077,Safe
6653,6,M07399,Morning,35.4,15.4,72.4,60.9,70.1,79.8,Pass,0.2704172768977136,Safe
4942,12,M00012,Afternoon,28.2,16.4,67.1,75.6,66.7,71.2,Pass,0.2696023827418504,Safe
5614,24,M06692,Morning,31.9,13.7,64.0,73.4,72.3,71.0,Pass,0.26656442769679756,Safe
3487,4,M06243,Morning,34.2,16.1,65.8,70.6,70.0,74.4,Pass,0.26585147604339787,Safe
8949,14,M04333,Morning,39.1,16.0,82.2,65.8,60.9,85.8,Pass,0.26551731779862187,Safe
6605,21,M09366,Afternoon,35.0,17.0,79.8,79.7,66.9,67.1,Defect,0.2648704603487549,Safe
805,17,M00919,Afternoon,39.5,18.0,75.1,84.2,63.7,60.6,Pass,0.26358157590800796,Safe
7454,8,M02073,Afternoon,34.0,20.3,82.3,67.0,85.0,83.6,Defect,0.26336324719803644,Safe
3133,9,M02952,Night,25.2,14.1,61.4,60.0,78.6,87.6,Pass,0.26310031527268884,Safe
2212,7,M01669,Night,34.7,15.6,76.7,67.8,61.1,79.5,Pass,0.25908569709399204,Safe
8061,11,M06606,Afternoon,34.2,16.5,79.5,64.2,60.1,85.3,Pass,0.25907625391805666,Safe
2254,1,M09128,Night,28.4,16.2,73.1,74.7,60.9,84.8,Pass,0.2590716009862291,Safe
5073,24,M04104,Afternoon,38.4,15.6,83.3,65.7,63.9,68.7,Pass,0.25885017553196227,Safe
3726,3,M03850,Night,37.0,17.5,60.2,82.6,72.9,70.8,Pass,0.2588219860248937,Safe
4176,14,M03227,Night,40.4,14.8,60.3,68.2,88.1,68.5,Pass,0.25704966261770434,Safe
1292,9,M06738,Morning,31.4,15.4,72.0,72.3,64.9,76.2,Defect,0.25674991219890264,Safe
5112,3,M06583,Night,35.8,15.3,83.4,71.6,60.5,68.3,Pass,0.25659870217671016,Safe
842,17,M02740,Afternoon,38.0,17.0,65.3,72.2,71.9,71.9,Pass,0.25507619782155777,Safe
504,10,M07358,Night,31.7,16.7,73.0,70.9,80.6,61.5,Pass,0.25507542332087657,Safe
8505,8,M07147,Morning,34.7,16.5,64.2,62.4,72.1,81.9,Pass,0.2546939436240055,Safe
9767,11,M01146,Afternoon,35.4,12.9,60.9,61.4,68.8,90.3,Pass,0.25377917843081266,Safe
6526,6,M08450,Night,38.5,17.1,69.2,74.6,73.9,63.4,Pass,0.25341172980780013,Safe
5824,23,M06081,Afternoon,44.5,14.2,81.9,65.5,65.8,71.7,Pass,0.25255845341967187,Safe
144,22,M03158,Morning,33.9,15.2,74.7,82.7,60.8,65.7,Pass,0.2511123246249284,Safe
2448,20,M09834,Morning,37.8,17.5,61.3,74.2,84.3,63.2,Pass,0.25076092382191884,Safe
4235,25,M07213,Morning,25.5,17.3,68.9,68.5,78.0,65.3,Pass,0.2495219330206168,Safe
2353,11,M07910,Afternoon,36.1,14.4,60.5,74.8,79.0,76.6,Pass,0.24947172736887693,Safe
7322,24,M09242,Afternoon,36.5,14.0,72.8,81.5,76.8,60.4,Pass,0.24897148969692182,Safe
2843,11,M00594,Night,36.1,18.9,76.1,71.6,72.5,61.7,Pass,0.2488670715034928,Safe
4753,1,M09668,Afternoon,34.1,14.7,67.3,67.8,61.5,89.9,Pass,0.24797794598276757,Safe
3888,18,M00087,Afternoon,41.6,15.7,80.8,62.9,70.9,73.7,Pass,0.24673890409136298,Safe
4349,19,M09041,Night,39.2,14.5,65.6,87.3,75.9,78.1,Defect,0.24540198957043693,Safe
9727,4,M01464,Night,35.8,16.9,87.8,73.6,61.1,79.8,Pass,0.24427675265734025,Safe
5054,2,M04604,Morning,38.4,16.3,83.7,60.5,69.0,68.7,Pass,0.24335932878948147,Safe
6206,17,M04939,Night,30.3,14.7,78.5,71.8,70.6,62.1,Pass,0.24331063049133927,Safe
5366,14,M09734,Night,42.0,15.9,69.0,77.3,66.8,69.5,Pass,0.241745192340476,Safe
6282,21,M01799,Afternoon,31.8,15.9,70.9,63.4,75.7,71.7,Pass,0.24120933973488032,Safe
4019,13,M09472,Morning,31.1,16.8,79.9,60.9,60.9,82.9,Pass,0.24082683184041623,Safe
5036,20,M04943,Morning,40.9,15.1,70.5,60.8,78.4,73.2,Pass,0.24053913339055555,Safe
855,2,M03736,Morning,34.6,13.8,62.1,80.8,80.8,81.9,Defect,0.2401491352474525,Safe
4442,7,M02697,Night,36.6,14.6,61.3,81.1,61.1,83.9,Pass,0.23974683125536628,Safe
4038,20,M04679,Night,29.3,16.7,73.5,74.9,78.2,60.3,Pass,0.23923957233425802,Safe
1300,15,M03562,Afternoon,29.6,16.4,85.9,67.7,60.3,80.5,Pass,0.23830197352651997,Safe
884,23,M01829,Morning,28.0,17.4,66.8,68.1,75.4,70.5,Pass,0.23826303723263423,Safe
5785,14,M09018,Morning,36.1,15.9,72.2,72.7,65.8,70.6,Pass,0.2347965191327094,Safe
7355,3,M08170,Morning,31.1,16.3,61.2,60.4,79.1,88.7,Pass,0.23472617038713597,Safe
6908,6,M09794,Night,43.8,16.1,88.3,63.4,75.1,80.0,Defect,0.23447441344649234,Safe
4507,25,M04993,Afternoon,43.8,17.1,81.9,61.5,77.6,70.7,Pass,0.23384874922483584,Safe
6245,21,M03382,Night,25.0,14.8,64.2,78.4,73.1,65.0,Pass,0.23347281861319483,Safe
57,8,M07556,Morning,41.7,15.8,65.9,82.8,70.7,65.0,Pass,0.23296674776870102,Safe
6502,24,M09369,Morning,37.4,13.6,66.0,69.3,67.9,88.9,Pass,0.23174986034095987,Safe
3415,14,M02410,Night,37.2,15.3,75.1,78.8,64.8,72.6,Defect,0.23128128188835848,Safe
4250,7,M01231,Night,37.8,17.0,82.6,73.9,60.1,78.5,Pass,0.23029069156261042,Safe
5296,19,M08135,Morning,33.0,14.9,73.3,70.7,79.6,60.9,Pass,0.22916828597871214,Safe
609,14,M04911,Afternoon,40.3,16.7,74.7,61.9,69.0,76.1,Pass,0.22900684977706987,Safe
9407,11,M00330,Morning,35.8,15.3,78.4,61.0,69.6,72.5,Pass,0.2283489419493009,Safe
382,15,M04870,Afternoon,35.3,17.9,83.2,67.6,70.8,73.2,Defect,0.22833365249612367,Safe
3838,9,M08034,Morning,42.3,18.4,75.8,76.6,61.8,70.7,Pass,0.2282109122030727,Safe
8314,6,M07710,Afternoon,39.1,20.1,72.7,79.4,73.5,62.8,Pass,0.22809761452486607,Safe
6789,24,M02227,Night,39.6,16.7,79.6,82.7,69.5,67.1,Defect,0.22800227722226743,Safe
186,3,M06529,Afternoon,32.9,17.6,85.2,69.0,63.4,64.3,Pass,0.2273364814049891,Safe
3305,15,M06199,Morning,38.9,14.9,69.8,79.1,74.3,61.9,Pass,0.22603996302207985,Safe
4738,13,M06010,Morning,36.8,17.7,60.9,73.1,75.7,74.9,Pass,0.2248455128833399,Safe
8380,20,M00681,Afternoon,38.8,17.2,68.0,61.5,70.2,82.4,Pass,0.22475474075843238,Safe
2928,9,M05745,Night,36.5,15.2,81.3,60.1,68.2,80.0,Pass,0.22313380330389002,Safe
1706,9,M08322,Morning,40.8,16.1,62.5,78.4,73.2,69.3,Pass,0.22286382236552893,Safe
1242,2,M01253,Night,37.4,15.3,65.6,72.9,71.0,75.3,Pass,0.221950850265066,Safe
4842,13,M00970,Night,38.8,16.9,72.5,67.8,66.7,74.1,Pass,0.22072363848093143,Safe
8704,19,M05932,Morning,39.0,15.7,70.5,77.4,67.6,66.5,Pass,0.22049704544500806,Safe
7672,20,M07778,Afternoon,41.9,12.7,64.8,83.8,64.4,68.8,Pass,0.22045527940596388,Safe
7139,8,M04377,Afternoon,36.5,17.3,68.0,60.5,73.6,85.5,Pass,0.21952351955611935,Safe
8609,23,M09305,Afternoon,36.5,17.3,79.8,64.5,65.2,71.4,Pass,0.2182728280556612,Safe
4522,8,M07679,Afternoon,27.2,15.6,74.9,67.6,88.6,60.1,Pass,0.21724790329394378,Safe
5407,10,M05731,Night,41.7,18.8,61.2,63.1,74.7,83.2,Pass,0.21679309862772808,Safe
7616,23,M09506,Afternoon,37.2,18.4,63.6,69.9,67.5,80.7,Pass,0.21658028614112,Safe
4939,8,M07499,Night,37.8,13.0,62.3,73.5,73.2,75.1,Pass,0.21642047141068865,Safe
2268,21,M00039,Afternoon,35.5,12.9,75.4,80.6,70.3,60.9,Pass,0.21631995166170045,Safe
3651,9,M08567,Night,37.8,15.4,64.5,66.7,75.9,75.3,Pass,0.2162060695935568,Safe
193,10,M04932,Night,35.9,17.0,62.4,83.4,67.5,75.0,Pass,0.21615624410613216,Safe
1171,9,M06810,Afternoon,42.5,15.6,62.7,77.6,74.0,69.0,Pass,0.21596712805550666,Safe
8915,19,M05693,Morning,40.6,16.5,84.2,85.7,74.4,62.9,Defect,0.21575352280038615,Safe
7333,8,M02419,Night,38.2,17.8,68.6,68.9,63.8,81.6,Pass,0.21420818596192578,Safe
6066,3,M05092,Night,30.5,15.4,74.1,65.2,68.3,73.3,Pass,0.21254520633372345,Safe
7719,10,M09492,Afternoon,40.8,15.7,88.3,64.8,66.3,70.6,Pass,0.2123663001962577,Safe
3080,4,M03736,Night,32.7,17.8,87.5,66.0,71.9,80.4,Defect,0.21229324151747328,Safe
4040,6,M09481,Afternoon,26.0,14.3,74.3,75.7,62.1,69.8,Pass,0.21209670360593363,Safe
7384,11,M08593,Afternoon,33.5,16.2,70.2,74.8,63.0,73.7,Pass,0.21206483232499346,Safe
3237,7,M08419,Morning,33.8,16.1,79.3,72.2,61.1,72.4,Pass,0.21164663387809515,Safe
5176,9,M01193,Night,32.1,16.9,70.1,83.1,61.3,70.0,Pass,0.21093487449740536,Safe
510,16,M05918,Afternoon,32.4,16.1,83.1,60.1,82.9,79.3,Pass,0.21009238247062206,Safe
989,24,M06899,Morning,29.9,15.5,67.4,61.1,75.6,79.0,Pass,0.2093764228723892,Safe
240,9,M05424,Morning,35.1,15.3,60.9,75.8,79.2,71.6,Pass,0.20915539071290773,Safe
1174,7,M00075,Morning,35.6,16.3,61.6,66.0,73.5,87.5,Pass,0.20910391092655745,Safe
3122,2,M05648,Morning,34.4,16.3,76.3,70.8,62.1,73.0,Pass,0.20890019730798623,Safe
6741,17,M08241,Morning,43.2,16.8,80.2,74.4,62.5,64.7,Pass,0.20889031804842934,Safe
4156,10,M05396,Morning,40.0,12.9,65.1,70.1,71.4,92.2,Pass,0.20844643178740718,Safe
6225,11,M04498,Morning,35.2,16.2,64.6,76.5,73.1,68.7,Pass,0.20825666740989793,Safe
9241,21,M02902,Morning,35.2,16.9,72.2,75.9,76.6,69.4,Defect,0.20806207004223484,Safe
5607,20,M09948,Night,34.8,13.1,65.3,76.0,70.4,75.3,Pass,0.2076300745312068,Safe
6171,16,M09522,Morning,39.0,16.2,74.0,75.2,84.3,60.3,Pass,0.2069952783941753,Safe
3484,24,M07424,Night,25.0,15.7,66.1,80.2,72.4,69.9,Pass,0.20611414133179606,Safe
8692,21,M04645,Afternoon,42.3,17.4,65.4,78.4,83.5,65.3,Pass,0.20588408658735852,Safe
5228,20,M07212,Night,31.7,16.0,60.8,79.0,78.6,74.3,Pass,0.2058716873965104,Safe
8068,16,M01876,Morning,35.7,15.7,84.9,60.8,71.0,79.5,Pass,0.20571524540099123,Safe
4488,25,M01052,Morning,35.6,18.1,79.9,68.1,76.3,66.8,Defect,0.20569438549301014,Safe
8229,12,M07757,Afternoon,42.4,16.8,64.6,79.9,70.7,71.5,Pass,0.20491022130916206,Safe
9766,7,M05790,Morning,35.1,13.7,79.2,64.1,66.2,72.4,Pass,0.20485406249484084,Safe
3926,22,M03361,Morning,36.1,16.3,61.4,78.9,80.1,72.9,Pass,0.20465700841197418,Safe
27,12,M02748,Morning,33.3,16.6,69.9,77.0,61.3,76.0,Pass,0.20435263826615022,Safe
3738,23,M02995,Night,35.9,15.6,64.8,93.6,84.1,82.6,Defect,0.20404393854024186,Safe
5314,14,M09907,Night,38.0,15.6,85.9,60.3,70.2,67.0,Pass,0.2040312872016269,Safe
9734,22,M09885,Night,31.8,15.7,78.1,60.6,81.3,62.6,Pass,0.20362254155747414,Safe
1560,9,M03225,Night,44.3,13.9,62.7,80.2,65.0,80.2,Pass,0.20344573413507772,Safe
3712,23,M08400,Afternoon,38.1,14.1,69.7,60.6,75.2,88.3,Pass,0.2032834121146827,Safe
3720,1,M02601,Morning,35.0,19.2,65.9,77.1,65.8,82.5,Pass,0.20302443418371358,Safe
2451,24,M00582,Morning,37.4,14.9,66.1,77.7,73.9,68.6,Pass,0.20293370170763378,Safe
5831,21,M04494,Night,37.2,16.7,68.9,76.2,70.2,66.8,Pass,0.20209444749101985,Safe
3493,13,M04558,Night,31.9,16.9,78.9,63.9,73.9,64.9,Pass,0.2020160832397721,Safe
8466,8,M09008,Morning,36.0,17.4,66.8,61.5,68.1,85.3,Pass,0.20113775854585939,Safe
2722,2,M05718,Night,30.4,15.5,64.6,73.9,68.5,75.4,Pass,0.20090151451221772,Safe
2604,23,M06789,Morning,36.9,13.6,77.2,66.1,80.8,68.0,Defect,0.20065025641555023,Safe
8647,11,M09408,Afternoon,28.4,15.0,61.8,70.8,74.2,76.0,Pass,0.20037019178172366,Safe
4633,2,M06846,Night,30.3,16.3,77.1,94.7,61.6,69.9,Pass,0.20025254649286275,Safe
4564,5,M09176,Morning,35.9,16.4,86.5,60.5,64.5,86.5,Pass,0.20011787421751281,Safe
8847,2,M05831,Night,36.4,12.8,71.3,80.6,68.8,64.2,Pass,0.19997324599615585,Safe
3650,9,M03278,Night,31.2,16.3,83.1,60.8,66.7,74.8,Pass,0.19982364577080933,Safe
4512,14,M06514,Afternoon,37.2,15.8,83.5,77.9,66.8,60.4,Pass,0.19952466521600795,Safe
1369,3,M07828,Morning,31.9,15.2,74.1,62.5,77.4,69.7,Pass,0.1993794519612922,Safe
6437,17,M04158,Afternoon,31.1,17.7,88.3,86.4,60.6,61.9,Pass,0.19887191786464087,Safe
60,1,M03844,Morning,39.9,16.0,67.9,76.8,77.6,68.3,Defect,0.1988608441319089,Safe
4690,11,M01957,Night,27.9,14.1,60.6,88.1,79.2,63.1,Pass,0.19843312782969275,Safe
7611,15,M00835,Morning,43.8,15.5,64.2,67.9,73.0,81.8,Pass,0.19803409841247369,Safe
6253,15,M05534,Morning,33.4,14.5,75.9,81.0,79.8,61.4,Pass,0.19765796151031545,Safe
2640,14,M04579,Afternoon,36.3,14.2,63.1,69.8,75.1,74.2,Pass,0.1976187805411335,Safe
2996,17,M03171,Night,35.5,16.9,70.9,64.4,74.0,72.4,Pass,0.19751029700029796,Safe
7708,9,M09590,Night,33.8,15.3,61.1,72.6,71.3,82.3,Pass,0.19722505148697075,Safe
6132,9,M01937,Night,37.4,16.7,64.7,81.3,75.9,65.5,Pass,0.1970368130050204,Safe
5605,14,M03656,Morning,36.6,14.1,87.9,60.9,76.7,64.9,Pass,0.19661971897157005,Safe
1514,21,M02845,Morning,40.9,16.0,77.5,89.9,74.7,61.0,Pass,0.19613041324243233,Safe
662,24,M05125,Night,37.1,13.9,71.7,73.7,82.4,62.3,Pass,0.19593242076950776,Safe
9261,25,M06781,Afternoon,35.3,16.3,64.3,76.4,69.3,72.6,Pass,0.19560741187611222,Safe
1908,11,M05292,Morning,30.3,12.5,71.0,76.4,63.8,79.8,Pass,0.19537140925903101,Safe
4253,10,M06420,Morning,32.4,15.3,70.8,87.5,71.8,61.7,Pass,0.19509149168775985,Safe
7034,22,M09874,Afternoon,34.3,12.9,64.9,82.3,65.4,71.3,Pass,0.19484482416458648,Safe
522,19,M02503,Morning,38.9,16.5,81.4,62.7,66.8,74.2,Pass,0.19398894677460665,Safe
9561,13,M05791,Night,35.3,15.6,79.8,70.7,72.1,69.0,Defect,0.19353680252089384,Safe
5984,14,M00557,Morning,43.0,17.2,77.0,67.3,63.3,75.6,Pass,0.19335845003048505,Safe
7663,3,M05247,Night,38.1,16.4,88.9,62.1,71.3,60.7,Pass,0.1932950084640394,Safe
4951,19,M03868,Morning,39.1,14.0,74.6,63.9,69.2,75.1,Pass,0.19281324339743056,Safe
6115,19,M04501,Morning,36.2,16.9,61.6,63.6,79.7,77.7,Pass,0.19272522552881902,Safe
9282,1,M07954,Night,42.7,14.8,65.5,68.8,81.6,84.1,Pass,0.19249412404530375,Safe
9508,10,M06974,Afternoon,40.4,17.1,60.7,71.3,85.3,72.7,Pass,0.19179249433045004,Safe
934,14,M00601,Afternoon,35.9,14.2,71.0,75.5,68.9,67.9,Pass,0.19143396853284692,Safe
7121,4,M00616,Night,35.9,15.9,65.2,80.6,73.3,65.4,Pass,0.19136688871171154,Safe
3029,18,M07930,Afternoon,34.3,17.0,70.9,81.7,79.2,61.3,Pass,0.19104177794182903,Safe
5492,4,M00221,Night,29.3,18.0,65.1,77.1,82.0,81.9,Defect,0.19084502917787,Safe
4918,21,M02177,Morning,32.7,15.2,63.2,87.4,68.3,71.5,Pass,0.19026430589003102,Safe
7358,17,M09134,Night,43.8,17.4,64.6,79.6,73.3,83.2,Pass,0.19012141798960133,Safe
8356,19,M09070,Morning,40.6,17.5,67.2,72.8,72.1,69.3,Pass,0.19010171928016809,Safe
8112,16,M05407,Morning,33.2,15.0,68.1,65.4,71.6,76.9,Pass,0.18991711599916392,Safe
4584,7,M04299,Night,38.0,14.8,68.3,84.9,61.4,89.8,Pass,0.1894052216374809,Safe
4826,13,M02060,Morning,37.3,15.5,72.4,62.9,70.1,80.0,Pass,0.18930006703785454,Safe
6059,14,M04826,Night,28.9,15.9,69.3,64.6,77.6,74.5,Pass,0.18913558934006422,Safe
2210,7,M07651,Night,34.4,17.0,73.7,79.6,62.0,72.3,Pass,0.18860388573124143,Safe
5248,20,M09975,Night,36.0,14.5,70.8,64.6,69.7,80.8,Pass,0.18857184881611175,Safe
8965,22,M09765,Afternoon,30.6,16.7,77.5,68.4,74.9,62.1,Pass,0.18803938329175626,Safe
296,4,M09008,Afternoon,41.0,16.0,68.1,67.7,62.9,87.4,Pass,0.187667364573652,Safe
3151,18,M09497,Afternoon,35.4,18.4,75.2,66.9,61.9,82.6,Pass,0.18726868671578148,Safe
2383,22,M00831,Night,30.4,14.9,62.6,80.5,67.7,84.3,Pass,0.18713463864940014,Safe
1683,17,M09990,Afternoon,37.8,16.9,60.3,72.4,89.4,89.6,Pass,0.18670888707815145,Safe
1888,13,M05540,Morning,43.7,12.8,68.2,87.0,69.4,72.0,Pass,0.18604520432041352,Safe
7115,22,M02033,Afternoon,36.9,14.5,61.2,88.1,73.3,72.9,Pass,0.1858815368583908,Safe
1278,19,M04807,Night,32.6,17.2,65.3,88.2,72.4,70.6,Pass,0.18493459800853473,Safe
3488,4,M01133,Morning,34.5,17.7,75.1,62.4,85.2,77.2,Defect,0.18482057795357928,Safe
7877,14,M02739,Afternoon,41.0,16.6,85.8,61.4,75.0,68.4,Pass,0.18464754019564442,Safe
9424,17,M08709,Afternoon,31.8,15.3,62.0,66.5,76.3,79.4,Pass,0.18433134531171497,Safe
1302,2,M05393,Night,38.9,15.2,78.9,62.2,67.2,78.2,Pass,0.1840501436581442,Safe
7595,17,M02524,Morning,32.7,16.0,62.2,68.7,86.2,66.0,Pass,0.183896215020734,Safe
5603,1,M04328,Morning,35.5,16.1,77.4,63.3,71.3,71.4,Pass,0.1835498815420724,Safe
7202,10,M09138,Morning,38.1,16.7,71.8,61.4,80.4,72.8,Pass,0.18333363073782152,Safe
4223,1,M06056,Night,39.0,18.1,63.6,85.3,67.0,68.8,Pass,0.18332227866198664,Safe
5812,12,M05078,Night,32.4,18.5,67.2,60.7,78.8,81.3,Pass,0.18302598521067928,Safe
3381,1,M05086,Morning,42.0,15.8,80.0,70.8,75.4,61.3,Pass,0.18293396299521947,Safe
2243,23,M08844,Afternoon,35.0,20.0,75.5,73.7,80.8,84.3,Defect,0.18278962360689568,Safe
2332,22,M03490,Morning,34.9,14.4,81.3,61.3,76.0,71.6,Pass,0.1823037101707387,Safe
1769,20,M00126,Morning,30.0,14.1,74.2,74.1,86.8,60.7,Pass,0.18209392571526717,Safe
8162,20,M09966,Morning,43.6,15.6,66.4,73.9,71.1,72.1,Pass,0.18188253979904542,Safe
527,13,M08336,Afternoon,33.6,16.5,64.8,74.4,69.3,73.6,Pass,0.18162439063205058,Safe
3860,6,M00242,Night,34.7,17.1,71.8,62.4,76.7,72.5,Pass,0.1813532418904545,Safe
7019,6,M05508,Morning,35.6,16.0,65.6,82.9,64.1,72.8,Pass,0.18134125750949273,Safe
6472,22,M05112,Night,35.9,15.8,65.2,76.1,71.8,72.7,Pass,0.18124051996951732,Safe
3758,14,M08368,Morning,37.7,14.3,79.7,65.7,64.4,73.5,Pass,0.18120515595703413,Safe
1169,12,M02542,Morning,39.2,14.9,64.5,78.7,69.1,77.4,Pass,0.18111735706457954,Safe
9771,4,M00561,Night,41.8,15.1,62.2,80.8,76.2,67.6,Pass,0.1810742708619056,Safe
9624,21,M00746,Afternoon,39.3,16.0,78.4,71.4,62.9,70.0,Pass,0.18093940470184033,Safe
3308,6,M02804,Morning,37.9,18.1,87.3,64.7,64.2,71.7,Pass,0.18086011954221293,Safe
826,3,M04633,Night,40.0,14.8,75.8,60.4,77.8,76.9,Pass,0.18076367226264892,Safe
1030,25,M05032,Night,30.8,13.1,65.1,71.8,77.6,80.2,Pass,0.18071757146098805,Safe
8764,8,M01880,Night,30.9,15.8,66.0,80.3,72.1,63.8,Pass,0.18036560516917124,Safe
5428,17,M04759,Morning,39.7,15.0,78.3,69.4,67.1,68.0,Pass,0.18032757739863492,Safe
249,2,M04500,Night,36.0,15.9,71.6,72.8,68.6,68.9,Pass,0.18022180886301117,Safe
5467,20,M02297,Night,41.0,15.8,71.6,84.0,68.3,67.6,Pass,0.18012244874413066,Safe
8893,7,M07601,Night,31.5,15.0,65.0,71.6,77.5,80.4,Pass,0.17981723773729488,Safe
7654,15,M07938,Night,33.2,13.5,84.4,61.7,74.1,63.3,Pass,0.1794748140353694,Safe
5178,14,M00391,Morning,39.1,16.1,74.0,80.9,64.7,63.5,Pass,0.1793442438070497,Safe
1073,18,M09985,Morning,28.5,13.6,75.8,64.7,74.9,68.4,Pass,0.1792963808240499,Safe
2555,15,M05001,Morning,44.5,14.6,76.2,63.6,63.9,81.8,Pass,0.17898820911184926,Safe
1980,14,M04256,Night,34.4,14.8,74.5,78.1,68.3,64.5,Pass,0.17861282942148848,Safe
83,21,M08685,Morning,28.7,16.5,82.4,61.5,65.3,78.4,Pass,0.17848897790758256,Safe
1279,18,M08593,Morning,36.3,19.2,69.0,76.2,68.3,67.9,Pass,0.17837614933512166,Safe
2257,5,M04584,Afternoon,33.4,14.9,80.1,66.8,97.4,74.8,Defect,0.17819562329654573,Safe
317,16,M02976,Afternoon,41.2,13.3,61.5,77.6,80.8,77.3,Pass,0.17819111091594017,Safe
7103,20,M09670,Night,32.1,17.6,97.9,60.3,78.1,69.6,Pass,0.17813951031195027,Safe
4246,22,M00465,Night,34.7,14.7,74.3,85.8,63.4,70.3,Pass,0.1780645049767814,Safe
9904,8,M01751,Afternoon,30.4,15.9,86.3,86.0,84.3,60.1,Pass,0.1779364117177512,Safe
8559,23,M04229,Night,32.5,18.7,77.9,67.1,75.3,62.2,Pass,0.17779683599674861,Safe
5553,4,M03340,Night,36.6,16.8,68.1,69.3,63.6,81.8,Pass,0.1775209842315096,Safe
91,23,M02028,Morning,25.9,12.8,82.3,62.6,73.4,68.8,Pass,0.17730450567830566,Safe
3998,12,M04178,Morning,40.1,14.7,67.6,85.4,87.8,61.7,Pass,0.17660537129897771,Safe
1666,25,M09095,Night,36.9,16.4,66.2,81.3,68.5,76.8,Pass,0.17658484800542984,Safe
7913,22,M07014,Afternoon,40.1,14.0,71.9,62.1,86.7,67.6,Pass,0.17621777147980616,Safe
5255,7,M05607,Night,37.3,14.5,65.1,76.6,73.9,73.4,Pass,0.17598002233866133,Safe
1659,15,M08504,Morning,44.9,17.8,79.8,65.3,85.6,75.8,Pass,0.17575304678035683,Safe
4422,4,M00722,Night,40.8,16.5,81.6,77.1,61.3,74.7,Pass,0.17572392066553244,Safe
5536,18,M00623,Morning,37.8,14.2,62.3,74.3,85.4,77.8,Pass,0.175704026523785,Safe
8598,18,M02654,Morning,34.8,14.8,81.2,67.5,64.5,71.1,Pass,0.17564949064630778,Safe
9125,9,M00865,Morning,34.6,13.9,65.3,79.0,73.4,74.0,Pass,0.17541330441055286,Safe
146,1,M09790,Morning,30.4,16.3,79.0,76.7,61.5,72.3,Pass,0.17521076741905328,Safe
5671,2,M05807,Night,31.3,14.8,68.8,85.7,70.6,65.5,Pass,0.1751442992056236,Safe
1213,12,M01334,Morning,37.1,13.5,87.2,61.5,76.3,62.3,Pass,0.17494535258006721,Safe
8538,4,M01157,Night,35.3,17.3,100.0,60.1,77.9,78.3,Pass,0.17485576808867953,Safe
9113,21,M07310,Afternoon,45.0,15.3,77.3,66.1,70.8,80.4,Pass,0.174040959744212,Safe
9161,3,M05025,Night,37.1,18.1,64.2,71.2,85.5,70.3,Pass,0.17395915318536467,Safe
7010,13,M08033,Morning,37.4,14.8,87.8,73.5,71.1,60.7,Pass,0.17367720631789965,Safe
1456,12,M06507,Night,34.8,17.8,75.1,68.8,75.9,63.1,Pass,0.17354109696109332,Safe
6267,20,M06160,Night,31.7,16.3,81.0,63.4,61.3,86.5,Pass,0.17340940352468423,Safe
9901,7,M05898,Morning,37.9,14.7,84.0,77.5,85.5,60.7,Pass,0.17315776752781345,Safe
6176,2,M07869,Afternoon,40.4,16.3,85.1,60.5,82.9,69.4,Pass,0.1728092548413288,Safe
4736,24,M03218,Morning,41.4,15.6,74.0,83.4,70.4,73.7,Defect,0.1726468085641838,Safe
9051,24,M08147,Night,39.9,14.8,67.9,71.2,70.7,72.6,Pass,0.1725856081908061,Safe
859,2,M01064,Afternoon,42.3,13.3,60.6,99.6,86.9,82.6,Pass,0.17223598925276765,Safe
6926,8,M05078,Morning,26.9,14.8,64.8,80.5,72.9,81.7,Pass,0.17205084124333841,Safe
1036,24,M06457,Afternoon,39.3,14.9,66.4,79.6,70.6,68.5,Pass,0.17194460275756956,Safe
3696,16,M02762,Morning,36.2,19.5,78.8,70.8,70.8,66.8,Pass,0.1719321093519677,Safe
1425,18,M09517,Night,32.1,16.6,69.0,61.9,83.4,69.2,Pass,0.17188599233467985,Safe
6273,2,M09613,Morning,32.0,15.1,63.3,75.6,79.7,70.3,Pass,0.17187294487445995,Safe
8434,22,M01260,Night,38.6,14.4,77.2,61.6,76.7,71.7,Pass,0.17187139732126933,Safe
4818,19,M06786,Night,34.5,15.9,81.3,66.8,78.3,60.8,Pass,0.17181748962460272,Safe
7803,15,M03191,Night,25.7,14.4,79.6,76.7,73.4,61.4,Pass,0.17180927397289403,Safe
6568,23,M03393,Afternoon,34.5,15.0,81.2,64.1,68.0,77.8,Pass,0.17170057749897844,Safe
6629,24,M02043,Afternoon,42.6,15.9,64.4,67.4,87.0,66.2,Pass,0.17159694462923997,Safe
1975,20,M06705,Morning,33.4,17.0,66.1,66.0,80.8,69.0,Pass,0.1713572065998972,Safe
9578,12,M02016,Afternoon,35.6,16.5,61.2,77.9,74.9,72.2,Pass,0.1713489089354099,Safe
9483,21,M05698,Afternoon,35.8,13.7,62.2,70.0,79.1,75.8,Pass,0.17134199250747462,Safe
5236,12,M02081,Morning,33.6,15.7,62.9,65.8,78.5,75.0,Pass,0.17130252876389845,Safe
113,4,M03841,Night,40.5,15.6,82.2,75.9,64.3,62.2,Pass,0.17074024031754598,Safe
9462,5,M01212,Morning,39.9,15.4,73.6,76.6,79.1,61.9,Pass,0.17065516835092867,Safe
7974,18,M05756,Night,38.9,15.1,66.0,73.4,68.2,78.1,Pass,0.1706371844488462,Safe
9434,25,M01502,Morning,35.2,16.5,89.4,63.6,65.5,72.8,Pass,0.17046365062919006,Safe
5216,17,M02156,Afternoon,35.0,16.1,82.4,63.2,68.9,75.2,Pass,0.17020824329876563,Safe
4434,19,M06772,Night,34.7,15.7,79.0,80.3,82.7,60.5,Pass,0.17003141690523052,Safe
3376,16,M02646,Night,43.3,14.2,74.2,74.1,73.2,80.3,Defect,0.16984061663021335,Safe
4552,18,M00628,Morning,39.9,16.1,75.8,69.4,69.0,68.9,Pass,0.1698057864650676,Safe
2380,9,M06257,Night,32.0,13.8,66.6,66.1,70.7,79.1,Pass,0.1692655927635609,Safe
7849,25,M04212,Morning,34.4,18.4,75.4,62.2,77.5,68.9,Pass,0.16905398422892934,Safe
7868,13,M02839,Morning,32.7,15.2,70.3,64.2,74.5,74.8,Pass,0.1688367060829858,Safe
8166,8,M01565,Morning,37.5,16.5,76.5,68.5,62.1,77.9,Pass,0.1687545675025617,Safe
7512,13,M08564,Night,31.5,13.1,67.3,63.0,80.4,84.4,Pass,0.16869619986606568,Safe
4467,14,M08616,Morning,35.6,15.8,65.6,75.4,74.9,73.5,Pass,0.16867406782849195,Safe
2300,8,M02461,Morning,37.3,17.1,72.9,63.7,79.0,67.0,Pass,0.16859813965938705,Safe
9143,3,M07288,Night,39.4,14.9,62.9,68.4,84.7,71.0,Pass,0.1683490059888696,Safe
1118,21,M02144,Night,26.4,15.0,81.0,61.6,79.5,69.7,Pass,0.16819525724302994,Safe
7124,12,M04652,Night,36.7,16.9,62.1,72.7,63.5,86.9,Pass,0.1681095745825746,Safe
2115,1,M08801,Afternoon,31.4,15.3,91.6,66.5,61.9,80.4,Pass,0.16799876299920197,Safe
8016,12,M02980,Night,31.0,17.9,67.7,78.9,69.8,69.2,Pass,0.16792612749419855,Safe
3566,4,M05755,Afternoon,34.5,16.0,91.5,60.2,84.0,90.9,Pass,0.1674111839739641,Safe
9864,13,M03084,Night,41.5,15.6,79.5,75.3,65.2,64.3,Pass,0.16723204235601244,Safe
7456,9,M08530,Night,41.1,15.5,66.7,77.7,62.7,76.4,Pass,0.16709364151205047,Safe
3177,19,M07017,Afternoon,41.9,18.0,93.9,78.2,78.7,60.9,Pass,0.16704083833167224,Safe
6156,21,M01675,Morning,40.7,17.0,62.3,71.9,82.5,72.8,Pass,0.1669382678861001,Safe
1439,17,M02140,Morning,28.6,16.4,82.9,81.2,76.5,63.5,Defect,0.16666966902989408,Safe
1805,25,M03125,Morning,36.0,20.3,90.8,69.9,64.6,73.0,Pass,0.16660971272158,Safe
1305,19,M03224,Afternoon,30.8,16.6,88.5,63.1,70.7,67.3,Pass,0.16634988673144058,Safe
8163,3,M00947,Afternoon,43.4,16.7,69.6,63.5,84.2,74.6,Pass,0.16632709088386202,Safe
5560,1,M00791,Afternoon,32.7,21.1,76.0,65.1,71.0,75.8,Pass,0.1662408908724964,Safe
7434,5,M04865,Morning,31.7,12.5,76.5,61.6,78.2,77.5,Pass,0.16604233837377141,Safe
1605,25,M03175,Morning,35.2,17.3,64.1,76.5,65.0,83.7,Pass,0.16561797865710276,Safe
6901,6,M00948,Morning,32.2,15.5,60.9,74.3,78.9,78.6,Pass,0.16517468171969654,Safe
557,13,M05294,Morning,38.3,16.0,63.7,63.6,76.0,79.5,Pass,0.16513889993180336,Safe
1469,25,M04544,Night,39.1,16.5,71.1,71.5,66.3,73.3,Pass,0.16504883332442802,Safe
6230,18,M00309,Morning,38.9,13.5,81.0,78.8,74.2,60.8,Pass,0.1649068288712085,Safe
2575,9,M00688,Morning,35.9,17.3,66.1,71.9,72.2,80.3,Pass,0.16482453835815813,Safe
8714,12,M02514,Afternoon,37.6,16.6,64.9,86.0,69.4,80.7,Pass,0.16463952084538125,Safe
5780,1,M06802,Morning,37.4,16.7,76.1,62.7,69.8,78.7,Pass,0.16439227760396907,Safe
4620,21,M08470,Night,37.5,13.9,77.6,61.7,74.2,73.1,Pass,0.16407747045399165,Safe
4815,21,M00076,Night,36.2,15.3,77.8,76.2,66.5,62.6,Pass,0.1638557665063943,Safe
6699,20,M06184,Night,25.0,17.1,65.6,72.2,70.6,85.4,Pass,0.1636167670982967,Safe
4542,21,M02231,Afternoon,30.7,12.8,65.7,76.4,81.8,67.7,Pass,0.16343949611023306,Safe
4871,18,M04567,Morning,34.4,16.1,79.7,65.4,66.3,71.2,Pass,0.16326848840200278,Safe
7173,1,M06695,Morning,35.8,15.7,69.7,63.4,71.8,87.2,Pass,0.1630757075993302,Safe
4681,9,M06266,Morning,33.8,14.9,73.0,67.9,64.2,77.3,Pass,0.16277996670742936,Safe
585,5,M04269,Afternoon,38.9,14.4,77.5,67.0,64.0,74.5,Pass,0.1627782031650471,Safe
326,2,M00570,Afternoon,38.6,15.8,68.7,72.6,72.9,81.9,Defect,0.16264326857269362,Safe
2763,22,M00194,Afternoon,38.3,16.0,65.3,73.9,73.4,76.2,Pass,0.16246648023857535,Safe
6011,11,M04369,Night,27.0,13.8,88.4,79.8,68.0,60.8,Pass,0.1622322130166433,Safe
8812,22,M02259,Afternoon,27.1,17.9,90.4,60.5,80.0,69.0,Pass,0.1621652611745265,Safe
6897,19,M02882,Night,34.9,14.0,64.0,71.7,76.3,74.6,Pass,0.1620819504878947,Safe
4590,2,M00311,Afternoon,28.4,17.2,65.1,69.3,81.6,88.9,Pass,0.16206112512269183,Safe
4864,18,M04320,Morning,34.2,15.8,72.1,67.1,70.4,73.7,Pass,0.16191614020023073,Safe
4455,8,M08264,Night,35.7,14.9,74.9,85.2,62.9,64.2,Pass,0.16173905842991837,Safe
5642,1,M02717,Night,36.2,15.2,79.1,60.4,85.9,85.0,Pass,0.16170909461066482,Safe
5324,12,M02063,Night,37.1,19.4,73.4,68.3,64.0,96.6,Pass,0.16130919090751397,Safe
5049,1,M09727,Morning,33.4,16.2,89.3,65.7,70.1,70.7,Pass,0.16069080757367982,Safe
8772,23,M07379,Morning,38.6,14.3,62.2,77.2,80.6,76.1,Pass,0.1606212125679506,Safe
9408,4,M05852,Afternoon,36.1,16.3,66.9,63.9,87.2,68.7,Pass,0.16059955621676877,Safe
8267,22,M03134,Afternoon,36.5,16.5,77.8,74.5,67.1,63.1,Pass,0.16049685380324155,Safe
3079,16,M06338,Morning,35.5,17.9,84.1,61.6,84.3,65.7,Pass,0.1602831679765913,Safe
2489,20,M09087,Afternoon,31.5,15.0,70.0,84.0,73.8,61.9,Pass,0.16021314158271124,Safe
7061,9,M01076,Night,45.0,15.5,68.5,80.4,74.4,63.5,Pass,0.16005223829161547,Safe
1539,4,M03611,Morning,42.5,13.2,69.3,81.8,62.2,74.1,Pass,0.15969833914332648,Safe
1792,1,M04613,Afternoon,28.6,14.6,72.9,62.9,77.5,74.0,Pass,0.15938382301351717,Safe
6687,14,M02487,Morning,43.5,15.7,78.3,69.2,79.7,62.2,Pass,0.15926959729017634,Safe
9308,8,M03984,Afternoon,38.7,14.8,64.1,72.2,71.0,76.7,Pass,0.15926143777319793,Safe
5670,14,M00372,Afternoon,35.8,19.0,86.0,73.7,68.6,88.0,Defect,0.15866788976665278,Safe
3507,20,M03608,Night,40.9,16.8,69.2,76.9,62.9,77.8,Pass,0.1582406366755945,Safe
94,7,M05259,Afternoon,31.8,18.0,65.6,72.3,72.3,74.7,Pass,0.15764026677506826,Safe
9769,20,M07943,Night,32.5,17.1,76.7,86.4,70.4,60.6,Pass,0.15761793780202243,Safe
8083,23,M08326,Morning,31.2,14.5,97.5,60.5,77.2,78.5,Pass,0.15753578580679511,Safe
7269,23,M01429,Afternoon,36.9,14.0,73.3,60.9,77.2,82.8,Pass,0.15749887182978875,Safe
3465,13,M02766,Morning,41.1,16.5,79.4,80.3,65.0,64.1,Pass,0.1573976067640817,Safe
5908,24,M02461,Night,37.7,16.0,77.8,62.1,75.5,70.7,Pass,0.15715964173292718,Safe
4152,20,M03522,Morning,39.3,16.3,77.7,62.2,62.5,83.2,Pass,0.15707982233073373,Safe
9157,6,M09679,Night,31.0,13.8,61.5,89.8,65.4,81.5,Pass,0.1570678903036893,Safe
9893,5,M05757,Night,41.4,15.3,84.9,64.8,67.8,83.2,Pass,0.15698008568586194,Safe
8096,11,M05436,Night,32.7,16.9,68.1,63.4,79.1,86.9,Pass,0.1567828151935121,Safe
4257,9,M06954,Night,36.3,20.7,85.3,64.9,70.8,72.7,Pass,0.15677560975170785,Safe
3124,15,M05777,Afternoon,37.7,18.5,65.8,71.3,78.5,70.2,Pass,0.1564386083312167,Safe
1924,18,M03226,Morning,35.0,15.8,75.3,72.6,90.0,61.1,Pass,0.1561171365361619,Safe
6536,3,M07716,Morning,38.5,16.3,76.6,79.6,68.6,66.4,Pass,0.15590659204764715,Safe
5500,14,M04577,Afternoon,33.9,16.4,73.9,78.5,68.6,67.6,Pass,0.1555793389349593,Safe
4981,1,M04674,Night,32.4,15.8,66.0,90.4,77.3,70.8,Pass,0.1554039765156625,Safe
153,4,M05593,Morning,41.2,13.7,64.2,80.2,74.8,74.2,Pass,0.15539391864641597,Safe
6637,18,M02604,Night,35.9,20.0,80.2,67.9,73.4,64.9,Pass,0.15519035836599546,Safe
7167,5,M05739,Night,35.4,15.4,73.1,75.0,66.0,68.8,Pass,0.15515149812083226,Safe
5547,22,M04617,Morning,33.1,16.6,90.7,64.4,70.4,69.2,Pass,0.1551224915891232,Safe
8050,17,M05782,Morning,25.1,17.5,66.3,62.6,74.9,80.4,Pass,0.1549285582427003,Safe
7710,4,M07281,Night,30.0,17.5,82.3,70.1,64.0,68.3,Pass,0.15478843607420023,Safe
2345,7,M09597,Night,35.4,15.1,73.5,67.5,71.4,72.8,Pass,0.15460955540420274,Safe
3189,22,M06469,Night,27.8,16.7,70.3,63.9,73.4,78.8,Pass,0.15422562907072904,Safe
3057,25,M03936,Afternoon,40.1,16.4,74.5,75.8,82.0,60.8,Pass,0.15421933107095842,Safe
4094,22,M00204,Night,32.6,15.5,74.2,90.1,66.2,62.0,Pass,0.15393759252975348,Safe
5164,1,M01774,Afternoon,39.9,17.3,73.8,61.0,85.3,77.3,Pass,0.15380350401784312,Safe
5526,19,M09604,Morning,34.1,17.1,89.4,60.7,84.6,94.7,Pass,0.15343118990270274,Safe
1567,19,M05110,Afternoon,36.3,15.8,64.4,65.6,72.7,81.6,Pass,0.15335269219167594,Safe
6404,2,M04023,Night,36.8,14.1,69.2,62.8,74.7,76.9,Pass,0.15314233656584647,Safe
5411,23,M02640,Afternoon,36.6,20.3,85.0,68.9,80.2,78.7,Pass,0.15299232268516805,Safe
7164,7,M07857,Afternoon,29.4,17.8,72.2,74.3,63.7,72.9,Pass,0.1529371121837414,Safe
1547,24,M08712,Night,36.8,18.5,66.7,82.8,64.5,72.5,Pass,0.15279519331203043,Safe
6070,23,M09295,Morning,34.0,15.1,86.2,75.0,75.4,61.3,Pass,0.15268369851370986,Safe
18,20,M01185,Afternoon,43.1,14.8,76.9,62.1,85.9,87.3,Pass,0.1524942845696002,Safe
7162,1,M05192,Afternoon,35.0,16.0,64.7,84.8,74.1,64.1,Pass,0.15217148769375602,Safe
9340,7,M07063,Afternoon,42.7,18.4,77.9,66.1,82.2,61.6,Pass,0.15215186511346426,Safe
1518,14,M03156,Night,35.9,16.5,90.6,61.3,73.9,70.1,Pass,0.15200881487574147,Safe
9677,5,M08108,Night,41.5,16.4,65.4,83.3,77.0,75.1,Pass,0.15192093152275837,Safe
341,25,M07344,Afternoon,35.6,13.8,80.3,68.6,63.7,73.6,Pass,0.15173218068481079,Safe
5683,7,M03570,Night,38.0,18.2,61.2,70.5,78.4,75.5,Pass,0.15168738044931826,Safe
346,9,M00538,Afternoon,38.6,15.3,66.6,73.2,63.7,79.0,Pass,0.1515880857830166,Safe
7908,2,M06372,Night,44.4,15.2,78.9,62.9,70.1,82.8,Pass,0.15115873553542597,Safe
7920,25,M04419,Afternoon,36.3,17.5,86.2,73.0,62.1,76.2,Pass,0.1511092431885083,Safe
6819,19,M00230,Night,36.3,13.7,82.8,62.9,64.2,92.5,Pass,0.1510961770996335,Safe
8047,3,M01103,Afternoon,33.2,13.2,69.4,70.4,63.6,85.8,Pass,0.15108994112151272,Safe
7402,10,M09187,Afternoon,33.8,14.9,64.9,73.5,81.4,78.4,Pass,0.15093113346395554,Safe
2320,7,M01429,Afternoon,36.8,18.5,93.7,60.4,78.0,78.2,Pass,0.15067869790615956,Safe
6983,18,M07634,Night,44.8,16.5,87.9,66.2,67.7,78.1,Pass,0.15063499381389095,Safe
6851,12,M08187,Morning,35.9,17.3,68.3,75.4,77.6,65.1,Pass,0.15045757938751106,Safe
3424,8,M08278,Morning,37.4,16.4,70.7,64.2,74.0,77.7,Pass,0.15043946239270853,Safe
9329,18,M01041,Morning,36.5,13.8,61.6,87.3,74.9,79.4,Pass,0.15019812060711094,Safe
7783,6,M01357,Night,25.7,16.7,80.5,67.6,81.5,62.5,Pass,0.1501690289630738,Safe
9207,12,M05014,Afternoon,40.8,17.9,66.0,77.3,70.0,81.8,Pass,0.15009294637680096,Safe
7412,2,M07386,Afternoon,36.3,19.7,84.7,81.0,74.9,84.7,Defect,0.14993832130209175,Safe
9154,7,M00775,Afternoon,28.9,15.6,64.7,71.6,71.6,78.0,Pass,0.1499269648626848,Safe
9228,25,M09084,Night,43.8,14.1,63.1,85.2,77.2,83.6,Pass,0.149830099031434,Safe
3367,6,M02296,Morning,30.0,18.1,63.4,81.9,72.7,66.7,Pass,0.14980423995561473,Safe
97,18,M00392,Afternoon,34.3,18.1,70.0,89.0,70.5,64.0,Pass,0.149621623031038,Safe
6320,19,M08389,Morning,40.3,15.6,64.5,73.9,90.2,68.1,Pass,0.14943676665747224,Safe
3766,7,M07675,Morning,44.7,16.0,78.7,65.0,74.9,64.8,Pass,0.14930561575052437,Safe
9661,25,M08048,Afternoon,29.4,16.6,67.5,69.0,68.7,78.3,Pass,0.14926837083310182,Safe
5253,19,M08463,Afternoon,36.0,15.9,69.1,84.6,67.8,68.2,Pass,0.14913931167824515,Safe
2488,20,M07876,Night,36.7,17.5,66.2,78.0,63.4,87.4,Pass,0.14906345971136842,Safe
8925,3,M00046,Morning,33.2,15.2,66.8,76.2,75.2,69.2,Pass,0.14900389055300337,Safe
2889,1,M08567,Night,31.1,15.3,85.6,64.1,65.1,79.9,Pass,0.14892854177392645,Safe
3325,18,M02205,Night,31.6,16.1,77.0,63.0,78.6,64.6,Pass,0.14885139912316853,Safe
9759,14,M03613,Morning,28.3,17.3,60.6,87.2,96.1,97.2,Pass,0.14878375206260236,Safe
8751,1,M00866,Afternoon,31.8,12.8,77.2,63.8,67.9,75.5,Pass,0.14871707640028264,Safe
3087,17,M02842,Afternoon,36.5,17.3,67.6,72.6,62.6,80.5,Pass,0.14868298623068704,Safe
6240,2,M05721,Night,30.3,15.8,63.1,71.9,75.2,77.7,Pass,0.14866280761694411,Safe
1837,1,M00455,Morning,39.7,15.9,65.7,67.3,79.8,75.9,Pass,0.1484135381258499,Safe
1135,10,M03453,Afternoon,27.1,16.6,68.9,77.2,83.9,61.9,Pass,0.1483346632292206,Safe
472,21,M08946,Night,37.1,16.0,68.5,73.1,63.0,85.6,Pass,0.14815076085157025,Safe
2793,19,M01160,Afternoon,36.7,16.0,68.1,65.4,79.6,69.0,Pass,0.14806488795083372,Safe
6670,8,M06764,Morning,38.0,15.2,77.5,62.6,74.6,70.6,Pass,0.14805732645305456,Safe
1672,3,M09580,Night,36.8,17.2,77.2,63.2,67.0,83.3,Pass,0.14797304320336546,Safe
3426,11,M06218,Afternoon,32.5,18.8,81.5,96.0,82.6,67.5,Defect,0.1479395122181947,Safe
2743,6,M09251,Morning,38.2,17.6,65.9,73.3,66.0,78.7,Pass,0.14773154147066875,Safe
811,14,M03346,Night,38.0,16.7,68.2,90.1,71.2,64.8,Pass,0.14760627352360534,Safe
8488,21,M04641,Afternoon,38.7,16.0,80.7,64.8,68.5,69.1,Pass,0.14743433859261842,Safe
380,4,M05223,Morning,41.6,16.9,73.1,64.3,74.5,83.6,Pass,0.1472226164052312,Safe
2969,2,M03237,Night,35.0,16.0,87.8,64.3,65.8,76.9,Pass,0.14704835140489378,Safe
3298,12,M05819,Morning,40.5,16.6,67.1,81.5,66.1,74.1,Pass,0.1469600865729487,Safe
7562,22,M04940,Afternoon,34.0,16.3,73.9,60.8,76.5,91.7,Pass,0.14691984147831375,Safe
4432,16,M01648,Afternoon,36.6,16.4,70.4,63.5,84.9,64.9,Pass,0.1468935883966655,Safe
1233,21,M02344,Morning,28.2,15.6,79.7,71.2,82.7,61.0,Pass,0.14685965896610884,Safe
6634,6,M03251,Afternoon,34.3,13.2,69.6,74.2,71.5,69.1,Pass,0.14649484887299516,Safe
5626,9,M05309,Night,36.1,16.9,75.6,71.7,66.1,70.5,Pass,0.14645214830325742,Safe
8621,25,M08481,Night,40.0,16.2,66.9,66.3,70.6,82.0,Pass,0.14641120847865607,Safe
3807,25,M01994,Afternoon,33.0,20.7,86.9,65.4,83.4,83.1,Pass,0.14638397020507735,Safe
178,22,M01637,Morning,44.5,15.6,79.7,69.0,65.5,79.2,Pass,0.14615395725516087,Safe
2349,2,M01014,Afternoon,36.4,21.0,75.4,64.3,79.2,72.4,Pass,0.14604001341800776,Safe
456,12,M02428,Afternoon,35.5,17.7,80.6,65.9,69.7,67.9,Pass,0.14602444090290248,Safe
4336,25,M00845,Morning,33.2,14.6,75.2,70.3,79.0,63.0,Pass,0.14599720658455817,Safe
8231,7,M01426,Morning,35.7,16.4,74.9,61.3,72.1,90.0,Pass,0.1459912195023425,Safe
9931,16,M01422,Night,43.3,15.0,74.2,96.1,65.5,66.9,Pass,0.14569539795534203,Safe
4892,5,M05930,Morning,37.2,15.3,76.9,64.8,69.2,76.0,Pass,0.14568809699007917,Safe
8319,25,M03204,Night,35.3,16.0,80.0,68.2,72.1,63.4,Pass,0.14565079201991535,Safe
7835,18,M03516,Morning,38.4,16.9,79.9,75.4,64.9,64.4,Pass,0.1455232023636204,Safe
7726,9,M05003,Morning,37.0,15.6,75.0,61.4,75.9,83.0,Pass,0.1455048420525375,Safe
9405,13,M01473,Morning,37.9,17.1,80.7,68.6,62.9,71.1,Pass,0.14541502449880186,Safe
4471,16,M08685,Night,32.9,18.4,73.4,78.3,64.1,70.4,Pass,0.1454113867018349,Safe
2582,11,M05907,Night,41.4,18.2,65.2,74.1,83.9,91.9,Pass,0.14536010745330297,Safe
8805,7,M03241,Afternoon,27.7,12.9,72.1,83.1,62.9,86.1,Pass,0.14505240535549768,Safe
3449,20,M03319,Afternoon,37.8,16.4,70.1,72.8,77.1,63.3,Pass,0.1450379172862217,Safe
6375,9,M02794,Morning,31.2,17.1,67.3,70.8,67.9,76.6,Pass,0.14481102178902386,Safe
6549,6,M01861,Morning,44.0,14.6,75.5,65.3,73.1,77.0,Pass,0.14476116932784902,Safe
1632,4,M00459,Morning,36.4,15.8,81.7,63.4,76.7,63.1,Pass,0.1447248634279898,Safe
6965,21,M06200,Morning,33.4,15.7,69.5,82.6,64.1,68.8,Pass,0.14437821063166334,Safe
9129,3,M05673,Afternoon,35.5,14.3,64.8,77.9,77.6,71.7,Pass,0.14434982645400207,Safe
7199,2,M05783,Night,34.7,15.5,64.2,82.3,75.9,81.5,Pass,0.14407909380733439,Safe
5496,25,M07350,Morning,35.5,18.8,65.9,72.8,79.2,72.6,Pass,0.14407709143638622,Safe
8850,7,M01691,Morning,36.8,19.5,64.2,71.7,80.4,71.4,Pass,0.14405890402625562,Safe
1890,4,M06788,Night,37.0,12.9,61.6,73.0,82.9,83.0,Pass,0.14399885049097289,Safe
4673,12,M07659,Afternoon,35.7,19.5,79.2,73.5,84.1,88.0,Defect,0.14389046783798856,Safe
5471,20,M06061,Afternoon,39.7,17.1,72.7,78.3,64.6,72.3,Pass,0.14374534530797362,Safe
4737,5,M01448,Afternoon,33.2,17.0,80.4,73.9,69.2,62.6,Pass,0.1436728140035294,Safe
9476,21,M08371,Night,40.9,14.8,66.3,69.0,71.9,75.2,Pass,0.1435913434141985,Safe
1192,16,M02970,Afternoon,33.3,17.0,70.8,71.4,65.6,77.8,Pass,0.14346783542652164,Safe
6198,1,M05936,Night,36.1,16.3,71.1,64.0,82.9,68.0,Pass,0.14338468002559102,Safe
9473,17,M05902,Night,36.1,16.3,74.8,60.5,85.7,87.5,Pass,0.1433072443775303,Safe
6367,7,M08964,Morning,34.0,14.1,62.8,77.2,75.5,79.8,Pass,0.14327251000253935,Safe
9439,23,M09532,Morning,44.6,17.8,81.9,66.5,69.6,73.8,Pass,0.14325257518211476,Safe
9719,23,M00445,Morning,41.4,18.4,64.9,76.2,80.6,91.0,Pass,0.14309662642102247,Safe
9479,19,M01474,Morning,37.7,17.6,63.5,68.8,77.2,79.9,Pass,0.14302608700005318,Safe
4569,20,M09519,Morning,35.8,17.2,75.7,82.4,67.2,69.0,Pass,0.14301574461278663,Safe
4479,5,M09009,Afternoon,27.9,15.4,72.2,73.3,71.4,67.3,Pass,0.14274251484633735,Safe
6165,6,M05646,Morning,34.3,13.3,85.5,61.8,82.3,84.3,Pass,0.14273620365553646,Safe
944,11,M02191,Night,32.6,17.0,69.4,75.1,81.9,62.8,Pass,0.1426826248768296,Safe
8330,16,M08006,Afternoon,36.0,19.8,80.5,74.2,72.6,68.8,Pass,0.1424517115449041,Safe
6280,4,M00760,Morning,35.1,13.4,62.8,66.2,87.4,74.2,Pass,0.14236292066388778,Safe
6179,11,M09662,Morning,27.1,15.6,86.4,72.7,71.5,62.9,Pass,0.14217917300115704,Safe
7236,11,M02077,Afternoon,33.3,15.9,67.1,76.7,67.1,72.2,Pass,0.14176849985604106,Safe
5213,6,M01302,Morning,37.0,15.7,68.8,75.3,78.8,63.7,Pass,0.14172649824719608,Safe
3571,20,M01105,Morning,40.4,15.4,85.9,66.5,71.0,71.4,Pass,0.14172074537844448,Safe
3458,14,M02452,Afternoon,36.1,16.4,69.4,65.1,77.4,85.2,Pass,0.14158296818309307,Safe
6440,2,M00365,Afternoon,36.5,15.3,61.4,92.1,87.6,80.9,Pass,0.1415716343964098,Safe
8928,14,M04944,Morning,25.0,15.4,66.3,67.6,68.5,79.5,Pass,0.14150298990959193,Safe
8139,1,M04865,Afternoon,29.7,16.4,66.4,68.4,70.7,87.3,Pass,0.141467954479556,Safe
9275,20,M01938,Afternoon,42.8,18.5,74.2,80.5,65.1,71.5,Pass,0.14107489161787792,Safe
4636,18,M04625,Night,30.3,13.9,79.4,60.4,79.3,74.0,Pass,0.14075163662796922,Safe
906,7,M09311,Night,31.5,14.0,72.8,62.3,80.9,72.9,Pass,0.14069544789253224,Safe
4452,7,M03309,Afternoon,35.3,13.6,73.0,83.2,65.6,70.5,Pass,0.14063365477253673,Safe
1866,6,M06571,Night,31.0,18.9,69.7,63.7,76.6,74.2,Pass,0.140611400614509,Safe
837,25,M09686,Night,35.8,16.4,80.1,78.6,64.4,66.3,Pass,0.14055382585154214,Safe
5409,5,M05603,Morning,43.1,18.6,63.6,67.8,74.0,80.2,Pass,0.14049663529789594,Safe
9870,23,M04229,Morning,33.4,14.9,64.5,68.6,75.0,79.5,Pass,0.1404724980029577,Safe
8948,21,M05280,Night,34.7,16.2,66.0,89.5,92.0,78.1,Pass,0.1404532282114454,Safe
5654,13,M04268,Morning,31.9,15.2,67.3,67.5,73.5,73.7,Pass,0.1403167689424134,Safe
4149,14,M05661,Afternoon,35.1,17.3,66.4,81.0,68.3,72.7,Pass,0.14011119750815082,Safe
544,8,M07331,Afternoon,44.5,16.3,97.7,66.8,81.2,62.4,Pass,0.14006505316820378,Safe
5656,13,M03625,Morning,38.1,19.0,72.5,62.4,69.7,88.2,Pass,0.13997684847228883,Safe
1950,25,M01101,Afternoon,36.4,12.5,86.9,66.2,89.4,100.0,Pass,0.13986816583404,Safe
34,7,M01900,Night,37.3,17.0,85.2,67.8,69.0,66.0,Pass,0.13983881438257328,Safe
9480,14,M04889,Morning,37.0,18.4,66.8,60.6,86.4,82.7,Pass,0.1395317546904732,Safe
6702,22,M00640,Afternoon,40.7,17.9,87.6,77.7,86.7,60.7,Pass,0.13939494352763857,Safe
6401,21,M02608,Afternoon,40.7,20.4,77.4,82.4,80.4,88.5,Pass,0.1392596893868403,Safe
7811,7,M05502,Morning,32.3,16.7,74.6,76.8,65.2,70.5,Pass,0.13925728593056794,Safe
3896,18,M01648,Night,34.4,17.3,76.1,80.6,63.1,65.4,Pass,0.13900683998629196,Safe
4376,12,M02295,Afternoon,32.4,16.9,65.0,79.3,81.9,80.0,Pass,0.13874398634912494,Safe
7463,17,M05960,Night,39.8,14.1,65.7,87.8,81.1,75.8,Pass,0.13845254425225573,Safe
5403,20,M02939,Night,36.8,16.1,84.2,71.2,64.7,70.7,Pass,0.13828414228843167,Safe
1330,9,M02033,Afternoon,36.5,16.0,83.0,60.7,77.4,81.8,Pass,0.1380874181799521,Safe
3349,20,M05103,Morning,35.8,16.3,80.4,80.9,84.7,61.4,Pass,0.1380320717962884,Safe
2936,7,M06219,Morning,29.0,13.7,84.4,81.8,69.8,62.9,Pass,0.13797850486216018,Safe
6993,12,M01309,Morning,37.6,16.6,63.0,80.2,72.4,84.7,Pass,0.1377879145691449,Safe
9055,2,M04020,Afternoon,38.2,15.4,72.3,76.9,75.5,63.1,Pass,0.13768308619264313,Safe
588,21,M09436,Morning,37.0,14.5,76.6,72.7,62.6,74.7,Pass,0.13742046474482109,Safe
7474,23,M00939,Afternoon,32.8,17.7,69.6,61.4,81.9,98.1,Pass,0.13732457401872242,Safe
7699,25,M01832,Morning,44.9,17.5,84.4,75.9,71.7,67.0,Pass,0.1372888356747167,Safe
2325,16,M05133,Night,35.2,14.2,73.7,91.0,66.6,63.4,Pass,0.1372544163496522,Safe
6757,4,M00163,Night,36.1,16.0,69.3,73.7,64.1,77.5,Pass,0.13700025200367502,Safe
8760,2,M03381,Afternoon,32.3,14.5,75.0,70.7,63.1,80.0,Pass,0.1369269176180333,Safe
9257,20,M02240,Morning,33.9,14.7,86.5,62.4,75.6,61.9,Pass,0.13688787932054727,Safe
9392,21,M03203,Night,32.8,15.1,82.9,68.6,66.0,69.8,Pass,0.13683118845464107,Safe
3211,2,M06319,Morning,37.1,18.3,63.1,75.7,79.5,66.9,Pass,0.1368224399874669,Safe
302,18,M09436,Afternoon,38.0,15.4,75.8,61.6,74.8,82.2,Pass,0.13670395856699655,Safe
6294,24,M06640,Morning,37.9,13.9,82.9,66.8,70.1,69.9,Pass,0.13659529880549848,Safe
3609,12,M07620,Night,33.9,18.4,87.1,71.8,62.8,66.3,Pass,0.13614646089990687,Safe
9772,2,M01913,Morning,37.2,17.7,63.6,74.4,75.1,70.5,Pass,0.1361424302439658,Safe
4084,4,M02916,Afternoon,36.6,13.8,69.6,81.1,65.6,78.5,Pass,0.13607069283836026,Safe
5356,24,M02227,Afternoon,34.7,15.4,64.8,85.0,76.1,73.7,Pass,0.13595275242931434,Safe
606,3,M03628,Afternoon,36.2,16.5,67.0,76.8,78.5,69.1,Pass,0.13593962639463142,Safe
9387,21,M01285,Night,33.7,18.6,65.0,73.2,79.0,79.0,Pass,0.13587709620785116,Safe
5821,9,M06569,Night,28.2,17.8,66.4,78.3,80.8,68.1,Pass,0.1358577800424893,Safe
4729,12,M02542,Afternoon,27.9,15.5,61.3,82.2,75.0,80.6,Pass,0.135710895111628,Safe
1554,24,M08885,Night,34.3,15.9,63.6,69.7,82.5,77.4,Pass,0.1355018498027428,Safe
858,11,M02591,Afternoon,34.4,14.2,64.6,80.5,76.7,71.3,Pass,0.135391841905482,Safe
2585,10,M05249,Afternoon,37.0,17.4,75.5,63.0,75.4,72.5,Pass,0.13531331162315066,Safe
6572,15,M01071,Morning,37.8,17.5,73.6,67.8,92.6,100.0,Defect,0.13528678226810575,Safe
2556,24,M04655,Night,25.0,14.6,73.5,64.5,76.4,73.1,Pass,0.1350853694858467,Safe
170,14,M03764,Afternoon,37.0,13.1,80.6,75.8,71.1,62.8,Pass,0.13497564585470123,Safe
7632,15,M05194,Afternoon,38.5,17.1,62.2,76.4,80.6,100.0,Pass,0.13494221969892756,Safe
6590,7,M06857,Night,25.0,15.2,65.3,89.5,65.5,85.3,Pass,0.13489383217907408,Safe
7718,6,M00065,Night,27.3,14.4,74.2,71.7,62.1,80.1,Pass,0.1348481115583241,Safe
8603,25,M05913,Night,44.0,14.0,95.4,63.6,85.9,80.0,Pass,0.13484764576087133,Safe
5371,23,M01142,Morning,37.2,15.0,65.1,71.2,78.9,76.6,Pass,0.13481439069633797,Safe
5988,8,M03505,Night,36.0,16.6,62.6,68.7,80.4,82.4,Pass,0.13452463914311993,Safe
3000,18,M09430,Night,34.2,16.4,65.4,76.4,81.6,77.1,Pass,0.13445046643457967,Safe
8846,8,M01742,Afternoon,29.6,15.2,62.4,68.5,85.7,69.4,Pass,0.13444289022564282,Safe
356,25,M06656,Afternoon,33.7,16.7,76.4,64.6,72.6,71.0,Pass,0.1342938820782105,Safe
7084,5,M00471,Afternoon,37.5,16.6,70.5,70.6,76.5,66.6,Pass,0.13425922056449008,Safe
7967,4,M09762,Morning,32.0,18.3,80.1,71.4,70.7,65.3,Pass,0.13419897623791505,Safe
7945,8,M08227,Morning,28.0,14.0,71.5,69.5,71.6,78.4,Pass,0.1341479885447022,Safe
3183,4,M01810,Morning,30.0,14.5,68.6,82.1,71.3,71.7,Pass,0.13414338600353215,Safe
3551,19,M05142,Night,36.5,17.2,70.2,65.0,74.3,91.3,Pass,0.13412507417612277,Safe
5071,11,M09044,Afternoon,35.4,18.0,64.4,68.2,77.6,83.2,Pass,0.13411165410523004,Safe
1989,5,M05250,Afternoon,41.1,18.3,62.7,75.1,76.2,78.2,Pass,0.13406134644456674,Safe
5302,15,M08227,Morning,41.0,17.0,63.1,85.9,77.3,81.3,Pass,0.13377438239591366,Safe
1848,20,M08928,Morning,35.6,14.3,65.0,74.5,79.0,73.8,Pass,0.1337619585575644,Safe
2441,15,M00163,Afternoon,41.9,14.8,95.6,61.6,83.5,71.9,Pass,0.13373742338737554,Safe
6287,3,M01877,Night,29.2,15.0,62.7,86.5,78.8,80.7,Pass,0.1335374526545322,Safe
3220,6,M09822,Afternoon,32.4,15.4,71.2,91.6,71.0,68.4,Pass,0.1335352988189485,Safe
1191,20,M09901,Morning,30.8,15.2,71.9,65.5,82.4,66.1,Pass,0.13329711019375642,Safe
5335,16,M09838,Night,31.9,17.0,73.9,81.6,69.3,68.2,Pass,0.13325973881579314,Safe
8752,5,M09754,Morning,34.0,19.1,70.6,71.0,70.7,73.8,Pass,0.13321606307463182,Safe
1799,14,M03720,Morning,39.3,16.9,74.1,76.0,70.6,65.7,Pass,0.13309069910940477,Safe
8151,9,M05390,Afternoon,32.0,17.1,84.1,75.6,62.8,68.3,Pass,0.13301005892218698,Safe
4371,5,M06902,Morning,33.8,15.7,80.8,66.4,72.2,72.0,Pass,0.13300565474163506,Safe
6452,5,M01382,Night,40.2,14.2,69.8,77.9,72.3,71.7,Pass,0.13299247798481287,Safe
3377,6,M06590,Night,40.5,15.7,70.2,67.2,73.2,83.1,Pass,0.13297181815356235,Safe
870,23,M02552,Night,30.8,17.6,64.1,85.0,73.9,65.1,Pass,0.13293505329256866,Safe
3559,17,M09169,Morning,31.0,16.3,70.3,77.6,69.8,66.7,Pass,0.13290066615877313,Safe
7005,5,M06658,Morning,30.7,15.8,63.4,70.9,83.8,67.5,Pass,0.13281568509957423,Safe
4514,22,M09115,Afternoon,34.6,15.9,78.7,69.2,71.5,66.3,Pass,0.13264855264871625,Safe
7191,10,M04870,Afternoon,34.1,17.5,69.2,62.0,81.2,78.7,Pass,0.13262211300240728,Safe
860,8,M04325,Morning,33.7,16.3,77.9,78.2,63.7,66.0,Pass,0.1325723821667825,Safe
586,22,M04749,Morning,39.0,14.9,76.1,63.7,76.2,70.1,Pass,0.1325591508787543,Safe
1517,12,M01824,Afternoon,43.4,15.4,66.4,74.4,72.4,71.1,Pass,0.1325277082714891,Safe
6805,20,M02659,Afternoon,27.8,13.9,63.4,67.6,77.0,76.7,Pass,0.13240017439074783,Safe
3878,11,M02855,Night,35.9,16.8,91.4,65.2,67.7,89.1,Pass,0.132102458085879,Safe
7997,7,M09789,Morning,38.5,15.3,66.8,75.8,69.7,73.3,Pass,0.13206661774499562,Safe
2845,23,M00936,Afternoon,34.1,16.4,69.0,65.4,82.3,65.5,Pass,0.1318950613272464,Safe
8883,15,M00714,Morning,37.6,16.5,75.8,76.8,75.8,62.4,Pass,0.13188192775114851,Safe
3371,11,M02784,Morning,34.3,18.6,64.5,75.6,75.1,72.1,Pass,0.13183056061597512,Safe
6612,13,M09351,Night,35.9,18.0,67.2,64.2,83.6,72.2,Pass,0.13177271188023476,Safe
9249,21,M09785,Morning,26.9,20.0,75.5,80.7,70.4,68.3,Pass,0.13163701094508373,Safe
3113,21,M03656,Afternoon,33.7,16.3,71.3,64.4,70.7,88.3,Pass,0.13137576749582502,Safe
1267,11,M02422,Morning,30.8,14.2,69.8,65.3,72.1,85.6,Pass,0.1313485008867602,Safe
4191,6,M01679,Night,35.9,19.2,88.9,66.3,68.7,83.6,Pass,0.13131267103094785,Safe
4243,23,M05631,Night,33.5,15.9,68.9,65.8,77.7,70.2,Pass,0.13128343415948104,Safe
3359,25,M09785,Night,36.0,12.9,68.4,74.1,77.1,64.7,Pass,0.13123099270761457,Safe
9974,8,M05328,Morning,32.0,16.8,73.5,76.2,71.4,67.8,Pass,0.13120719437109732,Safe
3436,25,M02370,Morning,37.0,15.7,77.2,78.0,65.0,68.8,Pass,0.13106721613344008,Safe
8027,4,M01700,Night,31.2,16.8,69.7,77.3,70.6,67.0,Pass,0.1310393114944001,Safe
3604,10,M07107,Morning,37.1,16.4,66.9,65.8,76.1,82.9,Pass,0.13094010335753647,Safe
5588,10,M04480,Afternoon,33.9,17.4,89.4,66.0,73.8,62.7,Pass,0.13093997796015175,Safe
5521,1,M04477,Night,34.2,18.4,61.0,73.6,83.4,91.5,Pass,0.1307439276910568,Safe
2598,20,M03712,Afternoon,28.8,13.7,83.3,78.4,63.3,66.7,Pass,0.130570546832805,Safe
891,2,M00010,Afternoon,32.4,16.6,83.3,60.6,74.7,81.3,Pass,0.13052338838452804,Safe
2299,14,M00023,Morning,38.0,13.5,76.4,72.7,70.3,66.7,Pass,0.13042254113894267,Safe
9146,10,M02751,Afternoon,33.6,15.1,75.8,77.3,69.6,67.5,Pass,0.13038777868742962,Safe
4146,11,M04805,Afternoon,35.3,20.1,87.0,69.5,89.9,95.8,Pass,0.13037914929464287,Safe
5020,16,M02365,Night,28.6,17.1,64.2,78.7,74.2,75.3,Pass,0.13030042667523267,Safe
5383,17,M03511,Morning,31.1,16.2,62.6,83.4,99.3,66.0,Pass,0.13028571572782474,Safe
5264,18,M05541,Morning,36.0,15.8,74.4,67.4,78.2,76.4,Defect,0.1301327487031531,Safe
4162,1,M02588,Morning,33.2,17.8,65.7,87.3,64.1,78.3,Pass,0.1300970861246364,Safe
2725,22,M04791,Morning,40.1,19.9,75.6,67.1,77.6,79.6,Pass,0.13008603936622104,Safe
8924,23,M07346,Night,40.8,16.4,81.4,66.9,77.4,84.2,Defect,0.13006202842360046,Safe
2476,23,M02362,Night,30.2,16.4,68.7,74.5,65.7,81.4,Pass,0.13005585769136827,Safe
1138,9,M04178,Afternoon,33.4,16.6,70.4,63.8,80.7,74.1,Pass,0.12979245614669052,Safe
2255,20,M07570,Night,34.2,15.6,73.8,78.7,76.9,62.7,Pass,0.1297421435811353,Safe
4890,3,M00278,Afternoon,34.7,15.1,76.4,60.7,81.6,93.8,Pass,0.12966767166757268,Safe
2509,8,M03751,Night,36.4,15.2,71.6,77.3,72.3,66.1,Pass,0.12957040201556608,Safe
3035,21,M04495,Morning,27.2,16.9,63.6,74.8,77.7,71.9,Pass,0.1295274352008441,Safe
2688,4,M08473,Afternoon,34.5,15.4,63.4,71.0,73.9,83.7,Pass,0.1295086631071984,Safe
9054,23,M09387,Morning,38.0,17.8,68.6,85.4,71.5,71.8,Pass,0.12948085107621013,Safe
1405,12,M06882,Afternoon,33.4,17.5,77.6,67.5,69.4,73.2,Pass,0.12945394723990078,Safe
6441,13,M07468,Morning,40.4,15.4,81.4,68.4,70.8,65.5,Pass,0.12935217573377597,Safe
2916,4,M07612,Afternoon,37.7,20.0,75.9,77.5,82.8,74.7,Pass,0.12915654736984422,Safe
7878,19,M09550,Morning,39.0,14.1,68.9,61.3,83.2,90.7,Pass,0.12913134301737203,Safe
8158,9,M02712,Morning,34.9,16.2,69.1,60.9,87.8,92.1,Pass,0.12902496570117433,Safe
6073,19,M05500,Morning,34.0,17.5,81.2,76.5,64.9,65.3,Pass,0.12878590129372017,Safe
1143,8,M04842,Afternoon,31.8,16.0,66.8,90.4,68.6,68.3,Pass,0.1287158761873504,Safe
8279,15,M00819,Morning,35.5,17.6,68.2,90.6,73.3,78.1,Defect,0.12866551711612073,Safe
5818,19,M03606,Afternoon,37.1,15.5,65.8,68.5,78.1,86.1,Pass,0.12856584360947368,Safe
2193,8,M06870,Afternoon,35.4,15.0,63.9,74.3,83.8,63.6,Pass,0.1283093813986581,Safe
2959,19,M06140,Morning,30.6,15.5,63.5,87.6,81.6,69.7,Pass,0.12829264926902328,Safe
8470,25,M06695,Morning,33.0,16.8,67.4,87.9,89.1,62.1,Pass,0.12808482426488305,Safe
8135,6,M07834,Afternoon,28.0,16.2,86.2,71.9,75.7,61.8,Pass,0.12796739351575104,Safe
9360,2,M06404,Afternoon,35.2,20.6,86.5,69.4,83.1,69.1,Pass,0.12796456312839577,Safe
2129,11,M07871,Night,33.4,18.3,79.0,63.6,72.4,72.2,Pass,0.1278852576166448,Safe
8875,8,M09074,Night,41.1,17.5,71.4,72.9,71.2,70.2,Pass,0.12770016521552408,Safe
3301,13,M09890,Afternoon,34.5,17.5,64.4,78.4,76.6,71.9,Pass,0.12761802585480567,Safe
923,9,M09065,Night,38.6,16.2,73.4,74.5,65.9,77.8,Pass,0.12758528322903775,Safe
8680,13,M03407,Morning,40.1,17.4,76.8,76.3,63.5,75.7,Pass,0.12754452300871097,Safe
6052,20,M05556,Night,44.3,13.3,89.8,72.5,73.8,61.6,Pass,0.12743791400877938,Safe
8455,7,M02988,Night,35.7,14.4,63.0,92.4,73.1,83.3,Pass,0.12706590837376433,Safe
8694,20,M04395,Morning,37.7,15.6,75.7,65.5,67.0,78.4,Pass,0.12699123045456923,Safe
7217,19,M04899,Afternoon,36.8,18.3,86.1,70.0,87.1,67.0,Defect,0.12694766511376748,Safe
5483,12,M06488,Afternoon,40.5,16.5,65.7,94.6,78.6,73.4,Pass,0.126944974445158,Safe
8204,24,M00874,Morning,33.7,13.4,83.9,62.3,79.6,73.4,Pass,0.1268234934051923,Safe
2833,19,M00727,Morning,30.8,14.6,71.1,62.9,74.4,82.3,Pass,0.12680713484274125,Safe
4593,5,M03933,Afternoon,37.4,15.4,95.0,69.7,100.0,78.9,Defect,0.12675671558257887,Safe
7522,15,M05539,Afternoon,33.9,15.9,72.0,68.8,82.8,64.1,Pass,0.12652171325094888,Safe
8562,21,M01507,Night,43.0,12.7,70.6,68.1,75.0,70.4,Pass,0.12644211535499475,Safe
1245,15,M09651,Night,28.3,14.9,78.2,77.0,64.3,70.9,Pass,0.12634942567786606,Safe
3412,6,M05367,Morning,31.4,20.8,83.3,68.6,72.6,85.4,Pass,0.12627575432734742,Safe
7069,11,M09248,Morning,33.3,16.2,70.8,83.2,69.8,70.9,Pass,0.12626040390335194,Safe
2524,21,M01750,Morning,31.0,12.7,81.2,67.5,72.3,73.5,Pass,0.1261829268281973,Safe
9873,10,M01831,Morning,39.3,16.4,71.7,77.0,70.8,69.4,Pass,0.12617910573028235,Safe
6305,25,M08447,Morning,35.4,17.0,63.2,64.5,81.1,89.2,Pass,0.12617399347300812,Safe
674,8,M07267,Afternoon,27.5,20.0,90.3,71.5,66.0,76.4,Pass,0.12586128303596453,Safe
1574,8,M03789,Night,28.4,15.4,63.6,78.8,87.0,75.0,Pass,0.1257490057680095,Safe
8077,16,M04312,Afternoon,30.0,16.7,72.5,85.6,68.4,68.5,Pass,0.12539229296656898,Safe
7751,2,M09953,Morning,32.7,15.0,65.6,68.4,86.0,77.1,Pass,0.1253632544259054,Safe
8039,12,M05264,Morning,36.9,19.5,77.3,78.5,68.8,69.2,Pass,0.12534949926102523,Safe
4640,24,M00590,Night,26.6,18.1,69.9,74.7,63.0,79.0,Pass,0.1253427063799124,Safe
9088,23,M04483,Night,42.5,16.3,74.6,68.6,66.1,81.0,Pass,0.12523287550588602,Safe
8059,22,M09187,Afternoon,39.6,18.1,85.7,66.4,73.1,70.4,Pass,0.12518023876140302,Safe
9593,8,M07903,Afternoon,39.9,16.1,68.8,83.9,72.7,66.6,Pass,0.1251607776854332,Safe
7923,5,M04358,Morning,33.8,13.4,86.5,62.8,76.5,76.3,Pass,0.1251093372975141,Safe
1572,16,M00584,Morning,33.4,15.1,76.3,64.8,79.6,68.1,Pass,0.12507473075891987,Safe
5196,5,M02340,Night,39.7,16.6,66.5,61.7,88.6,88.6,Pass,0.1250566941534366,Safe
3887,9,M02473,Night,35.9,15.2,81.5,73.7,69.3,62.6,Pass,0.12499704306286484,Safe
7860,4,M06559,Morning,33.3,16.5,71.7,70.3,68.1,73.7,Pass,0.12496860942717668,Safe
2680,18,M00142,Afternoon,32.5,15.3,82.0,83.9,72.3,62.5,Pass,0.12490603756339708,Safe
2076,24,M01961,Night,27.2,19.0,67.9,90.4,63.8,85.5,Pass,0.12487716240234331,Safe
5307,5,M03139,Afternoon,35.0,14.7,84.7,62.4,81.4,68.9,Pass,0.1247755113471158,Safe
7576,15,M02166,Morning,35.7,16.5,79.9,72.2,73.4,67.4,Pass,0.12475067926702176,Safe
8840,6,M07929,Morning,41.0,14.7,65.8,71.4,88.5,71.2,Pass,0.12472505818766251,Safe
3544,9,M09328,Morning,35.3,16.1,63.8,77.0,78.1,77.2,Pass,0.12470416271323137,Safe
950,23,M01998,Afternoon,41.6,15.0,68.8,78.5,68.6,72.0,Pass,0.12452091747972396,Safe
3874,19,M08759,Night,37.3,16.0,80.7,82.7,70.6,62.9,Pass,0.12441320438072602,Safe
8638,11,M03400,Afternoon,31.6,15.8,72.4,82.6,63.9,68.9,Pass,0.12423702266388088,Safe
7430,1,M04533,Afternoon,37.1,15.3,76.5,78.5,70.1,65.3,Pass,0.1240427969018355,Safe
3561,21,M03552,Morning,31.3,18.0,64.7,78.9,80.0,75.6,Pass,0.12391377062265704,Safe
9173,19,M00917,Morning,34.1,15.6,80.2,68.2,70.1,66.6,Pass,0.12377057354108943,Safe
5736,16,M07237,Afternoon,33.6,19.2,100.0,74.8,86.2,91.5,Defect,0.12371699141795785,Safe
714,9,M01253,Afternoon,34.1,19.2,89.2,89.7,85.5,79.5,Defect,0.12370200773284715,Safe
2339,16,M05111,Morning,32.5,17.5,74.1,63.9,77.6,73.3,Pass,0.12362227958709472,Safe
2275,18,M07528,Night,32.4,18.2,81.2,76.4,63.4,63.8,Pass,0.12357091149276753,Safe
3946,1,M02688,Morning,39.5,15.7,78.9,60.8,83.5,75.9,Pass,0.12356434226286694,Safe
4856,24,M06309,Morning,36.6,14.9,63.9,71.8,78.1,75.7,Pass,0.12340490062607305,Safe
4977,20,M05808,Morning,32.1,16.8,76.0,64.4,82.3,65.5,Pass,0.12326325857442245,Safe
6168,9,M09046,Night,35.8,12.5,71.2,67.7,73.7,81.6,Pass,0.12307589656249487,Safe
3333,11,M05224,Morning,33.0,15.7,86.8,65.3,68.0,76.3,Pass,0.12303554500866364,Safe
6243,7,M09146,Afternoon,37.8,15.1,70.9,67.0,67.4,82.7,Pass,0.12296966482688448,Safe
4585,17,M04669,Afternoon,33.8,15.3,72.4,72.0,72.4,66.0,Pass,0.12287328533636786,Safe
5853,4,M02896,Night,32.9,15.8,63.9,85.4,67.3,88.6,Pass,0.12252609454821398,Safe
9511,23,M08989,Afternoon,35.9,16.8,85.6,86.2,61.5,63.7,Pass,0.12248824671992532,Safe
2561,18,M06972,Night,35.4,16.8,87.2,69.0,69.1,62.9,Pass,0.12247104218296628,Safe
1265,7,M01751,Morning,40.1,14.2,81.9,77.5,62.7,65.8,Pass,0.1224001472851613,Safe
3917,22,M02295,Afternoon,33.9,18.9,65.9,66.8,85.2,76.0,Pass,0.12239015585255325,Safe
9568,4,M04963,Night,31.9,16.8,64.5,72.8,71.4,86.3,Pass,0.12231528181347288,Safe
3875,18,M09764,Morning,35.0,16.2,76.3,72.1,71.1,64.7,Pass,0.12230530257324453,Safe
5334,14,M01232,Morning,34.3,13.7,75.3,69.7,69.6,71.1,Pass,0.12195088110469122,Safe
6406,19,M06618,Night,31.3,15.9,64.0,76.9,79.7,72.7,Pass,0.12189970994096738,Safe
5453,14,M04341,Morning,36.9,14.8,77.2,66.5,68.5,76.7,Pass,0.12158918505156721,Safe
2727,1,M02525,Morning,30.2,14.9,83.7,77.1,64.2,65.6,Pass,0.12152204764347543,Safe
2896,22,M03244,Night,27.1,18.5,77.5,62.3,73.8,77.1,Pass,0.12137495554142853,Safe
5644,2,M01336,Morning,39.7,17.9,67.2,83.6,69.0,81.5,Pass,0.12137270265043279,Safe
2436,9,M09068,Morning,26.1,16.3,80.7,88.4,79.2,62.3,Pass,0.12133270780045692,Safe
6233,3,M08369,Afternoon,39.6,16.8,73.3,84.8,65.3,79.0,Pass,0.12122258130579544,Safe
9634,7,M05384,Afternoon,40.2,14.8,76.4,76.4,68.6,86.6,Defect,0.12119209120735051,Safe
7049,20,M04158,Morning,30.7,15.8,72.3,68.1,73.0,72.8,Pass,0.12112757643483262,Safe
2316,21,M05344,Morning,45.0,14.4,73.4,81.4,78.3,82.9,Pass,0.12104259423066357,Safe
6624,9,M05316,Afternoon,29.4,15.5,67.5,81.4,71.2,72.4,Pass,0.1210339453403767,Safe
6698,18,M06497,Morning,36.7,16.3,77.1,73.1,71.4,66.8,Pass,0.12089524016659599,Safe
1928,14,M06675,Afternoon,36.8,13.9,76.5,88.1,62.6,70.5,Pass,0.1207399555553931,Safe
5837,3,M08083,Night,30.2,14.7,76.5,62.3,77.5,73.1,Pass,0.12072386415383743,Safe
5093,21,M01500,Night,38.9,17.3,86.5,74.7,63.4,71.3,Pass,0.12061376580042082,Safe
6666,14,M00688,Night,37.1,13.5,84.6,74.6,73.1,62.2,Pass,0.12041782401173268,Safe
9527,4,M09020,Night,34.4,16.5,76.0,69.0,69.7,72.4,Pass,0.120403422123469,Safe
274,9,M09720,Night,29.8,15.7,79.9,65.8,68.5,71.4,Pass,0.12039504503386944,Safe
9747,9,M00478,Night,41.7,15.4,76.5,62.2,95.3,67.5,Pass,0.1203887254201254,Safe
5274,17,M03097,Night,37.5,16.2,76.4,61.7,73.3,96.4,Pass,0.12024288768750793,Safe
5516,13,M01034,Night,33.4,15.8,81.8,83.8,72.6,62.0,Pass,0.12021571159943852,Safe
576,5,M07420,Night,37.6,17.1,64.4,85.9,76.1,73.7,Pass,0.12011333822345811,Safe
4702,18,M03855,Morning,29.0,17.8,63.7,71.7,78.0,72.5,Pass,0.12010516049719723,Safe
738,5,M00138,Night,37.7,13.3,67.0,76.8,75.2,70.0,Pass,0.12006200390697527,Safe
8610,15,M07523,Night,37.3,15.8,66.0,88.2,90.4,85.1,Pass,0.12000172085220319,Safe
2303,18,M09497,Afternoon,41.5,15.6,66.0,71.3,75.6,85.7,Pass,0.11999830896106158,Safe
750,5,M03819,Afternoon,33.7,14.9,88.9,64.3,68.4,75.4,Pass,0.11999232838593878,Safe
8918,13,M05564,Night,39.7,14.6,78.8,69.8,72.6,69.3,Pass,0.11985110814961755,Safe
310,21,M00607,Morning,34.6,17.1,76.0,80.1,71.1,66.8,Pass,0.11981163561497893,Safe
9851,18,M03186,Afternoon,32.3,14.5,65.4,88.1,79.1,82.0,Pass,0.1196444556893201,Safe
1869,21,M00407,Morning,41.5,14.2,63.9,75.4,74.1,80.2,Pass,0.11957876747485806,Safe
5970,8,M02416,Night,39.5,17.1,79.1,90.1,69.9,65.8,Pass,0.11957347025156644,Safe
6177,20,M02604,Afternoon,37.2,18.8,93.0,69.2,70.0,66.9,Pass,0.11955733654772815,Safe
6915,22,M09584,Morning,35.7,16.2,66.6,78.4,67.6,77.0,Pass,0.11954215967582016,Safe
8594,1,M09581,Night,34.7,16.0,85.3,60.7,90.3,82.2,Pass,0.11936154547839926,Safe
8286,9,M02002,Night,34.3,16.0,66.9,77.5,71.1,72.9,Pass,0.11931801840135176,Safe
8653,12,M01404,Morning,32.1,14.5,85.0,67.9,63.9,84.2,Pass,0.11931447416740378,Safe
5971,6,M09310,Night,35.8,15.5,81.7,75.0,62.9,71.2,Pass,0.11914181008419539,Safe
4616,18,M07001,Morning,38.3,16.1,69.4,83.3,71.4,70.2,Pass,0.11901915668937356,Safe
4210,4,M03256,Morning,43.6,17.5,77.0,63.1,85.8,65.1,Pass,0.11883877713562054,Safe
8566,10,M09859,Afternoon,38.1,16.7,75.1,91.8,72.7,61.7,Pass,0.11879805118826967,Safe
9037,20,M09157,Morning,32.8,15.0,75.7,69.0,66.0,76.1,Pass,0.118533773356548,Safe
803,8,M05123,Afternoon,34.4,13.5,66.7,67.2,72.5,78.5,Pass,0.11851420591062427,Safe
4441,2,M01849,Night,37.5,19.2,73.1,63.3,73.9,92.5,Pass,0.1184275567660031,Safe
2057,16,M07694,Afternoon,32.5,14.7,97.3,66.1,92.1,80.9,Pass,0.11842600341751751,Safe
1549,2,M01051,Morning,25.0,15.5,77.9,67.2,66.7,74.6,Pass,0.11809650359201695,Safe
2527,2,M06824,Morning,39.9,15.3,64.6,85.9,79.6,86.9,Pass,0.1177972943585252,Safe
1646,1,M03639,Night,30.3,18.2,70.7,77.8,67.1,74.2,Pass,0.11778199092552626,Safe
1509,3,M07267,Afternoon,34.2,15.4,79.2,67.0,72.6,77.2,Pass,0.11747424393344927,Safe
85,10,M05277,Morning,41.5,16.7,67.7,74.0,66.5,73.6,Pass,0.11731775062716222,Safe
1052,17,M01206,Afternoon,34.4,16.5,63.2,74.9,87.3,70.4,Pass,0.11718145687090349,Safe
212,3,M00660,Afternoon,30.9,14.9,63.0,95.6,78.4,66.4,Pass,0.11717544422731704,Safe
6614,10,M05471,Morning,27.6,15.5,83.3,61.4,69.2,92.4,Pass,0.11717133668247773,Safe
7163,12,M06876,Afternoon,41.6,16.1,75.9,64.1,69.2,92.3,Pass,0.11706745404259745,Safe
2256,7,M05785,Afternoon,31.4,15.5,77.4,77.5,65.2,66.2,Pass,0.11705829111168599,Safe
7668,20,M06644,Afternoon,38.8,12.9,71.6,76.6,77.1,68.0,Pass,0.11701207204167746,Safe
6943,13,M01323,Afternoon,37.3,15.3,96.6,86.2,68.7,64.6,Pass,0.1169769377318254,Safe
9103,5,M05948,Morning,34.0,17.8,67.4,85.0,73.0,72.1,Pass,0.11693134919045983,Safe
1883,4,M03611,Afternoon,31.9,15.1,90.1,65.0,71.0,76.7,Pass,0.11680581030028536,Safe
1443,19,M02605,Afternoon,36.6,17.5,91.3,63.4,90.3,61.8,Pass,0.11673883396482015,Safe
6865,16,M00605,Afternoon,34.2,14.6,69.3,80.4,74.3,65.4,Pass,0.1166636073459278,Safe
1406,8,M09548,Afternoon,36.3,17.6,80.8,86.6,85.8,68.1,Defect,0.11665812698309536,Safe
7081,7,M01165,Morning,37.1,17.9,67.8,67.8,75.7,74.8,Pass,0.1166111503373408,Safe
3191,15,M05952,Morning,40.6,16.7,83.8,72.2,70.1,63.8,Pass,0.11660801147464112,Safe
3760,6,M04938,Night,34.6,14.7,79.2,60.7,76.6,77.8,Pass,0.11660012897456767,Safe
2198,15,M07100,Night,30.9,15.4,74.4,96.8,72.3,91.5,Defect,0.11659118677455256,Safe
1491,14,M06354,Morning,36.6,15.6,65.4,88.5,82.8,89.0,Pass,0.11640656143602733,Safe
2329,19,M08506,Afternoon,35.6,20.4,100.0,83.4,79.2,93.2,Pass,0.11639981716075526,Safe
6518,12,M08696,Afternoon,36.6,14.0,74.3,71.0,84.1,63.3,Pass,0.1162369539920378,Safe
8416,24,M08642,Morning,40.4,16.4,77.4,89.0,64.9,67.3,Pass,0.11622918068128905,Safe
7911,5,M08074,Night,36.2,18.7,69.2,85.9,72.4,68.4,Pass,0.11618199723892417,Safe
1313,1,M08231,Afternoon,44.8,16.0,67.7,82.2,78.8,84.2,Pass,0.11610053222517415,Safe
4827,16,M00141,Afternoon,36.6,19.6,83.1,77.2,64.7,75.3,Pass,0.11602247009172494,Safe
4289,19,M04132,Morning,25.0,17.4,85.7,73.9,62.8,76.5,Pass,0.11577796778209029,Safe
6283,6,M05160,Night,37.5,17.2,72.4,85.6,63.9,81.7,Pass,0.11574253966431682,Safe
7767,9,M02712,Morning,27.8,18.0,67.2,75.9,72.3,72.1,Pass,0.11562490996536871,Safe
8871,18,M04301,Night,32.9,15.2,87.3,74.8,63.0,64.3,Pass,0.11561521608718754,Safe
5426,18,M06041,Afternoon,38.0,14.6,71.5,79.4,66.2,75.6,Pass,0.11556295485421973,Safe
7781,17,M07003,Afternoon,37.7,13.4,65.9,69.3,86.2,75.6,Pass,0.11549743371445105,Safe
8111,23,M00713,Afternoon,40.2,15.9,81.6,70.5,67.8,70.6,Pass,0.11545838174255942,Safe
6866,2,M08176,Morning,33.3,18.0,81.9,71.5,63.6,72.5,Pass,0.11545753569998839,Safe
7056,21,M07142,Morning,34.5,15.1,72.7,77.3,70.7,66.0,Pass,0.11544457744682587,Safe
1187,13,M04264,Afternoon,43.6,15.9,68.7,78.6,76.0,70.4,Pass,0.11536012321186556,Safe
6714,8,M02591,Night,31.5,15.7,80.1,80.6,65.1,68.3,Pass,0.11530561782550447,Safe
2126,22,M03303,Afternoon,38.6,17.9,74.4,62.5,94.9,74.4,Pass,0.11527005038084752,Safe
2189,11,M08981,Night,32.3,16.9,76.2,70.8,69.6,69.9,Pass,0.11525635961657216,Safe
4683,12,M06525,Night,44.7,15.4,93.0,66.9,74.7,71.2,Pass,0.11523218736447478,Safe
6811,20,M01987,Night,28.3,18.0,68.9,69.8,70.6,76.0,Pass,0.11521927721639326,Safe
243,25,M07159,Night,27.5,21.0,85.5,64.2,81.5,87.1,Pass,0.11519439657729759,Safe
9936,12,M06026,Morning,36.3,14.8,76.9,71.2,65.1,75.4,Pass,0.11519406343145348,Safe
4435,12,M00143,Morning,29.4,16.6,72.7,62.3,70.0,82.3,Pass,0.11517415438814048,Safe
8333,14,M00350,Night,38.7,16.3,72.9,74.0,76.2,64.3,Pass,0.1151559725447935,Safe
2846,23,M03809,Morning,34.4,19.6,93.5,73.4,83.2,86.0,Pass,0.115141837642454,Safe
3858,24,M02762,Afternoon,37.2,17.7,66.8,70.2,84.5,69.6,Pass,0.11496858149116378,Safe
4674,3,M01004,Morning,30.7,16.6,63.8,79.1,75.9,65.6,Pass,0.11489804127557929,Safe
8547,5,M09347,Night,37.0,20.7,80.0,77.9,80.7,68.4,Pass,0.11477203382132618,Safe
6697,24,M05066,Afternoon,36.0,14.8,100.0,62.3,72.0,82.4,Pass,0.11475137485930766,Safe
7177,14,M00753,Night,30.5,17.0,71.0,81.1,72.9,65.1,Pass,0.11473800425689952,Safe
6203,18,M01017,Night,36.3,17.3,75.0,75.5,67.1,70.8,Pass,0.11467510204243053,Safe
9542,16,M03306,Morning,39.2,15.7,72.7,67.2,72.9,71.3,Pass,0.11462578181764803,Safe
450,7,M05879,Morning,40.3,15.1,78.8,85.0,64.9,68.8,Pass,0.1146213294517412,Safe
6784,24,M01929,Morning,30.6,14.9,75.6,64.8,79.1,72.2,Pass,0.1146117022125112,Safe
1064,21,M03433,Afternoon,31.3,15.8,63.8,75.2,68.3,80.6,Pass,0.11456819003404124,Safe
9799,15,M03971,Afternoon,27.9,15.8,79.3,63.8,79.1,64.1,Pass,0.11452907451966299,Safe
4837,5,M02852,Morning,26.2,18.7,65.5,92.0,76.0,72.5,Pass,0.11442909172802905,Safe
4081,1,M06112,Afternoon,25.0,14.6,74.0,91.1,80.5,62.4,Pass,0.11442180520661681,Safe
922,25,M08008,Afternoon,35.8,16.8,69.8,76.0,69.7,72.5,Pass,0.11437529546754771,Safe
5321,19,M07501,Morning,35.5,17.6,63.6,81.0,73.6,84.4,Pass,0.11429466604116806,Safe
2895,5,M02243,Morning,34.7,15.7,74.7,69.8,84.1,63.9,Pass,0.1141951365331788,Safe
7539,18,M05600,Afternoon,31.5,16.6,66.3,83.8,72.0,66.4,Pass,0.11413011019485034,Safe
9760,19,M06554,Afternoon,42.2,18.2,68.9,72.6,71.2,75.7,Pass,0.114028029099224,Safe
403,11,M02839,Afternoon,37.3,15.5,81.4,66.3,74.3,71.1,Pass,0.11394507416035594,Safe
1565,12,M09209,Night,33.0,15.4,66.2,68.0,84.6,77.3,Pass,0.11388820462454778,Safe
8808,9,M09477,Night,38.7,19.3,74.8,64.8,78.7,78.4,Pass,0.11387064287590888,Safe
4279,13,M00192,Morning,28.1,17.2,62.1,89.1,92.8,93.9,Pass,0.11386271681281167,Safe
5338,1,M03441,Afternoon,30.7,16.5,76.3,71.0,64.1,78.9,Pass,0.11383958052498068,Safe
5955,13,M03238,Morning,34.8,19.7,100.0,76.8,85.1,74.3,Pass,0.1138371489504962,Safe
5948,22,M06588,Morning,38.5,17.6,67.8,69.1,68.2,83.2,Pass,0.11380135812884562,Safe
1803,1,M04910,Morning,33.6,14.1,78.6,75.8,69.5,68.1,Pass,0.11358073522650353,Safe
3511,17,M06615,Morning,30.3,13.6,86.8,63.4,80.4,70.2,Pass,0.1134580591312184,Safe
5755,25,M00513,Night,40.5,15.0,75.2,76.6,67.0,71.0,Pass,0.1134562846591548,Safe
244,7,M07401,Morning,26.4,14.6,73.2,74.2,74.1,63.8,Pass,0.11343942853435855,Safe
9134,24,M04660,Morning,31.2,14.7,64.6,71.6,78.3,79.6,Pass,0.11342570297446737,Safe
5008,19,M08672,Night,30.9,18.8,76.5,79.3,67.7,69.3,Pass,0.11340709156646406,Safe
806,4,M02798,Afternoon,34.9,17.0,65.2,73.9,85.9,83.1,Pass,0.11335844992970705,Safe
392,9,M00636,Afternoon,31.1,13.3,69.5,77.6,66.5,72.6,Pass,0.1133397202436328,Safe
1655,17,M03666,Morning,34.9,16.7,86.3,78.7,75.8,63.0,Pass,0.11332336697338607,Safe
2164,24,M05828,Night,38.4,15.5,70.8,78.8,78.3,68.6,Pass,0.11317730726767886,Safe
7544,7,M09374,Night,27.9,14.7,69.6,87.9,65.5,82.6,Pass,0.1131675819313344,Safe
4717,19,M09674,Afternoon,35.7,17.9,69.8,68.9,72.7,76.2,Pass,0.11305852413093971,Safe
7180,22,M00678,Afternoon,33.4,19.7,80.1,69.4,90.6,81.1,Pass,0.11298601495543244,Safe
191,17,M09926,Morning,32.7,13.7,74.0,69.1,71.9,69.5,Pass,0.11262569341145774,Safe
2053,12,M01827,Morning,37.2,15.7,72.8,64.4,74.8,74.1,Pass,0.11259892083362039,Safe
2312,18,M09477,Night,35.7,18.3,82.3,69.2,63.6,79.9,Pass,0.11256802162097981,Safe
7545,4,M05073,Morning,34.1,16.4,86.6,69.5,66.5,71.4,Pass,0.11249402888932153,Safe
8317,25,M00969,Night,28.2,16.8,70.7,72.5,71.8,69.2,Pass,0.11239445081944169,Safe
5950,17,M06859,Night,34.4,15.7,78.6,65.6,68.7,81.2,Pass,0.11239230350673413,Safe
8577,8,M05329,Afternoon,33.2,14.5,73.0,68.0,74.7,73.8,Pass,0.11235214253192367,Safe
2903,23,M01636,Morning,32.0,16.7,76.1,65.2,74.6,69.8,Pass,0.11231347176590285,Safe
898,12,M05288,Night,31.7,14.7,70.9,69.9,72.4,76.4,Pass,0.11214077772196174,Safe
7335,13,M06476,Morning,33.8,17.9,70.3,66.0,85.4,68.8,Pass,0.11210802078523592,Safe
221,21,M01844,Afternoon,43.6,14.9,75.8,73.5,70.5,71.0,Pass,0.11208692831738616,Safe
6563,6,M02045,Morning,37.0,16.1,82.1,66.1,72.0,82.6,Pass,0.11188264060440005,Safe
758,15,M06032,Afternoon,36.8,16.5,74.2,83.8,65.8,74.1,Pass,0.11187233096557175,Safe
6445,18,M08738,Afternoon,30.7,15.7,68.5,70.3,80.4,66.2,Pass,0.11176643989559633,Safe
660,23,M07410,Afternoon,31.6,15.8,74.0,63.9,79.8,73.9,Pass,0.11155039306242903,Safe
4375,21,M06856,Afternoon,32.1,20.5,92.0,76.7,88.2,72.8,Pass,0.11150122065040695,Safe
6827,6,M00387,Morning,33.6,18.0,65.5,77.0,81.6,80.0,Pass,0.11139957452014039,Safe
8346,8,M09355,Night,39.2,15.0,74.0,72.1,71.8,69.1,Pass,0.11136924237642376,Safe
9562,18,M01884,Morning,33.1,17.7,78.1,62.6,84.4,69.5,Pass,0.11134006811182683,Safe
3529,18,M03157,Night,33.1,14.8,72.1,71.6,78.5,65.1,Pass,0.11122934731407044,Safe
4779,6,M03097,Morning,31.9,16.8,82.8,61.0,86.0,94.8,Pass,0.11121495842425146,Safe
2705,23,M02991,Night,39.6,17.0,91.0,62.7,73.6,72.2,Pass,0.11111840227238626,Safe
7477,3,M04637,Afternoon,38.8,16.5,72.4,79.4,67.0,72.2,Pass,0.11111557559451628,Safe
1901,21,M06442,Afternoon,32.1,16.5,76.9,76.8,68.5,64.6,Pass,0.11102863465918318,Safe
9127,22,M08664,Afternoon,34.0,15.6,77.0,64.1,83.5,71.8,Pass,0.11094523685966928,Safe
5957,8,M00344,Morning,29.2,14.4,66.1,67.8,76.5,90.3,Pass,0.11094138629856592,Safe
6341,7,M02447,Morning,36.6,17.3,65.5,81.6,80.1,81.6,Pass,0.11088414072769986,Safe
4419,18,M01725,Morning,37.8,13.4,73.7,69.7,68.2,76.2,Pass,0.1108482619476549,Safe
8288,21,M03879,Morning,34.1,19.2,94.5,85.3,92.2,61.5,Pass,0.11083913154887509,Safe
4806,12,M01013,Afternoon,34.7,15.2,78.2,65.7,68.3,77.5,Pass,0.11080360137966273,Safe
6586,17,M05028,Afternoon,31.5,17.5,99.8,76.2,100.0,62.0,Pass,0.11076055628299175,Safe
4438,12,M06623,Night,32.7,15.3,79.3,79.1,64.6,75.9,Pass,0.1107024571376209,Safe
1508,11,M08708,Afternoon,39.1,20.5,80.3,83.7,72.4,73.4,Pass,0.11058725370484863,Safe
5010,9,M04219,Afternoon,41.9,19.2,70.8,74.2,73.2,100.0,Pass,0.11053785018897129,Safe
7035,23,M09245,Afternoon,37.4,15.1,63.5,76.9,75.9,84.3,Pass,0.11051992117530812,Safe
532,2,M05589,Night,30.0,20.6,91.1,81.2,88.3,81.6,Pass,0.11018075367735021,Safe
8202,21,M02048,Afternoon,36.5,16.3,72.7,70.6,82.1,65.5,Pass,0.11015741974456546,Safe
362,7,M09359,Afternoon,39.1,18.1,76.1,69.0,72.8,69.8,Pass,0.11010417080831568,Safe
5983,5,M02149,Night,41.9,16.6,92.0,73.7,71.1,63.6,Pass,0.11006530870143783,Safe
2991,24,M06627,Morning,36.1,16.5,93.1,74.3,73.4,85.4,Defect,0.11006341949635096,Safe
8452,25,M00870,Morning,39.1,14.4,73.6,74.5,67.1,69.2,Pass,0.1100495512448313,Safe
2619,12,M03832,Night,35.5,18.5,63.0,69.5,84.8,83.1,Pass,0.10999640380068561,Safe
502,10,M09880,Afternoon,39.2,19.2,78.8,76.8,67.5,73.2,Pass,0.10976478896040495,Safe
9617,22,M03132,Afternoon,38.1,14.1,65.3,96.5,93.0,91.2,Pass,0.10976275103813035,Safe
6508,13,M04053,Night,39.1,14.0,68.6,69.6,70.0,78.0,Pass,0.10975962934685207,Safe
7875,25,M09736,Afternoon,34.7,18.0,70.3,73.0,74.8,65.3,Pass,0.10974315939929799,Safe
7072,25,M00542,Afternoon,28.3,15.7,68.5,63.6,82.7,91.0,Pass,0.10961696759757059,Safe
8669,9,M07378,Morning,36.2,15.9,67.7,66.3,71.3,81.0,Pass,0.10955763570246413,Safe
7144,1,M04424,Morning,34.3,16.0,81.3,68.0,68.8,69.3,Pass,0.10955265562391225,Safe
9749,20,M08382,Morning,35.0,16.3,72.7,81.4,74.1,65.8,Defect,0.10950330664496218,Safe
3652,11,M07952,Morning,34.4,16.5,72.5,70.3,68.3,75.3,Pass,0.10946548803996302,Safe
4408,25,M04205,Morning,33.3,12.9,86.1,67.2,70.1,74.4,Pass,0.10946051618574583,Safe
3125,24,M07914,Afternoon,34.6,18.9,90.7,66.8,80.2,78.7,Pass,0.10939744255439648,Safe
9686,25,M03110,Afternoon,33.4,16.0,80.7,63.5,73.5,78.5,Pass,0.10925593268800479,Safe
5905,20,M01358,Morning,39.8,14.4,66.5,88.3,78.3,67.1,Pass,0.10924594973304586,Safe
2331,24,M01038,Morning,40.8,16.3,69.6,86.4,74.7,67.8,Pass,0.1091939944990167,Safe
205,6,M01931,Afternoon,29.4,15.1,80.8,67.0,75.9,68.9,Pass,0.1091200881604847,Safe
7655,12,M00225,Night,36.5,17.0,69.8,65.8,80.0,71.7,Pass,0.10908270491811498,Safe
1945,5,M07623,Night,32.3,16.6,76.4,74.6,71.6,63.9,Pass,0.1089791171041357,Safe
3777,20,M09257,Night,33.7,16.8,80.7,80.7,63.2,72.3,Pass,0.10889290480937047,Safe
1802,13,M04441,Afternoon,31.0,15.1,78.4,66.4,62.9,89.8,Pass,0.10885694329166978,Safe
6681,3,M02818,Afternoon,39.9,15.1,72.1,73.3,80.5,65.6,Pass,0.10883666294542244,Safe
8065,8,M03413,Night,39.6,15.1,73.9,72.1,66.2,75.6,Pass,0.10883454995047705,Safe
4155,11,M07833,Morning,42.9,15.6,71.3,66.7,71.8,78.3,Pass,0.10876468553220933,Safe
2588,25,M03605,Afternoon,33.8,16.1,75.2,65.9,68.5,81.5,Pass,0.10875520593255249,Safe
1335,10,M09455,Night,39.4,14.5,89.0,67.6,68.4,81.2,Pass,0.10875180654852266,Safe
8944,15,M02109,Night,29.8,16.6,78.5,66.7,68.8,75.4,Pass,0.10873944329022318,Safe
2132,10,M02045,Morning,36.6,18.2,73.8,83.6,73.4,65.2,Pass,0.1087108647244151,Safe
9116,25,M09612,Afternoon,38.2,19.2,87.5,77.2,81.1,70.1,Pass,0.10870006316478217,Safe
2133,7,M01550,Afternoon,36.1,15.7,71.3,67.9,66.8,82.4,Pass,0.10869245757196393,Safe
7546,13,M09632,Morning,32.4,16.8,88.0,64.2,79.8,66.8,Pass,0.10865038051957587,Safe
1051,22,M04972,Night,42.1,15.2,79.5,70.6,72.9,65.0,Pass,0.10857819484019413,Safe
8549,12,M09938,Morning,37.3,15.2,79.4,63.3,69.5,91.0,Pass,0.10852900920420028,Safe
5381,8,M07117,Morning,26.0,19.5,76.8,65.6,75.8,77.4,Pass,0.10844840573178008,Safe
5252,1,M01726,Night,41.6,16.7,73.3,66.4,71.7,83.8,Pass,0.10843803030661206,Safe
3729,5,M05179,Morning,36.0,14.3,71.6,80.7,67.7,78.6,Pass,0.1084044375235415,Safe
3472,10,M03009,Night,31.4,16.9,70.5,82.9,67.3,73.0,Pass,0.1083890510614122,Safe
446,9,M09541,Night,27.2,15.6,96.1,77.7,77.0,61.4,Pass,0.10838272874457283,Safe
6531,20,M08950,Afternoon,36.8,14.3,81.2,67.1,74.7,69.4,Pass,0.10835154690125909,Safe
2914,13,M05907,Night,39.0,17.6,73.3,90.9,64.3,82.2,Pass,0.10830228558103464,Safe
401,3,M08309,Morning,41.3,15.9,93.9,61.3,75.7,78.8,Pass,0.10824861790153877,Safe
6251,15,M04153,Afternoon,35.4,19.4,90.0,71.8,80.1,79.2,Pass,0.10818515284776836,Safe
6924,16,M09547,Afternoon,38.0,15.6,83.4,86.5,71.7,73.4,Defect,0.10808411689457596,Safe
7066,10,M09119,Afternoon,36.3,16.9,70.0,70.9,74.8,68.7,Pass,0.10805415763034626,Safe
6138,1,M04612,Night,38.1,16.4,76.4,61.6,89.6,72.3,Pass,0.10800390745271886,Safe
4973,20,M04684,Afternoon,41.2,14.2,75.3,68.4,71.6,71.7,Pass,0.10795184236320449,Safe
5362,4,M05090,Morning,34.9,15.0,72.9,64.0,77.9,81.7,Pass,0.1079097039415478,Safe
670,2,M06939,Morning,38.7,15.8,79.3,73.1,77.6,62.8,Pass,0.10790290209394035,Safe
1417,2,M09106,Morning,33.2,17.6,69.4,72.8,78.7,69.4,Pass,0.10789251792243539,Safe
2779,16,M07617,Afternoon,30.0,15.0,67.1,75.2,67.5,74.6,Pass,0.10787599033971335,Safe
3826,23,M02818,Morning,29.0,16.6,70.9,62.2,80.0,80.9,Pass,0.10780656603430278,Safe
3862,8,M00803,Afternoon,40.8,13.7,78.7,84.6,64.3,70.8,Pass,0.10776448250030084,Safe
9886,7,M07508,Afternoon,34.9,13.9,80.0,64.0,80.4,71.0,Pass,0.10775922745394412,Safe
1307,16,M02668,Afternoon,34.1,16.4,72.2,68.3,76.1,68.5,Pass,0.10772805198135181,Safe
6683,24,M08258,Night,36.8,16.9,91.6,60.5,94.1,77.8,Pass,0.10766232240986304,Safe
5077,10,M03745,Afternoon,31.4,15.9,70.3,65.2,75.7,80.5,Pass,0.10761693014102715,Safe
3161,24,M08852,Afternoon,30.8,14.8,77.5,61.0,77.2,88.0,Pass,0.10754660906827503,Safe
3228,16,M02588,Morning,26.1,14.4,80.3,62.4,74.2,76.7,Pass,0.10750171618785088,Safe
7701,22,M07247,Night,30.6,12.9,85.7,62.1,80.1,77.4,Pass,0.10742966042363099,Safe
1402,25,M09180,Morning,35.4,16.2,88.7,88.0,87.5,60.7,Pass,0.10742905191539695,Safe
6106,21,M00143,Morning,26.9,13.4,89.3,78.0,62.7,73.2,Pass,0.10742638724494816,Safe
1277,17,M04874,Morning,33.6,15.3,70.4,71.3,78.1,68.5,Pass,0.10741245372386125,Safe
188,3,M05173,Afternoon,32.1,20.3,79.0,86.7,88.8,81.9,Pass,0.10736940910378935,Safe
9524,10,M00228,Afternoon,39.3,19.7,87.6,65.2,81.6,96.6,Pass,0.10731987498929126,Safe
4581,24,M01009,Night,35.9,16.8,84.3,72.0,70.8,67.0,Pass,0.10724927005691917,Safe
8995,21,M00072,Morning,34.8,19.5,75.0,78.3,78.9,81.9,Pass,0.10723585714916938,Safe
402,17,M05950,Night,36.8,16.7,72.7,69.0,68.7,77.2,Pass,0.10721350193619399,Safe
9357,13,M09275,Night,35.3,17.7,100.0,64.4,71.4,78.4,Pass,0.1072086261011721,Safe
3743,18,M02462,Night,39.0,15.7,76.1,74.5,76.3,62.8,Pass,0.10716174115120651,Safe
4732,12,M03165,Morning,28.5,13.6,78.7,62.4,86.5,78.5,Pass,0.10712160453071722,Safe
2038,16,M09918,Morning,30.2,17.2,92.7,66.7,66.9,68.9,Pass,0.10710291186540463,Safe
1060,22,M02714,Afternoon,34.7,17.4,65.4,87.7,81.6,80.6,Pass,0.10710256066973514,Safe
6729,9,M05211,Night,37.0,14.8,66.5,73.4,73.8,71.0,Pass,0.10708803967885007,Safe
145,15,M05916,Morning,34.0,15.6,76.7,61.9,75.3,81.0,Pass,0.1070568466293189,Safe
196,6,M04219,Morning,36.3,15.3,80.2,71.3,74.5,63.7,Pass,0.10701095157269437,Safe
9756,18,M04151,Morning,31.7,15.3,67.4,67.3,70.2,82.5,Pass,0.10700967717402587,Safe
355,15,M02369,Morning,30.0,16.8,78.8,66.7,65.4,79.8,Pass,0.1069960403602208,Safe
4346,15,M00187,Morning,37.3,16.9,71.9,80.9,88.8,66.1,Pass,0.10694770820073343,Safe
4572,14,M00091,Afternoon,29.3,12.8,64.1,98.1,67.4,83.9,Pass,0.10685099502233951,Safe
7258,10,M01907,Morning,37.9,17.6,96.6,88.3,62.4,67.8,Pass,0.10681833341055313,Safe
4721,15,M06716,Morning,38.9,15.3,81.5,63.1,95.5,67.3,Pass,0.10680754553632577,Safe
9869,3,M09412,Night,34.3,17.7,92.2,71.6,67.8,67.7,Pass,0.106751346353889,Safe
4916,17,M00927,Night,37.2,16.8,75.1,67.8,73.5,68.1,Pass,0.10673154469890896,Safe
8657,3,M00011,Afternoon,41.6,17.0,79.0,82.8,63.9,85.0,Pass,0.10661229425580278,Safe
23,13,M09275,Morning,38.8,15.7,89.6,61.9,92.3,99.0,Pass,0.1065744122028635,Safe
5715,18,M04646,Afternoon,32.0,19.0,75.2,64.9,77.7,67.7,Pass,0.106443225257806,Safe
1779,11,M06295,Morning,39.2,17.1,78.8,62.5,75.1,81.0,Pass,0.10643632313990298,Safe
4908,2,M06338,Morning,37.4,16.8,82.3,82.5,62.3,83.4,Pass,0.1064303828169973,Safe
8159,17,M06582,Afternoon,32.6,17.3,78.1,70.6,75.2,64.6,Pass,0.10640470881647754,Safe
8405,21,M00330,Afternoon,36.1,14.0,64.0,81.0,75.9,78.7,Pass,0.10635853747397458,Safe
2009,5,M07447,Morning,38.5,15.6,81.2,64.3,79.2,69.8,Pass,0.10630138004274171,Safe
8740,4,M04508,Afternoon,35.9,19.5,81.2,86.8,90.5,88.3,Pass,0.10620030805617606,Safe
4399,17,M00337,Morning,34.0,17.4,75.0,81.8,80.9,62.2,Pass,0.10618093408237698,Safe
6520,10,M08895,Morning,33.5,17.8,64.5,71.9,73.9,80.1,Pass,0.10614912968866853,Safe
9711,12,M06853,Morning,35.6,16.7,71.9,68.6,87.0,65.0,Pass,0.10604719165585148,Safe
49,17,M05487,Afternoon,33.7,17.0,70.0,67.5,82.3,67.2,Pass,0.10602329509011796,Safe
8584,12,M08813,Morning,34.7,14.6,63.7,75.7,86.6,71.3,Pass,0.10597783715336768,Safe
7556,20,M03286,Afternoon,37.4,13.9,85.2,84.2,63.3,66.1,Pass,0.1059748434511411,Safe
1693,12,M09132,Morning,40.0,18.8,76.2,62.2,84.2,79.2,Pass,0.10592960855093209,Safe
4944,9,M02538,Morning,38.6,15.6,90.1,61.6,84.9,68.1,Pass,0.1057525602611813,Safe
4769,23,M09033,Afternoon,34.4,13.4,78.6,62.9,80.7,72.9,Pass,0.10570578038467333,Safe
2025,21,M09716,Afternoon,30.1,16.8,70.3,62.9,83.0,76.9,Pass,0.10557536591088067,Safe
3102,24,M08449,Afternoon,33.3,16.4,66.0,70.9,87.1,72.1,Pass,0.10551282360167027,Safe
6881,20,M05193,Night,40.4,16.9,78.6,65.1,75.9,70.1,Pass,0.1054891523357637,Safe
1128,16,M00944,Afternoon,34.6,17.3,72.7,71.3,72.8,78.4,Pass,0.10547387265704203,Safe
8395,9,M04923,Night,39.0,13.4,75.3,71.1,68.9,72.2,Pass,0.10544310432976464,Safe
959,8,M07668,Morning,27.7,15.2,83.3,67.7,97.4,72.9,Pass,0.1053842850216042,Safe
7991,11,M05907,Afternoon,40.9,17.5,95.4,62.7,88.4,83.7,Pass,0.10530109552279733,Safe
910,22,M01909,Morning,35.3,18.0,80.5,66.9,67.3,77.3,Pass,0.10529142939816825,Safe
8663,7,M09268,Morning,31.4,16.8,66.2,90.5,65.5,94.0,Pass,0.10524746808910575,Safe
5098,19,M07978,Morning,42.3,14.6,77.4,68.4,69.3,76.4,Pass,0.10521151697002501,Safe
1923,13,M01073,Afternoon,32.3,18.6,75.6,96.1,71.2,64.2,Pass,0.10511488371324149,Safe
6019,18,M03427,Afternoon,42.7,14.4,83.2,83.8,68.1,66.8,Pass,0.10510875733758261,Safe
7478,3,M01650,Morning,34.4,14.1,79.0,67.4,75.5,73.7,Pass,0.1050688597103476,Safe
137,6,M06893,Afternoon,30.3,15.8,66.6,72.9,79.4,65.7,Pass,0.10505119798272267,Safe
5087,15,M07131,Night,41.6,14.0,88.5,63.2,73.7,65.4,Pass,0.10498664287483322,Safe
7334,11,M09507,Afternoon,31.4,16.7,75.3,73.7,83.0,62.9,Pass,0.10493955585288617,Safe
9899,3,M03964,Night,33.0,16.1,77.4,68.0,74.9,67.1,Pass,0.10489384431849563,Safe
4343,2,M04144,Night,38.9,17.4,83.0,85.9,73.6,63.2,Pass,0.1048093471721287,Safe
3216,19,M08044,Morning,34.6,15.1,74.9,62.7,88.0,81.5,Pass,0.10471647968658548,Safe
181,23,M04738,Morning,41.0,19.0,91.1,66.2,100.0,98.2,Pass,0.10460680922474223,Safe
1355,3,M04495,Afternoon,30.2,14.7,76.7,68.0,77.5,66.4,Pass,0.10457861432556313,Safe
7891,24,M06462,Morning,37.0,12.6,73.0,85.6,70.2,77.9,Pass,0.10457162716069378,Safe
494,2,M02968,Morning,31.1,14.4,65.9,84.0,80.4,86.9,Pass,0.10455492275422305,Safe
1139,5,M08706,Afternoon,36.4,15.5,72.2,63.1,80.9,89.5,Pass,0.10447985811129575,Safe
2540,4,M04870,Night,33.4,14.7,67.5,76.5,73.4,75.6,Pass,0.10445137667892163,Safe
7128,3,M00491,Morning,35.7,16.4,79.1,64.9,72.8,79.0,Pass,0.1043696377584169,Safe
3496,23,M08276,Morning,32.0,15.4,73.6,76.9,71.5,69.1,Pass,0.10432902605959113,Safe
947,4,M02193,Morning,38.2,13.7,71.4,67.9,76.9,70.7,Pass,0.1043221334327371,Safe
7507,1,M09231,Afternoon,33.7,15.4,69.2,70.1,74.0,70.5,Pass,0.10430674563069708,Safe
4896,23,M01171,Morning,34.2,16.7,71.0,65.1,80.5,82.4,Pass,0.10428622294865578,Safe
9788,23,M06205,Morning,29.8,17.2,80.4,70.2,64.5,78.2,Pass,0.10424159731733175,Safe
8035,6,M01080,Night,28.5,18.7,62.2,62.9,91.4,79.2,Pass,0.10422091512918027,Safe
6719,15,M01094,Morning,30.9,18.3,73.9,68.7,81.2,63.8,Pass,0.10407238394402825,Safe
3025,6,M04762,Morning,36.9,15.8,99.3,61.7,77.9,83.7,Pass,0.10392991828755319,Safe
4686,17,M02403,Morning,37.7,21.3,98.3,74.7,82.0,99.2,Pass,0.10389343620014206,Safe
2872,25,M07981,Night,32.1,15.5,78.8,73.9,65.9,81.1,Pass,0.10384334987926609,Safe
6496,20,M09409,Morning,34.3,15.9,66.7,93.1,90.2,64.9,Pass,0.10376518251296524,Safe
9338,25,M02285,Night,37.2,17.1,74.5,65.1,79.3,72.5,Pass,0.10375847453471772,Safe
3784,2,M05695,Night,32.7,18.1,85.5,71.5,75.8,62.1,Pass,0.1037373199374478,Safe
4000,2,M02605,Morning,42.6,18.2,70.2,70.6,78.2,70.8,Pass,0.10362264005713277,Safe
168,2,M01496,Morning,31.1,19.7,90.1,69.0,69.4,77.2,Pass,0.10357356461616535,Safe
8354,7,M05274,Afternoon,28.8,20.1,84.6,84.7,79.6,64.8,Pass,0.10354552145722062,Safe
1816,19,M05209,Night,33.0,14.2,67.5,66.1,83.1,72.4,Pass,0.10348648274553499,Safe
4114,3,M06034,Morning,40.8,19.9,83.3,69.2,84.4,80.5,Pass,0.10345208095058599,Safe
4741,18,M01765,Afternoon,38.6,20.8,84.8,74.1,75.7,89.0,Pass,0.10345169412752174,Safe
3238,3,M05356,Night,36.2,16.5,73.8,64.3,74.3,79.4,Pass,0.10344893672403278,Safe
8459,16,M06652,Night,36.2,15.6,95.0,65.9,79.2,83.6,Pass,0.10340850945692542,Safe
5470,19,M00902,Morning,29.2,18.2,92.3,61.6,82.8,97.6,Pass,0.10337562288761648,Safe
9943,6,M06186,Morning,37.5,15.4,78.4,70.0,70.4,71.7,Pass,0.10337283760153515,Safe
5390,4,M09644,Night,27.4,15.7,79.8,65.0,70.8,82.0,Pass,0.10330809204386346,Safe
9184,21,M07210,Afternoon,30.9,16.9,70.6,76.6,70.1,77.5,Pass,0.10325068665703162,Safe
2904,21,M04001,Afternoon,36.0,19.7,80.3,81.9,89.7,78.3,Pass,0.10322027486762683,Safe
7884,14,M09320,Night,42.0,15.2,77.0,67.2,71.9,84.8,Pass,0.10320799833995789,Safe
5559,8,M00572,Morning,39.5,17.2,68.1,73.4,86.7,68.2,Pass,0.10319940602838322,Safe
1586,8,M00779,Morning,40.5,13.1,68.7,66.8,82.4,75.5,Pass,0.10315516307728409,Safe
5897,13,M03141,Night,36.4,18.2,83.8,81.2,64.7,72.8,Pass,0.10315213095617144,Safe
5353,19,M01820,Morning,35.3,16.7,77.5,64.5,69.5,80.9,Pass,0.10313865061195618,Safe
5429,12,M00627,Afternoon,39.7,16.0,69.4,74.2,70.2,75.5,Pass,0.10309989487111942,Safe
6226,8,M07934,Afternoon,27.2,17.0,83.5,80.9,73.4,77.3,Pass,0.10307030356795993,Safe
5932,24,M04152,Morning,36.7,14.3,68.7,69.7,73.5,73.0,Pass,0.10306666986798914,Safe
3455,19,M04423,Night,30.5,16.2,87.3,90.8,62.3,76.6,Pass,0.103063885565003,Safe
6815,2,M00970,Afternoon,35.2,16.3,65.5,99.9,89.1,71.7,Pass,0.10300919415419357,Safe
9183,10,M01524,Morning,36.8,15.6,73.4,74.8,73.4,73.6,Pass,0.10298390960434714,Safe
9941,16,M02866,Night,36.0,16.3,83.3,81.4,83.8,60.7,Pass,0.10298323728416721,Safe
8856,16,M06008,Morning,32.9,17.2,82.1,63.1,70.8,82.4,Pass,0.10297799453688247,Safe
9287,15,M00387,Afternoon,36.4,19.3,80.7,83.5,74.6,67.6,Pass,0.10297082633795482,Safe
3811,18,M00691,Afternoon,37.9,15.4,69.3,71.5,72.0,74.9,Pass,0.10294329838604681,Safe
8642,14,M01345,Afternoon,31.0,16.9,80.7,63.9,73.1,87.4,Pass,0.10289427981348988,Safe
6108,11,M00535,Morning,31.5,16.6,67.0,73.2,80.9,64.4,Pass,0.10284388415599176,Safe
400,11,M08933,Night,31.0,15.6,81.5,66.9,80.5,66.2,Pass,0.1028088234144861,Safe
5117,22,M02950,Afternoon,34.3,15.1,65.1,83.0,80.5,80.5,Pass,0.10273413757793635,Safe
7594,15,M06055,Night,35.8,16.5,68.5,67.6,75.8,77.8,Pass,0.10272852951932838,Safe
9632,25,M07625,Afternoon,35.9,15.4,67.3,76.2,70.6,77.0,Pass,0.10267154857577777,Safe
13,15,M06950,Night,39.9,16.2,80.3,65.6,73.3,65.5,Pass,0.10260242912793699,Safe
2698,16,M02947,Morning,29.9,17.5,74.0,72.5,74.3,67.8,Pass,0.10255315943136299,Safe
1786,21,M09557,Night,37.1,16.6,86.2,60.9,77.7,80.1,Pass,0.10255158468757093,Safe
4057,19,M06411,Night,31.3,18.5,70.8,66.2,72.7,79.5,Pass,0.10248505047022367,Safe
128,11,M00864,Night,35.6,15.3,83.1,79.2,75.3,62.2,Pass,0.10237938204186299,Safe
5091,3,M06332,Morning,36.4,13.4,82.6,63.6,75.7,82.5,Pass,0.10236823113131202,Safe
6557,17,M08401,Morning,37.0,17.4,68.5,79.5,71.1,76.5,Pass,0.10232400136176892,Safe
8460,7,M06980,Morning,41.2,14.9,89.6,73.3,66.2,68.2,Pass,0.10231654713655391,Safe
517,12,M00396,Morning,42.5,16.4,68.6,65.8,80.2,76.6,Pass,0.10229670900041545,Safe
5299,15,M05507,Afternoon,42.3,16.2,80.5,69.9,70.5,73.0,Pass,0.10227439380721196,Safe
7046,19,M00720,Morning,37.0,14.0,72.6,90.1,69.4,79.0,Pass,0.10224466502447437,Safe
5189,11,M08694,Night,33.0,15.7,72.6,70.9,70.9,77.9,Pass,0.10219200242321991,Safe
3244,24,M08589,Afternoon,37.6,19.4,74.0,84.2,75.9,76.7,Pass,0.10218434143679797,Safe
6310,22,M04453,Night,32.6,16.4,93.2,66.9,81.0,82.1,Pass,0.10212026326079522,Safe
8729,13,M08161,Morning,41.8,14.8,68.1,70.0,78.6,79.0,Pass,0.10204495636993309,Safe
6577,25,M07195,Night,34.3,15.8,79.7,65.3,74.8,68.1,Pass,0.10197981671277265,Safe
2563,21,M02823,Morning,31.4,17.5,80.9,88.7,61.8,86.9,Pass,0.1019173526837704,Safe
8866,24,M02581,Afternoon,32.7,16.8,67.9,73.2,70.9,75.1,Pass,0.10189137623170935,Safe
3772,5,M08090,Night,37.2,17.3,73.4,65.9,76.3,74.0,Pass,0.10186937381428843,Safe
2171,9,M03494,Afternoon,35.8,16.6,87.1,61.9,68.5,94.4,Pass,0.10183455541836098,Safe
5452,22,M09563,Morning,32.6,18.9,99.6,85.5,79.7,78.1,Defect,0.10179320798327682,Safe
3593,21,M02293,Afternoon,39.6,15.1,86.8,62.8,77.2,82.4,Pass,0.10177438866079382,Safe
9197,12,M09442,Afternoon,35.7,19.5,95.3,81.7,90.7,82.6,Pass,0.1017492589178002,Safe
8520,10,M04084,Night,34.8,17.3,80.7,70.8,73.8,66.9,Pass,0.10173406826770211,Safe
8183,24,M00056,Morning,38.2,15.3,97.2,73.6,81.1,83.4,Defect,0.1016940742390063,Safe
9876,2,M02811,Morning,33.7,17.2,83.7,80.7,62.4,83.4,Pass,0.10162214744585776,Safe
8543,14,M05296,Night,32.0,12.7,87.1,63.1,77.7,73.0,Pass,0.10154747894108747,Safe
7523,7,M07112,Afternoon,40.5,15.6,77.9,91.1,74.2,63.0,Pass,0.10154412796185351,Safe
664,4,M02194,Morning,30.0,16.5,72.3,68.9,70.8,92.9,Pass,0.10146251969801381,Safe
5678,14,M01341,Morning,28.3,18.8,87.5,65.9,69.9,80.2,Pass,0.10139859408319048,Safe
270,2,M04494,Morning,38.8,17.5,78.9,68.1,71.3,71.2,Pass,0.10139409723234859,Safe
8310,16,M09109,Afternoon,34.9,19.2,81.4,67.8,85.2,67.0,Pass,0.10129603542943806,Safe
647,22,M02780,Afternoon,40.2,16.6,72.0,66.0,76.3,87.2,Pass,0.10127874533351228,Safe
5772,13,M02742,Afternoon,33.4,18.4,77.9,63.0,76.0,74.6,Pass,0.10125200671697052,Safe
3222,21,M07123,Morning,31.9,17.1,91.8,86.0,61.9,83.7,Pass,0.10119263853421939,Safe
3236,4,M06094,Morning,32.4,17.6,81.4,60.9,86.2,77.6,Pass,0.10117507673511607,Safe
2495,8,M00573,Afternoon,32.0,14.8,66.2,83.5,81.1,70.9,Pass,0.1011622856808316,Safe
8916,12,M09777,Afternoon,32.6,17.5,66.5,69.9,75.7,73.0,Pass,0.10114791829458039,Safe
1966,21,M06765,Afternoon,35.0,15.7,75.3,66.7,84.1,79.7,Defect,0.1011073959771152,Safe
3645,22,M09730,Night,41.5,14.0,80.0,67.0,73.8,64.3,Pass,0.10104744407871274,Safe
2123,14,M09012,Night,37.1,16.2,75.2,74.1,77.7,63.0,Pass,0.10103014827954505,Safe
4195,5,M04750,Afternoon,32.5,18.4,79.4,65.7,67.8,74.4,Pass,0.10102954995384908,Safe
3042,5,M03803,Night,35.1,17.4,74.4,71.6,77.9,64.2,Pass,0.10083514504612599,Safe
6610,19,M07631,Morning,35.7,14.5,97.2,72.3,83.5,85.9,Defect,0.10082645452071974,Safe
1920,21,M09853,Afternoon,33.4,17.8,74.4,67.7,81.6,66.9,Pass,0.10080444842843272,Safe
5732,13,M06055,Morning,37.4,18.2,78.1,64.1,97.1,74.8,Pass,0.100801179836077,Safe
8042,18,M04509,Morning,40.8,18.6,78.2,64.2,83.8,65.3,Pass,0.10072835566069313,Safe
2044,18,M01443,Morning,40.6,15.8,76.0,78.2,65.8,77.2,Pass,0.10070842199051441,Safe
2315,8,M06020,Night,38.9,15.5,63.8,73.1,89.1,82.4,Pass,0.10069096426828868,Safe
6704,11,M05667,Morning,36.2,16.0,67.0,69.6,74.5,85.6,Pass,0.10067710445803325,Safe
4954,21,M00298,Afternoon,29.2,16.1,74.8,74.9,71.3,64.8,Pass,0.10054764452100728,Safe
2709,7,M00934,Morning,35.8,15.2,77.0,65.6,73.4,71.6,Pass,0.10052757817642727,Safe
2081,4,M02965,Morning,32.6,14.8,80.9,81.7,73.4,73.4,Defect,0.1005074701467169,Safe
7064,14,M07266,Night,28.7,20.4,98.6,93.0,81.9,84.8,Pass,0.10046028260512835,Safe
8121,17,M05323,Morning,34.9,16.4,69.9,72.3,76.7,70.7,Pass,0.10044978673466787,Safe
6603,17,M06379,Morning,31.7,15.6,68.4,67.8,77.0,81.9,Pass,0.10040974573160372,Safe
845,17,M00877,Morning,34.2,16.3,69.8,75.1,78.7,70.4,Pass,0.10034760468308251,Safe
6884,18,M04312,Afternoon,35.1,17.5,72.5,92.1,68.5,69.9,Pass,0.10034037945240568,Safe
4958,3,M01385,Afternoon,31.6,19.6,86.8,86.0,78.0,84.0,Pass,0.10032365830593372,Safe
1056,22,M05976,Morning,41.1,14.0,87.2,83.7,63.2,82.2,Pass,0.10030667730784915,Safe
3239,24,M04969,Afternoon,36.8,17.6,73.6,63.8,77.6,87.2,Pass,0.10022780494864218,Safe
9705,23,M01691,Morning,40.5,15.2,78.0,68.3,69.8,72.4,Pass,0.10018822715539447,Safe
5777,10,M00295,Afternoon,39.8,16.1,63.3,68.8,90.4,78.9,Pass,0.10011010682317273,Safe
3434,25,M02218,Afternoon,32.3,13.8,84.2,87.1,66.3,66.1,Pass,0.10010953363951812,Safe
6360,4,M04754,Afternoon,34.6,19.7,92.1,81.9,83.1,67.7,Pass,0.10008232302825287,Safe
2837,6,M06994,Night,37.5,15.2,70.2,73.3,67.3,74.5,Pass,0.10006517721433174,Safe
8085,21,M08626,Afternoon,38.9,16.8,73.2,64.8,82.1,75.8,Pass,0.10001441305731103,Safe
755,23,M07351,Morning,44.0,17.9,72.9,78.1,73.2,73.0,Pass,0.09999960584006978,Safe
5430,17,M05015,Afternoon,33.5,19.4,74.4,68.0,79.3,79.4,Pass,0.09999702676873844,Safe
5687,25,M06415,Afternoon,33.2,13.8,99.1,63.3,88.1,91.1,Pass,0.09998876229343874,Safe
7996,14,M04261,Morning,32.1,15.3,84.6,68.0,69.4,70.1,Pass,0.09998740299212767,Safe
3342,13,M07660,Afternoon,34.1,17.9,77.5,67.6,71.6,81.8,Pass,0.09997910106728482,Safe
1930,18,M07228,Morning,25.7,18.4,72.9,66.4,78.3,69.2,Pass,0.09994030568462292,Safe
9362,12,M02143,Night,36.5,14.9,68.5,75.8,72.6,75.1,Pass,0.09988664028106838,Safe
8748,10,M06534,Morning,32.2,15.0,86.1,62.8,83.0,82.2,Pass,0.09982351468751847,Safe
1049,1,M06784,Night,40.1,13.0,68.2,80.5,80.0,68.6,Pass,0.09980179757288576,Safe
3706,3,M09534,Night,33.6,16.4,78.0,60.6,83.2,75.3,Pass,0.09978529406920453,Safe
6873,4,M00839,Afternoon,40.8,18.5,86.3,62.7,82.5,89.7,Pass,0.099777428736081,Safe
9046,13,M09306,Morning,40.6,18.3,92.6,91.1,92.2,92.5,Defect,0.09977062031796953,Safe
77,24,M00879,Night,25.0,15.9,84.3,69.7,74.9,67.8,Pass,0.09975946337126163,Safe
6752,18,M08274,Afternoon,37.4,16.2,86.5,74.1,75.7,62.7,Pass,0.09968666502180695,Safe
8462,3,M06525,Night,25.9,16.2,82.5,73.2,67.6,68.6,Pass,0.09967112969108495,Safe
9861,1,M00595,Night,32.8,18.1,76.4,80.2,72.1,67.1,Pass,0.0996398731232424,Safe
8223,18,M06844,Morning,35.9,15.9,81.8,83.9,62.3,83.6,Pass,0.09949411469828533,Safe
778,20,M00524,Afternoon,28.6,20.1,96.6,86.2,86.9,81.4,Pass,0.09948655605398984,Safe
605,7,M02106,Morning,34.7,17.5,70.3,85.8,68.1,71.5,Pass,0.09943800842282471,Safe
6875,10,M00848,Night,27.7,17.9,95.8,77.7,66.8,63.7,Pass,0.09942275475504099,Safe
3577,3,M07366,Morning,32.9,13.4,70.1,79.3,81.2,68.3,Pass,0.09938696538589242,Safe
2284,8,M03538,Morning,35.4,16.3,66.2,75.3,74.4,86.5,Pass,0.09934586940133293,Safe
7801,5,M09895,Morning,35.1,16.6,63.0,88.1,82.2,79.0,Pass,0.09934045958963358,Safe
5124,1,M01467,Afternoon,38.4,15.2,72.5,70.1,77.5,67.2,Pass,0.09929748248362592,Safe
7108,24,M09731,Morning,37.4,15.4,78.1,65.3,77.7,66.1,Pass,0.0992637240761316,Safe
1563,23,M08713,Night,37.7,12.8,80.8,67.4,92.5,83.8,Pass,0.09916438367461683,Safe
2421,17,M09818,Morning,39.1,16.9,91.5,61.9,79.9,75.9,Pass,0.09912108867650282,Safe
6679,19,M01873,Afternoon,36.7,17.0,63.3,92.0,87.6,75.2,Pass,0.09904784216351097,Safe
405,19,M07561,Morning,32.0,18.8,66.3,91.0,73.8,87.5,Pass,0.09904583985505734,Safe
5940,2,M04594,Morning,31.8,12.8,82.9,67.6,100.0,100.0,Pass,0.09901373799319405,Safe
3907,23,M08913,Afternoon,37.7,14.8,82.2,66.7,91.0,76.6,Pass,0.09886858523934354,Safe
9174,7,M09901,Morning,35.2,16.4,83.9,67.2,83.8,69.1,Pass,0.09886805466915044,Safe
6708,4,M08715,Afternoon,36.8,15.2,88.1,65.9,80.4,100.0,Pass,0.0988316177665513,Safe
6905,2,M08829,Morning,34.5,16.4,77.9,65.7,72.5,74.4,Pass,0.09880319282649097,Safe
5963,23,M00889,Afternoon,33.7,12.8,72.9,72.6,80.4,65.2,Pass,0.09872041091584144,Safe
8345,22,M05286,Night,33.8,16.5,82.6,66.6,74.2,72.3,Pass,0.09868059578478829,Safe
4491,24,M07412,Morning,33.2,14.5,79.6,80.0,67.5,68.4,Pass,0.09866014902895882,Safe
9627,14,M00732,Afternoon,36.7,19.7,76.6,75.7,86.8,72.5,Pass,0.09863097411359424,Safe
7636,7,M08476,Morning,29.2,17.7,79.9,64.2,64.3,86.1,Pass,0.0986023292538059,Safe
8362,19,M06746,Morning,34.8,16.8,84.8,64.1,76.4,68.5,Pass,0.09858084232585236,Safe
9283,23,M04785,Afternoon,39.5,14.6,85.5,62.3,86.0,78.3,Pass,0.09854452498641245,Safe
8429,8,M02760,Morning,30.6,15.7,70.9,90.2,71.6,69.5,Pass,0.09854014830369531,Safe
9750,3,M06855,Night,38.1,15.0,100.0,61.2,81.3,70.2,Pass,0.09848859510133227,Safe
4012,8,M06004,Morning,31.9,15.2,86.8,66.9,68.7,74.5,Pass,0.09847877886679028,Safe
9011,13,M05970,Morning,32.9,15.7,100.0,70.0,89.5,79.6,Pass,0.09847530573612535,Safe
4098,8,M06719,Morning,41.0,13.7,69.4,68.1,75.7,77.7,Pass,0.09847405796453866,Safe
9107,21,M03219,Morning,36.6,15.4,67.4,78.3,84.0,66.4,Pass,0.09846892957272599,Safe
534,13,M03637,Afternoon,29.9,17.0,83.4,89.4,65.3,70.9,Pass,0.09846409171927821,Safe
4310,17,M02783,Night,36.8,15.0,77.6,67.0,69.6,79.5,Pass,0.09839924317228238,Safe
1937,22,M09777,Morning,34.4,17.8,69.7,78.9,74.9,72.2,Pass,0.09838263670732228,Safe
9797,12,M06338,Night,32.7,15.7,77.9,63.6,80.2,70.7,Pass,0.09837214597167937,Safe
39,1,M03891,Afternoon,25.0,17.2,67.7,71.3,79.7,72.8,Pass,0.09832923848657289,Safe
8896,24,M04152,Morning,38.0,16.9,72.8,62.2,81.4,89.5,Pass,0.09823167174343947,Safe
5634,5,M07390,Morning,37.2,14.7,81.7,65.1,80.9,71.1,Pass,0.09820923392404236,Safe
4774,25,M02932,Night,36.3,17.8,78.3,68.0,77.7,68.9,Pass,0.09820368169785042,Safe
4111,16,M00366,Afternoon,33.7,14.6,87.6,61.2,84.6,83.7,Pass,0.09801570083131482,Safe
4793,1,M07382,Morning,34.9,14.5,79.8,71.9,73.4,76.7,Defect,0.09800782065288961,Safe
1221,11,M09978,Night,39.8,16.5,68.9,66.7,83.9,72.5,Pass,0.09799734345943127,Safe
3015,22,M03212,Afternoon,34.5,17.9,74.4,70.7,73.7,67.4,Pass,0.09796743993257673,Safe
2438,18,M09558,Morning,38.9,15.8,73.9,71.0,70.2,83.2,Pass,0.09796266565239527,Safe
3031,4,M07270,Morning,35.6,19.3,96.8,87.4,84.3,85.2,Pass,0.09784848476236134,Safe
6541,12,M07838,Morning,38.7,17.2,81.9,65.2,82.5,70.8,Pass,0.09781358696831303,Safe
5125,9,M03958,Night,32.4,15.7,72.3,70.1,67.1,83.6,Pass,0.09781064777793148,Safe
7285,6,M02350,Morning,27.9,19.8,76.1,76.7,85.4,76.8,Pass,0.09777419727475953,Safe
825,7,M00126,Afternoon,33.4,16.9,84.7,61.3,87.3,73.0,Pass,0.097739086863082,Safe
7979,8,M06373,Afternoon,37.9,15.3,65.1,90.8,84.2,86.3,Pass,0.09773790202693448,Safe
663,7,M01016,Afternoon,25.0,16.9,67.0,74.4,66.4,74.6,Pass,0.09767098822471038,Safe
5815,6,M07996,Morning,32.6,16.4,70.8,63.9,83.4,92.5,Pass,0.09760968310190692,Safe
9808,11,M04088,Afternoon,25.5,14.4,85.0,66.5,78.4,91.2,Pass,0.0975994195750693,Safe
1065,13,M00689,Afternoon,31.9,12.8,82.4,64.8,73.7,77.6,Pass,0.09753873529667728,Safe
1446,25,M03739,Morning,33.7,14.9,79.6,83.1,87.4,60.8,Pass,0.09752360180330683,Safe
831,22,M07562,Morning,28.4,17.2,96.5,80.4,90.3,74.8,Defect,0.0974742351721571,Safe
6896,21,M03886,Night,38.0,12.8,67.8,73.7,69.0,85.1,Pass,0.09739111366558893,Safe
1186,7,M00646,Night,32.2,16.3,81.7,64.6,73.7,83.7,Pass,0.09735584730941436,Safe
7155,25,M08147,Morning,34.6,16.7,89.2,88.0,75.9,70.2,Defect,0.0973392842839578,Safe
3263,4,M05185,Afternoon,42.0,13.8,72.9,66.0,81.1,75.3,Pass,0.09725167006492867,Safe
3240,20,M09084,Afternoon,31.4,16.0,66.1,79.1,74.0,80.0,Pass,0.0972418491946229,Safe
6940,25,M08015,Morning,29.1,14.9,66.6,69.3,78.1,72.6,Pass,0.09719070248694134,Safe
2295,11,M08707,Morning,32.6,14.6,87.3,88.2,76.4,62.0,Pass,0.09718060942350197,Safe
3489,13,M00700,Morning,31.7,18.6,75.2,67.5,73.2,77.5,Pass,0.09716313358605394,Safe
6285,19,M05263,Morning,37.0,19.8,96.8,78.9,82.2,76.7,Pass,0.09714151267627273,Safe
8545,10,M05903,Morning,32.2,16.6,71.1,79.0,76.9,70.0,Pass,0.09705760447018622,Safe
9521,3,M04234,Morning,31.5,17.0,74.8,72.7,75.5,65.6,Pass,0.09703416199625034,Safe
4679,2,M09891,Afternoon,39.2,16.1,71.5,72.9,66.9,73.4,Pass,0.09703287499145338,Safe
8203,12,M00146,Night,37.1,15.0,66.9,71.3,74.9,84.6,Pass,0.09686030939836328,Safe
329,10,M02734,Afternoon,34.0,19.7,88.1,83.7,87.6,80.0,Pass,0.09683989417103217,Safe
2721,1,M07790,Night,36.3,18.0,67.4,68.7,81.1,73.4,Pass,0.09682176445594835,Safe
2827,5,M03322,Afternoon,44.3,15.1,81.1,67.2,93.8,73.4,Pass,0.09680890969866895,Safe
4447,13,M03792,Morning,34.7,15.5,75.1,65.1,77.4,80.7,Pass,0.09674822877187993,Safe
2045,23,M08598,Night,34.7,16.1,84.6,62.4,86.6,72.0,Pass,0.09671891914030178,Safe
175,16,M03582,Afternoon,44.3,14.2,76.4,68.1,77.9,70.8,Pass,0.09670594036539773,Safe
3799,4,M09520,Morning,35.9,14.4,86.6,64.4,79.8,80.9,Pass,0.09669038030853265,Safe
988,11,M02675,Afternoon,28.8,16.7,88.6,66.9,79.4,66.1,Pass,0.09667293676035023,Safe
2311,4,M05996,Afternoon,37.7,16.7,83.4,67.0,89.0,79.3,Pass,0.09665457331817677,Safe
7226,5,M00329,Night,38.5,15.8,76.5,71.7,70.8,73.3,Pass,0.09659657575807928,Safe
8366,18,M05299,Night,38.8,16.0,74.6,75.0,74.4,67.7,Pass,0.09653206886545045,Safe
9213,23,M02516,Morning,28.0,17.1,82.6,65.8,75.0,73.2,Pass,0.09642962960376414,Safe
6725,25,M01575,Afternoon,35.0,12.7,84.6,63.5,75.8,82.7,Pass,0.09641583570351148,Safe
759,11,M07688,Night,36.1,15.2,77.8,69.5,78.6,66.5,Defect,0.09640695840213676,Safe
2773,3,M06717,Night,37.0,12.5,77.0,74.4,70.3,81.6,Pass,0.09637801093117648,Safe
6042,19,M02714,Morning,38.9,14.9,78.8,63.7,69.2,82.3,Pass,0.09637161568150773,Safe
7690,18,M08999,Night,38.2,15.9,80.4,66.7,78.5,81.2,Pass,0.0963520290484778,Safe
9393,9,M02788,Morning,39.7,14.4,79.2,65.1,72.7,77.9,Pass,0.0963192407565221,Safe
470,21,M05727,Night,33.0,16.8,69.5,91.6,82.6,62.9,Pass,0.09630824962611366,Safe
2960,20,M06345,Night,33.0,19.5,68.0,83.8,84.5,86.0,Pass,0.0962851699400364,Safe
788,17,M04144,Afternoon,33.7,18.9,75.4,63.4,89.4,89.9,Pass,0.09621651257473497,Safe
421,7,M08131,Night,29.8,12.7,72.0,73.7,83.8,77.9,Pass,0.09604654488867484,Safe
7536,12,M08599,Afternoon,31.0,16.4,69.5,71.2,68.1,85.8,Pass,0.09591560012153559,Safe
980,16,M07864,Afternoon,28.7,18.1,73.8,61.2,89.4,87.8,Pass,0.09580921631798041,Safe
7129,7,M04351,Morning,27.6,17.9,69.9,64.3,79.6,78.9,Pass,0.09580877196757473,Safe
404,17,M01151,Night,33.6,15.2,67.2,78.5,80.3,66.8,Pass,0.09580630951558824,Safe
7506,11,M08213,Night,41.6,17.7,75.7,71.8,71.4,68.1,Pass,0.09580624535681272,Safe
4846,16,M03196,Morning,32.3,15.5,72.1,93.6,71.1,67.8,Pass,0.09580354889175824,Safe
3245,24,M04425,Afternoon,28.2,15.8,76.1,73.7,72.7,69.0,Pass,0.09578166880967405,Safe
9809,7,M09465,Night,37.3,14.4,70.6,81.3,71.4,72.4,Pass,0.09577899372346074,Safe
5969,20,M06962,Night,36.6,13.7,82.6,74.9,72.7,64.6,Pass,0.09576143401481012,Safe
2062,14,M04226,Afternoon,42.8,14.0,79.4,69.8,84.3,66.1,Pass,0.09571332888224905,Safe
2992,1,M05005,Night,33.0,14.7,74.0,67.3,69.9,95.6,Pass,0.09571150756181793,Safe
179,19,M03697,Night,35.1,17.0,71.8,75.7,70.8,76.7,Pass,0.09566689735126793,Safe
6609,17,M04164,Night,39.5,19.0,76.5,75.2,77.2,67.3,Pass,0.09565739442620412,Safe
1742,14,M02204,Afternoon,25.9,19.4,92.3,96.2,90.7,83.7,Pass,0.0956310190698508,Safe
3532,8,M08576,Night,39.0,14.7,74.0,85.5,91.2,93.7,Defect,0.09561695662861354,Safe
9226,8,M02374,Night,40.4,19.0,82.0,73.3,77.4,79.7,Pass,0.0955707332703456,Safe
6584,3,M01790,Morning,33.9,19.4,100.0,93.4,92.3,91.5,Pass,0.09550061417384816,Safe
1099,14,M04874,Night,29.8,16.3,77.7,73.2,74.1,63.3,Pass,0.09549538570936525,Safe
5630,22,M00688,Morning,33.6,14.2,63.2,90.3,96.4,80.0,Pass,0.0954473770653202,Safe
5169,24,M00507,Morning,26.2,17.8,65.2,72.5,83.7,83.7,Pass,0.09543316757381319,Safe
1720,21,M00630,Morning,37.9,20.3,87.5,83.8,94.6,66.2,Pass,0.09532037514061456,Safe
9947,18,M00066,Morning,36.0,16.7,81.0,66.7,80.4,78.2,Pass,0.0952883813975739,Safe
1734,20,M03193,Afternoon,36.8,14.4,82.6,65.7,71.5,82.8,Pass,0.09528501348284774,Safe
4816,17,M09549,Night,36.2,16.2,78.5,72.2,77.2,67.7,Pass,0.09523879223731235,Safe
7560,10,M02322,Night,33.5,13.7,94.4,65.4,97.4,67.8,Pass,0.09523364952202659,Safe
3186,24,M09010,Afternoon,36.9,16.8,74.7,69.8,82.4,65.0,Pass,0.0952089393302329,Safe
1691,9,M03592,Morning,31.8,14.3,82.2,76.6,64.8,74.0,Pass,0.09517709259767888,Safe
1955,17,M00770,Night,34.7,15.5,74.8,69.3,70.0,75.9,Pass,0.09513417766926015,Safe
6128,21,M03310,Morning,33.3,16.8,100.0,67.3,69.0,78.3,Pass,0.09510646459131937,Safe
9077,12,M07235,Night,34.4,15.1,77.5,68.4,70.5,77.1,Pass,0.09507975319814925,Safe
2618,8,M06300,Morning,31.8,17.2,78.1,69.9,69.0,73.3,Pass,0.09507412346289383,Safe
5000,25,M09901,Afternoon,33.4,14.1,85.2,78.4,77.1,62.2,Pass,0.09504849777981723,Safe
5823,16,M02658,Afternoon,36.6,15.0,79.4,61.4,79.7,78.8,Pass,0.09500109452033736,Safe
3478,6,M04201,Afternoon,36.1,13.6,74.9,68.0,75.5,68.7,Pass,0.0949479695465076,Safe
6726,8,M05677,Morning,40.5,17.9,77.4,68.9,73.0,70.4,Pass,0.09490485478988132,Safe
4380,11,M04483,Afternoon,39.1,15.8,66.3,75.2,67.4,75.6,Pass,0.09488656349768593,Safe
7986,16,M04051,Night,25.9,17.1,76.0,78.2,69.5,70.9,Pass,0.09488356038728525,Safe
2160,11,M06037,Afternoon,29.2,20.8,87.9,80.1,84.6,76.4,Pass,0.09484696198813544,Safe
8777,6,M05393,Night,42.0,16.9,99.5,65.8,79.6,80.8,Pass,0.09481195357867395,Safe
1373,7,M01390,Night,32.7,16.8,83.3,66.0,79.1,88.0,Pass,0.09473888617178526,Safe
6143,21,M02245,Morning,36.2,16.4,74.7,69.4,76.7,68.1,Pass,0.09470010788401206,Safe
3340,19,M09745,Afternoon,34.7,19.0,100.0,89.4,74.5,84.2,Pass,0.09464194744536844,Safe
6970,25,M02041,Afternoon,32.5,12.7,67.5,85.5,66.7,78.3,Defect,0.094614659015171,Safe
3081,14,M00696,Afternoon,36.4,15.6,62.3,100.0,96.1,80.0,Pass,0.09461063108781347,Safe
4453,18,M07118,Night,37.0,14.8,80.6,93.5,69.0,61.7,Pass,0.09458939830730533,Safe
1184,18,M02075,Night,39.4,19.7,77.0,80.4,67.2,86.6,Pass,0.09456134476706823,Safe
6877,21,M04508,Morning,28.7,17.5,95.1,64.7,98.1,79.7,Pass,0.09455756794072173,Safe
7495,1,M00562,Night,39.0,14.8,75.6,65.9,77.1,86.6,Pass,0.09454726020412264,Safe
6604,16,M02766,Night,32.9,19.0,73.5,75.9,74.4,63.6,Pass,0.09451103958053936,Safe
234,18,M04062,Afternoon,35.3,14.3,72.0,86.1,74.8,69.3,Pass,0.09442089513483397,Safe
6898,15,M02971,Morning,36.9,16.2,84.1,66.6,73.4,89.9,Pass,0.09440887755339322,Safe
7351,4,M07028,Morning,27.8,15.6,87.7,79.7,73.4,84.2,Pass,0.09440286945777722,Safe
4237,24,M01263,Morning,26.9,17.6,63.9,79.9,72.9,89.2,Pass,0.09439634555310457,Safe
2569,3,M04136,Night,33.6,17.4,76.6,75.0,71.4,68.9,Pass,0.09439025233219084,Safe
5593,3,M01516,Morning,33.3,18.0,61.9,69.3,82.1,90.7,Pass,0.09436042942769056,Safe
8625,14,M01722,Morning,25.0,20.1,88.8,97.3,77.8,83.6,Pass,0.0943200768328728,Safe
8402,22,M06565,Night,33.7,15.4,84.1,64.4,81.7,78.2,Pass,0.09431176048169324,Safe
4086,13,M03047,Morning,38.9,13.4,88.0,67.0,77.3,97.4,Pass,0.09429914911564229,Safe
1564,3,M05798,Morning,40.3,16.6,80.7,72.4,72.1,67.4,Pass,0.09423748557321915,Safe
2822,6,M06589,Morning,32.7,17.3,78.8,66.3,77.1,66.6,Pass,0.09416558335631219,Safe
6180,3,M08570,Morning,38.4,18.3,93.0,75.2,66.6,69.7,Pass,0.09412002329708823,Safe
7505,1,M00295,Afternoon,41.6,16.7,82.4,65.9,75.8,69.2,Pass,0.09408517804947492,Safe
3639,14,M04987,Morning,42.1,18.5,83.2,85.5,70.2,67.5,Pass,0.0940151680964554,Safe
7210,24,M00079,Night,40.4,15.4,76.1,65.7,77.9,71.7,Pass,0.09397064489085237,Safe
6973,11,M09808,Morning,40.3,14.2,82.9,69.1,65.5,79.8,Pass,0.0939620144801643,Safe
5374,3,M02898,Night,39.1,14.6,75.9,65.0,83.5,77.3,Pass,0.09395769487614829,Safe
1651,24,M02357,Morning,35.2,16.6,75.0,72.2,77.1,69.0,Pass,0.09395544883034587,Safe
8024,12,M08706,Afternoon,36.2,16.1,75.0,63.6,73.5,96.8,Pass,0.09394549151191275,Safe
3351,23,M03484,Morning,32.7,16.2,70.5,74.8,83.8,66.1,Pass,0.09389891011951892,Safe
6669,15,M03128,Morning,33.3,15.7,82.9,61.2,92.0,74.7,Pass,0.0938416248057369,Safe
5401,12,M01313,Morning,31.6,17.1,70.5,83.7,70.8,73.5,Pass,0.09383910333862712,Safe
4984,12,M05198,Night,39.3,15.3,70.9,89.3,78.3,62.5,Pass,0.09382324363837936,Safe
1501,17,M02429,Afternoon,38.8,18.1,96.9,66.9,89.0,91.2,Pass,0.09375367136775775,Safe
2808,13,M02867,Morning,39.7,16.8,74.1,69.7,70.6,76.7,Pass,0.09373530623422555,Safe
5389,5,M06894,Afternoon,39.9,14.9,75.7,69.1,68.0,77.6,Pass,0.09371538446696435,Safe
1912,13,M07286,Night,30.8,16.1,96.7,65.5,74.6,87.5,Pass,0.09366534751223718,Safe
8612,20,M09473,Night,31.7,16.3,79.0,100.0,61.9,89.8,Pass,0.09361548714787815,Safe
1155,7,M02107,Afternoon,40.5,17.1,68.1,81.5,69.4,78.0,Pass,0.09361128318195072,Safe
4443,6,M01718,Morning,33.4,20.6,98.3,86.4,80.8,86.4,Pass,0.09360798060263781,Safe
9782,8,M00008,Morning,35.2,15.1,91.9,63.1,87.4,68.5,Pass,0.093521657811334,Safe
264,12,M04434,Afternoon,44.3,16.8,69.4,71.0,83.2,82.6,Pass,0.09348992789944732,Safe
2070,14,M08287,Morning,34.0,15.7,87.8,63.4,91.6,76.4,Pass,0.0933856485147885,Safe
9669,13,M06031,Afternoon,34.7,15.5,89.8,65.7,81.0,66.0,Pass,0.09335999181866772,Safe
5269,17,M06104,Night,36.9,14.5,91.0,62.7,82.6,76.1,Pass,0.09335207870518451,Safe
6195,16,M04921,Afternoon,34.4,16.4,85.5,66.2,68.8,80.5,Pass,0.09332071270023672,Safe
2328,23,M02650,Morning,32.8,17.8,79.5,62.9,80.8,77.1,Pass,0.09326884017491971,Safe
389,4,M07988,Night,35.5,17.9,90.7,67.0,82.4,83.3,Pass,0.09325522610603794,Safe
76,17,M08530,Afternoon,35.6,15.7,75.6,63.5,86.4,71.8,Pass,0.09322037698164042,Safe
6785,15,M07744,Afternoon,36.0,17.4,66.1,72.3,91.0,83.7,Pass,0.09321893566116535,Safe
4,5,M05192,Afternoon,34.0,18.6,72.0,80.3,79.1,63.9,Pass,0.09319143561700952,Safe
2357,16,M05892,Night,32.8,15.3,85.2,69.5,72.6,65.5,Pass,0.09315836691316115,Safe
3933,2,M08641,Afternoon,30.6,17.2,97.9,72.8,94.1,78.6,Defect,0.0931314355111464,Safe
552,24,M07242,Night,32.7,19.6,77.5,73.7,80.3,80.5,Pass,0.09312640127458828,Safe
7804,6,M08790,Morning,31.6,15.5,79.7,62.7,87.5,79.6,Pass,0.09309897427496125,Safe
3925,14,M08329,Night,26.9,17.7,67.1,84.5,74.1,66.9,Pass,0.0930588239211165,Safe
4377,14,M08264,Morning,25.0,19.8,76.8,78.9,85.4,85.4,Pass,0.09304553447485273,Safe
490,6,M07165,Night,33.8,18.0,74.3,64.6,88.7,87.8,Pass,0.0930443334341796,Safe
9702,2,M07219,Morning,37.7,16.1,72.2,96.0,73.7,97.8,Pass,0.09303877948127594,Safe
9027,5,M05969,Afternoon,41.5,12.8,73.2,72.1,71.2,74.3,Pass,0.09301207911092751,Safe
5806,4,M06104,Morning,38.1,12.8,80.1,75.0,81.6,63.3,Pass,0.09297839872936262,Safe
5111,17,M05327,Night,35.8,18.9,72.8,71.7,77.0,69.4,Pass,0.09296960504934558,Safe
869,14,M00118,Night,35.7,15.9,75.7,62.2,91.3,89.8,Pass,0.0929469955893018,Safe
1418,19,M08229,Morning,35.9,15.7,77.9,71.3,68.6,70.9,Pass,0.09293267070906726,Safe
1119,23,M05208,Morning,33.6,16.1,86.9,71.0,91.4,100.0,Defect,0.09291843453566134,Safe
4767,11,M08791,Night,35.6,18.9,82.7,66.7,77.8,93.5,Pass,0.0929073106825048,Safe
8792,6,M01718,Morning,39.1,13.5,82.8,65.7,84.7,74.6,Pass,0.09289763069031143,Safe
7058,4,M09079,Morning,34.9,19.2,92.4,93.8,88.4,75.3,Pass,0.09283306471253107,Safe
4894,19,M04714,Morning,34.3,16.7,88.4,93.4,64.8,66.4,Pass,0.0928003515633854,Safe
9609,18,M07424,Morning,41.5,13.8,75.4,90.5,65.6,82.8,Pass,0.09278582698156895,Safe
7873,11,M07606,Night,31.8,15.5,88.7,68.8,72.0,68.3,Pass,0.09276491415003661,Safe
9829,18,M04512,Night,34.2,16.5,79.9,66.3,80.3,66.8,Pass,0.09273003659500184,Safe
4849,5,M04291,Night,34.8,19.2,82.5,84.8,73.6,74.9,Pass,0.09266663418029801,Safe
2519,15,M02325,Afternoon,33.1,18.1,75.9,71.0,74.8,71.0,Pass,0.09264212932599321,Safe
984,6,M02892,Morning,28.3,14.3,91.0,81.6,83.3,87.7,Defect,0.09263808990646837,Safe
3509,1,M00290,Night,30.7,14.2,84.2,83.2,66.8,68.3,Pass,0.09262645556771391,Safe
2387,8,M08668,Morning,34.8,19.7,89.3,81.6,63.1,86.8,Pass,0.09259012106917534,Safe
8340,17,M07695,Night,37.0,18.4,79.2,68.1,68.0,76.8,Pass,0.09257388206896078,Safe
9460,7,M05303,Morning,31.4,18.7,97.7,74.4,73.4,89.7,Pass,0.0925339689818332,Safe
562,10,M09410,Morning,26.7,17.5,74.0,71.6,73.9,67.3,Pass,0.09252728894196821,Safe
3710,5,M07163,Night,36.6,18.0,100.0,69.2,70.8,75.0,Pass,0.09251904393624509,Safe
815,15,M01907,Night,26.5,18.6,77.8,94.5,96.6,63.1,Pass,0.09248283862970315,Safe
8287,11,M06913,Afternoon,35.6,12.8,79.0,65.8,88.3,66.8,Pass,0.09247305546182169,Safe
3001,23,M06906,Afternoon,27.7,16.6,87.5,89.0,86.1,86.4,Defect,0.09245983586812534,Safe
475,23,M06749,Afternoon,35.1,19.4,82.3,79.0,96.5,76.6,Pass,0.09243512128565216,Safe
2308,3,M07354,Afternoon,33.6,20.0,80.3,84.7,67.7,80.4,Pass,0.09242469069673748,Safe
4986,14,M08719,Morning,33.0,19.2,82.5,74.5,81.8,76.3,Pass,0.09241478867576572,Safe
7473,14,M00396,Night,38.1,17.1,77.1,78.1,65.8,75.6,Pass,0.09240228214640518,Safe
9002,5,M06339,Afternoon,42.8,15.1,92.9,67.6,77.1,77.8,Pass,0.0923729184194033,Safe
4287,15,M08829,Night,32.6,15.9,74.5,70.9,72.8,69.5,Pass,0.09235557300443585,Safe
2373,6,M09325,Afternoon,38.2,15.8,77.3,65.5,81.7,74.5,Pass,0.09234249586660852,Safe
4221,7,M09803,Morning,30.9,13.7,68.3,78.6,70.1,81.5,Pass,0.09232625336508628,Safe
8382,10,M02071,Morning,31.2,16.0,75.3,67.0,84.6,76.7,Pass,0.09232456725113171,Safe
8200,10,M07620,Morning,34.6,16.1,93.7,65.1,83.9,73.7,Pass,0.09232088163674611,Safe
7419,21,M07907,Morning,34.9,15.7,81.4,65.7,78.4,81.1,Pass,0.09231757748991391,Safe
9457,13,M01574,Morning,30.3,17.0,71.5,76.5,71.1,75.6,Pass,0.0923156449325101,Safe
4886,22,M01874,Night,34.8,16.1,69.0,68.8,74.9,74.6,Pass,0.09230156071179618,Safe
6409,19,M07055,Afternoon,33.5,16.1,71.3,75.4,72.8,68.0,Pass,0.09228238615565441,Safe
4830,14,M00465,Afternoon,27.2,17.9,82.6,63.4,81.8,83.1,Pass,0.09224604560027945,Safe
6116,9,M01173,Afternoon,32.8,15.2,82.7,78.5,87.4,62.8,Pass,0.09222165374653006,Safe
8447,2,M04811,Afternoon,34.6,14.0,81.7,72.9,74.7,65.9,Pass,0.09216430733120956,Safe
353,5,M07993,Afternoon,28.5,13.0,85.8,70.6,100.0,97.7,Pass,0.09211180066130047,Safe
4527,14,M09498,Afternoon,32.1,18.0,88.8,100.0,62.4,75.0,Pass,0.09204281869064902,Safe
5565,17,M04087,Night,38.6,13.8,100.0,65.8,93.3,79.6,Pass,0.09200581669549396,Safe
4274,10,M05416,Afternoon,44.3,14.9,69.2,88.7,74.5,73.5,Pass,0.09200263751561105,Safe
5499,5,M07210,Afternoon,25.6,13.9,79.1,91.8,84.0,71.1,Defect,0.09200221029900868,Safe
166,4,M01999,Night,32.6,13.6,72.0,70.2,70.9,84.4,Pass,0.0919888872874506,Safe
2333,24,M07605,Afternoon,39.4,18.4,79.8,63.3,73.8,83.9,Pass,0.09198881054456351,Safe
3721,17,M02196,Morning,36.4,14.9,81.7,69.4,78.4,66.3,Pass,0.09195251924340794,Safe
2580,14,M06510,Afternoon,41.5,15.2,69.5,76.3,66.2,82.2,Pass,0.09195211247690313,Safe
5848,3,M09744,Afternoon,28.4,15.1,76.6,63.6,82.2,80.2,Pass,0.0919487392276344,Safe
80,5,M04860,Morning,43.2,13.9,74.4,67.0,81.1,79.9,Pass,0.09190853993413196,Safe
5476,6,M08053,Afternoon,31.7,18.7,90.2,66.4,72.5,87.0,Pass,0.09186266750035527,Safe
698,17,M03420,Afternoon,37.4,13.6,72.4,66.0,84.9,77.7,Pass,0.0917641096455496,Safe
8782,2,M04804,Night,31.4,15.4,84.9,63.4,88.4,79.6,Pass,0.09168590752499928,Safe
1638,20,M00515,Morning,28.4,16.9,77.5,75.8,70.9,68.1,Pass,0.09166301954905695,Safe
3364,5,M09969,Morning,37.4,14.8,88.6,66.9,69.5,82.5,Pass,0.0916487932696771,Safe
6461,12,M08277,Morning,30.6,15.2,68.1,69.8,84.1,73.8,Pass,0.0915629770404058,Safe
3230,1,M05673,Morning,34.2,17.4,69.6,69.7,77.4,72.0,Pass,0.09151961126662432,Safe
9651,1,M04579,Morning,35.0,19.4,98.5,97.2,88.4,92.8,Pass,0.09150955904793504,Safe
1220,16,M05409,Morning,38.5,18.4,73.3,69.7,75.0,67.5,Pass,0.09148350551642548,Safe
1282,2,M03158,Afternoon,38.2,14.1,68.4,66.6,74.2,78.3,Pass,0.09140561463820383,Safe
5133,15,M08107,Morning,34.0,16.0,71.1,68.3,80.3,70.7,Pass,0.09140065447141194,Safe
4771,25,M01107,Morning,39.7,19.4,78.2,74.1,76.2,73.9,Pass,0.09133399493466951,Safe
3867,6,M04842,Afternoon,37.1,19.1,73.9,78.9,79.0,65.5,Pass,0.09133240908690021,Safe
9341,19,M01590,Afternoon,32.3,15.2,76.9,84.4,70.4,66.7,Pass,0.09132391255667109,Safe
2292,25,M03755,Morning,40.8,15.4,68.6,76.7,71.7,83.9,Pass,0.09131805322944808,Safe
6569,17,M02773,Morning,27.6,16.0,83.0,60.8,89.4,84.0,Pass,0.09128569613991765,Safe
1031,7,M02709,Morning,28.7,19.7,73.6,86.9,78.3,78.3,Pass,0.09127665494264633,Safe
8864,22,M02671,Afternoon,36.0,15.7,76.9,65.9,78.4,86.8,Pass,0.09121761936430356,Safe
5949,10,M00993,Afternoon,36.0,15.7,83.0,65.9,76.3,80.3,Pass,0.09120284147244895,Safe
4878,12,M07911,Afternoon,36.6,17.7,91.0,74.4,70.4,67.5,Pass,0.09118208651811481,Safe
9435,3,M03081,Morning,34.3,15.1,100.0,86.9,64.6,76.9,Pass,0.09116209641398272,Safe
1315,22,M06641,Afternoon,35.7,15.2,85.6,66.3,75.7,91.8,Pass,0.0911583325789373,Safe
8444,17,M02339,Afternoon,31.1,14.6,89.1,66.7,68.9,94.4,Pass,0.09112733699875328,Safe
5234,25,M05477,Afternoon,33.9,15.4,83.1,74.1,76.5,63.5,Pass,0.09108462680267067,Safe
8251,24,M05191,Night,34.4,16.2,67.7,73.3,77.7,72.9,Pass,0.09104226897640987,Safe
7992,13,M01722,Morning,35.7,19.9,95.1,94.8,91.2,85.7,Pass,0.09089561094186656,Safe
9416,19,M04723,Morning,44.0,18.7,79.3,65.5,78.5,80.2,Pass,0.0908480474353852,Safe
5926,14,M08862,Afternoon,35.7,15.5,77.1,67.7,80.3,63.9,Pass,0.09084551526685854,Safe
2581,16,M09974,Morning,41.0,16.6,70.2,83.3,73.6,93.7,Pass,0.09079958402922,Safe
1576,24,M08466,Morning,33.3,18.4,81.4,65.8,86.6,67.1,Pass,0.09079510741512246,Safe
5844,16,M06465,Morning,34.8,18.0,90.9,74.5,62.3,79.6,Pass,0.09074797609013416,Safe
4711,25,M04199,Afternoon,39.0,18.5,66.0,95.2,88.3,71.9,Pass,0.09070145684664307,Safe
8496,7,M05123,Night,41.2,16.4,74.4,67.5,78.3,69.7,Pass,0.09069967728366751,Safe
4456,24,M01691,Morning,33.9,19.2,90.3,91.0,69.6,82.2,Pass,0.09069700377603233,Safe
9672,6,M08499,Afternoon,38.3,18.0,76.8,67.0,79.7,75.8,Pass,0.09067426562974895,Safe
81,18,M06332,Night,28.9,17.7,83.3,61.1,75.2,80.5,Pass,0.09065424590672634,Safe
3774,2,M00860,Afternoon,40.8,14.9,66.6,75.4,74.5,80.7,Pass,0.09064994798378584,Safe
1254,22,M03005,Morning,34.9,19.9,81.1,85.8,79.9,80.8,Pass,0.09060751540217661,Safe
2007,10,M01680,Afternoon,32.5,18.2,74.2,68.0,75.4,76.2,Pass,0.09060196688542382,Safe
6745,4,M02834,Afternoon,38.6,19.0,76.3,75.0,76.3,67.0,Pass,0.09045478981673215,Safe
6408,15,M05581,Morning,33.0,16.0,67.0,72.3,74.1,80.8,Pass,0.09042127771369657,Safe
5592,3,M04313,Afternoon,33.0,16.6,67.2,67.1,85.0,71.4,Pass,0.09040667096586902,Safe
5995,9,M08056,Morning,31.0,14.7,72.8,64.2,74.4,91.8,Pass,0.09037824338412408,Safe
6904,20,M00067,Afternoon,39.4,14.9,83.1,69.9,80.1,66.9,Pass,0.09036437871323966,Safe
3014,4,M03631,Morning,39.4,19.2,85.2,71.4,90.3,89.8,Pass,0.09036345200580448,Safe
8212,14,M04993,Night,37.1,15.3,87.5,73.3,71.6,64.9,Pass,0.09035700083209973,Safe
8681,23,M05151,Morning,41.7,16.6,79.9,62.7,93.5,84.1,Pass,0.09035556089854911,Safe
8999,6,M07373,Morning,25.0,17.8,68.9,73.6,75.6,68.7,Pass,0.09034365744063484,Safe
6442,1,M06572,Morning,26.9,13.4,69.5,77.9,84.0,75.6,Pass,0.09033268901997299,Safe
9233,17,M04536,Night,28.7,15.6,71.1,84.2,72.9,69.3,Pass,0.09030752079436005,Safe
7984,11,M07706,Morning,40.0,18.1,84.4,69.6,75.5,65.1,Pass,0.0903047905122406,Safe
330,2,M03864,Morning,35.8,18.7,80.7,65.6,77.9,83.4,Pass,0.09023967449031225,Safe
4766,12,M02124,Night,34.3,17.0,71.1,68.8,74.1,82.5,Pass,0.09020767288614075,Safe
5696,22,M08034,Morning,27.4,17.3,100.0,72.0,96.7,76.5,Pass,0.09017820786596661,Safe
8048,3,M00598,Morning,29.9,14.5,90.3,94.3,63.4,72.9,Pass,0.09014028003606195,Safe
3323,18,M08387,Night,34.7,16.1,67.5,75.6,72.7,78.0,Pass,0.0901391635710118,Safe
5318,4,M03568,Night,40.6,16.9,78.6,77.3,64.1,87.9,Pass,0.09011956299311069,Safe
1936,9,M09655,Night,37.0,15.7,75.6,70.8,75.2,70.0,Pass,0.09011656618576963,Safe
4625,11,M06838,Night,31.6,15.0,90.2,73.3,64.9,81.9,Pass,0.09009776565424855,Safe
3021,15,M01208,Morning,36.3,18.4,90.6,69.9,72.7,66.6,Pass,0.09009718477335645,Safe
3127,21,M07824,Afternoon,35.2,17.0,74.1,78.4,67.8,73.7,Pass,0.09006663615791698,Safe
3422,24,M05974,Afternoon,35.6,15.4,76.3,66.7,77.8,77.1,Pass,0.0900629789269052,Safe
644,12,M05321,Morning,36.5,16.4,63.5,74.6,74.3,89.5,Pass,0.09002350028224186,Safe
4495,25,M07738,Afternoon,35.9,16.1,74.9,62.5,91.0,76.6,Pass,0.08999452347821785,Safe
2216,5,M09867,Morning,31.6,16.2,82.8,66.8,86.2,94.6,Pass,0.0899919846812233,Safe
2823,15,M03312,Afternoon,43.7,17.7,71.8,79.6,80.0,70.3,Pass,0.08990370740402864,Safe
8671,25,M04839,Night,35.3,16.5,67.7,74.5,72.9,86.4,Pass,0.08986883971244727,Safe
9463,4,M08968,Afternoon,41.6,16.9,93.1,64.1,77.9,88.5,Pass,0.08983166653695633,Safe
9887,13,M04858,Night,40.1,17.1,83.6,63.5,74.9,79.7,Pass,0.08982836514828442,Safe
8479,3,M09598,Afternoon,30.1,15.1,64.4,90.5,74.3,75.2,Pass,0.0898173224667611,Safe
6982,25,M05796,Afternoon,33.7,19.3,87.4,84.0,88.2,82.0,Defect,0.08980802277882112,Safe
6589,22,M02441,Morning,36.2,16.5,74.6,77.1,73.1,69.6,Pass,0.08980239040157827,Safe
9284,6,M09025,Morning,43.7,17.6,79.4,64.3,75.7,82.1,Pass,0.08979633626723803,Safe
359,20,M09164,Night,36.3,14.2,83.3,78.8,81.8,61.9,Pass,0.08973517900498276,Safe
7614,20,M06599,Morning,33.2,16.1,66.4,67.3,78.2,74.1,Pass,0.08963058520311858,Safe
569,4,M09873,Night,36.6,17.2,66.5,70.2,73.7,76.2,Pass,0.08953607536975924,Safe
8075,18,M04988,Night,37.7,15.7,78.2,65.6,76.5,85.3,Pass,0.0895307784919514,Safe
9902,15,M08975,Morning,41.2,15.1,88.0,66.5,78.9,80.3,Pass,0.08952716376041092,Safe
9165,17,M04730,Night,34.0,17.8,84.5,77.8,81.9,62.5,Pass,0.08948973104744279,Safe
8026,14,M01878,Afternoon,32.0,15.2,74.9,74.9,70.6,69.7,Pass,0.08941988286772075,Safe
8787,4,M06577,Afternoon,33.8,14.8,100.0,73.0,90.0,80.9,Pass,0.08938825056813451,Safe
213,23,M02812,Afternoon,25.0,17.2,66.0,69.1,87.4,84.3,Pass,0.08934088118287463,Safe
1858,24,M01178,Afternoon,27.0,17.1,72.2,78.1,77.2,68.5,Pass,0.08923400646508796,Safe
1395,6,M00893,Morning,37.6,15.8,69.8,73.0,72.6,82.9,Pass,0.08922156051615397,Safe
2061,16,M07003,Morning,31.3,16.6,74.3,67.0,82.7,69.3,Pass,0.08920934163307467,Safe
9378,4,M01005,Afternoon,30.4,15.5,64.5,74.4,75.8,87.8,Pass,0.08920620337447648,Safe
4571,14,M01988,Afternoon,40.6,15.8,75.2,64.5,84.5,84.0,Pass,0.08920407818334711,Safe
4379,14,M09760,Morning,36.5,14.4,95.3,67.1,77.5,74.4,Pass,0.08914501522462209,Safe
3997,10,M04781,Morning,38.8,18.4,66.2,94.7,75.1,86.7,Pass,0.08911342350852693,Safe
2498,2,M07098,Night,34.3,15.5,76.8,70.2,71.6,73.5,Pass,0.08905579089956231,Safe
7453,4,M05823,Morning,36.4,17.0,67.5,77.0,69.9,80.6,Pass,0.08900688855421558,Safe
5497,9,M05619,Afternoon,42.1,19.8,92.9,90.9,87.1,100.0,Pass,0.08899951118195355,Safe
3336,7,M09172,Afternoon,40.3,15.4,85.3,65.9,77.3,74.1,Pass,0.08894942889210897,Safe
2750,8,M06582,Afternoon,38.5,14.1,74.6,67.1,74.2,77.5,Pass,0.08894028391133324,Safe
6093,11,M05366,Morning,40.2,15.7,69.0,73.1,77.0,73.5,Pass,0.08891312315783197,Safe
3311,11,M00720,Afternoon,31.4,14.8,70.7,65.6,76.0,84.2,Pass,0.08885855495361605,Safe
1211,23,M08379,Afternoon,32.7,16.9,82.2,73.4,72.2,70.1,Pass,0.08882938680765888,Safe
7294,19,M05058,Afternoon,40.4,18.3,74.9,66.2,81.0,71.1,Pass,0.08878868640572574,Safe
3064,7,M01725,Afternoon,32.3,16.3,71.8,72.6,82.1,77.9,Defect,0.08876134489935705,Safe
340,14,M07561,Morning,29.0,15.8,96.8,69.0,90.2,84.1,Pass,0.08874560286980866,Safe
4582,3,M03784,Morning,35.2,19.3,75.1,81.4,90.5,87.4,Pass,0.08873184833366694,Safe
6144,25,M00019,Night,35.7,18.0,91.7,70.0,73.7,65.4,Pass,0.08871507590398282,Safe
3834,12,M05739,Morning,32.1,15.1,91.3,67.4,89.5,87.4,Pass,0.0886933186278042,Safe
820,1,M01063,Morning,32.8,14.4,68.0,70.7,79.2,68.8,Pass,0.08865087841951785,Safe
6727,22,M08061,Morning,34.6,13.8,80.1,65.1,80.8,86.6,Pass,0.08863851549257135,Safe
6232,17,M08628,Night,31.4,17.7,75.2,61.6,91.2,88.9,Pass,0.08861259472293483,Safe
3769,2,M03677,Morning,38.5,13.7,91.5,64.5,88.0,70.8,Pass,0.08860600269507982,Safe
2092,20,M05948,Night,31.4,17.1,67.2,84.9,78.5,70.2,Pass,0.08860109970500471,Safe
8885,9,M03989,Night,30.6,14.0,77.3,64.3,69.4,90.2,Pass,0.08858738563477285,Safe
6194,12,M02780,Night,38.3,16.2,83.0,64.3,83.0,69.7,Pass,0.08851383853680689,Safe
7028,11,M03146,Night,33.5,14.5,72.9,86.4,76.7,64.5,Pass,0.08850529600434548,Safe
1016,21,M03798,Night,36.3,16.2,76.9,65.2,76.5,81.6,Pass,0.0884875165162763,Safe
8950,18,M03901,Afternoon,34.0,14.8,84.5,70.9,64.5,94.5,Pass,0.08845976358304614,Safe
2867,1,M06402,Afternoon,31.3,15.0,61.4,83.0,89.1,74.9,Pass,0.0883880853347228,Safe
9286,2,M01160,Afternoon,34.7,16.8,80.7,65.1,85.9,66.1,Pass,0.08837036801986244,Safe
1781,4,M05758,Morning,25.0,16.8,88.4,64.7,80.3,86.3,Pass,0.08833498749425334,Safe
3595,16,M03409,Afternoon,41.9,16.7,74.4,71.9,72.6,75.0,Pass,0.08832445591579326,Safe
1196,6,M03630,Night,40.1,15.7,81.9,64.5,76.3,96.3,Pass,0.08829319838585764,Safe
2190,23,M07452,Afternoon,40.9,15.1,73.2,66.1,75.2,89.7,Pass,0.08827646661295527,Safe
7766,18,M08537,Afternoon,26.9,12.8,71.5,92.9,66.1,82.3,Pass,0.08822772249256282,Safe
5311,7,M08532,Morning,43.3,16.3,72.1,69.9,76.3,78.3,Pass,0.08821927775296107,Safe
4083,6,M00923,Afternoon,31.2,17.5,84.4,67.0,88.5,84.4,Pass,0.08820293646722266,Safe
8938,4,M00713,Night,33.1,16.0,72.1,77.0,72.6,66.6,Pass,0.08819203285296685,Safe
2020,23,M07122,Afternoon,32.6,16.8,78.7,66.9,79.2,80.3,Pass,0.0881827293357442,Safe
8641,20,M06237,Night,29.3,16.1,90.0,87.4,65.6,99.5,Pass,0.0881786555233871,Safe
2235,18,M09806,Afternoon,37.8,14.0,84.0,72.2,72.8,63.9,Pass,0.0881759092361486,Safe
4231,23,M09134,Afternoon,38.4,15.7,69.7,70.9,81.5,70.8,Pass,0.08815622843986136,Safe
6620,5,M05004,Afternoon,28.9,16.3,77.9,65.3,76.8,68.8,Pass,0.08815496235380961,Safe
3594,11,M01539,Afternoon,30.2,16.8,84.4,64.2,73.3,84.0,Pass,0.0881064280310191,Safe
1899,6,M08106,Morning,36.0,17.3,93.4,65.8,96.0,93.9,Pass,0.0880817126845084,Safe
9028,16,M07642,Morning,34.1,19.3,71.7,68.7,84.5,92.1,Pass,0.088054145455638,Safe
4814,25,M02346,Afternoon,36.8,14.9,77.7,65.9,79.8,65.4,Pass,0.0880442705113981,Safe
523,22,M00718,Night,38.4,15.8,74.3,82.6,86.9,63.2,Pass,0.0879906594586878,Safe
1952,23,M08633,Morning,34.9,16.1,76.5,63.3,91.0,90.9,Pass,0.08799027017449661,Safe
1283,24,M00391,Afternoon,28.9,15.8,93.4,64.7,79.4,78.3,Pass,0.08798712125641528,Safe
5720,15,M01046,Morning,33.0,16.8,84.9,66.6,88.6,77.7,Pass,0.08792922936447489,Safe
4256,3,M03136,Afternoon,30.7,17.4,76.3,66.0,78.1,92.9,Pass,0.0879142631735839,Safe
8953,6,M04569,Morning,25.0,19.4,90.3,73.8,90.5,70.0,Pass,0.08788255957910683,Safe
3138,20,M05687,Afternoon,32.6,17.4,69.9,66.5,80.6,72.1,Pass,0.08786582009472228,Safe
7732,9,M04726,Morning,30.6,17.2,78.7,68.2,75.7,83.2,Defect,0.08784373481495927,Safe
5347,14,M02937,Morning,38.0,16.8,80.9,78.8,64.1,79.2,Pass,0.08778704601224964,Safe
4694,22,M08379,Afternoon,31.5,18.1,68.6,69.5,74.1,81.5,Pass,0.08770740198436984,Safe
7243,11,M03171,Morning,25.0,18.7,74.7,68.2,74.2,75.7,Pass,0.08768321147511175,Safe
2651,20,M08832,Morning,39.9,18.2,83.0,66.5,66.7,84.0,Pass,0.08765246470635851,Safe
3969,6,M00505,Afternoon,36.4,16.1,70.9,65.2,85.8,77.8,Pass,0.08762854761677916,Safe
6444,7,M07675,Morning,27.8,15.3,83.1,98.2,63.8,73.7,Pass,0.08759953876633868,Safe
3644,18,M00452,Afternoon,36.8,15.4,77.6,63.6,81.6,80.7,Pass,0.08758661336555663,Safe
7762,19,M08282,Morning,31.3,16.3,89.6,96.8,69.6,68.6,Pass,0.08751258840599174,Safe
7123,18,M05678,Afternoon,38.4,17.6,75.3,72.9,69.7,92.2,Pass,0.08750367819373416,Safe
3959,3,M01789,Morning,35.5,19.4,80.4,77.2,92.9,83.2,Pass,0.08745540452147677,Safe
4181,17,M03717,Afternoon,37.5,18.1,83.7,66.7,73.1,89.9,Pass,0.0874498738554575,Safe
3558,13,M08713,Afternoon,33.3,14.6,81.9,65.1,88.8,87.4,Pass,0.08744261447619102,Safe
4978,1,M04884,Morning,27.6,16.5,70.1,72.9,74.9,73.8,Pass,0.08740721314289007,Safe
2642,21,M00156,Morning,35.7,15.8,97.9,67.8,72.5,91.4,Pass,0.08737559910662197,Safe
769,12,M07571,Morning,38.4,19.4,84.8,93.7,88.5,84.2,Pass,0.08733417814282142,Safe
4339,3,M03110,Morning,33.8,17.9,71.1,65.2,84.2,89.4,Pass,0.08731600141224316,Safe
385,18,M07028,Afternoon,31.3,20.1,80.0,96.5,82.7,80.4,Pass,0.08731133077604497,Safe
8727,11,M07437,Afternoon,26.0,16.7,100.0,72.7,83.1,87.2,Pass,0.08727253474630882,Safe
5706,16,M04175,Morning,35.1,16.8,67.5,89.5,73.7,80.1,Pass,0.08725737872964782,Safe
6238,15,M00943,Afternoon,43.0,15.5,99.7,73.3,92.1,91.2,Pass,0.08723462117721241,Safe
4043,5,M01926,Afternoon,31.8,16.4,75.7,81.5,66.0,73.6,Pass,0.08721275981620663,Safe
1413,17,M04134,Morning,35.6,16.5,90.8,67.7,72.5,87.3,Pass,0.08720099503389137,Safe
3173,5,M09228,Morning,36.3,16.2,78.7,63.6,76.9,76.9,Pass,0.087185201527817,Safe
1384,18,M02737,Morning,32.7,19.3,78.6,76.3,69.5,86.8,Pass,0.0871847209687723,Safe
496,7,M01123,Morning,39.1,16.1,81.0,71.1,70.5,72.3,Pass,0.08713891605621144,Safe
9364,3,M06185,Morning,32.8,14.4,77.1,67.3,72.6,71.9,Pass,0.08706105036870236,Safe
2888,4,M03501,Afternoon,30.5,17.0,76.3,65.9,70.1,81.8,Pass,0.08704568106165027,Safe
5987,20,M03086,Afternoon,39.6,15.9,83.5,76.9,68.1,72.9,Pass,0.08702124735179229,Safe
3715,20,M06310,Night,34.0,15.7,83.6,66.3,76.4,71.1,Pass,0.08701867328738117,Safe
6249,5,M00546,Afternoon,34.4,16.3,86.9,64.7,85.2,63.6,Pass,0.0869946603840403,Safe
2573,1,M07168,Morning,34.3,14.4,66.7,69.7,91.1,72.7,Pass,0.08694614444106456,Safe
1340,11,M03431,Morning,33.2,14.6,81.3,85.9,68.5,67.1,Pass,0.08691990073760877,Safe
8733,22,M01187,Morning,39.7,18.6,88.4,68.6,69.9,71.9,Pass,0.08690893710462942,Safe
6797,20,M07719,Night,36.1,17.6,86.4,71.2,89.3,63.1,Pass,0.0868837741399652,Safe
415,22,M07405,Afternoon,34.7,16.8,71.0,66.9,79.1,79.4,Pass,0.0868733976306326,Safe
4159,19,M00651,Night,40.9,14.1,67.4,91.5,72.5,81.9,Pass,0.08685940165689461,Safe
2134,10,M09957,Afternoon,39.9,16.2,96.9,92.3,93.3,96.4,Pass,0.0868518834613735,Safe
2523,13,M06520,Morning,38.2,17.4,69.2,72.1,75.4,72.4,Pass,0.086813866492612,Safe
9458,5,M02635,Night,38.0,13.0,82.6,66.4,73.5,79.4,Pass,0.08680115619745585,Safe
6438,8,M00868,Morning,33.0,17.9,82.8,66.4,86.5,99.4,Pass,0.08671735067888463,Safe
6182,18,M01681,Morning,33.6,18.3,79.7,64.4,76.8,72.2,Pass,0.08670325936237756,Safe
2944,9,M09450,Afternoon,41.6,16.8,70.9,77.0,69.9,83.9,Pass,0.08667671312349752,Safe
6212,4,M01918,Morning,30.4,15.8,72.0,79.8,85.1,64.3,Pass,0.0866743643652757,Safe
5102,13,M09242,Afternoon,34.1,13.0,76.7,65.4,71.0,84.1,Pass,0.08666215224996615,Safe
3866,2,M02331,Morning,39.5,14.3,87.9,76.4,69.2,95.7,Defect,0.08665686552989539,Safe
6914,24,M04632,Morning,34.2,16.7,79.1,65.8,79.5,71.8,Pass,0.08664325922756344,Safe
3006,23,M08849,Night,40.0,16.5,84.7,62.4,76.6,76.3,Pass,0.0865732015378279,Safe
5120,12,M04838,Morning,41.1,17.3,100.0,100.0,88.2,82.8,Defect,0.08657021391271645,Safe
2466,10,M01172,Morning,35.3,17.7,98.0,67.5,97.1,94.5,Pass,0.08649781880766386,Safe
4704,23,M09773,Afternoon,27.0,14.4,73.5,68.4,76.7,71.8,Pass,0.08649013515556798,Safe
868,2,M08838,Morning,29.3,16.0,90.6,63.4,76.5,79.7,Pass,0.08648882733773743,Safe
5118,9,M00942,Afternoon,39.5,15.0,68.6,70.6,74.9,79.6,Pass,0.08647459988619557,Safe
1478,6,M05085,Night,35.2,14.3,72.9,73.9,67.7,81.0,Pass,0.08642854410315398,Safe
2234,7,M06980,Night,34.0,17.6,68.5,77.0,73.5,70.7,Pass,0.08641261154190946,Safe
6852,11,M04454,Night,35.0,15.0,75.2,68.5,90.3,64.8,Pass,0.0863981784826263,Safe
8947,14,M06958,Night,36.8,15.2,80.1,65.4,75.1,75.9,Pass,0.08636376326216061,Safe
7605,7,M06036,Morning,33.5,14.4,90.9,63.5,83.8,71.0,Pass,0.08636331515292608,Safe
7314,8,M00341,Morning,44.2,15.8,76.3,98.2,67.0,73.5,Pass,0.08634251148430047,Safe
2361,18,M03293,Morning,35.2,14.3,92.7,63.8,84.2,81.3,Pass,0.08634110462306506,Safe
1275,8,M08045,Afternoon,38.6,15.9,75.6,66.9,79.5,75.6,Pass,0.0863334213128279,Safe
691,1,M02049,Morning,43.4,15.3,82.5,82.7,69.1,72.7,Pass,0.08631507414305212,Safe
1449,8,M06151,Night,39.4,17.5,83.2,66.4,79.4,68.2,Pass,0.08628030466799602,Safe
1988,16,M08534,Afternoon,38.0,17.2,66.5,75.8,74.2,75.3,Pass,0.08625606746387389,Safe
8009,10,M08129,Afternoon,41.3,17.2,71.4,71.8,91.3,65.2,Pass,0.08623520061920179,Safe
5765,16,M02366,Night,36.3,16.9,81.8,69.6,74.3,66.2,Pass,0.08622226835033754,Safe
5568,11,M00799,Afternoon,32.3,19.0,100.0,79.9,85.9,81.5,Pass,0.08620566458520162,Safe
7310,1,M04197,Morning,30.1,15.8,81.1,66.9,85.1,89.9,Pass,0.0861081717594092,Safe
3099,5,M02236,Morning,38.8,15.1,88.5,79.6,74.5,92.6,Defect,0.08609126412217857,Safe
493,4,M02505,Morning,34.7,16.2,80.9,69.2,74.6,70.2,Pass,0.08607818368850516,Safe
5887,4,M03919,Afternoon,34.0,16.0,75.2,63.2,85.5,77.5,Pass,0.08606991790776125,Safe
1023,18,M03031,Night,38.0,18.3,90.3,66.6,74.7,70.3,Pass,0.08604682422415907,Safe
856,15,M09353,Morning,31.2,17.6,92.5,61.0,88.3,80.6,Pass,0.08604466206313502,Safe
9105,10,M03521,Morning,37.7,16.6,68.5,82.5,66.8,76.3,Pass,0.0860193166079968,Safe
9447,6,M03773,Night,32.7,16.4,72.7,78.4,77.5,64.4,Pass,0.08600175498247192,Safe
5730,1,M04226,Night,36.6,18.2,76.9,66.8,72.8,81.5,Pass,0.08590083675296674,Safe
8272,17,M09736,Morning,34.5,17.1,72.8,65.3,88.6,72.9,Pass,0.08583445481069119,Safe
425,22,M03507,Morning,32.5,15.9,63.2,89.6,88.0,84.3,Pass,0.0858276843753217,Safe
4241,22,M06232,Afternoon,32.4,19.3,77.0,69.2,80.8,80.1,Pass,0.08579280323186893,Safe
5684,14,M05455,Morning,37.8,17.6,81.2,68.6,74.6,64.0,Pass,0.08577211464829987,Safe
3395,9,M05452,Night,32.1,18.9,70.0,73.8,70.5,78.7,Pass,0.08574048391437677,Safe
7926,5,M02740,Morning,38.9,17.2,86.8,68.5,68.5,95.0,Pass,0.08572179097902406,Safe
6097,9,M04576,Morning,35.7,16.4,76.8,66.1,90.3,68.8,Pass,0.08569908130923572,Safe
3046,8,M06143,Afternoon,36.9,16.2,71.7,69.6,77.2,78.6,Pass,0.08567291329732427,Safe
7225,13,M04711,Night,40.7,14.3,80.5,70.5,76.0,67.1,Pass,0.0856668906098927,Safe
219,10,M02912,Afternoon,34.7,18.6,69.2,70.3,76.4,72.2,Pass,0.0856625577731485,Safe
3447,19,M09654,Night,38.1,19.9,74.6,89.7,82.9,79.4,Pass,0.08566041093082814,Safe
200,22,M08005,Night,37.1,16.3,75.6,71.5,70.4,74.8,Pass,0.08565457426874076,Safe
7796,22,M06983,Morning,29.1,16.5,80.7,66.1,69.8,87.8,Pass,0.08564670895088654,Safe
4307,5,M03217,Afternoon,25.3,19.3,80.0,63.0,91.1,74.3,Pass,0.08564122640022691,Safe
1304,8,M09375,Afternoon,32.0,12.8,86.1,66.4,75.7,76.2,Pass,0.08563374077908804,Safe
7298,7,M03678,Afternoon,29.8,16.0,96.2,72.5,93.6,77.9,Pass,0.08559197545204522,Safe
8148,7,M09857,Night,32.4,14.8,80.6,61.4,95.0,91.7,Pass,0.08556078532613512,Safe
30,20,M00190,Morning,30.7,13.6,73.0,68.6,68.3,79.3,Pass,0.08549739179344301,Safe
8683,4,M03130,Morning,35.6,16.5,63.9,79.2,83.1,93.7,Pass,0.08547561103741899,Safe
5310,12,M04087,Night,34.6,15.0,74.6,71.7,75.6,67.1,Pass,0.08543451534602019,Safe
5814,3,M09143,Morning,28.6,14.9,93.5,80.4,74.8,94.3,Pass,0.08540967558111644,Safe
7975,14,M03603,Afternoon,33.2,16.5,83.3,64.5,76.7,73.5,Pass,0.08539131388237248,Safe
9804,7,M04761,Afternoon,37.9,17.0,85.5,82.6,64.6,74.6,Pass,0.08538693133038841,Safe
6836,25,M04367,Morning,37.7,13.3,87.3,70.5,82.7,83.1,Defect,0.08536346227005721,Safe
3627,22,M08113,Morning,36.3,17.0,83.0,64.8,93.2,76.7,Pass,0.08536052572748787,Safe
8296,19,M02402,Night,34.5,18.0,88.4,64.6,84.9,77.7,Pass,0.08535811833840015,Safe
9619,10,M00234,Afternoon,38.5,17.3,70.0,73.8,76.0,71.6,Pass,0.08531227112510847,Safe
9305,10,M02598,Afternoon,33.2,19.3,79.8,88.6,72.1,75.6,Pass,0.08526152257937411,Safe
6001,6,M00997,Afternoon,30.8,16.8,74.4,65.3,87.5,71.7,Pass,0.08524811120909291,Safe
6190,7,M06201,Morning,38.2,14.2,98.1,93.9,90.0,73.6,Defect,0.08524277785318829,Safe
7369,23,M07493,Morning,43.8,16.2,89.1,82.8,73.4,77.6,Pass,0.08524208186504084,Safe
3271,17,M07983,Morning,31.3,15.3,68.8,69.6,81.9,74.9,Pass,0.08521287018303138,Safe
7764,23,M09197,Afternoon,38.4,15.6,91.9,67.7,90.0,86.1,Pass,0.08520847480575554,Safe
4481,11,M09666,Morning,35.3,16.9,69.4,86.5,76.4,67.5,Pass,0.08520433855370772,Safe
1997,11,M03375,Night,38.4,15.2,78.0,77.1,65.7,94.1,Pass,0.08520161808630591,Safe
7242,3,M01197,Night,37.8,13.0,78.9,65.3,83.1,79.8,Pass,0.0851974059805699,Safe
3759,20,M05286,Afternoon,38.2,13.6,70.7,84.7,87.5,65.6,Pass,0.08507281927049776,Safe
7947,1,M03524,Afternoon,35.3,13.2,87.6,83.1,90.8,85.7,Defect,0.08500077978790715,Safe
8428,1,M08211,Night,38.6,17.5,66.3,84.0,83.0,81.6,Pass,0.0849593078154836,Safe
8070,6,M04299,Afternoon,26.2,15.9,87.8,62.2,78.6,86.4,Pass,0.08494876108549994,Safe
4536,18,M06306,Afternoon,38.0,15.9,70.8,69.6,75.8,78.7,Pass,0.08494106129102773,Safe
40,3,M08839,Afternoon,28.5,18.0,81.4,63.5,79.2,79.0,Pass,0.08491354441222511,Safe
8280,4,M04522,Morning,39.5,15.4,76.6,68.3,80.7,71.3,Pass,0.08487602258576567,Safe
417,18,M04071,Morning,33.9,17.0,94.7,94.0,92.5,96.5,Pass,0.08487297219001799,Safe
6723,2,M06066,Night,37.4,18.5,81.3,66.3,74.6,80.0,Pass,0.08486940445154283,Safe
8606,16,M07881,Afternoon,36.5,17.0,79.1,67.3,80.3,88.9,Pass,0.08486175501674702,Safe
1008,17,M00127,Night,32.4,14.8,67.1,69.9,83.7,81.3,Pass,0.08484348348732862,Safe
2334,11,M07545,Afternoon,35.8,16.5,90.8,63.0,81.0,83.6,Pass,0.08483722433495239,Safe
2840,3,M00990,Morning,25.0,16.7,81.6,66.9,74.1,88.3,Pass,0.0848275107589291,Safe
2625,23,M06451,Morning,30.1,15.4,76.2,92.9,87.5,62.1,Pass,0.08482290991271346,Safe
1087,13,M02066,Afternoon,35.6,15.4,76.3,60.9,85.9,77.8,Pass,0.08474476424246528,Safe
3054,12,M07085,Morning,30.3,15.5,90.0,66.1,82.8,88.0,Pass,0.08474021764772777,Safe
7288,2,M03230,Morning,30.7,16.6,78.9,63.5,73.2,78.7,Pass,0.08473080526101634,Safe
5025,7,M06639,Night,34.2,16.6,81.5,67.2,71.5,88.2,Pass,0.0846810516599571,Safe
6936,19,M03643,Afternoon,35.2,16.5,77.1,62.9,82.5,73.2,Pass,0.08466299846527554,Safe
7462,5,M04416,Morning,35.5,17.7,91.3,69.1,65.8,84.4,Pass,0.0846583685862014,Safe
5917,12,M06414,Night,30.6,14.3,72.3,84.8,70.7,77.4,Pass,0.08462712298877163,Safe
5586,6,M03390,Morning,33.5,17.8,79.4,74.0,67.0,71.4,Pass,0.08461225671229063,Safe
6453,12,M08155,Afternoon,38.3,16.7,80.3,66.6,76.1,84.3,Pass,0.08460823376695747,Safe
7585,25,M04382,Afternoon,36.7,16.6,66.6,89.8,72.3,80.7,Pass,0.08457760141210675,Safe
4333,20,M04136,Afternoon,31.4,15.2,76.3,78.4,71.6,67.6,Pass,0.08454856533958814,Safe
2544,23,M06853,Afternoon,32.7,19.1,71.0,67.3,85.5,81.4,Pass,0.0845355051917645,Safe
3902,20,M04546,Morning,39.7,15.7,81.1,66.4,80.1,79.0,Pass,0.08453009426634313,Safe
5808,23,M03441,Night,36.5,15.3,76.8,77.9,73.2,66.6,Pass,0.08451684240825555,Safe
2252,15,M08715,Night,37.3,15.3,81.8,61.3,82.6,79.8,Pass,0.08451528396344063,Safe
2513,24,M05414,Afternoon,33.9,14.9,88.5,96.5,74.1,92.9,Defect,0.0844747584961748,Safe
5866,14,M08519,Afternoon,31.9,18.3,81.8,70.1,100.0,71.2,Pass,0.08443094307238522,Safe
4211,9,M08282,Morning,30.5,18.8,89.4,64.9,79.4,83.2,Pass,0.0844293516434957,Safe
8865,6,M08432,Morning,32.8,19.8,75.3,96.1,79.9,77.4,Pass,0.08442876569606912,Safe
9647,9,M05146,Night,32.8,15.9,85.2,75.0,80.4,72.2,Defect,0.08441783988583733,Safe
6069,16,M06231,Morning,39.9,16.8,83.1,66.9,81.1,79.5,Pass,0.08441736192894105,Safe
285,13,M01694,Afternoon,31.1,17.8,82.5,67.4,71.2,81.8,Pass,0.08440699343541885,Safe
1814,20,M05705,Morning,32.8,16.1,74.3,77.9,64.0,95.9,Pass,0.08439003348718595,Safe
5033,22,M06912,Afternoon,34.3,15.4,82.3,73.4,73.5,67.3,Pass,0.0843449729293657,Safe
2017,17,M00149,Morning,36.6,15.2,85.1,65.7,73.6,76.3,Pass,0.08431086886200756,Safe
4462,22,M06417,Afternoon,41.8,17.0,69.3,68.7,78.8,72.5,Pass,0.08430511457157658,Safe
9914,3,M04854,Afternoon,32.0,15.7,69.4,80.2,70.9,79.0,Pass,0.08428027969389865,Safe
1663,25,M06237,Night,38.8,14.1,76.5,65.4,84.2,94.1,Pass,0.08427942864975288,Safe
8262,11,M05939,Morning,33.9,16.7,87.3,96.4,76.5,69.1,Pass,0.08426261699650502,Safe
4788,23,M07906,Night,30.4,17.1,77.2,78.3,65.8,78.8,Pass,0.08425562084938808,Safe
5018,7,M07149,Morning,38.0,13.6,79.5,66.3,86.6,75.2,Pass,0.08424597677358428,Safe
3640,15,M01482,Morning,35.7,16.4,81.2,87.6,72.0,94.4,Pass,0.08423222670544435,Safe
690,9,M05998,Morning,38.9,17.7,78.4,65.2,79.7,81.8,Pass,0.08419250069711706,Safe
4935,20,M09324,Afternoon,25.5,13.6,87.6,70.4,93.9,100.0,Pass,0.08415344161271308,Safe
9148,2,M09917,Afternoon,27.7,15.3,91.0,68.5,91.1,90.6,Pass,0.08414137070925592,Safe
2765,24,M01186,Morning,35.8,17.8,75.6,66.7,79.7,87.4,Pass,0.08412937213613007,Safe
8616,14,M07447,Night,37.9,15.1,68.1,72.1,73.7,76.3,Pass,0.08412425239983529,Safe
437,24,M04453,Morning,37.0,18.1,78.2,62.4,93.0,78.1,Pass,0.08410466965746526,Safe
7135,9,M04921,Afternoon,32.8,14.2,64.0,70.4,88.5,88.3,Pass,0.08409631736347833,Safe
2747,20,M07469,Afternoon,40.2,16.7,79.1,86.1,69.3,84.3,Pass,0.08408033364588943,Safe
9496,12,M07856,Afternoon,29.2,16.7,85.9,76.2,67.1,68.6,Pass,0.08405527078827343,Safe
6562,15,M05820,Morning,34.4,18.4,100.0,98.3,71.7,96.8,Pass,0.08400773254267391,Safe
1747,10,M01275,Morning,33.6,14.9,71.9,66.3,81.0,73.8,Pass,0.083963856378726,Safe
8331,13,M09970,Afternoon,26.2,15.3,97.9,72.3,95.3,73.2,Pass,0.08394727201418938,Safe
1334,19,M01772,Night,42.7,14.6,78.8,68.2,76.7,79.2,Pass,0.08392609050310934,Safe
33,16,M04659,Morning,26.6,18.3,84.0,69.4,89.4,87.0,Pass,0.0839162723112066,Safe
2740,3,M02045,Morning,40.8,18.5,80.2,72.8,72.6,68.9,Pass,0.08390376331459733,Safe
8902,2,M00257,Night,40.8,17.9,87.5,66.4,90.6,70.5,Pass,0.08389722133135942,Safe
4663,14,M08902,Afternoon,26.2,16.7,88.4,87.5,81.3,86.5,Defect,0.08387379701996038,Safe
4628,10,M05455,Afternoon,32.1,17.3,83.9,62.7,81.9,73.4,Pass,0.08380475291840658,Safe
4897,7,M08682,Morning,31.9,14.6,82.1,66.9,71.7,88.9,Pass,0.08378957717916503,Safe
3243,18,M02258,Afternoon,40.8,15.4,80.7,73.9,74.3,64.2,Pass,0.08378263089455769,Safe
9036,16,M06006,Afternoon,36.5,15.1,72.8,72.3,77.9,68.0,Pass,0.08372324583054565,Safe
8561,4,M04367,Morning,29.0,15.5,84.0,65.2,80.9,68.8,Pass,0.0836960539158692,Safe
3603,3,M04161,Morning,35.4,15.9,76.8,66.8,81.4,74.4,Pass,0.08369228007748547,Safe
4230,11,M06583,Morning,43.4,18.9,90.0,73.1,92.0,90.9,Pass,0.08367445580744824,Safe
6096,6,M05191,Afternoon,30.4,17.8,76.4,77.3,77.0,63.2,Pass,0.0836389942950701,Safe
7183,13,M01947,Night,41.6,17.2,85.7,68.1,72.8,77.2,Pass,0.0836226618543679,Safe
5044,19,M04055,Afternoon,36.0,16.2,82.6,62.4,78.1,80.2,Pass,0.0835894195215113,Safe
6750,15,M04778,Afternoon,30.1,15.3,80.6,63.8,76.5,84.6,Pass,0.08352757050563095,Safe
8107,3,M05921,Morning,39.8,15.8,74.0,75.7,78.9,64.9,Pass,0.08347235685251722,Safe
465,8,M03914,Night,42.2,17.6,81.2,65.6,92.2,79.3,Pass,0.08344451213972892,Safe
9313,20,M06840,Afternoon,33.3,15.9,89.1,67.4,75.8,73.7,Pass,0.08342728526901298,Safe
2005,5,M03720,Morning,35.3,14.1,67.5,79.2,75.5,84.9,Pass,0.08341617841314884,Safe
4394,4,M04621,Morning,40.2,19.1,79.8,81.5,66.4,77.0,Pass,0.08341386306292138,Safe
7362,3,M00649,Afternoon,40.6,15.8,71.6,75.7,66.3,89.2,Pass,0.08339440277400255,Safe
5549,23,M05731,Morning,31.6,16.1,84.7,65.1,82.4,73.6,Pass,0.08338167003963105,Safe
4477,20,M04323,Afternoon,41.7,17.7,82.9,65.2,78.0,76.1,Pass,0.08338163320816439,Safe
2690,21,M07000,Afternoon,40.3,16.1,77.5,76.9,63.9,81.8,Pass,0.08336168068726955,Safe
4219,2,M03876,Afternoon,40.3,16.7,76.9,69.4,72.9,71.2,Pass,0.08334949981381767,Safe
5030,2,M00372,Morning,35.7,15.4,82.5,65.0,79.5,87.0,Pass,0.08334334314241122,Safe
5090,24,M08845,Morning,34.1,14.6,91.9,65.2,81.7,87.9,Pass,0.08333200084944217,Safe
6482,1,M04993,Afternoon,35.5,12.9,98.7,70.3,88.7,86.7,Pass,0.08331453180870277,Safe
2480,3,M08101,Night,37.0,15.1,97.7,70.6,87.3,100.0,Pass,0.08330181300177276,Safe
819,24,M08906,Morning,36.4,16.2,86.2,67.2,88.3,95.8,Pass,0.0832948776027635,Safe
1482,20,M01266,Morning,37.7,16.5,81.8,64.4,83.7,74.3,Pass,0.08327974661413176,Safe
3524,22,M08892,Morning,31.3,16.0,100.0,79.3,94.0,88.2,Defect,0.08325845141238152,Safe
8184,7,M03325,Night,39.5,19.6,90.2,87.5,82.9,80.3,Pass,0.08325091480487533,Safe
9597,23,M06885,Afternoon,35.5,17.5,90.1,69.7,91.4,84.8,Pass,0.08324450685250953,Safe
9671,10,M07146,Afternoon,37.5,17.3,97.9,86.1,66.2,76.0,Pass,0.08323546468743598,Safe
3673,23,M03952,Afternoon,44.4,15.7,88.6,71.8,89.1,79.2,Pass,0.0832173646418079,Safe
4524,23,M01274,Afternoon,41.2,13.2,91.5,69.7,79.7,66.8,Pass,0.08321167634146827,Safe
4234,8,M00976,Night,42.6,18.9,85.0,87.0,77.1,70.5,Pass,0.0831978895610941,Safe
3501,9,M09584,Morning,31.2,19.0,93.1,74.7,86.9,96.7,Pass,0.08318709309980825,Safe
6859,4,M01983,Night,33.9,16.2,80.2,75.3,64.1,77.6,Pass,0.08317474333856346,Safe
8173,6,M09354,Afternoon,39.7,16.3,79.3,61.7,86.3,89.6,Pass,0.08316043086629044,Safe
7838,15,M05009,Afternoon,35.2,13.9,87.2,64.8,89.2,80.1,Pass,0.08315020540340004,Safe
1204,15,M04125,Morning,35.9,19.4,80.9,70.8,76.3,81.8,Pass,0.0831438609512128,Safe
2086,18,M07180,Afternoon,34.0,16.4,86.6,68.9,98.7,92.4,Pass,0.08312943741282319,Safe
7895,21,M08102,Afternoon,33.7,17.7,84.6,66.7,73.6,76.5,Pass,0.08312080519351511,Safe
6244,1,M09495,Afternoon,36.1,18.9,88.0,75.0,83.0,79.7,Pass,0.08311799014746861,Safe
2975,17,M00947,Morning,38.6,15.5,67.6,82.1,79.6,73.0,Pass,0.08311726310738181,Safe
6857,2,M08678,Afternoon,41.4,12.6,89.9,76.5,76.2,64.1,Pass,0.0830517318613225,Safe
2967,16,M07152,Afternoon,38.5,14.8,74.0,68.4,75.4,74.8,Pass,0.0830367377055235,Safe
4366,1,M00053,Afternoon,32.0,15.7,79.4,67.1,85.7,80.2,Pass,0.08299038061741891,Safe
2309,2,M03728,Morning,37.7,16.3,100.0,98.4,72.0,93.4,Pass,0.08295682944004115,Safe
9067,13,M06764,Morning,30.4,18.3,82.0,66.4,78.3,80.3,Pass,0.08293774734895608,Safe
1044,22,M08071,Afternoon,31.5,15.2,83.7,77.2,92.1,62.3,Pass,0.0829258272189239,Safe
8689,4,M04391,Morning,31.2,18.2,91.7,65.6,75.8,77.1,Pass,0.08290144566322838,Safe
4476,14,M09449,Afternoon,28.2,16.3,75.0,66.9,78.3,81.0,Pass,0.08289760177728747,Safe
332,4,M04015,Night,40.8,16.4,94.2,67.3,87.1,73.9,Pass,0.08288965503594035,Safe
8527,14,M01611,Afternoon,32.8,17.6,79.9,67.3,74.1,82.8,Pass,0.08286007420854588,Safe
3040,2,M03537,Afternoon,33.9,13.9,90.1,67.3,76.6,80.3,Pass,0.08283861735084112,Safe
7126,22,M02014,Afternoon,39.7,15.6,88.5,65.1,80.2,72.8,Pass,0.08282557755229178,Safe
2046,13,M04438,Afternoon,35.2,18.9,86.6,75.1,68.1,78.0,Pass,0.08281855325473723,Safe
3750,19,M07305,Night,39.3,14.1,71.4,77.8,79.2,80.1,Pass,0.08279562888781648,Safe
7450,9,M09952,Morning,38.6,16.3,70.0,81.0,70.9,75.7,Pass,0.08276406959182278,Safe
3250,2,M09389,Afternoon,43.5,17.8,73.7,80.7,86.3,69.1,Pass,0.0827065613710694,Safe
2951,16,M02170,Night,32.6,17.1,83.3,65.2,75.9,74.2,Pass,0.08269508535969843,Safe
5320,6,M06478,Afternoon,29.7,15.6,68.9,66.1,82.7,78.7,Pass,0.08267973930574035,Safe
4858,20,M08477,Night,30.5,18.8,77.3,63.4,86.4,74.5,Pass,0.0826702104062063,Safe
9062,9,M01861,Night,30.5,15.2,73.2,77.4,74.1,70.7,Pass,0.082666103624294,Safe
2924,25,M00930,Morning,38.1,17.6,94.2,91.6,94.1,92.3,Pass,0.08266025133574616,Safe
978,9,M06372,Morning,29.6,17.3,84.1,62.3,81.1,84.9,Pass,0.08260288496379604,Safe
5511,21,M07017,Morning,33.4,18.6,96.8,96.3,92.8,98.7,Defect,0.08260250408591033,Safe
4914,18,M07470,Morning,35.2,17.3,80.9,68.1,76.0,75.8,Pass,0.08260099284381345,Safe
410,15,M00513,Morning,38.9,19.3,90.7,82.6,84.0,75.3,Pass,0.08260019147594347,Safe
4056,16,M03341,Morning,33.1,19.3,90.2,83.8,91.7,90.0,Pass,0.08259409310017952,Safe
8322,18,M00890,Afternoon,33.6,16.3,77.1,72.4,77.6,66.3,Pass,0.08256031021044886,Safe
7921,4,M06643,Afternoon,37.5,16.9,95.0,85.2,76.7,84.2,Defect,0.08253349598824604,Safe
3051,19,M03120,Morning,27.2,16.7,85.8,69.6,79.9,81.9,Defect,0.08253304073388623,Safe
6272,16,M03045,Night,35.4,14.2,83.8,82.5,66.3,72.3,Pass,0.08252853946584829,Safe
2460,7,M05561,Afternoon,31.2,16.0,82.9,65.8,80.8,81.6,Pass,0.08251488591437368,Safe
7455,18,M07796,Night,34.5,15.1,69.0,73.3,79.9,71.3,Pass,0.0824744242532363,Safe
8778,14,M09796,Morning,29.2,12.9,89.2,68.5,99.9,90.7,Pass,0.08247181798066994,Safe
2108,13,M05079,Night,34.4,15.9,75.6,65.7,76.2,82.8,Pass,0.08246594118930614,Safe
3506,13,M09583,Afternoon,38.2,15.1,88.9,67.7,75.6,82.3,Pass,0.08246430987242505,Safe
9885,22,M00145,Morning,35.3,17.3,89.7,65.7,94.2,83.6,Pass,0.0824490534060933,Safe
9673,5,M09555,Morning,32.7,17.2,85.6,67.1,100.0,74.6,Pass,0.08240989262450267,Safe
8137,24,M02654,Morning,28.5,15.9,84.7,86.1,72.0,94.3,Pass,0.08235620020894424,Safe
7375,21,M04156,Morning,33.4,12.7,100.0,73.2,91.8,84.4,Pass,0.08234610357884314,Safe
8765,3,M05373,Morning,25.6,16.9,90.5,78.9,90.7,85.7,Pass,0.08234283776843013,Safe
2225,20,M06512,Morning,39.7,13.6,98.1,68.3,76.2,84.5,Pass,0.08233853254039705,Safe
697,13,M04977,Morning,27.6,14.0,67.9,72.9,80.8,73.9,Pass,0.0823343991469308,Safe
3828,17,M03642,Afternoon,32.8,16.5,94.1,83.7,69.7,71.6,Pass,0.08233079770799823,Safe
51,19,M09671,Night,30.6,14.3,84.5,62.0,86.7,78.3,Pass,0.08230971258104011,Safe
2907,19,M07836,Night,33.9,14.3,90.0,90.3,68.0,70.7,Pass,0.08227350700903616,Safe
5998,9,M07247,Night,38.0,16.2,79.0,79.9,71.7,68.4,Pass,0.08227014032866345,Safe
7011,4,M05219,Morning,29.6,15.1,76.1,64.7,79.1,89.8,Pass,0.08225080272368954,Safe
4844,10,M06125,Morning,38.9,15.5,89.8,68.1,89.9,97.5,Pass,0.0822206380998245,Safe
9019,2,M09678,Morning,35.3,17.7,73.2,75.6,73.7,68.0,Pass,0.08220800038694039,Safe
6286,10,M03824,Afternoon,30.1,16.2,96.7,72.5,93.6,85.8,Pass,0.0821832970877513,Safe
8722,9,M09450,Night,32.2,15.3,89.7,85.9,74.7,61.9,Defect,0.08217409463785204,Safe
5354,25,M01343,Afternoon,37.6,17.2,78.3,70.0,86.6,66.7,Pass,0.08214731903118067,Safe
7499,18,M09097,Morning,37.0,15.6,100.0,71.8,89.4,94.9,Pass,0.08213646158700588,Safe
3486,22,M00661,Afternoon,30.8,15.5,77.9,67.8,100.0,88.1,Pass,0.08213268161685376,Safe
8188,24,M00670,Night,30.0,16.7,83.4,64.8,74.0,76.5,Pass,0.08205907965260321,Safe
1723,17,M05898,Morning,34.8,19.0,78.1,76.4,74.8,70.9,Pass,0.08204364314892,Safe
8809,11,M00887,Morning,35.6,19.0,91.3,82.8,88.4,85.8,Pass,0.08202150041590647,Safe
4861,4,M09380,Afternoon,32.4,16.0,78.7,81.8,71.4,69.7,Pass,0.08200250647511323,Safe
8501,8,M05109,Afternoon,31.8,18.2,76.9,67.4,75.2,81.9,Pass,0.0819942863257941,Safe
7824,6,M05265,Afternoon,39.2,16.1,89.7,68.4,86.5,100.0,Pass,0.08195291721558114,Safe
1243,14,M04204,Night,29.0,15.5,83.5,67.5,91.8,64.6,Pass,0.0818531627951531,Safe
1473,2,M09440,Night,41.1,18.2,87.7,67.5,92.9,81.0,Pass,0.08183858048555409,Safe
3938,11,M06902,Morning,34.0,14.6,74.1,74.9,75.3,69.0,Pass,0.081831479470796,Safe
2400,24,M09029,Afternoon,37.0,13.6,80.5,72.9,68.6,88.2,Pass,0.08181717556830753,Safe
78,20,M09269,Morning,39.2,14.6,97.3,73.5,87.4,83.4,Pass,0.0817900299881005,Safe
3120,19,M05243,Morning,39.2,15.5,70.7,81.8,77.8,69.7,Pass,0.08177192508323594,Safe
454,2,M01688,Night,30.6,18.3,68.7,77.5,73.8,79.4,Pass,0.08176191311621235,Safe
2178,23,M08617,Afternoon,36.4,19.4,92.7,85.0,86.9,86.0,Pass,0.08173989242586824,Safe
8648,20,M01696,Morning,32.9,19.1,95.0,73.1,86.7,81.2,Pass,0.08173224488067234,Safe
990,24,M00794,Night,36.0,17.1,75.8,68.5,81.0,70.9,Pass,0.08172115277731257,Safe
7043,13,M05561,Afternoon,32.0,16.0,79.2,63.4,84.2,78.6,Pass,0.08171692051150231,Safe
4025,6,M05256,Afternoon,34.1,17.4,87.6,70.2,88.3,95.2,Pass,0.08171125805916468,Safe
3992,8,M02764,Morning,42.0,18.2,80.1,68.6,78.9,66.9,Pass,0.08169244427224306,Safe
5528,13,M08335,Morning,30.0,17.0,81.5,80.3,69.4,65.8,Pass,0.08168132915892583,Safe
913,20,M05257,Afternoon,38.2,15.8,98.8,69.5,76.4,79.1,Pass,0.08168010622703244,Safe
6684,9,M02582,Morning,30.9,17.2,73.7,65.2,75.6,90.2,Pass,0.08167428390792657,Safe
3768,13,M07295,Afternoon,27.1,16.6,83.8,73.6,79.2,85.4,Pass,0.08163284023551451,Safe
4372,23,M02786,Morning,38.8,14.1,87.2,67.6,72.9,86.2,Pass,0.08162314348911048,Safe
2270,20,M01257,Afternoon,34.4,15.4,94.9,70.6,100.0,82.6,Pass,0.08159879346623322,Safe
9171,4,M06344,Morning,40.5,15.1,73.9,82.7,70.8,85.4,Pass,0.08157582683002135,Safe
3948,7,M06161,Afternoon,39.4,18.6,78.8,67.6,82.3,83.5,Pass,0.08154987766243638,Safe
259,1,M05593,Afternoon,25.1,13.5,73.7,73.5,69.9,80.5,Pass,0.0815354122696267,Safe
4135,1,M02851,Afternoon,42.7,15.6,79.6,79.6,69.6,73.1,Pass,0.08153321573900038,Safe
3839,15,M00063,Night,30.6,17.1,95.1,65.7,79.2,77.5,Pass,0.0814924996484801,Safe
6751,12,M02736,Morning,37.4,14.7,74.9,95.4,85.7,69.6,Pass,0.08136037843843535,Safe
1459,9,M03999,Morning,27.6,15.5,73.4,73.4,78.5,72.2,Pass,0.08134704183177156,Safe
1342,4,M03761,Afternoon,43.2,16.8,77.3,68.0,76.6,75.5,Pass,0.08131485873712713,Safe
8503,19,M02111,Morning,26.9,14.5,84.4,67.4,80.8,69.1,Pass,0.08126536199240507,Safe
5115,18,M03347,Morning,31.2,15.4,75.2,82.8,65.7,76.5,Pass,0.08123957802614003,Safe
9630,3,M07026,Morning,34.3,17.9,91.2,84.8,72.1,64.4,Pass,0.08122982552677074,Safe
3557,6,M04539,Morning,40.5,16.3,67.6,68.8,78.4,75.1,Pass,0.08120883653665074,Safe
4531,12,M09221,Morning,37.2,16.4,67.9,77.0,82.7,71.1,Pass,0.0812063433110301,Safe
6022,4,M07012,Night,42.8,15.8,76.9,76.5,75.8,66.3,Pass,0.08119738731577997,Safe
4091,4,M09556,Afternoon,41.0,14.8,97.4,69.4,79.8,98.6,Pass,0.08118302386704526,Safe
6090,11,M03090,Morning,35.9,17.2,96.6,77.5,81.0,81.0,Defect,0.08115676795818141,Safe
2770,7,M07430,Afternoon,32.0,14.1,89.9,83.4,62.5,83.4,Pass,0.08114322039734477,Safe
4509,11,M02864,Afternoon,38.1,12.8,71.1,71.9,72.1,99.2,Pass,0.08108961535839469,Safe
9803,24,M07417,Morning,40.5,17.1,86.2,84.0,84.8,66.7,Pass,0.0810757050590194,Safe
5370,10,M07877,Morning,35.8,16.7,91.8,97.0,93.3,100.0,Pass,0.08107081401699562,Safe
1640,8,M04905,Night,28.6,15.9,67.6,74.1,76.0,79.4,Pass,0.08106820735748933,Safe
2358,16,M01081,Morning,30.0,19.4,86.2,78.1,77.9,80.5,Pass,0.08106745883901757,Safe
3066,19,M02768,Morning,28.1,13.5,84.3,76.8,91.4,79.6,Defect,0.081039869946476,Safe
2943,7,M06592,Morning,37.5,17.4,92.9,68.3,69.7,69.2,Pass,0.08102169595357984,Safe
9894,23,M04415,Afternoon,30.2,17.4,100.0,96.1,72.6,91.2,Pass,0.08095708450280657,Safe
1484,19,M01041,Morning,31.2,13.8,87.1,64.6,81.8,90.7,Pass,0.08094441749962003,Safe
3691,6,M04856,Night,27.3,18.7,93.4,71.2,84.4,66.6,Pass,0.08088779924917362,Safe
9631,12,M09028,Morning,37.4,19.4,77.1,75.5,95.0,86.0,Pass,0.08088549948064859,Safe
2514,5,M04667,Afternoon,28.9,12.5,91.5,79.3,82.5,89.6,Pass,0.08087635716105833,Safe
252,10,M09889,Morning,34.0,19.4,91.6,75.4,91.8,69.8,Pass,0.0808714800222601,Safe
8114,1,M07421,Afternoon,37.7,16.1,100.0,79.1,74.7,88.1,Pass,0.08082927364083081,Safe
6332,11,M01205,Afternoon,28.3,15.8,83.7,68.0,69.0,90.7,Pass,0.08079015855811887,Safe
8175,25,M06122,Afternoon,37.6,15.0,63.3,84.9,87.6,91.9,Pass,0.080773685879596,Safe
289,13,M03355,Morning,36.1,18.9,94.9,85.4,84.5,94.7,Pass,0.0807677275740806,Safe
2552,6,M08677,Morning,38.7,16.6,82.8,87.0,64.9,86.7,Pass,0.0807377735819893,Safe
4638,20,M00166,Afternoon,38.1,14.2,66.8,69.5,86.2,92.0,Pass,0.08072871796190109,Safe
9913,5,M09284,Morning,42.9,15.5,73.4,72.1,71.7,80.1,Pass,0.0807276280847985,Safe
5876,1,M08321,Morning,33.4,15.0,100.0,84.1,78.1,83.0,Pass,0.08072045130671228,Safe
3753,6,M01921,Morning,36.7,18.7,100.0,72.0,96.6,85.7,Pass,0.08069104440634589,Safe
804,14,M01647,Afternoon,34.2,17.1,66.4,72.4,82.9,80.5,Pass,0.08066947051490918,Safe
7697,16,M01243,Afternoon,35.1,17.1,100.0,85.5,82.7,73.5,Pass,0.0806685153723371,Safe
2040,7,M01690,Morning,38.9,15.4,63.7,76.6,92.1,81.4,Pass,0.0806448540314481,Safe
2454,9,M05348,Morning,26.4,15.0,85.0,83.0,79.1,89.5,Defect,0.08060354120001154,Safe
1495,23,M00687,Afternoon,32.9,15.0,95.3,73.1,88.2,84.3,Pass,0.08055921100513196,Safe
2752,16,M00527,Afternoon,27.4,14.2,86.3,73.7,78.0,75.6,Defect,0.08055223013712234,Safe
3332,4,M08708,Afternoon,31.0,15.8,80.0,64.4,78.7,83.0,Pass,0.08054517602290506,Safe
5132,14,M01894,Afternoon,38.0,15.1,95.1,85.4,88.0,96.4,Pass,0.08053270872424821,Safe
5279,15,M05799,Night,30.5,15.5,82.0,65.6,84.0,77.1,Pass,0.08048632128836757,Safe
8058,7,M09822,Morning,34.7,12.6,88.2,69.9,78.3,64.9,Pass,0.08047900541534038,Safe
7062,8,M03877,Afternoon,30.3,14.9,74.2,67.7,71.6,90.0,Pass,0.08044654736626176,Safe
1487,12,M09078,Morning,36.8,13.4,92.3,67.2,84.5,82.8,Pass,0.0804315890442857,Safe
5707,18,M09081,Night,33.8,16.0,70.5,78.5,70.1,78.9,Pass,0.0804132733922624,Safe
6300,5,M02509,Morning,40.6,15.8,85.8,70.4,89.4,99.4,Pass,0.08039966839854172,Safe
6362,24,M04003,Afternoon,36.6,16.1,78.3,67.5,86.7,70.2,Pass,0.08037612488685716,Safe
8010,14,M01076,Morning,32.8,17.8,77.3,78.9,65.5,79.6,Pass,0.08035175796101089,Safe
5898,22,M07997,Morning,35.7,16.6,69.1,86.4,69.2,79.3,Pass,0.08033795333537717,Safe
9687,23,M02187,Morning,34.0,16.1,93.7,75.7,74.9,95.0,Defect,0.08030978418986667,Safe
2980,10,M00341,Night,31.2,17.6,71.1,67.1,82.6,71.4,Pass,0.08030368203167963,Safe
8526,17,M00940,Morning,39.3,14.1,77.5,67.6,89.3,64.1,Pass,0.0803031688776516,Safe
3884,10,M02595,Morning,33.2,18.2,89.8,65.5,87.5,71.8,Pass,0.08023506973142311,Safe
127,16,M07859,Night,32.0,15.0,80.8,85.4,73.4,82.0,Pass,0.08020216032363764,Safe
955,23,M05766,Afternoon,39.9,14.5,93.1,100.0,92.3,91.4,Pass,0.08019773166707457,Safe
3965,8,M09289,Morning,31.9,16.5,96.8,66.6,85.7,71.9,Pass,0.08019000109241098,Safe
3433,25,M08149,Night,31.5,19.3,79.3,77.9,76.2,71.6,Pass,0.08016996229712013,Safe
7641,8,M05918,Afternoon,27.7,15.8,72.8,75.8,67.7,77.7,Pass,0.08014025297191213,Safe
2364,15,M06842,Afternoon,38.9,18.0,74.9,66.8,80.3,81.4,Pass,0.08007859641030837,Safe
3114,6,M07939,Morning,33.4,17.8,64.5,88.6,74.2,79.4,Pass,0.08004425195470373,Safe
8226,25,M09720,Afternoon,36.3,18.3,70.6,68.4,75.1,81.2,Pass,0.08003978876204336,Safe
4217,21,M09137,Morning,35.3,15.1,99.9,73.3,83.8,90.3,Pass,0.08002408996639719,Safe
8786,14,M03161,Afternoon,28.7,16.7,69.0,74.2,76.4,71.2,Pass,0.08002360187849865,Safe
6432,1,M04429,Night,34.6,18.0,83.3,95.2,79.8,94.8,Defect,0.0800179537719366,Safe
2215,12,M00366,Afternoon,32.0,12.6,87.7,78.6,71.0,78.8,Pass,0.08001673300224073,Safe
4436,4,M02762,Morning,32.9,19.8,89.0,89.3,75.0,78.0,Pass,0.08001568892185387,Safe
2632,10,M06981,Afternoon,35.8,17.3,96.8,71.6,84.7,86.9,Pass,0.0799719159148911,Safe
935,7,M01066,Morning,37.6,16.5,79.5,67.2,82.4,83.3,Pass,0.07995271465361468,Safe
2772,15,M03737,Morning,36.1,14.9,77.0,64.3,80.8,94.4,Pass,0.07995118484591052,Safe
5621,20,M01463,Morning,30.2,16.6,72.4,80.7,76.2,84.1,Defect,0.07994114658879178,Safe
303,18,M02206,Afternoon,40.2,18.4,91.4,63.8,93.7,92.3,Pass,0.079933119226882,Safe
9260,8,M06619,Morning,27.2,16.6,95.3,78.0,77.0,87.2,Pass,0.07992339079932889,Safe
28,20,M09168,Afternoon,28.2,14.8,87.5,84.5,83.3,84.5,Pass,0.07992280265812575,Safe
1097,20,M03336,Morning,38.7,18.2,85.5,85.5,74.6,67.4,Pass,0.07988914577847317,Safe
6980,21,M01133,Morning,39.3,17.7,82.0,89.3,67.8,67.6,Pass,0.07986071264955805,Safe
2106,15,M05176,Morning,37.3,19.5,95.1,98.8,85.4,80.5,Pass,0.07985369980841163,Safe
1824,18,M01668,Night,32.5,19.0,100.0,77.5,83.2,71.0,Pass,0.07982951471160353,Safe
1984,6,M08259,Afternoon,34.4,19.1,77.7,76.2,83.0,88.5,Pass,0.07980553431375541,Safe
7525,17,M02801,Morning,36.0,16.5,82.2,77.2,65.3,84.3,Pass,0.07980282214335438,Safe
9070,11,M06328,Morning,30.6,14.4,84.5,84.8,71.0,99.4,Pass,0.07976476770455765,Safe
4904,3,M04283,Morning,35.6,17.0,75.4,67.1,77.5,84.7,Pass,0.07974857671964108,Safe
3123,16,M05186,Morning,33.6,17.3,70.0,84.5,68.5,81.6,Pass,0.07972566065783548,Safe
3387,25,M06475,Morning,29.2,17.0,99.0,64.7,84.9,91.9,Pass,0.07971856688179622,Safe
5541,25,M05034,Morning,37.2,13.3,75.7,65.4,92.7,83.6,Pass,0.07970407236066471,Safe
3403,2,M00620,Night,30.9,15.4,78.0,61.4,83.5,75.2,Pass,0.07969444480543503,Safe
5740,2,M01450,Afternoon,25.7,17.8,84.5,90.9,79.2,87.3,Pass,0.07967748801856382,Safe
1833,17,M03713,Afternoon,32.3,14.6,67.0,99.5,85.9,66.6,Pass,0.07965807531672606,Safe
1285,17,M08821,Morning,35.7,17.0,96.3,80.3,84.2,84.4,Pass,0.07963561502909987,Safe
6329,24,M09258,Afternoon,34.4,14.9,83.1,65.5,96.1,75.8,Pass,0.07963186451681863,Safe
2529,8,M03868,Morning,41.1,18.9,69.2,94.6,90.6,78.7,Pass,0.07962850502778808,Safe
953,9,M01971,Morning,34.1,15.4,66.6,72.2,76.9,73.7,Pass,0.07960870085816625,Safe
6767,18,M03386,Night,25.3,13.4,86.4,81.1,83.5,87.4,Pass,0.07960330900437759,Safe
5993,19,M05524,Afternoon,33.6,17.5,88.2,65.3,87.0,86.2,Pass,0.07960125368934438,Safe
1397,12,M01934,Afternoon,35.1,13.6,74.5,84.1,73.9,65.4,Pass,0.07958604348484175,Safe
6488,25,M03444,Morning,34.9,17.1,75.8,90.4,75.2,64.8,Pass,0.079580983045141,Safe
6777,19,M06882,Afternoon,31.6,17.6,89.0,65.8,86.8,71.9,Pass,0.07957634729103955,Safe
4797,1,M05696,Morning,32.4,15.2,85.9,64.1,77.3,77.9,Pass,0.07956067360537832,Safe
3275,8,M01816,Night,30.9,12.9,84.7,66.4,93.2,81.6,Pass,0.07954516780404414,Safe
8810,2,M05855,Morning,36.5,15.7,100.0,96.4,64.6,82.1,Pass,0.07953498271215703,Safe
9342,19,M09354,Afternoon,37.4,15.5,82.7,68.3,70.9,87.5,Pass,0.07953410696383469,Safe
6467,16,M02527,Afternoon,29.8,14.7,88.2,100.0,70.7,97.0,Pass,0.0795309277290195,Safe
8794,17,M07408,Afternoon,36.2,18.3,81.6,68.2,84.2,90.4,Pass,0.07947911228264994,Safe
3139,2,M09243,Afternoon,39.8,19.0,90.9,77.8,91.1,88.9,Pass,0.07947391160637494,Safe
7640,20,M09610,Morning,35.9,17.5,84.6,66.3,76.3,73.3,Pass,0.07947276574140545,Safe
5805,8,M03200,Morning,36.1,17.3,75.5,67.3,88.2,90.2,Pass,0.07945567013106453,Safe
6934,23,M01508,Morning,35.9,16.5,100.0,71.4,80.4,83.8,Pass,0.079431574062816,Safe
4533,7,M03355,Morning,28.0,16.1,64.2,92.8,78.0,82.0,Pass,0.07941728142079045,Safe
106,2,M02455,Morning,34.9,19.0,83.8,96.2,86.0,81.7,Pass,0.07939635975529694,Safe
636,3,M07484,Afternoon,43.3,17.4,85.2,76.7,73.4,83.4,Pass,0.07938271070789328,Safe
8482,9,M08334,Morning,35.9,15.5,76.8,100.0,65.8,92.3,Pass,0.07937917420935416,Safe
5750,8,M09638,Afternoon,33.3,19.0,75.0,82.5,76.8,91.3,Pass,0.07937471041207085,Safe
1611,20,M09079,Night,31.5,15.1,74.2,72.7,75.2,66.7,Pass,0.07937305607629905,Safe
3793,21,M03902,Afternoon,35.9,16.5,90.2,69.6,70.0,77.7,Pass,0.07934517183373681,Safe
4358,18,M06140,Afternoon,40.4,17.0,87.2,63.9,78.8,81.7,Pass,0.07933497937470234,Safe
7646,13,M05579,Afternoon,28.5,16.2,88.3,89.9,74.7,81.2,Pass,0.07932932708123963,Safe
2983,3,M08492,Afternoon,25.4,14.8,92.6,100.0,94.7,92.6,Pass,0.07931153286132396,Safe
2809,5,M00183,Afternoon,33.9,13.4,100.0,79.3,87.1,79.3,Pass,0.07930937079490126,Safe
3621,25,M06872,Afternoon,37.6,15.2,79.9,81.0,63.7,93.2,Pass,0.07929610596953333,Safe
3353,16,M08683,Night,34.0,16.9,92.1,67.6,74.5,80.6,Pass,0.07927122692507878,Safe
7949,10,M03292,Night,33.2,15.9,76.0,71.9,77.5,70.1,Pass,0.07925796751472794,Safe
2880,17,M07447,Morning,33.7,17.0,69.0,75.4,74.1,74.1,Pass,0.07924788750206631,Safe
5292,16,M08672,Morning,31.7,16.6,85.9,66.4,73.9,89.8,Pass,0.07924632819997358,Safe
4160,9,M05742,Afternoon,36.9,17.5,75.5,78.5,71.5,70.0,Pass,0.07923944775968025,Safe
2579,11,M07134,Morning,38.2,13.9,74.0,70.8,73.4,81.8,Pass,0.07923918291331364,Safe
129,4,M02791,Morning,34.4,19.4,95.2,74.0,83.9,80.4,Pass,0.07923268711964125,Safe
3616,7,M02536,Morning,39.1,16.3,69.8,73.7,75.8,73.5,Pass,0.0792318404698602,Safe
1954,8,M05017,Afternoon,28.8,14.6,91.3,80.2,87.8,83.0,Pass,0.07922605292265622,Safe
9535,24,M01421,Afternoon,32.3,15.6,75.2,67.1,72.8,90.9,Pass,0.07921797911304589,Safe
7435,23,M09317,Morning,43.5,15.1,83.1,86.0,76.7,64.2,Pass,0.07921733404588521,Safe
9794,24,M08908,Morning,33.7,15.0,100.0,81.2,83.2,77.5,Pass,0.07920858175276928,Safe
5913,20,M06431,Afternoon,31.4,15.2,71.5,69.2,74.9,81.4,Pass,0.07920191929073508,Safe
8939,7,M05846,Morning,38.5,14.9,89.5,70.0,84.4,91.3,Pass,0.07919911735074378,Safe
6677,14,M05361,Afternoon,34.6,12.6,100.0,81.6,89.2,76.0,Pass,0.07919707547444782,Safe
6501,15,M00552,Morning,28.1,16.7,93.2,79.2,91.4,95.1,Pass,0.07918042185086122,Safe
6570,8,M06785,Afternoon,36.4,17.6,97.9,76.6,81.7,87.1,Pass,0.07916939135908754,Safe
429,3,M05189,Morning,32.2,18.1,70.6,83.3,87.7,78.2,Defect,0.07916064990080839,Safe
3849,12,M09015,Afternoon,28.3,16.3,88.8,91.4,77.3,85.0,Pass,0.07915043197026388,Safe
6224,19,M07165,Morning,30.7,18.7,100.0,80.8,74.2,88.3,Pass,0.07914120470230204,Safe
2416,15,M08000,Night,39.3,16.1,76.5,82.1,66.4,85.8,Pass,0.07913646207045918,Safe
3899,8,M05521,Afternoon,35.6,16.0,74.8,74.1,74.5,72.3,Pass,0.0791168664187699,Safe
6964,12,M03260,Afternoon,32.0,17.7,79.1,78.9,75.4,63.6,Pass,0.07910778005962055,Safe
2962,22,M08989,Morning,32.4,14.9,88.1,78.0,76.2,72.2,Defect,0.07910155921724635,Safe
6712,24,M05236,Morning,36.6,15.5,72.3,68.0,86.3,81.7,Pass,0.0790981393276448,Safe
9124,24,M05081,Night,37.5,16.2,74.1,91.1,73.4,71.7,Pass,0.0790690538381917,Safe
4148,10,M09789,Afternoon,30.6,15.3,78.9,65.1,83.4,69.3,Pass,0.0790588617056913,Safe
7837,18,M04599,Afternoon,40.5,16.6,89.7,71.4,72.2,92.3,Pass,0.07905508766584905,Safe
4887,4,M09108,Morning,38.2,16.4,69.0,74.3,78.2,71.7,Pass,0.07904561617400879,Safe
6292,12,M09437,Morning,40.1,15.5,97.6,69.3,86.9,86.0,Pass,0.07904222394389154,Safe
2557,18,M08079,Afternoon,38.3,15.3,79.8,67.8,81.8,82.2,Pass,0.07902502165907468,Safe
8379,4,M07594,Afternoon,35.6,18.3,81.2,69.9,67.3,82.5,Pass,0.07899440629529864,Safe
4474,16,M04918,Morning,31.2,15.8,97.1,63.7,82.4,85.4,Pass,0.0789816477303333,Safe
5688,2,M04658,Night,38.3,14.0,68.9,83.7,74.5,71.2,Pass,0.07898043650117342,Safe
9517,23,M05221,Afternoon,40.7,18.5,88.7,71.2,71.7,95.4,Pass,0.0789776298169397,Safe
568,9,M08692,Afternoon,34.6,17.5,72.2,73.9,78.8,70.8,Pass,0.07895123695743962,Safe
4836,24,M04816,Morning,26.3,17.2,91.8,84.6,87.5,91.1,Pass,0.07893877333801703,Safe
2587,11,M05109,Morning,34.6,15.8,94.8,72.3,90.6,78.2,Pass,0.07892225006747182,Safe
6870,2,M07760,Night,39.1,17.8,80.7,70.0,81.6,80.6,Defect,0.07891991222026548,Safe
1587,24,M00214,Afternoon,37.5,14.6,78.6,80.2,68.5,92.2,Pass,0.07891894173473629,Safe
7113,25,M00811,Afternoon,37.6,17.6,75.4,83.9,77.1,67.6,Pass,0.07891736321694896,Safe
6736,25,M07769,Afternoon,25.0,18.8,68.1,72.8,74.4,85.5,Pass,0.07891152370254258,Safe
4313,18,M04921,Morning,29.7,13.7,75.3,65.8,81.2,97.5,Pass,0.07889594012761311,Safe
1976,14,M03714,Night,44.1,15.4,72.7,76.1,74.3,74.5,Pass,0.07888129238604862,Safe
4306,3,M05463,Morning,41.0,17.0,87.9,82.4,79.4,62.2,Pass,0.07886646208007987,Safe
3322,21,M08836,Morning,35.6,16.3,90.8,64.7,86.2,74.9,Pass,0.07884512951884047,Safe
4460,16,M09075,Afternoon,34.7,15.7,100.0,71.2,84.5,93.0,Pass,0.07884310321748783,Safe
9791,1,M08745,Morning,42.9,17.5,89.5,65.7,79.4,67.4,Pass,0.07881331070269662,Safe
8779,22,M03053,Night,36.1,15.8,88.7,78.4,64.5,89.2,Pass,0.0788023098818286,Safe
2063,11,M02979,Night,32.9,14.1,89.9,79.7,75.8,63.5,Pass,0.07878748137406728,Safe
6384,3,M08103,Morning,39.2,16.0,83.0,64.7,83.6,75.8,Pass,0.07878277435171314,Safe
3413,9,M08712,Morning,41.4,16.0,75.0,66.4,74.1,84.5,Pass,0.07877284583863592,Safe
1670,11,M02072,Night,31.0,18.9,91.6,68.4,80.2,73.0,Pass,0.07876745414257498,Safe
3723,17,M02850,Night,37.4,15.1,93.6,68.0,83.1,82.5,Pass,0.07876366999858496,Safe
4214,16,M03021,Morning,26.8,15.7,99.8,84.4,68.4,93.9,Pass,0.07875158008825905,Safe
3536,3,M03110,Morning,35.5,15.2,97.0,68.0,95.1,92.3,Pass,0.07873417175004636,Safe
1486,23,M08074,Morning,35.0,17.3,72.3,73.7,74.3,85.5,Pass,0.07873273131713955,Safe
6809,21,M07654,Morning,34.2,16.5,76.3,65.8,76.2,79.7,Pass,0.07872660335506765,Safe
9454,21,M05142,Morning,27.1,16.5,95.5,77.7,81.6,88.1,Pass,0.07871685930723198,Safe
4308,13,M03137,Afternoon,34.3,14.1,92.4,73.4,70.0,94.1,Pass,0.07871037309375727,Safe
3845,3,M04971,Morning,35.1,15.5,82.8,89.7,75.5,68.2,Pass,0.07870496791339003,Safe
1597,14,M06048,Morning,40.1,14.1,79.0,82.8,68.2,100.0,Pass,0.07867890875079406,Safe
5555,15,M07676,Night,40.2,17.8,83.6,67.9,76.3,69.9,Pass,0.07867319525296187,Safe
8841,23,M02934,Afternoon,42.6,15.5,80.5,74.7,80.3,67.2,Pass,0.07866877902719625,Safe
7584,22,M09570,Morning,30.3,19.0,89.9,86.8,83.4,78.0,Pass,0.07863974031842971,Safe
1796,1,M06090,Morning,30.1,17.0,80.5,68.5,80.6,68.2,Pass,0.07862785982600555,Safe
8132,17,M05992,Afternoon,35.9,19.4,81.9,95.5,81.3,91.2,Pass,0.07860448188348985,Safe
4772,6,M00125,Afternoon,33.8,17.8,88.4,63.7,81.7,87.0,Pass,0.07860107770862436,Safe
2989,5,M01628,Afternoon,41.1,18.0,75.5,85.7,79.9,64.3,Pass,0.0785658308044697,Safe
5776,21,M08363,Morning,44.4,13.0,86.7,79.7,78.8,77.3,Pass,0.07855718366882886,Safe
7379,10,M06618,Afternoon,30.9,15.9,100.0,93.8,87.1,74.6,Pass,0.07853608471062805,Safe
1504,6,M09099,Morning,29.0,16.8,90.4,63.8,82.3,82.1,Pass,0.07852743047487085,Safe
2624,19,M01716,Night,28.7,16.4,84.9,71.6,87.4,63.4,Pass,0.07852096112232788,Safe
9981,8,M09329,Morning,35.9,19.1,76.9,74.9,81.6,73.0,Pass,0.0784605527342461,Safe
7742,20,M00780,Morning,35.2,12.9,94.8,68.9,97.4,73.4,Pass,0.0784435172300282,Safe
3563,12,M05680,Morning,38.7,14.3,75.8,74.8,77.2,67.9,Pass,0.07843353123481879,Safe
9377,14,M03360,Afternoon,30.5,19.0,82.0,69.1,85.1,89.2,Pass,0.07839074028737712,Safe
6528,15,M09745,Night,31.0,17.5,81.1,66.2,77.0,93.9,Pass,0.07838944698864,Safe
2703,22,M07231,Morning,36.2,16.3,84.0,67.8,66.7,81.4,Pass,0.0783721769472403,Safe
5432,22,M01182,Morning,26.4,16.1,100.0,75.2,81.4,81.4,Pass,0.07833838394382246,Safe
9554,12,M06168,Afternoon,39.2,18.0,92.7,70.5,85.8,88.4,Pass,0.07832941275635863,Safe
3017,16,M09703,Afternoon,39.7,15.8,76.4,67.2,85.5,70.1,Pass,0.07832566733535373,Safe
1270,14,M05320,Morning,26.7,15.9,89.3,83.5,77.8,90.3,Pass,0.07832376812166164,Safe
2851,8,M05055,Afternoon,34.1,16.2,76.8,73.2,70.6,75.2,Pass,0.07832281710819455,Safe
2177,11,M00393,Morning,25.5,17.2,85.6,85.3,87.6,90.4,Pass,0.07829695944637421,Safe
5503,17,M01463,Morning,36.7,15.8,93.1,70.4,89.3,86.6,Pass,0.0782871987119904,Safe
7557,20,M08950,Morning,37.8,17.5,90.1,64.9,78.5,88.0,Pass,0.07820602152921403,Safe
4742,3,M09418,Morning,28.4,14.7,91.2,73.0,87.9,94.0,Pass,0.07820133471884522,Safe
9333,19,M07365,Afternoon,38.5,17.4,71.9,71.8,82.9,68.6,Pass,0.07820074262425822,Safe
998,18,M07784,Morning,27.6,17.0,70.4,97.5,68.2,86.0,Pass,0.07818178537506358,Safe
2437,5,M04714,Morning,35.5,17.7,77.2,68.2,86.4,84.7,Pass,0.07818102508243716,Safe
351,24,M05626,Afternoon,31.5,18.3,90.5,85.2,86.0,85.3,Pass,0.0781714842032312,Safe
5677,6,M01392,Afternoon,35.4,15.4,68.4,72.2,76.2,72.8,Pass,0.07817048130463636,Safe
48,9,M06236,Afternoon,30.4,13.3,72.5,74.3,76.6,71.9,Pass,0.07813620272225094,Safe
3427,2,M03620,Afternoon,34.3,17.2,98.2,71.2,85.3,90.4,Pass,0.07813170508404708,Safe
1599,15,M00002,Morning,39.1,16.2,100.0,99.0,84.2,76.1,Pass,0.07812080815859626,Safe
1070,2,M09917,Morning,35.1,18.7,76.1,66.9,100.0,68.5,Pass,0.07810411354639196,Safe
3786,23,M05486,Morning,36.9,16.5,85.8,65.9,77.9,74.8,Pass,0.07809003855175259,Safe
3348,4,M06600,Morning,36.5,15.0,90.6,69.8,87.7,91.6,Pass,0.07806810071141798,Safe
8502,8,M02225,Morning,41.6,18.9,100.0,94.9,87.9,90.2,Pass,0.07806634515033446,Safe
3960,9,M07375,Morning,34.4,18.6,76.7,67.7,84.9,82.0,Pass,0.07805340853574314,Safe
2966,14,M03808,Afternoon,32.3,15.7,76.0,77.9,71.5,73.6,Pass,0.0780526640189255,Safe
5404,25,M03198,Morning,30.4,18.4,87.0,65.2,81.8,84.5,Pass,0.07803923586720338,Safe
6205,22,M08217,Morning,30.5,16.1,78.5,68.9,71.9,75.8,Pass,0.07803016436831929,Safe
6961,23,M05148,Afternoon,41.4,14.1,73.6,81.3,85.1,100.0,Pass,0.07799660932766689,Safe
5618,18,M02182,Morning,33.2,18.8,98.6,71.3,87.2,96.4,Pass,0.07799375525256962,Safe
6792,25,M06208,Morning,26.3,14.6,91.7,82.6,78.2,84.1,Pass,0.07799144986614942,Safe
9748,18,M08954,Morning,33.5,15.4,66.7,81.4,70.1,96.9,Pass,0.07796789171012657,Safe
360,24,M06003,Afternoon,33.0,16.8,100.0,76.5,83.0,83.4,Pass,0.07793338197929443,Safe
7299,2,M05797,Morning,34.9,15.6,73.6,88.7,74.8,67.1,Pass,0.07791898238461303,Safe
124,25,M07722,Morning,28.5,15.2,82.0,66.6,88.8,79.2,Pass,0.0778810852221457,Safe
2496,14,M07522,Afternoon,31.0,13.1,80.0,66.3,77.1,94.2,Pass,0.0778777916236431,Safe
1261,20,M08408,Morning,35.1,16.4,68.7,80.1,73.5,81.8,Pass,0.0778466926338564,Safe
112,7,M08111,Morning,34.7,16.0,96.0,71.3,73.1,72.2,Pass,0.07783593052465675,Safe
2613,18,M09347,Morning,31.1,16.6,77.6,67.9,79.1,84.3,Pass,0.07782283125369456,Safe
7424,6,M09504,Afternoon,39.5,17.9,100.0,85.6,99.0,75.1,Pass,0.07779066288116615,Safe
3466,24,M04370,Afternoon,27.7,16.2,82.8,66.3,81.8,72.4,Pass,0.07778463579488024,Safe
1201,13,M02867,Night,36.7,14.8,73.4,73.0,68.4,79.6,Pass,0.07777242487884439,Safe
5617,5,M06359,Night,34.0,17.4,77.3,67.3,71.6,87.1,Pass,0.07777040125297431,Safe
1294,7,M05086,Afternoon,38.9,15.7,100.0,73.8,100.0,97.1,Pass,0.07775627560161173,Safe
5878,4,M04847,Afternoon,31.0,16.3,89.4,70.3,90.8,89.0,Pass,0.07774170251671858,Safe
5101,21,M06771,Afternoon,35.5,17.0,94.7,93.2,100.0,100.0,Pass,0.07773163977379724,Safe
1020,19,M03418,Morning,36.9,18.7,83.6,73.1,73.4,86.9,Pass,0.07771806582411514,Safe
2431,25,M07737,Afternoon,26.9,16.4,72.1,91.9,80.8,96.0,Pass,0.0776793833853554,Safe
3341,19,M05691,Night,39.5,17.4,71.9,72.1,76.5,73.7,Pass,0.07767025083711329,Safe
1078,7,M00952,Afternoon,39.2,16.6,73.8,67.8,84.1,78.2,Pass,0.07766907735227241,Safe
929,16,M02899,Afternoon,37.2,14.9,72.2,81.4,80.9,74.6,Pass,0.0776466477276753,Safe
4022,15,M01506,Morning,36.5,15.6,79.8,66.6,81.5,71.1,Pass,0.07763512399091035,Safe
9136,5,M03484,Afternoon,36.2,13.8,75.2,65.6,76.8,85.4,Pass,0.0776308367600818,Safe
3906,13,M04385,Afternoon,36.4,14.7,95.3,95.5,87.7,100.0,Pass,0.07762274258258367,Safe
6630,22,M04599,Afternoon,32.6,15.8,97.1,80.9,78.8,86.6,Pass,0.07760635039476614,Safe
9881,24,M04674,Afternoon,28.0,17.7,88.4,82.9,88.0,64.9,Pass,0.07760282541873167,Safe
8597,11,M08594,Afternoon,32.9,15.8,66.9,76.0,80.1,77.9,Pass,0.07760277487747139,Safe
9141,19,M08161,Afternoon,34.0,17.4,92.5,70.6,82.8,90.7,Pass,0.07759736241960488,Safe
4630,19,M04118,Afternoon,37.1,16.3,98.1,72.8,85.2,88.7,Pass,0.07759122556301232,Safe
7776,23,M00744,Morning,36.3,17.2,72.0,74.4,69.1,84.1,Pass,0.07756051835169027,Safe
7372,6,M05425,Afternoon,31.8,15.2,100.0,69.0,91.0,91.1,Pass,0.07755758458324162,Safe
2379,6,M05470,Afternoon,31.3,15.4,86.6,68.0,83.6,68.3,Pass,0.07754940178384043,Safe
3994,20,M05992,Morning,39.8,16.1,82.5,73.6,74.9,85.7,Pass,0.07753540341403209,Safe
574,11,M09348,Afternoon,26.8,16.5,100.0,100.0,78.5,92.6,Pass,0.07752449580391849,Safe
8627,19,M04954,Morning,36.4,16.5,72.0,74.1,75.0,73.0,Pass,0.07752107007992742,Safe
8298,3,M08975,Afternoon,26.7,18.3,100.0,92.6,80.6,86.6,Pass,0.07751562589327397,Safe
9375,11,M06477,Morning,27.6,16.9,88.3,87.6,84.5,81.7,Pass,0.07751398279808926,Safe
6645,20,M08022,Morning,38.5,14.2,73.4,68.7,80.3,71.4,Pass,0.07749728348874697,Safe
8982,16,M02497,Afternoon,35.5,17.6,84.6,71.0,75.4,100.0,Pass,0.07747247691550675,Safe
4931,25,M05301,Afternoon,35.9,16.4,91.4,71.2,68.4,86.3,Pass,0.0774702722673693,Safe
9303,4,M01855,Night,40.7,17.6,76.4,72.4,71.7,70.5,Pass,0.07745400008395403,Safe
7593,7,M07260,Afternoon,33.8,18.1,88.2,86.5,89.2,85.2,Pass,0.07744678236031434,Safe
3962,19,M09360,Morning,42.0,16.4,81.2,67.8,78.2,83.4,Pass,0.07743219186618502,Safe
2291,10,M08653,Afternoon,37.4,16.9,83.8,76.3,89.9,88.0,Defect,0.07742669705709343,Safe
1761,7,M01230,Afternoon,36.9,14.5,95.5,93.5,87.7,95.7,Defect,0.07741485966227928,Safe
3423,1,M06237,Night,33.5,14.1,85.4,94.2,73.3,93.4,Pass,0.07740161543213116,Safe
3989,16,M03720,Morning,32.2,14.6,87.1,70.5,74.7,81.9,Pass,0.07740144170076398,Safe
7287,1,M02263,Afternoon,36.2,15.7,85.3,79.0,78.0,68.0,Pass,0.0773835641504712,Safe
7501,15,M09919,Afternoon,32.5,17.1,79.3,65.8,94.0,69.7,Pass,0.07737702967044134,Safe
9758,16,M04766,Night,41.1,14.5,76.9,70.3,73.7,73.1,Pass,0.0773687776094644,Safe
878,10,M00225,Afternoon,35.6,16.5,83.5,76.5,65.2,81.5,Pass,0.07736382856505178,Safe
9059,18,M00778,Morning,37.0,17.3,90.2,64.5,75.4,92.9,Pass,0.07736155980951481,Safe
7458,3,M06034,Afternoon,34.6,15.7,96.5,87.2,91.9,84.7,Pass,0.07734290063791631,Safe
9618,8,M07635,Night,37.2,15.6,95.8,76.3,73.3,90.5,Pass,0.0773338702358263,Safe
3485,12,M02872,Afternoon,36.2,16.3,84.9,72.3,66.8,76.8,Pass,0.07731976438776002,Safe
2067,7,M05657,Morning,28.8,16.0,84.2,82.9,76.7,99.9,Pass,0.07729288257976716,Safe
3106,16,M05038,Afternoon,38.2,15.0,84.2,85.4,71.7,73.6,Pass,0.07729180474323134,Safe
1239,18,M01640,Night,30.2,18.2,84.5,77.9,65.8,87.3,Pass,0.07728911880474888,Safe
1132,1,M02199,Afternoon,33.4,17.2,84.4,69.2,69.0,74.8,Pass,0.0772793829182366,Safe
1353,22,M08174,Afternoon,38.0,16.5,86.1,72.1,73.3,92.2,Pass,0.0772719330534322,Safe
6318,24,M04380,Afternoon,37.2,16.5,76.0,65.7,78.9,91.9,Pass,0.07726357343420291,Safe
7741,12,M08990,Afternoon,39.0,18.2,94.0,70.1,97.3,89.1,Pass,0.07725313572919068,Safe
5329,14,M01814,Afternoon,38.8,16.6,78.3,67.8,81.4,82.5,Pass,0.07724759397706159,Safe
6853,20,M05337,Night,36.6,16.2,82.6,67.3,74.0,75.8,Pass,0.07723069318869319,Safe
2692,1,M01751,Afternoon,38.2,18.0,81.6,72.0,69.1,89.8,Pass,0.07721918793490397,Safe
163,14,M04414,Afternoon,26.5,14.6,79.4,62.3,81.8,82.1,Pass,0.07720828602576241,Safe
4567,12,M07280,Morning,29.7,16.4,80.1,77.4,65.5,80.3,Pass,0.07717439031028112,Safe
5015,21,M02015,Morning,36.7,15.2,100.0,82.8,88.8,85.7,Pass,0.07716783339341736,Safe
1708,9,M03217,Morning,34.6,16.4,82.5,64.1,95.0,83.4,Pass,0.07716026567974064,Safe
2789,5,M05094,Night,40.6,17.1,80.8,76.0,79.8,66.1,Pass,0.07714671793415805,Safe
4577,5,M08384,Afternoon,25.1,15.5,74.9,67.5,93.4,71.6,Pass,0.07714084308357458,Safe
3889,20,M06220,Afternoon,31.1,15.1,72.4,73.5,77.1,74.4,Pass,0.07713283408851743,Safe
677,14,M00405,Morning,30.2,17.0,100.0,74.8,85.3,90.6,Pass,0.07711029406394009,Safe
1521,14,M03779,Morning,33.4,18.5,91.6,92.5,98.0,94.8,Pass,0.07710758177515716,Safe
5737,11,M01552,Afternoon,36.6,14.3,82.3,73.0,73.3,77.9,Pass,0.07709188478566163,Safe
6553,23,M08721,Afternoon,35.2,17.4,80.4,64.0,95.2,86.0,Pass,0.07708172339105576,Safe
5606,15,M03794,Afternoon,33.9,16.5,74.4,65.6,79.8,71.2,Pass,0.07708012018592941,Safe
2994,11,M06653,Morning,34.4,16.9,97.9,64.7,75.0,83.2,Pass,0.07707868052111304,Safe
1457,23,M03742,Afternoon,36.1,13.9,95.2,84.6,85.6,84.3,Pass,0.07704657210529214,Safe
6975,6,M02643,Afternoon,32.3,15.2,66.4,70.3,78.7,82.4,Pass,0.07704026526915983,Safe
6938,20,M01295,Night,39.6,16.6,85.5,70.5,70.3,86.1,Pass,0.07701421324721905,Safe
3567,7,M02801,Afternoon,30.0,16.2,79.7,73.5,77.7,80.9,Pass,0.0770069004912898,Safe
2185,16,M08434,Afternoon,26.8,15.6,92.1,82.7,88.1,81.5,Pass,0.07696269949161613,Safe
2605,8,M00227,Morning,27.1,16.5,98.0,87.6,89.9,85.2,Pass,0.07693816809560163,Safe
6043,10,M04186,Afternoon,37.0,15.6,99.0,72.4,86.4,73.1,Pass,0.07692885312865272,Safe
5034,7,M06011,Afternoon,39.4,18.9,88.3,82.6,83.4,75.6,Pass,0.07692053675746839,Safe
7268,25,M07767,Morning,41.0,15.5,100.0,87.7,87.3,79.7,Pass,0.07691695992816563,Safe
6731,12,M09286,Afternoon,32.1,17.4,95.9,73.3,80.9,84.4,Pass,0.07691186222131069,Safe
5242,17,M08347,Afternoon,39.7,19.1,73.0,67.7,85.0,90.8,Pass,0.07691025241870475,Safe
2733,9,M09778,Morning,25.1,14.6,82.0,73.4,93.2,68.2,Pass,0.07690505991474614,Safe
2933,7,M09592,Morning,32.1,14.5,100.0,92.7,93.2,91.1,Pass,0.0768951661721371,Safe
9162,13,M06265,Afternoon,26.2,16.2,95.9,83.9,92.4,76.7,Pass,0.07689356112226435,Safe
14,19,M02434,Morning,29.5,14.5,100.0,95.0,93.7,91.4,Pass,0.07689000737379527,Safe
8828,15,M00907,Morning,29.6,18.3,69.7,70.0,74.5,90.9,Pass,0.07688437049704207,Safe
2689,5,M00424,Afternoon,39.7,16.0,96.9,68.8,85.7,77.2,Pass,0.07688376695508936,Safe
9087,3,M02465,Morning,35.6,13.3,99.6,76.8,80.9,81.6,Pass,0.07685037759389493,Safe
4834,24,M05957,Morning,33.6,16.3,71.7,82.3,73.7,71.9,Pass,0.07684576787259648,Safe
5373,13,M08559,Afternoon,30.9,14.5,73.8,73.0,82.6,78.3,Pass,0.07684482766154097,Safe
5110,16,M04876,Night,38.2,18.3,81.5,69.5,81.9,77.1,Pass,0.07683426460246207,Safe
8080,8,M01210,Afternoon,34.2,16.8,93.7,68.2,79.8,77.4,Pass,0.07683262067313233,Safe
3365,4,M07764,Night,36.7,18.0,82.0,74.4,76.4,80.7,Pass,0.07683058134691322,Safe
3401,10,M09078,Morning,35.5,18.9,97.6,80.9,93.7,80.1,Pass,0.07680890984375126,Safe
3274,17,M03174,Afternoon,39.1,15.1,96.0,85.9,75.3,81.6,Pass,0.07680360766792388,Safe
6891,12,M09437,Afternoon,28.3,16.5,93.8,82.7,78.8,81.3,Pass,0.0768010984700584,Safe
5716,13,M02062,Morning,33.8,18.8,89.0,89.3,86.6,83.6,Pass,0.07679919012190259,Safe
3937,23,M04237,Afternoon,42.5,18.8,92.2,87.9,86.8,88.6,Pass,0.07678799080885172,Safe
526,4,M05487,Afternoon,34.2,14.2,100.0,74.0,83.1,99.8,Pass,0.07678461592043632,Safe
8887,2,M00257,Afternoon,25.1,15.7,88.8,88.0,89.2,76.8,Pass,0.0767844712171188,Safe
9272,10,M04089,Afternoon,36.7,15.8,72.9,87.0,83.5,64.8,Pass,0.0767477764826613,Safe
3213,13,M00235,Morning,27.4,18.5,86.4,90.5,85.4,77.2,Pass,0.07674468071271913,Safe
7222,5,M05523,Morning,32.2,18.2,98.4,84.0,77.3,82.3,Pass,0.07669732498227856,Safe
1630,1,M08443,Afternoon,31.5,15.8,100.0,79.3,82.1,83.2,Pass,0.07669669739327534,Safe
1134,7,M03696,Morning,32.3,13.7,77.9,64.6,73.7,84.2,Pass,0.07669073087071658,Safe
6000,6,M07951,Morning,38.4,13.9,99.8,73.0,87.4,97.4,Pass,0.07666589120531561,Safe
2280,22,M08854,Morning,38.0,16.2,78.9,67.3,76.6,90.5,Pass,0.07666549736295974,Safe
8490,23,M07326,Morning,27.1,15.4,77.9,74.6,92.4,63.4,Pass,0.07665817457238001,Safe
880,15,M06284,Morning,25.0,16.5,95.2,75.1,89.3,92.4,Pass,0.07665530632258431,Safe
2757,14,M03741,Afternoon,32.8,18.4,67.4,71.8,78.0,73.5,Pass,0.0766520864543817,Safe
8038,10,M01070,Night,38.7,14.2,97.9,69.6,78.3,79.5,Pass,0.07664523710295999,Safe
857,16,M08435,Morning,33.6,18.8,90.2,87.7,76.7,93.1,Pass,0.07662186068811008,Safe
177,6,M07281,Afternoon,34.9,14.6,96.2,68.5,71.4,84.3,Pass,0.07660878304737848,Safe
9427,25,M03671,Morning,32.5,14.3,86.3,70.2,73.6,85.7,Pass,0.07660705306391476,Safe
9402,20,M04523,Morning,30.2,15.0,78.4,66.6,89.1,78.3,Pass,0.07660543964299941,Safe
1291,19,M01501,Morning,38.4,17.6,80.1,68.3,96.9,84.7,Pass,0.07660420082623022,Safe
1760,13,M09201,Afternoon,33.4,17.5,86.8,88.2,74.2,95.6,Pass,0.0765875736979054,Safe
5933,16,M08912,Morning,41.1,14.5,87.9,85.9,92.7,85.2,Pass,0.07658694329164605,Safe
2494,6,M09880,Morning,37.2,15.9,98.9,81.0,84.1,84.4,Pass,0.07658171451392169,Safe
5315,4,M00557,Afternoon,33.3,16.2,100.0,84.7,79.9,80.8,Pass,0.07656485469242094,Safe
8378,24,M06303,Morning,32.4,18.3,99.5,76.2,84.7,79.9,Pass,0.07655760399671127,Safe
8344,3,M03186,Afternoon,25.0,15.4,80.5,71.8,77.9,68.2,Pass,0.0765409563537252,Safe
8432,13,M00003,Afternoon,28.3,15.6,80.3,64.1,78.7,76.6,Pass,0.07653842996304286,Safe
1440,22,M01705,Afternoon,30.3,17.1,79.0,61.7,85.5,89.8,Pass,0.07652923691264048,Safe
6202,24,M08302,Afternoon,28.9,16.6,73.5,64.6,92.5,85.2,Pass,0.07649157332362296,Safe
2538,7,M09204,Morning,25.0,18.2,82.1,69.1,86.4,80.3,Pass,0.07649010759628565,Safe
9336,25,M09191,Morning,26.7,15.0,88.1,79.4,78.4,84.2,Pass,0.07647930524731737,Safe
6525,19,M04379,Morning,35.9,15.3,83.7,70.3,90.8,82.1,Pass,0.076474231665536,Safe
7266,23,M07670,Morning,28.3,18.6,100.0,84.1,87.3,84.3,Pass,0.07644715831607904,Safe
8302,23,M08078,Morning,34.2,14.3,80.1,67.3,95.0,88.5,Pass,0.07643067192598572,Safe
8959,21,M03811,Afternoon,28.3,14.0,99.3,84.3,93.6,90.6,Pass,0.07641727109293654,Safe
9270,11,M05915,Morning,42.2,18.1,97.3,94.8,76.4,74.3,Pass,0.07641229269387179,Safe
7541,12,M05276,Morning,40.0,18.8,69.4,76.1,78.1,75.7,Pass,0.07641072202335977,Safe
580,20,M02924,Morning,28.9,15.9,99.8,71.1,85.7,92.4,Pass,0.07640084474667602,Safe
4613,9,M01720,Afternoon,28.3,18.0,80.9,92.5,89.6,85.7,Pass,0.07639885790798996,Safe
1018,16,M05733,Afternoon,25.0,12.6,81.8,71.5,83.7,92.7,Pass,0.07637906588668014,Safe
230,10,M08156,Afternoon,28.1,14.6,100.0,100.0,86.7,90.3,Pass,0.07637668936623405,Safe
965,11,M00923,Morning,33.4,15.8,100.0,69.0,84.0,91.9,Pass,0.07637211975880417,Safe
5072,24,M07494,Afternoon,35.4,15.3,85.0,69.9,68.6,84.3,Pass,0.07636886770511495,Safe
388,5,M07080,Morning,35.7,16.4,88.6,69.7,73.0,90.0,Pass,0.07636665662998234,Safe
2998,13,M08018,Morning,31.4,18.0,91.5,68.9,75.4,81.0,Pass,0.07634108693554979,Safe
8143,24,M07741,Afternoon,31.2,14.4,78.1,77.4,63.1,82.0,Pass,0.07633903142371677,Safe
5544,19,M04713,Night,35.8,14.5,95.8,97.6,90.3,86.0,Pass,0.07632861596532727,Safe
1227,5,M06123,Morning,31.4,17.0,86.0,80.1,64.1,84.0,Pass,0.0763233433062372,Safe
8313,17,M06854,Morning,41.3,16.1,92.7,69.6,70.5,74.8,Pass,0.07631454329994922,Safe
4350,6,M02033,Afternoon,35.5,14.8,82.0,73.6,81.1,76.7,Defect,0.07629869180289721,Safe
6550,9,M05177,Afternoon,30.0,16.2,99.3,71.0,71.2,89.8,Pass,0.07629648377095151,Safe
2526,5,M07549,Morning,41.0,13.5,82.6,70.8,89.8,82.2,Pass,0.07627145707278582,Safe
4715,6,M04067,Afternoon,36.6,12.5,90.7,82.9,91.1,81.7,Pass,0.07624120360005705,Safe
3658,6,M00113,Afternoon,33.4,15.7,76.5,64.7,85.0,73.6,Pass,0.076240036415367,Safe
4097,4,M03749,Morning,37.4,18.3,100.0,83.4,84.5,83.7,Pass,0.07619081156866174,Safe
3429,24,M08156,Night,38.9,17.5,78.3,72.4,70.7,72.7,Pass,0.07618616987876889,Safe
3030,15,M05348,Afternoon,44.2,15.5,96.2,87.9,80.4,85.7,Pass,0.07618360750474967,Safe
5794,10,M06638,Night,38.7,17.3,74.6,68.3,78.2,75.6,Pass,0.07616681597889971,Safe
1022,17,M09398,Morning,39.0,18.1,87.7,70.3,95.1,85.1,Pass,0.07612942405692005,Safe
5571,10,M02796,Night,30.9,15.8,86.8,66.6,76.5,76.7,Pass,0.07611713482716329,Safe
9942,15,M02576,Morning,41.3,18.0,76.7,76.3,76.8,64.9,Pass,0.07611298259706024,Safe
6507,7,M05556,Night,33.2,18.3,71.5,77.0,80.3,69.1,Pass,0.07607444582237219,Safe
6131,22,M06666,Morning,33.3,15.1,72.4,76.4,73.8,80.5,Pass,0.07606716570472036,Safe
9292,4,M00690,Afternoon,34.8,15.7,82.2,78.5,66.1,80.4,Pass,0.07606232680826949,Safe
7735,6,M00824,Morning,36.8,15.7,84.3,76.3,73.3,79.7,Pass,0.07605573620376264,Safe
9280,2,M08635,Morning,34.2,18.0,96.5,83.9,85.0,85.7,Pass,0.07604054279348929,Safe
5437,12,M03535,Morning,33.8,17.7,86.1,71.5,75.3,82.8,Pass,0.0760399653198563,Safe
1649,23,M04781,Night,40.6,13.3,74.4,82.3,71.3,89.3,Pass,0.0760258494209295,Safe
1533,1,M03057,Afternoon,34.8,15.9,83.6,68.4,78.1,78.2,Pass,0.07600875313211712,Safe
7793,21,M01395,Afternoon,37.9,15.2,92.5,96.3,86.4,68.2,Pass,0.07600234525369333,Safe
8889,9,M00038,Morning,34.4,14.7,97.7,80.4,82.3,87.5,Pass,0.07599859551358092,Safe
2753,3,M06749,Morning,30.4,16.1,89.8,69.6,87.6,90.7,Pass,0.07599557889601269,Safe
2453,25,M09033,Afternoon,44.5,16.5,86.8,90.3,87.8,70.7,Pass,0.07599488061562316,Safe
9114,25,M04240,Afternoon,37.2,18.8,86.3,82.9,90.5,92.2,Pass,0.0759919088492807,Safe
3568,20,M05311,Afternoon,37.9,14.0,88.9,67.8,87.0,73.3,Pass,0.07599125967757189,Safe
9398,14,M08734,Afternoon,39.0,14.8,100.0,93.5,100.0,77.9,Pass,0.07599028185365951,Safe
1274,9,M08681,Morning,37.7,17.6,88.0,85.3,89.2,85.3,Defect,0.07598212623265978,Safe
4164,3,M03263,Morning,34.7,17.3,86.8,84.2,86.3,84.1,Defect,0.07597756005938311,Safe
2029,2,M05783,Morning,30.9,16.6,68.8,70.3,74.5,89.1,Pass,0.07593399376471648,Safe
3695,20,M06482,Morning,33.9,16.9,100.0,78.9,84.9,85.8,Pass,0.07592068784959728,Safe
2262,6,M02462,Afternoon,37.6,16.9,89.4,83.0,77.9,94.6,Pass,0.07591616402599101,Safe
5421,1,M04087,Morning,35.6,17.0,100.0,90.3,94.0,76.1,Pass,0.07591444262108721,Safe
7765,6,M05495,Afternoon,39.5,13.7,76.5,74.4,69.3,81.0,Pass,0.07588127286271025,Safe
8113,12,M07991,Night,25.0,16.6,89.5,71.2,77.6,70.2,Pass,0.07587877936991345,Safe
8051,10,M06257,Morning,32.3,16.1,91.0,73.5,72.2,94.8,Pass,0.07587612537054449,Safe
1877,11,M00141,Afternoon,36.8,15.2,77.5,75.1,70.5,76.8,Pass,0.07587280324259296,Safe
3482,9,M01773,Afternoon,31.1,17.6,84.0,88.5,64.2,89.3,Pass,0.07584316479059733,Safe
2649,8,M03831,Afternoon,38.4,13.6,97.0,86.9,90.3,88.8,Pass,0.0758318413982453,Safe
2853,13,M04201,Morning,27.1,17.4,87.4,69.7,77.7,78.2,Pass,0.0758261102152462,Safe
9411,21,M04355,Morning,40.9,15.7,87.9,70.2,85.0,65.9,Pass,0.07578525266396637,Safe
7881,2,M06834,Morning,37.9,16.2,73.5,91.4,70.8,73.6,Pass,0.07578219069441858,Safe
4960,4,M08746,Afternoon,36.3,16.5,91.1,69.3,74.3,74.5,Pass,0.07577325848855256,Safe
4953,12,M08636,Afternoon,29.8,18.9,84.7,85.5,92.8,98.5,Pass,0.07575877669642232,Safe
7591,16,M03079,Morning,36.7,15.6,63.9,76.0,84.7,79.5,Pass,0.07575205148663845,Safe
9056,4,M03139,Night,32.5,14.3,83.9,86.7,86.5,63.2,Pass,0.07573926943460331,Safe
7829,1,M09766,Afternoon,26.4,17.7,91.0,95.5,78.5,83.9,Pass,0.07573018021254337,Safe
343,3,M05597,Morning,31.2,16.8,83.6,83.2,72.0,67.5,Pass,0.07572871763794203,Safe
1519,9,M03094,Morning,26.9,15.5,85.6,72.5,70.2,76.3,Pass,0.07571604819189767,Safe
9623,11,M07903,Morning,41.6,18.4,83.2,72.1,87.9,74.4,Pass,0.0757084386976946,Safe
3663,6,M02950,Morning,39.1,19.4,90.3,79.1,77.4,88.8,Pass,0.0757068837422765,Safe
9478,16,M01961,Night,36.0,17.6,95.5,69.1,93.3,89.4,Pass,0.07570585667172794,Safe
7054,4,M06714,Afternoon,29.1,17.3,91.8,71.1,95.6,85.6,Pass,0.07567775495985284,Safe
9633,7,M08327,Morning,38.2,16.2,95.8,91.3,80.3,71.0,Pass,0.07565944538104108,Safe
5523,24,M00516,Afternoon,29.0,17.9,71.0,78.6,72.6,78.0,Pass,0.07565804121475792,Safe
301,12,M07340,Morning,41.5,15.2,70.8,76.6,72.8,75.5,Pass,0.0756553157376405,Safe
9064,11,M01075,Morning,35.7,17.2,89.4,84.2,87.5,100.0,Pass,0.07564487059325888,Safe
642,4,M07103,Morning,38.0,18.2,89.9,68.2,87.3,81.8,Pass,0.07561678786016264,Safe
9488,2,M09471,Morning,34.6,15.4,81.5,66.5,75.2,91.2,Pass,0.07561388158417393,Safe
7090,5,M06720,Morning,38.8,13.5,90.5,86.7,79.0,87.9,Pass,0.07560499832893777,Safe
1360,11,M09131,Afternoon,28.8,16.5,91.6,96.4,80.1,74.5,Pass,0.07560361048093162,Safe
9016,1,M02290,Morning,39.8,16.2,86.2,83.9,89.3,84.6,Pass,0.0755928567710683,Safe
5223,2,M00442,Morning,31.3,16.0,96.7,73.4,90.0,86.8,Pass,0.07558428204465331,Safe
8014,3,M08991,Morning,35.2,15.3,100.0,73.6,73.1,82.4,Pass,0.07558030184704673,Safe
2869,18,M02467,Morning,37.6,16.6,80.4,87.0,83.0,69.1,Pass,0.07557715929806993,Safe
6955,9,M00176,Night,35.2,17.9,92.2,66.5,79.2,81.9,Pass,0.07557354801713125,Safe
5477,2,M01379,Morning,31.6,16.1,86.6,91.7,75.5,93.5,Pass,0.07557249600684943,Safe
3071,3,M04779,Afternoon,44.4,14.6,83.1,75.6,85.8,64.7,Pass,0.07556758214582641,Safe
3897,12,M06039,Morning,31.9,16.3,86.5,66.4,82.6,82.6,Pass,0.0755649220057301,Safe
623,1,M08663,Morning,34.0,17.9,95.0,85.2,83.4,89.5,Pass,0.07556199904093575,Safe
6535,5,M05671,Morning,35.4,17.5,69.1,88.3,77.6,67.9,Pass,0.07554926015846716,Safe
7297,10,M06567,Morning,38.3,15.4,86.1,70.0,92.5,90.5,Pass,0.07554854744002631,Safe
1661,12,M09275,Afternoon,38.6,16.6,95.4,88.3,88.0,76.1,Pass,0.07554634273502088,Safe
2657,21,M07359,Night,33.2,17.0,73.4,74.5,78.7,72.2,Pass,0.07554110867947653,Safe
7808,3,M02385,Night,41.8,13.6,87.8,70.1,80.9,72.1,Pass,0.07554089631691562,Safe
1692,6,M06896,Afternoon,32.5,19.0,89.1,94.1,88.2,88.0,Pass,0.07553930629679857,Safe
7628,3,M03111,Afternoon,35.3,18.9,75.2,74.8,70.4,87.5,Pass,0.07553665070141459,Safe
7897,11,M09634,Afternoon,27.8,16.3,73.6,76.7,72.1,91.6,Pass,0.07553117309194218,Safe
2367,4,M00162,Morning,34.5,17.0,90.2,70.2,77.5,90.1,Pass,0.07552012420454268,Safe
2068,9,M08985,Morning,36.9,15.5,99.1,84.7,78.0,79.3,Pass,0.07551708301152449,Safe
1536,5,M05391,Morning,39.7,16.9,91.3,63.6,85.2,86.5,Pass,0.07550862524609606,Safe
3739,4,M08752,Night,32.2,16.3,92.2,72.2,78.2,63.5,Pass,0.07547649375946804,Safe
8407,17,M01156,Morning,32.8,14.1,81.3,68.1,86.6,77.5,Pass,0.07547371958550828,Safe
6495,21,M08033,Night,34.2,15.3,75.5,76.3,71.9,73.4,Pass,0.07547369006847567,Safe
5397,15,M06220,Morning,31.7,17.3,100.0,99.4,74.2,83.4,Pass,0.07546106475589821,Safe
8798,22,M07987,Afternoon,41.2,16.8,93.0,88.5,67.1,79.5,Pass,0.07544063671934367,Safe
482,24,M00826,Afternoon,36.0,16.9,91.8,72.8,66.5,71.3,Pass,0.07542657569945278,Safe
2407,6,M02758,Morning,39.0,16.5,80.2,72.8,87.4,100.0,Pass,0.07541081726703912,Safe
726,21,M01332,Night,41.2,15.0,75.0,86.8,71.9,76.7,Pass,0.07540644711592395,Safe
4748,10,M03178,Morning,37.6,15.1,75.5,87.3,70.4,74.9,Pass,0.07540188821190506,Safe
2371,10,M06355,Afternoon,27.4,15.5,76.4,73.7,76.8,88.3,Pass,0.07539237510734532,Safe
9450,17,M01330,Morning,36.3,14.1,86.4,69.8,79.2,78.6,Pass,0.07538185812629405,Safe
7627,5,M00793,Night,30.9,14.8,70.1,74.0,77.9,70.6,Pass,0.07537855548999192,Safe
1932,12,M07001,Afternoon,37.6,15.7,74.0,74.7,76.4,71.5,Pass,0.07537510171957199,Safe
7122,1,M00948,Morning,42.9,17.6,85.8,68.7,73.2,87.5,Pass,0.07536648068126538,Safe
7318,18,M09753,Afternoon,30.0,16.6,95.0,85.7,82.6,84.4,Pass,0.07536495689204264,Safe
4329,2,M04775,Morning,36.6,13.8,81.5,73.1,70.0,72.7,Pass,0.07536454093107504,Safe
614,24,M01257,Morning,43.8,15.5,90.6,90.2,74.9,85.9,Pass,0.0753556830303697,Safe
2839,15,M05444,Night,34.0,15.7,100.0,85.8,86.9,83.7,Pass,0.07532963240185117,Safe
3630,15,M01477,Afternoon,32.5,19.4,74.0,82.8,97.3,91.1,Pass,0.07531207816242676,Safe
7799,5,M03651,Morning,38.9,17.0,79.3,70.1,76.9,65.2,Pass,0.07530511679817689,Safe
2541,7,M06745,Afternoon,37.7,17.1,91.6,69.5,83.7,78.8,Pass,0.0752907831477789,Safe
9436,3,M09269,Morning,28.8,16.6,100.0,76.9,88.7,89.0,Pass,0.0752900126955865,Safe
1269,8,M08902,Afternoon,38.7,14.9,84.8,77.7,70.1,90.9,Pass,0.07527758701045456,Safe
1684,24,M01395,Night,39.8,16.5,84.0,83.4,75.9,66.0,Pass,0.07526531068448446,Safe
315,24,M00191,Night,38.8,15.4,69.7,79.0,71.1,81.8,Pass,0.07526140432476645,Safe
7818,4,M04977,Night,27.4,14.3,82.0,83.5,68.8,69.6,Pass,0.07525065554301631,Safe
8063,9,M00401,Night,36.4,14.4,70.4,70.5,76.7,74.4,Pass,0.07525059229363971,Safe
8742,17,M00118,Afternoon,35.1,17.5,92.9,84.7,89.2,84.2,Pass,0.07524121643481055,Safe
3531,5,M05635,Morning,32.8,16.2,88.6,81.7,89.1,77.7,Defect,0.07523381737564393,Safe
3044,4,M01971,Afternoon,35.2,14.8,84.5,80.5,90.1,86.5,Pass,0.07523194324019128,Safe
8019,4,M04917,Afternoon,37.6,18.8,91.1,92.6,76.3,94.6,Pass,0.07521552955331051,Safe
1004,25,M07148,Afternoon,34.5,14.5,100.0,83.4,86.7,87.2,Pass,0.07521016354175296,Safe
9319,10,M03286,Afternoon,34.4,13.8,88.8,83.4,90.2,92.4,Pass,0.07520462733219255,Safe
7080,7,M01561,Afternoon,40.0,14.1,97.5,100.0,80.9,70.2,Pass,0.07520449670984868,Safe
3612,19,M04947,Morning,35.8,16.9,95.5,88.6,79.6,86.1,Pass,0.07520128543335543,Safe
6239,9,M04621,Night,25.0,17.3,84.5,66.6,75.9,75.8,Pass,0.07519968750837897,Safe
4263,16,M01095,Afternoon,37.7,15.4,97.0,84.3,92.6,79.4,Pass,0.07518067928969253,Safe
6080,17,M09728,Morning,28.5,18.4,91.5,86.0,85.3,82.0,Pass,0.07518002740888248,Safe
3617,14,M04174,Afternoon,39.3,17.1,94.4,69.8,75.1,82.3,Pass,0.07517973052904528,Safe
2191,2,M08907,Morning,28.2,13.9,89.8,82.7,85.4,72.6,Pass,0.07517327328301159,Safe
6450,17,M00453,Afternoon,34.3,15.2,80.1,71.8,74.8,70.8,Pass,0.0751536126419088,Safe
9629,4,M06508,Morning,35.3,15.9,82.0,92.9,65.6,97.6,Pass,0.07514798882975038,Safe
3674,16,M03561,Morning,33.3,16.2,87.0,66.5,94.7,78.7,Pass,0.0751477091536674,Safe
1438,12,M03240,Afternoon,43.1,15.0,90.0,92.4,83.3,84.2,Defect,0.07514427182206124,Safe
4284,7,M00650,Morning,36.4,15.9,86.3,75.1,77.2,78.1,Defect,0.07513069565009561,Safe
8703,1,M03240,Morning,39.7,18.3,85.8,83.9,92.8,93.4,Pass,0.07512997365233583,Safe
4745,4,M02672,Morning,32.9,14.5,97.7,82.9,86.2,77.5,Pass,0.0751219489730601,Safe
9306,12,M07830,Morning,29.1,15.1,94.4,89.2,89.0,84.8,Pass,0.07512149348900918,Safe
5273,18,M09642,Morning,34.3,13.7,76.8,73.6,75.5,68.8,Pass,0.07512147899953436,Safe
5869,21,M00002,Night,35.0,17.7,86.1,65.0,82.4,72.4,Pass,0.0751095896408859,Safe
3404,10,M00883,Morning,37.1,17.0,90.6,72.6,89.0,89.8,Pass,0.07510436574972712,Safe
6095,16,M08168,Morning,35.4,16.4,86.6,85.0,87.4,95.2,Pass,0.07509558255923596,Safe
1450,5,M00557,Afternoon,37.4,16.3,92.1,84.7,78.6,91.0,Pass,0.0750903597734966,Safe
909,7,M00236,Morning,32.3,14.9,82.9,77.7,73.3,79.3,Pass,0.0750902158598151,Safe
2956,3,M08037,Afternoon,25.7,15.1,89.4,69.5,76.7,79.1,Pass,0.07508902558107709,Safe
395,2,M04753,Morning,31.3,16.8,78.2,85.6,65.2,94.9,Pass,0.07507855559908375,Safe
5304,12,M02671,Night,34.4,17.1,78.8,75.2,72.0,69.8,Pass,0.07506239422070736,Safe
4768,13,M00225,Morning,34.6,13.7,90.6,82.9,90.5,95.1,Defect,0.07506105827483024,Safe
2413,12,M01450,Afternoon,25.0,17.8,75.8,74.9,87.8,96.9,Pass,0.07505758448326325,Safe
3063,24,M07662,Afternoon,33.9,14.7,90.6,68.1,91.3,70.2,Pass,0.07504117918932264,Safe
2946,3,M06269,Morning,29.6,16.0,88.1,87.1,88.1,86.0,Pass,0.07503369735723191,Safe
4433,23,M06993,Afternoon,39.2,18.9,77.9,69.4,74.2,84.6,Pass,0.0750244473669728,Safe
7952,11,M04691,Morning,30.8,16.8,99.7,68.0,75.0,80.8,Pass,0.07501563050597065,Safe
3975,7,M04435,Morning,38.5,13.4,88.2,84.0,84.7,85.4,Pass,0.07500899220898621,Safe
1887,12,M00106,Morning,39.1,14.7,96.6,80.7,79.4,84.0,Pass,0.07500770176998724,Safe
4169,5,M05233,Morning,33.9,15.2,96.8,74.7,88.6,84.4,Pass,0.0750059142288518,Safe
9787,20,M03933,Morning,32.3,15.1,95.1,84.6,75.8,92.0,Pass,0.0749799871006052,Safe
6234,9,M00139,Morning,34.2,13.3,72.3,66.8,75.8,83.5,Pass,0.07497272437380985,Safe
7397,8,M05650,Morning,25.0,16.3,68.3,66.9,80.0,87.6,Pass,0.07497015349586546,Safe
5558,21,M09974,Afternoon,37.1,17.2,99.8,83.8,88.0,84.0,Pass,0.07497014370327333,Safe
8942,25,M03645,Morning,29.2,18.5,78.0,67.6,79.5,83.8,Pass,0.07496489608734702,Safe
4276,25,M01943,Afternoon,30.3,18.3,92.0,90.9,87.3,86.2,Pass,0.07495256873948612,Safe
6199,13,M09514,Morning,37.0,14.5,100.0,91.9,77.8,80.0,Pass,0.07495144661483115,Safe
5639,17,M05179,Morning,32.1,17.3,93.8,96.4,73.6,90.2,Pass,0.07494731167504741,Safe
4703,12,M03559,Afternoon,32.9,16.6,97.6,81.1,93.6,82.4,Pass,0.07493206130533153,Safe
6455,13,M02739,Night,38.5,16.4,91.6,69.1,85.2,78.6,Pass,0.074924123228973,Safe
5282,11,M08412,Afternoon,34.1,18.8,77.1,68.2,90.8,87.7,Pass,0.07491816621147854,Safe
6288,13,M06155,Afternoon,32.6,17.1,96.8,100.0,89.7,100.0,Pass,0.07491381302810397,Safe
4987,23,M02173,Afternoon,35.2,17.3,87.9,82.6,63.7,78.9,Pass,0.07490032801804566,Safe
9120,14,M09633,Night,33.8,16.4,99.7,86.8,83.5,73.0,Pass,0.07489606888491986,Safe
3765,16,M01780,Afternoon,31.4,12.6,91.5,73.6,91.4,81.6,Pass,0.07489109360193175,Safe
156,2,M06777,Morning,30.9,18.8,92.1,86.6,91.2,93.4,Pass,0.07488490705403461,Safe
6030,24,M06966,Morning,35.0,16.2,98.3,83.6,82.5,83.6,Pass,0.07488309594628921,Safe
8548,4,M05222,Morning,39.3,17.1,85.5,73.2,91.1,85.5,Pass,0.0748802696668714,Safe
6181,2,M07558,Afternoon,35.5,18.9,97.3,83.3,89.3,91.2,Pass,0.07487692990769172,Safe
927,21,M09507,Morning,30.8,15.0,82.7,66.8,69.4,83.6,Pass,0.07487556973445673,Safe
4069,7,M03802,Afternoon,31.6,17.0,78.9,67.5,74.9,82.7,Pass,0.07487532859154018,Safe
5951,23,M02122,Morning,38.9,17.9,93.5,73.5,86.0,92.3,Pass,0.07486831551048015,Safe
6703,20,M00173,Morning,35.5,17.6,97.7,100.0,71.0,85.2,Pass,0.07486518521193013,Safe
173,20,M06586,Afternoon,35.0,17.2,85.3,83.3,89.3,88.7,Pass,0.07486087552350036,Safe
1752,19,M09509,Morning,29.1,17.5,91.4,63.7,78.5,75.0,Pass,0.07484704344398789,Safe
777,8,M06377,Morning,31.1,17.3,85.3,78.6,87.1,84.3,Pass,0.07484698239230395,Safe
8533,12,M08854,Afternoon,36.4,17.7,87.8,81.6,82.9,85.3,Pass,0.0747946558525869,Safe
2102,8,M04738,Afternoon,36.7,19.0,89.8,84.3,100.0,85.9,Pass,0.07479451998323584,Safe
7239,16,M08525,Afternoon,36.5,14.1,88.8,68.3,70.6,82.0,Pass,0.07478690509242268,Safe
6086,9,M05254,Afternoon,26.5,16.1,100.0,78.4,87.7,83.5,Pass,0.07478441031099271,Safe
4484,20,M09063,Afternoon,36.9,16.6,98.9,93.1,74.9,91.4,Pass,0.07478295012526893,Safe
2525,21,M00782,Night,37.5,15.1,68.4,73.9,73.9,77.9,Pass,0.07476834265119996,Safe
9927,9,M08001,Afternoon,35.7,16.5,89.3,77.9,91.0,80.6,Pass,0.07476414362824371,Safe
2338,9,M07903,Morning,39.9,17.4,87.6,85.8,78.1,85.8,Pass,0.07474648062609066,Safe
7,16,M00467,Morning,38.5,17.6,100.0,83.5,84.0,81.6,Pass,0.07473687935346708,Safe
3208,15,M06362,Afternoon,33.5,15.4,91.2,86.7,95.1,84.7,Defect,0.07472424437701047,Safe
6457,25,M09409,Afternoon,34.1,17.4,97.2,81.7,90.5,84.7,Pass,0.07471488692642837,Safe
2824,10,M06049,Morning,40.7,17.4,70.6,78.2,67.9,83.1,Pass,0.07471219209611213,Safe
7281,25,M00076,Afternoon,33.1,16.6,87.4,86.2,91.2,79.0,Pass,0.07470378601106861,Safe
6324,14,M01389,Morning,44.5,15.7,70.3,82.0,74.0,90.4,Pass,0.07470310078855853,Safe
1301,3,M00615,Morning,35.1,15.0,74.2,69.2,70.7,88.6,Pass,0.074694874458874,Safe
4612,7,M06101,Morning,39.6,16.3,100.0,75.9,80.4,89.9,Pass,0.07466750558456826,Safe
1933,19,M00146,Afternoon,30.6,18.9,87.1,87.0,75.7,83.3,Pass,0.07466227964360347,Safe
1660,11,M02921,Afternoon,38.8,15.5,72.2,70.2,82.8,85.7,Pass,0.07466001670261296,Safe
8119,2,M09987,Morning,31.0,18.3,87.9,88.7,86.8,84.1,Pass,0.0746550849753286,Safe
3745,10,M06125,Morning,41.0,16.3,91.8,85.4,65.1,82.5,Pass,0.07465105372206524,Safe
4685,14,M05185,Night,37.9,15.7,73.1,85.9,68.4,85.9,Pass,0.07464354656103364,Safe
8334,10,M09760,Afternoon,32.7,16.8,88.3,71.5,73.2,81.2,Pass,0.07464093430883864,Safe
6790,10,M07207,Afternoon,32.9,15.0,90.7,68.1,83.7,83.1,Pass,0.07463587939481106,Safe
5589,8,M02264,Night,29.1,17.8,72.3,67.3,88.4,74.8,Pass,0.07463468207150771,Safe
9394,8,M02211,Afternoon,36.2,17.7,88.8,69.1,80.5,72.0,Pass,0.07463268545565176,Safe
6597,22,M09220,Morning,26.3,16.0,89.2,90.4,81.6,83.8,Pass,0.0746279763001259,Safe
6803,19,M04434,Morning,39.1,16.2,85.6,73.7,76.2,77.4,Pass,0.07460481724668064,Safe
2658,9,M04629,Night,30.9,15.6,98.6,73.0,81.3,83.0,Pass,0.0746043304002932,Safe
1740,9,M09848,Afternoon,29.8,15.2,95.5,84.3,86.3,89.5,Pass,0.07458399179622202,Safe
1801,22,M00987,Night,34.1,14.7,67.7,93.3,89.4,93.0,Pass,0.07457431351084312,Safe
6425,25,M07212,Afternoon,33.4,17.2,87.3,67.5,74.4,76.7,Pass,0.07457413853499342,Safe
1493,9,M07438,Morning,34.0,15.6,100.0,85.4,86.7,70.6,Pass,0.07457267342098192,Safe
2175,13,M00017,Morning,38.3,14.0,93.8,67.7,85.9,83.9,Pass,0.0745700712304627,Safe
566,4,M09581,Afternoon,33.0,18.1,97.5,89.1,85.3,73.1,Pass,0.07456755433022674,Safe
7904,13,M03180,Night,33.1,17.8,84.7,65.7,76.8,99.2,Pass,0.07454853919571552,Safe
8955,23,M01846,Morning,36.8,16.0,91.0,100.0,73.2,83.3,Pass,0.07454229725506917,Safe
6871,13,M07533,Afternoon,42.6,15.5,85.7,86.6,83.3,86.8,Pass,0.07451126755830406,Safe
157,17,M05865,Afternoon,34.4,18.4,83.7,73.4,79.1,80.0,Pass,0.07450707711755208,Safe
9497,7,M01293,Afternoon,29.0,17.0,91.2,84.9,89.6,96.0,Pass,0.07448874724904497,Safe
7370,7,M03402,Night,39.1,18.1,69.9,71.4,73.9,80.2,Pass,0.07448765360902695,Safe
2376,19,M05094,Morning,41.3,15.8,100.0,80.1,85.7,91.8,Pass,0.07448048567053336,Safe
4687,9,M04896,Morning,35.0,16.6,74.2,78.8,67.4,79.6,Pass,0.07446091919250594,Safe
9250,10,M04262,Morning,40.3,17.9,75.2,82.1,71.2,82.8,Pass,0.07445166591099406,Safe
491,11,M08868,Afternoon,29.6,15.0,73.2,80.7,73.5,70.3,Pass,0.07445009197636829,Safe
3282,7,M08579,Morning,38.6,17.8,85.5,72.8,91.6,85.9,Pass,0.0744483818727503,Safe
3384,6,M00493,Morning,36.5,15.4,100.0,84.7,73.7,76.2,Pass,0.07444742076765493,Safe
7839,17,M06223,Morning,38.0,16.6,100.0,82.7,76.0,87.3,Pass,0.0744402139295405,Safe
4547,20,M09794,Morning,27.2,17.1,86.9,94.5,90.2,88.6,Pass,0.07442786990025707,Safe
2359,17,M05037,Afternoon,31.1,18.0,84.9,90.7,86.7,85.6,Pass,0.07442642668283464,Safe
5612,4,M09165,Afternoon,35.9,17.7,85.4,85.6,89.5,78.4,Pass,0.07442535562823632,Safe
1593,8,M08784,Morning,28.2,17.8,97.7,95.0,87.9,78.7,Pass,0.07442192723146719,Safe
6197,8,M06496,Morning,27.9,16.6,86.4,80.3,79.5,80.8,Pass,0.07441328196892232,Safe
3420,21,M05159,Morning,38.0,16.5,72.4,84.3,70.7,81.1,Pass,0.07439881222697653,Safe
5468,19,M07165,Night,35.4,19.5,83.4,88.6,81.1,82.4,Pass,0.0743912433961963,Safe
1763,25,M04586,Morning,40.5,14.7,83.8,84.3,93.3,93.0,Pass,0.07438376967905815,Safe
9717,18,M00673,Morning,25.0,16.8,89.5,85.5,83.8,76.1,Pass,0.07438029183056703,Safe
7426,13,M04056,Morning,29.0,17.4,85.5,88.0,90.2,92.9,Pass,0.07437041903423286,Safe
3526,3,M01381,Morning,44.5,17.5,100.0,94.9,80.7,79.9,Pass,0.07436888499875673,Safe
8976,8,M02733,Afternoon,36.8,16.5,84.9,82.6,92.2,87.3,Pass,0.07435975067207157,Safe
4105,2,M02876,Morning,38.1,14.8,100.0,78.0,93.9,95.5,Pass,0.07435640262813224,Safe
1619,1,M02057,Afternoon,33.0,14.5,81.4,68.5,68.5,81.2,Pass,0.07435441644997462,Safe
671,5,M04785,Morning,37.9,14.7,89.3,70.5,79.9,76.8,Pass,0.07435367087087416,Safe
6762,11,M03447,Morning,33.3,12.5,91.3,73.3,80.5,82.9,Pass,0.07431645323202994,Safe
5063,15,M06755,Afternoon,32.3,17.8,83.6,68.5,68.0,89.5,Pass,0.07430721807825656,Safe
6222,13,M03875,Afternoon,34.0,15.7,84.1,93.9,80.7,93.3,Pass,0.0743050662614317,Safe
4822,2,M04687,Morning,37.6,16.2,84.8,81.6,71.1,66.4,Pass,0.07430456192635314,Safe
6098,9,M07728,Night,28.2,17.3,89.1,65.1,86.5,63.7,Pass,0.07429899754573295,Safe
7667,17,M06401,Afternoon,35.4,16.2,100.0,85.5,88.7,100.0,Pass,0.0742967183279282,Safe
4726,21,M08645,Morning,38.8,16.2,82.0,70.6,75.9,93.0,Pass,0.07429009654567198,Safe
9565,25,M08210,Morning,35.3,14.7,97.2,91.2,87.4,96.4,Pass,0.07427612071005331,Safe
5708,8,M07266,Morning,41.8,15.5,82.2,69.6,70.5,77.5,Pass,0.074273229365375,Safe
6833,5,M02303,Afternoon,36.0,16.0,95.8,89.0,83.1,70.8,Pass,0.07426470384296922,Safe
8270,2,M02212,Afternoon,35.8,15.8,82.1,72.3,85.7,85.1,Defect,0.07425801831875113,Safe
782,13,M07241,Afternoon,35.0,18.4,100.0,84.5,87.3,81.3,Pass,0.07424531696526192,Safe
4249,8,M07432,Afternoon,40.9,16.3,87.7,81.6,94.0,80.5,Pass,0.07424514307042329,Safe
2674,8,M02455,Morning,42.4,14.4,99.9,89.4,82.3,75.7,Pass,0.07423635713305198,Safe
9549,10,M05945,Afternoon,36.9,13.4,92.3,86.8,82.3,80.4,Pass,0.07422391119266025,Safe
4796,17,M02942,Morning,41.4,16.0,86.8,83.3,69.4,93.7,Pass,0.07421935640963274,Safe
6071,23,M03277,Night,26.3,14.1,87.6,83.0,89.0,77.0,Pass,0.07421873685479854,Safe
154,12,M07393,Afternoon,33.8,16.9,85.7,75.0,89.2,88.4,Pass,0.07421420332099529,Safe
6208,22,M00738,Morning,36.8,16.3,95.3,91.2,88.0,78.1,Pass,0.07420334067059171,Safe
4468,25,M09784,Morning,34.1,14.6,100.0,97.1,100.0,96.8,Pass,0.07419972901627862,Safe
2149,13,M06357,Afternoon,38.8,17.2,91.0,71.8,88.7,91.9,Pass,0.07419818444591686,Safe
966,17,M00420,Morning,28.6,15.3,90.4,100.0,76.2,79.7,Pass,0.07419797800308518,Safe
2363,12,M04432,Morning,36.6,14.6,85.7,67.6,90.5,87.3,Pass,0.07418183913626183,Safe
447,24,M04612,Night,27.1,12.6,92.9,72.6,75.8,85.0,Pass,0.07417651630529667,Safe
3107,3,M07428,Afternoon,33.8,17.2,85.7,64.8,89.0,80.1,Pass,0.07416104203659143,Safe
7234,16,M03676,Afternoon,33.8,15.0,73.1,81.9,75.0,66.4,Pass,0.07415364967811877,Safe
8858,18,M09373,Morning,31.6,15.1,99.8,86.0,79.7,76.5,Pass,0.07415214398912781,Safe
3678,8,M08059,Morning,37.9,17.0,95.6,89.3,81.7,79.1,Pass,0.07412583369435527,Safe
6945,1,M02442,Afternoon,40.1,17.3,67.1,74.4,83.6,84.5,Pass,0.07411397832810168,Safe
4457,10,M09537,Afternoon,33.9,17.0,90.0,91.3,89.5,86.3,Pass,0.07410267468207585,Safe
6537,6,M06568,Afternoon,28.8,17.7,84.8,73.5,91.7,83.2,Pass,0.07409575746240306,Safe
1892,5,M04446,Afternoon,39.4,13.3,81.7,80.7,72.0,84.8,Pass,0.07408803843294376,Safe
6380,5,M00251,Night,36.8,14.4,83.7,84.6,91.3,81.9,Pass,0.07408771953278673,Safe
2052,12,M05549,Afternoon,37.2,13.2,99.7,74.7,83.3,77.2,Pass,0.07405807621114512,Safe
6426,16,M07866,Morning,26.4,17.1,90.9,77.1,81.6,64.3,Pass,0.07405396075935237,Safe
2920,17,M05547,Morning,36.4,17.9,72.1,75.8,73.6,74.1,Pass,0.07405245110737031,Safe
904,24,M01995,Afternoon,35.9,17.8,86.8,74.3,77.6,75.4,Pass,0.07404720896528846,Safe
2472,20,M03960,Night,38.0,17.2,80.3,69.4,78.2,74.0,Pass,0.0740434199179583,Safe
6254,3,M09555,Morning,36.7,16.5,84.3,81.0,86.5,92.0,Pass,0.07403980181432224,Safe
3009,5,M06208,Afternoon,38.0,14.9,85.3,69.0,81.9,75.2,Pass,0.07402926535440964,Safe
7184,8,M05545,Night,36.9,17.0,71.9,66.7,79.7,81.0,Pass,0.0740255264565113,Safe
5864,5,M09197,Afternoon,36.7,15.1,98.0,89.8,83.5,77.3,Pass,0.07401315751138542,Safe
4104,1,M09733,Morning,26.0,16.2,94.5,76.5,94.8,84.7,Pass,0.0740052135260624,Safe
901,14,M01343,Morning,33.5,15.8,79.8,86.0,72.6,65.4,Pass,0.07400403077968776,Safe
4407,8,M05851,Night,28.6,15.6,86.9,85.3,85.0,94.0,Pass,0.0740034722350596,Safe
5766,22,M05584,Afternoon,37.3,14.6,91.0,84.5,82.8,80.3,Pass,0.07400207528381056,Safe
5149,13,M07383,Afternoon,28.3,15.4,95.4,78.3,84.6,93.6,Pass,0.07400149744841507,Safe
8069,6,M04544,Afternoon,32.7,18.6,93.3,83.3,82.6,85.7,Pass,0.07399864300551726,Safe
4517,22,M03359,Afternoon,41.1,18.6,75.8,100.0,83.6,65.0,Pass,0.07399792741026741,Safe
2336,13,M03984,Morning,34.4,16.2,72.7,67.2,78.8,81.6,Pass,0.07398423376005926,Safe
7404,23,M08805,Afternoon,30.8,16.7,85.9,82.6,89.7,81.5,Pass,0.07398169506239535,Safe
6369,24,M04525,Afternoon,28.3,14.9,96.1,83.4,94.3,85.2,Pass,0.07397531883039724,Safe
8441,10,M07845,Morning,38.3,13.6,95.2,83.9,92.3,83.0,Pass,0.07396799895862645,Safe
4420,4,M03344,Morning,40.2,14.7,83.6,76.0,73.9,67.6,Pass,0.07396267408986905,Safe
5201,15,M05276,Morning,28.1,18.8,76.9,76.3,75.0,82.9,Pass,0.07396085215076827,Safe
8124,15,M07983,Afternoon,28.2,13.9,85.3,77.5,87.3,74.1,Pass,0.0739586154546112,Safe
2113,1,M08592,Morning,34.0,13.8,67.3,67.9,82.0,88.0,Pass,0.07395828032001427,Safe
9522,16,M00578,Afternoon,42.4,17.2,100.0,90.9,89.9,91.5,Pass,0.07393434206665225,Safe
3200,21,M04524,Morning,36.9,15.5,91.1,87.0,89.5,83.0,Pass,0.07393337493714341,Safe
4498,10,M01252,Morning,38.4,14.6,93.6,68.5,81.2,74.1,Pass,0.07392930904571769,Safe
6154,20,M06985,Morning,30.4,15.1,82.0,67.5,80.9,79.5,Pass,0.07392774751881155,Safe
7625,10,M02221,Afternoon,38.5,15.1,83.0,82.2,66.6,74.2,Pass,0.0739250279476427,Safe
8619,24,M03678,Morning,37.0,17.2,89.4,84.1,90.0,78.4,Pass,0.07391289035929309,Safe
2810,10,M03113,Afternoon,37.2,14.8,88.7,73.6,94.9,87.1,Pass,0.07391089266936841,Safe
7469,22,M03871,Afternoon,37.5,14.0,87.4,74.2,85.7,90.1,Pass,0.07389806108151543,Safe
9095,24,M07339,Afternoon,42.2,17.4,88.4,96.6,93.3,70.8,Pass,0.07389775448376246,Safe
9860,6,M00761,Morning,35.6,16.2,100.0,80.7,87.5,85.7,Pass,0.07389168804060753,Safe
3372,20,M03645,Afternoon,35.8,13.7,94.7,81.3,83.6,90.6,Pass,0.07388763598840414,Safe
4659,4,M06170,Morning,29.6,17.7,77.7,65.6,76.1,95.5,Pass,0.07388439865692886,Safe
8920,13,M04530,Afternoon,33.5,15.2,73.5,93.6,70.4,79.1,Pass,0.07387742350592721,Safe
6388,25,M09111,Afternoon,38.4,15.8,86.7,70.0,84.6,83.0,Pass,0.07387728711221939,Safe
8116,13,M02434,Morning,33.8,15.9,100.0,76.2,94.1,84.2,Pass,0.07387642949805817,Safe
280,14,M09147,Night,30.5,14.8,92.2,75.7,89.4,61.6,Pass,0.07386715522828516,Safe
8614,24,M08809,Morning,29.9,16.6,68.9,74.1,75.7,78.9,Pass,0.0738671153174087,Safe
5556,12,M08265,Afternoon,31.6,16.1,89.3,69.1,69.5,84.4,Pass,0.07386397156949437,Safe
3572,5,M07362,Afternoon,31.1,13.2,97.1,72.4,81.1,63.8,Pass,0.07386124327075178,Safe
938,17,M06944,Night,30.1,17.3,74.5,72.9,76.9,67.6,Pass,0.07385115321515161,Safe
6648,7,M08880,Night,34.4,15.3,91.1,73.9,73.2,81.6,Pass,0.0738469200030472,Safe
9445,17,M06082,Afternoon,29.4,15.5,85.1,73.0,77.0,72.3,Pass,0.07384543467606396,Safe
3088,17,M04209,Morning,35.4,16.9,81.6,69.0,79.5,80.7,Pass,0.0738375050248751,Safe
8294,5,M08112,Morning,32.9,17.2,95.0,81.7,84.6,85.1,Pass,0.07383546719812972,Safe
7821,1,M03549,Morning,41.3,16.6,87.9,75.9,71.7,72.6,Pass,0.07382493620499128,Safe
8834,20,M07940,Afternoon,35.3,15.0,91.1,86.8,90.7,73.4,Pass,0.07382438455647541,Safe
7859,18,M09302,Morning,34.7,17.7,86.8,98.9,71.7,89.0,Pass,0.0738156461408836,Safe
6929,8,M02893,Afternoon,33.9,16.0,70.5,76.7,68.2,87.4,Pass,0.0738067166219132,Safe
4062,8,M07405,Morning,35.7,16.4,86.7,72.0,87.6,93.8,Pass,0.07380238805858338,Safe
4163,5,M07877,Afternoon,33.4,13.7,100.0,94.2,76.0,75.5,Pass,0.07380066572374762,Safe
5231,7,M08211,Afternoon,32.2,14.8,84.4,86.2,88.8,83.1,Pass,0.07379872745750773,Safe
2815,10,M05003,Afternoon,31.0,14.9,82.6,83.9,88.6,84.9,Defect,0.073792016272642,Safe
8872,8,M09942,Morning,34.2,15.5,80.6,64.7,85.4,90.5,Pass,0.07378747123178102,Safe
8388,13,M09805,Morning,37.1,13.3,91.0,98.8,84.2,81.6,Pass,0.07378639415369764,Safe
8783,7,M02378,Morning,31.3,14.4,94.7,73.4,86.6,91.0,Pass,0.07377087404128398,Safe
7788,10,M04459,Night,36.8,17.1,100.0,79.0,79.9,96.0,Pass,0.07375449296483003,Safe
9214,4,M09288,Afternoon,30.0,15.7,91.1,86.0,86.9,80.5,Pass,0.07373682006153454,Safe
7341,15,M02435,Night,33.9,16.0,93.9,69.4,85.1,89.8,Pass,0.0737248252303051,Safe
3076,24,M00277,Night,43.5,18.6,87.3,71.2,85.7,72.0,Pass,0.0737178133187638,Safe
4370,6,M01667,Morning,41.1,16.8,87.7,69.9,93.6,78.5,Pass,0.07371465913937152,Safe
3500,19,M06697,Afternoon,38.2,15.1,92.3,90.7,85.7,84.9,Pass,0.07370396633363649,Safe
4437,17,M03436,Morning,30.5,18.3,89.8,76.4,88.1,92.3,Pass,0.07370321852826488,Safe
20,9,M03386,Morning,28.2,17.2,88.7,94.5,83.6,83.0,Pass,0.07369831856565681,Safe
6342,19,M05893,Afternoon,31.4,18.6,86.9,89.8,78.2,84.5,Pass,0.0736814952248206,Safe
9276,11,M01147,Morning,41.9,17.7,90.7,65.7,88.7,76.7,Pass,0.07367672289795804,Safe
5157,6,M09270,Morning,36.3,15.3,93.1,79.5,87.0,91.2,Pass,0.0736752277655688,Safe
8492,12,M03375,Morning,42.6,15.9,96.1,74.2,93.0,77.7,Pass,0.07367085317350468,Safe
6493,16,M05725,Afternoon,28.7,18.7,94.1,83.7,92.3,68.4,Pass,0.07366445425195892,Safe
2001,20,M02494,Morning,33.7,15.3,72.0,90.6,88.1,66.7,Pass,0.07365582363731275,Safe
2504,8,M03649,Night,37.8,14.8,69.9,69.1,76.7,74.6,Pass,0.0736499888539534,Safe
8377,22,M03417,Morning,34.3,16.2,83.8,73.9,75.0,78.6,Pass,0.07363048317191292,Safe
7856,23,M03728,Afternoon,34.4,19.1,100.0,97.4,81.3,94.0,Pass,0.07362884305887227,Safe
5862,11,M07330,Afternoon,42.3,18.8,89.2,75.9,85.2,100.0,Pass,0.07361685146571052,Safe
4500,16,M01518,Afternoon,38.0,18.2,87.6,87.4,84.7,100.0,Pass,0.07361660006149481,Safe
3841,2,M07353,Afternoon,33.9,15.3,100.0,87.2,82.4,79.8,Pass,0.0736119865594513,Safe
9659,3,M04976,Afternoon,35.1,16.5,91.4,69.0,92.5,84.2,Pass,0.07360992426477954,Safe
1218,23,M06213,Afternoon,36.3,18.6,96.3,82.5,93.3,93.8,Pass,0.07360227728370543,Safe
471,23,M03374,Morning,35.1,13.8,90.8,86.1,84.8,77.5,Pass,0.07360197020274203,Safe
7052,18,M09645,Afternoon,32.0,12.5,87.4,71.7,76.2,73.6,Pass,0.07360175915277328,Safe
943,20,M04671,Afternoon,40.2,16.6,90.8,73.2,83.5,89.9,Pass,0.07358845454855108,Safe
7743,17,M02893,Afternoon,39.9,14.9,93.5,82.0,82.0,93.0,Pass,0.0735810353284268,Safe
2479,8,M01754,Morning,37.2,15.9,80.4,81.8,75.2,68.1,Pass,0.07356557180368783,Safe
7429,22,M01673,Afternoon,31.2,13.4,80.1,73.4,78.4,78.8,Pass,0.07356309434030242,Safe
1125,1,M06613,Afternoon,34.4,18.1,92.4,69.5,80.5,69.8,Pass,0.07355309669874192,Safe
7227,24,M05580,Night,36.4,16.0,77.8,82.4,76.1,65.1,Pass,0.07355086740527712,Safe
794,1,M00639,Afternoon,38.3,15.9,70.2,71.2,76.8,78.5,Pass,0.07354183223612731,Safe
6349,11,M09206,Afternoon,34.4,15.0,82.1,92.8,67.7,89.6,Pass,0.07353914176502761,Safe
2372,15,M00664,Night,26.7,16.6,83.8,90.5,78.1,85.0,Pass,0.07351957185580044,Safe
1542,2,M06574,Morning,32.0,17.0,94.7,85.0,90.7,95.8,Pass,0.07349571071551075,Safe
1939,14,M03180,Afternoon,35.5,18.3,98.5,72.3,90.9,91.1,Pass,0.07349382192372743,Safe
5163,12,M00273,Morning,34.7,17.3,90.8,86.2,82.8,92.4,Pass,0.0734765719622988,Safe
515,4,M00699,Morning,34.9,15.2,86.8,80.1,78.7,89.6,Pass,0.07347269149832934,Safe
9852,25,M00026,Night,41.6,16.8,95.7,82.1,93.8,71.8,Pass,0.07345957397772811,Safe
4490,12,M07539,Afternoon,31.3,14.7,97.9,85.7,85.4,92.5,Pass,0.07345904591688618,Safe
4340,4,M01235,Morning,35.3,18.8,79.9,74.6,83.0,79.5,Pass,0.073449371901813,Safe
8569,24,M02690,Afternoon,36.9,17.0,88.9,70.0,72.2,76.9,Pass,0.07344112548332438,Safe
3606,25,M03172,Morning,41.7,15.9,80.8,86.1,85.2,100.0,Defect,0.07343572050944674,Safe
3184,4,M03168,Morning,41.4,17.5,89.5,70.5,82.6,87.4,Pass,0.07342832740395894,Safe
367,3,M00575,Night,29.4,16.8,81.4,68.6,80.9,64.1,Pass,0.07342387675345272,Safe
957,21,M08136,Afternoon,25.0,15.4,93.8,95.1,87.9,88.2,Pass,0.07341961580844017,Safe
6462,7,M07893,Afternoon,38.1,15.8,99.0,94.5,80.1,73.9,Pass,0.07341856726922066,Safe
4143,6,M01259,Morning,39.8,14.8,96.0,82.0,78.7,87.3,Pass,0.07340524274987179,Safe
7040,16,M04728,Afternoon,34.3,14.4,90.2,86.0,90.7,76.9,Pass,0.07338602117114892,Safe
9304,5,M03232,Afternoon,32.9,16.2,89.8,72.7,88.8,86.8,Pass,0.0733854242890142,Safe
4778,13,M02416,Morning,33.1,15.8,71.6,91.6,66.2,80.0,Pass,0.07338059107230753,Safe
6127,4,M00364,Afternoon,39.4,14.6,88.3,93.0,72.5,90.7,Pass,0.0733769734348489,Safe
4082,9,M04252,Morning,42.4,18.3,89.2,97.0,85.6,73.4,Pass,0.07337661836152262,Safe
6574,21,M01851,Night,35.5,16.7,88.8,88.6,81.5,80.8,Pass,0.07336795296175821,Safe
4903,18,M05954,Morning,36.3,14.4,91.0,85.3,91.7,98.4,Pass,0.07336024589743054,Safe
1732,12,M06100,Afternoon,32.6,13.1,83.6,82.9,86.4,82.8,Pass,0.0733409785418523,Safe
9721,17,M08656,Night,39.8,15.9,80.1,68.6,85.7,67.5,Pass,0.07333545781706573,Safe
9608,2,M03968,Afternoon,39.0,15.5,87.3,76.8,83.0,90.4,Pass,0.07332832619491694,Safe
6020,19,M03784,Morning,32.1,16.0,78.3,69.7,72.2,83.1,Pass,0.0733262365295685,Safe
9977,24,M05693,Afternoon,32.0,16.5,86.9,81.9,88.2,82.4,Pass,0.07332323452281621,Safe
1820,16,M00489,Morning,35.2,17.4,95.0,81.7,92.2,90.9,Pass,0.07331847544081413,Safe
3299,3,M02223,Morning,35.0,17.2,72.4,67.5,88.7,88.7,Pass,0.07331619329025547,Safe
6074,9,M06274,Afternoon,39.5,17.8,92.0,81.0,79.5,92.6,Pass,0.0733083692549755,Safe
6515,11,M02249,Afternoon,33.9,14.8,88.0,77.6,89.4,92.0,Pass,0.0733070495303758,Safe
5138,19,M04816,Morning,35.7,18.1,97.1,83.4,90.5,73.1,Pass,0.07330318894724837,Safe
9919,2,M01286,Morning,28.7,17.2,88.4,77.2,87.1,94.8,Pass,0.07329773406336239,Safe
6336,9,M08960,Afternoon,29.2,13.6,71.8,66.8,77.4,85.1,Pass,0.07329398689803521,Safe
866,24,M08196,Afternoon,34.3,18.0,91.2,92.5,75.6,82.2,Pass,0.0732761768398193,Safe
4791,2,M01621,Morning,34.4,15.4,89.4,92.6,84.1,94.6,Defect,0.07327493213436509,Safe
9351,23,M01972,Morning,32.6,17.5,77.5,69.1,90.1,65.3,Pass,0.07327402789370362,Safe
3291,18,M03260,Morning,31.3,15.0,88.5,90.2,72.1,74.6,Pass,0.07327376553490106,Safe
9909,11,M05939,Morning,37.9,17.4,98.2,92.8,90.7,92.8,Pass,0.0732732166396038,Safe
8890,18,M08653,Morning,34.8,18.2,91.6,96.5,72.1,97.0,Pass,0.07326141025624143,Safe
6876,17,M04710,Afternoon,37.2,17.9,86.0,93.1,86.5,78.0,Pass,0.07325473236317857,Safe
4485,7,M04764,Morning,30.2,18.7,86.0,72.8,89.2,89.2,Pass,0.07323914705552259,Safe
5554,13,M00549,Afternoon,33.3,16.6,95.8,84.2,80.0,81.9,Pass,0.07323397380209888,Safe
505,16,M03441,Afternoon,33.9,16.5,70.4,79.7,67.6,82.9,Pass,0.07323373046568321,Safe
4212,15,M05214,Afternoon,33.6,17.4,80.6,73.3,68.6,83.1,Pass,0.07323180548938639,Safe
7101,13,M07330,Morning,31.6,15.8,95.9,86.7,87.2,81.2,Pass,0.07321396391617364,Safe
4199,9,M08567,Afternoon,35.7,15.1,86.7,67.7,92.7,69.9,Pass,0.07320801141409025,Safe
7745,20,M03307,Afternoon,32.3,14.8,100.0,74.1,81.2,81.8,Pass,0.07320597956997192,Safe
9433,21,M04996,Afternoon,32.5,17.0,89.1,72.5,74.5,79.3,Pass,0.07320537997765354,Safe
4578,9,M07410,Morning,36.4,18.7,92.9,86.2,83.9,100.0,Pass,0.07320276945235721,Safe
4226,8,M07130,Afternoon,34.0,15.9,85.7,90.8,85.2,81.3,Pass,0.07320212595892579,Safe
5050,6,M07775,Afternoon,31.1,17.4,94.7,73.8,89.2,87.8,Pass,0.07320007826752586,Safe
7237,1,M06866,Afternoon,38.6,14.8,96.6,90.6,86.7,90.8,Pass,0.073197703871119,Safe
3583,19,M01662,Morning,28.6,12.9,80.9,84.3,77.9,69.9,Pass,0.07319446871318835,Safe
3851,4,M08313,Afternoon,38.0,16.2,98.6,89.7,72.1,84.1,Pass,0.07318438113785153,Safe
1067,13,M03702,Morning,37.4,17.1,98.9,79.9,80.4,95.9,Pass,0.07318230520497152,Safe
4718,20,M08850,Night,38.3,16.2,81.5,76.5,80.9,77.3,Pass,0.07317702263790324,Safe
2360,6,M02564,Morning,32.4,14.5,100.0,80.7,89.9,86.7,Pass,0.07317091545195314,Safe
8633,5,M06767,Morning,36.4,16.0,88.7,82.2,90.0,84.6,Pass,0.07316721311458614,Safe
2002,19,M06814,Morning,42.3,17.7,99.7,81.8,92.0,87.8,Pass,0.0731606597036786,Safe
7329,10,M00013,Morning,39.3,17.7,87.2,91.8,82.8,86.2,Pass,0.07315841507848697,Safe
8360,25,M07613,Morning,26.7,16.0,92.9,71.1,81.9,85.5,Pass,0.07315650863710298,Safe
3538,11,M03241,Morning,37.0,15.6,66.6,74.3,84.2,86.8,Pass,0.0731559993187551,Safe
6411,10,M07620,Morning,30.4,16.2,87.1,71.6,90.2,93.8,Pass,0.07315553473276241,Safe
9079,25,M06611,Afternoon,44.1,18.2,94.4,82.0,93.9,94.1,Pass,0.07314974000252836,Safe
9993,11,M00635,Afternoon,29.3,16.9,91.2,73.1,81.1,92.8,Pass,0.07314941173361446,Safe
2506,6,M03138,Morning,39.7,16.0,79.1,78.8,69.5,71.6,Pass,0.07314338247513934,Safe
9346,8,M00695,Night,25.0,17.7,89.7,75.3,78.3,80.2,Pass,0.07314074125114453,Safe
485,23,M09709,Afternoon,35.7,15.8,90.2,75.5,91.0,86.9,Pass,0.0731353731500633,Safe
1256,4,M00330,Afternoon,32.5,17.5,85.1,70.8,88.8,75.5,Pass,0.07313367132156799,Safe
3649,1,M04069,Afternoon,36.1,16.2,70.6,73.2,77.0,77.4,Pass,0.07313288924888274,Safe
4113,7,M04173,Morning,35.1,16.0,86.4,87.8,82.9,84.2,Pass,0.0731227484492293,Safe
4074,2,M04887,Afternoon,39.1,16.5,67.6,68.1,80.6,70.9,Pass,0.07312209610249526,Safe
9138,12,M00599,Morning,31.3,13.7,85.2,88.3,88.4,82.5,Pass,0.07312188429991782,Safe
320,12,M03328,Morning,37.2,15.6,100.0,80.4,80.1,74.9,Pass,0.07311120832349242,Safe
9248,3,M08008,Afternoon,33.9,17.3,90.0,100.0,74.3,93.0,Pass,0.07311089991879509,Safe
4463,22,M01505,Night,36.5,15.9,100.0,76.8,89.6,77.3,Pass,0.0731082305915181,Safe
4198,11,M01136,Morning,34.4,16.5,77.6,100.0,72.5,74.9,Pass,0.0731012023936789,Safe
7844,2,M00975,Afternoon,35.4,15.1,91.9,87.9,78.0,84.0,Defect,0.07309915904170378,Safe
2820,17,M06133,Morning,29.6,16.3,99.2,74.7,87.3,100.0,Pass,0.07309612112911337,Safe
5581,20,M05075,Morning,38.2,14.8,76.9,76.6,76.8,69.6,Pass,0.07308734682717276,Safe
9442,7,M00624,Morning,33.0,13.3,70.4,71.6,79.5,75.5,Pass,0.07307887102612448,Safe
2751,11,M06318,Morning,36.3,15.6,87.9,82.7,84.2,86.5,Pass,0.07307569075282978,Safe
7606,10,M09811,Afternoon,38.0,15.6,100.0,91.6,91.1,88.4,Pass,0.07307341608595663,Safe
2702,1,M05076,Night,35.5,16.4,86.7,77.8,69.7,69.5,Pass,0.07306886367034761,Safe
194,6,M03511,Afternoon,35.5,16.8,85.9,71.1,79.7,82.8,Pass,0.07305967329414707,Safe
4424,20,M09105,Afternoon,35.9,17.4,95.5,79.7,90.0,84.9,Pass,0.0730542761111387,Safe
9309,4,M06964,Morning,31.2,19.3,84.1,84.7,84.1,96.8,Pass,0.0730540727348721,Safe
3560,9,M03723,Afternoon,31.7,13.8,98.1,90.7,89.3,83.5,Pass,0.07305162678468666,Safe
645,7,M06133,Morning,41.8,14.5,87.4,73.0,87.0,93.3,Pass,0.07304672893076528,Safe
2482,16,M08563,Night,36.5,17.3,84.2,80.8,68.4,87.4,Pass,0.07303748330227436,Safe
7431,13,M04925,Morning,36.0,18.5,86.0,91.4,79.5,82.1,Pass,0.07303731681312894,Safe
7396,13,M07911,Morning,37.2,14.2,89.0,87.8,83.9,83.4,Pass,0.07303415116290127,Safe
4173,2,M09230,Afternoon,31.6,15.4,100.0,80.7,90.5,85.7,Pass,0.07302706038985611,Safe
6339,17,M00655,Afternoon,35.3,13.7,77.6,77.8,65.7,80.0,Defect,0.07302703469556598,Safe
5873,8,M01862,Afternoon,37.4,16.2,91.3,69.9,89.0,81.8,Pass,0.07302584954611772,Safe
8973,1,M04243,Morning,39.5,17.6,82.8,98.8,83.8,81.3,Defect,0.0730237720500052,Safe
897,15,M02061,Morning,34.1,16.6,87.0,88.8,86.8,100.0,Pass,0.07302362128287712,Safe
6999,7,M05363,Morning,41.1,17.0,83.4,83.2,88.9,83.7,Pass,0.07300694054026845,Safe
9001,8,M02023,Night,42.4,14.6,78.3,69.8,88.2,63.8,Pass,0.0729939993585358,Safe
6078,8,M04995,Afternoon,37.5,16.7,80.8,84.7,89.1,88.1,Pass,0.07299173632409336,Safe
1433,2,M01313,Afternoon,38.8,15.6,85.1,69.7,79.1,75.7,Pass,0.07299067167734936,Safe
4992,23,M09944,Afternoon,33.5,14.3,77.6,75.2,71.2,72.2,Pass,0.07298838158094455,Safe
9,23,M05579,Afternoon,36.7,13.7,78.5,68.0,74.7,82.4,Pass,0.07298556325347216,Safe
6293,13,M05973,Night,36.1,15.1,80.6,76.5,71.3,70.2,Pass,0.07298003205710663,Safe
8795,17,M00871,Afternoon,38.7,16.3,100.0,93.4,87.0,79.1,Pass,0.07297721652329135,Safe
6664,10,M07161,Afternoon,38.6,17.1,94.1,74.4,81.7,90.6,Pass,0.07297187113752178,Safe
1303,5,M07694,Morning,35.3,17.6,85.8,90.6,84.1,83.3,Pass,0.07296987248025995,Safe
275,25,M06016,Afternoon,37.5,15.6,86.6,76.2,91.3,87.9,Pass,0.07296925521340547,Safe
6832,22,M07398,Morning,35.3,16.0,89.7,83.5,91.5,83.5,Pass,0.07296246371563743,Safe
1252,20,M04091,Afternoon,36.6,15.9,89.2,74.5,91.1,87.5,Pass,0.0729540867653349,Safe
4185,19,M02905,Morning,30.1,17.9,93.2,73.5,86.3,89.8,Pass,0.07295142612256394,Safe
4902,15,M00288,Afternoon,32.7,15.6,90.0,93.2,70.3,87.1,Pass,0.07295053576833001,Safe
3383,22,M01117,Morning,33.7,14.9,88.5,84.5,91.6,87.3,Pass,0.07295020976097835,Safe
8555,10,M06767,Afternoon,34.6,14.4,93.0,94.9,83.0,84.1,Pass,0.07294440738046284,Safe
5262,9,M09964,Night,35.9,13.7,82.0,82.9,86.7,86.3,Pass,0.07293946402997177,Safe
7942,25,M03864,Afternoon,36.9,18.3,87.5,75.5,92.8,80.8,Pass,0.0729267979647853,Safe
5546,23,M07534,Morning,32.4,14.7,80.5,91.3,73.3,66.4,Pass,0.0729256001185643,Safe
7365,17,M07136,Afternoon,26.9,13.1,82.2,81.9,83.6,84.1,Pass,0.07292537809875259,Safe
972,13,M02244,Night,40.1,15.0,100.0,81.5,83.9,87.6,Pass,0.07292442511442557,Safe
9867,19,M05958,Afternoon,33.9,16.1,98.2,90.9,90.2,82.3,Pass,0.072917738701485,Safe
6130,9,M03241,Morning,31.7,18.0,78.8,72.9,72.1,75.4,Pass,0.07291250247999467,Safe
9874,12,M03396,Morning,35.5,15.1,83.7,78.7,76.7,67.6,Pass,0.07290399685976948,Safe
7714,3,M01722,Afternoon,36.5,14.5,97.5,83.0,93.3,87.4,Pass,0.07290091331511601,Safe
8701,25,M00447,Night,39.0,18.9,83.0,92.7,89.3,81.2,Pass,0.07288759512682999,Safe
2366,14,M03960,Morning,33.9,14.6,87.6,76.5,70.1,68.8,Pass,0.07288552525591614,Safe
1081,24,M02718,Night,29.5,16.7,68.1,86.4,74.8,71.9,Pass,0.07288096152123043,Safe
189,20,M01708,Afternoon,36.5,16.2,86.7,84.4,89.8,86.9,Pass,0.07287418808160463,Safe
3464,14,M03930,Afternoon,41.7,17.9,80.1,68.3,88.7,72.2,Pass,0.07286287168745036,Safe
2741,20,M07369,Morning,34.7,15.3,69.6,72.1,75.4,80.5,Pass,0.07285410026200012,Safe
2195,14,M07089,Morning,41.0,15.6,89.7,69.9,69.7,79.7,Pass,0.0728494743787833,Safe
3011,6,M01141,Afternoon,35.5,15.7,89.8,76.5,82.5,93.6,Pass,0.07284850308876199,Safe
3940,12,M04189,Afternoon,28.3,15.3,86.3,96.4,85.0,83.9,Pass,0.07284787591233992,Safe
1331,23,M08437,Afternoon,39.6,16.4,93.6,72.4,88.7,82.3,Pass,0.07284016727594995,Safe
9814,4,M07256,Night,32.1,15.4,69.0,83.0,72.8,78.3,Pass,0.07283795973403802,Safe
4622,9,M09829,Night,32.6,18.3,85.9,81.1,90.1,85.7,Pass,0.0728373284570102,Safe
7518,12,M09476,Morning,28.0,14.3,78.3,85.1,88.3,85.9,Pass,0.07281839141379015,Safe
7166,9,M03023,Morning,36.3,16.9,89.0,74.1,72.7,100.0,Pass,0.07281109609944068,Safe
2434,22,M06869,Morning,35.8,14.9,89.4,74.0,89.6,100.0,Pass,0.07281097088003563,Safe
6895,16,M01082,Afternoon,34.6,13.8,90.4,86.5,75.0,93.1,Pass,0.07281029213178479,Safe
9403,1,M02545,Afternoon,37.5,18.2,82.6,82.8,80.4,96.9,Pass,0.07281009123729061,Safe
729,24,M09551,Morning,27.9,17.4,88.7,80.6,83.2,81.5,Pass,0.07280111820317718,Safe
2536,16,M07265,Night,32.9,16.9,72.3,85.7,73.8,87.0,Pass,0.07280009025766729,Safe
1601,20,M01950,Morning,44.3,16.5,83.7,93.1,82.8,84.5,Pass,0.07279392475487015,Safe
3370,4,M01947,Afternoon,35.7,15.0,77.0,70.3,74.5,72.5,Pass,0.07279230185000672,Safe
8826,19,M07759,Morning,27.5,15.2,87.0,83.3,75.3,81.0,Pass,0.07278834871671537,Safe
7830,4,M02909,Morning,38.9,14.9,83.9,70.2,80.3,76.6,Pass,0.0727815436066775,Safe
520,25,M04172,Morning,28.8,17.8,93.2,73.4,67.9,73.9,Pass,0.072775249563371,Safe
1025,14,M03073,Night,32.6,17.8,82.1,94.3,71.3,66.2,Pass,0.07277098121602422,Safe
6724,2,M06540,Afternoon,38.1,15.5,96.8,90.2,89.7,99.3,Pass,0.07277049867211263,Safe
628,1,M08550,Afternoon,42.4,16.8,93.4,78.4,91.0,86.4,Pass,0.07276605227176128,Safe
2424,6,M05106,Afternoon,33.5,17.0,92.5,85.1,86.8,81.0,Pass,0.07275636355230981,Safe
5991,4,M07506,Morning,29.3,17.8,82.8,64.6,78.9,78.7,Pass,0.0727555187634493,Safe
4218,4,M02790,Afternoon,37.3,17.4,92.5,90.6,87.4,85.2,Pass,0.07275100338203667,Safe
7790,6,M00668,Afternoon,32.4,16.0,90.5,71.6,74.9,95.1,Pass,0.07273754942664383,Safe
7725,12,M02243,Night,30.2,14.5,96.9,87.4,87.2,79.0,Pass,0.07273751869861912,Safe
2776,24,M04379,Afternoon,33.1,19.0,84.3,78.2,97.2,79.9,Pass,0.07273522100549042,Safe
4398,6,M02548,Morning,36.8,18.9,93.7,65.7,76.8,88.0,Pass,0.0727231486015716,Safe
7680,9,M07491,Morning,38.7,17.9,85.8,90.0,90.2,86.2,Pass,0.07272138916533705,Safe
4885,13,M03122,Morning,33.5,16.9,95.8,91.0,80.6,86.4,Pass,0.07272093695965587,Safe
6843,6,M04959,Morning,27.0,17.6,88.8,71.4,77.3,90.7,Pass,0.07271951709080167,Safe
7248,1,M01014,Night,29.2,19.1,69.7,77.1,78.3,76.4,Pass,0.07270716822168216,Safe
5754,4,M06241,Night,35.2,17.5,80.8,74.1,78.9,63.9,Pass,0.07270284335781224,Safe
2483,16,M05977,Night,27.4,15.3,90.1,68.1,78.1,82.2,Pass,0.07270088987929602,Safe
4645,25,M09455,Afternoon,30.6,13.3,98.3,75.3,93.8,90.0,Pass,0.07269512965126439,Safe
3608,5,M01152,Morning,36.6,17.4,88.5,82.1,88.3,90.9,Pass,0.07269313521277271,Safe
5107,2,M04307,Morning,40.0,14.2,86.4,89.0,75.4,88.0,Pass,0.07269240565858373,Safe
6137,4,M09063,Afternoon,29.6,15.5,74.8,92.8,77.5,67.3,Pass,0.07267089230956868,Safe
6890,6,M00727,Afternoon,32.7,13.9,75.5,98.5,72.0,75.8,Pass,0.07266119351859036,Safe
5473,6,M01678,Morning,32.4,13.6,96.3,85.8,88.4,86.1,Pass,0.07265902793727713,Safe
3546,15,M07353,Morning,41.2,13.8,100.0,91.6,90.0,85.1,Pass,0.07265255176155136,Safe
9560,5,M01893,Afternoon,32.1,18.3,72.5,91.6,85.1,78.1,Pass,0.07263806281516999,Safe
3334,10,M08585,Morning,40.2,16.9,97.0,91.6,83.2,89.6,Pass,0.0726378464414136,Safe
6618,15,M09574,Morning,34.6,18.2,88.4,91.5,85.7,79.8,Pass,0.07262878517495863,Safe
2004,18,M03084,Morning,29.0,15.8,92.3,83.0,80.3,83.4,Pass,0.07262636317085795,Safe
7312,7,M02740,Afternoon,37.4,18.8,74.1,73.2,78.3,87.1,Pass,0.07262298704367379,Safe
3221,5,M05833,Afternoon,43.2,14.9,93.3,84.7,79.4,85.3,Pass,0.07262191898213331,Safe
8248,17,M09722,Afternoon,37.6,13.3,79.4,86.6,84.9,63.3,Pass,0.07262069221066748,Safe
3148,5,M01557,Afternoon,37.1,18.3,81.7,71.2,82.6,81.1,Pass,0.07261787336130739,Safe
1823,12,M03174,Afternoon,31.1,15.5,98.9,79.8,92.9,83.2,Pass,0.07261178109469588,Safe
1768,22,M05371,Afternoon,39.6,14.2,83.3,73.5,85.1,81.5,Pass,0.07260651895858265,Safe
1163,15,M04034,Morning,33.9,16.0,85.3,68.9,75.2,79.8,Pass,0.07260470112721404,Safe
4029,18,M03440,Afternoon,44.4,17.6,78.9,75.3,79.0,77.0,Pass,0.07259812845570357,Safe
4137,20,M00920,Afternoon,39.4,15.6,90.5,82.1,80.2,91.4,Pass,0.07259806751391513,Safe
7720,6,M06383,Night,34.9,17.5,67.9,81.3,75.9,82.2,Pass,0.07258401390960423,Safe
5450,10,M02388,Morning,33.1,15.8,87.1,79.1,85.4,90.3,Pass,0.07257980772328076,Safe
333,19,M01687,Morning,26.7,13.7,86.8,75.9,68.3,96.0,Pass,0.0725790723443951,Safe
9389,17,M00769,Afternoon,38.5,16.6,87.9,78.4,94.8,87.3,Pass,0.07257403725093446,Safe
2296,21,M08895,Morning,30.5,16.4,82.2,82.7,81.9,68.2,Pass,0.07256827632581714,Safe
9382,25,M09080,Morning,40.8,16.3,90.5,69.3,94.8,94.8,Pass,0.07256273994859047,Safe
3788,2,M02347,Afternoon,31.6,18.7,89.7,71.6,99.8,82.7,Pass,0.07255682608344066,Safe
1715,20,M07063,Morning,33.8,17.4,88.1,85.5,83.8,93.9,Pass,0.07254248608085927,Safe
9243,10,M05592,Afternoon,30.1,16.4,88.6,72.7,97.3,83.2,Pass,0.07253902831116914,Safe
7825,18,M01232,Afternoon,40.9,16.4,96.0,81.0,88.5,79.9,Pass,0.07253809017392215,Safe
5004,9,M09312,Morning,35.3,13.8,85.9,90.8,77.1,89.2,Pass,0.07252829303851321,Safe
8495,10,M07924,Morning,27.3,15.8,86.0,77.7,82.4,99.1,Pass,0.07252520790183213,Safe
4122,22,M00957,Afternoon,34.1,17.1,86.4,81.2,92.7,95.2,Defect,0.0725251910478496,Safe
6838,11,M06800,Afternoon,29.6,15.8,93.9,78.8,74.7,94.3,Pass,0.07252154713473793,Safe
9464,10,M05956,Afternoon,42.4,15.1,84.6,87.7,91.0,94.1,Pass,0.07252007565654307,Safe
8853,15,M03007,Morning,31.9,14.6,100.0,77.0,80.5,76.7,Pass,0.07251321716277158,Safe
5582,18,M07100,Morning,30.4,14.6,86.6,73.0,89.2,89.5,Pass,0.07250052671406844,Safe
4966,15,M04564,Morning,31.2,17.2,95.1,90.4,72.0,82.8,Pass,0.07249400306723555,Safe
1918,3,M00010,Afternoon,35.4,14.8,79.6,92.3,70.8,78.4,Pass,0.07249095666038458,Safe
2559,9,M02286,Morning,33.3,14.0,91.0,81.3,88.0,98.0,Pass,0.07248880432711682,Safe
2109,23,M05449,Morning,26.7,18.7,86.9,82.3,100.0,67.0,Pass,0.07248484532428494,Safe
6545,8,M02244,Afternoon,33.0,16.4,94.2,80.2,90.9,81.9,Pass,0.07247313448708032,Safe
6099,6,M01798,Morning,30.4,15.8,92.9,84.4,86.8,82.9,Pass,0.0724613187764125,Safe
1148,24,M00805,Afternoon,29.2,15.6,88.5,83.0,89.5,77.1,Defect,0.07245825522480079,Safe
5183,8,M05868,Morning,32.4,14.8,88.8,82.9,78.8,91.9,Pass,0.07244795143005932,Safe
4141,17,M06048,Morning,33.9,16.1,100.0,83.8,87.0,94.4,Pass,0.07244610986977448,Safe
2066,2,M06098,Night,41.0,17.5,83.2,69.1,79.7,74.7,Pass,0.07244486177614785,Safe
4555,16,M02342,Afternoon,34.1,15.8,89.1,87.4,94.4,88.3,Pass,0.0724402680217589,Safe
9448,2,M03917,Afternoon,40.6,15.3,85.8,67.6,74.8,75.7,Pass,0.07243015774667948,Safe
2594,23,M01126,Afternoon,29.9,17.2,88.0,72.0,91.6,91.2,Pass,0.0724221010337382,Safe
9937,11,M04409,Afternoon,41.4,15.6,97.3,81.0,89.4,79.5,Pass,0.07241926036510599,Safe
9494,21,M00592,Morning,33.9,17.2,79.5,71.9,73.2,81.1,Pass,0.07241665100657782,Safe
4496,24,M03360,Afternoon,35.6,15.1,86.7,92.0,85.6,84.5,Pass,0.07241494151022179,Safe
478,13,M08307,Afternoon,42.7,16.0,83.5,75.2,67.0,72.2,Pass,0.07240525520082483,Safe
7730,2,M08881,Afternoon,32.1,15.8,84.0,85.1,89.2,87.8,Pass,0.07240469560247073,Safe
4508,6,M01962,Morning,28.0,15.4,82.1,89.9,73.5,78.6,Pass,0.07240348701142155,Safe
4801,16,M05451,Morning,32.7,15.2,95.2,82.6,85.5,98.6,Pass,0.07239797970599401,Safe
4699,23,M05314,Morning,43.3,14.4,92.6,76.7,81.5,68.0,Pass,0.07238220951622598,Safe
6801,20,M04162,Morning,35.0,14.5,99.3,89.8,93.5,89.3,Pass,0.072379474093412,Safe
8926,25,M01194,Afternoon,34.3,13.6,81.6,81.6,89.6,85.6,Pass,0.07237759601272215,Safe
8443,5,M09492,Afternoon,30.0,15.3,92.8,85.3,81.7,87.2,Pass,0.07237648350734412,Safe
3523,5,M03833,Morning,30.6,17.4,93.3,80.9,80.3,82.6,Pass,0.0723702011982832,Safe
3154,14,M06688,Afternoon,34.8,13.8,100.0,100.0,83.4,91.4,Pass,0.07236830512929514,Safe
7415,1,M04318,Afternoon,36.0,15.3,84.3,78.9,88.2,85.6,Pass,0.07236814375496513,Safe
2156,3,M08657,Morning,38.6,18.4,95.0,87.8,78.9,78.3,Pass,0.07236271024832071,Safe
6538,6,M03460,Night,43.3,15.1,68.2,85.5,77.4,82.6,Pass,0.0723602325838912,Safe
8876,2,M06132,Morning,32.6,17.5,82.4,82.8,90.1,86.6,Pass,0.07235434920635542,Safe
757,22,M06091,Afternoon,29.4,16.8,85.7,72.3,75.4,79.2,Pass,0.07235362462580487,Safe
4014,11,M06240,Morning,38.3,16.9,75.2,72.7,75.1,76.3,Pass,0.0723511810616958,Safe
9940,11,M02882,Afternoon,34.5,17.6,75.8,71.4,86.2,67.6,Pass,0.0723505579734711,Safe
1199,21,M05942,Afternoon,35.6,15.5,86.5,76.8,84.5,93.1,Pass,0.07234692371129847,Safe
1783,14,M00892,Afternoon,37.8,14.1,90.4,96.3,86.8,89.0,Pass,0.0723445805469457,Safe
9520,11,M00685,Morning,37.4,17.6,89.9,80.8,83.4,84.5,Pass,0.0723428173942044,Safe
6910,5,M03671,Afternoon,31.4,16.7,72.5,85.6,78.6,77.7,Pass,0.07234002994838647,Safe
1974,3,M01805,Afternoon,36.8,16.7,71.8,72.2,76.4,82.7,Pass,0.07233355600884597,Safe
1046,1,M08610,Afternoon,30.0,14.1,89.8,86.1,90.8,82.4,Pass,0.07233211413794836,Safe
4281,8,M00862,Morning,40.3,14.1,100.0,76.9,83.8,97.5,Pass,0.07233192469010773,Safe
669,5,M06971,Morning,38.3,14.4,95.0,84.0,80.6,88.9,Pass,0.07233135684503365,Safe
9888,15,M01378,Night,44.6,18.2,83.4,74.8,75.5,66.7,Pass,0.0723303707727597,Safe
4610,17,M08807,Morning,37.3,17.7,91.7,84.4,92.0,85.1,Pass,0.07232840891309462,Safe
5914,23,M03115,Afternoon,42.2,18.8,79.1,73.2,87.0,81.3,Pass,0.07232805151613249,Safe
968,8,M01121,Morning,32.0,15.5,73.4,68.6,85.5,68.4,Pass,0.07232697801579598,Safe
6463,14,M04145,Night,36.1,13.5,83.2,74.6,73.2,79.2,Pass,0.07232307847645442,Safe
7077,16,M02745,Afternoon,35.0,14.6,98.6,91.8,97.2,100.0,Pass,0.07232219473032091,Safe
6302,5,M02683,Afternoon,31.2,16.3,94.5,86.8,82.5,82.6,Pass,0.0723204137378597,Safe
3356,22,M00216,Morning,28.3,13.2,81.6,93.4,93.4,73.8,Pass,0.07231391628633681,Safe
7038,22,M05017,Afternoon,35.3,15.7,94.8,74.1,91.5,93.0,Pass,0.0723121106663658,Safe
5759,7,M07451,Afternoon,37.9,18.0,88.8,71.5,80.9,95.7,Pass,0.0723020278061757,Safe
5895,23,M08896,Afternoon,37.9,16.5,91.2,70.2,83.6,86.0,Pass,0.07230095732994346,Safe
4626,14,M01450,Afternoon,33.9,18.6,78.0,70.9,88.2,81.3,Pass,0.07229963393214513,Safe
2791,1,M04977,Afternoon,37.0,15.2,87.8,100.0,71.8,80.1,Pass,0.07229599507121849,Safe
9013,16,M02647,Morning,34.5,19.1,73.7,84.5,71.6,76.9,Pass,0.0722956648369289,Safe
977,22,M07327,Afternoon,30.6,17.6,94.5,80.6,81.5,91.1,Pass,0.07229405686432956,Safe
6652,10,M03210,Night,32.4,18.1,100.0,87.1,82.1,82.2,Pass,0.07229073440118557,Safe
877,16,M08916,Afternoon,42.3,17.4,82.6,82.5,80.2,93.5,Pass,0.07228491683557767,Safe
2355,21,M02024,Afternoon,39.8,15.4,91.4,80.7,87.3,79.7,Pass,0.07227027335034104,Safe
5300,20,M02396,Morning,35.9,15.0,82.5,96.6,72.6,93.0,Pass,0.07226788784448204,Safe
5921,21,M03175,Morning,37.8,14.2,82.6,100.0,71.5,88.7,Pass,0.07226303401355814,Safe
3168,6,M01229,Morning,32.0,17.5,91.3,81.2,69.5,87.6,Pass,0.07225495530877314,Safe
4799,3,M09170,Morning,25.0,14.0,86.4,92.2,97.3,86.5,Pass,0.0722534447343295,Safe
7598,1,M05610,Morning,33.9,16.7,90.3,80.5,83.7,85.6,Pass,0.07225194505104765,Safe
3671,4,M03105,Morning,33.0,17.0,66.6,80.6,74.6,83.6,Pass,0.07224152133979272,Safe
1287,7,M04233,Morning,32.6,17.1,100.0,77.1,81.5,84.6,Pass,0.07223635298206015,Safe
1010,4,M08796,Afternoon,31.1,17.4,92.3,84.2,81.5,92.5,Pass,0.07222797021544068,Safe
940,13,M06566,Afternoon,36.5,17.0,66.5,90.2,78.5,91.3,Pass,0.07222697182781991,Safe
8187,17,M03202,Morning,36.7,14.9,88.9,84.2,87.5,80.6,Pass,0.07222205156568974,Safe
3657,20,M08161,Morning,32.2,17.5,94.2,84.1,77.2,90.5,Pass,0.07221464041934776,Safe
2297,6,M01654,Morning,34.1,18.3,78.6,83.3,94.5,83.7,Pass,0.0722079274519485,Safe
6150,24,M00774,Night,27.0,17.7,87.3,69.7,84.3,78.0,Pass,0.07219891443583407,Safe
8937,12,M04184,Morning,36.4,14.8,95.3,73.0,85.5,93.3,Pass,0.07219854692419199,Safe
6651,12,M05496,Morning,32.1,15.6,88.3,74.3,82.4,100.0,Pass,0.07219728727057018,Safe
8060,4,M04799,Afternoon,43.5,15.9,98.9,86.4,78.6,85.3,Pass,0.07219621768843894,Safe
1855,18,M06229,Night,36.3,15.8,86.7,78.6,87.0,90.0,Pass,0.07217787217531185,Safe
2033,14,M00341,Afternoon,34.9,15.3,84.6,78.2,86.9,93.1,Pass,0.07216906303575446,Safe
2169,24,M07395,Afternoon,28.4,16.1,87.1,98.2,82.9,86.1,Pass,0.07216489043448546,Safe
3272,3,M02101,Morning,33.2,17.1,91.0,85.6,79.0,86.2,Pass,0.072157899395224,Safe
2639,8,M01090,Night,27.3,14.2,77.4,65.2,87.5,89.7,Pass,0.07215694712693949,Safe
8699,21,M01775,Afternoon,35.6,15.0,85.0,87.3,85.2,83.7,Pass,0.07215278747904767,Safe
15,3,M05312,Morning,36.8,18.2,82.0,78.8,84.7,90.1,Pass,0.07215226726927057,Safe
3266,21,M01549,Morning,35.7,16.5,84.0,84.9,84.5,86.0,Pass,0.0721509632939177,Safe
2565,5,M06531,Afternoon,33.7,14.8,82.7,96.4,85.3,66.0,Pass,0.07215065277871141,Safe
5478,4,M01249,Afternoon,36.8,18.2,82.1,82.5,81.1,63.3,Pass,0.0721491550060231,Safe
6344,20,M03667,Night,33.0,18.3,80.1,69.7,83.6,78.3,Pass,0.0721473290786795,Safe
3584,11,M03665,Night,27.6,14.3,84.7,87.7,83.7,82.3,Pass,0.07214228441148463,Safe
7154,1,M07969,Night,34.8,18.9,73.1,78.3,72.9,79.4,Pass,0.07214095789903756,Safe
4205,16,M01142,Morning,36.1,16.0,92.4,73.5,75.0,76.6,Pass,0.07213212994012655,Safe
7682,18,M08894,Afternoon,31.4,15.1,90.2,80.8,91.1,78.4,Pass,0.07213046530681559,Safe
9770,3,M07549,Morning,33.2,17.8,88.6,80.8,78.6,96.1,Pass,0.07212616504748075,Safe
9697,20,M09697,Morning,31.0,16.5,84.6,87.3,87.6,88.1,Pass,0.07212294073000056,Safe
4092,8,M03941,Morning,36.3,17.1,79.1,73.4,77.5,79.4,Pass,0.0721207849763352,Safe
2503,6,M01518,Afternoon,32.6,15.9,67.1,92.4,75.0,74.3,Pass,0.07211997377386636,Safe
2369,11,M03391,Morning,30.0,13.6,100.0,93.3,83.5,86.7,Pass,0.07210847119207484,Safe
72,20,M06440,Morning,38.2,16.8,92.0,67.7,82.7,73.1,Pass,0.07210469805609997,Safe
8717,4,M06982,Afternoon,40.9,14.6,80.8,73.0,87.6,98.1,Pass,0.07210381035170597,Safe
2746,10,M00728,Night,28.2,13.7,77.6,78.8,78.6,80.4,Pass,0.07210165132342831,Safe
8371,22,M07321,Morning,27.6,15.3,83.0,83.2,93.6,84.8,Pass,0.07209561582499074,Safe
5769,2,M06002,Morning,27.0,15.1,80.4,70.3,72.9,86.3,Pass,0.07209497527919317,Safe
7198,25,M05683,Night,36.6,13.8,78.3,73.3,91.8,68.9,Pass,0.07209140767992865,Safe
7617,2,M05994,Morning,30.6,16.6,84.2,90.2,88.9,78.6,Pass,0.07208526109125979,Safe
6825,3,M03056,Morning,34.0,14.2,95.8,91.0,90.7,87.8,Pass,0.07207838035153565,Safe
6912,14,M02252,Night,33.0,16.9,70.9,68.4,77.9,80.0,Pass,0.07207363527659448,Safe
9199,18,M04504,Afternoon,38.8,17.5,72.6,81.6,73.0,83.5,Pass,0.0720720591692717,Safe
2838,6,M04034,Morning,39.4,16.3,86.3,89.1,76.5,63.6,Pass,0.07206271687201203,Safe
7189,6,M03258,Afternoon,38.1,15.5,93.8,82.0,94.6,79.9,Pass,0.07205985666588609,Safe
1897,10,M07103,Afternoon,35.4,15.3,90.2,84.7,88.8,91.2,Pass,0.07205965268085066,Safe
5723,23,M02682,Night,36.6,12.9,88.6,88.9,87.2,79.4,Pass,0.07205653045211188,Safe
1421,14,M08988,Morning,37.8,18.2,80.3,87.6,83.8,88.6,Pass,0.07205016423525987,Safe
9567,19,M00155,Afternoon,32.0,17.6,100.0,100.0,81.0,95.7,Pass,0.07204885973812447,Safe
912,20,M03531,Morning,42.3,15.7,96.8,75.7,92.5,77.9,Pass,0.07204217026210932,Safe
5364,9,M08515,Afternoon,33.2,15.5,95.7,84.8,85.1,91.5,Pass,0.0720366536859622,Safe
3456,6,M03825,Morning,43.4,15.4,84.0,72.5,82.4,81.5,Pass,0.07203604635244255,Safe
6748,14,M07646,Morning,33.1,15.1,98.1,74.0,90.0,81.8,Pass,0.07203353335645224,Safe
9352,16,M09696,Morning,32.2,17.6,95.2,91.7,90.3,77.0,Pass,0.07202803613754787,Safe
7508,5,M05331,Morning,29.4,16.5,84.6,83.5,88.2,88.1,Pass,0.07202733932625845,Safe
1113,16,M07219,Morning,33.8,16.6,82.2,86.9,88.0,63.1,Pass,0.07202606582081544,Safe
9987,15,M04927,Morning,38.0,18.3,86.0,81.0,77.9,92.8,Pass,0.07201843996461955,Safe
7481,17,M03202,Morning,38.1,17.9,92.2,84.6,90.6,86.6,Pass,0.0720182024243264,Safe
8242,3,M00833,Afternoon,35.1,17.1,93.5,81.1,93.6,84.1,Pass,0.07201729585952633,Safe
9467,9,M07042,Night,32.9,16.6,68.7,75.7,78.5,73.1,Defect,0.0720118521792728,Safe
1737,5,M02735,Afternoon,34.6,15.8,83.6,88.3,91.6,78.0,Pass,0.07200982943324942,Safe
5419,22,M02888,Afternoon,42.1,17.1,79.7,85.6,86.1,85.9,Pass,0.07200942539387252,Safe
4971,2,M05544,Afternoon,37.1,15.0,93.5,80.5,87.4,100.0,Pass,0.07200758818305959,Safe
7148,24,M06171,Morning,35.3,16.1,91.6,84.3,81.9,80.7,Pass,0.07200256072879335,Safe
8817,23,M02598,Afternoon,33.0,16.5,70.1,76.0,72.3,81.2,Pass,0.07200046466397494,Safe
2168,5,M04840,Morning,32.3,16.9,79.5,67.9,79.9,81.5,Pass,0.0719933191088284,Safe
6771,9,M09775,Morning,40.2,15.1,91.2,82.0,89.5,83.6,Pass,0.07198239172972873,Safe
3418,6,M06977,Afternoon,41.6,15.2,86.1,88.9,87.3,76.8,Pass,0.07198011946384204,Safe
516,23,M07187,Morning,35.9,17.3,96.9,82.1,84.7,86.7,Pass,0.07197977846433554,Safe
7033,7,M04196,Afternoon,38.9,16.1,69.5,95.4,72.1,81.7,Pass,0.07197580490408072,Safe
5026,25,M04652,Afternoon,35.0,17.3,88.2,71.9,76.5,76.7,Pass,0.07197256913464066,Safe
2217,4,M04532,Night,31.7,17.1,74.7,89.9,68.8,82.0,Pass,0.07197057960826624,Safe
3580,15,M00407,Afternoon,33.4,13.9,78.2,67.5,74.8,83.3,Pass,0.07196968585344198,Safe
1863,25,M08235,Morning,39.3,14.9,94.7,79.5,80.3,88.7,Pass,0.07196843574193225,Safe
9536,25,M00769,Afternoon,30.9,15.3,83.6,82.4,83.4,92.3,Pass,0.07196023591363826,Safe
6517,7,M06355,Night,30.9,19.0,90.0,73.1,75.0,79.9,Pass,0.07195865776583797,Safe
4297,25,M03374,Morning,36.2,14.5,91.6,86.5,88.2,84.8,Pass,0.07195855034492792,Safe
7610,18,M09064,Morning,33.0,17.0,78.9,88.6,96.0,68.7,Pass,0.07195803651133728,Safe
848,17,M01461,Night,34.9,17.2,86.7,88.2,83.2,81.7,Pass,0.07195728626821327,Safe
1528,19,M05627,Morning,28.0,14.8,85.3,85.5,95.4,80.4,Pass,0.071956906179198,Safe
4071,5,M06540,Morning,38.5,16.3,88.7,88.0,76.7,83.6,Pass,0.07195128426765712,Safe
8972,21,M03812,Afternoon,35.6,14.2,97.8,82.9,89.0,81.9,Pass,0.07194989857317986,Safe
3827,12,M08637,Afternoon,33.9,16.7,90.4,86.8,93.6,73.4,Pass,0.07194796332906708,Safe
1886,2,M07312,Afternoon,36.0,14.5,92.5,73.4,99.2,83.9,Pass,0.07194482537858266,Safe
9506,2,M08495,Afternoon,42.5,15.6,97.4,88.2,85.2,95.2,Pass,0.0719440505293426,Safe
6817,3,M02825,Morning,34.6,18.6,88.8,90.7,81.0,86.4,Pass,0.07193826216881641,Safe
6954,23,M05989,Morning,43.6,15.8,82.4,72.8,89.0,87.7,Pass,0.07193737307526861,Safe
245,2,M03171,Morning,34.9,15.1,67.8,85.8,67.9,82.7,Pass,0.0719292530154869,Safe
2759,19,M01479,Afternoon,27.1,13.9,78.3,92.6,93.3,83.8,Pass,0.07192828398832267,Safe
937,15,M09511,Morning,41.1,16.0,93.8,74.2,82.0,86.9,Pass,0.07192595357163806,Safe
2934,10,M03416,Afternoon,35.8,15.4,91.4,82.9,93.9,87.1,Pass,0.07192367999295285,Safe
4413,8,M01135,Afternoon,36.0,13.4,87.0,75.9,98.1,83.4,Pass,0.07192271963309732,Safe
1531,6,M03599,Morning,43.1,13.4,67.7,90.2,84.2,73.2,Pass,0.07191166743086719,Safe
8544,4,M04077,Afternoon,35.4,17.0,99.4,75.9,81.5,86.2,Pass,0.07190823376953583,Safe
1696,24,M00002,Morning,38.5,16.7,92.7,72.3,83.0,78.5,Pass,0.07189701094357427,Safe
6489,18,M05012,Afternoon,37.3,16.7,95.0,87.3,94.3,93.4,Pass,0.07189283832047255,Safe
2940,9,M09371,Morning,43.4,14.6,77.3,69.3,88.3,91.7,Pass,0.07188785454665607,Safe
852,17,M06768,Afternoon,35.4,15.0,90.3,89.7,88.2,83.8,Pass,0.07188505455574773,Safe
5233,10,M07934,Afternoon,25.0,16.1,73.4,72.2,91.1,74.5,Pass,0.07188320196577741,Safe
7207,15,M03767,Morning,34.9,15.1,84.8,71.4,88.7,86.8,Pass,0.07188266386188986,Safe
1312,22,M07127,Night,38.6,15.3,67.8,80.0,68.3,83.6,Pass,0.07187379297321486,Safe
7020,23,M04236,Afternoon,25.6,15.0,83.7,82.0,70.0,68.0,Pass,0.07187333346523558,Safe
8297,24,M09482,Afternoon,39.7,15.0,91.6,73.1,81.1,76.1,Pass,0.07187064993326421,Safe
444,16,M09824,Morning,28.0,18.0,92.5,81.0,85.9,87.0,Pass,0.07186682593056398,Safe
2019,13,M06550,Morning,37.8,19.0,74.7,69.1,89.7,84.2,Pass,0.0718605029454414,Safe
1386,1,M09789,Morning,32.0,13.7,82.4,67.6,81.5,75.6,Pass,0.07186019902559496,Safe
8406,9,M02487,Morning,37.7,14.9,93.6,79.5,90.4,79.3,Pass,0.07185944583925626,Safe
6676,12,M09960,Night,38.5,15.1,81.8,73.7,79.2,95.8,Pass,0.07185824985102642,Safe
8367,6,M01862,Afternoon,31.7,16.5,100.0,86.2,85.9,80.7,Pass,0.07185787836487992,Safe
1236,3,M01241,Morning,39.5,15.3,71.7,72.5,78.4,76.6,Pass,0.07185068485894101,Safe
1859,24,M04761,Night,39.6,15.7,75.4,75.6,69.6,87.4,Pass,0.0718505192260774,Safe
9296,2,M06767,Night,28.8,14.2,83.4,86.4,87.0,81.6,Pass,0.07184807475314532,Safe
8170,6,M02987,Morning,35.6,16.2,87.8,79.3,86.2,84.9,Pass,0.07184357290270743,Safe
9238,13,M00633,Morning,31.1,14.2,88.8,87.5,89.5,81.5,Pass,0.07184189009381814,Safe
3059,8,M05443,Morning,32.0,15.2,91.8,79.7,89.6,83.3,Pass,0.07184177076828094,Safe
5084,6,M04086,Morning,33.5,16.7,92.2,77.3,74.5,97.8,Pass,0.0718383647251452,Safe
1965,21,M09383,Afternoon,31.3,16.7,88.7,82.9,90.3,92.8,Pass,0.0718350070355441,Safe
3904,8,M08838,Morning,33.5,16.5,84.2,79.9,75.9,68.0,Pass,0.07183362579981703,Safe
10000,16,M01250,Morning,34.1,14.6,73.7,88.3,80.6,99.2,Pass,0.071832293605825,Safe
7872,10,M00976,Morning,28.6,15.9,86.7,94.5,91.0,81.1,Pass,0.07183178787394719,Safe
4283,23,M09276,Morning,34.0,17.8,86.3,88.3,84.5,88.1,Pass,0.07183120802425394,Safe
4568,16,M07532,Morning,38.2,13.6,93.9,88.5,86.0,84.9,Pass,0.07182759785191979,Safe
5109,25,M06579,Night,41.1,14.7,100.0,78.4,85.1,84.4,Pass,0.07182277238730729,Safe
3661,22,M00140,Afternoon,33.4,15.0,86.5,86.1,80.1,91.1,Pass,0.07182199396834378,Safe
9599,18,M05521,Morning,34.9,17.1,93.1,87.9,86.4,91.0,Pass,0.07181642310715154,Safe
8823,16,M00987,Morning,32.5,16.7,91.3,78.2,83.7,86.1,Pass,0.07181460376175383,Safe
6939,19,M04066,Afternoon,40.6,17.6,81.7,88.3,90.3,77.9,Pass,0.07181409554173776,Safe
1973,23,M00708,Morning,28.5,16.9,80.8,81.6,78.7,77.0,Pass,0.07180316172889793,Safe
1589,22,M09769,Afternoon,41.4,15.3,86.5,71.8,85.3,89.4,Pass,0.07179858146329682,Safe
2130,14,M05694,Afternoon,33.5,13.7,84.9,88.7,93.7,95.1,Pass,0.07178646007717461,Safe
4363,16,M01446,Night,36.7,16.2,78.6,74.6,67.0,77.6,Pass,0.07178034031715035,Safe
802,16,M05127,Morning,35.6,16.5,91.0,91.9,79.4,86.3,Pass,0.07177952306869505,Safe
225,23,M05760,Morning,29.6,15.5,80.6,68.6,94.2,89.1,Pass,0.07177478774799456,Safe
2661,11,M00949,Afternoon,37.2,14.8,89.2,90.5,85.8,82.3,Pass,0.07176968936114107,Safe
1764,25,M08468,Afternoon,27.8,14.7,81.9,92.6,89.7,100.0,Pass,0.07176535593365536,Safe
7694,12,M04134,Afternoon,37.7,16.2,97.1,78.3,80.5,86.5,Pass,0.0717592478209364,Safe
5309,23,M06664,Night,29.1,15.8,100.0,77.5,71.8,89.9,Pass,0.0717578902042836,Safe
1836,21,M09014,Afternoon,35.4,13.6,93.0,88.8,84.6,96.5,Pass,0.07175649195200418,Safe
4860,7,M04927,Night,41.1,15.7,92.3,80.1,94.0,80.5,Pass,0.0717559691770765,Safe
2908,13,M00007,Morning,36.0,16.3,89.4,73.6,87.7,81.4,Pass,0.0717552420048127,Safe
3973,17,M03817,Morning,35.2,14.1,77.5,67.7,86.2,71.5,Pass,0.07175371910095328,Safe
5475,4,M05623,Morning,38.1,16.1,88.1,77.6,82.3,95.8,Pass,0.07174585000428618,Safe
4116,16,M01206,Morning,32.4,14.9,85.4,85.2,89.3,77.5,Pass,0.07173651325247804,Safe
7208,4,M00251,Afternoon,33.0,15.3,100.0,82.9,84.0,99.4,Pass,0.07173168878401043,Safe
2101,2,M06489,Night,37.6,18.6,86.3,75.0,72.5,66.7,Pass,0.07172234079630536,Safe
3294,7,M03228,Afternoon,35.2,14.6,86.0,73.3,87.1,81.3,Pass,0.07171997663827179,Safe
5427,6,M03561,Night,27.4,17.4,68.6,72.9,76.9,70.0,Pass,0.07171079609255543,Safe
3517,14,M04959,Morning,33.9,13.1,89.2,78.0,86.4,84.8,Pass,0.0717107804079231,Safe
7042,23,M03933,Morning,36.0,18.9,76.0,94.1,86.9,84.3,Pass,0.07170711641250267,Safe
1006,15,M03877,Afternoon,42.2,17.7,93.0,68.8,76.5,89.5,Pass,0.0716997340319343,Safe
1039,12,M08767,Morning,28.1,17.8,100.0,85.1,84.1,95.9,Pass,0.07169345280850715,Safe
4335,4,M05202,Morning,34.1,16.9,91.3,83.8,92.4,93.2,Pass,0.07169092825195876,Safe
9964,7,M06348,Afternoon,32.1,17.2,88.0,78.0,86.3,96.8,Pass,0.07167483772131383,Safe
2756,11,M09766,Morning,36.8,14.7,68.9,71.1,90.5,74.6,Pass,0.07167080663476808,Safe
1442,22,M00363,Morning,38.8,13.8,88.3,93.3,76.5,93.1,Pass,0.07166851683865783,Safe
7647,24,M05552,Afternoon,31.8,16.4,94.7,80.5,90.0,92.6,Pass,0.07166677975444129,Safe
2324,20,M02160,Morning,40.8,16.9,95.4,91.8,76.4,93.8,Pass,0.07166660317277505,Safe
3522,17,M00825,Afternoon,44.4,15.6,87.0,72.6,82.0,77.6,Pass,0.07166654502677341,Safe
5498,8,M09857,Night,29.4,18.1,79.7,64.2,90.8,75.6,Pass,0.07166324052358958,Safe
8537,10,M03415,Morning,41.3,13.9,72.7,67.9,82.3,83.8,Pass,0.07166011235274074,Safe
7181,22,M00106,Morning,31.8,15.9,85.3,84.6,76.4,88.9,Pass,0.071659917925,Safe
1497,4,M04812,Afternoon,35.8,16.1,90.9,91.1,94.3,93.6,Pass,0.07164802860426102,Safe
9564,21,M00798,Afternoon,37.4,14.0,86.4,72.6,82.1,69.0,Pass,0.07164466692630497,Safe
3061,21,M06981,Morning,28.0,16.0,98.3,68.5,83.4,77.6,Pass,0.07164343358065865,Safe
347,14,M05987,Afternoon,42.0,15.6,100.0,100.0,100.0,81.4,Pass,0.07164191830439826,Safe
4773,22,M03247,Morning,32.6,17.1,79.7,69.6,88.7,82.2,Pass,0.07163957492425385,Safe
5980,11,M00913,Afternoon,38.9,15.9,90.8,90.6,88.8,80.7,Pass,0.07163929517690777,Safe
577,9,M03487,Morning,33.9,15.5,95.6,81.5,85.3,85.3,Pass,0.07163257645764326,Safe
1815,15,M07849,Morning,37.9,13.3,96.1,91.9,92.8,75.0,Pass,0.07163107529854201,Safe
3762,20,M01819,Afternoon,33.2,16.9,83.3,79.5,90.5,89.8,Pass,0.071628576317423,Safe
369,9,M06294,Morning,30.7,16.4,92.4,73.7,86.7,97.0,Pass,0.0716279760223885,Safe
3552,5,M08502,Morning,38.6,17.7,83.8,90.9,91.5,91.0,Pass,0.07162080762631062,Safe
5182,4,M02561,Night,38.4,13.4,85.9,69.4,85.4,83.1,Pass,0.07161562567532465,Safe
9806,15,M06365,Night,36.0,17.9,82.7,84.7,86.8,69.3,Pass,0.07161539258210688,Safe
7542,18,M04750,Morning,42.5,16.0,82.3,73.2,84.6,97.8,Pass,0.07160947918148401,Safe
4829,23,M00017,Morning,34.0,16.5,92.8,85.1,92.4,92.4,Pass,0.07160899699036154,Safe
4266,6,M08955,Afternoon,38.6,15.4,87.1,84.1,81.8,87.6,Pass,0.07160253303009545,Safe
2550,21,M00476,Morning,37.8,14.2,81.7,82.4,80.5,99.2,Pass,0.07159222729903401,Safe
3233,7,M01520,Morning,38.6,14.2,83.3,88.6,87.4,86.2,Pass,0.07158301551317958,Safe
1114,6,M07777,Afternoon,36.4,17.4,87.6,81.9,83.5,88.0,Pass,0.07158056490946241,Safe
6170,7,M02284,Morning,36.7,19.0,86.0,84.2,82.3,88.1,Pass,0.07157670371432523,Safe
6262,14,M04764,Night,31.6,17.0,72.3,93.0,73.5,72.2,Pass,0.07156614877042752,Safe
6552,16,M08972,Afternoon,35.5,17.4,84.6,89.8,85.6,89.0,Pass,0.07156451792277667,Safe
1063,6,M04945,Night,36.1,15.4,80.3,69.6,71.2,80.9,Pass,0.0715607081402578,Safe
9620,18,M01392,Morning,32.1,14.4,91.6,85.4,88.6,75.8,Pass,0.07155814582284332,Safe
9505,11,M09997,Morning,38.8,16.2,92.0,89.3,90.5,95.2,Pass,0.07155182752780909,Safe
1838,1,M09817,Morning,30.6,14.2,97.2,94.8,91.5,83.0,Pass,0.07154949530393755,Safe
829,23,M06169,Afternoon,39.1,17.1,90.2,85.1,90.6,99.5,Pass,0.07153849488616261,Safe
7276,8,M01564,Night,37.1,15.3,89.7,71.4,77.3,66.7,Pass,0.0715369336068871,Safe
2142,17,M07759,Afternoon,38.1,14.3,89.8,90.6,87.8,90.6,Pass,0.07153520863378822,Safe
273,18,M03988,Night,40.9,15.8,82.3,79.3,91.2,93.3,Pass,0.07152980042585753,Safe
258,11,M02558,Afternoon,37.3,13.8,95.0,83.5,81.7,84.3,Pass,0.07152315770431442,Safe
2370,6,M05998,Afternoon,33.4,16.0,93.8,78.9,86.5,79.6,Pass,0.0715212696247979,Safe
8021,10,M00598,Afternoon,38.7,14.0,80.4,83.1,87.6,87.6,Pass,0.07151725970926459,Safe
492,16,M05989,Afternoon,32.4,13.6,85.3,84.4,93.2,90.4,Pass,0.0715061525035288,Safe
10,16,M08323,Afternoon,36.0,16.3,70.5,65.2,93.6,82.2,Pass,0.07150037863840236,Safe
5923,17,M02631,Morning,37.4,15.5,93.8,77.0,93.7,77.2,Pass,0.07149729076987626,Safe
8469,6,M08298,Morning,32.4,14.9,86.3,68.7,76.0,79.2,Pass,0.07149613698741464,Safe
8308,13,M06943,Morning,28.7,15.5,85.5,86.2,82.2,80.4,Pass,0.07148937193536144,Safe
7780,24,M07904,Afternoon,33.1,15.8,80.1,88.7,89.8,85.0,Pass,0.07148701815351714,Safe
5249,6,M09757,Afternoon,29.7,15.8,78.4,98.8,81.1,86.1,Pass,0.07148675345916687,Safe
3596,3,M07743,Afternoon,26.6,16.3,83.7,81.5,75.1,79.5,Pass,0.07148559487821532,Safe
9792,24,M07638,Afternoon,37.8,16.0,85.8,87.2,85.2,79.2,Pass,0.07148336342584624,Safe
3141,12,M02781,Morning,35.8,14.7,81.5,84.9,89.0,83.4,Pass,0.07148093764187909,Safe
4264,3,M02412,Morning,36.9,15.7,90.9,89.8,79.5,86.3,Pass,0.07146994292555943,Safe
98,6,M05893,Afternoon,31.6,16.6,100.0,100.0,93.1,80.9,Pass,0.07146565128526727,Safe
251,6,M06198,Morning,34.9,15.2,83.6,84.0,88.6,79.1,Pass,0.07146142632936607,Safe
6608,8,M03383,Afternoon,33.0,16.2,94.2,78.2,89.9,90.3,Pass,0.07145475335073218,Safe
3840,24,M07830,Afternoon,35.1,14.3,89.7,91.7,82.0,85.5,Pass,0.07145435351945852,Safe
4706,11,M03848,Afternoon,31.2,16.0,97.1,87.6,81.8,82.0,Pass,0.0714529699658863,Safe
5038,25,M01269,Night,33.5,13.6,84.8,100.0,73.1,83.5,Pass,0.07144926672755109,Safe
9856,16,M05155,Afternoon,34.4,19.3,67.7,77.0,80.2,74.6,Pass,0.07144151322606063,Safe
7331,17,M00921,Morning,34.7,16.6,91.3,91.2,79.2,89.7,Pass,0.07143480343500201,Safe
746,20,M07942,Night,32.1,17.2,84.9,70.4,71.9,78.5,Pass,0.07143100595011356,Safe
3100,4,M07296,Afternoon,34.2,16.7,88.0,98.4,90.4,83.4,Pass,0.07143014061660889,Safe
994,8,M00815,Afternoon,37.9,15.6,95.3,92.0,77.4,72.2,Pass,0.07142970722626539,Safe
3326,8,M05346,Night,33.8,16.3,94.8,73.6,91.2,81.6,Pass,0.07142690855544892,Safe
8493,23,M08848,Afternoon,40.1,14.9,77.4,68.5,75.7,72.6,Pass,0.07142542723681164,Safe
4875,24,M02582,Morning,36.6,15.2,80.6,86.6,90.2,85.2,Pass,0.07142457450996123,Safe
971,3,M05374,Afternoon,28.3,14.6,76.2,83.9,87.7,81.3,Pass,0.07142054429112168,Safe
8315,2,M01937,Morning,34.3,14.8,88.3,68.7,95.3,82.6,Pass,0.07141299369380766,Safe
5653,5,M09159,Morning,35.0,17.9,90.2,98.6,74.8,88.7,Pass,0.07141071846973737,Safe
6655,19,M05649,Morning,27.3,15.6,80.7,89.4,72.4,79.9,Pass,0.07140918520449831,Safe
6818,13,M01212,Night,42.3,14.6,82.9,91.3,87.4,81.9,Pass,0.07140814901073232,Safe
4213,12,M04109,Afternoon,35.7,18.4,100.0,70.3,77.5,81.7,Pass,0.07140377324386632,Safe
5550,17,M07466,Morning,34.3,17.9,89.5,72.0,72.7,78.1,Pass,0.07140240977007578,Safe
5729,18,M02551,Morning,38.1,15.1,89.4,79.8,73.0,69.4,Pass,0.07140115843793503,Safe
1520,7,M05659,Night,40.7,17.0,78.5,69.9,84.0,87.6,Pass,0.0714003940946533,Safe
4870,10,M01811,Night,31.6,14.6,87.5,83.4,76.8,63.8,Pass,0.0713961256389171,Safe
2993,25,M09327,Afternoon,38.7,16.5,88.8,69.3,84.9,90.0,Pass,0.07139472733117996,Safe
453,24,M00852,Afternoon,31.3,16.7,95.4,80.3,77.7,97.1,Pass,0.07139232324965664,Safe
9159,1,M00930,Afternoon,32.3,14.5,91.7,92.3,79.7,92.5,Pass,0.0713852769174394,Safe
488,11,M07588,Morning,37.2,14.2,89.4,87.3,90.7,91.5,Pass,0.07138376374724786,Safe
1034,22,M08394,Morning,37.7,18.8,93.8,76.6,96.6,79.8,Defect,0.07138327609946661,Safe
7256,4,M03736,Afternoon,35.7,15.5,91.9,90.0,72.4,90.7,Pass,0.07137929178142266,Safe
6521,20,M03626,Morning,37.0,15.5,86.3,79.9,91.0,87.7,Pass,0.07137927754663172,Safe
419,20,M00581,Afternoon,39.3,18.0,89.7,83.0,79.9,85.2,Pass,0.071372864473064,Safe
5043,12,M02238,Morning,25.0,17.4,86.9,75.6,88.4,100.0,Pass,0.0713726583762661,Safe
5845,8,M00179,Night,35.7,17.1,86.8,95.7,74.8,83.9,Pass,0.07137149981087519,Safe
9052,6,M08244,Afternoon,31.0,17.1,86.8,92.4,81.4,82.8,Pass,0.07136548687196256,Safe
3109,24,M02015,Afternoon,34.3,16.5,80.8,85.0,87.8,95.6,Pass,0.07136346560683245,Safe
8004,6,M02578,Night,33.2,18.5,77.0,66.5,77.2,74.6,Pass,0.07136341028494991,Safe
5920,7,M02566,Afternoon,33.7,15.4,94.6,87.5,79.9,94.9,Pass,0.07135736452538714,Safe
3547,18,M04592,Morning,39.6,16.6,79.4,84.5,72.3,70.1,Pass,0.07135706364528603,Safe
115,2,M07386,Afternoon,36.1,15.2,80.3,73.3,77.0,87.9,Pass,0.07135052898678422,Safe
3217,15,M00523,Morning,35.6,17.3,91.9,80.0,91.2,91.7,Pass,0.07134809013110259,Safe
434,14,M09828,Morning,38.8,14.7,88.6,87.9,89.1,78.8,Pass,0.07134567338623782,Safe
7433,10,M07735,Morning,27.6,17.3,78.5,69.4,68.4,79.2,Pass,0.07134499517767669,Safe
8056,14,M08003,Morning,34.0,17.2,75.4,83.9,71.3,72.2,Pass,0.07134181155221717,Safe
9247,8,M03083,Afternoon,31.7,12.5,77.6,96.3,91.9,88.7,Pass,0.07134001759343342,Safe
3303,6,M01525,Afternoon,38.2,16.8,86.5,88.9,75.4,87.4,Pass,0.07133986932944321,Safe
731,24,M04638,Morning,30.0,18.8,76.7,66.2,82.1,85.9,Pass,0.07133937083138253,Safe
9251,24,M02390,Morning,33.7,16.1,88.8,70.1,81.4,84.5,Pass,0.07133696271007017,Safe
3047,21,M02820,Afternoon,31.8,15.9,88.6,83.8,81.1,88.8,Pass,0.07133670124192291,Safe
4520,17,M06798,Morning,32.3,16.6,72.2,77.9,83.2,82.5,Pass,0.07133350728643743,Safe
6443,22,M00580,Afternoon,41.6,17.6,95.9,84.0,95.1,83.4,Pass,0.07131863076414592,Safe
7862,23,M06840,Morning,30.9,16.1,91.1,79.9,92.9,87.7,Pass,0.07131372457092476,Safe
8773,11,M06682,Afternoon,34.7,12.8,87.2,91.8,83.0,80.3,Pass,0.07130836346907558,Safe
2586,8,M08767,Afternoon,25.8,15.3,80.5,86.1,88.5,91.6,Pass,0.07130774767698472,Safe
3121,18,M08550,Morning,42.1,17.7,87.2,79.3,84.8,92.2,Pass,0.07130265998368063,Safe
2947,16,M00911,Afternoon,38.5,18.0,83.6,68.4,73.0,79.6,Pass,0.07129704345124939,Safe
1571,17,M05464,Afternoon,33.9,12.9,92.9,82.0,92.3,73.6,Pass,0.07129339202718438,Safe
1550,6,M03634,Afternoon,33.0,15.4,88.6,74.0,90.7,88.7,Pass,0.0712915161886976,Safe
8214,10,M00487,Afternoon,40.2,15.7,79.7,79.4,71.5,88.9,Pass,0.07128993886103963,Safe
4459,12,M03114,Afternoon,32.5,18.7,88.8,90.5,90.6,88.2,Pass,0.07128923749670457,Safe
6031,6,M09345,Afternoon,33.5,16.3,99.3,75.7,89.8,90.0,Pass,0.07128831176845421,Safe
4804,25,M05875,Morning,30.9,16.2,97.7,83.6,76.6,89.1,Pass,0.07128808228578004,Safe
7182,6,M04754,Afternoon,36.9,15.9,88.6,69.1,79.1,74.3,Pass,0.0712878590996174,Safe
1241,11,M07971,Night,31.1,16.8,97.3,73.3,79.4,92.6,Pass,0.07128681528165828,Safe
2202,12,M07084,Morning,31.4,16.0,85.1,84.9,87.4,80.7,Pass,0.07128582543038578,Safe
3543,23,M06681,Morning,36.7,16.3,94.4,86.7,84.4,89.2,Pass,0.07128136014504788,Safe
822,12,M01297,Morning,32.7,14.9,90.4,85.5,86.3,85.9,Pass,0.0712805281606009,Safe
3398,20,M07187,Night,30.6,12.5,85.1,72.6,84.4,91.7,Pass,0.0712797837958032,Safe
3626,19,M00993,Morning,36.6,17.5,89.4,85.5,83.8,91.6,Pass,0.07127654469709643,Safe
3269,5,M01674,Afternoon,42.7,16.7,81.2,72.6,81.8,78.0,Pass,0.07127145510168406,Safe
8218,19,M04288,Morning,31.4,15.0,86.8,78.8,90.3,81.2,Pass,0.07126748096447262,Safe
334,22,M03010,Morning,35.3,16.4,86.7,96.7,86.5,77.0,Pass,0.07126702260600905,Safe
8580,8,M07873,Morning,36.9,15.5,73.3,89.4,70.2,85.2,Pass,0.07126337116332553,Safe
9041,16,M05891,Morning,35.8,14.0,98.8,99.1,81.0,86.0,Pass,0.07126261363093654,Safe
1136,12,M09107,Morning,34.3,16.1,79.1,92.7,83.0,98.0,Pass,0.07126045885458063,Safe
5664,5,M05819,Afternoon,35.8,17.6,95.6,98.5,88.5,77.2,Pass,0.07125729719523347,Safe
1372,19,M03565,Morning,35.2,14.9,81.9,76.9,80.4,69.3,Pass,0.07125588509724257,Safe
9878,12,M03045,Morning,33.7,15.5,86.5,82.0,94.3,95.6,Pass,0.07124720220047427,Safe
7812,19,M06896,Morning,41.1,15.8,73.2,72.7,83.9,80.4,Pass,0.07124054795952511,Safe
5585,9,M01391,Afternoon,31.0,13.8,92.6,94.7,100.0,100.0,Pass,0.07123989577697981,Safe
2159,1,M04799,Afternoon,38.0,15.1,98.0,90.2,89.1,100.0,Pass,0.07123984828962275,Safe
6118,9,M04518,Night,34.5,17.8,93.0,82.8,87.4,79.9,Pass,0.07123517703752748,Safe
5860,17,M02156,Afternoon,29.3,15.2,71.7,73.9,73.8,79.1,Pass,0.0712329497796437,Safe
9958,25,M01438,Night,34.1,18.7,71.5,75.4,83.2,82.5,Pass,0.07123230207180802,Safe
7982,18,M02763,Morning,34.0,14.9,88.5,78.1,82.1,92.4,Pass,0.07122989920257274,Safe
8791,14,M07314,Night,42.2,16.1,81.6,87.7,79.5,65.0,Pass,0.07122899647883758,Safe
1129,10,M06151,Morning,39.5,19.2,84.6,93.6,93.2,66.3,Pass,0.07122814415693535,Safe
9801,5,M09651,Night,35.2,15.9,88.4,82.7,67.4,91.0,Pass,0.0712280773984098,Safe
8830,2,M00365,Morning,39.1,15.5,72.2,92.2,78.3,80.3,Pass,0.07122714842910621,Safe
7387,21,M05907,Morning,36.1,16.6,84.3,70.9,87.0,77.5,Pass,0.07122663029367624,Safe
4067,19,M03279,Morning,28.5,16.6,78.6,90.3,88.1,87.6,Pass,0.0712265232704281,Safe
1921,25,M06296,Afternoon,29.1,16.8,99.0,93.0,82.7,89.0,Pass,0.07122198888516765,Safe
2116,3,M01639,Morning,34.2,15.0,75.3,95.0,77.0,70.8,Pass,0.07122035919055279,Safe
8473,11,M07025,Afternoon,33.2,15.8,83.6,86.7,89.1,91.5,Pass,0.07122028183916744,Safe
4850,7,M03983,Morning,37.5,14.4,72.3,71.5,85.1,74.3,Pass,0.07121308506549613,Safe
1570,19,M02434,Afternoon,31.9,15.6,79.9,85.5,91.2,85.3,Pass,0.07120670552103484,Safe
1981,1,M07398,Morning,35.0,18.3,92.1,81.7,93.9,92.1,Pass,0.07120356216400726,Safe
6529,25,M05586,Morning,36.2,14.7,85.3,74.6,100.0,84.1,Pass,0.07120121178741351,Safe
7915,19,M04585,Morning,35.7,15.7,99.9,95.9,96.0,98.7,Pass,0.07119545704405755,Safe
155,25,M01307,Night,38.1,15.6,92.2,75.0,82.1,89.1,Pass,0.07117938093876827,Safe
2026,7,M02786,Morning,28.9,15.9,88.8,76.1,84.8,84.0,Pass,0.07117750874474374,Safe
8891,23,M09633,Morning,37.3,14.8,94.4,74.7,81.3,98.4,Pass,0.07117662273803706,Safe
6717,10,M04077,Morning,30.5,14.3,93.9,85.2,90.9,91.9,Pass,0.07117173783621744,Safe
3782,6,M05167,Morning,40.2,13.9,82.5,87.9,85.2,81.6,Pass,0.07116915934491329,Safe
2668,23,M01788,Afternoon,34.3,15.3,96.9,100.0,74.4,75.6,Pass,0.07116791177075338,Safe
5743,16,M08043,Night,34.9,17.0,93.0,68.5,83.6,85.5,Pass,0.07116030082273059,Safe
6481,10,M00262,Afternoon,35.4,16.1,87.9,78.4,91.7,89.9,Pass,0.07115821955109693,Safe
1452,12,M02809,Afternoon,36.7,16.2,84.4,84.7,91.8,80.5,Pass,0.07115725401458466,Safe
3288,20,M07704,Night,36.4,16.3,88.8,84.7,85.0,83.3,Pass,0.07115620366763224,Safe
8572,15,M06153,Morning,30.6,15.5,98.4,85.8,84.1,93.5,Pass,0.07115561720953821,Safe
17,21,M06421,Morning,30.9,16.6,70.9,72.0,75.3,81.0,Pass,0.0711484348351942,Safe
4383,10,M09019,Afternoon,32.8,17.1,74.4,96.4,81.5,95.2,Pass,0.07114611107813941,Safe
5312,9,M04271,Afternoon,35.5,13.4,94.7,85.7,80.2,76.9,Pass,0.07114549168398952,Safe
3737,7,M04758,Afternoon,31.5,17.4,88.1,88.9,84.4,77.7,Pass,0.07114513023103096,Safe
6861,17,M09664,Morning,39.3,18.7,89.4,78.2,80.8,89.3,Pass,0.0711412049651035,Safe
9258,14,M03774,Morning,30.5,17.4,91.2,92.8,82.4,81.0,Pass,0.07113897633453319,Safe
2490,11,M06634,Morning,33.5,16.0,94.8,84.4,84.3,84.7,Pass,0.07113869089873621,Safe
5662,15,M02213,Morning,36.9,15.5,95.0,85.4,79.1,74.2,Pass,0.07113844155326354,Safe
5972,25,M03002,Morning,38.9,16.1,93.5,80.1,89.9,94.7,Pass,0.0711376287790006,Safe
3304,3,M08225,Morning,32.1,14.7,82.8,89.5,86.4,85.5,Pass,0.07113553051909731,Safe
6802,24,M04043,Morning,34.4,16.1,98.6,90.8,81.3,77.9,Pass,0.07113551760821088,Safe
9879,20,M06072,Afternoon,41.2,14.8,81.4,84.1,83.9,90.6,Pass,0.07113285368107815,Safe
8104,15,M05575,Morning,36.9,17.0,83.8,83.5,77.1,86.2,Pass,0.07113253049470163,Safe
6527,19,M00575,Morning,42.4,15.2,94.3,84.6,88.3,90.7,Pass,0.07112981639487216,Safe
5828,15,M08314,Morning,38.4,15.6,95.0,84.1,82.6,100.0,Pass,0.07112761707978767,Safe
8880,21,M04322,Morning,29.6,15.4,96.1,92.5,79.1,85.5,Pass,0.07112732130827808,Safe
8774,9,M03757,Afternoon,30.0,18.8,82.6,84.7,84.4,97.2,Pass,0.07112718716452605,Safe
3170,3,M05591,Afternoon,32.2,15.1,91.6,88.2,86.5,87.4,Pass,0.07112322535557239,Safe
3929,22,M00019,Afternoon,30.4,13.6,96.3,80.8,78.0,87.7,Pass,0.07111720087761866,Safe
4867,10,M09142,Morning,34.9,15.0,91.7,79.7,75.6,71.3,Pass,0.07111664797670116,Safe
9246,12,M08573,Night,40.9,17.8,84.9,73.6,76.7,70.8,Pass,0.07111539002817502,Safe
7739,18,M04214,Afternoon,35.2,14.6,69.1,65.9,81.1,82.1,Pass,0.07110960871275694,Safe
2449,25,M07897,Morning,41.3,16.4,82.5,68.5,85.7,76.9,Pass,0.07110835638944518,Safe
7216,14,M05154,Afternoon,33.7,17.3,92.7,84.7,69.1,72.7,Pass,0.07110683895340052,Safe
9731,24,M05066,Morning,36.6,19.0,86.6,78.3,79.2,74.2,Pass,0.07110299709751894,Safe
376,20,M03125,Morning,31.3,17.5,84.9,81.8,85.2,91.7,Pass,0.07109948647937375,Safe
2272,4,M02197,Morning,28.0,13.1,68.9,79.9,79.4,93.7,Pass,0.07109623671657513,Safe
7977,2,M08072,Night,37.3,15.0,74.6,69.2,82.6,76.4,Pass,0.07109474383892751,Safe
1280,18,M05914,Afternoon,34.8,14.9,83.4,73.9,76.4,76.1,Pass,0.07109123311262797,Safe
8305,23,M06461,Morning,39.8,15.7,83.8,75.1,89.5,77.3,Pass,0.07109089494782779,Safe
3018,16,M00476,Afternoon,34.0,16.2,87.4,91.4,86.4,100.0,Pass,0.07109018821795085,Safe
2041,11,M03268,Night,39.9,17.1,85.2,76.9,74.1,65.4,Pass,0.07108931260527379,Safe
2855,10,M02498,Morning,31.9,14.8,87.9,79.0,87.1,94.3,Pass,0.0710848364962151,Safe
5624,6,M04995,Night,27.9,16.8,85.7,77.0,82.1,87.2,Pass,0.07108441541030026,Safe
2314,9,M00449,Afternoon,34.7,16.5,81.2,80.2,87.0,93.1,Pass,0.07108298788938479,Safe
459,21,M05053,Morning,33.0,17.7,93.8,96.1,89.0,82.6,Pass,0.0710817586043418,Safe
218,21,M08339,Afternoon,32.6,17.7,90.8,72.9,95.0,77.0,Pass,0.07107970480762338,Safe
2857,5,M09102,Morning,40.4,14.5,85.0,88.4,75.2,99.2,Pass,0.07107773399947498,Safe
2037,8,M05300,Morning,37.0,17.1,84.6,79.6,87.3,100.0,Pass,0.07107637471048685,Safe
1164,12,M08429,Afternoon,28.5,15.8,96.4,83.2,89.5,86.9,Pass,0.07107474549351245,Safe
2499,22,M02091,Night,39.1,15.4,86.2,79.4,78.8,67.4,Pass,0.07106524707460951,Safe
4854,2,M03093,Morning,32.2,16.8,79.7,74.0,87.2,87.8,Pass,0.07106236724063658,Safe
2251,20,M09504,Morning,32.2,18.4,80.8,82.1,84.0,93.3,Pass,0.07105896245139863,Safe
7152,8,M07868,Morning,38.6,18.8,71.7,79.4,82.3,79.0,Pass,0.0710584220591784,Safe
7250,18,M02025,Night,31.3,15.3,81.7,70.4,80.2,83.2,Pass,0.07105804526373614,Safe
2104,20,M03851,Afternoon,34.6,13.5,97.1,89.9,92.7,80.1,Pass,0.07105671470308081,Safe
1537,10,M06636,Morning,31.2,16.4,90.3,75.3,83.9,91.6,Pass,0.07105432351762092,Safe
5129,19,M04363,Morning,30.2,16.1,86.1,83.8,83.9,90.9,Pass,0.07105430117840421,Safe
8422,13,M02466,Morning,37.7,16.7,84.5,70.4,81.9,79.5,Pass,0.07104781354872138,Safe
2783,14,M05411,Night,38.1,17.4,83.8,80.5,73.3,76.4,Pass,0.07103987101695956,Safe
1228,14,M00482,Morning,36.0,16.6,83.4,90.5,77.5,93.6,Pass,0.07103973969278872,Safe
4325,20,M09487,Night,33.8,17.4,88.2,73.2,87.5,91.2,Pass,0.0710354114731594,Safe
9089,8,M09687,Morning,29.7,16.2,82.0,90.4,79.5,91.4,Pass,0.07103318101926713,Safe
9145,11,M08124,Afternoon,30.0,14.0,84.7,89.9,90.5,82.8,Pass,0.07103204583951603,Safe
5200,20,M05664,Morning,40.5,14.9,72.2,71.6,82.3,75.3,Pass,0.0710312171557148,Safe
4974,15,M01882,Afternoon,42.3,13.2,85.9,92.6,88.2,82.5,Pass,0.07103013656346402,Safe
6277,20,M05813,Morning,35.1,18.2,77.7,64.2,83.2,90.2,Pass,0.07102910333443992,Safe
374,19,M03855,Afternoon,32.8,16.6,82.9,65.5,89.1,78.2,Pass,0.07102893294804914,Safe
4006,10,M09962,Morning,30.3,16.2,71.2,77.8,74.8,73.6,Pass,0.07102688426275346,Safe
1333,16,M03512,Morning,35.7,18.2,89.0,69.2,93.6,81.1,Pass,0.0710261547881067,Safe
7966,3,M03385,Morning,37.3,15.2,87.1,72.9,80.1,88.5,Pass,0.07101986598393668,Safe
3203,7,M09299,Morning,37.4,15.2,95.0,85.5,78.6,85.6,Pass,0.07101960954932765,Safe
7802,10,M03621,Morning,42.4,18.1,88.4,95.9,76.0,84.3,Pass,0.07100504833523033,Safe
5635,25,M04923,Morning,32.7,17.4,67.1,68.3,88.3,78.7,Pass,0.0710041862531388,Safe
1898,24,M02360,Morning,32.6,16.8,91.0,88.7,87.8,85.6,Pass,0.07100253405091177,Safe
613,15,M06191,Afternoon,39.3,14.9,94.1,93.3,91.7,90.9,Pass,0.07100222153591705,Safe
8788,3,M08904,Afternoon,38.2,15.0,72.3,80.2,81.5,85.0,Pass,0.07099761491071774,Safe
288,16,M05896,Afternoon,34.6,16.9,90.1,82.2,91.0,93.8,Pass,0.07099658005368738,Safe
6812,24,M01075,Morning,32.0,17.9,88.3,91.3,89.8,87.1,Pass,0.0709963242684206,Safe
8045,23,M05464,Afternoon,33.4,17.6,100.0,89.5,92.8,86.0,Defect,0.07099370694637529,Safe
7214,4,M08418,Afternoon,35.3,15.3,84.9,76.6,76.1,75.7,Pass,0.07098864827493408,Safe
7278,21,M02687,Morning,37.4,16.4,100.0,100.0,85.8,91.3,Pass,0.07098725718802507,Safe
639,22,M04836,Morning,35.9,17.9,83.7,89.6,94.9,100.0,Pass,0.07098122703894744,Safe
1095,7,M04927,Morning,37.4,16.8,81.7,86.3,76.4,93.4,Pass,0.07097968421377858,Safe
323,14,M01817,Afternoon,33.7,16.1,84.8,79.2,87.0,89.6,Defect,0.07097906259374094,Safe
6428,2,M06812,Night,35.9,15.9,88.1,69.1,75.5,81.2,Pass,0.0709708105193329,Safe
5669,21,M06147,Morning,44.0,16.5,85.8,96.4,84.2,76.6,Pass,0.07097055197329319,Safe
5724,1,M03200,Morning,38.6,16.5,94.7,85.2,88.4,88.7,Pass,0.07096675842375967,Safe
8789,11,M02587,Morning,36.2,15.8,82.4,83.0,87.9,90.0,Pass,0.07095386133491405,Safe
1003,10,M03532,Night,32.6,14.5,68.2,73.4,75.7,77.6,Pass,0.07095353500316465,Safe
8424,13,M07850,Morning,38.8,16.9,88.2,84.5,91.9,80.8,Pass,0.07095138274954688,Safe
1777,20,M09111,Afternoon,33.1,17.5,81.6,68.3,75.2,81.6,Pass,0.07094958224203171,Safe
9443,1,M01051,Morning,29.2,17.1,88.3,90.2,86.1,79.2,Pass,0.07094575044795427,Safe
108,9,M02732,Night,38.0,15.9,79.6,84.2,74.9,64.1,Pass,0.07093596415393584,Safe
2471,11,M02540,Morning,34.0,18.1,88.6,86.9,85.8,80.8,Pass,0.07093369140686856,Safe
3055,21,M08017,Afternoon,35.0,16.7,83.7,100.0,90.3,84.2,Pass,0.07093085312084121,Safe
2484,10,M06589,Morning,36.5,15.8,83.3,71.3,70.0,75.8,Pass,0.07092468952845249,Safe
7889,14,M00890,Morning,34.6,18.6,79.3,68.0,72.0,86.0,Pass,0.07092286422812827,Safe
5105,13,M00924,Morning,35.7,15.4,79.1,68.4,87.5,83.2,Pass,0.07091988097303148,Safe
6421,18,M01335,Night,34.8,15.6,69.3,75.1,73.1,83.7,Pass,0.07091937969733816,Safe
9961,3,M05732,Afternoon,37.9,15.7,90.4,85.8,84.6,87.2,Pass,0.07091735391220634,Safe
5946,7,M03673,Morning,42.4,16.3,85.3,85.3,82.6,98.0,Pass,0.07091556730096137,Safe
8299,15,M00540,Morning,37.1,15.8,93.6,85.3,88.1,78.2,Pass,0.0709142825328097,Safe
8750,19,M07013,Morning,39.6,17.6,91.0,86.9,75.4,98.1,Pass,0.07091137619540241,Safe
8756,6,M04019,Night,31.3,16.4,74.1,77.2,73.7,77.1,Pass,0.070905830980093,Safe
6551,4,M00723,Morning,34.6,15.2,86.0,82.2,84.2,84.3,Pass,0.0709048765102828,Safe
4933,3,M06855,Night,38.2,13.2,88.1,87.4,80.8,85.5,Pass,0.07088752586699604,Safe
7716,12,M03846,Night,41.5,14.5,85.6,85.6,90.5,96.8,Pass,0.07088671103965734,Safe
7569,9,M03868,Night,40.4,17.5,85.6,89.3,85.9,76.5,Defect,0.07088022501440126,Safe
6045,15,M07329,Afternoon,39.2,16.2,100.0,77.4,94.4,88.2,Pass,0.07087207452965931,Safe
5888,23,M01068,Night,36.4,16.5,85.5,87.5,83.9,90.7,Pass,0.07086711596543088,Safe
4232,1,M05867,Afternoon,34.3,14.4,85.1,91.2,88.1,80.1,Pass,0.07086680312206592,Safe
7271,21,M07530,Morning,33.2,17.1,100.0,100.0,83.1,98.1,Pass,0.07086471401188181,Safe
743,2,M03580,Afternoon,33.4,17.1,90.5,76.0,86.4,67.1,Pass,0.07086077163401508,Safe
6414,11,M00707,Morning,32.9,18.8,81.6,81.8,78.4,82.4,Pass,0.07085924461879407,Safe
2858,17,M04659,Morning,38.4,15.5,90.6,76.4,83.3,89.4,Pass,0.07085899838563847,Safe
4288,15,M01037,Afternoon,34.1,15.0,82.3,72.7,78.1,77.7,Defect,0.07085561590633646,Safe
3670,6,M00888,Afternoon,35.5,15.1,100.0,81.8,92.3,83.7,Pass,0.07085432947337451,Safe
1970,19,M05473,Morning,38.0,17.2,79.5,81.9,75.9,72.2,Pass,0.0708530090105055,Safe
7383,23,M07957,Night,32.5,15.2,74.4,80.2,73.9,84.9,Pass,0.07085012250189288,Safe
1409,24,M00955,Afternoon,34.2,18.0,100.0,81.3,95.5,84.2,Pass,0.07084178070069864,Safe
9891,8,M00794,Afternoon,34.1,15.9,81.4,74.8,76.2,80.1,Pass,0.07083802793205014,Safe
5016,14,M03790,Morning,34.3,16.0,100.0,92.2,85.7,90.5,Pass,0.07083389734820224,Safe
5074,25,M02077,Morning,36.7,15.1,94.1,84.4,80.7,91.1,Pass,0.07083359930760656,Safe
4207,16,M07390,Afternoon,34.6,17.5,93.8,77.6,88.8,100.0,Pass,0.07083329599965799,Safe
9802,14,M09047,Morning,33.5,17.6,74.4,71.5,71.3,79.9,Pass,0.07083161319494426,Safe
7411,23,M05520,Afternoon,40.1,18.4,84.4,69.1,81.5,76.0,Pass,0.07082555587015571,Safe
567,16,M01366,Morning,40.4,14.0,100.0,89.7,87.3,100.0,Pass,0.07082508212903005,Safe
5968,3,M04213,Morning,35.4,15.5,96.8,87.2,98.0,85.2,Pass,0.07082497793108845,Safe
231,23,M08121,Night,27.6,17.4,91.6,90.4,89.0,90.1,Pass,0.07082429615361577,Safe
3869,24,M08469,Afternoon,32.4,17.9,86.8,73.7,84.5,85.4,Pass,0.07082156102348662,Safe
5192,22,M07681,Afternoon,29.9,13.9,89.9,84.3,93.6,76.8,Pass,0.07081805776322567,Safe
3143,20,M01589,Afternoon,28.1,14.1,84.3,83.4,75.6,77.5,Pass,0.0708151365547829,Safe
1502,9,M05127,Afternoon,25.8,18.2,94.3,89.0,100.0,91.2,Pass,0.07080414883014632,Safe
7940,4,M00967,Afternoon,37.0,15.3,85.8,89.4,89.0,86.8,Pass,0.07080036323806742,Safe
3425,12,M02469,Night,33.6,15.9,84.3,80.1,71.9,87.6,Pass,0.07079892157435382,Safe
5224,20,M02647,Morning,37.2,15.5,88.2,89.9,78.8,80.3,Pass,0.07079809636025565,Safe
7715,13,M05317,Morning,37.5,16.8,91.1,80.8,87.3,83.1,Pass,0.07079686447424134,Safe
7677,23,M07631,Afternoon,39.3,14.1,94.2,100.0,88.8,89.4,Pass,0.07078672400670076,Safe
7459,6,M08329,Morning,31.2,13.6,74.6,70.8,86.4,76.7,Pass,0.07078648947841193,Safe
1856,23,M06472,Morning,25.8,17.1,91.3,73.3,90.0,72.0,Pass,0.07077585080574438,Safe
3116,5,M00188,Night,36.6,17.4,82.6,82.7,73.3,93.1,Pass,0.07077161098546603,Safe
7520,22,M08713,Morning,30.2,16.2,99.6,95.6,89.3,99.7,Pass,0.07076537184444331,Safe
9548,12,M05559,Morning,40.4,14.9,81.4,72.3,84.3,75.5,Pass,0.07076416022436115,Safe
3467,16,M08308,Afternoon,37.9,14.9,94.4,77.6,85.9,100.0,Pass,0.07075755663698274,Safe
9656,15,M09423,Afternoon,36.7,18.0,87.6,76.0,92.1,90.7,Pass,0.07075637203624602,Safe
5457,25,M07258,Morning,32.3,15.4,82.8,87.6,90.8,76.6,Pass,0.07075495389633678,Safe
4906,1,M01162,Morning,28.5,14.7,72.3,89.1,74.6,100.0,Pass,0.07075439919007305,Safe
8731,12,M03874,Morning,37.6,15.7,72.0,100.0,78.7,78.1,Pass,0.0707496440891569,Safe
9903,19,M01117,Morning,37.2,14.1,89.3,72.2,98.4,72.0,Pass,0.07074940541524272,Safe
9176,16,M03320,Morning,33.4,16.7,87.9,88.9,87.7,95.7,Pass,0.07074730182092157,Safe
8734,21,M00774,Afternoon,29.9,13.6,91.3,87.8,86.1,87.6,Pass,0.07074662315379017,Safe
9786,20,M07359,Night,34.9,15.4,96.8,83.3,83.3,80.9,Pass,0.07073455423887169,Safe
1523,20,M00989,Morning,37.0,17.7,100.0,92.3,79.9,92.8,Pass,0.07072640486524501,Safe
3684,6,M03766,Morning,32.8,16.4,83.9,87.5,80.6,91.0,Pass,0.07072327492974238,Safe
1822,13,M09540,Morning,32.5,17.2,76.9,69.4,74.0,77.9,Pass,0.07071867787285725,Safe
134,15,M01758,Morning,42.5,15.9,70.7,79.2,81.3,79.7,Pass,0.07071804915818367,Safe
7691,16,M02723,Morning,41.2,14.8,99.4,79.5,95.1,83.5,Pass,0.07071732546480859,Safe
8837,16,M05449,Afternoon,37.1,15.2,90.2,74.8,100.0,100.0,Pass,0.07071363905700319,Safe
3950,17,M09541,Morning,35.8,15.2,74.4,77.3,73.0,81.9,Pass,0.07071150595959595,Safe
3825,14,M03259,Morning,28.6,17.7,92.4,68.0,75.9,68.3,Pass,0.07069791466832885,Safe
3270,18,M06709,Afternoon,37.0,13.6,79.4,73.6,70.8,76.7,Pass,0.07069628881268704,Safe
7713,6,M00405,Morning,25.0,15.5,100.0,73.8,84.9,74.4,Pass,0.0706951307654314,Safe
9491,12,M05138,Afternoon,33.2,18.6,63.1,72.8,86.2,83.6,Pass,0.07069248904703353,Safe
4925,13,M02655,Morning,43.6,17.2,88.0,90.5,86.9,89.3,Pass,0.07068915244571086,Safe
9147,8,M08662,Morning,37.3,15.9,86.7,91.2,78.0,95.7,Pass,0.07068607718354486,Safe
6155,16,M02568,Morning,36.3,13.0,81.9,72.9,73.1,72.6,Pass,0.07067936743288224,Safe
3615,16,M03491,Morning,36.4,14.9,94.4,80.2,92.5,79.7,Pass,0.07067675526196604,Safe
7973,3,M06949,Morning,39.7,15.6,88.8,90.6,91.2,98.7,Pass,0.07067424186217874,Safe
1130,9,M04426,Morning,35.6,15.7,89.8,86.5,80.2,92.1,Pass,0.07067347915747764,Safe
2155,9,M00164,Morning,38.1,14.8,93.9,71.4,78.3,100.0,Pass,0.07067262305557252,Safe
8611,4,M04785,Afternoon,37.6,16.6,82.4,68.7,81.5,77.8,Pass,0.07067148224158655,Safe
8337,19,M00584,Night,41.5,15.2,89.8,89.3,86.2,86.3,Pass,0.07066985023804082,Safe
6317,20,M02804,Afternoon,26.9,17.3,80.9,71.8,84.4,77.1,Pass,0.07066648094060597,Safe
2505,7,M01538,Morning,34.3,15.1,74.2,86.3,81.9,93.7,Pass,0.07066561390089447,Safe
2150,7,M08434,Night,39.2,18.1,87.8,83.6,84.8,82.5,Pass,0.07066418906343305,Safe
4401,19,M03969,Morning,37.3,16.9,89.2,85.8,90.4,87.3,Pass,0.07066369909146862,Safe
3036,6,M01947,Morning,33.9,15.4,79.3,80.7,96.8,63.1,Pass,0.07066058377970653,Safe
594,3,M09577,Morning,30.4,18.5,91.4,92.1,83.4,94.7,Pass,0.07065895716955822,Safe
3409,1,M02896,Morning,31.3,16.8,94.5,88.2,84.3,92.4,Pass,0.0706529039244165,Safe
9366,25,M00254,Afternoon,44.2,18.4,76.4,76.6,87.0,74.8,Pass,0.07065162571105443,Safe
118,17,M09063,Morning,37.5,18.5,83.3,95.3,83.6,93.1,Pass,0.07064922901971166,Safe
6539,1,M06118,Afternoon,30.6,14.2,77.6,94.4,78.2,93.3,Pass,0.0706362976926266,Safe
7813,24,M01160,Morning,31.9,14.6,89.3,80.7,89.0,86.6,Pass,0.07063586378964612,Safe
69,1,M09468,Morning,39.9,16.1,94.1,74.3,77.2,68.1,Pass,0.0706279380651529,Safe
739,2,M06328,Afternoon,35.4,14.8,72.5,94.0,83.4,100.0,Pass,0.07062681901757444,Safe
4913,12,M08208,Afternoon,40.5,16.0,100.0,95.2,76.7,94.9,Pass,0.070623779354473,Safe
7586,25,M03175,Afternoon,33.4,16.6,92.1,76.2,93.5,92.8,Pass,0.07062201015074566,Safe
1935,2,M03041,Afternoon,36.9,13.6,76.5,73.1,80.0,67.4,Pass,0.07062190021610579,Safe
3402,12,M09476,Morning,28.5,15.5,85.2,96.4,88.3,89.7,Pass,0.07061696165660133,Safe
1422,1,M04037,Afternoon,37.3,16.2,86.3,94.3,86.0,86.8,Pass,0.07061459401691635,Safe
8844,13,M05007,Night,44.8,15.9,94.8,78.4,95.4,92.9,Pass,0.07060372108088296,Safe
8933,9,M00637,Morning,34.0,17.3,84.7,89.1,88.6,97.4,Pass,0.07060275908457223,Safe
2382,1,M01170,Night,31.9,18.4,93.5,85.9,86.6,83.6,Pass,0.07060227650303695,Safe
8186,1,M00106,Morning,37.4,16.8,75.8,81.5,84.7,63.4,Pass,0.07059536090066086,Safe
1643,7,M07180,Afternoon,42.0,16.3,68.9,83.6,75.0,90.4,Pass,0.0705864346587847,Safe
1024,11,M02873,Night,26.9,15.2,82.4,72.4,80.7,64.9,Pass,0.07058428197492451,Safe
8193,5,M00110,Morning,35.1,16.7,84.7,70.3,86.0,79.2,Pass,0.07058017486621088,Safe
169,22,M03305,Morning,37.0,15.5,93.8,70.9,83.2,86.0,Pass,0.07057777381784663,Safe
1264,1,M02709,Afternoon,35.6,18.2,66.7,84.7,75.9,73.3,Pass,0.07057418322234128,Safe
436,24,M09950,Afternoon,37.7,14.6,73.0,68.7,86.9,83.3,Pass,0.07056226754553632,Safe
9370,4,M07679,Afternoon,36.7,18.1,84.8,70.9,86.3,75.5,Pass,0.07056132958858977,Safe
331,15,M07456,Morning,33.7,16.7,81.3,82.1,87.3,84.6,Pass,0.07055876618720112,Safe
473,8,M02083,Morning,31.1,15.8,96.4,87.9,76.1,99.6,Pass,0.07055814779502365,Safe
4449,9,M03872,Morning,38.0,15.1,90.8,91.0,78.7,80.0,Pass,0.07055370773469745,Safe
2695,21,M04089,Night,35.3,16.1,78.2,81.6,67.6,75.3,Pass,0.07055003970790223,Safe
3481,10,M05521,Morning,30.8,15.6,88.4,87.2,84.5,78.3,Pass,0.07054237346427868,Safe
2200,10,M09048,Morning,35.7,14.9,89.4,78.1,77.7,86.0,Pass,0.07053112416958088,Safe
9854,16,M06652,Afternoon,36.5,14.9,89.3,96.0,92.5,92.9,Pass,0.07052599122704287,Safe
139,25,M03243,Morning,35.4,15.0,77.7,68.5,78.5,87.6,Pass,0.0705217444697954,Safe
5676,23,M00447,Morning,25.0,17.7,84.2,78.9,79.6,89.3,Pass,0.07052006988156376,Safe
5313,18,M06020,Night,28.8,14.5,94.0,80.9,74.5,86.1,Pass,0.07051946178411847,Safe
795,21,M00056,Morning,36.5,15.1,84.5,82.7,92.7,89.8,Pass,0.07051749462228367,Safe
3983,18,M02105,Morning,31.6,15.4,74.4,80.2,69.4,96.1,Pass,0.07051114626302038,Safe
5218,4,M06366,Afternoon,41.3,12.7,87.6,83.3,89.5,77.5,Pass,0.07051023638684346,Safe
4537,25,M02399,Afternoon,35.5,16.4,86.6,89.9,85.7,94.7,Pass,0.07050824988512903,Safe
6396,11,M00247,Morning,41.8,16.8,70.7,70.6,84.3,82.7,Pass,0.0705062838621853,Safe
673,10,M01634,Morning,40.9,17.4,100.0,74.9,84.6,86.4,Pass,0.07050615546554603,Safe
3556,12,M03274,Afternoon,32.2,17.9,74.0,100.0,82.3,92.4,Pass,0.07050429089922282,Safe
5330,13,M06257,Afternoon,35.7,16.0,83.5,85.4,88.4,87.2,Pass,0.07049495755352793,Safe
8249,8,M02368,Night,36.5,14.4,87.4,84.4,93.5,81.7,Pass,0.07049325643472465,Safe
2794,22,M04651,Morning,38.9,14.5,86.7,79.0,91.5,83.6,Pass,0.07048953101206287,Safe
9383,9,M05540,Afternoon,36.9,15.5,67.5,86.3,78.9,81.2,Pass,0.07048767675321557,Safe
5596,22,M05587,Afternoon,30.9,15.0,85.8,83.8,86.6,91.9,Pass,0.07048625337577867,Safe
1744,20,M01743,Morning,32.9,15.7,88.7,75.7,82.6,92.2,Pass,0.07047087957306869,Safe
6622,19,M06607,Afternoon,35.3,13.2,76.5,72.2,76.9,74.1,Pass,0.07046785740307504,Safe
5444,19,M05586,Night,25.7,18.6,82.7,79.8,76.7,79.3,Pass,0.07046411289480879,Safe
9446,8,M05485,Morning,38.0,15.5,91.7,92.0,81.2,73.2,Pass,0.07045900149735665,Safe
7652,4,M03330,Morning,32.4,17.0,85.7,89.9,83.5,82.3,Pass,0.07045413993442273,Safe
7465,24,M05994,Morning,34.2,14.6,91.2,68.6,91.1,97.1,Pass,0.07044463794877934,Safe
4030,11,M02855,Morning,33.8,14.4,98.0,90.4,95.8,76.8,Pass,0.07043770184180087,Safe
4108,11,M00690,Morning,28.5,16.1,82.1,77.7,89.0,82.7,Pass,0.0704329400447266,Safe
3201,7,M05572,Afternoon,31.3,16.9,82.5,80.8,88.0,87.1,Pass,0.07042265767905835,Safe
5344,7,M03918,Morning,34.4,17.3,91.9,67.8,90.5,77.9,Pass,0.07041886752796685,Safe
5042,11,M05230,Afternoon,36.6,16.9,85.1,71.2,81.6,76.8,Pass,0.07041749310228221,Safe
1145,1,M04567,Morning,39.1,13.7,84.1,84.8,80.8,87.1,Pass,0.07041729823632836,Safe
1363,22,M09656,Afternoon,35.1,16.7,99.0,76.8,76.4,98.2,Pass,0.0704141801306141,Safe
6744,20,M07407,Night,35.0,16.7,89.2,82.8,81.9,91.6,Pass,0.07041393870141553,Safe
3908,8,M04734,Morning,40.9,15.9,90.0,81.1,88.0,98.9,Pass,0.07040969001436335,Safe
7935,9,M08729,Morning,36.6,17.9,85.4,72.2,74.5,81.2,Pass,0.07040498808455878,Safe
5283,8,M09847,Morning,33.4,16.2,85.5,83.2,79.4,78.2,Pass,0.07040306711129025,Safe
2083,6,M00964,Afternoon,37.1,16.9,94.2,82.1,91.3,91.3,Pass,0.07039972731039888,Safe
9877,14,M03093,Morning,29.7,14.6,96.6,85.9,87.6,79.3,Pass,0.07039650119116621,Safe
4439,16,M07070,Night,37.8,16.7,89.9,79.8,94.0,81.7,Pass,0.07039280120775313,Safe
6822,15,M00502,Afternoon,37.3,16.9,91.4,86.8,86.2,82.7,Pass,0.07038385269093367,Safe
6576,19,M02940,Afternoon,36.3,12.9,84.1,76.4,89.2,87.5,Pass,0.07036162525983056,Safe
2859,22,M07545,Morning,31.3,13.9,100.0,100.0,82.7,89.1,Pass,0.07036122470873038,Safe
2659,22,M06371,Morning,38.5,15.4,69.5,75.7,86.0,68.5,Pass,0.07035668895943074,Safe
1962,8,M05700,Afternoon,35.1,13.2,86.9,88.9,89.7,74.5,Pass,0.07035488354328137,Safe
8191,25,M00308,Night,34.0,15.6,88.4,72.4,79.6,95.4,Pass,0.07035344146151913,Safe
5186,1,M01540,Night,37.3,13.6,81.4,88.1,79.1,87.6,Pass,0.0703516575856389,Safe
6454,19,M01468,Morning,37.4,14.5,85.6,93.1,89.9,83.5,Pass,0.07034447937062104,Safe
5859,15,M03399,Morning,32.2,15.3,77.4,70.4,68.7,78.9,Pass,0.0703444558190564,Safe
7874,3,M07214,Night,28.0,16.5,91.4,91.0,84.2,87.2,Pass,0.07034258303984754,Safe
4236,14,M09147,Morning,37.3,16.4,90.8,82.4,90.1,96.3,Pass,0.07033781702863841,Safe
7752,14,M03642,Afternoon,34.0,16.4,87.8,85.2,79.8,83.7,Pass,0.07033775056938284,Safe
4959,12,M09590,Morning,32.3,15.9,83.9,89.9,89.8,86.1,Pass,0.0703375724801722,Safe
9796,18,M08105,Afternoon,32.9,19.0,71.5,75.7,76.9,84.1,Pass,0.07033083617562973,Safe
199,17,M02328,Night,40.1,18.6,79.6,72.5,75.9,85.1,Pass,0.07032930047118115,Safe
1553,5,M06060,Night,37.9,16.3,83.9,82.5,84.9,89.5,Pass,0.07032034971832396,Safe
7854,13,M04037,Morning,30.2,15.9,91.2,89.3,84.5,76.0,Pass,0.07031908550310131,Safe
6772,3,M00565,Night,35.2,17.2,69.7,89.4,74.4,67.3,Pass,0.07031843510601973,Safe
3789,17,M05040,Morning,39.1,16.0,87.2,74.5,80.6,83.6,Pass,0.07031650944556257,Safe
830,14,M09796,Afternoon,34.5,17.3,84.9,77.9,78.8,84.1,Pass,0.07031478916272717,Safe
9015,21,M07346,Morning,26.9,17.4,78.4,75.2,78.1,83.0,Pass,0.07031421055276998,Safe
1951,18,M06653,Morning,31.1,15.0,90.5,75.4,90.5,82.5,Pass,0.07031352632049086,Safe
6242,16,M04958,Morning,39.8,16.2,81.0,87.7,81.8,90.1,Pass,0.07030798179759067,Safe
431,3,M06618,Morning,38.5,16.0,88.8,84.8,85.2,76.6,Pass,0.0703077970044135,Safe
7492,9,M09355,Morning,36.2,16.9,89.7,90.1,81.8,76.7,Pass,0.070305621145513,Safe
4651,6,M02463,Morning,32.7,15.7,92.6,91.8,79.0,91.5,Pass,0.070303734896373,Safe
6828,5,M00970,Morning,40.8,16.2,86.8,94.0,89.7,79.1,Pass,0.07030338152281813,Safe
9583,24,M09066,Morning,33.0,13.5,91.9,89.7,85.0,88.4,Pass,0.07030151829253774,Safe
725,25,M07003,Afternoon,31.1,17.6,86.3,80.0,66.1,79.2,Pass,0.07029499976440494,Safe
9504,25,M06038,Night,37.4,14.4,90.8,99.7,71.1,74.7,Pass,0.07029143918621052,Safe
3880,23,M09429,Morning,33.7,17.1,92.1,82.9,75.6,86.6,Pass,0.07028851652712244,Safe
1878,3,M04883,Afternoon,34.9,14.1,91.9,82.8,85.6,94.4,Pass,0.07028694517185406,Safe
2849,16,M02703,Afternoon,39.1,17.8,89.1,67.2,76.2,77.5,Pass,0.0702811617189262,Safe
2497,3,M06172,Afternoon,34.4,15.5,93.1,80.2,74.3,81.4,Pass,0.07028010225089373,Safe
1210,12,M09329,Night,36.2,14.4,76.2,77.0,75.7,69.2,Pass,0.07027801655334544,Safe
9080,14,M00601,Morning,36.0,14.2,89.8,92.5,84.7,79.1,Pass,0.07027571367132888,Safe
838,19,M07944,Morning,33.6,17.7,86.2,75.9,83.6,85.0,Pass,0.07027421997296074,Safe
5495,21,M04624,Afternoon,39.4,16.2,89.6,72.3,76.4,80.4,Pass,0.0702701014355408,Safe
6673,9,M00846,Morning,42.4,16.8,80.4,98.8,92.3,89.9,Pass,0.07026902017000608,Safe
1332,10,M00272,Afternoon,30.3,17.0,91.2,84.8,78.9,88.9,Pass,0.07026881132155904,Safe
2930,18,M09650,Morning,32.6,13.8,85.7,87.6,93.2,90.1,Pass,0.07026854122051697,Safe
7328,9,M04869,Afternoon,31.5,17.7,87.4,75.5,88.2,88.9,Pass,0.0702685360744558,Safe
9388,12,M03149,Morning,30.9,16.3,85.7,93.0,76.9,87.5,Pass,0.07026819805588884,Safe
6100,5,M02132,Night,36.3,17.0,83.5,97.4,71.4,83.4,Pass,0.07026388145950647,Safe
3587,10,M02525,Afternoon,34.9,18.1,77.4,68.6,68.9,84.9,Pass,0.07025217375119411,Safe
50,5,M07100,Morning,29.8,15.6,86.3,84.6,81.6,84.3,Pass,0.070246832776279,Safe
6930,24,M05578,Afternoon,33.4,13.4,82.6,88.4,92.1,77.0,Pass,0.07024663413953579,Safe
9970,16,M08325,Morning,29.3,18.0,90.6,69.5,76.0,86.3,Pass,0.07024552177623843,Safe
381,2,M05316,Morning,28.6,14.2,88.9,80.9,96.0,80.6,Pass,0.07024534225445386,Safe
3242,18,M04073,Afternoon,38.1,16.9,66.8,72.7,87.5,74.0,Pass,0.07024503329454819,Safe
5810,9,M09600,Afternoon,32.3,17.4,90.2,82.7,88.3,100.0,Pass,0.07024128779929098,Safe
3037,25,M02809,Afternoon,28.8,15.5,90.5,80.8,80.7,98.4,Pass,0.07023000389568597,Safe
1762,9,M09228,Night,33.3,16.0,89.4,72.0,75.8,63.1,Pass,0.07022926009131954,Safe
9372,11,M04638,Morning,31.9,16.0,94.8,86.3,83.1,92.4,Pass,0.07022854953563634,Safe
889,22,M03745,Morning,34.1,18.1,87.2,89.7,82.3,85.5,Pass,0.07022769268345784,Safe
7496,24,M03982,Morning,28.3,16.5,76.7,86.5,88.2,92.2,Pass,0.0702269163979632,Safe
659,14,M08990,Afternoon,37.9,18.8,83.1,100.0,90.9,100.0,Pass,0.0702180713280226,Safe
5096,19,M04040,Afternoon,35.4,17.6,84.6,89.7,94.9,82.0,Pass,0.07021488782292083,Safe
6148,9,M08522,Afternoon,34.5,15.6,90.9,72.2,79.0,80.6,Pass,0.0702087928811908,Safe
8289,23,M07233,Morning,34.9,17.1,92.3,78.3,84.2,84.3,Pass,0.0702085350328507,Safe
5942,25,M08322,Morning,38.2,14.8,88.6,89.2,91.7,93.5,Pass,0.07020191348146838,Safe
1584,3,M04198,Afternoon,27.7,16.3,77.3,84.7,87.5,98.7,Pass,0.07019648216102718,Safe
3987,7,M02608,Morning,29.4,15.8,93.0,78.9,83.7,95.8,Pass,0.07019634326617051,Safe
3034,23,M02455,Morning,38.1,16.4,93.9,82.2,85.0,92.2,Pass,0.07019476578698683,Safe
8512,19,M04946,Afternoon,34.1,17.0,92.6,86.7,73.6,85.5,Pass,0.07019452724778291,Safe
1634,14,M00900,Night,39.1,15.4,93.0,86.3,76.7,80.8,Pass,0.07019440839627221,Safe
621,18,M03331,Morning,33.8,15.0,71.6,73.7,76.6,77.1,Pass,0.07019406314492485,Safe
4222,2,M08136,Afternoon,38.8,16.7,72.2,88.1,91.7,85.3,Pass,0.0701932473252411,Safe
1594,20,M02721,Morning,36.7,14.4,91.0,80.6,93.4,100.0,Pass,0.07018834273621735,Safe
5979,10,M08045,Afternoon,38.2,16.8,80.8,68.5,77.8,90.9,Pass,0.07018278522473623,Safe
3490,25,M07471,Afternoon,33.3,17.1,88.9,70.4,92.7,71.4,Pass,0.0701788176778508,Safe
5009,23,M08045,Morning,32.1,14.5,86.3,89.4,89.6,85.7,Pass,0.070178771352794,Safe
9123,17,M04176,Afternoon,35.1,14.3,100.0,92.5,85.5,82.7,Pass,0.07017824367134712,Safe
5620,14,M06041,Morning,37.3,16.1,93.1,95.3,91.3,79.4,Pass,0.07017812730290152,Safe
4789,17,M09994,Afternoon,32.4,17.5,78.6,74.8,76.4,67.0,Pass,0.07017690639134683,Safe
582,20,M04187,Night,34.4,15.6,87.6,69.7,85.2,75.9,Pass,0.07017081440255,Safe
2124,20,M00420,Afternoon,35.4,17.6,92.7,80.5,78.1,85.5,Pass,0.070168949161173,Safe
4929,7,M00321,Afternoon,37.9,14.3,92.6,80.2,84.5,79.7,Pass,0.07016880481858824,Safe
8463,11,M03145,Morning,35.6,16.0,75.5,69.9,75.6,81.2,Pass,0.07016720101086463,Safe
9401,4,M07499,Afternoon,35.7,16.2,86.5,68.7,72.3,76.7,Pass,0.070163749084505,Safe
5726,22,M09131,Afternoon,33.5,15.4,74.9,69.7,81.5,70.4,Pass,0.07016272404147139,Safe
8623,15,M08206,Afternoon,35.3,16.6,79.7,80.3,86.8,97.4,Pass,0.07016109644723058,Safe
1753,19,M09236,Morning,37.6,17.7,92.8,95.1,86.4,84.4,Pass,0.07014321933799397,Safe
7301,4,M08124,Morning,27.3,17.9,85.0,79.6,80.3,71.3,Pass,0.07014220742687438,Safe
2901,15,M00360,Morning,34.1,17.3,80.5,79.6,87.1,89.2,Pass,0.07014159377927569,Safe
6434,16,M08606,Afternoon,41.8,15.9,71.3,91.4,69.8,83.5,Pass,0.07014066092541206,Safe
2693,22,M04758,Morning,25.0,15.6,81.4,73.4,85.5,85.3,Pass,0.07013815347260252,Safe
6600,21,M03484,Afternoon,38.7,16.1,70.7,85.1,74.0,73.8,Pass,0.07012789801943763,Safe
5002,17,M04536,Afternoon,36.7,16.8,78.6,85.4,91.4,82.0,Pass,0.07012556818703838,Safe
1496,11,M08477,Afternoon,37.4,16.7,77.3,70.8,83.1,74.3,Pass,0.07012457876841303,Safe
1499,9,M05347,Morning,25.0,16.6,76.5,88.1,80.7,85.3,Pass,0.07011511377859365,Safe
9798,20,M02530,Afternoon,38.8,14.1,94.8,91.5,84.2,94.6,Pass,0.07011454358241558,Safe
6740,1,M09800,Night,36.0,14.6,82.1,83.3,78.6,77.9,Defect,0.07011345373909164,Safe
7727,13,M03084,Morning,34.5,15.8,95.2,96.6,81.9,64.7,Pass,0.07011304088347049,Safe
8041,23,M01364,Night,32.0,16.5,69.5,72.3,83.5,71.7,Pass,0.07010702004770485,Safe
6847,2,M00149,Afternoon,33.4,15.2,89.9,81.6,83.0,92.8,Pass,0.07010214804678273,Safe
9328,4,M03245,Morning,34.8,14.0,84.1,80.9,71.4,73.4,Pass,0.07010040523958094,Safe
9644,18,M07172,Morning,38.6,17.2,88.7,85.7,81.8,95.2,Pass,0.0700946760176481,Safe
2186,13,M03898,Night,35.5,15.0,76.6,78.8,70.8,71.8,Pass,0.07009383732542628,Safe
2459,14,M00875,Afternoon,32.8,15.5,88.4,96.4,84.7,81.9,Pass,0.0700888140843357,Safe
4037,20,M02619,Night,35.5,18.3,70.4,74.2,77.3,78.2,Pass,0.0700848579638762,Safe
8940,10,M05324,Morning,37.5,18.2,81.6,70.7,79.7,92.8,Pass,0.07008284766487399,Safe
372,7,M09908,Morning,36.4,16.0,83.6,74.8,72.9,70.2,Pass,0.07007968883642059,Safe
1993,2,M03875,Afternoon,25.0,15.7,93.4,87.7,95.8,97.2,Pass,0.07006686068974483,Safe
9546,6,M06940,Morning,35.4,17.0,78.7,87.0,69.4,75.1,Pass,0.07006581468321517,Safe
2622,2,M09173,Night,38.6,18.2,72.8,87.9,79.2,69.5,Pass,0.07006525961485809,Safe
224,1,M01960,Morning,43.0,16.9,90.9,89.4,92.0,80.4,Pass,0.07006187755934647,Safe
9986,25,M06011,Afternoon,37.6,14.7,87.0,72.2,90.0,79.3,Pass,0.07006151290191533,Safe
2518,12,M05056,Afternoon,35.2,18.1,84.5,89.7,65.7,80.9,Pass,0.070060284232286,Safe
2726,2,M07184,Morning,32.3,15.0,90.3,78.2,94.3,94.3,Pass,0.0700592640381839,Safe
6385,9,M07258,Afternoon,36.7,16.1,82.9,74.6,85.0,87.5,Pass,0.07005618091479529,Safe
1633,7,M00208,Afternoon,33.0,16.3,76.9,80.8,68.7,95.6,Pass,0.07005497037310443,Safe
5460,12,M01628,Night,33.7,17.5,77.7,75.5,70.0,100.0,Pass,0.07005372947388067,Safe
9179,14,M05207,Afternoon,29.9,15.1,87.5,93.2,91.0,95.1,Pass,0.07005367576127289,Safe
556,21,M01543,Afternoon,40.5,15.7,89.2,84.5,85.8,87.5,Pass,0.07005304862038021,Safe
7864,22,M09717,Afternoon,29.6,15.4,90.3,80.0,84.3,63.1,Pass,0.07005297127046779,Safe
5863,17,M06958,Morning,27.1,15.3,80.0,83.7,84.4,91.1,Pass,0.0700505509911552,Safe
9866,9,M09651,Morning,31.8,18.6,71.1,83.2,80.4,74.1,Pass,0.0700501556568634,Safe
1620,22,M06918,Afternoon,43.1,18.0,92.5,100.0,87.6,83.4,Pass,0.07004486331633566,Safe
775,6,M06678,Night,30.4,17.7,83.4,84.5,73.7,66.9,Pass,0.07003214638654112,Safe
1821,18,M07115,Morning,34.4,14.9,78.3,74.0,76.6,74.3,Pass,0.07003126405671273,Safe
8643,23,M08516,Morning,31.1,17.5,83.7,88.2,85.9,88.6,Pass,0.07002900837678819,Safe
5709,23,M09298,Afternoon,32.9,14.2,68.1,83.5,75.2,77.2,Pass,0.07002869239479283,Safe
5159,20,M02382,Afternoon,33.2,16.3,85.6,88.1,75.9,86.5,Pass,0.0700271785989186,Safe
2987,24,M09715,Morning,35.9,15.2,81.0,73.0,72.6,84.8,Pass,0.07002648722513723,Safe
6846,18,M08400,Morning,32.5,17.6,93.3,83.1,88.3,72.5,Pass,0.0700228719711276,Safe
643,22,M07313,Morning,39.0,16.1,98.6,76.9,77.4,79.8,Pass,0.07002058315597207,Safe
8285,1,M01703,Afternoon,40.0,15.0,80.9,89.8,78.3,88.9,Pass,0.07001989572386359,Safe
9577,12,M09451,Afternoon,30.4,14.9,73.2,67.1,85.4,79.5,Pass,0.0700164710843934,Safe
8816,8,M00296,Afternoon,31.4,14.7,90.8,92.2,87.2,81.9,Pass,0.07001427279133945,Safe
6849,16,M00438,Afternoon,35.1,16.0,85.8,91.2,89.2,89.2,Pass,0.07001111303599689,Safe
6490,20,M00694,Afternoon,41.6,17.1,94.6,75.8,77.3,78.7,Pass,0.07000503741302205,Safe
5317,16,M05453,Morning,39.7,15.2,87.3,85.7,81.9,89.6,Pass,0.07000339016892941,Safe
6830,9,M05821,Afternoon,39.6,13.0,70.1,70.5,80.7,80.8,Pass,0.06999788227601692,Safe
3110,13,M01382,Afternoon,35.6,14.1,86.5,94.5,79.0,85.5,Pass,0.06999051636783574,Safe
4817,11,M05878,Night,37.0,19.1,74.1,80.2,80.2,85.0,Pass,0.06998992093757112,Safe
4922,7,M03399,Afternoon,33.2,17.0,89.4,84.8,88.5,88.2,Pass,0.06998510314313021,Safe
7772,18,M08818,Afternoon,42.3,17.8,88.2,93.5,80.3,82.9,Pass,0.06998078337320679,Safe
2917,5,M00914,Afternoon,41.0,13.6,77.2,76.8,71.1,81.7,Pass,0.06997440994536094,Safe
5067,1,M03967,Afternoon,33.1,18.3,94.8,91.4,84.4,91.3,Pass,0.06997349283861352,Safe
7039,16,M06534,Afternoon,36.4,12.8,88.4,81.2,83.1,90.9,Pass,0.06997214840275406,Safe
8905,21,M06890,Afternoon,37.3,14.1,90.2,79.1,89.6,100.0,Pass,0.0699705107388952,Safe
6266,15,M03160,Afternoon,30.8,14.0,100.0,87.6,84.3,92.4,Pass,0.06996975706852675,Safe
8033,11,M07847,Morning,30.9,16.1,93.5,93.6,75.7,85.9,Pass,0.06996688740129356,Safe
6888,2,M06059,Morning,32.7,16.6,85.2,72.7,87.8,67.0,Pass,0.06996683209204439,Safe
5576,19,M01130,Morning,37.9,18.9,88.7,100.0,86.7,65.3,Pass,0.06996614366700532,Safe
3199,4,M05794,Morning,37.4,17.6,87.3,86.8,83.6,89.1,Pass,0.0699653119149161,Safe
952,2,M04019,Afternoon,31.8,13.5,88.0,83.8,78.1,96.1,Pass,0.06995245343882166,Safe
5540,1,M06916,Afternoon,38.9,17.3,80.5,92.8,82.1,88.5,Pass,0.06995191185179155,Safe
4764,20,M05635,Morning,34.0,15.3,86.8,68.9,93.2,78.8,Pass,0.06994321226452448,Safe
5890,25,M06938,Afternoon,36.4,14.5,87.3,100.0,79.8,94.7,Pass,0.06994225797950958,Safe
45,5,M02613,Morning,37.5,17.6,84.5,90.7,87.0,96.5,Pass,0.06994073139551382,Safe
2919,9,M01443,Afternoon,38.6,17.9,84.7,93.4,81.8,88.0,Pass,0.06993803860243675,Safe
5191,16,M01284,Morning,34.6,15.5,79.8,84.1,72.7,100.0,Pass,0.06993468050363466,Safe
8062,19,M02987,Morning,34.2,15.4,100.0,92.9,93.6,88.6,Pass,0.0699329836647566,Safe
9939,20,M08420,Night,35.7,16.6,94.7,78.5,86.5,93.3,Pass,0.06993064034039274,Safe
89,12,M02569,Night,36.1,15.0,74.2,87.4,73.9,76.0,Pass,0.06992982103716416,Safe
4754,22,M00809,Afternoon,39.7,15.0,74.3,91.6,71.4,86.1,Pass,0.06992861158900159,Safe
8332,11,M03202,Afternoon,37.9,14.5,87.1,77.7,88.0,90.8,Pass,0.06992747391213237,Safe
226,5,M06695,Morning,31.1,14.7,80.8,70.5,73.9,71.0,Pass,0.06992620877492266,Safe
9518,21,M07751,Afternoon,36.9,17.0,78.3,83.8,73.3,79.7,Pass,0.06992263893227593,Safe
8599,6,M05612,Afternoon,30.1,14.9,98.0,81.7,95.1,78.6,Pass,0.06992087167567278,Safe
8815,16,M07728,Afternoon,37.5,15.7,96.9,77.8,78.6,100.0,Pass,0.06991713678738132,Safe
3700,13,M05694,Morning,38.0,15.5,84.2,93.4,78.1,94.9,Pass,0.06991582285494821,Safe
9216,19,M05641,Morning,29.1,16.6,87.7,99.3,87.0,78.3,Pass,0.06991418879208927,Safe
4563,21,M07193,Night,33.1,15.7,78.8,65.2,80.0,92.6,Pass,0.06990414645152404,Safe
7724,15,M08425,Afternoon,31.4,13.8,87.2,84.9,82.8,100.0,Pass,0.06989811378621495,Safe
1225,2,M07102,Afternoon,35.0,18.8,83.6,72.5,70.6,77.2,Pass,0.06989713136456911,Safe
5285,16,M09146,Afternoon,32.5,12.8,82.2,91.3,79.9,85.0,Pass,0.06989558703279926,Safe
1985,18,M07980,Morning,36.0,17.6,84.3,87.1,84.7,83.5,Pass,0.06989456521662053,Safe
7883,13,M01910,Afternoon,35.4,14.7,83.6,81.0,78.2,78.8,Pass,0.06989185690251482,Safe
9224,2,M06634,Morning,32.0,16.8,87.7,84.8,78.5,85.2,Pass,0.06989183400980145,Safe
4649,7,M00269,Night,35.9,15.1,74.8,87.9,71.3,72.8,Pass,0.06988973404125186,Safe
3817,22,M08025,Morning,34.4,17.1,75.3,69.1,85.4,81.1,Pass,0.0698886574522733,Safe
1444,13,M09909,Afternoon,40.7,18.0,80.1,92.2,87.0,82.2,Pass,0.06988497273174031,Safe
7816,7,M05482,Afternoon,34.9,16.7,92.4,71.1,79.0,89.6,Pass,0.06988310990911667,Safe
818,4,M05751,Morning,34.8,15.8,83.4,84.2,88.3,82.2,Pass,0.06987914707443774,Safe
4031,17,M09696,Afternoon,36.0,16.4,83.4,86.8,85.4,97.6,Pass,0.0698722803858772,Safe
2686,25,M05627,Morning,30.8,14.9,98.8,86.3,87.3,85.7,Pass,0.06987080969833843,Safe
9715,3,M08056,Afternoon,38.5,16.9,81.5,73.8,75.0,81.2,Pass,0.06986918743205023,Safe
9347,19,M07808,Night,34.1,15.1,78.0,73.8,76.6,78.3,Pass,0.06986786700372204,Safe
4632,17,M02029,Morning,36.4,15.8,81.6,72.4,84.0,93.2,Pass,0.06986463178289527,Safe
1375,11,M00825,Morning,32.5,16.5,92.2,79.0,74.6,90.4,Pass,0.06986077130734686,Safe
8034,5,M06612,Morning,38.5,15.8,84.6,82.3,90.1,83.2,Pass,0.069857906282668,Safe
3479,15,M01914,Afternoon,34.6,15.3,84.6,77.5,82.5,92.7,Pass,0.06985443424236902,Safe
61,14,M07990,Morning,36.8,18.2,86.4,91.2,88.9,94.0,Pass,0.06985135260454865,Safe
185,19,M07393,Morning,36.6,15.0,82.7,68.1,74.2,79.2,Pass,0.06984515441311752,Safe
554,13,M02540,Afternoon,35.3,13.9,85.0,79.4,85.9,80.4,Pass,0.06984036925644121,Safe
1403,25,M01219,Morning,35.5,14.6,99.5,96.7,75.8,88.2,Pass,0.06984007168485111,Safe
6413,19,M03492,Night,37.6,14.6,100.0,78.4,74.3,78.9,Pass,0.06983702191716797,Safe
7565,16,M04764,Afternoon,31.3,14.9,92.6,82.1,88.3,91.0,Pass,0.0698353301953218,Safe
3539,20,M06029,Afternoon,42.3,15.8,86.5,70.5,80.2,92.0,Pass,0.06983001879243904,Safe
2122,4,M03293,Afternoon,34.5,16.2,99.3,96.6,77.2,88.5,Pass,0.06982877616875134,Safe
4053,18,M02892,Night,39.0,17.4,84.5,81.2,87.1,82.7,Pass,0.06982802713388103,Safe
5529,22,M07779,Afternoon,41.5,15.0,90.7,75.9,80.6,86.0,Pass,0.0698252390090398,Safe
4920,19,M00887,Morning,37.4,14.2,72.1,79.7,79.5,76.6,Pass,0.0698183546667297,Safe
9754,9,M09856,Night,32.6,14.6,74.3,74.3,79.2,65.9,Pass,0.06981772909316795,Safe
3096,12,M04237,Afternoon,33.1,18.0,83.0,85.6,93.6,94.5,Pass,0.069817222917636,Safe
809,24,M01532,Afternoon,33.0,14.6,77.2,83.1,85.5,69.5,Pass,0.0698122272896296,Safe
117,10,M06911,Night,26.7,15.9,80.3,70.2,90.6,78.5,Pass,0.06980540417740749,Safe
9897,17,M04054,Afternoon,34.0,15.8,80.3,72.6,80.2,83.3,Pass,0.06980471912766674,Safe
6422,7,M05589,Afternoon,36.9,15.8,93.8,81.7,95.4,86.6,Pass,0.06980430532182928,Safe
6675,7,M05905,Morning,38.8,14.4,87.3,77.5,84.2,87.2,Pass,0.06980360504139199,Safe
5774,12,M06257,Afternoon,38.8,15.9,92.0,91.0,79.6,93.9,Pass,0.06979508587502065,Safe
16,16,M05052,Morning,32.3,16.0,74.7,93.4,79.7,100.0,Pass,0.06978524346806783,Safe
5340,21,M00306,Morning,29.2,15.6,76.5,85.0,89.4,96.8,Pass,0.06978324635596042,Safe
4724,2,M06317,Afternoon,34.5,15.3,81.0,70.1,82.3,75.2,Pass,0.06978159627088694,Safe
9065,14,M09909,Afternoon,34.8,17.6,80.2,71.3,88.2,82.2,Pass,0.06977929141371979,Safe
4268,7,M02776,Morning,33.9,13.7,90.9,68.4,81.8,86.2,Pass,0.069776939991346,Safe
4402,25,M00911,Afternoon,33.7,16.4,93.9,74.9,92.4,87.0,Pass,0.06976777356100967,Safe
1881,12,M07152,Afternoon,33.4,16.8,80.4,81.8,93.2,81.2,Pass,0.06976547978461228,Safe
8082,10,M00805,Morning,34.4,15.1,93.2,97.3,87.1,91.1,Pass,0.06976268949559195,Safe
4426,16,M00871,Morning,34.1,14.7,87.1,87.1,94.3,80.4,Pass,0.06976098382738384,Safe
7755,17,M08588,Morning,30.0,15.9,92.9,87.8,79.8,96.9,Pass,0.06976058284938326,Safe
3156,17,M07242,Afternoon,33.8,16.6,93.6,79.6,90.4,80.9,Pass,0.0697519964307329,Safe
9323,3,M04585,Afternoon,32.0,13.2,90.3,89.1,82.6,74.9,Pass,0.0697366664640573,Safe
8720,11,M06039,Afternoon,35.6,17.3,87.8,68.2,73.5,89.1,Pass,0.069733406875849,Safe
4103,7,M05711,Afternoon,31.8,16.0,88.0,94.8,92.6,84.8,Pass,0.06973308648895943,Safe
4028,2,M01893,Morning,28.9,17.5,87.3,80.4,92.6,100.0,Pass,0.06973167223448934,Safe
4430,11,M01118,Night,39.8,16.8,92.0,69.2,85.1,81.4,Pass,0.06973129673611737,Safe
5024,6,M08873,Afternoon,35.5,17.5,100.0,71.2,86.8,97.9,Pass,0.06972940913928133,Safe
6352,7,M07449,Afternoon,36.0,18.6,88.2,73.1,82.9,73.5,Pass,0.06972795976556186,Safe
9819,4,M02723,Morning,34.3,16.8,86.6,93.2,80.7,87.7,Pass,0.06972561929313353,Safe
4502,4,M05306,Afternoon,32.5,16.0,85.4,86.2,89.8,88.4,Pass,0.06972444092889199,Safe
8713,5,M02923,Afternoon,29.7,17.1,90.5,99.2,87.4,67.4,Pass,0.06972141990842462,Safe
6284,23,M08447,Afternoon,34.8,17.6,73.5,85.3,72.1,82.2,Pass,0.06971761714914274,Safe
9256,18,M03664,Morning,27.2,13.8,77.8,86.4,87.9,74.8,Pass,0.06971545309174473,Safe
6705,21,M04355,Afternoon,27.8,14.5,91.9,72.0,95.8,76.4,Pass,0.06971502647499626,Safe
8706,21,M04538,Afternoon,34.1,16.8,90.7,86.2,79.8,76.0,Pass,0.06971480842252331,Safe
5170,8,M06720,Night,42.7,17.0,85.4,92.8,85.5,88.4,Pass,0.06971279545917661,Safe
9781,24,M06555,Morning,36.1,13.3,85.5,91.6,85.0,85.0,Pass,0.06971120034846057,Safe
2457,13,M08018,Afternoon,33.1,15.5,80.7,87.8,78.5,93.9,Pass,0.06971063474168412,Safe
4296,6,M02012,Morning,33.9,16.2,88.3,75.9,90.9,92.8,Pass,0.06970533846621547,Safe
6902,5,M04761,Morning,38.2,16.1,68.0,81.9,85.4,79.7,Pass,0.06970099415884824,Safe
6685,2,M09583,Afternoon,25.0,16.6,95.9,81.7,83.2,79.7,Pass,0.06969675691829864,Safe
8181,19,M06170,Morning,30.3,16.4,96.7,90.7,68.0,78.1,Pass,0.0696930487436439,Safe
9574,12,M01893,Morning,36.2,15.8,100.0,83.7,71.6,87.6,Pass,0.06968697574527011,Safe
6186,12,M08085,Night,32.1,15.3,72.2,71.3,82.6,75.8,Pass,0.06968426229216576,Safe
242,18,M03109,Night,26.6,17.5,81.5,70.2,87.5,80.4,Pass,0.06968354177769905,Safe
9152,21,M01632,Afternoon,39.5,18.2,96.1,76.1,72.8,65.2,Pass,0.06967798772878152,Safe
3865,3,M02188,Morning,40.5,14.2,86.0,83.4,87.9,100.0,Pass,0.06967311569133519,Safe
6079,14,M07490,Afternoon,32.2,15.9,100.0,93.6,84.9,82.6,Pass,0.0696683197023555,Safe
3194,3,M07819,Morning,29.6,14.9,92.4,92.6,76.2,92.1,Pass,0.06966725970600024,Safe
150,1,M05451,Morning,31.7,13.9,100.0,93.8,84.0,82.8,Pass,0.06966628967305243,Safe
1727,13,M05896,Afternoon,28.2,15.7,84.8,76.3,83.6,90.1,Pass,0.06965984136025266,Safe
2600,3,M09753,Morning,36.4,16.9,97.9,76.4,81.0,76.7,Pass,0.0696591872918504,Safe
6308,5,M06965,Morning,31.1,16.0,86.7,78.0,93.3,93.8,Pass,0.06965803646096638,Safe
5079,16,M07532,Afternoon,37.2,15.0,72.4,86.1,91.9,88.8,Pass,0.0696569065771484,Safe
2388,11,M09519,Afternoon,40.9,14.6,97.9,94.9,85.3,79.4,Pass,0.06964318894667959,Safe
4282,8,M06712,Afternoon,32.1,15.9,88.6,69.2,86.2,79.9,Pass,0.06964094356444722,Safe
6085,12,M08430,Morning,35.9,16.7,93.9,74.0,74.7,77.2,Pass,0.06963793580045953,Safe
6660,7,M03588,Morning,28.2,15.3,91.8,86.6,83.4,65.3,Pass,0.06963552239244959,Safe
6196,7,M00756,Morning,29.9,13.9,93.6,92.1,82.9,74.3,Pass,0.06963490515998629,Safe
8977,12,M07834,Morning,35.2,13.7,84.7,70.1,84.7,74.1,Defect,0.06963439414085584,Safe
8700,17,M08284,Afternoon,31.0,17.8,81.6,81.0,69.0,91.7,Pass,0.06963173471869827,Safe
1035,14,M03508,Morning,34.1,15.6,82.8,89.2,91.4,82.6,Pass,0.06962666141460971,Safe
8236,2,M01491,Afternoon,31.5,14.5,77.6,78.8,75.8,70.2,Pass,0.06962200318362818,Safe
3600,17,M00175,Afternoon,34.2,15.8,86.4,98.9,91.5,93.8,Pass,0.06961944161123801,Safe
4790,23,M05579,Morning,36.2,15.2,85.9,74.2,88.4,84.1,Pass,0.06961804128432462,Safe
3277,8,M08017,Night,39.8,17.7,95.4,73.5,79.1,70.0,Pass,0.0696171363630564,Safe
799,20,M00365,Afternoon,35.2,17.6,88.9,70.8,84.4,70.9,Pass,0.06961681200061605,Safe
563,25,M01541,Morning,32.9,13.6,80.2,87.0,82.7,93.2,Pass,0.06961604104775682,Safe
9318,6,M06177,Morning,25.0,14.7,84.6,93.9,82.7,90.0,Pass,0.06961418295739441,Safe
1151,6,M05987,Afternoon,31.6,13.8,91.0,76.1,88.2,83.7,Pass,0.06961393740377558,Safe
3192,12,M05277,Night,37.9,14.2,75.1,83.5,71.3,74.5,Pass,0.06961262476477502,Safe
1772,21,M05343,Night,30.5,15.5,85.7,81.4,77.7,93.5,Pass,0.069607248221212,Safe
8438,23,M02569,Morning,36.1,15.2,84.5,78.5,79.0,77.4,Pass,0.0696060084798689,Safe
7444,4,M02682,Afternoon,37.7,14.3,75.8,80.5,72.5,71.2,Pass,0.06960529186824187,Safe
7524,7,M08435,Afternoon,31.3,15.6,89.9,85.1,77.4,89.4,Pass,0.06960317758916061,Safe
7581,3,M06405,Afternoon,30.5,15.1,90.3,81.5,81.3,100.0,Pass,0.06960282172366797,Safe
1569,6,M00117,Afternoon,35.8,15.4,88.3,89.9,87.7,78.3,Pass,0.06960194236656601,Safe
525,1,M04947,Night,27.6,16.6,83.2,75.0,77.6,81.4,Pass,0.06959989674932372,Safe
4385,2,M00349,Night,36.9,16.0,88.2,82.4,80.5,90.7,Pass,0.06959915615011615,Safe
6919,16,M06017,Afternoon,32.9,15.9,82.7,88.3,91.2,93.5,Pass,0.06959731420484004,Safe
4503,24,M09571,Morning,39.6,16.7,82.1,77.6,83.9,73.8,Pass,0.06959595885081755,Safe
8519,10,M05391,Afternoon,30.4,15.6,100.0,93.1,77.8,77.9,Pass,0.06959474887606629,Safe
570,20,M08703,Morning,39.8,18.2,75.9,80.3,71.1,91.8,Pass,0.0695937083322172,Safe
9992,5,M04968,Morning,38.1,13.0,75.8,68.6,82.3,78.9,Pass,0.06957789549216181,Safe
8369,8,M04048,Afternoon,34.1,16.6,78.5,75.1,76.3,78.6,Pass,0.06957651560493017,Safe
7213,10,M07065,Morning,33.9,17.2,71.7,81.5,74.9,77.2,Pass,0.06956771054341171,Safe
6044,13,M09550,Morning,43.4,13.7,77.0,82.7,72.5,92.3,Pass,0.06956479647486367,Safe
8397,14,M03184,Afternoon,34.1,17.3,83.8,93.8,84.1,73.4,Pass,0.06955736868108549,Safe
5661,21,M05604,Morning,35.8,17.1,82.8,87.7,89.8,90.0,Pass,0.06955734115791673,Safe
1982,16,M01736,Night,31.8,13.2,76.8,69.5,81.5,85.3,Pass,0.06955716803062928,Safe
2444,14,M08462,Night,43.2,13.8,80.7,89.1,71.0,88.2,Pass,0.0695558558190483,Safe
6883,17,M04699,Morning,40.5,16.9,80.6,83.6,92.3,90.1,Pass,0.06954955163613816,Safe
3246,1,M03238,Morning,32.6,16.8,79.5,68.7,75.6,76.0,Pass,0.06954757463796034,Safe
7706,11,M05998,Morning,38.2,15.5,83.9,86.0,82.1,90.3,Pass,0.06954743078609436,Safe
3996,19,M08924,Afternoon,36.0,17.7,87.9,84.2,80.1,74.7,Pass,0.0695463661835278,Safe
1234,17,M05137,Morning,28.5,16.1,73.2,95.5,68.8,89.1,Pass,0.06954378452638915,Safe
514,25,M04493,Night,31.9,14.4,84.0,80.3,92.0,81.3,Pass,0.06953864938383555,Safe
916,21,M09763,Afternoon,41.1,15.1,91.7,93.6,81.7,87.9,Pass,0.06953384467005037,Safe
3293,7,M04215,Morning,33.0,13.7,85.4,74.1,87.7,82.6,Pass,0.06953194495395765,Safe
7094,1,M08250,Morning,39.2,13.3,82.1,80.2,88.8,86.1,Pass,0.06952066329670242,Safe
4723,9,M07550,Morning,38.4,16.7,86.4,78.8,76.3,73.5,Pass,0.06951762413602211,Safe
5574,19,M03085,Afternoon,35.1,16.9,91.3,94.1,76.4,96.8,Pass,0.06951748814944919,Safe
2346,18,M05252,Afternoon,26.5,14.3,80.9,76.8,83.7,72.8,Pass,0.06951132745866236,Safe
6119,3,M08008,Morning,36.8,15.4,81.4,72.4,85.7,83.1,Pass,0.0695087642783446,Safe
5031,19,M06999,Morning,38.2,17.7,96.1,92.2,80.4,100.0,Pass,0.06950857549334556,Safe
3718,4,M01519,Morning,40.6,14.6,85.4,93.5,74.6,87.6,Pass,0.06950699143252395,Safe
4589,21,M01717,Afternoon,33.7,16.9,86.0,68.9,85.8,88.7,Pass,0.06949877839637235,Safe
5100,9,M03824,Morning,35.8,15.3,95.1,91.1,90.2,96.0,Pass,0.06948653802724244,Safe
8320,9,M06500,Afternoon,29.8,16.3,88.1,89.9,83.6,88.4,Pass,0.06948312718515509,Safe
4252,8,M03806,Morning,34.8,16.7,79.0,73.4,86.8,67.0,Pass,0.06948116674408318,Safe
9601,16,M03689,Morning,36.4,17.0,69.1,72.4,78.2,87.7,Pass,0.06948038096885094,Safe
2669,22,M07375,Afternoon,36.2,13.6,83.8,79.2,83.4,78.7,Pass,0.0694791244449682,Safe
5700,16,M09917,Morning,28.1,12.7,81.8,93.9,75.9,75.2,Pass,0.06947794214341739,Safe
2974,4,M05499,Afternoon,33.6,16.2,87.5,87.2,75.6,87.0,Pass,0.06947557678964751,Safe
8022,14,M09725,Night,32.7,16.3,93.3,76.3,82.8,91.6,Pass,0.06947462650491988,Safe
6858,6,M08392,Morning,33.5,17.8,78.3,75.9,79.8,88.5,Defect,0.06946956072003081,Safe
8869,4,M02507,Afternoon,37.7,17.9,72.9,69.8,82.5,78.6,Pass,0.06946389288279406,Safe
8430,9,M05256,Morning,44.5,16.1,79.4,79.2,79.2,85.4,Pass,0.06945351900583013,Safe
6158,23,M01546,Afternoon,35.4,13.8,88.4,80.3,88.3,96.0,Pass,0.06944599140711383,Safe
8649,23,M01908,Afternoon,42.0,15.4,75.3,66.4,75.5,85.2,Pass,0.06944488309523039,Safe
1345,24,M08568,Afternoon,28.2,17.2,76.2,84.3,80.8,78.6,Pass,0.0694375572259622,Safe
7509,18,M04656,Afternoon,30.4,16.9,87.7,89.9,91.1,86.5,Pass,0.06943507134547218,Safe
3694,17,M05912,Morning,31.5,13.8,85.4,83.5,82.8,69.7,Pass,0.06943491015084768,Safe
1107,15,M05955,Morning,32.0,15.2,86.6,82.8,79.8,78.2,Pass,0.06943462702945548,Safe
3915,7,M09929,Night,32.5,17.3,81.9,70.9,85.8,64.4,Pass,0.06943419067775917,Safe
4545,3,M09462,Afternoon,31.9,15.4,79.3,97.4,86.2,65.8,Pass,0.0694341008130557,Safe
6575,23,M05054,Morning,30.8,12.6,93.6,78.5,91.1,76.6,Pass,0.06943393127174546,Safe
7380,5,M05661,Morning,27.4,15.2,95.2,91.5,86.9,65.3,Pass,0.069430941325663,Safe
6223,7,M04531,Morning,32.8,16.0,80.1,66.2,75.3,79.0,Pass,0.06943001351296534,Safe
8209,19,M02512,Morning,31.2,19.1,77.7,77.1,71.4,81.8,Pass,0.06942610937609289,Safe
8174,3,M03259,Morning,35.3,15.9,86.7,75.0,88.5,86.0,Pass,0.06942035078075039,Safe
9032,17,M00841,Afternoon,39.7,14.4,90.9,81.1,90.3,86.9,Pass,0.06940884250681385,Safe
5846,18,M09089,Morning,30.1,14.6,81.5,90.5,85.6,80.7,Pass,0.06940606081207547,Safe
5205,21,M07355,Night,30.6,16.2,83.2,68.6,86.8,82.0,Pass,0.06940507272121164,Safe
2048,12,M08436,Afternoon,32.2,17.5,82.4,88.4,84.6,80.6,Pass,0.06940443911274705,Safe
8762,10,M05830,Afternoon,34.5,14.7,88.7,80.7,78.6,82.3,Pass,0.06939867982085508,Safe
1077,20,M08059,Morning,31.0,15.4,93.4,88.6,89.9,93.7,Pass,0.06939578132487895,Safe
7172,9,M03216,Night,41.2,15.4,93.1,73.0,95.1,97.4,Pass,0.06939005368976535,Safe
3257,23,M07171,Afternoon,32.4,17.3,84.9,93.4,91.8,83.8,Pass,0.06938914114353226,Safe
7349,23,M08700,Afternoon,40.1,16.5,84.3,92.8,83.6,100.0,Pass,0.06938787974902733,Safe
8261,6,M04321,Morning,35.6,16.2,87.1,79.3,84.1,80.4,Pass,0.06938759091507063,Safe
894,20,M09866,Morning,38.7,14.2,84.4,84.3,76.1,86.8,Pass,0.06938647110226569,Safe
1470,15,M01008,Night,35.5,15.4,85.2,92.5,84.0,84.4,Pass,0.06937572315073687,Safe
5563,7,M00179,Morning,35.6,15.9,86.9,90.2,91.2,86.2,Pass,0.06937491433428215,Safe
6680,6,M02025,Afternoon,31.7,16.4,90.9,88.1,89.6,85.7,Pass,0.0693721696493658,Safe
5643,24,M00191,Morning,35.9,16.5,71.5,71.4,75.5,82.4,Pass,0.0693709022392406,Safe
261,8,M02201,Afternoon,31.3,15.1,77.2,92.1,80.3,92.6,Pass,0.06937069081422875,Safe
1480,20,M07060,Afternoon,41.9,15.7,70.9,71.2,85.3,86.7,Pass,0.06936626446454039,Safe
8820,25,M04299,Morning,39.9,17.1,71.5,97.1,88.8,94.4,Pass,0.06936522267417758,Safe
4154,18,M07083,Morning,27.8,16.4,82.4,84.1,84.9,86.8,Pass,0.06936387413150427,Safe
719,22,M06950,Morning,28.4,15.1,78.8,70.5,79.9,84.5,Pass,0.0693624341578988,Safe
3385,24,M08812,Morning,38.0,16.5,100.0,90.0,100.0,84.2,Pass,0.06936173528301207,Safe
8002,1,M08385,Afternoon,30.3,18.9,79.6,73.3,84.0,66.8,Pass,0.06936003255358565,Safe
7421,21,M02851,Morning,34.6,15.6,97.5,76.4,88.0,89.7,Pass,0.06935903192531953,Safe
6513,11,M08565,Night,28.8,14.4,86.4,82.3,88.2,100.0,Pass,0.06935815062144922,Safe
8825,9,M00761,Night,34.9,15.7,88.4,87.1,88.1,92.0,Pass,0.06935418799614466,Safe
6585,18,M05282,Afternoon,33.2,15.1,81.5,80.0,84.6,99.6,Pass,0.0693500695287376,Safe
4579,21,M04441,Night,38.3,17.1,72.6,74.5,71.9,79.1,Pass,0.0693440090860272,Safe
2389,24,M01020,Afternoon,38.1,16.0,91.6,100.0,85.8,84.3,Pass,0.06934297251769904,Safe
9980,12,M06462,Afternoon,42.7,16.5,87.4,91.9,71.1,88.7,Pass,0.0693422929465172,Safe
9716,16,M00902,Afternoon,36.0,17.3,88.0,93.9,85.2,86.4,Pass,0.06933812901105284,Safe
6068,5,M01481,Morning,37.5,14.5,93.3,76.2,81.6,84.5,Pass,0.06932646384384113,Safe
7157,7,M08559,Afternoon,35.8,14.8,83.9,82.3,77.3,76.6,Pass,0.0693247929134973,Safe
8957,9,M04113,Afternoon,32.5,16.9,78.9,93.4,90.8,77.2,Pass,0.06932447640348827,Safe
730,20,M05116,Morning,39.0,14.9,90.3,74.7,91.9,79.2,Pass,0.0693229950870951,Safe
9221,22,M01774,Morning,33.5,18.3,76.7,75.5,80.5,71.8,Pass,0.06932256094655398,Safe
3443,2,M01677,Morning,37.6,18.6,88.7,77.1,78.8,68.4,Pass,0.06932054078459507,Safe
7687,10,M09494,Afternoon,32.6,17.6,90.9,74.7,79.3,79.9,Pass,0.06931832512830569,Safe
5420,22,M09655,Morning,34.4,17.0,88.6,89.0,94.9,88.4,Pass,0.06931740045961794,Safe
9471,11,M04636,Afternoon,33.7,16.1,93.0,93.9,93.1,81.7,Pass,0.06930876226478605,Safe
2607,22,M09588,Morning,39.4,17.3,91.0,79.2,80.4,83.5,Pass,0.06930840116868318,Safe
7834,18,M03884,Night,36.1,16.8,69.4,72.9,75.7,80.8,Pass,0.06930698577593286,Safe
2778,1,M03452,Morning,33.3,15.7,80.6,86.9,79.2,91.9,Pass,0.06930639991544192,Safe
7511,10,M03772,Night,36.7,14.8,93.8,82.5,86.8,87.2,Pass,0.06930478033625243,Safe
5694,1,M05069,Afternoon,42.0,18.0,72.9,66.7,81.3,87.6,Pass,0.06930098535315946,Safe
9774,15,M00297,Afternoon,39.0,14.3,87.5,86.3,94.9,87.8,Pass,0.0693007866913689,Safe
3599,11,M01904,Morning,28.4,14.8,71.5,88.3,74.2,82.5,Pass,0.06929869483702525,Safe
2918,13,M02012,Night,36.8,15.8,89.2,68.3,79.9,84.0,Pass,0.06929561172169461,Safe
8708,1,M01246,Afternoon,37.1,15.0,71.6,81.5,78.8,76.2,Pass,0.0692868467801275,Safe
2545,8,M02552,Morning,35.9,16.5,100.0,89.3,83.6,91.2,Pass,0.0692852286597874,Safe
1641,2,M07868,Afternoon,39.4,15.7,87.1,94.9,83.9,94.4,Pass,0.0692790923197026,Safe
8220,14,M09149,Afternoon,33.6,16.2,94.3,87.8,91.4,81.8,Pass,0.06927759346980981,Safe
6694,6,M07436,Night,27.4,14.8,86.8,75.6,81.1,74.5,Pass,0.06927536795383031,Safe
3084,13,M07902,Afternoon,35.4,16.1,88.3,81.8,94.5,86.2,Pass,0.06927229086724057,Safe
1296,12,M09127,Morning,34.8,16.3,86.6,88.2,76.6,69.1,Pass,0.06927024511853162,Safe
2218,7,M05331,Morning,25.0,15.0,80.7,83.8,75.8,83.6,Pass,0.06926668942912423,Safe
3251,8,M01773,Afternoon,29.9,15.9,86.9,84.9,79.4,84.3,Pass,0.06925964433592767,Safe
4760,8,M02198,Night,34.0,13.3,87.2,78.5,93.1,94.8,Pass,0.06925288823185205,Safe
3313,16,M04580,Afternoon,34.1,17.5,98.0,94.8,90.6,88.1,Pass,0.06924754447331537,Safe
4220,19,M07606,Morning,35.3,16.8,79.6,87.8,87.3,83.7,Pass,0.06924301314243014,Safe
2801,21,M05483,Night,33.9,18.7,78.7,88.1,91.8,88.4,Pass,0.06923607311463381,Safe
5490,11,M03554,Night,28.2,15.7,77.4,73.4,79.3,76.6,Pass,0.06923547029703352,Safe
7810,10,M08048,Morning,31.5,16.2,98.5,96.5,100.0,69.0,Pass,0.0692313714397232,Safe
8738,25,M05203,Morning,38.5,18.0,82.2,74.8,80.9,77.4,Pass,0.06923012779510947,Safe
5198,10,M05931,Morning,39.2,15.2,100.0,84.0,79.9,98.0,Pass,0.06922833182198704,Safe
462,21,M05388,Afternoon,31.6,15.1,84.3,92.5,85.3,92.2,Pass,0.06922809223271714,Safe
8529,6,M01726,Afternoon,35.4,18.8,80.5,70.8,69.7,82.8,Pass,0.0692259964484411,Safe
1347,18,M06468,Morning,35.1,13.4,85.7,89.9,92.0,73.3,Pass,0.06922561786168209,Safe
1819,1,M03231,Afternoon,27.8,15.5,86.3,91.0,72.5,83.3,Pass,0.06922517874482867,Safe
9361,4,M06093,Afternoon,38.6,17.6,88.4,84.2,81.0,81.5,Pass,0.06922223540156786,Safe
432,19,M02480,Night,36.4,15.7,87.5,82.7,88.4,64.5,Pass,0.06921931559679335,Safe
1911,12,M06285,Morning,35.3,14.7,76.4,86.5,88.4,86.3,Pass,0.06921929771695684,Safe
8411,12,M02318,Afternoon,32.8,13.0,86.0,75.1,78.4,80.7,Pass,0.06921717748495894,Safe
8008,24,M06593,Morning,41.6,16.7,95.6,75.3,68.7,82.4,Pass,0.06921253872392678,Safe
5028,17,M07941,Morning,30.0,14.5,90.8,85.9,94.9,100.0,Pass,0.06920992869111126,Safe
1711,6,M09445,Morning,36.7,17.3,80.8,83.5,88.4,83.8,Pass,0.06920642001709483,Safe
88,18,M08007,Afternoon,37.0,18.0,83.6,78.3,79.5,79.0,Pass,0.06920208444750134,Safe
1746,17,M00620,Afternoon,32.4,16.7,76.9,81.8,84.0,100.0,Pass,0.06920204687842674,Safe
2152,9,M02386,Morning,34.0,16.9,91.1,72.8,100.0,91.2,Pass,0.0692006010464781,Safe
4697,2,M09500,Afternoon,41.1,16.4,84.2,91.5,84.0,95.7,Pass,0.06919260902538903,Safe
6649,18,M04753,Afternoon,36.7,15.7,91.3,70.4,97.6,80.7,Pass,0.06919212308932873,Safe
7500,10,M03555,Afternoon,38.7,13.3,94.0,73.9,75.3,75.5,Pass,0.06918134565642228,Safe
1562,15,M01764,Morning,37.2,16.6,80.5,92.2,84.0,86.8,Pass,0.06917852668631466,Safe
8224,12,M01106,Night,34.1,15.7,76.9,72.8,74.0,65.5,Pass,0.06917720204122767,Safe
6204,7,M07348,Afternoon,26.4,17.2,89.7,100.0,84.0,97.7,Pass,0.06917449507514047,Safe
5290,5,M05674,Afternoon,38.0,16.0,89.0,75.7,82.0,89.4,Pass,0.06917381090777502,Safe
5108,11,M02800,Morning,34.9,15.1,85.8,85.5,80.6,73.7,Pass,0.069150791924097,Safe
4598,10,M05899,Morning,37.4,13.8,90.2,83.8,89.9,87.2,Pass,0.06914553379575293,Safe
9539,18,M08636,Morning,30.3,16.7,84.6,98.0,86.7,82.2,Pass,0.0691385892954976,Safe
464,4,M05537,Afternoon,40.2,16.7,99.3,72.6,82.8,68.3,Pass,0.06913088642582597,Safe
6371,14,M03408,Afternoon,37.1,16.4,82.8,86.5,75.5,84.8,Pass,0.06912699047411784,Safe
8273,1,M01690,Morning,32.0,16.9,79.3,89.7,78.4,94.4,Pass,0.06912266507109113,Safe
1654,19,M07980,Morning,33.8,16.0,85.6,95.5,80.7,86.7,Pass,0.06911815620917831,Safe
7759,3,M04327,Night,36.9,14.9,78.9,70.6,79.6,85.0,Pass,0.0691145337203686,Safe
4005,4,M00635,Morning,34.8,18.4,90.5,78.7,76.0,78.7,Pass,0.06911448377792032,Safe
5412,5,M01367,Morning,30.4,18.2,99.2,86.0,78.7,80.7,Pass,0.06910611354540755,Safe
6192,12,M08993,Afternoon,28.1,14.7,84.1,72.2,87.0,71.2,Pass,0.0691044647845351,Safe
5396,17,M07670,Morning,31.6,16.7,99.6,84.4,77.3,78.5,Pass,0.06910038256697941,Safe
9234,11,M06884,Afternoon,26.6,18.7,78.2,96.1,92.7,76.0,Pass,0.06909951267915872,Safe
4963,12,M01261,Morning,44.4,17.1,74.8,92.6,95.5,80.4,Pass,0.06909916163254258,Safe
1399,24,M01291,Afternoon,32.4,16.0,86.2,69.8,85.5,82.6,Pass,0.06909721162543503,Safe
4637,2,M08849,Morning,41.7,18.0,92.9,86.7,86.5,78.8,Pass,0.06909286672453513,Safe
4662,21,M04486,Afternoon,40.5,15.4,76.5,68.4,91.4,73.5,Pass,0.06908671599682596,Safe
5363,13,M02032,Afternoon,35.7,14.7,82.5,96.9,86.4,89.5,Pass,0.06908245571438436,Safe
398,25,M05178,Afternoon,35.3,16.2,74.7,73.8,81.7,82.3,Pass,0.06908214162594772,Safe
3382,11,M05638,Afternoon,42.0,17.1,86.1,79.1,75.6,92.9,Pass,0.06908161436168564,Safe
9735,11,M01794,Afternoon,40.6,14.4,89.1,70.8,88.0,72.9,Pass,0.06906842417138034,Safe
2024,18,M01013,Morning,36.3,17.2,76.4,75.5,70.5,74.1,Pass,0.06906714962689503,Safe
5358,3,M04207,Night,36.3,14.0,91.0,92.9,79.2,78.9,Pass,0.06906702334337682,Safe
4530,16,M04248,Morning,31.8,16.6,79.7,81.7,74.3,77.3,Pass,0.0690570342040679,Safe
9415,14,M06113,Afternoon,33.7,15.9,69.7,71.2,83.4,81.3,Pass,0.06905632553029208,Safe
8969,10,M04432,Afternoon,36.7,17.6,78.7,92.6,87.4,90.9,Pass,0.06905298599279179,Safe
4985,15,M07453,Afternoon,37.4,13.0,82.8,90.8,86.7,99.5,Pass,0.06905279285342876,Safe
2949,2,M04010,Morning,33.4,14.5,75.9,72.5,76.6,73.4,Pass,0.06904416228417556,Safe
6560,22,M09504,Night,38.0,14.1,90.7,83.4,88.7,87.5,Pass,0.06904207643623078,Safe
7327,4,M00819,Morning,31.9,14.3,81.9,81.3,70.7,88.0,Pass,0.06904168863709675,Safe
675,10,M08703,Afternoon,33.7,17.0,81.6,83.4,81.6,89.9,Pass,0.06903762788363395,Safe
363,4,M05920,Afternoon,33.4,17.0,90.1,94.7,83.8,96.1,Pass,0.06903642827170497,Safe
1033,5,M09525,Morning,37.2,16.3,94.0,83.7,85.1,89.5,Pass,0.06902826052842712,Safe
962,15,M05409,Afternoon,39.7,17.9,85.1,90.8,80.2,100.0,Pass,0.0690267667987636,Safe
1090,7,M06646,Morning,31.9,14.1,86.8,94.3,90.9,100.0,Pass,0.06902611910950567,Safe
2205,5,M04941,Afternoon,30.7,14.4,72.8,83.1,93.6,97.2,Pass,0.06902350306676225,Safe
7321,9,M02976,Morning,38.0,16.5,67.0,77.2,78.6,79.3,Pass,0.06901630119970296,Safe
5674,15,M08308,Morning,27.2,15.1,91.3,94.0,91.8,72.8,Pass,0.06900642874326196,Safe
3049,15,M00365,Morning,35.0,18.2,92.3,79.4,86.2,78.5,Pass,0.06900273803844068,Safe
790,1,M04433,Night,34.8,13.6,82.3,82.7,86.0,89.6,Pass,0.06900055529267349,Safe
6760,8,M03536,Morning,25.3,14.4,79.3,88.6,80.1,78.1,Pass,0.06899848855779989,Safe
6107,16,M01411,Afternoon,44.0,16.4,78.7,85.7,89.2,92.4,Pass,0.06899597469413526,Safe
4853,8,M04714,Night,37.7,14.0,83.0,70.7,73.7,75.1,Pass,0.06899494275893155,Safe
7283,4,M05836,Morning,37.2,15.9,80.6,83.3,72.9,77.1,Pass,0.06899377083700814,Safe
439,13,M06666,Afternoon,35.1,16.8,79.1,69.6,78.6,75.8,Pass,0.0689932130282064,Safe
4965,14,M08377,Afternoon,32.6,15.5,67.8,75.7,70.3,86.0,Pass,0.0689919318070808,Safe
7843,20,M08594,Morning,32.0,18.5,78.5,73.6,79.1,80.6,Pass,0.06899024889949684,Safe
1377,24,M00937,Afternoon,35.5,17.0,90.7,83.6,74.9,78.9,Pass,0.06898705599612487,Safe
817,13,M08153,Afternoon,30.7,17.0,84.1,94.5,86.9,86.2,Pass,0.06898638007435585,Safe
3746,16,M08476,Morning,30.8,15.4,100.0,92.4,91.5,88.1,Pass,0.0689833286690345,Safe
5598,18,M05732,Afternoon,30.5,17.8,66.7,79.7,79.8,80.1,Pass,0.06898107595897483,Safe
4013,23,M02891,Afternoon,34.0,15.5,85.7,78.6,76.8,79.0,Pass,0.06896504475904348,Safe
4621,9,M04648,Night,39.7,16.7,85.4,92.1,71.9,86.3,Pass,0.06896318961948399,Safe
4129,1,M02829,Morning,34.9,16.8,82.4,99.1,82.4,84.1,Pass,0.06895808046490058,Safe
9193,12,M08720,Night,36.5,18.0,86.3,71.9,73.2,90.4,Pass,0.06895766845794533,Safe
3085,5,M07471,Afternoon,33.6,14.1,74.7,99.8,88.8,73.9,Pass,0.06895269394650506,Safe
3749,8,M00817,Afternoon,35.2,13.6,83.0,71.0,88.0,84.7,Pass,0.06894962521188121,Safe
6635,25,M08062,Afternoon,37.9,16.5,84.0,77.2,80.7,75.2,Pass,0.06894799944498285,Safe
3702,17,M00202,Afternoon,35.9,15.6,83.4,72.3,86.4,68.0,Pass,0.06894198923425664,Safe
1949,1,M09161,Morning,34.1,16.2,86.0,84.3,91.5,78.5,Pass,0.06894152866721052,Safe
2630,8,M09088,Morning,33.4,16.4,81.9,89.3,90.5,83.0,Pass,0.06894007563180819,Safe
5928,18,M07100,Afternoon,33.1,13.7,75.6,73.8,79.9,75.9,Pass,0.06893525020592545,Safe
4118,6,M05670,Afternoon,25.0,17.0,75.0,69.0,80.5,81.6,Pass,0.06893349036598163,Safe
461,9,M05733,Morning,30.3,13.6,97.6,92.5,77.9,72.6,Pass,0.06893086992660817,Safe
8046,18,M07234,Morning,30.2,17.9,68.7,86.1,93.6,100.0,Pass,0.06892898201734796,Safe
7559,9,M00321,Afternoon,33.2,16.3,100.0,77.0,79.1,78.6,Pass,0.06892690486009942,Safe
7930,1,M09965,Morning,35.8,16.1,84.1,89.6,84.7,97.5,Pass,0.06892395027187811,Safe
3074,8,M02954,Morning,39.9,15.7,91.5,93.8,79.8,90.4,Pass,0.06892140058563298,Safe
7336,3,M02018,Morning,37.1,14.2,79.4,72.1,74.8,80.3,Pass,0.06892064829900196,Safe
466,23,M01067,Morning,34.8,16.3,86.4,73.2,81.6,79.7,Pass,0.06890765308443578,Safe
6275,8,M02893,Afternoon,37.8,15.9,96.9,82.1,74.3,85.8,Pass,0.06890609920743952,Safe
1435,21,M04312,Morning,36.3,15.4,68.3,73.0,87.5,78.9,Pass,0.0689060119741776,Safe
9102,21,M01783,Night,28.7,16.6,83.3,85.0,71.1,87.4,Pass,0.06890250913747396,Safe
4869,12,M00045,Afternoon,40.1,15.2,88.4,84.9,82.6,78.4,Pass,0.06890175472751489,Safe
3362,12,M04782,Morning,34.4,15.0,75.9,74.4,92.2,74.1,Pass,0.06889488496626613,Safe
7662,17,M01260,Afternoon,35.8,14.9,82.9,72.1,84.2,83.6,Pass,0.06889413185743798,Safe
4316,8,M08418,Morning,35.6,18.7,89.1,87.3,74.9,76.3,Pass,0.0688918539080658,Safe
9239,17,M04269,Afternoon,32.4,19.1,72.3,88.7,89.2,79.9,Pass,0.06889135508409593,Safe
7439,10,M09337,Morning,35.0,16.6,76.5,87.7,77.0,81.0,Defect,0.06888989857661716,Safe
284,23,M06894,Morning,41.1,17.8,69.1,79.2,74.7,80.1,Pass,0.06888794602505716,Safe
3,18,M05391,Afternoon,40.4,16.1,84.7,90.6,84.3,92.2,Pass,0.06888318071212615,Safe
1875,18,M08907,Afternoon,32.4,15.7,91.2,86.8,77.3,76.4,Pass,0.06888288353941582,Safe
1206,24,M03851,Night,27.3,17.1,78.6,79.5,79.5,87.1,Pass,0.0688815475632487,Safe
8687,16,M03568,Morning,35.8,15.1,89.3,91.0,91.4,86.4,Pass,0.06887789280281416,Safe
3837,1,M07698,Night,36.1,18.5,84.9,80.7,77.9,77.8,Pass,0.06887618593176424,Safe
1864,25,M09136,Afternoon,34.6,14.4,82.5,68.4,86.7,85.6,Pass,0.06887403801672488,Safe
5238,17,M07397,Afternoon,36.9,17.3,87.9,100.0,93.4,85.5,Pass,0.06887305556921453,Safe
8835,12,M09262,Night,34.0,18.1,78.0,91.5,74.2,93.4,Pass,0.06887271915097957,Safe
4664,16,M02619,Night,38.4,16.4,80.2,85.3,89.7,83.0,Pass,0.06887209603017248,Safe
3955,25,M01777,Morning,40.6,16.9,81.6,89.9,82.5,99.2,Pass,0.06887208865585481,Safe
2515,19,M00611,Afternoon,33.2,18.0,84.4,73.9,86.3,98.3,Pass,0.06886889919769332,Safe
107,25,M08997,Afternoon,28.9,15.9,91.8,83.6,97.4,76.7,Pass,0.06886802573769271,Safe
8656,4,M05869,Afternoon,36.5,15.0,82.7,100.0,76.4,85.7,Pass,0.06886329017190036,Safe
4451,5,M01505,Afternoon,36.4,13.5,81.9,79.7,92.2,82.9,Pass,0.06886277424730967,Safe
4907,7,M00130,Night,31.5,12.7,82.8,71.0,78.4,87.1,Pass,0.06886019038503817,Safe
232,2,M06617,Afternoon,35.1,16.7,78.7,78.4,79.8,76.4,Pass,0.06885712926926217,Safe
8284,4,M01130,Morning,30.5,15.5,100.0,80.6,89.5,95.4,Pass,0.06885620322397965,Safe
7608,23,M06524,Afternoon,34.2,18.3,74.5,73.2,81.5,78.1,Pass,0.06885348570971225,Safe
6252,6,M00005,Morning,32.8,15.6,73.8,78.4,74.0,85.0,Pass,0.06885259974959795,Safe
4629,14,M09425,Afternoon,33.2,18.1,87.7,100.0,93.6,99.7,Pass,0.06885253645473281,Safe
2182,17,M06173,Morning,27.0,15.1,88.9,86.9,81.7,84.3,Pass,0.06885117332953308,Safe
7956,2,M01104,Afternoon,35.2,17.5,83.0,78.7,75.2,67.1,Pass,0.06884986720888536,Safe
4800,16,M06198,Afternoon,35.3,16.7,82.0,87.6,80.9,78.5,Pass,0.06884883738571207,Safe
1703,4,M04600,Morning,34.9,15.4,78.3,75.6,90.7,95.6,Pass,0.06884796241491536,Safe
8201,10,M00105,Morning,40.4,16.8,92.4,88.9,84.1,67.6,Pass,0.06884678430536732,Safe
2248,7,M09909,Night,33.2,18.6,81.5,73.7,74.0,81.5,Pass,0.06883548388162394,Safe
7452,25,M00496,Afternoon,37.5,17.9,76.1,69.2,82.2,72.0,Pass,0.06883387739916835,Safe
1273,15,M03994,Night,37.2,15.4,79.4,73.6,75.7,76.9,Pass,0.06883322156493171,Safe
4324,2,M02154,Afternoon,36.4,18.3,73.9,85.6,85.2,65.6,Pass,0.06883191278708999,Safe
5168,25,M00947,Morning,34.5,14.5,76.3,91.1,82.1,85.7,Pass,0.06883068985419351,Safe
5865,23,M05326,Afternoon,36.8,17.3,82.4,79.3,77.0,83.9,Pass,0.06883058644304478,Safe
969,10,M00951,Afternoon,31.3,15.4,93.3,78.0,92.6,74.9,Pass,0.06882784772982659,Safe
8084,12,M04417,Morning,39.9,15.5,85.5,77.2,78.4,78.5,Pass,0.06882218994943985,Safe
1865,18,M05446,Night,29.1,16.5,76.2,78.7,68.1,75.8,Pass,0.06882183519578207,Safe
2197,17,M08081,Afternoon,39.7,15.5,72.8,86.6,88.3,94.5,Pass,0.06881084951924363,Safe
9621,15,M09448,Afternoon,27.5,17.3,71.6,73.4,78.3,82.5,Pass,0.0688089828403697,Safe
1794,3,M01199,Afternoon,36.1,15.4,89.6,78.7,87.0,75.8,Pass,0.06880831436050956,Safe
4998,8,M05574,Morning,31.9,17.2,70.4,83.6,79.9,71.0,Pass,0.06880742936211774,Safe
3540,24,M01850,Morning,35.5,15.0,76.1,69.5,75.4,77.3,Pass,0.06880704656305599,Safe
2473,2,M06286,Night,36.6,16.8,71.3,81.3,75.0,80.6,Pass,0.06880533066504739,Safe
7679,2,M09497,Morning,37.0,18.1,85.1,83.8,74.4,86.2,Pass,0.06880530742298294,Safe
5392,3,M04659,Afternoon,31.2,16.2,80.7,69.3,83.6,83.0,Pass,0.06880464480470304,Safe
5221,13,M06397,Morning,36.2,15.1,86.5,82.0,76.3,80.3,Pass,0.0688013893338767,Safe
8487,20,M02400,Morning,27.3,15.4,80.3,91.1,85.0,75.2,Pass,0.06879921676347629,Safe
4692,16,M03908,Morning,36.4,16.4,79.3,70.1,73.5,73.1,Pass,0.06879918496957735,Safe
2717,23,M05828,Afternoon,33.1,16.5,80.7,82.6,81.4,96.1,Pass,0.06879838918509325,Safe
1956,23,M01344,Night,36.5,15.5,97.5,73.5,78.1,67.1,Pass,0.06879714686800559,Safe
2313,11,M00515,Afternoon,35.3,14.4,91.1,72.3,84.8,86.8,Pass,0.06879710061993732,Safe
2737,2,M09492,Night,36.6,14.6,79.8,79.1,83.8,96.2,Pass,0.06879540878767569,Safe
8637,17,M00497,Night,32.0,14.5,93.1,86.5,86.9,97.9,Pass,0.06879450599375242,Safe
1698,18,M04649,Morning,39.5,17.7,80.9,91.4,84.0,88.4,Pass,0.06879305630378471,Safe
312,21,M00700,Morning,31.7,17.8,87.5,87.5,94.1,86.8,Pass,0.06879053287608747,Safe
1494,15,M04800,Morning,30.8,13.6,100.0,76.9,76.2,77.6,Pass,0.06879004240399436,Safe
9976,16,M01661,Morning,30.5,17.4,88.4,81.6,74.9,84.0,Pass,0.06878679720200434,Safe
9572,7,M09618,Morning,36.7,16.9,89.8,92.4,92.6,76.8,Pass,0.06878471569531758,Safe
4033,2,M05331,Morning,35.6,15.0,78.5,87.4,73.7,83.9,Pass,0.06877848344678789,Safe
4483,9,M01875,Afternoon,26.9,17.8,82.2,78.6,88.4,77.3,Pass,0.06877515289238162,Safe
1043,4,M08578,Morning,29.0,14.1,84.5,71.3,72.7,76.5,Pass,0.06877396584576399,Safe
3711,11,M06242,Morning,43.5,17.2,85.1,93.2,81.8,89.1,Pass,0.06876848301029408,Safe
7709,10,M01825,Afternoon,32.9,15.8,71.1,75.2,98.7,66.8,Pass,0.06876412604997496,Safe
8165,11,M01835,Morning,33.4,14.3,70.9,69.1,77.4,83.9,Pass,0.0687585592327355,Safe
8020,8,M06801,Night,35.9,14.8,94.1,76.1,87.4,81.7,Pass,0.06875755220786783,Safe
4940,6,M06637,Night,35.6,15.6,87.7,85.8,81.5,82.0,Pass,0.06875049709856641,Safe
8831,15,M07770,Morning,32.7,16.7,87.9,84.5,83.8,75.4,Pass,0.06874886243066007,Safe
7008,13,M00238,Morning,43.4,14.9,90.0,76.3,78.0,77.6,Pass,0.06874758785352021,Safe
1475,1,M00572,Morning,32.3,17.2,74.9,73.7,78.9,88.1,Pass,0.06874370407513458,Safe
2402,9,M08692,Morning,32.1,14.7,86.7,98.5,74.7,81.7,Pass,0.06874115958462855,Safe
8195,6,M06729,Morning,31.2,17.2,87.9,88.8,84.9,85.4,Pass,0.06873838235983201,Safe
7218,5,M02179,Afternoon,35.0,18.7,74.5,91.5,70.6,80.7,Pass,0.06873828892533251,Safe
8854,4,M04303,Afternoon,30.0,16.5,84.7,72.4,85.1,83.8,Pass,0.06873449406411464,Safe
836,10,M04207,Afternoon,29.7,15.0,97.6,85.1,75.3,73.3,Pass,0.06873409662557263,Safe
9648,15,M03467,Afternoon,35.9,16.9,78.7,74.6,75.5,82.2,Pass,0.06873256160224388,Safe
3437,7,M03639,Morning,30.6,16.8,94.4,74.9,75.8,81.7,Pass,0.06872931732996149,Safe
4710,17,M02419,Afternoon,35.0,17.9,87.2,75.3,80.3,85.4,Pass,0.06871934007146885,Safe
7345,7,M01782,Afternoon,35.0,15.0,96.2,78.1,74.1,78.4,Pass,0.06871675066292554,Safe
2511,21,M08175,Morning,34.5,17.1,84.6,80.2,73.3,74.6,Pass,0.06871568438129133,Safe
9910,20,M03398,Morning,38.6,15.0,100.0,81.3,93.4,83.1,Pass,0.06871550609209498,Safe
7111,5,M06270,Afternoon,40.1,15.2,79.0,89.6,76.6,80.8,Pass,0.06871516650419088,Safe
4518,25,M06616,Night,35.9,14.9,96.3,73.8,71.1,89.6,Pass,0.06871419052882519,Safe
2350,8,M00227,Morning,35.0,17.9,78.6,92.5,92.6,79.9,Pass,0.0687113524053965,Safe
7381,2,M08625,Afternoon,33.9,18.8,84.2,88.8,70.2,86.3,Pass,0.0687074764064045,Safe
3086,22,M07538,Afternoon,36.0,18.1,87.8,87.9,74.6,77.3,Pass,0.06869917464160757,Safe
6882,8,M03321,Morning,32.0,14.7,81.9,89.9,81.6,100.0,Pass,0.06869866207417683,Safe
3319,17,M02208,Night,36.7,18.2,82.3,81.5,75.1,98.9,Pass,0.06869802531151784,Safe
6142,4,M03204,Morning,31.0,17.0,93.4,76.8,74.2,80.5,Pass,0.06869527091753803,Safe
4120,23,M09868,Afternoon,39.5,16.6,75.3,86.2,88.1,100.0,Pass,0.06869477999821268,Safe
109,19,M08155,Morning,35.1,15.2,94.8,100.0,81.7,73.8,Pass,0.06869472723217364,Safe
6633,23,M03558,Afternoon,33.6,12.6,93.0,81.2,76.0,66.4,Pass,0.06869353856528353,Safe
5343,2,M09710,Morning,32.1,15.1,90.7,99.1,80.9,78.4,Pass,0.06869076478797732,Safe
7373,23,M04242,Morning,36.3,18.4,85.5,94.9,88.5,92.6,Pass,0.06868846330703823,Safe
1710,10,M02114,Afternoon,36.5,17.7,74.1,79.7,88.7,82.4,Pass,0.06868126082491427,Safe
7648,14,M03846,Morning,28.8,14.5,77.7,81.4,89.8,87.2,Pass,0.06867986584511743,Safe
7017,24,M07397,Morning,30.2,13.8,83.2,74.7,73.3,77.9,Pass,0.06867909121284256,Safe
5832,16,M01231,Afternoon,36.3,17.7,86.3,80.5,75.8,79.5,Pass,0.06867890772028755,Safe
2072,16,M09326,Afternoon,37.5,18.2,81.5,97.3,90.8,91.3,Pass,0.0686755248617698,Safe
7274,11,M00556,Morning,37.3,15.7,79.6,71.7,80.4,78.4,Pass,0.06867334850613598,Safe
9622,24,M00890,Morning,35.4,13.9,74.4,79.4,71.6,98.4,Pass,0.06867113836831701,Safe
9453,13,M08096,Morning,37.2,15.7,89.5,94.8,89.8,83.9,Pass,0.06866996670944453,Safe
3171,9,M06920,Afternoon,35.5,18.2,88.3,81.8,80.6,84.0,Pass,0.06866909506496052,Safe
1429,17,M02746,Afternoon,38.1,14.7,98.3,99.7,87.0,84.8,Pass,0.06866886584406143,Safe
1215,24,M06767,Afternoon,33.0,17.4,83.4,96.2,88.2,74.1,Pass,0.06866523142241132,Safe
652,20,M05714,Afternoon,38.3,17.1,89.3,95.2,73.7,92.1,Pass,0.06866355774668925,Safe
6255,24,M05379,Afternoon,34.4,16.2,90.2,90.7,83.4,100.0,Pass,0.0686628729217045,Safe
6958,24,M01668,Afternoon,33.8,17.8,76.6,80.5,88.0,100.0,Pass,0.06865714247872218,Safe
2304,25,M07296,Morning,43.1,16.9,78.8,87.5,82.7,88.6,Defect,0.06865230807346454,Safe
2011,23,M06771,Morning,34.0,15.0,87.1,94.7,79.0,98.7,Pass,0.06865142388317137,Safe
6907,3,M00565,Morning,35.6,14.7,86.6,78.3,73.9,84.6,Pass,0.06863804275322632,Safe
5882,6,M00902,Afternoon,38.6,16.5,88.4,93.6,78.7,68.0,Pass,0.06863688883278146,Safe
5800,18,M02569,Morning,33.5,14.4,86.2,94.8,88.8,88.3,Pass,0.06863666675728741,Safe
8323,18,M08985,Morning,36.0,13.8,84.3,81.2,76.3,77.3,Pass,0.06863520553639514,Safe
9978,3,M02355,Night,28.7,17.1,92.7,74.8,78.5,86.8,Pass,0.0686338561185218,Safe
7394,5,M09966,Afternoon,33.6,16.5,83.9,92.1,84.2,84.6,Pass,0.06862770836485116,Safe
9828,21,M01667,Afternoon,36.6,18.4,92.7,71.0,74.5,79.0,Pass,0.06862295262512816,Safe
3890,9,M08144,Afternoon,32.1,13.9,98.6,78.4,85.4,73.4,Pass,0.06861998969554073,Safe
8645,3,M04671,Afternoon,39.9,15.2,86.5,97.1,75.8,70.5,Pass,0.06861700381906592,Safe
4596,16,M08552,Afternoon,35.7,16.1,89.2,81.9,76.9,74.7,Pass,0.06861426834602369,Safe
2592,10,M01284,Night,30.7,16.3,87.6,92.7,74.1,91.4,Pass,0.0686094777556105,Safe
9131,23,M04685,Morning,36.2,17.5,88.5,80.3,82.1,81.5,Pass,0.06860409019511118,Safe
4504,22,M05870,Morning,33.8,15.3,82.2,79.2,93.0,86.7,Pass,0.0686039989022576,Safe
3886,17,M00662,Night,33.8,14.3,90.4,85.9,91.5,74.8,Pass,0.0686009281562534,Safe
4052,2,M07082,Afternoon,25.0,17.5,90.5,79.6,79.1,65.5,Pass,0.06860043677042388,Safe
7963,19,M07711,Morning,37.1,15.5,87.9,84.8,78.3,77.3,Pass,0.06859774758034576,Safe
3708,7,M03803,Morning,39.6,15.6,88.0,97.8,76.4,76.6,Pass,0.06859611150681419,Safe
307,5,M02328,Afternoon,38.4,14.3,90.5,98.3,86.0,83.1,Defect,0.06859587454826235,Safe
5652,19,M00464,Afternoon,37.2,13.0,93.4,71.9,96.6,82.3,Pass,0.06859582225834118,Safe
1614,20,M06091,Morning,37.2,15.8,89.8,77.0,77.8,73.8,Pass,0.06859331296608782,Safe
5173,15,M06361,Morning,36.7,17.5,91.2,96.3,85.0,91.4,Pass,0.06859216414413122,Safe
1085,1,M07312,Night,35.4,13.7,79.7,95.0,85.4,93.3,Pass,0.0685903124237713,Safe
8664,2,M07196,Afternoon,27.6,18.4,87.8,100.0,91.1,90.2,Pass,0.06859002953709313,Safe
9053,15,M09554,Morning,38.1,14.5,83.9,88.1,79.4,65.0,Pass,0.06858918716601183,Safe
4506,21,M04892,Morning,31.8,15.8,67.9,87.4,77.1,74.9,Pass,0.06858653699823884,Safe
2564,18,M04944,Morning,32.5,15.2,85.9,75.6,75.8,79.5,Pass,0.06858410173023846,Safe
3709,20,M05809,Morning,42.0,16.2,78.3,66.3,76.0,90.9,Pass,0.06858037487014963,Safe
3248,9,M02006,Afternoon,32.0,17.8,88.0,97.5,77.6,79.0,Pass,0.06857800398832978,Safe
9938,5,M05114,Afternoon,36.5,16.4,92.6,82.6,85.2,76.3,Pass,0.06857751572346711,Safe
1662,22,M08947,Afternoon,33.3,16.8,89.5,80.0,84.3,87.7,Pass,0.0685774956448793,Safe
999,17,M00985,Night,34.6,16.1,68.4,71.8,80.1,76.8,Pass,0.06857677806949,Safe
5907,14,M03226,Afternoon,39.7,17.4,72.1,83.3,76.8,82.2,Pass,0.06857652868608216,Safe
9363,18,M09341,Afternoon,36.7,15.1,81.9,79.2,94.0,99.0,Pass,0.06857483130783154,Safe
6788,20,M01018,Night,33.4,14.2,82.4,91.6,86.8,88.1,Pass,0.06857480246352529,Safe
4134,11,M06645,Afternoon,39.4,16.3,84.0,82.7,76.1,68.3,Pass,0.06856973440940375,Safe
1240,23,M06186,Morning,27.2,13.7,76.2,77.5,82.6,78.4,Pass,0.06856710177673263,Safe
8608,9,M01726,Morning,29.3,15.3,87.4,80.5,75.8,81.4,Pass,0.06856592465508261,Safe
5520,10,M09972,Afternoon,41.1,16.9,80.6,76.7,83.3,85.3,Pass,0.0685656432999967,Safe
6804,18,M08639,Afternoon,39.6,16.4,88.0,70.7,76.5,77.1,Pass,0.0685633400085942,Safe
9324,1,M04818,Afternoon,32.6,16.6,93.5,84.5,87.5,89.0,Pass,0.06856161199354605,Safe
7916,8,M00687,Morning,40.0,14.8,82.5,89.5,92.9,78.6,Pass,0.06855839903601434,Safe
7775,24,M08415,Morning,32.5,14.8,95.5,80.5,89.1,86.4,Pass,0.0685578444010762,Safe
4165,1,M01339,Afternoon,40.2,14.7,81.4,86.4,71.9,79.4,Pass,0.06855381350543939,Safe
8197,19,M06500,Afternoon,35.9,14.5,71.8,83.3,85.4,80.9,Pass,0.06855140464283642,Safe
6009,3,M01717,Afternoon,33.8,13.9,87.2,77.2,92.7,79.9,Pass,0.06854971683013651,Safe
3537,9,M04083,Morning,37.5,16.1,93.8,76.3,81.0,77.1,Pass,0.0685447833107164,Safe
7700,22,M01570,Morning,36.2,15.7,89.8,75.0,73.9,100.0,Pass,0.06854369026685916,Safe
6781,20,M06298,Morning,32.5,15.9,84.0,79.9,73.2,89.3,Pass,0.06853963996739904,Safe
7914,10,M00838,Morning,31.9,14.4,88.1,78.0,78.0,68.7,Pass,0.06853347511916512,Safe
5958,11,M04705,Morning,36.6,17.1,82.4,87.2,81.5,78.5,Pass,0.06852777913617762,Safe
1827,20,M03554,Morning,32.3,15.8,82.1,70.6,67.6,92.8,Pass,0.06852698973610685,Safe
2748,10,M00343,Morning,39.6,16.3,80.4,92.8,79.7,92.0,Pass,0.06852643356144462,Safe
8770,10,M00149,Morning,30.7,17.8,85.4,96.4,93.8,100.0,Pass,0.06852108340226933,Safe
9838,20,M06027,Morning,38.3,16.5,92.2,96.4,89.8,100.0,Pass,0.0685199942995948,Safe
9946,3,M00278,Morning,40.8,14.0,88.8,86.3,79.9,84.7,Pass,0.06851561893918856,Safe
4304,21,M06060,Afternoon,37.0,14.9,81.6,95.4,88.4,83.7,Pass,0.06851345411834857,Safe
608,13,M01853,Morning,30.7,16.5,100.0,85.8,81.2,92.4,Pass,0.06850799511862442,Safe
9035,13,M00566,Afternoon,30.9,14.9,90.9,96.6,85.0,77.4,Pass,0.0685069800408482,Safe
6350,23,M03986,Afternoon,33.0,14.9,74.6,72.7,78.8,78.5,Pass,0.06850538991729403,Safe
6172,15,M08670,Afternoon,34.6,16.0,69.4,82.5,79.6,78.2,Pass,0.06850020737291271,Safe
853,2,M06987,Morning,28.0,15.3,82.5,77.3,92.1,100.0,Pass,0.06849826486936364,Safe
5243,15,M03495,Afternoon,39.2,15.4,77.5,69.8,76.4,92.7,Pass,0.06849805037749473,Safe
1996,23,M00662,Afternoon,40.1,16.5,95.0,78.8,94.6,76.8,Pass,0.06849641925171707,Safe
9710,24,M05262,Afternoon,34.2,16.7,93.7,79.4,67.6,70.0,Pass,0.06849402811578648,Safe
8433,17,M08131,Morning,29.4,15.6,81.1,67.9,91.6,74.7,Pass,0.06849366851975616,Safe
8095,8,M03265,Afternoon,35.3,16.2,80.1,97.9,85.2,82.1,Pass,0.06849242895310766,Safe
8180,21,M01440,Morning,34.7,17.9,82.3,93.6,80.8,93.5,Pass,0.06849235087090197,Safe
2612,13,M02505,Morning,32.9,17.3,81.2,90.2,93.6,76.5,Pass,0.06848886415085538,Safe
3229,10,M09216,Morning,35.1,14.6,87.1,92.5,85.8,93.2,Pass,0.06848842822206783,Safe
7361,21,M03244,Afternoon,35.4,16.0,85.5,90.1,72.0,76.2,Pass,0.06848749292964572,Safe
9692,4,M04657,Afternoon,39.7,15.9,86.7,82.5,84.6,100.0,Pass,0.06848703139859356,Safe
1212,17,M09443,Afternoon,39.2,15.6,96.9,95.9,87.5,80.2,Pass,0.06848382168880313,Safe
1314,18,M07695,Night,32.4,12.5,73.5,74.3,76.4,77.1,Pass,0.06848365653082818,Safe
4909,10,M02364,Afternoon,33.5,16.9,87.2,77.8,85.1,79.0,Pass,0.06848109302029164,Safe
2788,10,M04797,Morning,33.8,17.9,90.3,75.8,89.7,76.3,Pass,0.06848106728632074,Safe
6146,8,M03084,Morning,33.8,17.9,86.6,74.7,92.6,79.6,Pass,0.0684794545527712,Safe
1133,10,M04243,Morning,35.1,14.7,78.4,82.9,90.2,84.6,Pass,0.06847175356915518,Safe
8090,18,M07002,Night,35.9,13.6,92.0,76.2,84.0,82.9,Pass,0.06847174801509748,Safe
2098,15,M06611,Afternoon,34.2,13.6,89.4,91.2,81.8,73.8,Pass,0.06846927949847031,Safe
5433,18,M05709,Afternoon,35.3,16.6,87.2,87.9,74.4,83.3,Pass,0.06846892308496569,Safe
1591,18,M03118,Afternoon,39.8,14.8,77.0,73.7,86.3,84.0,Pass,0.06846889177665894,Safe
9579,4,M06674,Morning,39.9,17.0,80.2,72.5,81.4,76.4,Pass,0.06846000513902238,Safe
5632,10,M09400,Afternoon,37.3,18.3,71.8,82.0,77.5,77.5,Pass,0.068459426751044,Safe
2103,24,M06526,Morning,33.5,17.8,79.8,80.6,90.9,82.1,Pass,0.06844835721562427,Safe
2014,18,M08556,Morning,42.8,14.1,94.2,79.9,80.2,80.3,Pass,0.06844762021054611,Safe
9417,21,M01389,Afternoon,41.0,17.3,79.1,89.5,83.9,97.9,Pass,0.06843513103526536,Safe
6185,5,M05683,Morning,34.6,18.3,77.5,76.8,90.2,79.6,Pass,0.06843494704301807,Safe
8662,4,M03004,Afternoon,34.4,17.2,85.9,70.4,79.1,85.2,Pass,0.0684319750863684,Safe
7685,18,M08344,Morning,33.7,13.4,100.0,92.5,84.6,75.5,Pass,0.06843124115983669,Safe
8099,24,M02764,Afternoon,29.9,15.0,80.6,93.6,83.7,94.2,Pass,0.06842972732418988,Safe
7197,21,M09494,Morning,36.9,17.1,81.9,91.6,77.4,97.5,Pass,0.06842464200464496,Safe
2241,22,M02197,Night,26.6,16.6,87.3,96.4,94.3,85.5,Pass,0.06841887387868564,Safe
3659,9,M05132,Afternoon,34.6,15.7,83.0,89.7,80.4,83.5,Pass,0.06841653722780398,Safe
9017,24,M07371,Morning,34.6,16.4,94.8,93.9,85.8,99.7,Pass,0.06841590515760697,Safe
6948,25,M09698,Morning,35.7,14.1,78.8,70.6,87.2,81.7,Pass,0.06841427182203075,Safe
7203,21,M00601,Afternoon,37.2,17.8,81.7,80.9,73.1,77.0,Pass,0.06840144360353713,Safe
3656,15,M07292,Morning,38.4,14.7,91.2,90.0,82.3,91.2,Pass,0.06839913865214542,Safe
2145,4,M07994,Afternoon,34.9,17.8,91.5,85.2,85.4,79.0,Pass,0.06839567591670902,Safe
4550,9,M07546,Night,37.4,14.2,83.5,69.5,80.5,88.9,Pass,0.06839376789778732,Safe
689,4,M06601,Night,41.2,15.2,97.3,93.7,86.6,91.3,Pass,0.06839152119481912,Safe
5277,19,M05883,Morning,35.3,16.6,86.9,82.8,98.2,100.0,Pass,0.06839041908094956,Safe
9698,13,M06540,Afternoon,32.9,12.9,86.1,79.3,86.1,82.7,Pass,0.06838736391278381,Safe
3829,9,M04459,Night,39.7,15.0,85.7,84.8,77.4,86.5,Pass,0.06838061331020913,Safe
1250,1,M02323,Afternoon,33.1,16.3,81.3,90.0,87.4,90.7,Pass,0.06837210479886786,Safe
9229,16,M04185,Morning,36.0,15.0,83.1,96.3,85.9,78.3,Pass,0.06836365758987129,Safe
2305,22,M03301,Night,37.4,16.7,77.1,85.5,74.3,68.1,Pass,0.06836351954516749,Safe
9592,7,M09330,Morning,38.6,15.8,83.8,87.6,78.0,87.3,Pass,0.06836198784777549,Safe
8508,9,M07414,Afternoon,39.7,17.5,90.7,69.6,77.4,71.4,Pass,0.0683612261895686,Safe
6874,16,M03816,Morning,32.2,18.7,85.2,82.4,91.2,86.1,Pass,0.06836021738993557,Safe
4863,15,M02966,Morning,35.2,17.2,76.6,82.7,73.8,84.7,Pass,0.06835729076069683,Safe
1096,19,M06017,Morning,43.1,14.8,93.4,74.9,100.0,84.3,Pass,0.068355188143817,Safe
9020,20,M07691,Afternoon,39.1,16.1,85.4,74.5,81.9,89.0,Pass,0.06835288425680885,Safe
5561,18,M09831,Morning,36.4,18.3,81.1,82.8,82.9,82.5,Pass,0.06835227486505188,Safe
1474,2,M01436,Afternoon,33.0,13.6,85.7,68.7,84.4,89.3,Pass,0.06835074156195678,Safe
3928,10,M03553,Afternoon,31.9,13.4,81.3,88.5,82.7,92.1,Pass,0.0683425898839077,Safe
9188,19,M04092,Morning,34.5,16.5,86.4,68.6,77.4,73.5,Pass,0.0683421755233548,Safe
1832,12,M05451,Afternoon,36.6,17.1,95.5,68.1,74.8,77.4,Pass,0.06833707129072096,Safe
6769,17,M00923,Night,36.0,16.8,79.3,79.3,79.7,79.2,Pass,0.0683293898412648,Safe
8257,11,M09378,Morning,33.9,17.0,90.1,76.8,73.9,79.0,Pass,0.06832494166942191,Safe
1947,23,M09739,Afternoon,33.7,13.8,89.4,75.3,88.8,76.3,Pass,0.06832234012052686,Safe
2161,19,M02356,Afternoon,43.3,16.3,76.8,65.7,87.0,73.7,Pass,0.06832197835822568,Safe
4093,17,M06484,Afternoon,29.5,17.9,94.7,65.8,87.1,74.2,Pass,0.06831977870427455,Safe
6048,4,M00301,Afternoon,36.0,15.4,87.6,85.2,79.7,78.6,Pass,0.06831364601206003,Safe
1054,17,M05300,Night,34.4,14.6,87.7,79.3,84.6,80.9,Pass,0.06831299661791622,Safe
2531,6,M04977,Afternoon,32.3,16.6,83.2,79.4,75.7,76.1,Pass,0.06831112636906936,Safe
4865,2,M08976,Morning,33.5,17.1,88.8,74.3,96.1,92.8,Pass,0.06830525807837871,Safe
8673,10,M03654,Afternoon,41.6,15.2,73.5,67.8,96.7,76.4,Pass,0.0683029775179439,Safe
3882,23,M00137,Afternoon,40.9,16.3,75.4,91.9,82.5,91.8,Pass,0.06830006523237106,Safe
654,22,M00256,Afternoon,36.6,14.7,85.4,76.2,74.3,88.1,Pass,0.06829634004154289,Safe
590,16,M09274,Morning,34.1,15.1,86.6,90.0,72.4,75.1,Pass,0.06829536528839833,Safe
3581,15,M00167,Afternoon,28.8,15.6,84.6,81.8,78.7,78.2,Pass,0.06829426341158029,Safe
2223,17,M05440,Morning,37.8,16.5,78.0,69.9,72.7,77.2,Pass,0.06829403408919055,Safe
4655,23,M07985,Morning,41.9,16.5,79.1,79.1,80.6,77.8,Pass,0.06829256288052842,Safe
7756,17,M07175,Afternoon,36.0,12.9,91.8,95.2,89.0,92.9,Pass,0.06829225661226214,Safe
7070,10,M07457,Morning,33.3,18.4,75.6,69.2,76.3,76.3,Pass,0.06828874832965812,Safe
8863,15,M03748,Night,39.5,17.9,88.1,76.7,82.3,85.0,Pass,0.06828695254682604,Safe
5994,3,M07544,Afternoon,31.0,15.7,83.8,72.8,82.9,83.6,Pass,0.06828522336948142,Safe
2739,6,M07157,Night,34.4,16.2,87.9,73.9,79.7,78.0,Pass,0.06828391322331276,Safe
9580,12,M06033,Morning,36.6,18.0,82.4,79.0,84.4,80.4,Pass,0.06828340118612505,Safe
5230,17,M02646,Afternoon,40.9,15.2,81.4,72.6,79.6,85.3,Pass,0.06827783178838766,Safe
512,6,M00729,Afternoon,36.7,18.6,80.0,64.6,92.1,83.5,Pass,0.06827719856066745,Safe
2571,24,M03201,Afternoon,43.2,16.4,100.0,92.3,80.5,92.7,Pass,0.06827491598300489,Safe
5660,15,M08882,Afternoon,40.2,17.7,89.2,90.3,92.2,87.4,Pass,0.06827186767090025,Safe
9115,2,M04429,Morning,34.9,13.7,79.7,89.5,87.1,88.1,Pass,0.06826246625887039,Safe
7354,10,M08045,Afternoon,36.6,17.2,80.7,91.3,91.6,99.7,Pass,0.0682609678510726,Safe
8917,18,M04940,Afternoon,32.9,14.2,84.7,77.5,79.3,87.2,Pass,0.0682586496135877,Safe
5241,14,M00862,Night,36.4,18.8,81.0,84.5,83.2,76.4,Pass,0.06825844127033545,Safe
4873,22,M01910,Morning,33.6,15.6,96.3,75.6,81.1,79.2,Pass,0.06825677397361318,Safe
2266,20,M09760,Afternoon,35.4,16.9,82.2,94.9,78.7,90.7,Pass,0.06825669687908971,Safe
7563,7,M05433,Morning,34.1,16.2,77.9,71.7,83.0,82.3,Pass,0.06825548540627666,Safe
7055,9,M04208,Afternoon,34.4,13.8,67.4,94.2,84.1,91.4,Pass,0.0682502154560524,Safe
4280,17,M09096,Morning,36.1,14.3,85.8,97.4,88.5,87.6,Pass,0.06824813397053127,Safe
4196,24,M03506,Morning,31.5,15.3,88.6,90.0,88.4,98.6,Pass,0.06824648032664758,Safe
5601,2,M08303,Morning,38.2,18.6,79.9,72.0,79.8,95.0,Pass,0.06824586912935476,Safe
6389,9,M01174,Morning,31.6,16.5,88.5,91.5,69.3,76.3,Pass,0.06824524386738828,Safe
7553,20,M01071,Afternoon,40.7,14.0,81.7,93.2,95.0,92.9,Pass,0.06824444354414264,Safe
5852,22,M06682,Night,37.6,18.4,68.2,99.2,83.4,81.8,Pass,0.06824348627321539,Safe
8207,10,M08838,Morning,37.3,16.0,81.2,68.7,79.6,73.1,Pass,0.0682412346412585,Safe
7660,24,M01889,Afternoon,33.3,17.1,93.6,94.7,89.2,82.4,Pass,0.06823731296144732,Safe
8499,25,M07632,Morning,38.8,17.1,76.5,68.7,82.1,73.4,Pass,0.06823718084143592,Safe
7771,25,M09309,Afternoon,35.8,16.3,74.2,100.0,80.5,89.9,Pass,0.06823426275497735,Safe
3728,9,M04196,Morning,31.2,16.7,100.0,76.4,84.7,66.1,Pass,0.06823246800110394,Safe
7514,13,M07648,Morning,32.1,14.7,84.6,69.2,93.8,83.6,Pass,0.06823056604951175,Safe
4177,12,M06838,Afternoon,34.5,14.8,78.7,71.2,72.8,89.1,Pass,0.06822744619017285,Safe
2910,1,M06565,Morning,31.8,14.4,99.2,95.4,77.5,83.7,Pass,0.06822731928541675,Safe
2938,8,M07940,Afternoon,37.1,15.9,91.8,78.4,74.9,90.9,Pass,0.06822607197603166,Safe
4321,8,M05068,Afternoon,39.5,15.3,76.9,85.5,83.9,89.3,Pass,0.06822364918759699,Safe
5380,4,M00495,Morning,34.2,15.4,73.7,81.2,71.6,76.8,Pass,0.06821936061525861,Safe
4255,19,M03857,Morning,42.7,16.3,85.2,76.3,86.4,100.0,Pass,0.06821643704365393,Safe
7861,9,M00394,Morning,33.1,14.0,86.2,96.6,87.3,88.7,Pass,0.06821458643339684,Safe
4494,19,M00308,Night,34.9,17.8,84.8,71.4,80.8,75.0,Pass,0.06821443471127163,Safe
9495,9,M00527,Afternoon,31.4,15.3,82.6,72.8,85.5,89.6,Pass,0.06821437630823532,Safe
4880,9,M03407,Night,35.6,18.1,72.0,82.4,84.4,75.3,Pass,0.06821301367039284,Safe
4486,5,M08465,Afternoon,31.4,15.5,91.5,71.7,94.5,77.0,Pass,0.0682094396245872,Safe
890,24,M09094,Morning,32.1,12.6,95.5,81.0,84.0,88.3,Pass,0.06820356996539996,Safe
7110,20,M00313,Afternoon,27.3,13.7,80.8,74.9,75.9,74.7,Pass,0.0682010598300236,Safe
7241,10,M01317,Night,34.9,16.0,97.4,77.9,86.8,76.0,Pass,0.0682009058033997,Safe
9486,22,M03660,Afternoon,34.9,14.7,92.4,75.8,96.1,75.6,Pass,0.06819729402129289,Safe
7261,16,M09757,Morning,32.0,16.1,67.7,75.4,82.4,71.0,Pass,0.06819419378280735,Safe
4722,22,M04267,Morning,32.2,17.8,80.3,69.6,92.2,69.3,Pass,0.0681927884474726,Safe
863,12,M00006,Afternoon,37.3,14.5,94.7,93.2,74.8,85.4,Pass,0.06819202774889063,Safe
6101,1,M07323,Morning,29.7,16.4,86.5,80.7,83.2,77.6,Pass,0.06819068897559238,Safe
2981,24,M00383,Afternoon,32.8,17.5,84.4,76.7,93.4,82.0,Pass,0.06818932363316837,Safe
2898,17,M05161,Morning,34.8,16.9,82.1,85.1,75.7,90.8,Pass,0.06818914402878015,Safe
9571,16,M05948,Afternoon,35.7,13.6,90.1,99.8,85.2,72.9,Pass,0.06818679007041677,Safe
4472,22,M00192,Night,37.6,15.1,83.6,79.0,78.2,66.3,Pass,0.06818469472961153,Safe
3430,2,M03584,Afternoon,29.2,17.7,80.8,74.5,92.6,84.5,Pass,0.06817257713270142,Safe
4001,18,M08182,Afternoon,38.1,16.6,91.0,76.5,84.0,91.3,Pass,0.06817024467630026,Safe
1829,11,M01001,Night,37.6,16.5,84.9,74.5,80.9,77.4,Pass,0.0681693137928115,Safe
1026,12,M01855,Afternoon,36.7,16.9,87.5,87.3,78.9,100.0,Pass,0.06816686738992435,Safe
6671,7,M03396,Morning,25.3,17.6,76.3,80.4,82.0,73.5,Pass,0.06816053368228107,Safe
3355,2,M06708,Morning,42.1,18.0,82.7,77.8,77.7,81.1,Pass,0.06815835100883028,Safe
9277,2,M05153,Morning,31.9,17.7,89.1,79.8,87.6,76.3,Pass,0.06815654599131356,Safe
4342,6,M00227,Morning,34.5,15.0,96.4,97.0,83.3,76.3,Pass,0.06815443648166129,Safe
7405,11,M00596,Morning,37.7,16.3,81.1,71.7,83.3,65.0,Pass,0.0681518698274846,Safe
9736,16,M02724,Afternoon,33.0,16.1,79.3,71.1,74.1,72.8,Pass,0.0681504021195596,Safe
294,10,M05601,Morning,36.8,17.4,84.9,95.3,92.6,83.1,Pass,0.06814638963200811,Safe
4874,12,M06365,Morning,32.8,17.6,93.6,82.7,87.3,74.9,Pass,0.06814618492438224,Safe
82,17,M08572,Afternoon,33.6,15.2,88.4,99.8,90.5,99.0,Pass,0.06814610114445012,Safe
5566,13,M00735,Morning,28.3,16.2,75.9,74.5,91.4,81.6,Pass,0.06814378824276444,Safe
9386,3,M08607,Night,34.9,14.0,89.3,74.5,81.1,72.2,Pass,0.06814357818982308,Safe
2697,22,M07790,Afternoon,36.0,14.5,85.8,69.5,75.9,74.5,Pass,0.06813875405554495,Safe
8899,19,M04998,Morning,26.8,14.9,94.9,85.5,96.7,80.0,Pass,0.0681386246731289,Safe
5447,24,M00682,Morning,36.1,17.2,83.0,79.8,76.9,82.4,Pass,0.0681351418063877,Safe
4391,8,M03559,Morning,39.3,15.1,89.9,98.9,86.4,92.9,Pass,0.0681345898946274,Safe
7787,7,M06010,Morning,34.0,16.7,78.6,81.5,88.4,81.5,Pass,0.0681307425494023,Safe
5448,21,M05255,Afternoon,36.9,17.4,89.9,74.9,70.9,77.8,Pass,0.06812979707380513,Safe
2826,10,M00988,Night,26.5,15.9,90.3,83.3,86.8,75.3,Pass,0.06812627140454905,Safe
6950,21,M08489,Morning,42.3,16.9,76.5,74.0,76.0,91.8,Pass,0.06812330075293593,Safe
3647,7,M00883,Afternoon,29.1,13.7,81.8,77.3,85.5,82.7,Pass,0.06811864310952491,Safe
9605,17,M09090,Afternoon,32.2,17.5,79.1,80.8,75.3,85.1,Pass,0.06811783238617394,Safe
6184,24,M09112,Night,33.8,17.3,79.4,85.3,77.4,82.4,Pass,0.06810907476326655,Safe
5240,23,M07798,Morning,35.6,15.3,74.2,72.6,76.0,95.0,Pass,0.06810673838024957,Safe
4803,9,M08433,Night,30.7,17.4,77.7,86.0,66.4,72.2,Pass,0.06810468041917969,Safe
6862,8,M02312,Night,38.2,13.5,82.7,76.4,89.8,92.0,Pass,0.068102889233708,Safe
1615,18,M08509,Morning,37.8,15.2,81.6,96.9,81.4,85.5,Pass,0.06809980582720689,Safe
2394,18,M08591,Morning,34.1,14.6,77.9,84.1,84.0,72.2,Pass,0.0680991544274207,Safe
203,5,M00198,Morning,33.5,16.1,94.6,80.0,82.1,72.9,Pass,0.06809815599365655,Safe
2411,11,M02611,Afternoon,33.8,15.3,88.1,94.2,90.1,87.4,Pass,0.06809798117041864,Safe
7343,6,M01439,Afternoon,39.4,16.7,70.4,79.8,80.0,73.2,Pass,0.06809554448868449,Safe
9005,6,M04103,Afternoon,30.5,14.2,73.4,72.0,81.3,86.6,Pass,0.06809141741350298,Safe
7855,24,M08402,Afternoon,36.0,16.4,87.1,78.0,80.2,89.7,Pass,0.06808652270307813,Safe
4126,19,M04461,Afternoon,41.5,16.5,91.1,70.2,77.4,77.4,Pass,0.06808323190523492,Safe
7212,1,M09090,Morning,36.7,17.5,74.6,76.6,82.5,65.0,Pass,0.06808183212644928,Safe
4912,16,M00144,Afternoon,31.0,14.8,82.5,78.4,76.1,100.0,Pass,0.06808071348405084,Safe
745,16,M04165,Morning,34.6,16.2,90.0,94.7,82.7,75.5,Pass,0.06807796601185138,Safe
6121,16,M00472,Morning,38.8,17.9,74.3,79.2,71.3,75.3,Pass,0.06807456476912269,Safe
5332,5,M02314,Morning,38.8,16.9,87.0,100.0,90.7,84.0,Pass,0.06806880820159524,Safe
3024,2,M00883,Morning,29.6,17.4,86.4,95.4,92.1,94.1,Pass,0.0680679079811973,Safe
3991,11,M02566,Morning,33.0,15.5,81.6,71.7,85.1,82.9,Pass,0.06806573593229896,Safe
5577,12,M01606,Afternoon,40.6,14.1,84.8,100.0,86.6,96.4,Pass,0.06806422596651633,Safe
3391,12,M09468,Morning,42.9,15.8,88.9,77.6,84.5,86.9,Pass,0.06806035529377666,Safe
7067,21,M04653,Morning,34.1,16.5,90.9,71.6,94.0,84.5,Pass,0.06805828640042913,Safe
5681,21,M09266,Morning,37.9,14.9,87.3,79.5,76.1,89.4,Pass,0.06805695834072478,Safe
5174,14,M07658,Morning,43.0,16.8,77.2,83.3,73.2,93.5,Pass,0.06805502381568974,Safe
135,25,M07575,Night,35.2,16.9,72.9,78.4,67.3,88.6,Pass,0.06805498365560403,Safe
8595,22,M06508,Afternoon,38.4,15.4,83.9,97.3,81.5,73.5,Pass,0.06805065096241412,Safe
3879,3,M07025,Afternoon,41.9,14.6,79.5,77.3,91.3,83.9,Pass,0.06804984221426728,Safe
7531,2,M03084,Morning,37.5,18.1,84.3,93.2,92.8,100.0,Pass,0.06804850755912646,Safe
5325,2,M09031,Morning,40.4,15.1,71.6,74.3,79.1,80.3,Pass,0.06804507018593926,Safe
4444,1,M03073,Morning,31.7,16.4,85.6,69.3,76.4,78.0,Pass,0.06804266313703111,Safe
9237,21,M00735,Morning,30.8,13.8,89.2,93.6,84.1,84.4,Pass,0.06803805043259993,Safe
4835,17,M00090,Afternoon,32.7,16.3,89.6,76.6,81.9,83.3,Pass,0.06803797260267995,Safe
8832,22,M03414,Afternoon,36.6,16.8,75.8,72.7,89.6,73.6,Pass,0.06803704980959913,Safe
5212,4,M07838,Morning,38.0,13.4,88.5,84.8,79.0,73.8,Pass,0.06803600898014435,Safe
2533,7,M05880,Morning,33.0,15.2,86.2,72.9,77.2,89.9,Pass,0.06803439132837999,Safe
1721,14,M00270,Morning,37.3,17.2,93.5,73.2,80.5,97.1,Pass,0.06803356702988106,Safe
8971,17,M03961,Morning,36.2,15.7,77.1,72.2,84.7,79.3,Pass,0.06803250445986431,Safe
4580,16,M07348,Afternoon,37.1,16.1,83.8,69.5,89.0,84.7,Pass,0.06803169833679358,Safe
7892,12,M06167,Afternoon,34.2,15.5,97.1,87.4,90.5,85.4,Pass,0.06803156784519411,Safe
5465,3,M08489,Morning,33.3,16.7,86.8,96.9,90.8,91.4,Pass,0.06802934619959893,Safe
1913,17,M01301,Night,43.1,16.0,92.6,75.8,77.7,91.8,Pass,0.06802837981727347,Safe
5458,11,M02160,Morning,40.1,15.0,88.6,86.9,77.2,82.0,Pass,0.06802819302232666,Safe
9044,1,M08849,Morning,35.7,15.2,89.0,77.4,83.4,96.1,Pass,0.0680249206978589,Safe
7150,8,M08114,Afternoon,32.3,16.8,84.1,68.5,85.3,81.1,Pass,0.06802389082426434,Safe
1551,22,M06343,Night,37.4,17.3,85.5,72.1,74.3,76.6,Pass,0.06802356286507318,Safe
3842,4,M06916,Morning,33.2,14.9,74.9,80.9,81.2,66.9,Pass,0.06801861086596689,Safe
5341,10,M09916,Night,29.5,14.6,66.8,83.2,92.8,77.9,Pass,0.06801747296375299,Safe
2663,23,M06116,Morning,32.1,16.0,86.0,74.5,76.4,91.4,Pass,0.06801660811153779,Safe
7078,10,M06042,Afternoon,39.5,16.1,82.1,84.1,74.9,71.7,Pass,0.06801474307917331,Safe
3855,3,M09117,Afternoon,43.5,15.1,72.8,70.2,76.6,92.1,Pass,0.06800961383136472,Safe
3115,5,M09102,Morning,32.1,18.5,71.2,84.0,89.5,76.2,Pass,0.06800886577226933,Safe
5461,4,M08220,Night,33.9,17.4,93.4,73.1,77.9,77.4,Pass,0.06800771415959911,Safe
9266,9,M02709,Morning,30.4,13.9,84.6,84.5,75.0,75.3,Pass,0.06800706895328719,Safe
9880,24,M07273,Afternoon,25.5,16.8,72.9,82.4,69.4,78.7,Pass,0.06800483168165072,Safe
6690,4,M02444,Morning,37.5,16.7,87.5,81.0,75.1,80.7,Pass,0.06800311996805605,Safe
8539,6,M03127,Afternoon,33.9,17.0,80.0,82.8,98.2,78.9,Pass,0.06800091378782586,Safe
9009,7,M04712,Afternoon,29.4,15.3,90.5,96.9,89.3,93.6,Pass,0.06800018424865631,Safe
2137,22,M04482,Morning,37.9,17.9,81.0,80.5,78.3,78.9,Pass,0.06800009112988643,Safe
7985,18,M00615,Afternoon,28.6,15.5,81.9,95.2,82.5,94.2,Pass,0.06799860295192578,Safe
1916,16,M03098,Afternoon,28.8,17.5,75.5,87.1,83.7,77.2,Defect,0.067994113720605,Safe
2143,19,M06794,Afternoon,35.3,16.2,81.3,81.9,82.8,77.2,Pass,0.06799303665733251,Safe
7601,18,M06553,Afternoon,34.2,16.5,80.4,83.0,75.1,83.9,Pass,0.06799189097791083,Safe
6615,1,M06277,Morning,43.1,16.7,84.9,92.1,79.7,72.7,Pass,0.06799170144262834,Safe
6995,2,M08794,Night,25.0,13.4,80.3,89.9,89.6,86.1,Pass,0.06798754474230298,Safe
4077,4,M04335,Afternoon,42.7,15.6,84.2,93.8,91.5,89.8,Pass,0.06798738197801271,Safe
2805,23,M04913,Afternoon,41.0,14.1,75.3,75.0,100.0,75.9,Pass,0.06798708860413284,Safe
1398,25,M01381,Morning,29.3,14.6,83.4,87.6,89.8,90.4,Pass,0.06798692589494101,Safe
5121,24,M08106,Morning,31.9,14.6,95.4,87.5,100.0,74.1,Pass,0.06798497732685592,Safe
9500,6,M02759,Morning,35.0,13.8,96.7,95.5,86.9,80.1,Pass,0.06798299193990304,Safe
4735,18,M05738,Afternoon,34.6,16.6,74.5,74.4,70.1,78.6,Pass,0.06798283879303442,Safe
3569,5,M09945,Night,34.8,15.4,87.8,80.6,83.2,80.5,Pass,0.06798147469819646,Safe
1014,18,M07197,Morning,33.6,16.6,91.0,73.2,81.1,86.1,Pass,0.06797735155330759,Safe
6903,2,M09910,Morning,32.9,15.0,87.7,69.2,73.5,84.0,Pass,0.0679765080145285,Safe
2615,11,M09178,Morning,32.4,14.8,88.9,72.3,83.2,72.3,Pass,0.0679750913645735,Safe
1262,6,M00339,Night,37.9,17.2,88.9,90.5,67.5,75.2,Pass,0.0679744239028891,Safe
4261,12,M01547,Morning,36.0,16.2,66.4,84.6,88.4,88.9,Pass,0.06797439269984083,Safe
2704,17,M01532,Morning,27.9,17.5,91.0,76.6,89.7,90.8,Pass,0.06797067432135802,Safe
744,3,M05972,Afternoon,41.6,16.7,79.6,96.3,90.6,84.3,Pass,0.06797039748408122,Safe
3911,6,M07118,Morning,40.0,16.3,84.1,96.9,75.3,89.5,Pass,0.06796757755401422,Safe
4734,10,M08480,Night,27.3,18.0,74.3,76.1,72.6,74.6,Pass,0.06796470806329387,Safe
7259,17,M07400,Afternoon,32.2,14.0,72.1,94.7,86.7,99.6,Pass,0.06796388999398144,Safe
509,4,M04969,Night,39.5,16.5,84.3,74.6,66.7,88.7,Pass,0.0679615419691731,Safe
8494,13,M08235,Night,28.8,14.9,88.2,89.3,78.8,75.4,Pass,0.0679596102555915,Safe
8936,13,M09281,Afternoon,34.8,18.2,86.6,93.5,87.1,81.2,Pass,0.06795529154407283,Safe
8980,19,M03642,Morning,30.7,17.1,88.6,74.7,81.7,83.6,Pass,0.06794982870226997,Safe
4872,6,M09022,Morning,40.8,14.9,74.8,69.7,80.7,85.8,Pass,0.0679492429342338,Safe
3734,12,M02643,Afternoon,34.7,16.8,94.3,86.1,70.5,80.7,Pass,0.06794046844396426,Safe
8506,10,M00561,Afternoon,32.0,18.1,71.9,72.9,87.5,84.0,Pass,0.06793741111408268,Safe
9836,18,M07239,Morning,35.9,17.0,84.5,79.1,90.9,68.1,Pass,0.06793703896076869,Safe
2207,15,M03457,Morning,34.0,15.7,71.4,77.6,76.2,78.9,Pass,0.06793684549265921,Safe
6082,15,M02832,Night,36.5,15.9,82.1,77.6,73.2,75.1,Pass,0.06793394057638648,Safe
7479,3,M03691,Night,33.5,16.8,89.7,78.7,80.7,87.1,Pass,0.06793378562395548,Safe
1463,4,M00295,Morning,32.0,16.8,86.9,86.9,76.3,78.4,Pass,0.06793254800979427,Safe
460,10,M02739,Morning,35.6,17.2,72.5,89.2,85.6,75.5,Pass,0.06793088837166093,Safe
9968,19,M07877,Morning,36.0,14.1,93.2,91.9,97.4,86.4,Pass,0.0679272094282562,Safe
1915,8,M09436,Afternoon,29.5,17.0,85.9,78.3,83.1,81.5,Pass,0.06792481654097073,Safe
5246,19,M00405,Afternoon,35.4,14.8,91.7,99.8,89.2,86.0,Pass,0.067921148136995,Safe
5570,21,M08980,Night,32.7,17.9,82.2,71.5,72.9,76.3,Pass,0.06792066096429611,Safe
1552,14,M00960,Afternoon,35.3,16.3,92.6,77.3,90.5,82.4,Pass,0.06792005948552869,Safe
7736,4,M03432,Afternoon,41.2,17.3,81.9,96.5,82.1,80.5,Pass,0.0679123752161283,Safe
7795,12,M04071,Afternoon,31.8,15.8,84.1,83.7,95.7,84.2,Pass,0.06790805847581263,Safe
3980,21,M04235,Afternoon,34.9,17.3,95.9,74.5,72.4,80.0,Pass,0.06790788529608811,Safe
2127,24,M07858,Afternoon,35.4,16.3,84.6,77.7,91.5,80.3,Pass,0.0679050828067714,Safe
2147,25,M05543,Afternoon,26.5,19.0,84.2,92.8,95.9,95.9,Pass,0.0679014742305003,Safe
1850,7,M07011,Afternoon,35.4,17.2,79.3,89.5,73.4,78.0,Pass,0.06789427185702937,Safe
4136,13,M00166,Morning,34.2,17.7,89.0,76.7,77.7,83.3,Pass,0.06789237495217768,Safe
1080,7,M02080,Night,37.9,15.8,86.2,98.7,81.1,86.4,Pass,0.06789141883146092,Safe
7095,3,M01130,Morning,44.2,16.9,84.4,84.1,82.4,76.2,Pass,0.0678852205475548,Safe
3474,4,M08346,Afternoon,37.2,16.6,94.3,84.3,74.6,77.4,Pass,0.0678837058408254,Safe
5599,5,M07687,Afternoon,33.3,15.5,89.3,79.0,84.8,84.9,Pass,0.06788190960610922,Safe
3668,3,M07237,Morning,36.0,15.8,87.9,86.9,97.1,80.2,Pass,0.06788029744947754,Safe
5156,20,M00921,Morning,31.4,16.0,82.0,89.0,82.9,98.1,Pass,0.06787806572902202,Safe
6631,14,M00119,Afternoon,40.8,16.9,77.9,72.1,80.1,72.8,Pass,0.06787538864276335,Safe
6061,16,M06049,Afternoon,29.1,16.3,90.6,67.9,77.4,73.0,Pass,0.06787086027331694,Safe
2183,6,M09313,Morning,32.8,17.4,86.3,81.8,75.8,76.7,Pass,0.06786519332091935,Safe
1378,19,M06403,Afternoon,31.8,16.7,81.6,73.4,72.8,82.6,Pass,0.06786495238219632,Safe
6668,12,M09695,Afternoon,32.4,18.1,92.9,76.2,75.7,86.3,Pass,0.0678619171350166,Safe
7352,2,M00332,Morning,30.1,17.1,76.3,80.1,76.1,88.7,Pass,0.06785754695675177,Safe
7494,23,M02487,Afternoon,26.1,15.1,74.5,90.0,74.8,94.9,Pass,0.0678532607892864,Safe
104,11,M03105,Afternoon,32.2,14.2,82.9,83.2,77.4,92.4,Pass,0.06785152348814558,Safe
7445,2,M07711,Morning,36.5,15.9,85.9,71.5,90.2,78.4,Pass,0.06785145855262253,Safe
3643,8,M07263,Afternoon,33.6,15.6,94.8,93.9,81.0,94.0,Pass,0.06784966520886686,Safe
4666,11,M09604,Afternoon,37.0,16.6,93.6,83.8,97.1,97.7,Pass,0.06784963446108785,Safe
963,2,M08670,Morning,36.6,14.0,84.0,77.1,80.4,84.8,Pass,0.06784748227344647,Safe
7063,12,M04616,Afternoon,39.3,15.7,90.4,94.2,91.2,89.8,Pass,0.0678456275307564,Safe
5747,10,M07446,Afternoon,33.8,15.7,81.8,75.0,80.5,75.3,Pass,0.06783308984916248,Safe
7620,1,M02569,Afternoon,39.3,16.7,80.1,86.5,81.6,81.3,Pass,0.06783253589275758,Safe
3675,23,M00019,Afternoon,34.3,15.5,83.5,82.2,82.2,75.8,Pass,0.06782714548676066,Safe
7998,7,M09820,Afternoon,25.0,14.0,83.4,72.9,93.0,82.2,Defect,0.06782518765469506,Safe
25,17,M07850,Afternoon,42.1,16.8,73.6,94.7,84.3,87.4,Pass,0.06782509930455406,Safe
95,15,M05619,Night,35.6,15.0,94.0,73.7,87.6,79.2,Pass,0.06781995745577789,Safe
5413,5,M09212,Afternoon,38.1,15.3,87.2,87.6,80.1,81.8,Pass,0.06781793672737972,Safe
6459,23,M00881,Morning,41.8,13.5,89.0,78.0,78.9,75.5,Pass,0.06781269993383972,Safe
823,21,M06230,Morning,32.4,16.4,94.9,97.1,88.3,93.9,Pass,0.06780337051354927,Safe
324,18,M05855,Morning,26.7,14.7,95.2,100.0,81.9,77.4,Pass,0.06780328591878268,Safe
216,5,M09562,Morning,26.4,16.1,81.6,93.0,94.4,98.4,Pass,0.06779914122569425,Safe
2015,8,M02369,Afternoon,39.8,15.3,91.8,74.1,81.4,78.9,Pass,0.06778970213064135,Safe
4058,3,M00054,Morning,40.6,15.0,82.7,77.2,76.4,75.7,Pass,0.06778957326597222,Safe
342,3,M07207,Afternoon,43.9,16.6,83.4,74.9,78.4,88.0,Pass,0.0677886744261681,Safe
1050,25,M09147,Morning,42.3,17.5,84.3,78.1,77.9,99.2,Pass,0.06778579995205913,Safe
3534,15,M08534,Morning,35.8,15.5,75.8,72.4,75.9,79.8,Pass,0.06778135427694934,Safe
5719,21,M02645,Morning,32.3,14.2,70.8,67.7,90.0,93.9,Pass,0.06777801274935907,Safe
2027,22,M03726,Afternoon,25.3,16.4,83.3,90.9,84.5,74.6,Pass,0.06777563931292141,Safe
1379,5,M03846,Morning,38.1,17.1,81.0,94.2,93.5,90.5,Pass,0.06777464991251052,Safe
1637,3,M00895,Morning,38.2,14.5,80.1,73.2,81.1,88.3,Pass,0.06777418222618582,Safe
4693,1,M00808,Morning,26.5,14.2,84.6,77.5,82.2,84.5,Pass,0.06777341670279105,Safe
3258,1,M06470,Morning,30.4,17.4,75.5,86.8,93.7,83.6,Pass,0.06777220789345423,Safe
3613,9,M08235,Morning,31.3,17.6,85.9,84.4,78.7,84.9,Pass,0.067771797814074,Safe
6475,6,M06365,Afternoon,32.6,17.8,89.4,79.7,94.4,67.6,Pass,0.06776850412498443,Safe
2584,22,M07184,Afternoon,34.0,16.0,94.3,98.7,77.1,89.1,Pass,0.0677677177762885,Safe
9343,8,M02521,Night,34.2,16.2,80.8,87.8,68.1,87.7,Pass,0.06776536642063583,Safe
357,4,M08174,Morning,32.1,17.7,82.8,72.9,79.4,67.5,Pass,0.0677644098025604,Safe
9757,22,M04061,Morning,28.7,15.3,78.4,81.2,90.1,91.8,Pass,0.06776235838247296,Safe
8092,21,M08445,Afternoon,36.8,17.2,77.0,89.0,79.0,98.4,Pass,0.06776005086376312,Safe
3175,2,M04946,Morning,34.9,17.9,92.5,94.0,91.2,81.0,Pass,0.06775953631197164,Safe
3343,12,M00026,Afternoon,42.7,15.4,80.3,95.2,92.3,97.2,Pass,0.0677568603158945,Safe
3321,20,M06920,Afternoon,28.7,17.4,84.9,87.1,89.0,78.4,Pass,0.06775374639860109,Safe
9730,9,M00494,Morning,26.7,15.4,89.2,93.8,97.5,88.6,Pass,0.06775193884825248,Safe
3027,9,M06964,Night,36.6,17.7,83.9,82.2,88.1,88.4,Pass,0.0677468823425862,Safe
5199,13,M05403,Morning,39.5,15.2,91.0,89.9,93.3,84.2,Pass,0.06774614158682077,Safe
9777,21,M01462,Afternoon,44.6,15.8,84.6,93.2,85.6,94.5,Pass,0.06774050119187913,Safe
4529,24,M08003,Afternoon,39.3,14.7,79.2,77.0,87.8,86.2,Pass,0.0677389139930017,Safe
8806,25,M09555,Night,37.1,12.6,82.7,95.2,88.0,85.7,Pass,0.06773535118290597,Safe
7391,3,M06733,Afternoon,35.4,17.1,79.5,84.8,77.1,83.5,Pass,0.06773418118558752,Safe
6260,21,M03660,Morning,38.6,14.9,79.2,86.4,85.6,83.6,Pass,0.0677333784109842,Safe
8911,3,M01976,Afternoon,43.3,17.8,88.0,83.5,75.2,83.4,Pass,0.06772976250442031,Safe
9042,23,M04312,Morning,33.4,15.6,85.3,81.6,78.8,81.0,Pass,0.06772842962544177,Safe
3515,17,M00279,Night,38.6,15.0,78.4,70.9,73.7,84.8,Pass,0.06772595429194411,Safe
3756,10,M07072,Morning,32.3,14.9,81.6,89.7,79.9,86.6,Pass,0.06772497491783025,Safe
3912,17,M04730,Morning,35.8,15.9,90.1,76.1,92.2,80.0,Pass,0.06772343349006778,Safe
1910,7,M09901,Morning,35.8,16.8,71.3,77.8,86.8,77.7,Pass,0.0677233821616122,Safe
3747,23,M04397,Afternoon,38.7,18.5,84.8,71.1,85.1,69.0,Pass,0.06772280521532918,Safe
9830,22,M06173,Afternoon,39.8,16.4,77.6,79.6,90.1,93.5,Pass,0.06772270954855442,Safe
7968,15,M00029,Morning,29.0,15.2,95.0,87.9,100.0,84.6,Pass,0.06772135440240765,Safe
8721,2,M06230,Morning,33.5,15.5,85.4,100.0,87.7,82.2,Pass,0.06771802665168487,Safe
1219,10,M07480,Afternoon,32.3,16.2,93.0,99.5,88.0,85.5,Pass,0.06771512821281993,Safe
101,1,M03100,Morning,36.9,17.8,86.0,81.0,79.3,82.5,Pass,0.06771320508809842,Safe
8141,8,M03970,Morning,41.9,13.9,83.0,74.9,79.2,77.9,Pass,0.06770945155391797,Safe
4927,15,M01372,Afternoon,35.1,14.9,87.3,76.4,94.6,68.0,Pass,0.06770379696980637,Safe
4740,9,M04553,Afternoon,41.0,15.1,81.4,77.1,91.1,87.1,Pass,0.06770266840143623,Safe
483,5,M07669,Afternoon,35.6,17.3,85.2,83.5,83.4,78.3,Pass,0.06770220326124671,Safe
3764,5,M03491,Morning,33.8,16.8,78.3,89.7,80.2,96.0,Pass,0.06770125297343238,Safe
3350,8,M07007,Morning,36.1,15.3,73.6,75.1,87.3,82.7,Pass,0.06769926375321274,Safe
6394,7,M04568,Afternoon,35.8,17.0,72.5,84.5,81.9,74.1,Pass,0.06769326285860501,Safe
974,17,M04613,Morning,32.7,15.1,83.9,80.0,79.8,78.6,Pass,0.06769316816276622,Safe
3118,25,M02093,Morning,30.4,15.8,82.5,79.5,89.1,86.1,Pass,0.06768926081525214,Safe
9339,5,M05053,Morning,31.8,16.1,96.8,73.3,100.0,88.6,Pass,0.06768784751058585,Safe
1902,4,M05048,Morning,31.9,16.6,80.0,74.9,76.7,83.1,Pass,0.06768385390733682,Safe
3535,25,M05935,Morning,36.8,17.4,79.4,74.9,72.0,94.4,Pass,0.06768265643912677,Safe
2922,20,M08768,Afternoon,34.4,14.4,81.3,71.1,73.8,75.1,Pass,0.06768015216153554,Safe
5032,21,M00616,Afternoon,30.3,17.0,68.0,90.1,73.7,86.3,Pass,0.06767937582309375,Safe
5435,24,M03730,Afternoon,37.3,13.8,86.3,87.9,92.4,77.9,Pass,0.06767536936763896,Safe
5851,16,M09270,Morning,41.4,16.8,79.1,79.1,93.0,75.9,Defect,0.0676732831521333,Safe
2694,14,M01968,Afternoon,34.9,17.6,83.4,90.1,88.7,76.6,Pass,0.06767082080630002,Safe
6607,15,M00404,Morning,33.8,18.2,91.8,73.0,72.6,77.2,Pass,0.06767048318985135,Safe
6348,9,M05516,Night,28.7,16.4,81.3,83.0,79.1,81.8,Pass,0.06767004444741337,Safe
5903,11,M07799,Morning,35.1,15.2,84.2,80.0,71.0,77.8,Pass,0.06766879915930106,Safe
8384,10,M08002,Night,35.0,13.3,72.3,73.8,76.7,75.3,Pass,0.06766507629631345,Safe
9175,1,M03575,Morning,35.6,15.5,76.2,72.4,80.9,86.7,Pass,0.06766221394538792,Safe
8485,10,M07252,Afternoon,44.2,15.8,85.2,95.3,91.0,85.2,Pass,0.06765947725166307,Safe
4716,7,M02846,Morning,30.4,15.9,80.3,81.9,84.0,100.0,Pass,0.06765836043043326,Safe
9868,20,M05256,Morning,31.5,17.3,90.2,80.4,81.2,83.0,Pass,0.06764831362179674,Safe
2711,9,M02724,Night,37.3,14.1,78.3,81.3,77.2,76.3,Pass,0.06764102458600582,Safe
732,13,M04855,Night,37.0,14.8,80.2,72.9,74.8,80.1,Pass,0.06764076264183387,Safe
2860,14,M07719,Morning,32.6,14.8,81.3,71.5,83.6,81.9,Pass,0.06763745269871362,Safe
141,20,M01060,Night,30.6,16.1,83.1,88.2,88.2,77.4,Pass,0.06763178065570435,Safe
6587,11,M01426,Afternoon,34.9,16.1,85.7,76.9,78.9,85.2,Pass,0.06763091579769967,Safe
5746,17,M07894,Afternoon,29.2,15.4,81.2,75.7,88.9,83.3,Pass,0.0676305718830589,Safe
686,4,M04810,Afternoon,35.3,17.4,80.2,94.0,89.4,86.5,Pass,0.0676276662110994,Safe
9657,14,M07314,Night,36.4,15.6,85.6,70.3,85.6,84.9,Pass,0.06762520197247991,Safe
8385,9,M09922,Morning,34.9,17.6,84.1,82.0,82.0,84.8,Pass,0.06762511699083873,Safe
147,21,M02694,Afternoon,34.1,17.2,81.2,79.1,87.1,85.8,Pass,0.06762226141043075,Safe
1309,23,M00131,Morning,33.6,17.3,71.2,73.5,84.8,72.4,Pass,0.06762215481344552,Safe
7988,7,M03741,Afternoon,32.5,14.8,84.4,82.3,71.5,85.1,Pass,0.06761548916502017,Safe
7933,14,M00293,Afternoon,33.8,16.2,86.9,71.3,72.0,82.1,Pass,0.06761322646349167,Safe
6256,23,M06234,Afternoon,35.3,17.2,76.9,81.8,90.5,81.5,Pass,0.06761255366587077,Safe
9461,9,M06251,Afternoon,35.4,17.5,86.6,74.7,96.0,85.7,Pass,0.06761189149080113,Safe
2439,24,M09436,Afternoon,33.7,15.6,82.5,83.7,85.7,74.6,Pass,0.06759455025604687,Safe
7547,16,M05464,Night,32.8,16.0,83.5,69.3,81.1,70.4,Pass,0.06759127970565172,Safe
9776,12,M07631,Afternoon,32.0,13.6,94.4,94.4,100.0,77.7,Pass,0.06759052867324325,Safe
8232,23,M08024,Afternoon,38.4,16.0,85.2,72.6,84.0,83.2,Pass,0.06759016317884527,Safe
2425,25,M02979,Morning,40.2,16.5,89.0,72.6,82.0,78.9,Pass,0.06758632989039884,Safe
3432,21,M03327,Night,32.5,16.7,87.4,72.8,82.6,72.1,Pass,0.06758179617168615,Safe
3641,21,M07257,Morning,39.2,14.2,79.1,85.2,92.3,82.7,Pass,0.06758082549698637,Safe
2390,9,M05238,Afternoon,30.6,16.6,87.3,88.9,86.3,91.5,Pass,0.06757956981692974,Safe
4615,23,M01588,Morning,40.2,14.5,79.3,77.3,87.8,70.6,Pass,0.06757299733689687,Safe
1577,19,M01390,Morning,34.6,16.3,74.0,98.5,92.0,75.8,Pass,0.06757288598509079,Safe
1326,12,M09997,Morning,43.8,17.5,87.3,80.8,88.2,78.4,Pass,0.06756907413214434,Safe
9149,14,M06807,Afternoon,28.4,16.1,89.9,88.6,97.2,91.4,Pass,0.06756068271532592,Safe
8324,9,M09174,Afternoon,34.8,16.3,84.9,79.7,84.6,85.1,Pass,0.0675549864226432,Safe
8860,14,M04491,Afternoon,37.4,15.6,78.6,100.0,85.9,79.1,Pass,0.06755490965068275,Safe
5463,22,M01986,Morning,40.9,15.3,82.0,73.0,92.1,82.1,Pass,0.06755466660002422,Safe
9848,20,M00012,Morning,35.7,16.4,92.2,97.3,72.2,85.2,Pass,0.06755234317501958,Safe
3748,23,M09284,Afternoon,38.7,14.5,88.2,85.8,79.4,79.5,Pass,0.06755135558328315,Safe
2679,3,M02598,Morning,35.3,15.6,71.7,87.2,91.0,65.2,Pass,0.06755061561662157,Safe
8029,22,M05781,Afternoon,42.7,16.8,73.7,75.2,90.3,75.4,Pass,0.06754597257083204,Safe
2065,11,M05908,Morning,28.6,16.7,69.2,73.3,87.9,71.7,Pass,0.06754344798042883,Safe
3083,10,M04153,Morning,30.0,14.5,71.9,79.7,80.4,83.9,Pass,0.0675421072209617,Safe
6892,13,M06698,Night,36.1,14.4,93.4,72.4,81.9,85.7,Pass,0.06753871467511784,Safe
2856,5,M01843,Afternoon,30.8,17.3,79.1,85.0,76.7,80.8,Pass,0.06753582192063112,Safe
1276,19,M08239,Morning,37.5,17.3,74.1,85.2,79.9,95.1,Pass,0.06753569884323128,Safe
5811,9,M08275,Morning,39.9,15.4,78.8,81.3,86.8,80.1,Pass,0.06753565889426193,Safe
3346,15,M08653,Afternoon,35.3,15.1,81.2,78.6,89.2,79.2,Pass,0.0675338439378533,Safe
8472,3,M03347,Morning,25.7,18.0,73.9,76.2,79.1,82.7,Pass,0.06753293510272573,Safe
8057,17,M04847,Morning,42.4,18.7,80.7,80.2,81.1,81.1,Pass,0.067530496311913,Safe
1695,14,M06478,Morning,41.2,13.3,82.1,70.3,74.1,76.8,Pass,0.06752896017218565,Safe
5604,4,M05811,Afternoon,35.7,15.3,83.7,77.1,83.5,83.2,Pass,0.0675274395009379,Safe
789,10,M03645,Afternoon,25.8,17.8,77.5,82.3,71.7,86.6,Pass,0.06752492478886496,Safe
8440,23,M07061,Afternoon,35.6,14.9,69.8,68.0,76.5,86.0,Pass,0.06752492410306465,Safe
9818,2,M03725,Afternoon,34.1,17.3,88.6,77.6,85.4,73.5,Pass,0.0675209651930604,Safe
6431,20,M03058,Afternoon,36.3,17.5,82.3,88.1,95.5,74.1,Pass,0.0675205484242751,Safe
4293,12,M02431,Afternoon,38.8,15.5,96.0,83.9,96.0,87.3,Pass,0.06751877971546451,Safe
8127,9,M05007,Morning,41.4,13.4,94.5,74.8,92.3,82.8,Pass,0.06751870528511275,Safe
5725,25,M06769,Morning,39.6,15.4,85.0,100.0,92.3,87.3,Pass,0.06751820143136628,Safe
4838,20,M02844,Afternoon,42.6,16.8,80.3,81.0,79.1,89.3,Pass,0.06750942790434071,Safe
4957,23,M01016,Morning,33.8,16.4,82.8,91.3,83.9,83.9,Pass,0.0675080500922462,Safe
5142,14,M08573,Morning,31.2,18.0,97.4,100.0,82.1,91.8,Pass,0.06750096475618539,Safe
126,1,M01485,Afternoon,31.7,15.0,93.7,78.3,77.1,81.1,Pass,0.06750016357564857,Safe
3685,14,M02439,Afternoon,37.4,15.1,86.1,91.7,77.9,80.8,Pass,0.06749761638968542,Safe
7323,20,M00454,Afternoon,41.9,16.7,85.1,78.6,74.7,77.4,Pass,0.06749451912559803,Safe
9073,14,M02339,Afternoon,29.8,18.2,86.0,100.0,76.8,76.8,Pass,0.0674924151497233,Safe
4131,13,M02965,Morning,37.4,17.0,82.2,71.2,89.1,74.0,Pass,0.06749182994848599,Safe
1351,7,M08624,Night,38.3,13.8,92.1,88.9,82.4,91.4,Pass,0.06749156917528076,Safe
8032,11,M00666,Afternoon,37.7,16.3,87.0,75.4,80.1,78.6,Pass,0.06748622471681084,Safe
8732,2,M03961,Afternoon,31.3,14.3,84.0,81.5,77.7,71.5,Pass,0.06748039209567748,Safe
4696,22,M04525,Night,34.5,17.2,82.1,87.7,81.1,85.9,Pass,0.06746970648347009,Safe
9449,10,M04019,Morning,37.0,16.2,75.1,79.7,72.5,83.2,Pass,0.06746923824138604,Safe
7117,22,M07130,Night,32.9,12.8,95.6,84.3,83.7,99.6,Pass,0.06746522634614945,Safe
7794,15,M08291,Afternoon,36.0,16.2,79.7,70.7,76.8,88.7,Pass,0.06746106518330602,Safe
9707,16,M02671,Morning,34.8,17.1,75.0,87.2,80.3,68.3,Pass,0.0674606606521805,Safe
8596,19,M07820,Afternoon,31.0,13.5,91.4,81.8,94.5,89.0,Pass,0.06745654703800956,Safe
3930,25,M02243,Morning,39.1,15.5,94.5,96.1,81.8,96.0,Pass,0.06745360630547129,Safe
5171,13,M08436,Afternoon,36.7,15.5,75.3,81.2,85.8,94.3,Pass,0.06745270345146721,Safe
5760,5,M01707,Morning,36.7,16.7,82.0,82.2,84.8,88.0,Pass,0.06745024869028791,Safe
874,9,M06317,Afternoon,34.2,17.2,85.1,70.2,74.7,72.6,Pass,0.0674496346829843,Safe
3894,14,M02701,Afternoon,33.3,13.6,83.5,96.7,89.3,79.9,Pass,0.0674471147870776,Safe
2834,11,M03761,Morning,37.4,16.5,81.3,75.8,74.4,79.1,Pass,0.06744623117410295,Safe
433,9,M06485,Afternoon,38.7,15.3,93.7,97.2,94.1,80.1,Pass,0.06744494592643187,Safe
4719,17,M05317,Afternoon,33.0,16.6,84.4,73.1,86.5,74.8,Pass,0.06744148478946826,Safe
8913,3,M09582,Night,30.7,15.1,72.5,77.7,80.8,76.8,Pass,0.0674391002527228,Safe
1797,3,M06258,Afternoon,29.6,15.4,93.0,96.8,91.1,89.5,Pass,0.06743719374920747,Safe
6807,16,M02945,Afternoon,34.8,15.9,88.0,93.1,89.8,78.0,Pass,0.06742770181796487,Safe
8100,21,M04006,Afternoon,35.2,17.0,73.6,100.0,80.0,87.2,Pass,0.06742279250990793,Safe
9820,5,M05356,Morning,41.7,17.3,69.3,76.4,78.4,80.2,Pass,0.06742184238281836,Safe
2111,14,M09075,Morning,35.2,17.0,70.5,81.7,74.8,88.6,Pass,0.06741590532910885,Safe
9047,25,M06084,Morning,33.9,16.7,91.6,78.4,86.4,79.7,Pass,0.06741291623607477,Safe
8989,5,M06605,Night,34.8,17.2,81.8,92.3,80.1,64.6,Pass,0.06740762454241518,Safe
9368,22,M03543,Night,30.8,18.5,67.7,76.1,87.0,76.7,Pass,0.06740711909379034,Safe
9317,6,M09955,Night,34.3,15.9,73.9,75.9,78.4,84.5,Pass,0.06740584320318121,Safe
1685,12,M09462,Morning,38.6,16.2,73.5,85.6,86.0,79.4,Pass,0.0674041841453184,Safe
2064,19,M07374,Afternoon,33.6,15.3,78.3,81.2,89.7,79.3,Pass,0.06739690698225557,Safe
4782,21,M03562,Morning,31.9,14.3,69.3,71.3,79.6,87.0,Pass,0.06739346650952815,Safe
246,16,M09875,Night,36.8,18.9,78.5,75.3,84.7,92.0,Pass,0.06739242993907048,Safe
5346,24,M08612,Afternoon,40.4,15.1,91.0,96.4,84.5,80.1,Pass,0.06738575108493178,Safe
59,8,M01022,Morning,30.4,15.5,84.7,71.8,90.2,78.0,Pass,0.06738441801990235,Safe
430,1,M02142,Morning,39.0,15.3,87.1,81.9,81.0,82.0,Pass,0.06738283915420994,Safe
4188,23,M06983,Afternoon,30.2,14.2,78.4,70.9,78.2,83.4,Pass,0.06738080423367648,Safe
5999,24,M00155,Afternoon,37.2,15.7,85.2,95.4,80.2,96.4,Pass,0.06737920492940219,Safe
7025,15,M05132,Afternoon,37.5,16.7,78.6,93.3,77.8,100.0,Pass,0.0673774177052454,Safe
1758,17,M05179,Afternoon,27.2,18.1,100.0,99.3,88.3,95.0,Pass,0.06737710422452384,Safe
7960,17,M09671,Morning,37.9,15.6,83.3,93.3,84.9,73.0,Pass,0.0673766103872672,Safe
111,25,M05057,Morning,36.7,15.3,85.2,81.4,100.0,85.8,Pass,0.06737657114734577,Safe
4553,11,M06590,Morning,39.2,16.5,84.3,84.2,79.9,100.0,Pass,0.06737603313531179,Safe
8536,2,M05986,Morning,39.3,17.3,77.7,88.7,77.6,97.0,Pass,0.0673750901548849,Safe
1103,16,M00055,Night,38.4,18.8,84.9,84.6,78.6,75.4,Pass,0.06737505979615722,Safe
5727,7,M07441,Morning,30.5,15.8,77.1,80.0,76.7,79.9,Pass,0.0673745168422644,Safe
9850,8,M00762,Afternoon,29.3,15.8,100.0,87.0,95.2,95.3,Pass,0.06737435648288562,Safe
8389,15,M07587,Afternoon,33.1,16.2,87.9,90.7,94.7,80.8,Pass,0.06737358526663839,Safe
8240,4,M03065,Morning,37.1,15.8,86.2,84.8,86.5,72.5,Pass,0.06737052287174795,Safe
8741,8,M04831,Afternoon,38.0,13.1,86.0,79.0,86.8,80.8,Pass,0.06736188968621298,Safe
4023,16,M06461,Afternoon,34.3,16.3,91.1,100.0,89.9,80.1,Pass,0.06735939180959895,Safe
5826,12,M02160,Morning,31.7,14.4,90.4,77.6,80.4,100.0,Pass,0.06735562698680045,Safe
8868,17,M08331,Afternoon,30.9,17.3,83.7,80.4,88.6,73.9,Pass,0.06735521159125558,Safe
1907,16,M09601,Night,35.3,17.7,91.7,82.5,85.7,77.0,Pass,0.06735453150613023,Safe
9186,11,M02889,Afternoon,30.2,15.3,89.9,94.9,90.8,77.8,Pass,0.06735331997755972,Safe
7446,21,M07483,Afternoon,39.7,14.8,87.9,92.7,85.2,80.6,Pass,0.0673506544517038,Safe
5145,24,M09291,Afternoon,36.5,18.6,70.7,72.9,74.5,81.0,Pass,0.06734466038598425,Safe
7443,5,M00767,Morning,35.0,15.4,77.5,79.6,81.8,81.9,Pass,0.06734322300754689,Safe
8845,12,M01560,Morning,36.0,13.9,71.6,70.0,80.5,77.4,Pass,0.06734079870681978,Safe
87,13,M00065,Afternoon,29.7,14.6,86.5,75.9,74.2,85.2,Pass,0.06733871230340864,Safe
3921,10,M04508,Night,34.1,16.1,94.5,99.3,84.5,85.5,Pass,0.06733825334110362,Safe
5185,21,M09122,Night,34.1,16.8,82.1,72.9,83.6,76.7,Pass,0.0673382015994479,Safe
7888,18,M00967,Morning,35.8,15.6,84.8,68.9,81.1,91.8,Pass,0.06733745348764299,Safe
4938,13,M09010,Afternoon,40.3,16.4,82.5,78.7,84.6,64.9,Pass,0.06733433889525055,Safe
9130,6,M01503,Night,37.4,14.0,84.2,70.5,84.4,74.0,Pass,0.0673343178939196,Safe
4543,17,M06512,Morning,37.4,15.1,79.3,85.5,74.7,86.3,Pass,0.06733399156068383,Safe
6183,14,M08434,Morning,29.4,15.9,89.7,98.7,82.2,83.5,Pass,0.06732810519012947,Safe
2707,6,M04494,Morning,41.5,15.1,73.9,82.0,83.1,82.6,Pass,0.0673255200485083,Safe
3592,1,M09524,Morning,31.4,15.0,90.1,94.7,79.9,79.1,Pass,0.06732459866346821,Safe
833,20,M00233,Morning,40.1,16.8,88.2,76.7,80.7,67.2,Pass,0.06731669310093223,Safe
4489,13,M09766,Night,35.3,13.4,84.9,86.5,73.9,84.0,Pass,0.06731454135840817,Safe
8768,17,M09267,Morning,33.1,17.2,85.8,100.0,78.0,82.3,Pass,0.06730951215617267,Safe
8238,15,M02588,Night,40.2,13.6,76.8,72.4,75.4,73.5,Pass,0.06730576276106912,Safe
3008,15,M03731,Morning,38.9,15.9,96.4,83.0,100.0,95.5,Pass,0.06730447352071707,Safe
428,4,M09436,Night,40.0,12.8,77.7,71.7,74.9,73.8,Pass,0.06730421969175857,Safe
2199,21,M03927,Afternoon,32.8,14.6,83.6,92.6,78.1,79.8,Pass,0.06730228494320864,Safe
5220,20,M01479,Morning,39.9,15.9,84.5,93.4,92.0,77.7,Pass,0.06729745284032428,Safe
549,17,M06802,Afternoon,36.6,15.6,73.5,74.1,79.0,90.6,Pass,0.06729538126477343,Safe
6782,6,M00351,Afternoon,31.5,17.3,85.5,70.2,94.9,82.1,Pass,0.06728901727696551,Safe
546,25,M08925,Morning,30.7,16.3,88.6,84.3,88.8,78.1,Pass,0.06728752790135062,Safe
2590,25,M04365,Afternoon,35.3,16.7,82.5,85.3,79.1,86.1,Pass,0.06728664644637532,Safe
4397,7,M08468,Morning,34.7,16.0,86.4,80.8,96.9,84.7,Pass,0.067286081962433,Safe
7738,15,M04152,Morning,33.4,16.3,80.3,78.4,86.4,76.9,Pass,0.06728037064028086,Safe
3945,11,M04391,Morning,37.9,16.5,93.0,95.3,84.7,84.2,Pass,0.06727630847743886,Safe
9049,5,M03020,Night,37.0,14.9,81.2,71.3,84.6,72.6,Pass,0.06727430959387169,Safe
8053,25,M08781,Night,33.3,14.4,75.3,69.1,80.3,72.9,Pass,0.06727298607544811,Safe
915,11,M08163,Afternoon,36.2,16.6,87.6,100.0,84.2,80.8,Pass,0.06726774907935157,Safe
4182,5,M03415,Afternoon,37.4,14.3,77.3,73.1,77.7,87.7,Pass,0.06726415997412719,Safe
9245,24,M01055,Afternoon,34.2,13.3,79.6,71.1,82.4,89.2,Pass,0.06726191196501148,Safe
3452,11,M02177,Afternoon,42.4,17.7,82.4,72.5,76.4,73.8,Pass,0.06726062375428928,Safe
7748,17,M00022,Afternoon,41.8,14.1,89.7,86.5,80.1,75.9,Pass,0.06726023424056937,Safe
8208,16,M06383,Morning,38.9,18.2,74.5,74.2,85.2,79.5,Pass,0.06725783149190594,Safe
1015,11,M03369,Afternoon,32.7,16.0,92.6,95.9,87.2,72.6,Pass,0.06725734847125726,Safe
3779,17,M08561,Afternoon,35.9,13.0,78.4,76.4,71.2,72.7,Pass,0.06725537270854262,Safe
1257,22,M03641,Morning,41.0,16.5,86.7,89.0,74.9,80.3,Pass,0.06725354074486417,Safe
5333,7,M09707,Morning,35.9,15.5,82.1,68.7,79.3,70.6,Pass,0.06725203019418588,Safe
3078,22,M01228,Morning,41.0,18.1,80.4,77.6,72.4,70.8,Pass,0.06725047690455835,Safe
4301,22,M03200,Morning,38.4,14.2,81.6,69.8,81.0,91.2,Pass,0.06724868023779608,Safe
6368,19,M07423,Morning,40.3,18.6,89.6,88.1,84.1,79.9,Pass,0.06724668108514144,Safe
911,11,M08568,Afternoon,36.8,15.6,85.2,70.3,83.3,71.8,Pass,0.06724036811032455,Safe
5351,21,M03262,Afternoon,38.4,15.9,73.7,80.9,87.7,83.5,Defect,0.06723759490340288,Safe
7427,2,M05403,Morning,36.1,17.4,81.6,80.7,92.9,88.6,Pass,0.06723688689260741,Safe
4720,6,M00423,Night,36.7,14.5,85.9,74.6,77.7,87.4,Pass,0.06723660696515131,Safe
712,23,M02815,Afternoon,35.4,15.0,94.9,71.1,94.6,72.9,Pass,0.0672359748870164,Safe
4549,5,M03971,Afternoon,38.5,15.4,79.9,79.3,75.3,92.4,Pass,0.06723271870485659,Safe
4332,21,M02441,Morning,35.0,18.5,75.7,76.0,86.6,74.6,Pass,0.06722454750417226,Safe
4224,18,M03883,Night,35.5,16.7,81.3,74.9,86.3,84.1,Pass,0.06722278396944813,Safe
1616,10,M06083,Afternoon,37.6,18.5,95.8,76.7,78.7,67.9,Pass,0.06722036471517213,Safe
9642,22,M07389,Afternoon,33.9,15.3,86.6,95.5,86.6,93.8,Pass,0.06721887123160751,Safe
2567,9,M00283,Morning,31.0,15.0,98.6,83.1,95.1,80.6,Pass,0.06721854192135304,Safe
6412,9,M04574,Morning,35.2,17.8,76.5,84.4,80.8,73.6,Pass,0.06721829844520599,Safe
7846,1,M04614,Afternoon,39.1,13.6,82.4,74.2,81.1,76.4,Pass,0.06721456492503053,Safe
9816,1,M04868,Afternoon,37.4,16.9,89.5,83.2,83.1,78.3,Pass,0.06721159143618459,Safe
9182,15,M00799,Afternoon,39.3,18.5,88.0,80.3,100.0,73.0,Pass,0.06720411558565476,Safe
3410,5,M06594,Morning,37.6,13.2,93.2,88.4,78.0,79.8,Pass,0.06720242495079584,Safe
4646,13,M00072,Afternoon,40.3,16.4,87.2,97.6,86.6,74.5,Pass,0.0672023512782993,Safe
4066,23,M08842,Morning,38.7,15.7,76.4,69.7,86.2,75.1,Pass,0.06719943042114634,Safe
5319,19,M03900,Morning,40.6,14.2,89.3,77.9,82.1,90.7,Pass,0.0671990148626997,Safe
1992,25,M09425,Morning,36.9,17.5,91.1,80.6,82.3,93.6,Pass,0.06719744033864124,Safe
2486,20,M06305,Night,37.0,17.2,84.6,72.4,79.4,71.3,Pass,0.0671916411812982,Safe
3022,9,M01961,Afternoon,38.7,14.3,85.8,73.8,83.8,100.0,Pass,0.0671903625923117,Safe
8753,2,M05330,Morning,37.6,17.8,86.9,84.9,82.9,79.9,Pass,0.06718838101054643,Safe
8988,5,M01190,Night,29.4,16.2,78.0,93.9,89.1,100.0,Pass,0.06718559309308253,Safe
930,2,M07547,Morning,32.3,13.5,79.4,67.9,82.0,73.9,Pass,0.0671841368142101,Safe
9177,2,M01407,Morning,34.3,16.3,86.5,74.6,99.6,81.7,Pass,0.06717526963535331,Safe
1427,11,M02397,Morning,33.3,16.0,80.6,70.8,81.3,71.5,Pass,0.06717473574380124,Safe
7675,23,M01778,Afternoon,34.5,14.6,81.5,100.0,75.7,82.6,Pass,0.06717105084575174,Safe
5751,13,M02926,Morning,35.0,18.5,87.0,99.9,79.8,92.4,Pass,0.0671669654397439,Safe
1380,1,M01797,Afternoon,29.6,15.1,89.5,78.7,83.0,74.2,Pass,0.06716193977540527,Safe
7656,14,M00738,Night,42.4,18.8,86.7,73.0,92.8,83.8,Pass,0.06716008374527795,Safe
8525,3,M02297,Afternoon,35.1,14.9,82.5,82.3,80.0,72.5,Pass,0.06715853438081576,Safe
103,17,M08393,Morning,39.8,17.2,92.7,77.7,97.1,85.0,Pass,0.06715511741050434,Safe
9982,19,M07045,Afternoon,39.7,16.1,83.2,84.7,75.4,85.2,Pass,0.06714553803738962,Safe
6295,10,M05357,Night,35.5,16.2,85.2,68.4,84.2,67.8,Pass,0.06714342083576277,Safe
6141,10,M07289,Afternoon,33.9,14.3,75.4,70.4,80.1,79.4,Pass,0.0671417406809371,Safe
7306,11,M08809,Night,31.4,18.0,86.1,70.2,82.5,68.3,Pass,0.06713906722240182,Safe
2977,9,M01440,Night,35.8,16.5,80.5,86.3,75.5,88.4,Pass,0.06713787610473966,Safe
498,23,M01572,Morning,28.4,15.3,75.0,88.0,85.4,76.0,Pass,0.0671371461545749,Safe
6471,4,M03556,Afternoon,31.3,18.1,84.0,89.5,94.1,73.4,Pass,0.06713439394663372,Safe
9140,25,M03042,Afternoon,38.4,13.4,77.5,85.7,86.8,100.0,Pass,0.0671309254432656,Safe
3218,17,M05905,Morning,42.1,15.8,74.1,71.3,82.1,78.8,Pass,0.06712902043543377,Safe
3597,21,M08753,Morning,35.7,15.1,78.7,81.5,78.9,91.1,Pass,0.06712885018853566,Safe
9666,7,M05404,Afternoon,33.9,16.3,81.0,86.1,74.9,89.9,Pass,0.0671239904758187,Safe
5915,6,M00617,Afternoon,33.9,13.8,79.2,80.0,76.4,65.9,Pass,0.0671233237563262,Safe
9863,7,M01056,Night,37.4,16.1,89.4,87.1,86.8,77.5,Pass,0.06711909117074139,Safe
6296,19,M06381,Night,34.0,13.8,79.5,88.7,80.3,86.0,Pass,0.06711589584645722,Safe
2877,9,M09343,Afternoon,31.8,15.3,91.2,84.3,69.6,86.1,Pass,0.06711360232594842,Safe
2909,6,M03268,Morning,30.3,15.3,79.6,86.2,76.4,78.0,Pass,0.06711350635054203,Safe
3976,21,M00659,Night,32.2,16.7,76.1,69.3,73.8,74.9,Pass,0.06710625986831086,Safe
8246,23,M00441,Afternoon,36.7,17.3,93.0,79.6,97.4,87.6,Pass,0.06710362463271244,Safe
2762,20,M08771,Morning,30.0,17.7,68.5,82.7,89.5,83.1,Pass,0.06709861319920962,Safe
1248,18,M07010,Morning,32.1,15.3,83.6,83.4,78.0,79.2,Pass,0.06709620040440954,Safe
7792,5,M05977,Morning,28.6,18.1,91.1,73.5,90.2,91.3,Pass,0.06709258139943809,Safe
1172,21,M08634,Night,38.6,14.8,92.4,75.4,84.4,87.8,Pass,0.06709164277158738,Safe
5175,19,M03591,Afternoon,31.7,17.1,71.3,70.3,79.6,88.5,Pass,0.06708794138312148,Safe
4759,14,M04052,Afternoon,31.6,18.6,87.3,73.1,82.9,74.0,Pass,0.06708157448074355,Safe
9600,18,M01742,Morning,35.5,14.5,72.1,82.0,78.8,87.6,Pass,0.06707790732809144,Safe
3859,21,M02069,Afternoon,35.2,15.3,70.6,89.4,78.0,80.5,Pass,0.0670774004106791,Safe
3444,3,M01197,Night,39.3,17.6,71.0,80.1,77.8,78.3,Pass,0.06707569748008035,Safe
821,15,M01977,Night,37.7,16.8,81.7,80.7,80.0,67.5,Pass,0.06706741365838037,Safe
476,25,M09818,Night,40.2,15.4,91.0,79.7,82.0,77.2,Pass,0.06706677821268818,Safe
5830,24,M01318,Afternoon,34.4,15.1,95.0,89.5,71.6,77.2,Pass,0.06706564950573306,Safe
632,13,M09338,Night,25.3,14.3,85.0,91.1,88.8,75.6,Pass,0.06706391131171613,Safe
3666,6,M06044,Afternoon,33.4,14.6,77.2,69.0,92.2,83.3,Pass,0.06706029082452067,Safe
1994,16,M09687,Morning,39.7,13.7,84.7,69.4,88.8,74.7,Pass,0.06705989111310076,Safe
696,6,M04545,Afternoon,32.6,15.8,89.2,100.0,88.6,78.1,Pass,0.06705800484487039,Safe
8404,12,M02025,Afternoon,31.4,14.6,85.5,100.0,85.4,87.0,Pass,0.06705613453197447,Safe
2871,7,M01857,Night,33.7,14.8,81.2,75.0,72.0,72.8,Pass,0.06705472165527923,Safe
2891,1,M04021,Morning,32.5,16.7,92.4,77.4,79.6,74.2,Pass,0.06705009817161157,Safe
8268,3,M01466,Morning,32.0,14.5,100.0,77.1,100.0,94.9,Pass,0.0670486516037995,Safe
1853,7,M02990,Night,37.6,13.4,82.5,69.7,78.3,91.5,Pass,0.06704667042448414,Safe
5894,25,M08759,Morning,42.2,16.8,83.7,76.5,82.2,80.5,Pass,0.06703238028585153,Safe
6152,25,M03519,Afternoon,30.0,15.4,86.5,79.2,99.6,76.9,Pass,0.06703001533887033,Safe
5938,4,M05841,Morning,42.8,16.1,80.8,77.5,88.7,89.3,Pass,0.06702812254750272,Safe
6034,17,M02512,Morning,35.6,17.8,75.1,75.7,82.3,79.7,Pass,0.06702777709327218,Safe
8052,6,M07259,Morning,42.9,16.7,89.6,77.2,79.6,77.4,Pass,0.06702217157931162,Safe
8997,23,M02686,Morning,37.5,13.1,88.3,82.4,89.5,76.9,Pass,0.06702176748966159,Safe
7451,24,M03514,Afternoon,36.0,17.9,80.1,98.3,95.0,90.6,Pass,0.06702047457270574,Safe
4142,5,M03840,Morning,39.9,15.5,85.6,83.6,95.2,93.7,Defect,0.0670201076421912,Safe
9665,9,M06646,Morning,39.9,17.3,92.6,100.0,80.6,90.0,Pass,0.06701833991334945,Safe
9512,11,M08752,Afternoon,34.0,19.0,80.0,70.3,93.3,90.8,Pass,0.06701394138146986,Safe
2310,24,M06273,Morning,30.8,17.2,90.0,76.8,80.3,83.5,Pass,0.067011802833135,Safe
1432,24,M03931,Afternoon,34.3,15.9,73.5,76.7,79.4,88.8,Pass,0.06700597130813264,Safe
2952,15,M02173,Afternoon,40.8,17.0,85.1,82.9,78.5,85.1,Pass,0.06700464017955808,Safe
7277,6,M01041,Morning,39.9,18.7,81.3,71.6,81.9,72.3,Pass,0.0670033211297079,Safe
3247,6,M03894,Afternoon,33.7,17.4,85.5,75.5,77.5,90.8,Pass,0.06700012792600374,Safe
6742,6,M05409,Morning,34.8,15.0,88.1,78.4,80.8,80.8,Pass,0.06699855347738398,Safe
9640,7,M05009,Morning,26.9,16.0,83.1,91.1,73.7,85.8,Pass,0.06699497975294424,Safe
5266,17,M04676,Afternoon,31.8,17.3,90.2,78.3,80.5,79.2,Pass,0.06698852752800606,Safe
9151,7,M08124,Afternoon,39.0,15.1,73.7,86.6,89.0,81.2,Pass,0.06698367535285367,Safe
2546,10,M06412,Afternoon,31.3,16.5,85.8,73.4,72.9,73.6,Pass,0.06698336960462871,Safe
587,20,M04850,Morning,30.3,15.9,73.8,73.2,82.1,80.9,Pass,0.06698130942602816,Safe
6063,14,M09944,Afternoon,29.8,15.5,78.6,72.5,85.1,77.6,Pass,0.06698104043892912,Safe
7082,1,M05420,Night,31.5,13.8,82.8,74.1,81.7,78.8,Pass,0.0669784163494957,Safe
7204,12,M06377,Morning,32.2,14.6,82.5,88.0,69.3,75.4,Pass,0.06697836688666635,Safe
8028,17,M09222,Morning,37.6,16.7,88.6,85.5,95.3,88.1,Pass,0.06697719280456832,Safe
2209,19,M08600,Morning,30.0,16.5,77.9,89.0,85.9,96.3,Pass,0.0669753300946493,Safe
9551,5,M00481,Morning,31.1,13.6,70.6,71.0,87.5,75.1,Pass,0.06696977315530567,Safe
1733,15,M09500,Afternoon,28.7,15.5,79.8,77.9,84.4,72.8,Pass,0.06696925254547974,Safe
9187,16,M02691,Afternoon,31.2,16.1,78.9,69.5,86.4,76.0,Pass,0.0669667854888374,Safe
8156,22,M01232,Morning,29.2,16.1,86.0,100.0,91.1,88.3,Pass,0.0669645308733654,Safe
3898,18,M05165,Night,27.1,15.6,91.4,76.2,77.9,78.0,Pass,0.06696075603844029,Safe
2474,23,M05433,Afternoon,30.7,14.6,88.2,81.2,86.7,73.3,Pass,0.06695634787634626,Safe
8956,22,M00383,Morning,36.4,15.4,85.0,100.0,75.8,86.2,Pass,0.06695526793014349,Safe
2781,14,M02801,Morning,28.3,17.6,77.7,82.3,82.6,75.3,Pass,0.06695387586705087,Safe
3843,4,M08327,Afternoon,36.2,16.2,87.2,81.6,77.8,71.2,Pass,0.06695329812292589,Safe
7863,3,M09036,Morning,33.3,13.4,97.2,85.8,77.2,85.4,Pass,0.0669524777921093,Safe
6390,15,M08625,Afternoon,34.0,16.8,96.1,80.8,80.5,79.4,Pass,0.06695200000504606,Safe
2508,12,M00098,Afternoon,29.0,14.0,80.7,74.1,83.3,67.8,Pass,0.06695128428296489,Safe
8702,8,M00109,Night,30.5,16.8,78.4,89.5,80.0,65.4,Pass,0.06695066202336672,Safe
3936,10,M05619,Afternoon,37.8,16.2,84.8,82.2,82.2,76.1,Pass,0.0669500819647823,Safe
5801,20,M05883,Morning,34.4,15.7,91.0,89.5,85.6,72.0,Pass,0.06694984134307157,Safe
5119,9,M01908,Night,32.9,14.5,82.1,80.2,78.1,72.5,Pass,0.06693593658488281,Safe
1079,20,M08915,Morning,33.3,15.3,71.1,96.0,91.2,91.5,Pass,0.06692656687217761,Safe
8725,19,M05959,Night,36.4,16.9,81.2,73.2,75.3,71.8,Pass,0.06692448093624448,Safe
8966,6,M09841,Afternoon,36.7,15.0,84.1,83.4,75.5,79.4,Pass,0.0669218350209712,Safe
3901,8,M00597,Afternoon,34.0,16.7,89.2,74.0,69.4,79.0,Pass,0.06692096506506308,Safe
9200,16,M00898,Afternoon,32.1,14.5,88.3,98.7,90.3,100.0,Pass,0.06691739533097883,Safe
4275,4,M04332,Afternoon,33.7,16.0,73.9,86.1,90.5,63.2,Pass,0.06691651568935007,Safe
655,7,M04805,Afternoon,35.4,15.4,73.4,77.3,79.7,83.1,Pass,0.06691526269110529,Safe
710,22,M06545,Afternoon,34.0,15.4,79.7,78.4,80.1,75.2,Defect,0.06691104584423822,Safe
8185,21,M06778,Morning,29.3,15.9,90.5,99.7,81.7,78.3,Pass,0.06690861303294734,Safe
7483,2,M08406,Afternoon,27.7,16.9,89.2,81.7,76.3,86.4,Pass,0.0669060760104404,Safe
6927,9,M05612,Afternoon,34.4,13.6,81.3,78.7,90.6,81.5,Pass,0.06690512550124975,Safe
876,20,M09334,Morning,26.5,16.4,90.5,95.4,89.0,93.1,Pass,0.06689808242535329,Safe
7120,13,M02148,Afternoon,34.0,13.5,93.9,81.4,100.0,80.2,Pass,0.06689137267434858,Safe
9301,4,M07206,Morning,43.0,15.7,88.4,78.4,79.4,79.5,Pass,0.0668801463774072,Safe
9039,10,M07227,Afternoon,32.5,16.7,90.7,100.0,84.6,90.1,Pass,0.06687831259292039,Safe
6174,20,M05414,Night,39.5,17.3,69.4,88.2,89.3,68.9,Pass,0.06687383837695193,Safe
1190,7,M08647,Afternoon,32.1,14.4,87.2,77.1,99.6,82.5,Pass,0.06687382879374604,Safe
8222,19,M00239,Morning,32.3,16.5,90.9,68.2,88.5,87.3,Pass,0.0668717857747138,Safe
9071,9,M01047,Night,34.5,13.5,83.3,70.3,80.3,74.2,Pass,0.06686757983279276,Safe
8237,13,M01225,Afternoon,37.2,17.2,83.2,74.0,79.4,86.7,Pass,0.06686695475350186,Safe
9639,1,M03368,Afternoon,33.9,13.2,91.6,75.5,76.2,77.8,Pass,0.06686656375780137,Safe
7013,12,M06074,Morning,36.3,17.0,97.9,70.3,78.8,89.1,Pass,0.06686071384280208,Safe
7491,23,M09629,Morning,34.3,16.2,81.5,81.9,79.7,76.3,Pass,0.06685090995816527,Safe
276,8,M01219,Afternoon,34.8,16.2,68.9,90.0,75.5,80.4,Pass,0.06684937454372793,Safe
5804,12,M07603,Night,32.0,15.4,87.4,87.1,89.2,79.3,Pass,0.0668493067746066,Safe
8386,23,M02192,Afternoon,32.6,15.4,100.0,87.1,88.4,92.6,Pass,0.06684670935169212,Safe
3459,1,M00629,Afternoon,37.2,15.1,90.7,86.5,92.3,90.5,Pass,0.06684239621120557,Safe
2343,5,M00698,Morning,37.1,15.7,73.5,89.1,81.0,85.0,Pass,0.06684176623393848,Safe
7386,24,M04701,Morning,31.3,19.1,74.3,78.7,68.0,85.4,Pass,0.06684017079066237,Safe
8968,18,M01360,Afternoon,32.0,18.7,80.3,83.3,82.0,68.5,Pass,0.06683320675182106,Safe
920,2,M05952,Morning,31.8,17.8,92.8,79.7,82.0,79.3,Pass,0.06683176574253058,Safe
8878,12,M04538,Morning,33.5,17.0,78.4,84.7,86.0,86.0,Pass,0.06682991314674391,Safe
3380,9,M01758,Afternoon,33.9,17.7,85.8,73.1,85.7,88.0,Pass,0.0668235344058121,Safe
9584,3,M00566,Morning,31.4,16.2,83.6,87.9,79.1,77.2,Pass,0.06681449743666437,Safe
7712,25,M05325,Morning,34.2,16.4,87.8,82.7,82.3,80.6,Pass,0.06681374493651983,Safe
5022,20,M05920,Afternoon,36.4,15.9,81.1,96.5,83.8,86.8,Pass,0.06681349410715016,Safe
9516,19,M03786,Morning,33.1,17.9,84.4,79.1,81.9,75.7,Pass,0.06681117855328428,Safe
9231,14,M02398,Afternoon,40.6,16.2,80.2,97.6,94.7,91.7,Pass,0.06681068974402052,Safe
3492,12,M07813,Afternoon,32.6,18.6,87.1,76.5,68.0,80.8,Pass,0.06680989649516576,Safe
6592,18,M09471,Morning,27.8,16.3,75.9,92.4,94.5,73.4,Pass,0.06680922987420491,Safe
2911,6,M09784,Morning,33.4,16.0,92.7,75.5,99.3,72.8,Pass,0.06680484100222044,Safe
5069,20,M08321,Night,38.1,15.5,92.6,70.9,88.1,79.8,Pass,0.06680394604918383,Safe
5695,5,M05481,Night,38.8,19.1,87.5,76.2,98.8,85.3,Pass,0.06680371384399972,Safe
6418,10,M05756,Night,39.1,15.8,82.2,81.0,69.0,84.7,Pass,0.0668025701960386,Safe
841,15,M02473,Morning,30.7,15.4,82.9,74.7,75.8,75.0,Pass,0.06679884304081904,Safe
2022,3,M04896,Afternoon,36.3,16.5,73.4,72.5,91.8,83.2,Pass,0.06679525329337158,Safe
9954,4,M04693,Morning,33.8,17.6,83.7,77.6,83.8,85.0,Pass,0.06679490075701047,Safe
4367,24,M09950,Morning,31.9,15.9,81.4,80.8,80.6,78.8,Pass,0.06679471862860789,Safe
8276,6,M07765,Afternoon,31.9,18.3,81.0,91.3,64.7,80.4,Pass,0.06679465244363113,Safe
5222,9,M08449,Afternoon,34.2,13.3,91.9,84.4,77.4,87.4,Pass,0.06679320581419242,Safe
9653,19,M07373,Morning,35.3,13.2,79.6,96.3,97.1,73.5,Pass,0.06679032983662495,Safe
2957,22,M06790,Afternoon,33.0,16.5,79.3,76.1,71.4,71.8,Pass,0.06678829083240694,Safe
495,13,M02787,Afternoon,34.7,15.1,83.9,71.3,84.4,91.1,Pass,0.06678755738727164,Safe
2516,9,M01728,Night,32.0,14.3,76.2,69.7,88.7,75.0,Pass,0.066784267339042,Safe
3951,5,M05127,Morning,30.4,13.7,81.1,84.9,84.5,86.8,Pass,0.06678314789184546,Safe
2937,6,M04653,Night,35.9,15.1,85.2,90.7,85.5,85.9,Pass,0.06678089120357815,Safe
9935,22,M09884,Morning,31.2,16.8,81.7,80.7,75.0,85.6,Pass,0.06677869033669101,Safe
6591,23,M07368,Afternoon,35.0,15.0,81.5,78.9,80.1,86.1,Pass,0.06677403246199026,Safe
7260,24,M07962,Afternoon,38.4,13.7,81.2,77.0,89.8,78.2,Pass,0.06677269107814067,Safe
6376,22,M07335,Morning,30.2,15.6,87.0,94.3,81.2,91.6,Pass,0.06677020898429795,Safe
5795,8,M08244,Afternoon,35.1,15.8,82.6,68.8,80.6,68.8,Pass,0.06676714611345756,Safe
1318,12,M07565,Afternoon,30.4,17.2,98.3,100.0,77.7,82.8,Pass,0.06675769593321568,Safe
3060,2,M02491,Night,36.0,16.7,86.4,73.4,90.1,78.3,Pass,0.06675403230998707,Safe
8374,24,M01735,Afternoon,34.2,16.6,92.5,81.0,83.0,70.1,Pass,0.06675387281363407,Safe
4923,11,M08498,Afternoon,43.7,13.3,80.7,78.4,92.2,98.4,Pass,0.06675147275719227,Safe
1414,24,M05371,Morning,38.1,13.9,84.1,82.3,75.2,78.1,Pass,0.06674848486678464,Safe
9007,3,M03027,Morning,33.6,16.3,76.9,69.7,79.9,91.3,Pass,0.06674393941498309,Safe
6166,15,M08944,Afternoon,34.1,14.9,78.3,91.8,91.1,87.8,Pass,0.06673836714869283,Safe
6178,14,M05962,Morning,40.7,16.2,89.1,77.0,83.2,75.7,Pass,0.066733402062412,Safe
3701,20,M05789,Afternoon,34.8,13.9,94.2,88.6,90.0,85.8,Pass,0.06673157947820661,Safe
9547,9,M08262,Morning,37.2,15.5,73.3,75.6,83.8,75.9,Defect,0.06672923154475904,Safe
4825,12,M07144,Afternoon,33.8,15.8,85.9,75.3,82.3,84.0,Pass,0.06672716551634766,Safe
2520,23,M09370,Afternoon,37.5,13.3,81.9,75.5,81.7,79.2,Pass,0.06672689252197422,Safe
5584,3,M00894,Afternoon,38.1,16.1,100.0,83.0,72.6,77.6,Pass,0.06672670597710068,Safe
4119,14,M02736,Morning,36.8,14.4,82.3,97.6,89.1,78.6,Pass,0.0667265415048806,Safe
1722,25,M05725,Morning,42.7,15.7,78.5,76.3,84.3,79.3,Pass,0.06672606796667128,Safe
4739,4,M00608,Morning,35.1,15.1,77.9,82.4,89.2,87.8,Pass,0.06672606093199834,Safe
4322,22,M08081,Night,37.3,16.9,68.0,75.6,86.9,89.6,Pass,0.06672513491390569,Safe
8775,25,M09372,Night,35.1,15.2,86.9,84.0,78.0,78.6,Pass,0.06672269801799083,Safe
545,16,M05335,Afternoon,30.7,18.0,82.6,69.8,81.2,71.3,Pass,0.06672177428498792,Safe
5369,6,M03341,Night,33.6,15.4,79.7,83.4,70.9,72.4,Pass,0.06671952439492655,Safe
1208,11,M07680,Afternoon,32.1,16.6,86.2,91.6,85.6,90.7,Pass,0.0667192990397287,Safe
543,12,M09349,Morning,30.6,16.1,81.4,74.9,85.1,67.1,Pass,0.06671827946838596,Safe
9872,16,M09692,Afternoon,31.7,17.1,88.0,79.9,87.0,72.8,Defect,0.06671399556440955,Safe
9966,7,M06630,Afternoon,34.6,16.2,85.0,75.4,83.1,88.9,Defect,0.06671273267909208,Safe
31,7,M02735,Afternoon,38.5,14.8,87.9,100.0,77.2,95.0,Pass,0.06671252013678264,Safe
564,4,M06173,Morning,39.7,16.4,78.2,69.7,76.1,92.0,Pass,0.06671225246086945,Safe
9502,19,M08626,Afternoon,31.5,14.9,74.0,92.9,76.5,82.3,Pass,0.06671203455058136,Safe
7407,14,M09034,Afternoon,36.8,16.0,77.2,81.9,85.8,90.9,Pass,0.06670979360044853,Safe
9466,11,M05978,Night,27.6,14.6,78.6,82.9,82.1,80.6,Pass,0.06670948255187499,Safe
4832,2,M01828,Afternoon,40.5,15.7,83.1,81.0,86.6,75.7,Pass,0.06670714330219042,Safe
2128,15,M09701,Morning,36.9,17.0,83.3,86.9,81.0,72.5,Pass,0.06670511277043202,Safe
233,5,M05535,Afternoon,38.1,16.9,91.6,88.5,73.1,72.5,Pass,0.0667049206748028,Safe
7754,13,M00192,Afternoon,28.8,15.0,78.4,69.2,79.5,75.8,Pass,0.06670234331517932,Safe
9616,8,M00233,Night,37.6,15.4,78.6,80.0,79.3,66.0,Pass,0.06670131522200358,Safe
6395,25,M03816,Night,25.1,15.5,80.2,84.5,76.7,89.7,Pass,0.06670065409073303,Safe
220,8,M01735,Night,37.1,17.1,85.7,84.1,79.0,83.0,Pass,0.06669488887801404,Safe
2830,24,M03742,Morning,37.4,15.0,84.8,95.9,74.7,91.9,Pass,0.06669432048450784,Safe
573,9,M01325,Morning,36.2,17.5,89.4,78.2,75.5,69.4,Pass,0.06669213624463531,Safe
6860,2,M06997,Afternoon,34.6,16.1,81.3,89.1,90.4,91.5,Pass,0.06669058159282204,Safe
7060,3,M09308,Night,37.6,15.3,94.3,98.5,78.4,83.6,Pass,0.06669007245978835,Safe
1841,24,M07233,Morning,34.3,14.3,79.3,88.4,92.9,72.2,Pass,0.06668996942372657,Safe
4319,24,M00688,Afternoon,31.7,15.3,80.3,76.4,73.6,84.4,Pass,0.06668582159829076,Safe
4519,19,M09591,Morning,38.3,14.8,87.0,80.7,91.8,80.0,Pass,0.06668553135720498,Safe
9975,3,M05098,Afternoon,33.0,18.5,86.0,88.1,79.2,68.0,Pass,0.06668125733148465,Safe
2650,14,M09047,Afternoon,37.9,17.5,87.0,82.2,68.9,83.2,Pass,0.0666803924092836,Safe
6258,2,M09466,Afternoon,35.3,18.3,75.5,88.0,87.2,71.1,Pass,0.06667686655042325,Safe
7814,2,M07575,Afternoon,35.3,18.1,82.5,82.9,79.4,71.6,Pass,0.06667500634958508,Safe
3974,7,M00718,Afternoon,35.0,17.2,77.9,71.6,74.4,100.0,Pass,0.06667295438157778,Safe
8205,4,M00299,Afternoon,34.4,14.6,83.5,84.1,86.1,87.1,Pass,0.06667086425118006,Safe
4538,7,M06996,Afternoon,30.7,14.5,81.7,80.2,81.4,74.6,Pass,0.06666330009173606,Safe
5,9,M05735,Morning,39.2,16.3,88.2,93.2,70.3,79.6,Pass,0.06666318967000096,Safe
4373,5,M00720,Morning,39.6,13.8,84.2,100.0,92.3,82.5,Pass,0.06666276192711222,Safe
6840,20,M03728,Night,34.4,17.7,83.9,88.3,75.3,86.4,Pass,0.06666001843932051,Safe
6571,20,M01546,Afternoon,41.0,14.1,87.2,87.3,82.7,79.5,Pass,0.06665980465282359,Safe
9310,3,M06685,Morning,32.7,17.3,80.2,97.9,78.0,79.5,Pass,0.0666581741716295,Safe
3895,18,M06816,Afternoon,29.1,17.2,79.6,73.5,72.6,83.1,Pass,0.06665597742147518,Safe
8530,16,M09177,Afternoon,30.6,16.7,100.0,79.1,76.4,82.6,Pass,0.06665078756595401,Safe
5722,23,M06450,Afternoon,34.8,16.1,87.6,81.6,70.7,69.2,Pass,0.06665028483857002,Safe
873,24,M00847,Afternoon,33.9,16.8,83.5,78.1,80.3,82.4,Pass,0.06664935746454499,Safe
9399,19,M00359,Afternoon,36.2,17.5,87.0,92.1,77.2,66.9,Pass,0.06664913104083847,Safe
8003,23,M03846,Morning,38.7,15.2,79.9,69.6,73.2,76.8,Pass,0.06664507836502011,Safe
5587,1,M04240,Afternoon,35.9,16.9,88.9,86.7,80.0,78.8,Pass,0.06664388191114366,Safe
3814,25,M06865,Afternoon,29.2,15.2,94.2,80.7,82.6,68.1,Pass,0.06664285920625823,Safe
3421,6,M03668,Night,34.3,18.8,78.1,77.2,83.3,83.0,Pass,0.06664218153446863,Safe
8118,24,M00271,Morning,25.9,14.8,82.3,75.5,83.6,74.4,Pass,0.06664073691659915,Safe
236,6,M06288,Afternoon,29.8,15.2,77.4,91.0,89.1,80.9,Pass,0.06663516508103955,Safe
5883,7,M05399,Morning,35.0,14.4,90.1,83.4,100.0,89.1,Pass,0.06663349977393701,Safe
1826,14,M04115,Afternoon,32.7,18.3,79.3,89.4,73.8,81.6,Pass,0.06663252241284318,Safe
3137,1,M03966,Afternoon,42.2,16.7,70.7,96.6,86.1,87.7,Pass,0.0666297278126682,Safe
2427,2,M03385,Morning,25.0,14.5,75.1,86.4,80.0,75.4,Pass,0.0666270659944942,Safe
9076,24,M04609,Afternoon,36.1,14.1,84.3,74.7,72.3,72.8,Pass,0.06662687876214507,Safe
3204,17,M02225,Night,42.7,15.4,86.5,80.0,78.9,79.0,Pass,0.0666229908669419,Safe
5868,20,M02707,Morning,31.9,18.9,98.7,89.9,81.2,86.6,Pass,0.06662177713228791,Safe
9660,2,M04926,Night,25.5,15.6,88.5,78.6,75.7,94.6,Pass,0.0666208615908545,Safe
4421,8,M00887,Morning,35.0,16.3,86.1,80.3,82.1,85.7,Pass,0.06661955189743836,Safe
6136,3,M06924,Morning,37.9,16.1,100.0,79.1,90.1,80.7,Pass,0.06661584524390107,Safe
3209,20,M01949,Afternoon,32.8,15.7,78.8,77.6,93.6,80.8,Pass,0.06661475347583021,Safe
9952,6,M06256,Afternoon,38.3,17.1,83.5,72.6,85.6,72.5,Pass,0.06661367715437104,Safe
2841,22,M03745,Morning,38.1,15.8,88.7,71.6,66.4,76.1,Pass,0.06661322211442071,Safe
3174,14,M06047,Morning,35.1,17.4,77.8,86.8,94.7,79.2,Pass,0.06660882820828765,Safe
9264,1,M00097,Afternoon,30.0,15.9,81.2,70.0,81.4,87.4,Pass,0.06660820353465387,Safe
130,3,M07409,Afternoon,40.9,16.3,76.6,74.8,80.6,80.5,Pass,0.0666053610454221,Safe
9596,5,M07343,Morning,43.2,16.5,89.3,68.0,91.5,78.4,Pass,0.0666005441618036,Safe
2899,12,M03135,Afternoon,39.6,17.1,78.5,83.5,70.6,84.4,Pass,0.06659836650691715,Safe
1580,15,M06155,Afternoon,35.6,15.3,80.2,71.6,71.1,85.9,Pass,0.0665963153138904,Safe
6416,2,M05234,Afternoon,37.9,17.5,81.6,75.5,76.5,73.1,Pass,0.06659055108497278,Safe
5323,12,M06471,Afternoon,32.2,17.9,82.8,74.4,72.6,78.4,Pass,0.06658878894070584,Safe
6542,5,M00204,Night,36.3,15.1,73.6,78.5,78.2,76.3,Pass,0.06658686341438413,Safe
7036,16,M07282,Night,34.5,18.4,81.2,76.7,82.1,84.1,Pass,0.0665820607539271,Safe
5298,25,M02171,Afternoon,31.0,15.2,75.9,73.0,73.1,82.7,Pass,0.06657865864927538,Safe
9012,6,M02621,Morning,32.2,15.0,83.5,88.4,78.2,88.2,Pass,0.06657283549420566,Safe
9294,4,M07263,Afternoon,35.8,12.9,91.7,82.0,76.6,74.3,Pass,0.06657259618327382,Safe
5965,10,M07128,Afternoon,35.3,16.1,82.7,79.9,85.7,83.3,Pass,0.06656721952329697,Safe
1404,19,M05017,Afternoon,36.3,16.8,97.3,96.0,100.0,94.1,Pass,0.06656710193904088,Safe
7519,13,M09038,Night,34.1,15.6,85.5,76.6,74.7,83.6,Pass,0.06656567808276855,Safe
300,7,M08209,Morning,32.9,17.5,84.4,79.5,75.7,90.8,Pass,0.06656182220168047,Safe
8780,11,M05693,Morning,31.6,16.7,81.8,78.8,76.0,69.6,Pass,0.06656152788877101,Safe
9746,21,M02887,Afternoon,40.9,16.6,75.1,87.9,94.8,88.1,Pass,0.06654885650168145,Safe
3419,7,M07595,Morning,35.7,16.5,93.1,75.5,82.4,83.8,Pass,0.06654859879093729,Safe
4203,18,M04876,Morning,34.6,17.5,80.5,89.3,84.8,75.3,Pass,0.06654415806722258,Safe
3399,8,M06103,Morning,35.0,15.2,69.9,89.2,75.0,100.0,Pass,0.06654369517032861,Safe
8793,23,M05309,Morning,40.6,17.4,85.7,79.6,70.8,70.1,Pass,0.06654012508228513,Safe
4035,19,M08236,Morning,30.0,14.7,97.2,90.1,95.7,90.6,Pass,0.06653881915945599,Safe
6547,6,M01688,Afternoon,35.7,16.3,83.2,100.0,90.0,83.8,Pass,0.06653864761997329,Safe
7702,11,M01919,Night,33.6,15.3,79.8,72.1,71.7,88.2,Pass,0.06653818671151382,Safe
6787,6,M04733,Night,36.7,16.4,88.3,88.5,81.6,78.2,Pass,0.06653418388759874,Safe
6985,22,M07849,Night,33.7,17.1,81.6,90.5,82.3,82.2,Pass,0.06653390833668539,Safe
8906,21,M02097,Afternoon,31.7,15.5,96.9,81.6,73.5,85.3,Pass,0.06653057233264786,Safe
5567,13,M06233,Afternoon,36.1,12.8,86.9,93.5,85.6,97.8,Pass,0.06653050523886572,Safe
5439,10,M01941,Morning,30.4,17.1,93.7,89.1,93.9,78.5,Pass,0.06653006024738177,Safe
4781,4,M00718,Morning,38.5,15.3,74.2,71.3,79.6,84.3,Pass,0.06652861038703137,Safe
2926,23,M09656,Night,37.8,14.9,91.2,91.7,86.5,71.8,Pass,0.06652835880943987,Safe
5513,7,M01515,Night,29.0,14.7,92.4,70.4,82.3,87.4,Pass,0.06652746536082849,Safe
9492,1,M05190,Morning,34.4,16.0,73.3,73.8,68.3,90.7,Pass,0.06652112773065566,Safe
9311,1,M00657,Morning,35.9,17.8,76.5,87.6,74.1,83.2,Pass,0.06651853571323289,Safe
8210,6,M06597,Morning,39.0,15.8,88.7,100.0,86.8,77.7,Pass,0.06651578582394198,Safe
8015,12,M00605,Afternoon,39.8,17.4,73.7,87.4,98.4,97.9,Pass,0.06651315138184598,Safe
6377,22,M02912,Afternoon,40.2,17.1,84.2,100.0,80.3,79.1,Pass,0.06651209084253046,Safe
7438,5,M08429,Morning,36.2,15.6,88.5,82.8,73.1,83.5,Pass,0.06650760304501993,Safe
9104,19,M06595,Afternoon,41.3,15.5,80.1,80.9,79.0,78.2,Pass,0.06650507277197605,Safe
316,7,M00981,Afternoon,37.8,16.2,89.4,76.5,80.4,74.7,Pass,0.06650405749528183,Safe
8391,13,M09165,Afternoon,37.6,15.0,90.5,84.1,82.2,77.7,Pass,0.06650369074804181,Safe
6363,24,M05630,Morning,41.0,16.3,87.6,95.5,83.9,79.5,Pass,0.06650297833621895,Safe
2817,11,M03630,Afternoon,36.5,17.0,82.2,76.0,82.0,74.4,Pass,0.066502334089563,Safe
8364,25,M04241,Afternoon,37.1,17.1,80.8,85.4,79.7,87.2,Pass,0.06649822261205263,Safe
1712,16,M04357,Morning,38.9,17.5,80.9,79.1,74.4,81.1,Pass,0.06649336692463713,Safe
7032,8,M04068,Morning,33.4,17.1,88.7,73.1,86.6,79.8,Pass,0.0664928835346417,Safe
1013,1,M04147,Night,33.8,17.8,85.8,76.0,81.7,78.7,Pass,0.06649226512915918,Safe
7972,18,M07757,Afternoon,35.3,14.4,86.5,92.4,75.9,75.9,Pass,0.0664907410664197,Safe
9700,14,M01910,Night,35.7,14.6,79.1,84.4,90.6,81.1,Pass,0.06648881071577716,Safe
4200,13,M07227,Afternoon,31.2,15.3,95.7,85.8,100.0,95.9,Pass,0.0664871132931523,Safe
4866,14,M07109,Afternoon,32.0,16.0,87.2,96.8,81.3,87.9,Pass,0.0664856508338696,Safe
6120,25,M01642,Afternoon,43.7,15.8,88.5,100.0,83.6,94.9,Pass,0.06648114235815743,Safe
74,9,M06864,Night,39.6,14.9,78.1,100.0,75.1,81.8,Pass,0.06648019765140385,Safe
2141,19,M04838,Night,37.0,15.2,89.5,71.2,78.3,73.5,Pass,0.06647906487562331,Safe
9557,11,M01199,Morning,35.5,16.8,88.5,92.8,86.1,86.3,Pass,0.0664746904157375,Safe
2351,10,M07322,Afternoon,35.7,14.9,81.5,78.3,78.5,71.5,Pass,0.06647356956509563,Safe
3344,25,M07469,Morning,29.4,15.9,84.1,72.5,86.7,89.8,Pass,0.06647254244735615,Safe
6829,15,M09198,Afternoon,38.2,14.6,82.6,76.8,78.2,85.0,Pass,0.06646583122461094,Safe
9100,2,M04696,Morning,31.0,15.8,87.2,81.6,81.8,78.0,Pass,0.06646191963366407,Safe
383,23,M00877,Afternoon,26.7,14.4,75.5,80.8,79.9,84.4,Pass,0.06645940991150097,Safe
2301,2,M05927,Night,35.8,13.9,86.2,79.1,79.5,78.4,Pass,0.06645344273051712,Safe
3331,24,M09434,Afternoon,26.7,16.5,81.8,76.9,70.8,71.0,Pass,0.06644913483562585,Safe
7390,15,M05560,Afternoon,34.3,15.3,84.5,100.0,88.1,80.1,Pass,0.06644890240491287,Safe
9426,17,M07771,Night,36.6,17.5,89.0,83.6,76.6,77.8,Pass,0.06644604384695009,Safe
4601,8,M04940,Morning,40.8,15.4,89.0,83.9,77.5,77.7,Pass,0.06644532146462033,Safe
7100,21,M03455,Night,36.8,13.7,85.9,80.0,76.5,78.0,Pass,0.0664419794523148,Safe
7305,9,M04072,Morning,29.2,16.6,78.3,72.8,89.5,85.5,Pass,0.0664365419917413,Safe
1561,3,M01876,Morning,42.0,18.2,85.1,77.0,82.0,86.6,Pass,0.06643220150686444,Safe
2862,14,M03156,Morning,34.1,15.8,78.2,68.3,83.8,71.4,Pass,0.06643126588395769,Safe
9555,1,M02794,Afternoon,32.8,14.1,90.5,99.5,84.3,100.0,Pass,0.06643024267683523,Safe
6147,19,M05201,Afternoon,34.2,18.6,81.9,81.7,84.7,71.7,Pass,0.06642276066080316,Safe
8476,21,M00245,Afternoon,29.3,17.1,82.2,75.0,69.4,92.4,Pass,0.06642089929415278,Safe
7169,22,M01771,Morning,33.8,14.9,83.0,81.5,65.9,84.0,Pass,0.06641969397776702,Safe
2795,17,M04988,Afternoon,35.5,15.7,87.4,74.5,74.6,72.5,Pass,0.0664194538853682,Safe
8328,17,M08235,Night,38.1,16.8,92.3,73.0,79.2,81.5,Pass,0.06641813743663684,Safe
6365,11,M04201,Afternoon,38.3,15.7,89.5,84.1,83.0,72.8,Pass,0.06641481953289112,Safe
1556,14,M04474,Morning,40.7,17.9,81.3,79.4,70.6,73.6,Pass,0.06641241181084225,Safe
8859,14,M07929,Afternoon,34.8,15.1,79.2,72.9,77.5,75.3,Pass,0.06641057040359026,Safe
5952,4,M02224,Morning,33.3,17.3,76.8,91.2,85.5,91.2,Pass,0.06640812239494638,Safe
4387,7,M07870,Night,37.4,15.3,68.5,77.0,76.3,77.0,Pass,0.06640713396784167,Safe
65,15,M00162,Morning,36.5,17.7,85.5,91.5,98.9,84.1,Pass,0.0664065696155041,Safe
6036,11,M07368,Morning,28.9,16.1,82.0,99.0,87.8,79.6,Pass,0.06640622612833201,Safe
4635,14,M05905,Morning,38.5,13.2,80.6,85.1,77.8,84.2,Pass,0.06640496463023428,Safe
7050,18,M08512,Afternoon,31.8,12.8,81.2,80.0,89.8,88.6,Pass,0.06640426061121672,Safe
3602,9,M04288,Afternoon,34.6,16.2,74.8,81.6,83.7,98.8,Pass,0.06640232442634617,Safe
6040,12,M04244,Night,35.6,14.0,81.4,69.8,74.7,73.2,Pass,0.06639948740476095,Safe
7723,15,M00369,Morning,37.1,16.2,89.0,79.0,82.1,80.5,Pass,0.06639905444201949,Safe
6960,25,M01824,Night,36.2,17.0,94.1,99.0,76.2,80.4,Pass,0.06639767672369519,Safe
7265,2,M01461,Night,39.4,17.6,91.5,74.5,80.8,83.1,Pass,0.06639252497422204,Safe
3667,9,M06990,Night,39.5,12.7,91.0,94.2,85.9,81.7,Pass,0.06639141687179471,Safe
1713,17,M05544,Night,35.2,14.7,85.4,75.5,84.5,88.5,Pass,0.06639124858414762,Safe
311,23,M03171,Afternoon,35.6,18.3,71.7,86.2,88.9,76.6,Pass,0.06638601667763643,Safe
4341,17,M06588,Afternoon,35.5,16.5,96.2,85.9,92.7,70.4,Pass,0.06638566402158512,Safe
9082,22,M09181,Afternoon,35.7,18.4,81.7,75.3,86.9,87.1,Pass,0.06637898252984105,Safe
8578,7,M03622,Morning,38.8,15.1,78.2,82.5,76.6,78.5,Pass,0.06637269792483606,Safe
4216,3,M08997,Night,38.9,14.8,74.8,69.8,86.2,80.4,Pass,0.06637237877739523,Safe
1115,20,M03676,Afternoon,38.9,15.6,81.7,71.3,89.4,90.8,Pass,0.06637062150695823,Safe
9753,19,M04932,Afternoon,31.5,15.8,76.7,73.6,83.1,64.5,Pass,0.06637041118853665,Safe
6632,20,M00710,Morning,31.2,15.3,85.9,87.9,76.2,74.1,Pass,0.06636874680745704,Safe
3095,8,M05669,Morning,37.1,14.1,88.9,71.3,75.1,82.3,Pass,0.06636099755097878,Safe
1074,13,M01760,Morning,38.4,18.2,74.2,76.4,80.8,68.8,Pass,0.0663556638063416,Safe
6579,24,M06674,Morning,34.5,17.6,89.2,84.4,95.5,71.6,Pass,0.06635517607601321,Safe
5227,24,M04678,Afternoon,36.8,15.4,86.6,69.4,73.0,76.1,Pass,0.06635515452813459,Safe
864,14,M07490,Afternoon,41.2,18.0,81.8,88.0,87.5,92.5,Pass,0.06635165177914074,Safe
1791,9,M07520,Morning,35.8,16.4,80.3,73.0,89.8,68.1,Pass,0.06635116032315401,Safe
986,10,M04226,Afternoon,29.0,14.4,81.4,86.4,85.8,71.6,Pass,0.06635104932793609,Safe
5508,2,M02069,Morning,29.4,19.1,74.8,82.1,78.1,87.6,Pass,0.06634767903079601,Safe
4591,8,M04539,Afternoon,34.8,18.0,85.2,91.9,94.9,91.6,Pass,0.06634660541058733,Safe
6077,12,M06702,Morning,34.7,16.8,76.6,89.5,88.8,92.4,Pass,0.06634138947764123,Safe
6331,17,M02884,Morning,35.3,16.2,88.3,75.8,75.9,85.4,Pass,0.06633469089206703,Safe
5151,3,M03570,Morning,35.5,18.0,72.6,85.3,74.7,79.3,Pass,0.06633289875188787,Safe
8439,20,M01886,Afternoon,40.0,16.2,76.6,83.3,92.1,81.6,Pass,0.06633213425665246,Safe
4924,23,M09100,Night,33.3,14.5,76.5,75.8,83.5,96.1,Pass,0.06633170586248202,Safe
19,5,M04556,Afternoon,30.5,18.4,88.3,93.9,86.3,76.7,Pass,0.06633106959528585,Safe
7057,16,M08653,Night,37.2,17.3,74.0,83.2,74.6,85.3,Pass,0.06632994945510293,Safe
9678,4,M00243,Morning,31.9,15.1,77.5,95.7,85.1,66.9,Pass,0.06632891232293073,Safe
5377,7,M02039,Afternoon,38.0,14.7,82.5,81.3,70.5,83.7,Pass,0.06632692541529296,Safe
941,2,M05985,Morning,31.1,15.2,69.8,89.4,85.1,67.1,Pass,0.0663232292136791,Safe
9963,6,M08585,Afternoon,30.4,16.9,96.8,96.4,87.9,76.5,Pass,0.06632124729062647,Safe
9751,23,M00756,Morning,34.2,17.5,79.9,80.0,84.9,89.6,Pass,0.06631971197139715,Safe
3498,2,M03181,Night,32.2,16.5,89.2,84.4,88.0,82.4,Pass,0.06631493816587736,Safe
8879,25,M02336,Morning,32.8,13.6,79.3,71.2,93.0,86.6,Pass,0.06631488893694173,Safe
229,19,M01803,Night,40.5,17.5,70.1,88.0,82.5,96.2,Pass,0.06631280418367794,Safe
9611,20,M03216,Afternoon,36.9,15.5,73.3,95.1,92.1,90.6,Pass,0.06631137618068655,Safe
8515,22,M09934,Morning,42.5,15.9,79.2,88.8,85.2,67.9,Pass,0.0663095407147568,Safe
6026,5,M02350,Morning,36.7,15.6,69.2,91.4,74.4,73.1,Pass,0.06630953762030876,Safe
3836,20,M09551,Morning,29.8,17.0,83.5,80.8,76.4,77.7,Pass,0.0663083743672333,Safe
9523,22,M08008,Night,34.3,13.6,87.9,83.0,80.6,80.8,Pass,0.06630248073359832,Safe
9484,23,M09002,Night,38.1,16.0,80.4,79.9,89.4,78.6,Pass,0.06630022492512093,Safe
2277,24,M00647,Afternoon,32.0,15.7,79.1,80.1,75.4,84.8,Pass,0.0663000607191702,Safe
4812,17,M08431,Night,41.3,16.2,83.7,72.2,75.2,80.1,Pass,0.06629968650560494,Safe
9271,10,M04369,Morning,26.0,17.5,73.4,77.4,78.8,75.8,Pass,0.06629716424659866,Safe
7643,25,M01795,Afternoon,33.4,15.3,83.6,80.4,80.6,78.1,Pass,0.06629480063977139,Safe
11,11,M01686,Morning,36.1,16.6,78.2,87.8,75.1,77.0,Pass,0.06629422001369285,Safe
8829,24,M05500,Morning,39.5,18.1,76.1,86.0,69.7,82.5,Pass,0.06628989186573085,Safe
571,8,M07495,Afternoon,37.4,14.6,84.7,84.4,86.1,76.0,Pass,0.06628940227713324,Safe
3823,9,M04745,Night,29.0,16.0,82.0,81.5,76.9,74.9,Pass,0.06628899024187664,Safe
3480,5,M09409,Afternoon,34.2,12.9,78.9,96.8,88.5,87.4,Pass,0.06628320302740046,Safe
6405,17,M04785,Morning,35.8,15.5,76.5,80.2,76.3,87.7,Pass,0.06628068892944645,Safe
4682,12,M01896,Morning,29.4,16.3,78.9,93.2,77.6,81.9,Pass,0.06627705414330784,Safe
5648,9,M06381,Afternoon,36.4,15.9,91.9,68.7,74.7,78.9,Pass,0.06627332618561285,Safe
5161,5,M08990,Afternoon,35.4,16.6,90.3,76.4,86.6,73.2,Pass,0.06627188035178919,Safe
3010,16,M03163,Morning,35.0,14.1,83.8,85.9,81.8,78.1,Pass,0.06627111006286843,Safe
7728,16,M08074,Afternoon,32.4,17.1,92.5,87.5,72.9,81.4,Pass,0.0662701659104727,Safe
681,20,M05990,Night,35.9,15.1,71.8,74.9,81.8,86.4,Pass,0.06626931800995413,Safe
183,10,M08165,Night,36.5,15.4,74.7,73.0,77.5,79.3,Pass,0.06626912345433758,Safe
2233,11,M01828,Night,36.3,17.2,88.0,82.6,85.4,82.4,Pass,0.06626900307039461,Safe
4941,3,M07363,Morning,33.4,16.7,79.9,75.9,82.0,72.2,Pass,0.0662684208152654,Safe
5305,6,M03366,Afternoon,37.2,15.4,80.3,75.9,73.0,92.5,Pass,0.06626026368082408,Safe
4882,15,M01033,Afternoon,32.9,18.3,70.7,72.2,83.1,72.6,Pass,0.06625909931275432,Safe
3821,14,M02913,Morning,37.8,14.5,73.9,75.5,86.9,75.0,Pass,0.06625823053294132,Safe
5348,23,M03863,Morning,30.7,17.3,84.5,85.9,96.3,81.4,Pass,0.06625683624990863,Safe
7552,20,M07848,Afternoon,32.7,16.1,83.5,86.7,74.6,79.1,Pass,0.0662557987621256,Safe
3727,3,M07520,Morning,34.0,13.3,66.4,74.6,85.1,72.7,Pass,0.06625159727272434,Safe
9845,13,M00082,Morning,28.7,15.3,87.0,68.3,83.9,70.1,Pass,0.06624791351520787,Safe
8994,15,M07786,Afternoon,27.2,15.1,100.0,87.9,87.2,71.4,Pass,0.06624368960542455,Safe
8582,22,M00653,Night,34.2,16.5,85.6,85.9,91.9,72.8,Pass,0.06624269792001229,Safe
727,17,M04262,Morning,35.2,16.8,81.3,81.6,98.2,78.2,Pass,0.06623883245258337,Safe
8576,3,M07220,Morning,35.5,18.6,73.3,76.7,71.7,85.4,Pass,0.06623803861367597,Safe
7021,15,M00541,Afternoon,32.4,14.7,79.0,82.2,78.4,82.8,Pass,0.06623172525211143,Safe
5057,23,M08833,Afternoon,34.2,14.1,77.5,79.1,75.7,95.9,Pass,0.06623045503139678,Safe
1636,21,M08602,Morning,33.1,17.9,87.7,82.7,96.0,86.8,Pass,0.06622768462543797,Safe
4299,13,M01290,Afternoon,31.3,13.8,90.1,72.8,82.8,76.4,Pass,0.06621660648065546,Safe
1825,10,M09830,Afternoon,30.0,14.3,72.6,82.4,79.8,65.1,Pass,0.06621447224765548,Safe
8983,19,M03500,Afternoon,39.8,15.3,86.8,98.2,83.0,82.0,Pass,0.06621403260268868,Safe
1451,22,M09018,Afternoon,33.7,16.7,86.9,76.5,79.7,70.4,Pass,0.06621211058636582,Safe
2876,16,M04670,Afternoon,34.7,16.1,85.2,82.9,77.8,65.4,Pass,0.06621150913446015,Safe
3069,13,M03421,Morning,41.3,15.5,92.9,100.0,93.9,89.7,Pass,0.06620977221190545,Safe
1653,24,M00307,Morning,33.7,13.9,76.1,83.8,74.7,72.6,Pass,0.0662086734056836,Safe
3736,7,M06410,Afternoon,30.0,16.4,83.1,83.2,75.5,68.9,Pass,0.06620513667200094,Safe
4592,22,M01261,Morning,32.0,17.1,83.3,82.7,95.0,92.9,Pass,0.0662026281353807,Safe
6692,21,M01037,Morning,27.1,17.2,77.6,87.9,84.3,74.4,Pass,0.06619942332032566,Safe
5247,22,M09036,Night,36.6,15.9,82.6,82.5,83.6,82.8,Pass,0.0661975358339493,Safe
2136,5,M03717,Night,38.8,15.2,77.7,82.7,92.0,83.3,Pass,0.0661954751351974,Safe
5645,25,M08182,Afternoon,39.7,16.8,86.7,76.0,88.4,89.7,Pass,0.06619495793343036,Safe
1726,23,M06277,Morning,34.7,14.2,83.0,75.9,79.3,83.5,Pass,0.06619445690838666,Safe
3354,16,M01073,Afternoon,38.6,16.6,85.6,70.4,83.9,72.0,Pass,0.06619314851890412,Safe
7924,6,M04880,Morning,40.1,18.1,91.7,82.7,77.7,93.5,Pass,0.06619239681252671,Safe
8945,19,M03615,Morning,39.6,17.3,84.7,82.9,71.1,69.9,Pass,0.06619237569900883,Safe
1743,1,M01391,Night,32.1,17.3,81.3,79.9,89.4,81.3,Defect,0.06618868713410164,Safe
7823,22,M06672,Afternoon,30.6,14.8,92.0,100.0,90.1,85.7,Pass,0.06618801279448068,Safe
6511,13,M06103,Morning,32.9,17.4,74.2,75.4,93.5,85.7,Pass,0.06618741933817594,Safe
7671,2,M06853,Night,32.3,15.6,71.1,74.9,69.5,80.8,Pass,0.06618340712509074,Safe
2463,12,M09615,Afternoon,37.9,16.6,88.8,85.4,75.3,73.1,Pass,0.06618100128387298,Safe
9825,24,M04588,Afternoon,32.3,14.5,93.6,86.7,91.5,69.4,Pass,0.06617543476028077,Safe
5891,3,M07265,Afternoon,36.7,15.7,80.0,77.1,79.1,92.6,Pass,0.06617416970706971,Safe
702,8,M08866,Morning,35.2,14.7,84.1,80.1,81.3,79.6,Pass,0.06617194897135209,Safe
5702,19,M01908,Morning,33.9,17.2,82.8,73.5,83.9,82.1,Pass,0.06616580117565429,Safe
7224,18,M03282,Morning,36.8,16.4,87.8,75.7,85.7,80.0,Pass,0.06616572227596285,Safe
8145,24,M02197,Night,36.2,15.8,74.3,74.3,85.2,78.3,Pass,0.06616563517975173,Safe
1854,14,M09219,Night,31.5,15.3,89.6,86.4,75.9,96.4,Pass,0.0661647109927403,Safe
1388,4,M02467,Morning,37.8,17.8,74.1,86.3,85.5,82.6,Pass,0.06616123923897639,Safe
7141,2,M04869,Night,40.9,15.5,71.6,79.5,81.0,83.9,Pass,0.06616022434567684,Safe
9755,24,M05725,Morning,36.9,14.8,81.1,78.6,77.5,64.1,Pass,0.0661556253518993,Safe
6880,13,M04469,Morning,34.4,16.7,94.1,87.9,100.0,86.1,Pass,0.06615364818591217,Safe
8624,12,M00257,Night,41.1,13.7,77.0,95.9,76.8,84.7,Pass,0.06615247263841253,Safe
5943,6,M04735,Morning,34.4,15.5,79.6,78.6,83.5,84.4,Pass,0.06615160959533913,Safe
449,3,M08528,Morning,30.0,14.3,90.2,99.0,88.4,84.2,Pass,0.0661474049935575,Safe
2549,4,M02556,Afternoon,32.4,17.5,73.4,80.3,87.1,93.2,Pass,0.06614536618288479,Safe
427,6,M02745,Afternoon,43.5,15.1,89.8,84.7,99.4,85.8,Pass,0.0661448823305954,Safe
7644,21,M05989,Morning,39.1,17.0,86.6,82.7,94.3,93.7,Pass,0.06614333238722096,Safe
2950,11,M06629,Night,32.5,16.4,80.8,81.6,87.4,86.5,Pass,0.06614146818695206,Safe
1770,13,M07474,Morning,36.2,15.8,92.3,100.0,81.5,84.4,Pass,0.06614036832598828,Safe
1177,16,M08233,Night,31.2,17.1,87.5,76.2,78.1,77.2,Pass,0.06613995248543966,Safe
7140,20,M09491,Morning,37.1,16.2,86.7,85.8,84.4,78.0,Pass,0.06613957399043517,Safe
5474,15,M02882,Afternoon,38.0,18.1,79.8,77.4,88.2,75.0,Pass,0.0661390254409434,Safe
7233,6,M04225,Morning,31.5,14.4,84.2,90.2,84.3,81.2,Pass,0.06613797454979921,Safe
4117,24,M04989,Night,38.1,14.1,89.4,74.2,74.9,82.8,Pass,0.06613469484494644,Safe
4168,10,M02828,Morning,33.6,15.7,73.8,76.0,80.3,77.4,Pass,0.06613262051568959,Safe
3166,20,M06847,Afternoon,39.6,17.5,90.1,87.5,98.1,91.1,Pass,0.0661315167494577,Safe
3628,9,M05288,Night,29.1,17.7,95.6,77.0,76.1,67.9,Pass,0.06613110604854745,Safe
7286,11,M02774,Afternoon,27.4,16.2,87.6,92.8,100.0,76.6,Pass,0.0661269227358478,Safe
3089,11,M08734,Afternoon,35.7,15.2,81.7,76.9,92.8,78.1,Pass,0.06612354692648088,Safe
2821,4,M09325,Night,36.2,14.2,88.3,76.9,97.1,100.0,Pass,0.06612352989147705,Safe
9354,19,M04219,Morning,40.9,15.7,90.6,76.3,73.7,83.4,Pass,0.06611443109181792,Safe
3379,3,M01933,Morning,33.8,13.2,79.5,84.1,77.4,79.8,Pass,0.0661074875068334,Safe
1140,4,M06853,Afternoon,39.8,16.6,72.9,86.7,83.5,70.3,Pass,0.06610173734468522,Safe
3982,14,M04638,Night,38.4,15.7,82.0,75.8,77.5,87.4,Pass,0.06610045123762513,Safe
9685,12,M07864,Afternoon,33.5,18.2,75.5,90.6,74.6,86.8,Pass,0.06609754783977828,Safe
9773,20,M01865,Morning,30.7,15.6,78.7,83.9,76.9,67.1,Pass,0.06608730171043317,Safe
3347,8,M03765,Morning,32.2,16.3,88.6,79.8,82.2,100.0,Pass,0.06608178602336982,Safe
1665,24,M00353,Night,30.0,18.0,90.6,80.0,80.5,81.4,Pass,0.06607741584314904,Safe
6906,5,M08506,Morning,31.3,17.7,83.3,86.7,79.8,83.9,Pass,0.06607566844321221,Safe
6773,22,M03259,Afternoon,38.7,18.5,79.2,97.2,81.0,100.0,Pass,0.06607557528069057,Safe
6987,20,M09750,Afternoon,31.0,15.7,77.7,73.3,79.6,73.3,Pass,0.06607538508479648,Safe
9587,6,M02315,Morning,32.8,18.1,87.7,83.5,96.7,86.7,Pass,0.0660748959321838,Safe
6,6,M06266,Morning,31.4,18.3,78.6,83.3,75.5,82.1,Pass,0.0660737813472178,Safe
7027,12,M01130,Morning,39.0,16.3,89.8,77.6,77.5,81.1,Pass,0.0660711718232077,Safe
8930,20,M00247,Night,37.2,16.2,83.5,80.1,80.7,81.0,Pass,0.06606693337591955,Safe
282,11,M03447,Morning,34.3,15.3,81.4,79.3,77.8,85.8,Pass,0.06606670021091747,Safe
7903,3,M03986,Morning,40.2,16.0,84.4,71.1,75.2,68.6,Pass,0.06606141308086105,Safe
7850,18,M00226,Morning,32.0,18.7,90.4,90.6,96.3,78.4,Pass,0.06605842562148467,Safe
3957,6,M06315,Night,29.0,16.3,87.3,83.1,85.4,79.0,Pass,0.06605672212834283,Safe
6566,25,M07379,Morning,33.1,14.4,94.0,73.1,76.3,87.7,Pass,0.06605668481153616,Safe
3707,13,M01989,Afternoon,29.1,17.1,79.7,75.0,83.5,73.6,Pass,0.06605527617995288,Safe
4624,1,M03905,Afternoon,36.7,16.3,74.2,89.2,79.8,89.5,Pass,0.0660488240061152,Safe
6083,15,M02722,Morning,36.7,15.4,99.3,74.6,80.6,74.6,Pass,0.06604736439819268,Safe
4194,25,M07087,Afternoon,37.8,13.5,79.2,93.7,82.6,77.8,Pass,0.06604585568157968,Safe
1142,13,M03595,Morning,35.0,16.2,76.7,72.9,86.9,77.0,Pass,0.06604556188364798,Safe
4454,22,M05049,Night,29.9,16.4,87.3,78.4,75.3,85.9,Pass,0.06604420819991044,Safe
1642,6,M04110,Night,37.8,17.5,80.1,81.8,74.0,93.3,Pass,0.06604319741887958,Safe
9680,14,M08016,Morning,32.8,16.1,90.8,74.7,84.3,67.6,Defect,0.06604259136843765,Safe
2060,16,M06722,Afternoon,35.2,14.8,76.0,93.0,72.0,85.4,Pass,0.0660422485975211,Safe
7582,8,M00993,Morning,39.6,15.9,72.5,70.9,98.2,80.0,Pass,0.0660416826821994,Safe
3306,9,M04026,Morning,34.9,15.2,79.6,83.6,82.3,83.0,Pass,0.06603617321172556,Safe
4085,6,M07958,Morning,38.3,14.5,75.9,74.7,76.8,81.8,Pass,0.06603388415808474,Safe
9827,3,M06858,Afternoon,41.9,16.1,82.4,72.4,88.4,91.5,Pass,0.06602973181615472,Safe
6657,24,M07891,Morning,30.7,13.6,77.8,69.6,79.4,69.0,Pass,0.06602774243847391,Safe
6062,2,M03662,Morning,38.7,17.7,75.2,87.5,72.8,81.6,Pass,0.06602500673411588,Safe
7705,17,M03759,Morning,29.4,15.8,88.3,92.9,76.4,72.5,Pass,0.06602345750293061,Safe
90,8,M05464,Afternoon,34.3,15.7,73.6,79.7,81.2,86.5,Pass,0.06602246761918679,Safe
976,19,M06029,Morning,34.0,15.1,86.7,82.8,72.6,71.8,Pass,0.06602150844611084,Safe
1852,7,M09154,Night,31.5,15.8,82.9,83.9,75.6,94.4,Pass,0.06601697557730465,Safe
7607,16,M09456,Morning,34.8,17.2,93.1,78.1,97.2,82.9,Pass,0.0660165660947919,Safe
6856,7,M05729,Morning,36.1,16.9,87.4,83.9,89.6,73.3,Pass,0.06601634243812636,Safe
8757,4,M05193,Morning,30.8,15.1,69.4,97.2,80.4,92.5,Pass,0.0660124258123817,Safe
767,10,M00672,Night,29.4,15.2,76.6,63.9,83.1,81.4,Pass,0.06600046064847233,Safe
1922,23,M04816,Morning,36.5,16.1,86.8,76.1,86.9,73.9,Pass,0.06599573333384941,Safe
4660,15,M07983,Afternoon,30.3,16.5,72.3,73.2,82.0,83.6,Pass,0.06599286155722683,Safe
9892,18,M09794,Morning,32.1,13.7,93.5,86.2,78.3,76.5,Pass,0.06598889102573655,Safe
6102,3,M06501,Afternoon,43.9,14.9,79.2,89.9,87.6,75.8,Pass,0.06598833544199297,Safe
3005,6,M01308,Afternoon,34.9,15.8,72.6,88.5,77.7,80.0,Pass,0.06598285689711997,Safe
9582,8,M09895,Afternoon,36.8,16.5,79.4,75.4,75.3,70.1,Pass,0.06598221143476318,Safe
9235,3,M08128,Afternoon,30.1,16.2,79.8,86.4,78.3,84.6,Pass,0.06597820942052444,Safe
760,16,M09092,Night,38.7,16.9,85.0,82.6,78.9,78.8,Pass,0.06597453215349917,Safe
7673,16,M04233,Night,33.4,16.9,71.2,74.5,74.3,92.6,Pass,0.06597447826088464,Safe
7817,5,M07549,Morning,35.8,16.4,81.9,70.0,80.5,77.2,Pass,0.06597344202135673,Safe
2769,9,M04006,Afternoon,36.3,14.8,76.5,85.8,82.3,82.8,Pass,0.06597279128207782,Safe
7657,19,M00236,Afternoon,35.6,15.2,91.7,80.6,80.4,77.1,Pass,0.06596715974673005,Safe
704,3,M04364,Morning,30.5,17.5,83.2,74.3,85.2,76.5,Pass,0.06596630808562566,Safe
3016,3,M06539,Morning,30.2,16.5,85.1,82.5,82.2,82.2,Pass,0.0659600322001738,Safe
3794,6,M01338,Afternoon,28.6,13.3,78.3,80.2,84.9,84.6,Pass,0.06595766511935106,Safe
2227,12,M01247,Morning,41.1,13.9,86.2,82.4,75.6,71.7,Pass,0.06595711242704255,Safe
5947,18,M07383,Morning,37.4,16.6,79.5,77.8,84.0,83.1,Pass,0.06595673391870893,Safe
8884,9,M04594,Morning,34.4,16.5,88.8,100.0,87.0,86.9,Pass,0.06595298388822918,Safe
7890,2,M03062,Afternoon,31.0,17.9,97.2,77.5,92.1,97.9,Pass,0.06594699411283013,Safe
558,22,M01192,Morning,39.2,16.9,82.3,76.6,89.0,78.5,Pass,0.06594682914911328,Safe
8259,4,M02108,Afternoon,41.0,14.7,91.5,75.5,74.6,72.8,Pass,0.06594558340740854,Safe
651,12,M03325,Morning,31.7,16.6,84.9,80.6,80.7,95.5,Pass,0.06594475094909674,Safe
5954,7,M03189,Afternoon,35.2,17.4,71.5,66.7,76.3,86.9,Pass,0.06594137633437158,Safe
6775,4,M04567,Afternoon,27.5,16.8,89.7,76.1,68.4,83.3,Pass,0.0659368018778627,Safe
5355,21,M05561,Afternoon,39.5,13.5,76.8,75.8,80.5,88.6,Pass,0.0659366153081097,Safe
7196,11,M03982,Afternoon,33.8,16.1,71.5,85.6,75.3,81.7,Pass,0.06593344320765296,Safe
5250,6,M01185,Afternoon,40.5,15.7,90.7,69.4,73.5,68.5,Pass,0.0659303253876751,Safe
5975,8,M02709,Morning,38.0,17.3,84.4,75.8,85.8,73.3,Pass,0.06592942920329577,Safe
480,22,M03975,Afternoon,33.2,17.8,74.4,78.0,83.7,81.0,Pass,0.06592913352199871,Safe
4513,19,M04006,Morning,42.0,16.8,82.4,89.3,75.9,75.4,Pass,0.06592192862141834,Safe
6008,12,M05600,Morning,36.9,13.6,83.1,80.5,66.0,81.2,Pass,0.0659215361814455,Safe
9444,16,M07386,Morning,34.7,15.5,89.9,75.9,83.7,77.9,Pass,0.06591975695318052,Safe
865,14,M08660,Afternoon,36.5,16.9,93.9,84.0,100.0,100.0,Pass,0.06591791382432366,Safe
8329,12,M03350,Night,40.7,17.2,84.6,75.4,72.8,84.2,Pass,0.06591682837278307,Safe
8025,5,M05623,Morning,33.9,17.3,70.5,75.2,76.7,83.4,Pass,0.06591605074308088,Safe
4627,23,M04501,Morning,27.5,16.3,77.3,70.8,90.1,85.5,Pass,0.06591421311486756,Safe
6976,16,M01601,Afternoon,32.3,14.7,78.6,78.4,80.5,82.1,Pass,0.06590906318021009,Safe
6667,24,M08502,Morning,39.0,16.4,92.4,84.2,82.1,74.9,Pass,0.06590600741816922,Safe
3446,22,M07433,Afternoon,32.9,16.1,84.6,91.7,80.5,74.0,Pass,0.06590229568554236,Safe
6499,21,M04373,Morning,37.6,16.9,76.4,79.6,77.9,81.6,Pass,0.06590078873499682,Safe
8418,14,M07849,Afternoon,34.2,15.4,82.7,86.7,79.2,71.9,Pass,0.065900574528338,Safe
1460,13,M02404,Afternoon,39.3,15.7,81.1,75.2,78.9,90.3,Pass,0.06589898545895397,Safe
4384,9,M05919,Afternoon,33.3,15.0,91.7,89.2,79.8,71.8,Pass,0.06589266956103167,Safe
1603,8,M07834,Morning,41.5,14.8,70.7,87.1,73.9,91.2,Pass,0.06589215407817733,Safe
540,14,M05306,Morning,38.1,16.8,77.1,81.9,91.7,89.4,Pass,0.06589141929475943,Safe
5502,21,M07916,Morning,27.6,14.0,82.6,79.5,95.5,85.5,Pass,0.06589093618921436,Safe
3872,24,M06297,Morning,36.2,14.5,81.0,97.1,84.2,78.6,Pass,0.06588946000128088,Safe
7882,6,M08354,Afternoon,35.1,13.1,75.9,94.7,84.1,99.7,Pass,0.06588889491230755,Safe
5214,7,M07371,Night,36.9,17.7,86.8,77.5,86.9,75.6,Pass,0.06588634499658604,Safe
3677,4,M06341,Morning,31.8,15.4,81.7,79.0,83.6,79.5,Pass,0.06588472423795856,Safe
1548,24,M08783,Afternoon,31.1,16.2,88.9,71.6,93.4,68.8,Pass,0.06588306170615842,Safe
7760,21,M09066,Morning,28.2,15.2,82.9,77.4,84.6,85.4,Pass,0.06588154045200476,Safe
928,18,M04821,Afternoon,40.5,16.0,72.2,90.7,100.0,86.8,Pass,0.06587715006027083,Safe
7223,21,M02371,Morning,35.5,13.5,78.3,74.7,80.5,79.0,Pass,0.0658762777405403,Safe
9144,7,M00067,Afternoon,33.3,17.7,94.5,84.1,78.6,69.5,Pass,0.06587417773494642,Safe
3223,13,M05843,Morning,42.1,16.8,78.7,83.7,87.9,82.3,Pass,0.06586982774209892,Safe
7228,7,M04229,Morning,43.6,18.7,83.9,84.2,81.6,81.1,Pass,0.06586902107432974,Safe
1735,8,M03179,Morning,32.1,16.0,79.6,74.5,71.9,74.6,Pass,0.0658673903635615,Safe
7615,14,M02414,Morning,31.8,16.2,83.4,72.4,78.4,89.3,Pass,0.06586618177701879,Safe
4227,10,M05022,Morning,27.7,18.1,77.7,84.6,79.1,75.4,Pass,0.06586512067388313,Safe
8393,2,M02464,Night,33.2,16.4,83.3,78.1,73.5,74.3,Pass,0.06586449070042094,Safe
8458,22,M04948,Morning,40.3,14.6,72.0,74.6,81.1,72.8,Pass,0.06586337031151082,Safe
8535,14,M00033,Afternoon,32.4,17.9,75.7,100.0,70.5,76.6,Pass,0.06586212911816242,Safe
3977,25,M05058,Morning,35.2,13.9,89.4,92.0,100.0,80.4,Pass,0.0658585103518703,Safe
4889,24,M03749,Morning,27.3,18.4,97.3,80.7,92.4,82.9,Pass,0.06585844192370183,Safe
722,24,M08018,Morning,41.2,16.9,83.2,83.2,74.2,84.9,Pass,0.06585627249289547,Safe
5019,10,M07767,Afternoon,33.3,15.1,92.2,80.7,77.5,77.1,Pass,0.06585589493317277,Safe
6933,2,M06684,Afternoon,40.1,17.2,81.4,76.5,78.7,81.6,Pass,0.06585553708900298,Safe
7001,12,M06623,Morning,35.3,15.8,79.3,71.6,80.5,75.2,Pass,0.0658528540613747,Safe
253,14,M01649,Night,36.5,16.0,82.4,77.2,86.3,81.8,Pass,0.06585252699754078,Safe
1845,12,M02876,Night,34.8,15.6,76.9,79.9,88.1,94.2,Pass,0.06584755548788747,Safe
2596,12,M09787,Night,31.4,17.1,81.0,90.5,81.4,81.5,Pass,0.06584455865954421,Safe
4061,7,M05945,Morning,36.9,16.4,80.8,87.2,79.2,82.3,Pass,0.06584068350544152,Safe
1609,11,M03042,Morning,34.8,16.0,75.8,80.2,71.4,88.4,Pass,0.06583784963323064,Safe
2170,20,M09652,Morning,38.5,17.3,75.3,75.7,83.6,76.5,Pass,0.06583116127561245,Safe
3689,15,M05942,Morning,31.4,15.0,90.8,78.6,96.7,89.7,Pass,0.06583068077197468,Safe
3719,10,M06164,Afternoon,37.4,13.3,78.5,83.5,78.5,75.8,Pass,0.06582388685575291,Safe
850,2,M01606,Afternoon,35.1,14.4,75.0,77.0,89.1,82.4,Pass,0.06582276971468366,Safe
8489,13,M02961,Morning,38.5,15.4,82.3,70.8,84.7,72.3,Pass,0.06582077593194585,Safe
2231,1,M03010,Afternoon,39.2,16.2,91.3,73.4,90.9,70.7,Pass,0.0658193247932115,Safe
2348,23,M01930,Morning,36.0,16.2,76.9,83.2,88.9,91.6,Pass,0.06581762136345479,Safe
8978,19,M02710,Afternoon,33.0,16.5,93.1,83.0,79.7,85.8,Pass,0.06581321355281441,Safe
7048,7,M09486,Morning,35.6,13.4,79.7,79.7,83.1,83.6,Pass,0.06580968096293283,Safe
1784,20,M04471,Afternoon,35.5,15.8,78.4,90.6,71.9,77.9,Pass,0.0658080591017296,Safe
7777,13,M00463,Morning,37.5,16.6,75.9,84.7,80.8,83.6,Pass,0.06580594446353816,Safe
9160,16,M03013,Afternoon,32.4,18.6,94.7,83.6,96.3,84.4,Pass,0.06580016790097692,Safe
2229,14,M08552,Morning,37.3,15.8,88.8,76.6,99.2,74.4,Pass,0.06579822217665578,Safe
6334,17,M01224,Afternoon,30.3,15.0,75.3,90.3,75.4,83.9,Pass,0.06579640158973986,Safe
7324,6,M09897,Afternoon,30.9,16.1,96.1,75.9,79.9,86.4,Pass,0.06579532485562545,Safe
8420,4,M05394,Morning,33.9,17.7,79.3,82.2,68.2,85.0,Pass,0.06579429029770922,Safe
3038,15,M06643,Night,34.7,17.3,92.4,87.2,90.9,69.2,Pass,0.06579229704059088,Safe
3442,16,M03948,Afternoon,30.3,18.1,91.3,84.9,97.3,92.5,Pass,0.06579117111637632,Safe
4361,9,M03259,Morning,35.2,14.2,84.9,72.5,86.6,94.1,Pass,0.06579103442283343,Safe
3463,24,M03675,Afternoon,38.9,15.5,83.7,74.5,75.5,67.9,Pass,0.06578910348699171,Safe
9048,18,M00557,Afternoon,29.4,16.0,85.4,77.5,80.5,71.6,Pass,0.06578611928088007,Safe
5989,17,M00157,Afternoon,35.9,14.2,70.7,77.9,74.7,77.8,Pass,0.06578330923623732,Safe
3428,2,M01637,Afternoon,37.8,15.8,90.2,76.9,78.6,75.1,Pass,0.06578237979335254,Safe
4948,7,M07985,Afternoon,30.9,16.1,74.0,70.6,72.4,90.6,Pass,0.06577998372709684,Safe
9096,11,M09951,Night,33.8,16.5,82.4,85.1,78.9,83.4,Pass,0.0657791221119788,Safe
5714,14,M09113,Night,32.8,18.7,87.1,86.9,94.3,83.7,Pass,0.06577883388378773,Safe
6304,4,M00990,Night,34.4,16.9,72.1,83.0,78.4,75.7,Pass,0.06577653311643944,Safe
7885,1,M09851,Morning,31.9,16.6,95.9,73.8,83.7,86.1,Pass,0.06577488317099667,Safe
6003,2,M02906,Night,42.0,17.3,79.7,91.3,77.9,76.8,Pass,0.06577176466784757,Safe
6035,14,M00144,Afternoon,32.0,16.3,72.9,86.9,76.3,77.4,Pass,0.06576857404549272,Safe
5850,20,M00061,Afternoon,35.7,18.2,100.0,92.3,85.5,100.0,Pass,0.06576693052464873,Safe
9683,23,M08495,Morning,33.3,15.0,84.0,76.8,80.0,83.4,Pass,0.065761225334709,Safe
8365,7,M02323,Afternoon,36.1,14.3,83.9,100.0,92.2,100.0,Pass,0.06576051733059896,Safe
4382,10,M07244,Morning,25.0,17.2,78.6,70.4,82.3,72.7,Pass,0.0657582699147739,Safe
9663,18,M08052,Morning,39.1,16.5,80.6,84.9,85.6,76.8,Pass,0.06575755476950952,Safe
1284,5,M04431,Morning,36.6,13.2,79.4,81.1,77.8,72.6,Pass,0.06575690062570722,Safe
8450,2,M07172,Night,42.1,15.0,87.4,75.6,90.4,97.1,Pass,0.0657559153189323,Safe
5704,8,M09217,Morning,40.1,12.7,70.9,86.9,82.0,83.5,Pass,0.06575474662509281,Safe
2269,25,M04876,Morning,35.0,16.9,74.6,73.4,76.1,73.9,Pass,0.06575040721272034,Safe
2832,10,M06575,Afternoon,32.7,14.4,84.3,81.1,88.4,73.9,Pass,0.06574966161755422,Safe
5204,4,M08751,Afternoon,31.3,12.8,80.8,70.4,83.1,70.2,Pass,0.0657490436195405,Safe
9972,10,M09878,Night,35.5,15.1,82.2,72.0,82.3,94.1,Pass,0.06574756669105,Safe
3703,21,M06161,Morning,32.8,16.8,93.9,81.7,73.5,90.1,Pass,0.0657415456840703,Safe
641,25,M06043,Morning,34.1,15.9,92.0,78.4,82.3,77.1,Pass,0.0657386488707603,Safe
1223,2,M08943,Afternoon,34.7,16.5,87.2,76.2,87.3,82.4,Pass,0.06573453770731888,Safe
271,7,M09493,Night,32.9,15.8,82.2,79.8,80.8,78.6,Pass,0.06573115562264452,Safe
8604,5,M05131,Morning,36.8,13.3,100.0,89.4,94.2,87.8,Pass,0.0657177310432999,Safe
4344,20,M07186,Night,35.5,14.9,84.8,68.4,75.8,72.1,Pass,0.06571559895731964,Safe
7461,19,M06371,Afternoon,37.5,16.7,77.5,68.5,80.7,86.9,Pass,0.06571427477148917,Safe
8350,2,M00789,Afternoon,34.9,16.5,97.1,76.8,72.2,78.3,Pass,0.0657128577015866,Safe
903,22,M02825,Morning,35.1,15.3,84.9,94.0,84.2,93.8,Pass,0.06571132146548188,Safe
6996,3,M01621,Afternoon,33.0,17.6,97.0,97.7,80.0,73.3,Pass,0.06570430275654628,Safe
8861,11,M08379,Afternoon,31.3,16.3,100.0,93.6,95.2,90.1,Pass,0.06570268395241481,Safe
6346,17,M04403,Morning,33.7,15.6,90.0,81.5,68.7,72.6,Pass,0.0656994415953665,Safe
3252,24,M08354,Morning,32.5,17.2,100.0,95.7,98.0,79.9,Pass,0.06569937766852925,Safe
4311,6,M09183,Morning,39.3,15.9,91.9,72.9,80.2,88.2,Pass,0.06569753661057638,Safe
7857,6,M03929,Afternoon,36.1,14.6,80.9,82.5,75.4,71.0,Pass,0.0656971555935668,Safe
2412,15,M06901,Morning,40.1,16.0,76.6,84.5,86.7,81.9,Pass,0.06569565826208523,Safe
5625,11,M09382,Morning,38.0,14.1,83.4,84.7,80.1,78.7,Pass,0.0656918751054675,Safe
5267,13,M09083,Morning,35.3,13.8,89.2,75.7,78.8,90.6,Pass,0.0656896707923536,Safe
8351,11,M04946,Night,37.9,15.5,71.8,70.2,86.3,87.2,Pass,0.06567545027349964,Safe
2708,16,M09336,Morning,29.9,16.7,83.7,85.8,86.0,74.8,Pass,0.06567347547241643,Safe
656,22,M01839,Morning,38.0,18.4,86.4,78.7,81.7,74.3,Pass,0.0656733633674774,Safe
6237,12,M03236,Afternoon,29.9,16.1,75.4,87.3,95.1,84.3,Pass,0.0656722027750766,Safe
9418,4,M04186,Morning,38.9,17.3,81.9,74.7,93.7,76.8,Pass,0.06567023697753972,Safe
5978,23,M08778,Morning,29.0,17.4,82.1,75.8,88.4,80.4,Pass,0.0656702210385115,Safe
5438,4,M03297,Night,38.0,15.9,81.3,75.6,84.8,74.4,Pass,0.06566878569496763,Safe
5275,12,M06647,Afternoon,32.0,17.4,92.4,74.2,78.8,72.4,Pass,0.06566485900881328,Safe
9300,20,M05968,Morning,36.3,17.5,83.0,76.6,79.2,87.6,Pass,0.06566346960662177,Safe
5106,2,M04233,Morning,29.1,16.9,95.0,86.8,89.3,89.7,Pass,0.06565883485146964,Safe
6337,10,M06451,Morning,37.3,15.2,82.2,79.8,82.0,83.4,Pass,0.0656580609722708,Safe
3082,3,M09502,Night,37.3,16.1,76.1,72.5,75.4,84.0,Pass,0.06565107298763168,Safe
1704,3,M02279,Afternoon,37.5,13.6,75.9,87.4,80.5,81.8,Pass,0.06564371937830403,Safe
9452,4,M03368,Afternoon,38.0,16.4,78.4,87.0,80.6,80.3,Pass,0.06564227992858981,Safe
4988,1,M00280,Afternoon,32.3,17.8,75.9,77.7,75.3,84.4,Pass,0.06564217070384189,Safe
7315,21,M07423,Morning,25.8,15.2,78.8,88.1,95.7,93.8,Pass,0.06564157575139765,Safe
9985,20,M06335,Night,31.1,15.5,70.8,78.5,76.5,82.3,Pass,0.06564130254415311,Safe
1185,19,M07993,Morning,35.1,17.3,86.4,78.3,83.6,72.2,Pass,0.06563847482002123,Safe
1969,10,M00073,Morning,35.2,16.1,76.1,90.2,86.7,83.4,Pass,0.06563663064010891,Safe
5082,12,M03145,Morning,34.5,15.6,77.4,86.0,75.5,78.8,Pass,0.06563638977194367,Safe
3519,10,M04277,Morning,35.1,15.9,76.4,73.4,75.8,83.0,Pass,0.0656333384700459,Safe
2941,25,M07598,Morning,35.7,17.4,72.0,72.2,79.8,85.3,Pass,0.06562914480919434,Safe
5281,7,M08416,Night,39.2,16.9,82.2,76.4,78.9,90.3,Pass,0.06562702358903467,Safe
2863,12,M01629,Night,39.8,16.2,83.2,83.1,83.8,77.2,Pass,0.0656257656634957,Safe
7907,1,M02225,Morning,37.1,15.7,91.4,93.3,77.7,82.5,Pass,0.06562519228533892,Safe
3145,16,M05790,Morning,41.6,16.0,87.1,85.7,99.2,85.7,Pass,0.06562243700121945,Safe
1102,6,M03452,Night,37.5,15.9,73.7,69.9,79.6,80.1,Pass,0.06562211207085208,Safe
9066,17,M09476,Afternoon,34.9,15.1,93.2,98.4,94.6,77.9,Pass,0.06561990804483293,Safe
3582,15,M00509,Night,38.5,14.7,84.0,94.5,84.6,99.2,Pass,0.0656160534251796,Safe
114,3,M01029,Night,36.8,15.7,81.4,84.6,82.4,80.2,Pass,0.06561407817866248,Safe
8117,22,M03302,Afternoon,32.3,15.7,85.1,69.4,80.5,74.2,Pass,0.06561400836801835,Safe
5287,23,M06560,Night,26.2,16.9,89.4,87.5,70.1,79.6,Pass,0.06561260999095402,Safe
5981,1,M02322,Afternoon,27.0,16.7,86.0,89.2,92.0,82.9,Pass,0.06561217573055242,Safe
7630,21,M08527,Night,34.0,18.6,85.7,93.0,84.3,73.5,Pass,0.06561201763809091,Safe
1532,8,M01981,Afternoon,36.8,14.2,90.2,73.9,79.6,70.9,Pass,0.0656114383606299,Safe
4473,6,M08691,Morning,35.4,15.5,88.9,86.0,81.3,78.0,Pass,0.06560463968480287,Safe
6602,4,M02242,Afternoon,32.9,16.5,92.6,75.0,87.1,95.5,Pass,0.06560377589879667,Safe
4565,23,M09081,Morning,30.5,18.1,79.7,79.3,80.8,80.6,Pass,0.06560306929616655,Safe
5803,2,M07466,Morning,29.0,17.0,70.9,82.6,73.0,83.8,Pass,0.06560080979528501,Safe
529,22,M07267,Morning,28.3,15.7,89.3,78.3,73.7,78.4,Pass,0.06560064438429332,Safe
399,10,M09562,Night,40.4,12.5,79.9,75.4,76.3,93.0,Pass,0.06559488976827076,Safe
4260,7,M04590,Afternoon,36.4,17.4,78.5,84.4,84.9,81.5,Pass,0.0655930364639376,Safe
4215,4,M01858,Afternoon,39.1,16.0,66.3,80.0,85.2,85.0,Pass,0.0655908365302953,Safe
4406,15,M06130,Afternoon,37.3,15.2,67.4,85.6,74.3,81.1,Pass,0.06558577953560542,Safe
1828,25,M07762,Night,32.2,13.2,86.2,68.3,76.9,80.1,Pass,0.06558436787250253,Safe
6627,17,M06131,Night,30.0,16.3,84.6,78.1,80.9,86.2,Pass,0.0655782935183281,Safe
1168,9,M01302,Afternoon,36.4,14.8,89.7,85.9,75.2,75.7,Pass,0.06557562433579626,Safe
3913,4,M01674,Morning,32.6,16.7,81.5,77.0,93.2,75.8,Pass,0.06557466101729409,Safe
1082,7,M04525,Morning,29.9,14.1,77.6,81.4,79.9,68.2,Pass,0.06557284048557051,Safe
5532,23,M03333,Morning,34.0,16.6,89.2,69.4,71.8,70.3,Pass,0.06557175759126517,Safe
7195,10,M09315,Night,39.4,16.5,85.4,70.9,86.6,74.7,Pass,0.06556970109414656,Safe
8970,23,M08149,Morning,28.6,15.3,76.2,80.1,83.9,91.3,Pass,0.06556893008149016,Safe
7076,1,M04570,Morning,32.7,15.7,78.8,78.7,79.6,90.4,Pass,0.06556809518750714,Safe
7353,1,M06861,Afternoon,34.3,16.2,73.9,87.3,77.0,77.3,Pass,0.06556183086388936,Safe
793,5,M00303,Afternoon,41.1,15.7,81.2,72.4,93.5,87.5,Pass,0.06556179901821574,Safe
4994,3,M04770,Afternoon,36.3,15.2,82.6,95.8,79.7,92.3,Pass,0.06555272303916074,Safe
8934,1,M03776,Afternoon,30.2,14.6,82.1,85.9,92.1,97.1,Pass,0.0655521322142825,Safe
7457,25,M03950,Afternoon,34.7,15.7,82.7,73.6,80.9,70.6,Pass,0.06554913485587659,Safe
6991,19,M07980,Night,35.2,16.7,84.9,73.1,83.8,74.4,Pass,0.06554611049006456,Safe
4802,12,M08976,Morning,35.4,18.4,78.2,91.7,94.3,87.9,Pass,0.06554520430831173,Safe
7133,7,M09480,Afternoon,29.9,16.5,84.2,72.6,84.7,87.3,Pass,0.06554363123528116,Safe
9614,22,M09892,Morning,36.5,13.9,84.4,75.1,85.2,77.8,Pass,0.06553532670962453,Safe
5524,3,M01192,Afternoon,32.8,16.3,91.5,100.0,80.8,99.5,Pass,0.06552918045975414,Safe
9513,1,M08954,Morning,25.7,17.4,92.3,72.8,88.1,68.4,Pass,0.06552708436340025,Safe
8573,18,M00013,Morning,32.3,13.8,77.5,86.7,87.9,83.7,Pass,0.06552624608150011,Safe
6616,12,M05740,Afternoon,34.7,16.8,78.2,75.0,83.4,75.1,Pass,0.06552562487694227,Safe
7367,11,M01551,Afternoon,35.2,16.5,75.5,74.0,97.6,80.5,Pass,0.06551736075307607,Safe
2797,24,M00341,Morning,35.2,15.8,80.5,91.5,70.6,84.5,Pass,0.06551721930157169,Safe
8478,17,M03850,Afternoon,31.3,17.3,89.1,93.1,77.8,64.6,Pass,0.06551519039346453,Safe
5195,25,M00920,Morning,30.9,15.3,95.3,89.6,90.4,72.8,Pass,0.06551417513073941,Safe
3160,23,M09780,Morning,33.0,13.6,82.5,99.9,88.6,80.8,Pass,0.06551053728470899,Safe
5906,1,M08093,Afternoon,43.0,15.6,77.5,100.0,91.4,83.1,Pass,0.06550944065437643,Safe
6477,14,M04017,Afternoon,39.4,17.6,82.8,70.3,82.6,89.4,Pass,0.06550833230808596,Safe
1131,18,M08967,Afternoon,39.3,16.0,90.5,100.0,80.2,88.2,Pass,0.06550715793085499,Safe
7981,20,M03582,Morning,37.5,14.8,71.0,89.0,74.9,73.9,Pass,0.06550427591358908,Safe
9325,18,M05042,Morning,36.9,15.6,75.1,76.0,81.8,72.5,Pass,0.06550148990638724,Safe
1472,11,M05353,Afternoon,32.9,17.2,70.6,73.7,75.1,88.4,Pass,0.06549880982107122,Safe
997,19,M02444,Night,28.4,13.0,77.6,81.0,76.1,72.1,Pass,0.06549770252857855,Safe
8144,14,M04567,Morning,35.2,15.3,84.4,75.5,82.1,83.2,Pass,0.06549738022440468,Safe
4749,10,M03723,Morning,25.0,16.7,84.6,76.4,86.8,78.2,Pass,0.06549469132873101,Safe
887,15,M06989,Afternoon,29.4,15.8,92.1,75.5,85.1,79.9,Pass,0.0654894543339355,Safe
8985,22,M09538,Morning,39.3,18.1,78.2,80.7,83.8,83.1,Pass,0.06548804291964021,Safe
3995,17,M03407,Afternoon,37.6,13.7,75.7,91.6,79.8,86.5,Pass,0.0654873809480113,Safe
3136,7,M04728,Afternoon,36.5,15.2,91.0,82.1,71.9,72.8,Pass,0.06548724926365235,Safe
8556,16,M00731,Afternoon,31.4,17.3,71.7,100.0,81.1,86.6,Pass,0.06548621747106038,Safe
773,18,M04778,Morning,32.9,15.0,82.9,78.4,79.3,80.5,Pass,0.06548468881085291,Safe
6835,10,M09800,Night,39.5,16.3,80.4,84.9,69.4,75.5,Pass,0.06548296137447913,Safe
9807,21,M08465,Afternoon,33.9,17.6,91.8,84.1,81.7,66.0,Pass,0.06547681990921696,Safe
5086,15,M07270,Afternoon,27.2,15.5,95.5,88.4,78.0,84.1,Pass,0.0654757025341339,Safe
4964,11,M07702,Afternoon,26.8,15.3,87.1,75.3,72.2,80.7,Pass,0.0654756874571239,Safe
2384,8,M01652,Afternoon,36.9,17.7,74.7,82.8,80.2,77.2,Pass,0.06547257001361309,Safe
1483,9,M07492,Afternoon,33.7,15.3,92.6,96.6,74.7,75.0,Pass,0.06547104352679133,Safe
5425,20,M09960,Afternoon,31.5,15.5,86.0,85.7,74.0,81.4,Pass,0.06546974160998302,Safe
9729,8,M04254,Morning,40.2,16.5,75.7,73.3,83.4,68.6,Pass,0.06546609009120868,Safe
237,10,M08816,Morning,38.2,13.4,89.3,78.2,87.4,80.4,Pass,0.0654637264664933,Safe
2522,24,M05775,Morning,36.1,17.2,89.9,77.5,97.6,79.3,Pass,0.06546299954444318,Safe
7589,17,M05561,Afternoon,33.0,18.3,77.5,86.1,78.5,81.3,Pass,0.0654615091435563,Safe
2501,11,M04625,Night,31.6,16.8,72.1,80.8,80.7,78.7,Pass,0.06546106413926613,Safe
8838,6,M03259,Afternoon,35.4,15.8,87.0,88.9,82.9,80.2,Pass,0.06545885304677038,Safe
4845,2,M07348,Morning,41.0,17.0,80.6,70.7,82.0,68.9,Pass,0.06545843600665643,Safe
5877,1,M00438,Night,36.8,16.8,77.8,85.1,88.6,83.0,Pass,0.06545555252927183,Safe
6716,20,M04935,Afternoon,33.5,15.5,81.2,86.6,72.9,74.6,Pass,0.06545260181322485,Safe
9485,4,M00420,Night,26.7,15.1,83.3,97.5,75.1,75.0,Pass,0.06545127708356314,Safe
537,17,M02157,Night,43.9,15.0,80.3,87.0,76.6,85.6,Pass,0.06544781213372368,Safe
8043,15,M01756,Morning,36.1,14.2,73.1,76.4,78.5,77.2,Pass,0.06544577860253688,Safe
172,8,M01854,Morning,35.0,16.5,78.2,79.3,75.6,83.7,Pass,0.0654426719708879,Safe
8655,12,M08856,Morning,40.0,16.7,92.4,77.5,97.9,95.6,Pass,0.06544183779055164,Safe
3368,14,M05686,Morning,30.9,17.8,74.3,75.7,74.2,93.6,Pass,0.06544177921438611,Safe
2167,17,M00594,Afternoon,35.6,17.4,85.8,83.0,70.8,78.2,Pass,0.06544101876414697,Safe
7279,23,M02554,Night,33.5,17.1,91.0,82.6,73.8,78.7,Pass,0.065435218200116,Safe
1671,10,M08596,Morning,35.1,14.8,78.0,76.8,80.7,89.1,Pass,0.0654321694426932,Safe
640,12,M03776,Morning,31.0,17.2,98.7,100.0,90.2,86.8,Pass,0.06542907638825288,Safe
9050,4,M02581,Afternoon,37.8,13.8,81.1,89.0,66.6,79.9,Pass,0.06542423101974698,Safe
9833,2,M03955,Morning,39.6,16.3,74.2,78.4,86.2,81.3,Pass,0.06542375433058382,Safe
3309,6,M03710,Morning,31.7,14.7,74.6,71.0,80.4,87.3,Pass,0.06542178941297692,Safe
6111,14,M01033,Night,30.5,15.9,87.5,77.9,84.2,77.8,Pass,0.0654201599651391,Safe
5378,10,M04271,Morning,36.1,17.7,81.2,79.3,96.4,79.3,Pass,0.06541698782852728,Safe
9422,12,M01101,Afternoon,40.9,14.4,83.4,79.2,87.5,79.7,Pass,0.0654116967679073,Safe
3944,6,M04928,Morning,33.0,17.2,72.5,84.1,81.7,75.5,Pass,0.06541096150866364,Safe
8867,13,M07433,Afternoon,30.9,16.9,78.7,69.8,79.9,88.7,Pass,0.06540965625857899,Safe
2882,6,M05625,Night,25.9,13.9,88.4,90.0,77.9,88.0,Pass,0.06540947675951211,Safe
7125,10,M07867,Afternoon,33.6,17.8,78.5,83.0,100.0,81.8,Pass,0.06540738568394523,Safe
7344,21,M03544,Afternoon,36.8,16.3,100.0,70.5,74.0,77.3,Pass,0.06540334407817516,Safe
1321,25,M08503,Morning,40.4,15.5,90.1,92.8,76.1,74.5,Pass,0.0654007525037078,Safe
3070,21,M05846,Afternoon,42.2,14.6,83.0,81.2,79.2,76.9,Pass,0.06539474104717671,Safe
7826,25,M02424,Night,34.5,14.1,72.8,86.0,70.5,81.9,Pass,0.06539222826193486,Safe
705,4,M01078,Morning,37.7,17.1,84.1,81.1,74.2,92.0,Pass,0.06538949187087169,Safe
7498,23,M01738,Night,34.9,15.3,90.6,80.3,72.5,69.6,Pass,0.06538297017425221,Safe
7558,22,M03096,Afternoon,28.4,17.1,76.1,72.4,82.2,81.2,Pass,0.06538243776052824,Safe
7289,9,M00393,Night,37.4,16.5,85.5,92.3,93.8,76.0,Pass,0.06538237022524859,Safe
138,11,M01679,Afternoon,37.2,15.9,87.3,83.9,94.0,86.3,Pass,0.06538211780173174,Safe
4783,3,M09209,Afternoon,30.2,15.8,81.5,79.9,82.2,83.3,Pass,0.0653815360479412,Safe
7262,21,M09411,Morning,39.1,14.0,93.1,90.4,98.7,84.9,Pass,0.06537880561683261,Safe
4526,11,M01097,Afternoon,39.7,16.1,70.6,73.1,87.9,86.6,Pass,0.06537713798855951,Safe
7284,24,M05058,Afternoon,26.9,14.8,100.0,83.8,81.4,85.7,Pass,0.06537456582865804,Safe
9550,7,M07127,Night,35.3,15.8,74.2,72.6,75.9,84.9,Pass,0.06537334833278824,Safe
4464,3,M08925,Morning,40.4,16.1,76.7,91.0,91.9,95.6,Pass,0.06537052821847933,Safe
8013,17,M06862,Afternoon,34.0,17.0,90.3,89.3,84.9,85.7,Pass,0.0653671932473306,Safe
131,25,M08756,Afternoon,32.6,13.4,66.3,78.8,81.6,76.9,Pass,0.06536558108876822,Safe
7879,4,M04135,Afternoon,35.3,13.3,87.4,86.1,89.9,73.8,Pass,0.0653635869153305,Safe
8804,25,M09905,Night,36.9,18.3,88.6,75.0,90.6,72.9,Pass,0.06536021065399994,Safe
657,12,M00010,Morning,37.5,14.5,81.6,79.6,88.7,70.8,Pass,0.06535993609890238,Safe
4795,20,M03793,Morning,41.7,15.5,71.3,72.8,83.8,80.6,Pass,0.06535121584096863,Safe
1447,3,M02470,Afternoon,38.4,15.8,74.6,80.2,87.8,73.9,Pass,0.0653472225517775,Safe
8437,7,M05774,Afternoon,30.6,16.8,93.5,93.5,80.2,70.8,Pass,0.06534710006125498,Safe
2447,15,M02015,Morning,38.5,15.6,86.4,77.5,78.6,88.3,Pass,0.06534653851817306,Safe
42,8,M08793,Afternoon,31.7,12.9,92.0,98.9,85.8,80.4,Pass,0.06534635068766831,Safe
1658,24,M04645,Morning,31.6,14.9,81.6,74.3,95.6,98.7,Pass,0.06534242767698475,Safe
4132,20,M04595,Morning,25.0,16.4,94.2,86.2,92.3,83.8,Pass,0.06534184624822938,Safe
3554,18,M01992,Afternoon,36.8,15.8,82.4,70.9,86.8,73.1,Pass,0.06533993578044868,Safe
634,23,M03720,Afternoon,38.0,15.4,69.1,89.5,78.6,81.0,Pass,0.06532832043529936,Safe
8684,9,M00105,Afternoon,38.5,14.8,80.9,78.8,78.3,79.7,Pass,0.06532725791307115,Safe
2408,15,M03921,Morning,38.9,15.9,78.4,78.7,89.4,83.8,Pass,0.065325152533873,Safe
3778,12,M04018,Afternoon,30.5,12.6,76.5,83.0,88.2,78.6,Pass,0.06532406854625955,Safe
1983,25,M09778,Afternoon,31.3,16.0,81.5,69.7,77.4,84.8,Pass,0.06532381867666126,Safe
8342,14,M07084,Afternoon,29.6,15.1,92.6,100.0,82.2,97.2,Pass,0.06532335110048988,Safe
541,10,M06542,Night,31.0,16.9,81.0,79.8,80.3,81.2,Pass,0.06531908851052039,Safe
2724,14,M05375,Afternoon,42.9,15.0,89.9,68.2,83.7,91.3,Pass,0.06531855767487053,Safe
8089,24,M07293,Morning,36.4,13.7,68.7,74.7,84.0,82.3,Pass,0.0653136262716487,Safe
6383,15,M05290,Morning,37.0,15.6,81.1,84.8,90.5,75.1,Pass,0.06530711899927683,Safe
1806,20,M09520,Night,33.5,16.8,84.8,80.1,88.8,79.9,Pass,0.0653024712392239,Safe
8565,20,M03230,Afternoon,36.9,15.0,78.4,75.9,82.0,87.2,Pass,0.0652996826360418,Safe
387,22,M06967,Morning,32.4,17.6,73.0,89.2,94.4,83.2,Pass,0.06529772107605371,Safe
9739,21,M07631,Morning,33.1,15.9,84.9,87.9,98.3,100.0,Pass,0.0652962217519239,Safe
8241,7,M07805,Afternoon,36.6,16.8,88.0,93.6,93.9,85.8,Pass,0.06529404907308665,Safe
7093,7,M01646,Afternoon,29.7,16.6,74.4,85.9,82.7,83.2,Pass,0.06529312806875837,Safe
1281,4,M07125,Afternoon,28.7,17.2,87.3,75.9,82.3,79.2,Pass,0.0652891639181711,Safe
812,16,M07674,Night,34.5,12.9,92.2,75.4,96.4,73.3,Pass,0.06528889821953703,Safe
2945,17,M02310,Night,35.3,14.2,74.4,89.3,77.2,81.9,Pass,0.06528494002297881,Safe
2204,23,M09224,Morning,32.6,14.0,79.8,88.1,80.9,86.1,Pass,0.06528302271278238,Safe
3007,7,M02661,Night,30.5,13.5,92.2,71.8,71.7,76.7,Pass,0.06528210507181238,Safe
8516,16,M04702,Morning,38.0,13.3,85.5,99.6,92.0,82.5,Pass,0.06527838768074387,Safe
1961,8,M02350,Morning,33.0,16.5,82.1,71.9,85.4,75.5,Pass,0.0652769148001484,Safe
9198,2,M05874,Night,37.8,15.6,74.3,79.9,82.6,94.7,Pass,0.06527644976771184,Safe
8179,5,M03934,Morning,32.5,15.3,85.8,81.2,83.5,74.2,Pass,0.06527265152425406,Safe
6971,15,M04535,Morning,31.0,17.5,90.2,77.7,74.2,74.2,Pass,0.06526876755105122,Safe
7086,13,M01469,Morning,33.2,16.0,74.4,80.5,77.6,75.1,Pass,0.0652678589802316,Safe
5361,5,M00814,Afternoon,35.8,13.6,93.7,83.5,82.7,74.8,Pass,0.06526128036744942,Safe
8553,2,M04145,Afternoon,36.2,15.6,80.0,79.7,71.2,85.1,Pass,0.06525784466115335,Safe
2782,11,M08334,Night,37.6,16.7,84.2,83.6,85.9,80.1,Pass,0.06525727754105506,Safe
3207,7,M08663,Night,30.9,15.6,81.5,69.4,83.1,87.8,Pass,0.06525496535828651,Safe
2925,15,M03700,Morning,34.8,15.5,89.0,74.1,82.8,85.7,Pass,0.06524152997866625,Safe
4658,18,M06050,Afternoon,37.7,14.7,78.2,68.6,75.3,75.2,Pass,0.06523743817204491,Safe
1337,4,M07070,Morning,32.3,16.5,74.4,86.5,86.8,92.9,Pass,0.06523332630440451,Safe
8882,10,M00560,Afternoon,30.0,18.2,84.3,91.3,75.7,73.1,Pass,0.06523329487007092,Safe
4534,10,M00271,Morning,38.6,15.3,80.9,81.5,80.8,84.7,Pass,0.06523180961399856,Safe
3633,7,M01000,Afternoon,31.7,14.7,76.6,79.3,80.6,84.1,Pass,0.0652270635921188,Safe
7869,24,M03386,Morning,34.5,15.9,81.5,81.8,88.9,74.3,Pass,0.06522189322213824,Safe
1382,24,M07215,Morning,31.8,16.3,86.6,78.5,82.0,73.8,Pass,0.06522149456933475,Safe
8453,3,M05167,Afternoon,33.9,14.9,85.0,92.5,100.0,96.6,Pass,0.0652192693092814,Safe
241,13,M04549,Night,30.9,18.1,84.7,78.0,82.1,83.8,Pass,0.0652191048225757,Safe
3028,10,M07167,Afternoon,33.7,15.2,74.4,85.5,81.7,67.6,Pass,0.06521820688859711,Safe
1247,22,M04198,Morning,39.3,15.0,77.3,86.8,83.1,87.2,Pass,0.06521372944509776,Safe
6487,22,M09175,Night,31.2,15.1,74.4,70.7,84.6,82.4,Pass,0.06521321552410461,Safe
1579,20,M09760,Afternoon,39.1,13.9,81.9,91.9,80.0,77.3,Pass,0.06521088401474001,Safe
6007,16,M06482,Afternoon,31.6,18.0,75.7,78.9,80.7,81.3,Pass,0.065210230857406,Safe
8819,6,M04891,Afternoon,30.8,18.8,91.2,99.9,96.4,83.0,Pass,0.06520817658317489,Safe
5825,9,M07326,Morning,31.7,17.6,82.6,79.0,82.1,73.3,Pass,0.06520563064755507,Safe
5462,13,M07081,Morning,36.6,16.3,90.8,75.1,85.0,91.8,Pass,0.06519698261808012,Safe
263,6,M04974,Morning,36.8,15.1,86.4,82.6,73.1,75.7,Pass,0.06519491584773411,Safe
2667,25,M00393,Morning,36.5,15.8,70.6,81.7,78.8,74.8,Pass,0.06519323347915608,Safe
8509,7,M01313,Night,30.3,16.1,76.8,77.1,68.5,75.9,Pass,0.06519269205362235,Safe
3172,11,M05586,Morning,25.0,15.3,82.0,90.9,83.0,86.5,Pass,0.06519162360381948,Safe
3669,14,M06262,Morning,37.8,15.7,89.1,81.4,84.7,75.7,Pass,0.06518653019189595,Safe
5778,6,M04285,Morning,33.1,12.6,80.3,76.3,75.8,79.4,Pass,0.06518390986113266,Safe
1880,6,M00964,Afternoon,33.2,15.1,82.7,87.2,85.1,77.2,Pass,0.0651817367719358,Safe
3873,21,M02592,Morning,40.7,17.0,94.6,90.8,85.7,93.9,Pass,0.06517534062721797,Safe
3438,16,M09136,Afternoon,32.1,16.5,76.6,70.8,75.9,89.4,Pass,0.06517487239104848,Safe
2258,25,M05947,Afternoon,31.2,16.5,68.0,74.8,77.6,89.3,Pass,0.06517075384145767,Safe
2842,25,M08612,Night,39.8,16.3,69.4,94.5,83.8,85.5,Pass,0.06516126862021666,Safe
914,25,M02636,Afternoon,25.0,13.3,83.3,77.1,76.9,74.2,Pass,0.06516052094693604,Safe
9983,24,M05498,Morning,34.2,15.5,86.3,82.7,80.5,63.9,Pass,0.06515543179395195,Safe
9094,3,M07397,Afternoon,34.3,15.7,93.1,86.1,99.2,91.9,Pass,0.06514793805099656,Safe
6354,5,M03020,Afternoon,30.8,17.2,79.9,74.8,72.3,73.8,Pass,0.06514378308231858,Safe
4267,2,M04146,Afternoon,30.4,13.5,82.5,83.9,81.8,99.4,Pass,0.06514182147357232,Safe
766,20,M04189,Afternoon,38.8,18.0,86.2,80.6,75.4,79.6,Pass,0.06513999263655584,Safe
7138,17,M07283,Afternoon,39.7,16.4,72.1,77.5,83.1,74.3,Pass,0.06513676620556492,Safe
4557,2,M08186,Afternoon,36.6,15.8,87.8,68.9,80.3,75.1,Pass,0.06513311092395244,Safe
5611,23,M02221,Morning,36.6,15.3,73.1,75.9,78.5,80.8,Pass,0.06513299976282971,Safe
682,14,M01461,Morning,29.5,16.0,92.5,92.2,95.4,77.2,Pass,0.06513059525392884,Safe
4427,12,M06752,Morning,34.5,17.6,83.7,71.8,82.6,76.0,Pass,0.06512375471528854,Safe
4653,8,M01016,Afternoon,31.1,15.6,80.3,81.7,96.0,77.3,Pass,0.06512213004383909,Safe
7659,5,M05989,Afternoon,25.9,14.9,96.5,76.5,89.7,83.1,Pass,0.06512120495376096,Safe
2422,11,M03332,Morning,33.1,18.2,75.5,90.4,77.4,83.0,Pass,0.06511947688182207,Safe
1181,7,M01623,Night,35.3,16.0,77.0,81.2,68.1,78.8,Pass,0.06511765665001203,Safe
4238,19,M05048,Night,33.9,15.3,72.6,69.9,84.1,90.6,Pass,0.06511463765100141,Safe
847,18,M09505,Morning,34.3,17.3,79.6,75.2,79.3,89.0,Pass,0.06511387295448685,Safe
6688,19,M09027,Morning,37.1,13.0,78.1,95.1,78.2,76.7,Pass,0.06511118185832361,Safe
9658,1,M07023,Morning,38.4,14.0,84.8,74.0,75.7,88.1,Pass,0.0651074790890393,Safe
7047,18,M00075,Afternoon,33.3,17.6,83.4,78.2,78.8,72.3,Pass,0.0651029295788219,Safe
3477,22,M09257,Night,38.4,17.6,84.8,87.6,74.1,83.1,Pass,0.06509968051061799,Safe
3315,23,M03719,Morning,25.3,16.7,73.9,95.3,78.0,81.2,Pass,0.06509157415968841,Safe
9215,10,M09002,Morning,39.9,16.3,77.9,88.4,74.9,82.4,Pass,0.06508958417816263,Safe
7666,9,M03552,Morning,40.1,15.4,80.8,82.9,80.4,78.8,Pass,0.06508928277563059,Safe
250,17,M06296,Night,27.9,18.5,88.4,82.6,91.8,69.2,Pass,0.0650873771810065,Safe
5775,1,M00229,Morning,30.5,16.3,89.9,90.5,95.6,82.1,Pass,0.06508682488750533,Safe
7532,7,M05357,Morning,32.2,18.3,79.3,76.5,84.1,76.9,Pass,0.06508562388656328,Safe
8115,6,M06844,Afternoon,33.2,18.3,82.2,72.7,71.8,85.5,Pass,0.06508507108379477,Safe
2566,16,M00259,Morning,33.6,17.9,80.0,90.9,77.3,75.8,Pass,0.06508381670257961,Safe
8746,4,M08299,Afternoon,36.1,15.6,81.3,68.8,85.7,67.7,Pass,0.06507727064680473,Safe
8531,9,M09780,Night,37.8,18.1,79.7,84.0,82.8,80.8,Pass,0.06506887315065985,Safe
7325,21,M08185,Morning,42.0,16.8,84.3,81.1,96.3,83.5,Pass,0.06506409775852968,Safe
2534,14,M03971,Morning,29.5,16.6,73.8,95.7,81.2,88.9,Pass,0.06506231090924781,Safe
4599,11,M02012,Afternoon,31.7,17.7,75.6,82.5,72.0,71.2,Pass,0.06506143709059098,Safe
8480,24,M09174,Night,34.8,15.2,76.6,72.7,82.5,85.2,Pass,0.06506076541489364,Safe
2955,17,M08316,Night,33.9,16.7,82.1,78.6,77.2,76.2,Pass,0.06506073964423525,Safe
5665,5,M00383,Afternoon,33.5,15.7,82.2,100.0,75.7,98.5,Pass,0.06506000148655156,Safe
5685,13,M03151,Morning,35.6,15.0,80.6,94.0,89.3,91.1,Pass,0.06505856737359676,Safe
217,20,M01987,Morning,31.8,19.1,88.9,78.6,71.3,81.6,Pass,0.06505100894938341,Safe
1165,20,M01305,Morning,39.9,18.5,95.1,76.3,100.0,86.2,Pass,0.06504684838899215,Safe
2393,6,M02011,Afternoon,40.6,17.8,89.1,93.7,82.5,82.6,Pass,0.06504483859127769,Safe
3358,23,M09916,Morning,36.8,17.2,87.4,85.8,96.2,100.0,Pass,0.06504245101326538,Safe
5884,8,M06679,Night,36.0,15.0,96.5,80.7,81.3,69.0,Pass,0.06504162561970482,Safe
4429,25,M01757,Morning,35.2,16.5,78.8,76.8,79.9,77.7,Pass,0.06503525630870448,Safe
1986,16,M02429,Morning,44.7,17.5,88.6,83.7,90.4,99.2,Pass,0.06503468640487516,Safe
2732,22,M00779,Afternoon,37.4,14.3,86.7,74.2,76.4,68.7,Pass,0.06503196136571415,Safe
4541,16,M09904,Morning,37.4,14.4,83.0,100.0,82.7,95.1,Pass,0.06502726881744099,Safe
3692,23,M06548,Afternoon,35.3,16.9,82.0,73.9,92.3,84.5,Pass,0.06502694183524745,Safe
6345,24,M04278,Afternoon,40.9,16.2,83.0,77.1,67.1,76.0,Pass,0.06502285814469659,Safe
7946,13,M04543,Morning,35.2,14.4,85.0,72.5,72.4,70.4,Pass,0.06502148458664565,Safe
7097,2,M00768,Night,33.7,15.4,75.3,77.6,74.3,70.3,Pass,0.06501687560625255,Safe
3781,6,M01135,Morning,29.6,16.9,83.6,69.3,89.9,91.3,Pass,0.06501083555746169,Safe
4109,3,M03760,Night,33.3,15.0,98.3,83.2,80.0,69.5,Pass,0.06500797337618358,Safe
3601,1,M02231,Morning,38.3,18.1,82.0,75.8,88.9,84.2,Pass,0.06500299035101044,Safe
1390,12,M07313,Afternoon,28.3,14.9,70.7,92.4,79.0,81.2,Pass,0.06500037747697107,Safe
694,3,M07940,Morning,37.5,16.5,84.9,100.0,83.3,81.9,Pass,0.06499548240114979,Safe
6524,15,M09233,Morning,38.6,15.9,89.4,87.0,78.9,70.0,Pass,0.06498890793885538,Safe
7618,18,M04499,Afternoon,35.1,17.3,75.4,78.9,91.0,85.7,Pass,0.06498813443757509,Safe
9922,17,M01844,Night,43.0,15.0,88.8,77.9,79.3,93.9,Pass,0.06498598397661923,Safe
2069,9,M04260,Morning,36.3,16.6,89.6,79.2,96.9,87.1,Pass,0.06497973468641857,Safe
1322,22,M08931,Morning,30.0,15.6,74.3,84.0,80.6,95.2,Pass,0.06497646571843887,Safe
1311,6,M04279,Morning,30.9,14.9,72.3,68.4,86.9,75.7,Pass,0.0649745156300048,Safe
7763,6,M08649,Morning,31.7,17.9,84.3,80.4,67.8,76.4,Pass,0.06497322585821422,Safe
9693,12,M08905,Morning,36.0,15.8,77.5,92.2,69.1,83.0,Pass,0.0649726418493515,Safe
4328,25,M09719,Night,34.8,16.1,80.6,77.3,79.5,88.5,Pass,0.06497083036857278,Safe
7252,13,M05840,Night,33.9,18.8,82.3,87.1,87.6,74.8,Pass,0.06497027232890457,Safe
9498,17,M01655,Afternoon,28.5,14.5,81.0,76.8,88.8,75.6,Pass,0.06496670494055486,Safe
6867,24,M05786,Morning,39.0,14.7,83.1,90.6,77.1,75.5,Defect,0.06496664939252599,Safe
1944,25,M00988,Afternoon,37.7,16.0,94.1,84.5,92.1,91.6,Pass,0.06496576673481239,Safe
5416,6,M06684,Morning,38.1,17.4,81.3,75.5,79.8,91.2,Pass,0.06496189195371467,Safe
604,14,M00134,Morning,30.4,15.7,74.1,76.3,74.6,74.6,Pass,0.06495691362170077,Safe
8425,25,M09426,Morning,33.3,15.3,68.9,94.5,80.0,78.1,Pass,0.06495430228704796,Safe
5280,13,M09628,Morning,35.7,14.8,78.8,74.0,72.5,91.2,Pass,0.06494935927584289,Safe
4824,9,M04671,Morning,38.8,18.5,73.4,85.3,76.8,89.8,Pass,0.06494665425374019,Safe
1846,25,M05593,Morning,29.8,17.6,78.1,76.2,78.0,86.9,Pass,0.06494612830590298,Safe
3687,18,M06359,Night,26.9,18.3,74.6,78.3,74.6,82.5,Pass,0.06493705677155823,Safe
945,19,M09185,Morning,35.8,14.1,78.6,77.1,73.1,73.8,Pass,0.06493616752720635,Safe
684,5,M07141,Afternoon,37.8,15.2,87.7,80.0,84.1,75.6,Pass,0.06493569003132389,Safe
3681,24,M07847,Night,36.7,17.3,81.2,72.1,87.0,76.1,Pass,0.06493524276040792,Safe
7867,8,M00133,Morning,35.5,17.5,75.1,75.9,83.4,76.6,Pass,0.06493369997722655,Safe
5131,5,M07834,Afternoon,35.1,14.1,80.7,76.9,88.9,75.0,Pass,0.06493087357242032,Safe
4348,24,M01933,Afternoon,38.2,17.2,75.0,80.5,77.2,67.9,Pass,0.0649304371373078,Safe
6686,6,M09323,Morning,30.6,15.6,88.0,85.0,85.6,72.6,Pass,0.06492961468822914,Safe
7347,9,M02264,Afternoon,28.3,13.5,82.2,75.8,89.5,69.1,Pass,0.06492954180356546,Safe
1990,12,M05292,Afternoon,29.9,15.5,79.7,64.3,80.0,84.2,Pass,0.06492642263003603,Safe
4728,5,M01658,Night,25.0,16.7,77.8,89.3,96.6,82.4,Pass,0.06492429188095362,Safe
620,24,M08054,Afternoon,39.6,16.2,80.7,71.6,79.0,68.5,Pass,0.0649233345517518,Safe
1680,10,M09466,Afternoon,34.0,16.2,83.0,77.6,73.5,71.6,Pass,0.06492271966786693,Safe
1346,5,M02034,Afternoon,30.9,13.5,100.0,96.2,84.3,90.6,Pass,0.06492251669388956,Safe
5486,22,M06116,Night,41.8,13.1,79.4,82.2,76.3,77.2,Pass,0.06491833713072777,Safe
3065,4,M08183,Afternoon,36.1,14.8,75.0,82.2,80.9,66.1,Pass,0.06491808842261923,Safe
1289,1,M01522,Morning,35.5,15.6,81.5,76.1,71.8,77.0,Pass,0.06491779531125944,Safe
2378,14,M08624,Night,31.6,15.4,80.4,94.5,84.9,86.1,Pass,0.06491663746082053,Safe
3196,25,M02625,Afternoon,40.5,14.4,89.2,89.6,76.4,74.1,Pass,0.06491505760950038,Safe
5506,23,M08237,Morning,39.2,15.1,68.0,83.7,95.1,84.0,Pass,0.0649139516432514,Safe
5822,23,M02602,Afternoon,38.4,17.2,81.9,91.2,85.8,74.1,Pass,0.06491170701152617,Safe
2330,4,M03084,Morning,34.1,15.1,84.5,100.0,87.5,79.4,Pass,0.06490856348100729,Safe
1356,17,M08057,Night,38.2,14.6,74.2,78.7,76.2,75.5,Pass,0.06490434295921925,Safe
9291,18,M03410,Afternoon,32.2,13.0,78.6,88.1,78.6,88.0,Pass,0.06490394330960625,Safe
649,5,M01582,Night,31.5,15.7,81.3,85.8,76.2,81.0,Pass,0.06490267836706208,Safe
1083,2,M09693,Afternoon,36.3,16.4,86.7,75.6,79.1,84.7,Pass,0.06490146472684892,Safe
7418,13,M09488,Morning,32.3,16.2,67.5,89.4,84.6,79.8,Pass,0.06489644347130487,Safe
7363,4,M05096,Afternoon,30.8,15.3,77.1,78.3,71.1,75.9,Pass,0.06489568441483166,Safe
9040,20,M09380,Morning,35.6,16.9,71.5,94.3,80.7,71.7,Pass,0.0648923683771525,Safe
1415,21,M03973,Afternoon,36.8,15.6,74.3,91.7,82.3,74.7,Pass,0.06488445281471213,Safe
9356,21,M01672,Night,30.6,16.1,95.5,76.9,67.7,81.0,Pass,0.06488445043916632,Safe
661,16,M07419,Morning,41.5,14.2,76.9,68.9,82.1,96.6,Pass,0.0648844345723301,Safe
1582,3,M08921,Morning,35.9,15.7,91.6,80.1,95.4,68.3,Pass,0.06488349711200614,Safe
8423,9,M03176,Morning,31.9,14.2,81.1,78.4,87.3,90.6,Pass,0.06488250652685774,Safe
956,21,M01203,Morning,28.5,14.3,84.5,97.3,92.8,86.8,Pass,0.06488232824214825,Safe
7437,13,M02861,Morning,35.0,15.1,88.5,96.7,79.6,75.9,Pass,0.0648774381430441,Safe
9790,10,M01119,Morning,36.0,14.9,82.6,74.9,82.1,67.4,Pass,0.06487409662284736,Safe
1906,10,M01799,Morning,32.9,16.3,94.5,85.1,78.6,84.4,Pass,0.06487181519426845,Safe
1739,22,M03569,Morning,25.2,16.2,77.9,76.7,80.8,65.9,Pass,0.06486886827558977,Safe
8363,17,M09575,Morning,36.4,14.8,89.2,80.5,71.8,68.1,Defect,0.06486534695934704,Safe
4020,25,M00671,Morning,32.9,16.7,72.9,81.6,82.8,67.6,Pass,0.06486409767568253,Safe
5631,21,M04662,Night,33.1,17.2,81.0,70.7,90.8,84.7,Pass,0.06485677347354862,Safe
9431,20,M04783,Night,42.2,15.3,84.5,85.5,76.1,80.2,Pass,0.06485431467293885,Safe
3935,16,M09138,Morning,32.6,14.8,91.0,90.3,86.7,86.0,Pass,0.06484967292899581,Safe
4972,1,M07241,Night,39.3,16.8,79.7,78.0,86.6,78.2,Pass,0.06484757178872784,Safe
748,6,M04301,Afternoon,33.6,14.5,89.3,87.1,81.2,69.7,Pass,0.06484724969811734,Safe
6581,12,M00989,Night,28.6,17.7,78.7,79.0,67.4,86.1,Pass,0.06484538391427311,Safe
5659,9,M06005,Night,33.4,15.0,87.4,85.3,79.0,78.5,Pass,0.06484092989604706,Safe
5967,6,M02884,Night,38.7,15.2,79.1,74.7,90.7,91.6,Pass,0.06483974492850902,Safe
9202,15,M03696,Afternoon,38.4,16.7,78.5,79.6,73.9,75.9,Pass,0.06483763305481584,Safe
4997,6,M06136,Morning,30.3,15.4,82.8,100.0,75.4,88.3,Pass,0.0648324824633101,Safe
3214,12,M09121,Afternoon,35.8,14.9,75.7,82.4,79.4,85.6,Pass,0.06483059529863254,Safe
2055,1,M08326,Night,34.4,15.6,79.3,85.6,76.3,96.9,Pass,0.06482789096015487,Safe
1785,22,M07176,Afternoon,32.4,16.6,75.7,68.9,86.3,90.8,Pass,0.06482478167516043,Safe
9933,24,M06891,Morning,32.1,16.4,75.2,71.9,91.7,77.4,Pass,0.0648241136514409,Safe
2818,8,M03629,Morning,35.7,15.3,94.2,78.7,74.5,83.4,Pass,0.06482316481895725,Safe
1629,5,M09300,Morning,28.4,16.7,80.0,79.5,83.2,68.9,Pass,0.06482225064000967,Safe
3857,22,M02033,Morning,39.9,16.7,80.0,77.9,73.6,76.0,Pass,0.06482161187021362,Safe
6169,8,M03733,Morning,33.6,17.3,81.1,71.6,72.4,74.0,Pass,0.06481942449412821,Safe
6015,20,M08835,Afternoon,34.4,16.8,84.2,87.8,77.7,71.8,Pass,0.06481334975564323,Safe
8769,19,M08979,Morning,39.8,18.3,76.7,79.6,92.1,87.9,Pass,0.0648117905942187,Safe
1964,24,M01126,Morning,43.0,16.8,90.9,79.4,82.3,87.1,Pass,0.06481157347440947,Safe
5986,25,M02121,Morning,33.3,17.9,94.6,100.0,77.1,87.7,Pass,0.06480755429858431,Safe
501,13,M02144,Afternoon,40.9,15.8,73.9,77.6,84.9,80.3,Pass,0.06480268512004407,Safe
2286,1,M06580,Morning,40.2,15.4,84.4,71.4,79.5,66.3,Pass,0.06480006586939496,Safe
7190,16,M06214,Afternoon,27.9,16.0,81.3,73.8,92.0,98.8,Pass,0.06480001068977402,Safe
4121,11,M08491,Morning,36.5,18.1,91.9,78.7,72.6,70.6,Pass,0.06479975964586164,Safe
5070,14,M05969,Morning,31.8,17.2,83.1,76.7,79.2,87.1,Pass,0.0647982961384128,Safe
9988,17,M09583,Morning,37.8,15.3,80.5,100.0,88.4,85.3,Pass,0.06479429857534781,Safe
7934,14,M09844,Morning,34.1,14.5,96.0,87.4,81.0,87.7,Pass,0.06479320183030514,Safe
7118,11,M02706,Morning,32.9,14.9,83.2,79.7,82.9,79.0,Pass,0.06479059329725823,Safe
9312,18,M07744,Morning,34.0,17.0,82.2,98.7,92.4,87.3,Pass,0.0647856661951233,Safe
6504,9,M00998,Morning,32.6,15.2,72.9,80.8,75.7,72.7,Pass,0.0647807707464218,Safe
5829,22,M04369,Morning,32.6,16.9,88.5,90.6,78.4,73.1,Pass,0.06477888022536651,Safe
8303,10,M03723,Afternoon,32.8,15.3,79.9,82.1,81.9,82.2,Pass,0.0647757246727983,Safe
8449,12,M06792,Morning,36.3,13.5,83.9,80.1,100.0,86.3,Pass,0.0647752091152398,Safe
6808,1,M07211,Afternoon,37.5,14.7,82.7,69.2,85.7,84.4,Pass,0.06476874413060431,Safe
2236,19,M09833,Afternoon,32.6,16.6,92.1,81.3,72.2,76.6,Pass,0.0647633934255421,Safe
8639,4,M00910,Afternoon,34.1,12.7,96.7,93.4,95.8,83.9,Pass,0.06476251768130778,Safe
4465,18,M09941,Afternoon,30.0,17.0,96.2,82.7,74.4,76.1,Pass,0.0647598410323617,Safe
2253,20,M00522,Afternoon,30.8,15.0,78.8,86.8,72.7,94.5,Pass,0.06475905796206875,Safe
3411,14,M00930,Afternoon,29.3,17.7,88.4,86.1,100.0,94.7,Pass,0.06475890685815083,Safe
9334,17,M01678,Afternoon,42.5,14.6,80.9,80.3,83.9,71.7,Pass,0.06475429331453167,Safe
2576,20,M03691,Afternoon,41.0,17.0,100.0,94.0,89.7,84.3,Pass,0.06474928405561763,Safe
247,2,M02256,Afternoon,35.9,14.7,82.0,87.1,83.1,74.4,Pass,0.06474523154063423,Safe
9355,16,M01869,Morning,35.0,13.4,73.4,71.4,83.5,79.7,Pass,0.06474417141843351,Safe
4140,20,M00992,Afternoon,30.7,15.7,86.1,94.0,79.5,92.1,Pass,0.06473800716297848,Safe
2633,23,M06764,Morning,32.1,12.8,78.3,76.7,71.0,77.6,Pass,0.06473793723634726,Safe
9906,2,M05746,Morning,40.3,18.8,89.3,95.2,93.9,91.7,Pass,0.06473581000992062,Safe
8078,11,M02935,Afternoon,40.7,13.4,84.3,81.3,97.1,85.3,Pass,0.06472912895277694,Safe
6065,3,M07068,Morning,34.4,16.3,77.3,76.2,75.4,78.7,Pass,0.06472792510582746,Safe
6338,6,M06521,Morning,34.4,16.7,75.1,89.5,88.7,74.5,Pass,0.06472020917650373,Safe
8088,11,M03672,Afternoon,30.2,15.3,97.2,86.8,79.0,85.3,Pass,0.06471552119332713,Safe
2030,7,M06258,Afternoon,40.6,15.4,84.3,83.9,77.0,72.9,Pass,0.06471411794389688,Safe
3984,16,M09448,Morning,30.9,15.6,77.7,77.0,75.1,81.2,Pass,0.06471261244450592,Safe
6768,21,M06637,Morning,37.6,16.0,84.9,71.8,70.7,81.1,Pass,0.06470889524776012,Safe
4065,19,M06860,Night,33.9,16.3,67.5,76.3,84.9,82.5,Pass,0.06470875890959808,Safe
9855,8,M05665,Night,37.6,16.0,82.2,78.6,89.1,89.9,Pass,0.06470847926141526,Safe
6922,11,M04142,Morning,38.0,16.8,79.9,76.5,73.8,87.4,Pass,0.06470826559212021,Safe
791,1,M01277,Morning,31.6,13.7,89.2,76.9,78.2,82.7,Pass,0.06470717280644707,Safe
6279,8,M05482,Night,40.6,16.2,79.1,69.2,78.9,77.8,Pass,0.06470620057186798,Safe
6016,8,M05995,Night,37.2,15.8,81.1,89.1,80.3,75.1,Pass,0.06470566226683504,Safe
6720,5,M03881,Morning,35.4,16.6,83.6,76.3,91.0,80.9,Pass,0.0647054952678833,Safe
4133,9,M09142,Afternoon,41.3,15.3,83.1,83.0,84.0,71.7,Pass,0.06470439165989235,Safe
8797,11,M05828,Morning,38.0,17.7,90.3,80.9,95.7,94.2,Pass,0.06469533206673117,Safe
3140,25,M03702,Morning,35.1,13.2,81.5,76.0,87.5,83.5,Pass,0.0646930065063127,Safe
3056,20,M02385,Night,30.0,14.3,87.3,75.5,78.7,78.4,Pass,0.0646915345762973,Safe
414,13,M03673,Afternoon,32.9,17.3,91.7,90.3,95.8,82.4,Pass,0.0646890478436352,Safe
2603,17,M07834,Afternoon,39.1,17.7,75.2,84.7,79.4,77.3,Pass,0.0646885920884376,Safe
926,21,M06942,Morning,43.5,14.9,90.0,75.6,92.1,78.0,Pass,0.06468778127413331,Safe
4607,17,M08924,Night,35.8,18.4,84.1,73.2,71.2,76.4,Pass,0.06468720823160075,Safe
2714,1,M06817,Morning,37.5,16.9,86.5,79.3,93.9,83.2,Pass,0.06468441005231383,Safe
8426,16,M09630,Morning,31.9,13.5,81.6,71.8,76.9,94.6,Pass,0.06468253644711147,Safe
9835,11,M08253,Morning,33.4,15.3,75.9,73.8,85.2,100.0,Pass,0.06468098576871008,Safe
1237,12,M00061,Night,35.3,16.0,84.5,75.6,91.8,85.0,Pass,0.06467981742711224,Safe
238,15,M09209,Morning,39.9,18.2,87.2,83.2,98.9,76.5,Pass,0.06467804942897684,Safe
7692,23,M04657,Night,36.8,16.0,80.1,80.4,87.3,72.4,Pass,0.06467638085697991,Safe
3128,22,M07356,Morning,35.4,15.7,86.3,71.8,76.2,75.5,Pass,0.06467559205236956,Safe
2078,20,M01049,Afternoon,32.3,14.5,98.9,85.1,86.5,84.0,Pass,0.06467538967539282,Safe
1674,2,M06676,Night,35.3,16.9,90.8,76.5,71.9,66.1,Pass,0.064672572088205,Safe
2368,17,M00594,Afternoon,32.2,16.6,76.9,78.9,73.6,83.5,Pass,0.06467216350718417,Safe
3761,4,M00370,Morning,38.6,15.2,73.6,78.5,68.1,79.5,Pass,0.06467210806080854,Safe
4166,19,M04997,Morning,37.1,14.2,82.6,100.0,94.6,86.4,Pass,0.06466951999226823,Safe
9128,14,M06218,Afternoon,40.1,16.9,74.2,89.7,91.1,76.8,Pass,0.06466710528415408,Safe
8446,9,M03759,Afternoon,37.0,16.0,73.7,79.8,75.1,73.0,Pass,0.06466339791608125,Safe
2953,1,M05669,Afternoon,34.7,16.5,82.0,93.4,100.0,88.5,Pass,0.0646597800329445,Safe
3717,7,M08346,Morning,31.6,16.9,84.6,85.2,97.8,78.6,Pass,0.06464367451049789,Safe
2409,6,M08187,Night,33.9,13.5,78.3,79.1,75.7,85.6,Pass,0.06464167344420928,Safe
3389,18,M04959,Morning,37.2,14.3,93.7,100.0,93.3,90.4,Pass,0.06463955894651902,Safe
1120,10,M09504,Morning,39.8,16.3,87.8,86.5,97.0,70.9,Pass,0.06463746302040406,Safe
6661,7,M00152,Afternoon,37.6,17.3,88.9,76.9,75.6,85.5,Pass,0.0646369727053025,Safe
6402,13,M09267,Night,38.7,16.3,88.9,90.4,78.4,72.3,Pass,0.0646358067929323,Safe
8666,5,M03089,Afternoon,36.3,13.8,74.7,77.3,81.1,84.3,Pass,0.0646324436201577,Safe
1448,25,M04796,Night,34.3,14.2,74.2,71.0,73.9,80.7,Pass,0.06463135635611604,Safe
1161,24,M02574,Night,36.5,16.4,74.2,83.0,75.2,67.7,Pass,0.06463055942945807,Safe
786,8,M06494,Night,30.6,17.4,77.5,63.6,91.4,73.3,Pass,0.06462954490447827,Safe
9862,2,M07193,Afternoon,29.7,17.1,84.8,74.7,84.6,80.1,Pass,0.06462427334962398,Safe
3431,8,M04010,Afternoon,38.9,14.6,78.6,78.6,80.8,93.7,Pass,0.06462394850919949,Safe
3215,10,M03608,Morning,36.2,16.1,87.7,83.0,72.7,69.9,Pass,0.06462015696909741,Safe
5068,8,M07605,Morning,40.1,15.5,92.0,75.9,84.8,75.0,Pass,0.06461851417521919,Safe
5977,10,M00152,Morning,32.9,17.3,86.5,100.0,77.6,82.6,Pass,0.06461826207509488,Safe
9918,25,M09437,Morning,32.8,18.8,85.2,78.0,78.2,78.0,Pass,0.06461370074103732,Safe
5092,1,M03513,Morning,32.5,13.5,76.4,79.1,92.0,84.1,Pass,0.0646110043340045,Safe
9917,22,M07934,Morning,31.3,14.1,76.8,88.4,89.0,77.8,Pass,0.0646106487840326,Safe
3835,5,M05669,Afternoon,35.1,17.7,75.2,95.4,88.2,78.5,Pass,0.06460817844603312,Safe
7722,5,M00969,Night,34.7,16.6,73.8,72.1,78.5,77.7,Pass,0.06459306026041374,Safe
893,24,M06039,Night,32.8,17.0,90.1,87.9,79.6,75.6,Pass,0.06459199684791239,Safe
9908,2,M09680,Morning,39.9,15.1,90.4,87.1,90.8,92.0,Pass,0.06458900792431288,Safe
1040,14,M00537,Morning,34.0,14.7,73.4,92.6,83.7,81.9,Pass,0.06458870033891732,Safe
9815,24,M00923,Night,32.8,17.1,88.7,75.6,74.2,93.1,Pass,0.06458762189667622,Safe
5225,23,M05210,Morning,43.3,16.7,76.1,88.6,74.6,74.6,Pass,0.0645829167878885,Safe
672,3,M04001,Night,33.2,18.5,90.3,83.0,69.2,78.5,Pass,0.06458271527460419,Safe
5872,4,M01105,Morning,33.2,16.7,100.0,89.9,94.8,76.6,Pass,0.06458178832849967,Safe
8055,11,M09600,Night,44.5,13.7,93.2,73.9,86.8,80.5,Pass,0.06457786052118318,Safe
5787,5,M02119,Morning,31.4,15.7,73.5,100.0,87.7,79.3,Pass,0.06457348380110325,Safe
975,13,M01866,Morning,34.2,15.3,79.3,76.4,78.2,73.7,Pass,0.06457156668437393,Safe
4245,10,M01258,Afternoon,31.9,15.9,78.5,95.8,80.3,79.1,Pass,0.064569792378559,Safe
418,22,M09663,Morning,36.4,13.4,76.7,79.6,77.6,80.1,Pass,0.06456651529246654,Safe
5445,24,M03160,Morning,32.2,16.0,86.4,100.0,86.6,89.5,Pass,0.06455868551718623,Safe
2521,13,M09284,Afternoon,42.1,17.5,76.6,82.3,85.2,70.7,Pass,0.06455652192178665,Safe
7053,22,M09748,Night,33.2,14.8,87.2,74.4,86.9,83.7,Pass,0.06455367646366,Safe
6027,15,M07012,Night,30.7,17.3,76.5,74.8,68.7,74.3,Pass,0.06454493312179786,Safe
4884,12,M08580,Morning,36.6,13.4,70.7,85.0,79.0,78.6,Pass,0.06454487844357161,Safe
5055,14,M02779,Afternoon,40.5,18.3,83.0,76.6,71.3,90.4,Pass,0.06454480320538415,Safe
2894,19,M01475,Afternoon,33.8,15.5,79.4,86.7,74.0,72.0,Pass,0.06454328625439112,Safe
5150,1,M08983,Morning,32.5,16.6,73.6,85.3,85.2,86.1,Pass,0.06454151235365438,Safe
3450,21,M08859,Morning,33.2,17.1,95.4,74.0,85.5,70.0,Pass,0.06454137788091549,Safe
7127,8,M03698,Morning,35.6,16.0,81.5,80.7,74.1,69.8,Pass,0.06453655012095613,Safe
4857,25,M07479,Morning,33.7,17.0,77.9,79.0,81.4,96.8,Pass,0.06453263013898373,Safe
8211,9,M00784,Morning,30.8,16.7,80.5,74.0,71.6,70.7,Pass,0.06452983897567907,Safe
6997,12,M07504,Afternoon,35.8,15.9,70.2,76.6,82.1,81.3,Pass,0.06452612889757409,Safe
7014,8,M02543,Morning,36.7,14.8,80.1,91.3,84.4,76.2,Pass,0.06452422443809346,Safe
4575,15,M02774,Night,33.0,14.6,81.6,75.4,89.6,89.9,Pass,0.06452382973428712,Safe
5896,16,M05339,Morning,41.3,15.5,70.3,94.5,95.5,94.6,Pass,0.06452105775792485,Safe
753,6,M00761,Afternoon,36.7,15.1,86.8,84.2,97.5,89.6,Pass,0.06452097984765526,Safe
7734,19,M03623,Night,31.8,14.3,81.4,80.2,86.1,81.5,Pass,0.06451317988011199,Safe
2429,20,M07532,Morning,38.0,15.3,91.9,100.0,86.9,98.9,Pass,0.06450851050110501,Safe
5667,24,M01413,Afternoon,33.0,15.5,76.5,70.8,89.0,82.1,Pass,0.06450824467673097,Safe
936,17,M02137,Morning,34.5,14.3,88.8,87.8,97.9,90.7,Pass,0.06450277105849601,Safe
4258,16,M09117,Afternoon,32.1,15.4,86.3,88.5,83.7,74.7,Pass,0.06450189523700538,Safe
6735,19,M01876,Morning,34.1,15.6,91.1,81.1,84.8,74.7,Pass,0.06449934109957364,Safe
5885,24,M05530,Afternoon,32.2,13.8,74.3,91.1,90.1,97.1,Pass,0.06449785022644725,Safe
3672,16,M00050,Morning,41.0,15.3,92.8,76.0,83.4,82.1,Pass,0.06449502361258248,Safe
932,1,M07578,Night,31.1,16.7,91.9,80.4,78.8,69.9,Pass,0.06449121875461937,Safe
4671,4,M07567,Morning,32.7,16.6,99.9,85.9,90.9,89.6,Pass,0.06448735397629657,Safe
3097,17,M09960,Night,33.6,17.7,79.8,85.0,78.3,79.3,Pass,0.06448471973380604,Safe
7007,15,M04272,Afternoon,39.9,18.4,85.5,90.2,97.3,81.5,Pass,0.06448447560890089,Safe
4470,21,M08101,Night,36.3,13.9,81.3,78.2,86.3,80.3,Pass,0.06447803232585103,Safe
3499,21,M04317,Morning,34.5,16.3,81.1,79.9,99.7,81.4,Pass,0.06447752519548555,Safe
3856,7,M00645,Morning,41.3,18.1,71.8,85.7,86.3,83.1,Pass,0.06447643447635076,Safe
2213,2,M00148,Morning,34.6,15.8,79.4,75.9,71.8,88.1,Pass,0.06447618786043974,Safe
1205,18,M08341,Afternoon,30.7,16.2,91.4,87.2,73.8,89.7,Pass,0.06447592247462347,Safe
9003,22,M03742,Afternoon,33.9,15.1,76.3,77.6,81.1,88.6,Pass,0.06446274092877491,Safe
256,12,M04200,Afternoon,32.7,14.5,77.4,83.1,83.4,73.5,Pass,0.06446189374311669,Safe
9155,1,M06108,Morning,36.6,16.6,80.8,82.1,82.6,79.4,Pass,0.0644611778580746,Safe
2138,1,M07899,Afternoon,31.6,13.9,76.9,80.0,75.6,72.5,Pass,0.06445814656125566,Safe
7392,2,M02514,Morning,41.1,18.6,74.3,70.6,78.6,72.1,Pass,0.0644576159305809,Safe
1860,25,M00012,Afternoon,29.8,17.9,88.0,82.0,74.7,74.3,Pass,0.06445749629200902,Safe
3967,5,M03905,Morning,42.6,15.9,83.6,84.4,80.6,74.5,Pass,0.06445636625595466,Safe
1007,8,M05960,Afternoon,31.4,15.9,79.5,97.2,88.6,71.7,Pass,0.0644562563183437,Safe
1639,18,M07295,Night,40.8,15.4,97.2,80.7,83.9,79.7,Pass,0.06445033771966659,Safe
7797,11,M08614,Night,38.0,17.9,75.1,73.1,74.1,81.4,Pass,0.06444985693423484,Safe
4611,23,M03807,Morning,36.5,15.1,82.8,94.3,90.2,90.7,Pass,0.06444843501010483,Safe
354,13,M04781,Morning,32.0,15.1,95.8,87.1,83.6,75.0,Pass,0.0644415625596397,Safe
7300,20,M06364,Afternoon,33.9,15.2,93.8,77.0,66.9,84.9,Pass,0.06443919814583218,Safe
9916,20,M03149,Night,36.1,15.9,78.8,74.7,80.3,88.7,Pass,0.06443787491769558,Safe
8126,23,M06215,Morning,33.6,17.7,93.8,83.8,88.1,85.0,Pass,0.06443744565771714,Safe
3149,25,M07571,Night,27.0,14.4,78.1,72.9,73.5,87.8,Pass,0.06443656102027785,Safe
7131,20,M04988,Morning,37.8,17.8,97.3,86.3,81.9,69.8,Pass,0.06443378923834002,Safe
650,12,M07715,Afternoon,43.0,14.9,75.7,86.2,87.2,83.8,Pass,0.06443309104782513,Safe
5595,7,M07089,Morning,36.5,16.0,69.2,79.5,81.9,77.2,Pass,0.06443195409817136,Safe
440,22,M02850,Morning,31.8,16.8,81.2,80.1,97.9,88.7,Pass,0.06443107038857666,Safe
2242,13,M03748,Morning,37.0,15.6,78.4,82.8,85.9,77.0,Pass,0.06442780929640676,Safe
7577,22,M03309,Afternoon,33.4,18.2,74.7,74.1,77.4,84.7,Pass,0.06442378359380961,Safe
3655,7,M04560,Morning,38.6,14.1,79.7,80.1,77.9,74.3,Pass,0.06442235597882268,Safe
3676,9,M04822,Morning,33.8,18.5,76.7,82.1,78.0,74.2,Pass,0.06442213101471307,Safe
3542,14,M02750,Night,37.5,15.0,74.3,72.0,72.8,85.4,Pass,0.06442108118248112,Safe
4642,6,M02822,Morning,36.8,13.7,69.4,78.7,83.8,69.3,Pass,0.06441950023405324,Safe
2386,14,M02811,Afternoon,32.3,13.1,81.9,88.2,97.2,84.0,Pass,0.06441637504118267,Safe
6564,16,M00419,Afternoon,37.3,15.9,92.6,79.9,83.0,71.9,Pass,0.06441515672703707,Safe
5690,11,M07944,Afternoon,34.8,16.9,76.1,84.2,86.2,75.5,Pass,0.06441234996351618,Safe
1055,2,M03573,Night,38.2,16.7,79.3,87.0,84.0,74.6,Pass,0.06441112724647642,Safe
7527,3,M07263,Afternoon,30.0,16.7,78.6,87.8,96.5,86.0,Pass,0.06440997116145553,Safe
2445,5,M00632,Afternoon,33.2,13.8,90.9,76.4,79.3,88.3,Pass,0.06440692522123123,Safe
2664,12,M00460,Afternoon,38.4,15.4,80.1,73.3,83.9,65.3,Pass,0.06440550695248995,Safe
4647,2,M03581,Afternoon,34.0,16.7,79.2,75.9,88.5,70.0,Pass,0.06440404974866631,Safe
8712,22,M05106,Morning,34.3,13.5,81.8,75.5,92.7,79.3,Pass,0.06440147065762228,Safe
6219,9,M02277,Morning,37.7,16.5,84.8,97.3,84.6,91.8,Pass,0.06440057581789806,Safe
8567,10,M06266,Night,30.6,16.5,69.2,75.7,75.0,78.7,Pass,0.06439748990963101,Safe
1750,19,M03954,Morning,32.7,14.5,85.4,81.7,97.5,95.1,Pass,0.06439410607918025,Safe
2982,5,M09749,Morning,38.8,15.8,70.3,88.0,74.5,78.6,Pass,0.0643885254106497,Safe
5424,6,M02842,Afternoon,35.1,16.5,78.0,97.6,93.6,81.4,Pass,0.06438605237807157,Safe
2636,15,M09123,Afternoon,38.7,17.2,93.4,72.4,84.4,80.8,Pass,0.06438312380551864,Safe
5203,2,M01437,Afternoon,37.1,14.6,90.8,86.9,98.4,90.6,Pass,0.06437823155997476,Safe
967,7,M02205,Afternoon,33.9,15.8,93.3,72.0,81.2,78.1,Pass,0.06437662665883086,Safe
4016,24,M03307,Morning,32.7,15.9,85.4,79.7,78.3,93.0,Pass,0.06437630190192314,Safe
110,6,M09763,Morning,35.3,15.8,78.3,79.0,69.0,74.4,Pass,0.06436809631652961,Safe
5682,14,M04814,Afternoon,25.4,17.1,83.5,92.0,91.7,84.7,Pass,0.06436692190387194,Safe
7943,17,M06155,Night,37.1,16.1,72.1,75.2,71.4,86.3,Pass,0.06436372244174363,Safe
2377,16,M00868,Morning,35.8,14.0,87.6,78.7,99.4,83.0,Pass,0.06436183604221096,Safe
8445,2,M09269,Morning,27.1,16.8,83.2,86.2,86.0,68.4,Pass,0.06436057501634145,Safe
1745,4,M01926,Afternoon,31.8,16.3,82.8,77.5,94.6,73.9,Pass,0.06435371686688388,Safe
5961,19,M03202,Afternoon,37.1,15.3,81.7,86.1,72.4,84.5,Pass,0.06434402089048898,Safe
814,24,M06883,Night,35.3,17.4,76.8,74.6,73.1,72.1,Pass,0.06434315000619652,Safe
2915,20,M03274,Morning,33.5,18.6,77.3,90.8,84.8,94.4,Pass,0.06434086623066056,Safe
1893,14,M03531,Night,34.2,17.1,69.9,88.7,83.6,76.4,Pass,0.06433943925312864,Safe
207,5,M08801,Morning,37.4,15.2,73.3,88.4,82.4,95.2,Pass,0.06433781565862962,Safe
1391,24,M08195,Morning,31.8,17.8,80.0,78.8,88.7,78.1,Pass,0.06433165647888955,Safe
5693,6,M04798,Afternoon,27.9,18.0,94.4,98.2,94.3,88.6,Pass,0.06432918636105245,Safe
1226,18,M07675,Afternoon,33.4,17.9,76.6,78.1,81.7,75.5,Pass,0.06432912963123542,Safe
7104,11,M00886,Afternoon,37.4,14.5,79.5,83.0,82.1,79.0,Pass,0.06432829519882324,Safe
3361,5,M08351,Night,31.5,15.5,78.1,79.1,93.0,80.6,Pass,0.06432642169584618,Safe
7928,19,M09728,Night,32.3,14.8,73.6,78.4,75.9,71.1,Pass,0.06432245776601894,Safe
6250,3,M01928,Morning,39.5,15.1,90.7,84.8,67.1,80.5,Pass,0.06432022577427636,Safe
2786,2,M05809,Morning,34.2,15.2,80.3,70.4,88.6,92.3,Pass,0.06431769904632617,Safe
5393,8,M07083,Night,38.7,14.7,73.7,78.0,90.2,78.2,Pass,0.06431417818936533,Safe
4566,11,M02673,Night,33.5,15.0,77.2,85.7,73.7,76.0,Pass,0.06431349387951654,Safe
9451,19,M04115,Afternoon,29.7,15.4,81.5,68.6,75.3,75.8,Pass,0.06431293227521424,Safe
3295,1,M02746,Night,33.1,16.5,93.1,100.0,92.0,90.0,Pass,0.06431085707902294,Safe
1327,16,M03811,Morning,30.9,15.0,77.9,83.4,79.6,90.2,Pass,0.06430935402616961,Safe
1596,7,M09128,Afternoon,35.1,18.5,81.0,72.6,75.2,79.8,Pass,0.06430728089994718,Safe
8532,21,M09529,Morning,36.0,16.6,69.9,71.3,77.9,95.6,Pass,0.06430559254925322,Safe
4393,20,M06532,Afternoon,40.7,17.5,86.5,76.8,76.0,88.9,Pass,0.06429933300720926,Safe
3741,15,M01814,Night,40.0,16.4,83.1,86.8,73.5,73.5,Pass,0.06429477264743058,Safe
3098,24,M08069,Morning,39.9,17.8,78.5,81.4,73.9,80.9,Pass,0.06428936153714443,Safe
1757,6,M04294,Night,38.5,13.3,88.4,79.7,75.9,85.9,Pass,0.0642814208603828,Safe
9086,7,M01755,Morning,40.8,14.1,81.9,100.0,87.7,84.4,Pass,0.06427917393359436,Safe
2282,12,M09561,Morning,38.3,13.6,78.5,92.5,69.4,82.0,Pass,0.06427598919402942,Safe
961,18,M05789,Morning,40.9,13.7,89.2,87.7,95.0,67.0,Pass,0.0642717050006846,Safe
1538,2,M02256,Afternoon,32.5,15.8,77.2,75.8,81.4,74.6,Pass,0.06427029255371548,Safe
4672,15,M04671,Night,28.8,16.4,81.3,73.2,86.6,79.3,Pass,0.06426642093978699,Safe
7296,21,M08865,Night,41.0,15.4,75.3,83.6,75.7,89.0,Pass,0.06425983758638076,Safe
9119,23,M01447,Night,35.0,15.3,75.1,71.5,78.0,88.7,Pass,0.0642585728130403,Safe
9726,5,M00497,Night,35.3,15.3,78.9,72.0,90.5,83.0,Pass,0.06425648243278247,Safe
291,18,M04894,Morning,31.8,17.3,78.6,84.4,75.9,86.8,Pass,0.06425449595793921,Safe
4285,24,M04135,Afternoon,39.6,15.6,81.2,99.3,84.2,87.9,Pass,0.06425437606004852,Safe
67,4,M00996,Morning,39.7,16.9,86.6,92.9,92.7,82.7,Pass,0.06425221731048648,Safe
5360,4,M07236,Afternoon,33.2,15.4,71.9,68.7,94.4,71.1,Pass,0.06424989430674638,Safe
4587,15,M02053,Morning,31.2,16.5,83.3,77.8,75.6,93.1,Pass,0.06424958727257063,Safe
6076,11,M05819,Morning,36.3,16.2,75.8,76.5,85.9,87.2,Pass,0.06424791729736393,Safe
1631,15,M02431,Night,32.8,14.2,74.5,75.5,78.3,78.8,Pass,0.06424573215765954,Safe
3224,14,M01317,Morning,32.4,14.9,92.6,78.7,70.3,74.4,Pass,0.06424301626215195,Safe
5742,9,M08457,Afternoon,37.5,15.2,68.7,100.0,90.1,80.9,Pass,0.06424221748293159,Safe
2100,8,M07155,Morning,33.8,13.5,84.5,76.4,86.1,78.2,Pass,0.06424060683014453,Safe
3846,16,M08004,Afternoon,36.2,16.9,74.7,96.7,71.1,84.4,Pass,0.0642367336105633,Safe
4362,15,M03263,Afternoon,29.8,16.7,76.9,78.6,85.6,93.9,Pass,0.06422841417480106,Safe
2294,19,M01377,Afternoon,33.1,16.0,80.4,85.4,96.6,75.7,Pass,0.06422827134152784,Safe
9534,4,M05206,Night,29.3,15.5,74.1,71.4,79.2,85.9,Pass,0.0642273319256013,Safe
2646,9,M05780,Morning,37.2,17.4,81.1,76.4,79.4,88.5,Pass,0.06422523595090103,Safe
8073,11,M04834,Afternoon,33.5,14.1,79.6,74.0,75.5,71.8,Pass,0.06421704250876624,Safe
7993,20,M01350,Morning,37.8,16.1,87.6,78.0,80.1,76.1,Pass,0.06421656754737372,Safe
653,23,M07027,Afternoon,33.4,15.5,75.5,85.7,82.8,77.8,Pass,0.06421307690360922,Safe
5081,12,M01645,Morning,32.7,17.1,90.3,90.6,78.4,88.4,Pass,0.06421027941345525,Safe
6641,7,M08178,Night,39.1,15.0,73.2,90.1,76.8,81.0,Pass,0.06420582723695628,Safe
8316,13,M03092,Morning,39.0,15.1,89.3,76.4,82.5,90.5,Pass,0.06420475428404428,Safe
4151,4,M08211,Morning,34.0,14.6,91.4,82.5,91.7,69.6,Pass,0.06420139905031454,Safe
1286,22,M07687,Afternoon,39.7,15.1,73.6,90.9,87.4,82.9,Pass,0.06420088165452963,Safe
9004,8,M01299,Afternoon,35.3,17.3,94.0,75.3,97.6,89.5,Pass,0.06419443663870558,Safe
9915,9,M01942,Afternoon,41.9,18.6,76.3,75.8,87.7,78.9,Pass,0.064185010808594,Safe
6841,12,M08451,Night,30.6,12.5,84.6,79.4,87.4,78.4,Pass,0.06417834525204208,Safe
4540,15,M04183,Morning,28.0,14.8,83.3,80.9,100.0,90.9,Pass,0.06417711426187016,Safe
4535,17,M01187,Afternoon,40.8,17.7,71.9,91.4,84.8,72.4,Pass,0.06417655068872319,Safe
3162,19,M00160,Morning,32.5,16.3,85.7,74.7,84.0,79.7,Pass,0.06417586432936846,Safe
8818,8,M00681,Morning,33.8,15.5,74.8,83.8,78.8,77.4,Pass,0.06417483098900569,Safe
5990,4,M08927,Night,32.4,12.7,80.5,76.6,80.8,77.4,Pass,0.06417437595371307,Safe
9376,7,M03149,Morning,31.1,16.4,85.5,93.9,94.0,89.3,Pass,0.06417146040452805,Safe
6920,11,M03550,Afternoon,35.3,15.8,72.9,95.6,78.6,73.6,Pass,0.06416996857645392,Safe
8674,7,M04300,Morning,35.9,15.8,76.9,81.8,84.5,75.5,Pass,0.06416987284311236,Safe
3881,1,M06973,Afternoon,36.9,17.1,80.5,100.0,90.0,93.4,Pass,0.06416976670940548,Safe
8781,5,M04219,Morning,36.0,13.5,89.2,89.9,95.3,90.1,Pass,0.06416821514452853,Safe
6559,20,M03407,Night,30.2,15.6,82.4,77.9,74.0,83.3,Pass,0.06416514676899893,Safe
8357,2,M05235,Morning,28.8,18.4,80.7,73.2,80.7,67.4,Pass,0.064159574730747,Safe
6734,24,M04096,Morning,39.0,17.9,74.8,91.0,84.9,82.2,Pass,0.06415781593365709,Safe
4516,5,M07756,Afternoon,35.7,14.3,78.8,77.6,100.0,97.5,Pass,0.06415563532763593,Safe
441,16,M07391,Morning,39.9,13.5,83.9,84.7,80.2,76.9,Pass,0.06415506383863523,Safe
3941,14,M00239,Night,35.4,15.1,78.5,81.1,76.2,80.7,Pass,0.0641522929088493,Safe
6306,13,M04712,Afternoon,38.2,17.8,78.6,76.5,80.7,95.5,Pass,0.06415107154119087,Safe
3981,2,M03765,Night,35.9,14.2,79.4,72.5,75.4,87.2,Pass,0.06414841544861512,Safe
8355,14,M03273,Morning,35.2,15.8,90.0,91.4,89.0,88.4,Pass,0.06414551968160664,Safe
8023,1,M07321,Night,33.5,12.6,83.9,79.0,90.7,71.7,Pass,0.06414186746069173,Safe
4010,22,M05627,Morning,39.0,13.7,83.4,100.0,94.9,96.0,Pass,0.06414129734304003,Safe
4551,23,M05553,Night,32.6,16.0,75.1,71.4,90.8,85.7,Pass,0.0641382565101788,Safe
9531,17,M05783,Morning,36.6,15.9,100.0,77.5,68.7,80.3,Pass,0.06413681836405512,Safe
21,5,M06397,Afternoon,40.1,17.6,93.3,85.7,75.1,75.1,Pass,0.06412166122565846,Safe
474,7,M08968,Night,41.2,17.7,67.9,71.4,80.7,78.3,Pass,0.06411779223338013,Safe
3135,2,M09166,Morning,34.0,14.5,87.1,91.7,83.9,83.8,Pass,0.06411165637573032,Safe
765,11,M00667,Morning,42.5,13.1,82.6,79.4,76.2,84.3,Pass,0.06411093894473804,Safe
4559,21,M02926,Night,31.8,18.9,89.1,80.5,80.5,90.7,Pass,0.06410752640760921,Safe
3591,3,M01364,Night,35.7,16.6,80.6,88.0,81.6,75.1,Pass,0.06410744977602607,Safe
4269,8,M06629,Night,33.1,17.3,87.3,76.4,81.2,88.3,Pass,0.0641061008041199,Safe
1464,15,M05344,Afternoon,35.7,15.8,86.8,86.7,72.8,77.6,Pass,0.06410319051033221,Safe
5284,20,M08457,Night,33.0,16.1,74.0,84.2,80.4,68.4,Pass,0.06410087996116717,Safe
1423,16,M05069,Morning,36.5,14.9,70.5,85.2,78.3,83.8,Pass,0.06409932852701725,Safe
9543,22,M01539,Morning,31.7,15.7,82.4,100.0,89.6,82.3,Pass,0.06409271696501573,Safe
4755,16,M09171,Night,36.3,15.6,80.1,71.3,84.8,89.7,Pass,0.0640924693342581,Safe
3598,9,M09292,Afternoon,29.6,18.4,75.9,76.6,91.7,96.3,Pass,0.064087415382913,Safe
4727,23,M08070,Night,37.3,17.6,74.5,72.1,91.4,83.1,Pass,0.06408182062839267,Safe
375,12,M02492,Morning,28.5,16.8,74.8,69.9,83.2,77.2,Pass,0.0640786515019513,Safe
3256,10,M07431,Morning,26.7,17.3,78.3,78.8,80.4,82.8,Pass,0.06407291041468413,Safe
7176,21,M09904,Afternoon,38.4,18.1,80.2,94.4,78.7,74.2,Pass,0.0640688113861934,Safe
4848,19,M06941,Morning,31.9,14.5,79.3,83.0,88.0,100.0,Pass,0.0640662061556247,Safe
6956,6,M07170,Morning,36.5,17.8,87.6,82.6,97.8,87.1,Pass,0.06405664919121208,Safe
1458,17,M09767,Afternoon,35.3,14.7,85.4,80.0,81.6,64.6,Pass,0.06405610257237856,Safe
9263,5,M03131,Afternoon,32.0,15.4,79.3,84.4,76.0,76.7,Pass,0.06404972497164095,Safe
4404,9,M03130,Morning,35.7,16.3,93.8,80.6,72.1,81.1,Pass,0.06404820108929259,Safe
208,22,M09340,Afternoon,33.3,14.3,86.8,76.2,82.5,81.6,Pass,0.06404763099259282,Safe
7782,9,M08857,Morning,38.5,17.1,78.9,100.0,88.8,73.4,Pass,0.06404694407501092,Safe
5097,6,M02036,Night,32.4,15.3,77.9,75.4,75.4,86.1,Pass,0.0640440370518308,Safe
6236,2,M03258,Night,42.0,15.9,71.0,80.4,89.9,80.3,Pass,0.06403760305656513,Safe
7193,21,M04007,Afternoon,38.4,14.6,74.9,84.2,88.3,87.5,Pass,0.06403131712748804,Safe
1471,6,M05446,Afternoon,37.3,15.8,77.5,68.8,77.8,89.6,Pass,0.06403069919086557,Safe
1652,20,M04791,Morning,34.9,15.2,86.3,89.0,82.4,66.3,Pass,0.06403064972524138,Safe
8244,16,M04796,Afternoon,37.3,17.9,90.3,83.7,99.7,78.5,Pass,0.06402325243909608,Safe
8730,9,M00180,Morning,40.4,17.8,81.4,77.9,72.0,71.0,Pass,0.06402171118810393,Safe
373,4,M04778,Morning,31.1,14.4,82.5,78.8,99.4,86.4,Pass,0.06401998027561465,Safe
9111,15,M06001,Night,31.0,14.9,78.1,83.4,84.6,85.2,Pass,0.06401563572212612,Safe
6738,17,M09980,Morning,30.3,15.3,89.7,78.0,96.8,97.7,Pass,0.06401196211639142,Safe
174,1,M01292,Morning,33.2,15.0,83.9,94.9,86.9,92.3,Pass,0.06401087957750079,Safe
6298,19,M04315,Morning,38.3,14.0,74.7,79.5,91.4,89.3,Pass,0.06401057152792423,Safe
366,4,M03770,Morning,40.0,17.7,81.7,78.5,82.0,88.8,Pass,0.06401046819771697,Safe
235,23,M00263,Morning,28.8,16.1,100.0,76.1,83.8,85.0,Pass,0.0640091276415807,Safe
4115,22,M02379,Afternoon,40.2,15.9,75.5,81.0,89.0,81.8,Pass,0.06400559980701231,Safe
883,4,M09766,Morning,37.4,16.8,83.9,82.0,68.4,84.4,Pass,0.06399890876306208,Safe
8456,9,M09968,Morning,38.3,14.9,84.6,81.1,95.3,97.9,Pass,0.06399744654606793,Safe
7805,24,M00392,Morning,40.5,15.0,87.1,77.4,78.1,79.6,Pass,0.06399545096024306,Safe
5929,20,M07377,Afternoon,39.6,16.1,77.2,90.4,85.0,81.9,Pass,0.06399530358440172,Safe
3491,14,M06298,Morning,33.9,15.9,85.8,78.3,73.2,80.6,Pass,0.06399523785781092,Safe
9706,7,M00757,Morning,37.5,15.1,87.9,93.4,99.7,91.0,Pass,0.06399310420760929,Safe
223,15,M02977,Morning,35.5,14.9,77.4,86.7,68.8,77.0,Pass,0.06398810576476548,Safe
4623,10,M02433,Morning,36.6,13.0,85.9,89.5,76.9,79.8,Pass,0.06398511426483608,Safe
211,11,M09987,Afternoon,35.9,14.8,88.4,87.4,86.1,98.2,Pass,0.0639846589410825,Safe
4891,24,M01860,Morning,35.1,18.6,90.4,83.7,85.0,65.5,Pass,0.06398156461929455,Safe
2677,9,M01378,Morning,37.9,16.7,76.6,90.3,93.8,72.8,Pass,0.0639781885122194,Safe
3961,12,M03701,Afternoon,38.1,17.1,73.2,81.7,93.4,83.0,Pass,0.0639753673977037,Safe
8929,23,M06283,Morning,43.8,15.1,76.3,82.9,75.9,81.5,Pass,0.06397488907921542,Safe
9670,13,M03892,Night,28.0,15.6,81.4,69.6,73.6,89.0,Pass,0.06397003235124045,Safe
9267,12,M05398,Morning,32.3,17.4,89.4,100.0,79.8,100.0,Pass,0.06396907038891754,Safe
633,20,M06820,Afternoon,36.6,15.2,78.9,70.8,75.4,88.6,Pass,0.0639668104322847,Safe
9172,16,M00528,Night,29.4,17.2,78.6,75.7,75.1,81.1,Pass,0.0639614590068251,Safe
5636,4,M06323,Morning,36.7,16.7,80.8,72.1,78.5,81.9,Pass,0.06395992222882231,Safe
222,9,M08681,Afternoon,34.2,15.3,68.4,100.0,79.9,95.2,Pass,0.06395736721900448,Safe
1595,11,M08906,Afternoon,37.1,18.0,100.0,89.9,94.2,100.0,Pass,0.06395537452908111,Safe
9381,13,M00210,Morning,38.6,18.1,66.8,80.1,88.8,85.4,Pass,0.06395437180621116,Safe
3755,24,M02094,Morning,27.9,15.6,86.8,92.0,78.6,80.7,Pass,0.06395430533124762,Safe
5870,2,M09226,Afternoon,33.5,17.2,82.3,88.3,71.7,90.3,Pass,0.06395356359374771,Safe
3533,6,M05811,Morning,35.5,14.8,74.1,68.3,82.1,76.4,Pass,0.063953400523978,Safe
9033,9,M05900,Morning,25.0,17.6,93.4,92.5,91.5,79.9,Pass,0.06395314424789345,Safe
7887,8,M05154,Morning,40.8,14.1,83.3,74.6,76.3,91.6,Pass,0.0639517525310165,Safe
2972,11,M08557,Morning,33.1,15.8,84.9,76.0,87.1,74.6,Pass,0.06394950940488571,Safe
458,12,M04001,Afternoon,39.6,17.0,94.8,93.2,91.0,82.6,Pass,0.06394237509354736,Safe
9676,11,M08525,Afternoon,25.8,16.4,82.2,80.1,80.7,71.5,Pass,0.06393661522735357,Safe
2927,1,M01055,Night,31.7,15.6,79.3,78.0,75.2,76.7,Pass,0.06392523897264275,Safe
6937,20,M02001,Morning,29.3,16.0,75.6,79.6,77.8,74.3,Pass,0.06392509847695019,Safe
846,16,M03813,Afternoon,38.4,15.9,70.3,73.9,81.5,81.3,Pass,0.0639211937295047,Safe
3475,14,M03700,Night,35.7,16.2,78.0,99.5,80.1,81.1,Pass,0.0639211614688903,Safe
5533,6,M00788,Afternoon,37.8,14.6,86.0,80.2,81.8,71.3,Pass,0.06392115021176187,Safe
2435,22,M01432,Night,34.0,15.7,98.8,68.4,81.5,74.1,Pass,0.06392071862855091,Safe
7420,24,M01448,Afternoon,35.0,18.7,74.4,75.4,74.1,76.2,Pass,0.06391809654988495,Safe
2381,22,M09399,Night,36.4,16.1,83.1,71.3,93.0,82.2,Pass,0.0639150843217897,Safe
7105,18,M07735,Morning,34.0,16.6,89.9,93.1,99.1,97.5,Pass,0.06390932492835347,Safe
6084,23,M01533,Morning,36.5,16.5,75.8,79.6,76.5,72.4,Pass,0.06390923549082733,Safe
921,2,M05469,Night,34.7,17.1,80.3,75.7,75.9,91.0,Pass,0.06390811658364687,Safe
8615,7,M08339,Morning,35.4,16.2,75.3,81.2,89.1,75.9,Pass,0.06390674202972488,Safe
5655,4,M03159,Morning,25.2,14.2,88.2,85.1,79.2,68.2,Pass,0.06389271272216518,Safe
4087,22,M09167,Morning,34.1,17.1,77.3,90.9,81.2,75.8,Pass,0.06388729044815311,Safe
7006,1,M05876,Morning,34.6,15.4,88.0,70.5,81.3,68.0,Pass,0.06388544263772351,Safe
2766,14,M02395,Night,31.2,15.7,78.7,72.0,86.0,79.6,Pass,0.06388449626904179,Safe
4446,12,M02787,Night,33.7,16.9,76.5,82.7,73.3,75.2,Pass,0.06388305927648143,Safe
7330,3,M07728,Afternoon,35.7,16.8,78.7,86.6,96.9,73.8,Pass,0.06388228078655774,Safe
2462,5,M04001,Night,33.6,16.7,83.6,100.0,84.3,83.3,Pass,0.06388211535323526,Safe
5535,9,M09874,Morning,32.3,15.9,96.8,76.8,74.9,86.1,Pass,0.06387939794442972,Safe
3112,4,M03427,Morning,40.9,18.3,73.5,76.3,78.4,92.6,Pass,0.0638791615294036,Safe
3752,21,M00083,Night,34.9,16.0,75.2,83.9,70.4,85.4,Pass,0.06387836150510552,Safe
1498,11,M08955,Afternoon,37.5,18.2,71.7,84.6,88.5,98.0,Pass,0.06387697735147455,Safe
2404,8,M02098,Morning,32.2,16.8,88.7,85.0,89.5,84.0,Pass,0.06387506674352729,Safe
8500,2,M07227,Morning,35.6,15.6,82.7,83.9,87.4,75.0,Pass,0.06387457473627292,Safe
6990,18,M02432,Morning,31.0,17.5,79.8,79.6,81.7,83.1,Pass,0.06387191191231593,Safe
9709,16,M08660,Morning,37.1,14.4,100.0,82.8,90.8,73.0,Pass,0.06386999912620735,Safe
8776,13,M09117,Morning,38.0,18.0,77.6,75.8,79.6,72.0,Pass,0.06386920406143655,Safe
511,9,M08788,Afternoon,29.0,16.3,74.9,91.6,94.8,78.6,Pass,0.06386914048642751,Safe
5834,10,M07608,Afternoon,34.1,14.7,82.6,71.7,69.9,87.5,Pass,0.06386753618778788,Safe
4202,17,M00207,Morning,37.3,13.3,82.6,70.2,78.3,76.1,Pass,0.06386648891718968,Safe
2035,16,M02497,Afternoon,35.0,17.7,77.5,100.0,84.8,81.1,Pass,0.06385808005616403,Safe
481,7,M03268,Afternoon,33.1,16.6,76.1,77.6,83.6,93.5,Pass,0.06385290574313732,Safe
1697,10,M00375,Morning,38.1,15.7,86.5,70.0,79.1,88.7,Pass,0.06384727316671594,Safe
5188,7,M00644,Morning,31.9,14.0,68.7,83.8,80.3,85.9,Pass,0.06384712376814944,Safe
5308,11,M09096,Morning,39.3,17.4,80.2,90.3,71.9,86.0,Pass,0.06384274273779361,Safe
2244,3,M05979,Night,32.3,14.2,85.8,79.3,74.9,76.1,Pass,0.06383949335351684,Safe
9708,6,M03752,Afternoon,34.9,15.2,83.1,78.7,74.0,94.5,Pass,0.0638380178081737,Safe
1798,14,M07706,Morning,33.7,18.1,79.6,78.2,87.3,89.0,Pass,0.06383427164835707,Safe
4932,12,M06762,Morning,33.5,15.6,80.6,84.1,96.4,85.4,Pass,0.06383423358617059,Safe
3979,2,M04995,Morning,30.9,14.5,95.3,88.7,100.0,77.8,Pass,0.06383407793857793,Safe
905,11,M03491,Afternoon,34.6,15.8,78.8,100.0,94.1,81.4,Pass,0.06383350493290978,Safe
7954,16,M02277,Morning,32.8,16.0,93.7,76.1,82.5,83.5,Pass,0.06382839448011593,Safe
8650,22,M04815,Morning,36.9,16.6,74.4,70.9,75.4,87.2,Pass,0.06381839784647055,Safe
5548,24,M01141,Morning,35.7,15.2,90.0,93.7,82.3,85.2,Pass,0.06381095398999967,Safe
5431,21,M01376,Afternoon,32.1,17.5,85.1,78.9,95.8,87.3,Pass,0.06380944530768129,Safe
7490,9,M08315,Night,33.5,18.6,79.9,81.9,80.9,80.7,Pass,0.0638065906111205,Safe
5796,25,M02411,Night,32.1,17.2,82.5,81.8,80.6,73.5,Pass,0.06380268872752594,Safe
6366,4,M01998,Afternoon,32.9,13.8,81.9,74.9,88.8,70.6,Pass,0.06380175684000719,Safe
5615,1,M03993,Afternoon,36.9,14.1,79.0,91.8,80.2,77.0,Pass,0.06380164678880512,Safe
3803,16,M09766,Night,37.5,16.2,78.1,97.6,79.2,84.7,Pass,0.0637990188132766,Safe
2018,8,M04038,Night,31.6,14.5,83.6,89.4,76.0,74.5,Pass,0.06379661952804748,Safe
3441,9,M07619,Morning,29.5,16.5,85.2,74.8,70.7,77.7,Pass,0.06379329131553661,Safe
7513,8,M06124,Morning,35.3,15.2,81.3,84.8,84.5,70.4,Pass,0.06379134478734827,Safe
2180,23,M00572,Afternoon,41.6,13.7,88.0,82.7,75.1,91.4,Pass,0.06379112565906281,Safe
1948,5,M08842,Morning,41.4,17.8,86.3,86.0,80.4,69.1,Pass,0.06378880122555562,Safe
55,23,M01586,Afternoon,38.3,17.5,71.2,82.9,87.6,82.0,Pass,0.06377923637163235,Safe
892,19,M00261,Night,32.4,15.5,80.2,89.5,81.8,67.4,Pass,0.06377752318385085,Safe
875,8,M06470,Morning,39.1,15.3,79.6,87.7,85.9,90.7,Pass,0.06377627616948478,Safe
4270,13,M03156,Night,36.6,14.1,82.7,89.9,90.2,64.4,Pass,0.0637738939470547,Safe
6978,12,M03800,Night,38.1,15.6,82.2,83.1,78.3,74.5,Pass,0.06376726367721304,Safe
9419,25,M08912,Afternoon,41.1,15.1,81.5,93.6,88.0,72.5,Pass,0.06376486947757397,Safe
3844,23,M03645,Afternoon,34.9,16.7,67.8,90.5,85.6,92.0,Pass,0.06375566892995085,Safe
2283,9,M07004,Afternoon,39.4,17.7,68.7,84.2,78.0,88.9,Pass,0.06375435485719026,Safe
9220,17,M04371,Morning,32.8,17.1,82.1,100.0,88.8,92.1,Pass,0.06375229643667277,Safe
542,3,M04730,Afternoon,36.5,18.1,71.7,77.6,85.7,79.5,Pass,0.06375202873923654,Safe
1843,22,M02191,Afternoon,33.5,17.6,84.0,72.6,76.8,84.1,Pass,0.06374544425170561,Safe
9069,14,M09194,Morning,30.4,15.5,91.7,99.9,88.8,100.0,Pass,0.06374282048044398,Safe
4347,5,M02536,Night,38.2,14.6,74.8,88.8,72.9,85.2,Pass,0.06374272865642872,Safe
4595,1,M07617,Afternoon,34.1,14.5,84.4,87.8,71.6,79.9,Pass,0.06373001348221487,Safe
2634,1,M01675,Morning,37.7,16.7,74.3,71.1,78.0,72.3,Pass,0.06372994672137372,Safe
602,6,M00929,Morning,34.6,16.2,82.2,81.0,71.3,68.8,Pass,0.06372458737992846,Safe
1430,13,M01592,Night,37.5,15.4,79.1,70.5,93.0,78.5,Pass,0.06372342020308852,Safe
7002,24,M06094,Morning,32.1,14.9,86.5,73.5,80.1,69.3,Pass,0.06371580823917186,Safe
8822,2,M07953,Night,35.7,13.0,78.0,70.4,86.4,78.9,Pass,0.06371445910022748,Safe
2988,13,M03457,Afternoon,28.0,16.3,80.5,88.8,74.5,74.6,Pass,0.06371288269076335,Safe
1385,10,M01914,Afternoon,38.5,18.4,93.6,76.4,72.7,75.4,Pass,0.06371159481300016,Safe
8629,16,M01196,Morning,35.5,16.5,76.9,75.7,72.0,76.2,Pass,0.06370610800059621,Safe
1068,20,M08534,Morning,36.5,15.5,81.7,80.2,78.7,68.3,Pass,0.06370602965322038,Safe
3958,15,M08443,Afternoon,34.7,16.7,81.5,72.9,85.1,66.7,Pass,0.06369126826686526,Safe
75,13,M07917,Afternoon,38.9,17.4,82.2,79.8,81.1,83.5,Pass,0.06368714475686063,Safe
4291,6,M05458,Afternoon,31.3,15.2,77.3,90.3,78.0,82.2,Pass,0.06368235806967226,Safe
700,21,M09767,Afternoon,30.7,16.1,81.2,85.7,71.6,81.6,Pass,0.06367853881484359,Safe
8540,23,M08253,Night,33.5,13.1,82.3,86.3,77.9,84.8,Pass,0.06367844981097102,Safe
7517,21,M09285,Morning,38.5,17.2,80.8,95.8,96.1,79.9,Pass,0.06367790180220081,Safe
6072,23,M06448,Morning,33.4,15.9,85.8,81.9,81.1,79.8,Pass,0.06367403577313545,Safe
8348,3,M08491,Morning,31.4,14.6,75.6,71.9,72.2,82.4,Pass,0.06367202460379749,Safe
5306,20,M00589,Afternoon,33.8,16.3,96.1,89.7,76.9,73.2,Pass,0.06366945402159904,Safe
9646,8,M04262,Afternoon,34.9,16.5,98.5,92.4,86.6,98.7,Pass,0.06366942182735498,Safe
9112,19,M07035,Afternoon,33.7,16.1,86.4,85.2,82.7,76.2,Pass,0.06366682792902507,Safe
6460,10,M03150,Morning,38.6,16.2,90.0,84.0,70.7,86.9,Pass,0.06366182155482678,Safe
7571,15,M07374,Morning,40.1,16.9,78.7,80.3,80.7,70.8,Pass,0.06365506433945209,Safe
292,19,M07023,Morning,30.9,15.4,74.7,89.5,71.3,93.1,Pass,0.06364920765410159,Safe
5608,20,M06739,Night,36.9,18.2,77.3,84.4,89.0,79.6,Pass,0.06364143361877811,Safe
8892,12,M01833,Night,41.2,16.8,73.7,80.6,76.6,75.0,Pass,0.06363933069954761,Safe
4042,12,M08412,Morning,36.2,18.2,79.1,83.1,83.5,82.7,Pass,0.06363890953598494,Safe
3521,14,M04777,Morning,32.0,15.8,83.4,96.4,87.6,88.0,Pass,0.06363852258745309,Safe
1426,2,M00318,Night,37.4,15.0,77.9,76.5,75.8,69.2,Pass,0.06363032412118425,Safe
3916,17,M07179,Morning,37.2,16.2,83.6,84.3,76.1,75.6,Pass,0.06362781836552521,Safe
7664,16,M07272,Afternoon,37.0,16.3,78.9,71.0,76.6,78.9,Pass,0.06362389489344199,Safe
2893,5,M01824,Night,37.8,15.0,75.7,82.2,73.1,77.9,Pass,0.06362129037163766,Safe
9812,20,M04020,Night,29.7,14.3,83.8,78.1,76.7,75.7,Pass,0.06361871546653192,Safe
9390,4,M09175,Afternoon,35.7,16.0,85.6,85.2,81.7,85.9,Pass,0.06361853157449987,Safe
5210,15,M08112,Morning,43.5,16.8,82.9,92.2,77.8,83.6,Pass,0.06361765777038049,Safe
9957,22,M06079,Afternoon,30.5,17.7,87.2,88.2,77.1,88.1,Pass,0.06361640728208412,Safe
8563,19,M02159,Afternoon,30.5,17.0,76.7,75.0,87.5,87.0,Pass,0.06361596750802218,Safe
4368,13,M05571,Afternoon,32.0,16.5,74.4,86.2,87.0,82.3,Pass,0.06360867429137929,Safe
8521,25,M00746,Afternoon,35.2,16.8,72.9,97.0,84.1,88.7,Pass,0.06360797319920936,Safe
2056,7,M03139,Afternoon,38.8,15.8,76.6,92.9,89.1,88.0,Pass,0.06360414782290716,Safe
699,15,M07240,Morning,37.7,16.4,80.5,82.3,90.5,85.0,Defect,0.0636038528069686,Safe
3665,17,M08709,Afternoon,35.7,14.5,91.8,79.3,77.8,79.8,Pass,0.06360240967455186,Safe
5021,7,M03630,Afternoon,34.6,15.0,80.6,80.4,89.3,90.1,Pass,0.06359951071698731,Safe
5382,20,M01785,Afternoon,36.2,15.7,66.8,87.7,82.0,93.4,Pass,0.06359605274208395,Safe
7676,21,M01223,Afternoon,33.2,17.1,71.0,93.4,79.4,75.9,Pass,0.06359388536640392,Safe
306,1,M01061,Night,36.7,16.3,75.7,76.6,83.7,79.3,Pass,0.06358698650874613,Safe
4678,6,M01636,Night,39.9,12.8,73.1,74.8,89.4,67.2,Pass,0.063586190040025,Safe
1707,10,M03815,Afternoon,35.8,15.5,98.4,76.0,76.3,80.3,Pass,0.06358616644784879,Safe
7931,19,M00878,Night,34.1,17.6,82.4,79.6,74.2,70.9,Pass,0.06358358898802292,Safe
9423,2,M08865,Afternoon,34.1,13.3,85.9,81.9,67.4,85.4,Pass,0.0635823268116062,Safe
3312,19,M06517,Afternoon,32.6,14.8,72.6,80.2,66.8,84.5,Pass,0.06358131378661788,Safe
6357,6,M04197,Afternoon,39.1,18.2,84.9,80.4,88.3,70.4,Pass,0.06357816500420316,Safe
6321,23,M00878,Afternoon,37.4,17.1,78.4,72.3,74.8,81.8,Pass,0.06356657113336464,Safe
8696,4,M05845,Afternoon,32.4,17.1,79.4,87.2,86.2,70.6,Pass,0.06356443794166722,Safe
4072,23,M00371,Afternoon,34.7,14.4,82.6,85.4,74.7,65.7,Pass,0.06356049879945336,Safe
5385,17,M05267,Afternoon,33.4,16.5,91.9,96.2,98.8,72.6,Pass,0.06355604220656924,Safe
591,8,M06620,Morning,35.8,15.6,89.3,77.9,78.7,64.4,Pass,0.06355358790719134,Safe
6162,19,M06621,Morning,28.1,17.0,77.9,89.4,85.2,94.2,Pass,0.06354674647374446,Safe
2467,1,M05592,Morning,35.1,15.3,93.0,82.6,83.0,79.4,Pass,0.0635465626309101,Safe
7533,16,M01858,Morning,38.4,16.6,79.8,78.1,74.7,68.5,Pass,0.06354493104711956,Safe
47,21,M09556,Morning,36.2,14.3,77.5,81.8,77.8,63.9,Pass,0.06354419128234991,Safe
5762,17,M01129,Night,32.2,14.3,80.2,82.8,76.2,81.6,Pass,0.06354410024114625,Safe
4823,9,M01903,Morning,31.1,17.5,88.1,91.0,90.1,84.1,Pass,0.06354026402474658,Safe
4733,15,M02054,Afternoon,32.2,15.3,82.4,86.6,72.7,78.4,Pass,0.06353005753038678,Safe
8954,22,M07839,Afternoon,28.1,14.4,94.0,92.4,85.6,100.0,Pass,0.06352913129692302,Safe
2890,6,M02121,Night,32.8,16.2,73.5,82.3,87.1,91.9,Pass,0.0635285879979552,Safe
7371,13,M07448,Afternoon,34.7,15.4,70.6,81.1,88.8,77.4,Pass,0.06352783607608456,Safe
6268,25,M07319,Morning,38.7,16.6,74.5,89.1,77.4,71.3,Pass,0.06351989440516015,Safe
8103,19,M00551,Morning,34.3,16.2,85.1,83.3,88.1,87.0,Pass,0.06351972345280996,Safe
3335,14,M00631,Night,34.8,18.4,87.8,78.6,82.1,76.2,Pass,0.0635185908075934,Safe
3461,6,M07779,Morning,35.3,13.2,87.4,81.6,68.2,83.6,Pass,0.06351687848644408,Safe
4415,4,M08103,Afternoon,34.8,16.5,78.2,73.9,73.9,76.6,Pass,0.06351626084287094,Safe
8605,7,M05440,Afternoon,40.9,16.6,76.9,80.4,87.1,81.7,Pass,0.06351446964385479,Safe
6200,19,M02331,Morning,32.0,16.0,78.2,89.5,75.3,77.2,Pass,0.06351334921775548,Safe
8387,25,M08860,Night,43.2,14.7,90.8,90.6,76.1,78.5,Pass,0.063505372424489,Safe
8716,19,M02802,Night,33.9,16.6,77.3,80.7,81.2,89.9,Defect,0.06350482239180469,Safe
9831,10,M01385,Afternoon,31.2,13.9,98.2,77.7,86.3,76.1,Pass,0.06350337209366977,Safe
8182,18,M04481,Morning,37.5,15.3,98.6,80.0,83.2,97.1,Pass,0.06349467682561066,Safe
4360,24,M01696,Morning,32.1,15.9,75.4,87.7,81.9,79.8,Pass,0.06349141697401023,Safe
8227,6,M01668,Morning,39.9,15.8,81.7,84.4,77.8,74.8,Pass,0.06349130407911818,Safe
327,12,M05443,Afternoon,33.2,13.6,76.2,82.8,92.0,76.3,Pass,0.06348386501538808,Safe
1394,12,M07288,Afternoon,35.2,16.2,71.0,87.0,79.6,71.8,Pass,0.06347574532384179,Safe
3632,10,M00390,Morning,35.8,12.6,78.4,75.2,92.0,88.0,Pass,0.06346376703195576,Safe
881,25,M02049,Morning,33.6,17.0,78.1,87.1,83.3,80.2,Pass,0.06346177425890592,Safe
896,2,M07042,Morning,28.6,16.9,98.6,79.5,87.2,72.9,Pass,0.06345764353454987,Safe
4445,15,M09260,Afternoon,35.4,15.5,90.1,87.2,74.8,81.0,Pass,0.06344334671556474,Safe
9733,18,M01427,Afternoon,36.9,17.4,73.7,89.1,81.2,87.8,Pass,0.06344147983422173,Safe
9180,20,M07250,Morning,31.9,15.1,83.2,81.2,78.6,75.6,Pass,0.06344135622523274,Safe
8743,21,M00482,Afternoon,34.3,15.4,85.9,86.4,91.6,70.3,Pass,0.06343963968107699,Safe
2232,10,M09155,Morning,40.8,14.9,97.0,94.9,87.3,80.6,Pass,0.06343784334462535,Safe
7899,17,M01068,Morning,32.3,17.7,78.6,79.2,87.2,85.8,Pass,0.06343704381827425,Safe
1957,25,M04359,Afternoon,32.5,14.4,83.2,78.0,81.1,80.0,Pass,0.06343134313544305,Safe
1782,16,M01970,Night,27.4,15.1,87.5,76.3,82.3,80.1,Pass,0.06342594462510825,Safe
6887,13,M01841,Morning,42.4,15.1,81.8,82.6,89.0,71.9,Pass,0.06342256110997854,Safe
7678,6,M01778,Night,35.9,14.9,90.3,76.0,89.4,74.4,Pass,0.06341918299722873,Safe
162,1,M05531,Afternoon,33.6,17.3,71.4,77.2,86.3,80.1,Pass,0.06341703487831371,Safe
8157,11,M07960,Afternoon,37.0,15.8,77.4,75.7,95.3,87.1,Pass,0.06341478831942209,Safe
6514,8,M05617,Night,37.1,16.1,79.5,90.7,80.2,72.3,Pass,0.0634135968923594,Safe
9883,8,M09991,Morning,37.8,14.4,84.9,86.8,87.4,86.5,Pass,0.06341355564592793,Safe
7574,8,M02328,Afternoon,38.4,14.0,77.7,82.9,83.4,70.0,Pass,0.06341146449609297,Safe
1812,1,M08134,Night,33.6,13.8,82.7,82.2,79.9,78.6,Pass,0.06340997307579235,Safe
8651,5,M00781,Morning,30.4,15.7,91.3,94.2,77.6,84.1,Pass,0.06340629271336906,Safe
2626,7,M05434,Night,34.9,16.0,79.8,79.6,68.7,76.2,Pass,0.06340114609037382,Safe
8271,10,M05540,Morning,37.9,17.2,90.1,85.9,83.9,77.0,Pass,0.06339578104724326,Safe
125,10,M07036,Morning,29.8,16.1,90.8,72.5,90.5,63.9,Pass,0.06339569191110951,Safe
5959,16,M04824,Night,33.4,16.6,74.3,91.1,77.9,84.5,Pass,0.06339218582885862,Safe
7791,13,M03371,Afternoon,30.4,15.8,73.7,82.8,87.1,72.8,Pass,0.06338724623603112,Safe
4808,16,M01882,Night,31.0,16.2,92.8,73.2,79.9,79.1,Pass,0.06337777239185191,Safe
8102,23,M03058,Night,40.5,14.7,74.2,86.8,90.5,82.6,Pass,0.06337565303792494,Safe
5322,15,M01017,Morning,35.3,16.9,72.0,76.7,77.1,76.0,Pass,0.06337522591982876,Safe
8401,11,M03228,Afternoon,32.7,15.3,71.2,93.1,81.5,75.1,Pass,0.06337306873402429,Safe
5843,14,M02758,Morning,38.2,14.8,92.3,82.9,72.1,82.4,Pass,0.06337200637818363,Safe
5239,19,M09740,Morning,35.2,17.5,79.8,94.8,78.0,76.3,Pass,0.06336343801395547,Safe
886,12,M04235,Morning,40.6,17.3,84.2,81.4,75.5,74.5,Pass,0.06336048210101412,Safe
6593,7,M02595,Morning,37.9,14.8,88.0,81.8,95.6,89.2,Pass,0.06335855412413025,Safe
6038,5,M04583,Night,36.3,17.8,77.4,96.2,80.0,85.7,Pass,0.06335717240162544,Safe
9396,13,M07400,Morning,32.6,15.2,83.1,74.2,81.1,79.0,Pass,0.06335459614229495,Safe
4323,1,M05519,Afternoon,35.7,16.4,77.7,73.2,71.6,78.7,Pass,0.06335065357908906,Safe
8282,4,M05661,Night,34.9,16.7,90.2,100.0,89.1,76.9,Pass,0.0633498177038025,Safe
1702,19,M00014,Afternoon,35.0,15.3,87.6,72.2,90.3,83.0,Pass,0.0633486623752534,Safe
1971,14,M05190,Morning,37.6,17.1,96.9,97.9,100.0,75.6,Pass,0.06334852435949734,Safe
5089,16,M08363,Afternoon,31.4,14.4,89.9,94.8,100.0,95.6,Pass,0.06333849856156033,Safe
9559,20,M02373,Afternoon,37.0,14.9,76.1,78.7,92.5,91.7,Pass,0.06333379646311245,Safe
1400,10,M01641,Afternoon,36.6,17.9,81.2,71.1,88.1,88.9,Pass,0.06333369545016704,Safe
2112,14,M06407,Morning,31.6,15.0,84.3,72.1,79.4,80.7,Pass,0.06333353877267416,Safe
6885,21,M03674,Night,31.2,16.4,86.0,79.7,75.8,84.1,Defect,0.06333342788348287,Safe
7957,5,M07521,Afternoon,34.9,13.6,74.8,90.5,72.2,81.2,Pass,0.06333056502063389,Safe
7235,10,M05695,Morning,39.4,13.8,77.6,91.7,77.5,82.0,Pass,0.06332698281816014,Safe
1844,13,M09109,Afternoon,37.2,15.1,84.6,75.9,78.2,69.7,Pass,0.06332611851791957,Safe
2970,23,M02353,Afternoon,33.3,15.2,77.0,90.3,74.3,80.9,Pass,0.06332422082535513,Safe
5941,4,M01466,Afternoon,42.3,16.4,69.3,80.3,81.1,72.9,Pass,0.06332359554332531,Safe
1461,23,M08781,Morning,29.6,17.5,74.5,74.9,82.1,66.8,Pass,0.06331969195875473,Safe
5819,4,M02174,Night,39.8,17.0,79.8,85.0,80.9,74.4,Pass,0.06331820745131393,Safe
6439,9,M08211,Morning,34.2,15.7,91.1,86.9,83.2,100.0,Pass,0.06331560313894181,Safe
1293,16,M03295,Afternoon,38.4,17.7,77.3,75.9,82.1,96.2,Pass,0.06331367693792292,Safe
7693,6,M01326,Morning,40.4,16.0,75.1,84.1,80.9,74.5,Pass,0.06331106912251762,Safe
1490,7,M04570,Afternoon,41.8,15.4,85.7,72.8,88.4,74.9,Pass,0.06331079792500581,Safe
6241,12,M06354,Night,29.5,17.9,90.7,81.0,69.6,83.1,Pass,0.06330768400496108,Safe
3831,12,M08934,Morning,35.9,15.8,87.5,77.7,81.1,77.3,Pass,0.0633008979930005,Safe
5689,9,M06948,Morning,31.0,17.4,76.6,77.7,85.1,79.8,Pass,0.06329834070067536,Safe
3328,10,M01103,Afternoon,35.5,16.1,81.0,70.6,77.4,82.2,Pass,0.06329493620006423,Safe
9058,4,M00672,Morning,30.0,14.7,94.2,71.6,78.6,82.5,Pass,0.06329150707012296,Safe
3830,12,M05308,Morning,34.2,13.5,74.9,93.5,84.7,91.4,Pass,0.06329039904148692,Safe
3193,4,M08860,Night,36.5,16.1,84.5,78.9,80.3,89.4,Pass,0.06329010476834818,Safe
9857,8,M05825,Morning,39.5,15.5,80.7,78.1,71.3,80.4,Pass,0.0632889369250885,Safe
3864,16,M00196,Morning,38.2,16.3,69.4,79.9,79.4,89.8,Pass,0.06328519592831333,Safe
9510,9,M00833,Morning,40.8,13.6,75.0,85.4,87.4,80.6,Pass,0.063284868572068,Safe
3570,23,M02611,Night,33.7,13.2,84.9,99.6,92.9,77.0,Pass,0.06327579820512405,Safe
5148,10,M08558,Night,27.7,14.3,81.7,76.1,72.2,81.4,Pass,0.06327523422692023,Safe
5327,3,M04322,Morning,35.7,14.8,83.3,86.1,92.3,67.1,Pass,0.06327403167545163,Safe
3918,22,M03631,Morning,36.9,16.0,76.3,95.2,89.7,87.4,Pass,0.06326802744370409,Safe
776,19,M06982,Morning,28.2,14.7,78.5,91.0,75.5,75.5,Pass,0.06326787870113994,Safe
5386,9,M09191,Afternoon,28.2,15.5,71.2,91.5,85.0,80.1,Pass,0.06326073894975068,Safe
8000,12,M03809,Morning,38.0,14.7,70.0,78.3,73.8,87.9,Pass,0.06325875579311031,Safe
4926,10,M07393,Morning,36.0,13.7,76.4,76.0,81.1,74.6,Pass,0.06325193811366361,Safe
9132,21,M01411,Afternoon,33.5,15.9,74.7,80.4,89.7,75.8,Pass,0.06324550632508773,Safe
9281,9,M07760,Afternoon,33.1,16.4,81.6,78.5,78.7,67.4,Pass,0.06323808295832894,Safe
6211,23,M00232,Afternoon,32.5,16.2,84.5,79.5,80.3,70.5,Pass,0.0632367565657056,Safe
9779,18,M02269,Morning,30.9,16.6,85.5,85.5,75.3,91.5,Pass,0.06323304342358398,Safe
717,3,M04531,Night,34.0,16.2,76.2,73.3,79.5,65.6,Pass,0.06323019660035177,Safe
5510,14,M07238,Afternoon,34.7,14.9,83.9,84.6,92.7,66.0,Pass,0.06322856915001517,Safe
7151,1,M06826,Night,40.3,14.6,82.9,88.3,87.6,75.1,Pass,0.0632250795204908,Safe
370,8,M06458,Morning,36.4,15.5,76.9,82.6,87.3,78.5,Pass,0.06322505537369932,Safe
7633,14,M01215,Morning,29.8,16.3,96.6,85.6,96.8,91.4,Pass,0.06322288234690691,Safe
3414,22,M03213,Morning,35.2,16.0,87.3,79.2,88.5,88.4,Pass,0.063217790859008,Safe
5756,8,M00216,Morning,25.9,14.4,80.0,81.2,68.5,86.3,Pass,0.06321339610458472,Safe
528,8,M04981,Morning,28.4,15.2,82.2,86.8,83.5,84.6,Pass,0.06321149827365195,Safe
7717,18,M04211,Morning,34.4,18.4,78.8,100.0,82.6,90.9,Pass,0.06320756627992723,Safe
2166,19,M04720,Night,33.4,17.9,75.0,72.2,78.9,87.7,Pass,0.06320635850583994,Safe
7403,11,M07800,Afternoon,36.5,17.2,80.5,87.2,82.9,75.0,Pass,0.06320598048958809,Safe
4725,5,M02711,Morning,33.8,17.0,87.2,96.0,75.2,85.5,Pass,0.06319830275852922,Safe
2676,8,M03675,Morning,39.6,16.7,77.0,82.0,69.7,85.5,Pass,0.0631979305275868,Safe
1263,15,M05896,Morning,34.2,15.8,81.0,75.8,93.5,80.1,Pass,0.0631927520628045,Safe
5127,21,M00376,Afternoon,36.9,18.4,86.2,77.9,81.3,80.1,Pass,0.063180059111505,Safe
9925,12,M04350,Afternoon,32.1,15.3,86.5,76.4,73.8,69.8,Pass,0.06317784851529398,Safe
7485,5,M03863,Afternoon,40.0,15.4,85.4,91.7,78.3,75.3,Pass,0.06317766369485431,Safe
2032,7,M02409,Afternoon,42.2,15.7,80.0,76.7,86.7,76.0,Pass,0.06316825730412597,Safe
5641,17,M03969,Afternoon,34.6,16.8,92.0,80.2,98.8,68.4,Pass,0.0631627379489519,Safe
5879,17,M03130,Afternoon,29.7,16.8,71.4,78.6,68.9,84.3,Pass,0.06316211575148922,Safe
5597,11,M02918,Morning,38.6,14.1,88.4,98.3,80.4,84.7,Pass,0.06315426286329472,Safe
6140,4,M05205,Night,35.8,15.5,92.6,77.0,85.9,76.9,Pass,0.06315215196134774,Safe
5029,8,M03867,Afternoon,36.3,12.9,85.6,94.2,74.5,87.4,Pass,0.06314891041180397,Safe
7255,2,M08962,Morning,42.1,16.9,92.5,91.6,94.8,85.1,Pass,0.06314569287767063,Safe
752,24,M06255,Night,31.3,16.4,86.5,90.6,77.0,77.7,Pass,0.06314406398174899,Safe
4054,12,M09898,Afternoon,32.5,13.6,79.6,70.2,73.8,87.3,Pass,0.06314136366182953,Safe
7515,20,M01175,Afternoon,28.0,15.6,71.0,85.3,81.6,75.3,Pass,0.06314042969391626,Safe
4586,15,M04288,Night,33.2,13.9,77.2,71.9,77.9,73.7,Pass,0.06313311681849508,Safe
7231,13,M06750,Morning,33.7,16.3,81.4,90.3,89.7,66.2,Pass,0.06313153019741823,Safe
6486,6,M04176,Afternoon,41.5,13.3,88.8,76.6,79.8,78.8,Pass,0.06313139814355417,Safe
3253,20,M03977,Afternoon,34.0,13.2,83.0,88.2,87.2,89.8,Pass,0.06312903236131624,Safe
6953,10,M02209,Afternoon,40.5,15.6,74.5,86.7,78.3,88.5,Pass,0.06312761271305499,Safe
2761,6,M05526,Morning,33.4,13.3,82.1,71.2,71.4,81.2,Pass,0.06312151375319473,Safe
7750,4,M09035,Afternoon,33.0,14.0,78.6,94.2,68.7,79.3,Pass,0.0631211666311352,Safe
6353,22,M04311,Morning,36.1,18.0,87.4,76.3,69.5,86.5,Pass,0.06311966445004648,Safe
7841,11,M02736,Afternoon,26.7,14.4,81.1,97.5,83.2,75.2,Pass,0.06311943692568574,Safe
6281,5,M06783,Night,39.9,14.8,71.0,93.0,74.8,91.1,Pass,0.0631188395441815,Safe
2968,6,M09494,Afternoon,38.8,17.3,76.5,91.6,80.3,63.2,Pass,0.06311755293271686,Safe
3919,18,M00147,Afternoon,30.6,17.1,86.6,78.9,79.8,77.3,Pass,0.06311340538836104,Safe
2673,20,M06363,Afternoon,34.8,16.7,85.8,81.1,76.7,83.3,Pass,0.06310816775470113,Safe
228,4,M04737,Morning,39.3,13.9,100.0,78.8,78.6,83.5,Pass,0.06310332501865204,Safe
9823,2,M06687,Afternoon,39.7,13.9,73.5,87.2,93.8,86.6,Pass,0.06310044621910867,Safe
6925,23,M05336,Afternoon,35.2,16.6,88.7,73.3,74.3,84.0,Pass,0.06309832503774848,Safe
5141,18,M08793,Afternoon,33.7,15.9,96.0,89.7,95.7,86.1,Pass,0.06309499461197297,Safe
4967,14,M06898,Night,32.5,15.0,78.2,94.5,79.4,65.7,Pass,0.06308557427053564,Safe
2796,15,M04698,Afternoon,30.9,17.8,77.6,73.7,79.3,76.1,Pass,0.0630848065870389,Safe
2902,19,M01142,Night,29.8,16.1,70.4,77.8,81.3,80.1,Pass,0.06308352453864481,Safe
2238,17,M04286,Morning,31.5,17.5,85.6,69.3,68.4,81.3,Pass,0.06307793601128286,Safe
8312,8,M02757,Morning,31.0,14.5,74.5,71.6,75.0,76.7,Pass,0.06306996626381353,Safe
7503,11,M07096,Morning,30.3,16.9,88.7,100.0,88.7,80.3,Pass,0.06306659877064182,Safe
6534,7,M09297,Morning,40.4,17.2,86.0,92.4,96.0,89.2,Pass,0.06306178008158249,Safe
7484,12,M03238,Afternoon,35.6,13.5,93.6,95.3,86.5,83.7,Pass,0.063053834007914,Safe
1057,7,M06321,Night,36.7,13.9,85.0,74.1,85.9,83.9,Pass,0.06305098616873173,Safe
7398,9,M01097,Night,30.5,16.0,77.7,79.1,79.6,77.4,Pass,0.06304820264199139,Safe
1943,24,M02853,Night,40.3,14.1,80.1,79.2,76.6,69.0,Pass,0.0630476216199161,Safe
1288,16,M08008,Morning,27.3,16.5,78.3,74.7,72.0,79.3,Pass,0.06304558920476708,Safe
4930,6,M04655,Night,32.6,17.3,80.4,70.6,78.6,98.2,Pass,0.06304491221114238,Safe
7107,1,M04493,Morning,37.2,15.2,77.2,70.4,75.8,92.6,Pass,0.06304413083119843,Safe
8138,2,M09281,Night,42.2,13.9,83.7,70.9,84.9,74.6,Pass,0.06304230596669616,Safe
593,25,M09087,Morning,35.2,14.5,82.3,80.7,78.9,77.3,Pass,0.06304201620008697,Safe
6617,19,M04274,Morning,32.3,15.0,81.4,68.4,74.0,84.4,Pass,0.0630382910700328,Safe
3052,12,M01864,Afternoon,34.4,15.8,79.5,76.2,73.9,82.1,Pass,0.06303826279106241,Safe
2628,1,M07097,Afternoon,32.9,14.2,82.7,68.3,86.7,86.0,Pass,0.06302909631384507,Safe
711,14,M04720,Night,32.1,15.5,88.4,82.5,76.4,70.0,Pass,0.06301976034637316,Safe
9192,22,M00691,Morning,35.0,14.1,88.1,77.8,96.9,91.3,Pass,0.06301714048656501,Safe
8239,24,M07715,Afternoon,37.6,15.9,81.9,71.3,82.9,88.4,Pass,0.06300811425491522,Safe
1647,8,M08942,Morning,35.4,13.7,88.9,83.0,97.9,68.7,Pass,0.06300628076794786,Safe
2710,5,M01461,Morning,32.3,16.1,82.3,89.4,83.8,78.2,Pass,0.0630046304360847,Safe
6899,6,M09345,Morning,29.5,16.3,88.9,96.7,76.8,94.9,Pass,0.062998015894178,Safe
4661,5,M00986,Afternoon,33.5,14.8,87.0,85.1,69.6,82.5,Pass,0.06299533625685547,Safe
9858,23,M03660,Afternoon,38.7,16.9,78.3,75.7,100.0,97.8,Pass,0.06299183330009234,Safe
9314,25,M09989,Morning,34.1,16.2,79.3,100.0,75.8,76.6,Pass,0.06298425032463834,Safe
2273,17,M07166,Afternoon,35.6,14.9,81.7,85.4,79.6,75.3,Pass,0.06298129463808308,Safe
2535,6,M09260,Afternoon,34.4,15.8,84.5,91.1,85.9,70.9,Pass,0.06297967918257098,Safe
2678,1,M06702,Morning,34.0,16.1,71.2,86.4,85.3,79.6,Pass,0.06297951565681642,Safe
7969,15,M08898,Afternoon,31.3,16.8,89.1,93.6,97.4,84.7,Pass,0.06296151334506117,Safe
5580,18,M08517,Afternoon,38.3,13.0,94.1,93.7,96.2,80.9,Pass,0.06296103007596227,Safe
4680,22,M08096,Afternoon,35.5,15.1,68.7,80.2,98.3,100.0,Pass,0.06296088331051877,Safe
3985,11,M06802,Night,42.2,17.1,77.8,75.9,79.2,68.4,Pass,0.0629569611149456,Safe
2347,20,M09236,Afternoon,34.8,15.6,99.2,83.3,93.7,87.9,Pass,0.06295143533419117,Safe
364,17,M00854,Afternoon,32.5,15.4,67.9,81.3,79.7,75.9,Pass,0.06294981427455372,Safe
4784,25,M06783,Morning,34.2,14.1,86.2,90.0,79.5,87.1,Pass,0.06294865159988614,Safe
4242,4,M03328,Morning,34.5,16.3,93.2,87.5,100.0,85.4,Pass,0.06294802354280865,Safe
2442,15,M01975,Afternoon,35.1,16.3,73.7,90.9,99.0,85.4,Pass,0.0629475682968881,Safe
6064,4,M02942,Afternoon,32.5,16.6,85.9,89.3,95.7,97.4,Pass,0.06294535727128739,Safe
924,19,M09445,Night,34.4,16.6,78.9,85.8,88.1,73.7,Pass,0.06294119661054323,Safe
5534,2,M06223,Night,32.9,15.1,80.1,76.8,94.5,83.6,Pass,0.06294059729832269,Safe
2013,12,M06100,Night,39.2,17.1,82.8,81.5,81.7,77.4,Pass,0.06294005860558911,Safe
2647,20,M06145,Night,36.0,15.5,78.2,79.9,66.6,84.7,Pass,0.06293667178244947,Safe
1896,10,M03655,Afternoon,40.2,14.5,91.5,73.9,85.1,77.2,Pass,0.06293602444227815,Safe
7071,13,M04675,Morning,37.2,16.2,76.8,79.4,80.5,72.4,Pass,0.06293424352194227,Safe
584,24,M05978,Morning,36.3,18.3,84.0,89.8,92.4,88.4,Pass,0.06293392516967483,Safe
8960,21,M01510,Night,38.4,16.3,89.3,75.9,87.6,79.7,Pass,0.06293123886347324,Safe
4820,18,M08091,Morning,32.4,15.9,92.5,78.0,87.0,81.6,Pass,0.06292953315998424,Safe
6558,18,M04737,Morning,29.9,18.3,85.0,85.2,70.4,82.1,Pass,0.06292763947553133,Safe
1001,3,M09832,Morning,30.9,16.9,75.3,88.7,86.5,75.2,Pass,0.06292116084493396,Safe
269,20,M06945,Morning,33.2,17.2,80.1,93.3,85.4,84.1,Pass,0.06291691813443444,Safe
2337,16,M01779,Afternoon,35.6,14.7,90.3,71.0,94.7,75.1,Pass,0.06291512126169273,Safe
8325,2,M07383,Morning,32.2,16.1,77.9,80.3,83.0,74.1,Pass,0.06291442903233027,Safe
8415,2,M07843,Morning,35.5,16.4,77.1,76.2,91.2,74.6,Pass,0.0629075537386892,Safe
6737,11,M03407,Night,37.4,15.4,90.7,72.4,84.7,80.3,Pass,0.06290609995320023,Safe
8534,12,M07188,Night,30.9,16.0,69.1,84.6,83.7,78.8,Pass,0.06290527427844175,Safe
1328,14,M07207,Night,35.8,16.8,73.8,83.5,82.4,69.3,Pass,0.06290374406863304,Safe
2672,6,M07419,Morning,29.8,14.2,84.2,77.0,74.9,82.5,Pass,0.06290060697607325,Safe
4458,8,M03304,Morning,35.1,15.0,94.5,82.3,71.1,85.3,Pass,0.06290033137681621,Safe
4668,23,M05369,Night,34.5,16.2,91.3,78.2,84.7,71.6,Pass,0.06289774041098399,Safe
1249,17,M06668,Night,38.1,15.5,73.3,79.5,76.4,72.9,Pass,0.06289666366996993,Safe
2879,7,M07065,Afternoon,31.7,16.1,76.1,78.1,82.6,76.0,Pass,0.06289357825243395,Safe
9385,2,M03594,Afternoon,37.9,14.1,82.0,76.8,81.2,72.5,Pass,0.06289157000986921,Safe
5367,16,M05912,Afternoon,29.2,14.2,88.6,74.6,71.3,76.5,Pass,0.0628846393598658,Safe
6163,6,M09066,Morning,31.4,16.7,86.9,83.9,76.6,84.5,Pass,0.06288066414111247,Safe
3297,10,M03867,Afternoon,27.4,16.6,68.1,88.5,75.4,76.9,Pass,0.06287761399977503,Safe
6410,10,M07707,Night,34.1,16.3,76.6,80.7,78.2,77.0,Pass,0.06287513328221817,Safe
195,13,M00203,Morning,33.7,14.4,82.2,98.9,93.4,88.1,Pass,0.06287408703084625,Safe
6918,16,M06907,Night,34.5,16.0,67.1,88.8,79.5,82.2,Pass,0.06287359639162528,Safe
3797,14,M01552,Afternoon,36.3,14.8,76.2,79.8,81.3,71.9,Pass,0.06287297117027145,Safe
290,8,M00226,Afternoon,37.1,15.9,88.6,76.9,69.7,76.5,Pass,0.06286959903375564,Safe
6561,20,M00920,Morning,35.8,17.4,84.4,76.0,93.6,88.8,Pass,0.0628657326135142,Safe
787,19,M02879,Afternoon,33.0,15.3,92.8,75.5,100.0,86.0,Pass,0.06286553912374504,Safe
6707,8,M08709,Night,33.6,17.3,85.3,84.2,87.1,70.8,Pass,0.06286441091895538,Safe
3847,8,M03279,Night,38.9,15.0,85.5,80.7,72.5,80.6,Pass,0.06285901211169712,Safe
715,25,M06997,Morning,36.5,16.4,80.6,94.0,85.0,87.3,Pass,0.06285847307224897,Safe
8275,6,M07728,Afternoon,35.4,15.9,76.8,85.2,89.1,74.3,Pass,0.06285740780806005,Safe
8142,16,M03285,Afternoon,37.8,15.3,71.0,96.1,79.7,74.9,Pass,0.06284692175886841,Safe
4298,14,M07358,Morning,35.7,14.3,79.8,76.4,71.5,76.1,Pass,0.06284124527062258,Safe
4386,14,M05375,Afternoon,25.0,14.4,80.1,76.2,72.9,76.1,Pass,0.06284095493684831,Safe
6674,14,M01165,Morning,25.0,15.6,87.6,77.4,71.4,76.3,Pass,0.06283662493997613,Safe
9718,15,M08631,Morning,25.1,17.3,77.6,78.6,76.0,71.4,Pass,0.06283328672222406,Safe
3791,16,M08253,Morning,30.6,17.3,77.1,85.0,81.3,71.0,Pass,0.06282801445481867,Safe
4009,9,M05952,Afternoon,31.6,15.9,73.3,71.2,74.1,82.3,Pass,0.06282342829476954,Safe
66,10,M04298,Afternoon,33.9,15.8,75.3,90.7,96.4,71.6,Pass,0.06282027327892371,Safe
9167,4,M02820,Night,31.7,18.1,73.1,81.1,80.8,95.6,Pass,0.06281811979808254,Safe
7789,18,M09605,Morning,35.7,16.5,73.9,82.5,77.0,69.2,Pass,0.06281478199156981,Safe
7004,1,M00101,Night,42.8,15.9,74.7,86.3,89.4,73.3,Pass,0.06281033191110592,Safe
148,15,M03628,Afternoon,32.9,15.5,69.0,77.7,79.5,73.1,Pass,0.06281010223955544,Safe
1088,12,M00769,Morning,39.5,14.4,88.7,83.0,96.4,67.0,Pass,0.0628075492918349,Safe
9953,9,M07442,Morning,38.7,17.7,87.3,78.7,96.7,71.2,Pass,0.06280101942161725,Safe
3920,6,M03454,Night,32.6,15.7,84.9,75.8,83.2,72.9,Pass,0.0627991906297379,Safe
4956,10,M09037,Afternoon,27.4,17.4,95.1,83.9,82.5,96.3,Pass,0.06279729226355917,Safe
9093,20,M08644,Afternoon,32.1,16.2,92.8,93.0,91.6,85.8,Pass,0.06279089572023586,Safe
9026,5,M08656,Morning,28.1,14.2,70.1,89.0,80.0,82.2,Pass,0.06278613508286161,Safe
2831,19,M03053,Afternoon,36.7,14.4,87.8,82.4,84.1,81.0,Pass,0.06277848079777215,Safe
6621,2,M08039,Morning,37.8,15.0,76.4,78.9,89.2,76.4,Pass,0.06277214229570871,Safe
6325,2,M02416,Morning,30.6,16.2,89.2,100.0,83.7,80.2,Pass,0.06275879721763021,Safe
164,23,M03749,Afternoon,35.8,15.8,86.0,86.5,77.6,79.2,Pass,0.06275122512685821,Safe
8321,13,M05174,Morning,29.5,16.0,73.9,91.7,88.5,74.5,Pass,0.06275062137345301,Safe
5842,24,M06997,Morning,26.4,16.2,91.5,84.5,95.2,94.8,Pass,0.06274561471504919,Safe
297,6,M07684,Night,30.7,17.5,79.7,72.5,73.6,75.2,Pass,0.06274427863592674,Safe
6646,1,M00509,Afternoon,31.7,16.8,97.2,84.5,86.4,84.2,Pass,0.06274131555573986,Safe
7074,1,M02252,Morning,34.2,16.2,70.7,80.3,85.8,87.3,Pass,0.06273975257299907,Safe
9553,8,M04095,Afternoon,37.6,13.9,84.4,87.8,87.2,73.1,Pass,0.06273577415492416,Safe
3806,6,M07611,Night,39.3,15.6,67.8,77.3,91.6,76.8,Pass,0.062733802136799,Safe
4107,13,M01838,Night,34.3,16.4,92.3,74.4,83.6,73.2,Pass,0.06273209809822143,Safe
3058,9,M07743,Morning,38.0,15.5,78.3,87.4,76.3,69.5,Pass,0.06272644103895139,Safe
8763,14,M01614,Afternoon,38.1,17.4,70.7,78.8,80.3,87.9,Pass,0.06272445279675512,Safe
8827,21,M09229,Afternoon,29.9,15.2,93.8,98.6,97.7,90.3,Pass,0.06272392882833276,Safe
3623,2,M03923,Morning,41.4,15.4,84.8,84.6,88.9,80.1,Pass,0.06271806806022438,Safe
4828,13,M01790,Morning,31.0,18.6,82.3,79.0,79.9,91.9,Pass,0.06271528016013722,Safe
3259,11,M09132,Morning,34.4,15.5,77.9,80.1,74.2,71.4,Pass,0.0627064766836182,Safe
8511,20,M05647,Morning,38.7,15.9,80.7,87.8,72.7,87.4,Pass,0.06270141564783839,Safe
1255,16,M05137,Afternoon,28.9,18.5,76.7,75.6,82.0,70.0,Pass,0.06269153373418204,Safe
2491,8,M00598,Morning,28.9,16.9,80.3,68.6,82.2,77.1,Pass,0.06267568249373236,Safe
3210,4,M07095,Afternoon,41.4,18.5,76.4,89.3,82.7,84.6,Pass,0.06267390206247085,Safe
5651,15,M01755,Afternoon,30.9,16.3,95.0,80.2,72.9,84.9,Pass,0.0626724335749647,Safe
5398,8,M04535,Afternoon,36.3,14.8,85.6,69.9,76.1,72.6,Pass,0.06266870691545683,Safe
7583,2,M05425,Morning,37.7,16.2,76.3,100.0,79.9,67.8,Pass,0.06266661056656306,Safe
538,7,M07861,Morning,39.0,14.9,87.8,80.1,82.6,70.3,Pass,0.06266498178143601,Safe
7000,4,M05193,Afternoon,33.0,13.3,95.3,90.9,82.6,81.9,Pass,0.06266240293176426,Safe
319,1,M01185,Morning,33.4,16.2,74.7,87.8,84.0,68.3,Pass,0.06266020253814726,Safe
393,3,M01694,Morning,29.0,14.1,82.4,87.6,75.1,87.4,Pass,0.06265508016383707,Safe
2807,19,M00856,Night,39.8,17.4,76.1,80.6,75.3,72.8,Pass,0.06265431897102225,Safe
1170,10,M02052,Morning,34.9,18.5,79.9,89.8,67.1,82.9,Pass,0.06265365420863366,Safe
5235,14,M07929,Afternoon,40.0,18.5,72.4,81.5,92.2,74.4,Pass,0.06264351046210917,Safe
9519,25,M06819,Afternoon,37.5,17.4,82.4,74.4,82.8,86.4,Pass,0.06264016400612912,Safe
4877,7,M00932,Afternoon,32.7,17.0,99.2,79.9,92.5,82.6,Pass,0.06263826362860284,Safe
9951,20,M07990,Afternoon,31.4,17.5,74.7,82.6,81.3,92.1,Pass,0.06263797498200549,Safe
5711,5,M05597,Morning,30.8,17.5,82.9,74.4,71.7,83.7,Pass,0.06263759411080294,Safe
9689,2,M09985,Morning,34.3,14.7,80.1,79.1,72.8,86.8,Pass,0.06263674737197925,Safe
8958,14,M07070,Night,34.9,16.9,78.6,68.0,80.1,71.9,Pass,0.06262635416539793,Safe
1544,20,M05777,Morning,25.2,14.3,74.9,85.5,71.1,84.6,Pass,0.06262389952408193,Safe
7338,14,M09421,Morning,38.2,16.9,82.1,100.0,94.3,68.8,Pass,0.06261955113498868,Safe
7896,15,M07380,Night,34.7,13.4,81.2,81.4,67.4,81.9,Pass,0.06261914536579379,Safe
3195,5,M04729,Morning,33.1,16.3,69.5,78.2,79.1,90.4,Pass,0.06261565180859918,Safe
3550,7,M03812,Afternoon,31.4,16.8,92.3,74.7,82.4,89.7,Pass,0.06261452928120335,Safe
1158,7,M04832,Night,43.3,15.4,79.2,86.9,90.7,75.5,Pass,0.06260927467040699,Safe
6246,7,M05840,Afternoon,33.4,15.5,92.8,100.0,78.4,80.5,Defect,0.06260909469554982,Safe
2375,12,M05434,Afternoon,39.1,15.1,73.9,79.3,80.9,74.4,Pass,0.06260474726728696,Safe
9081,25,M04285,Morning,32.7,16.0,81.7,87.9,72.7,77.8,Pass,0.06259564520301204,Safe
4172,17,M07846,Night,29.8,17.5,75.4,75.4,81.8,83.6,Pass,0.06259531387377666,Safe
1202,17,M04789,Morning,35.0,13.8,89.7,79.1,92.8,84.0,Pass,0.06259290178962532,Safe
513,10,M01366,Night,43.6,15.7,89.2,94.1,79.3,79.6,Pass,0.06259284961258901,Safe
6314,11,M09948,Morning,35.3,16.0,84.1,82.7,96.3,88.1,Pass,0.06259196106246681,Safe
1959,11,M06781,Afternoon,30.4,15.4,75.8,87.8,72.7,87.8,Pass,0.06258688863936727,Safe
142,4,M06669,Morning,31.7,16.3,90.6,76.8,95.5,71.5,Pass,0.06258310063382612,Safe
4079,8,M02726,Night,34.7,13.1,73.8,81.0,92.7,84.8,Pass,0.06258105642485029,Safe
6709,12,M02887,Afternoon,32.9,16.9,77.9,84.8,95.7,77.5,Pass,0.06257840669350888,Safe
9960,23,M07033,Morning,33.2,17.7,82.4,75.1,86.5,100.0,Pass,0.06257667267859884,Safe
8661,24,M07465,Afternoon,36.5,15.7,79.0,80.2,83.1,82.6,Pass,0.06257568049331938,Safe
4604,11,M00891,Morning,43.4,16.8,90.8,96.9,86.7,87.2,Pass,0.06256914342304491,Safe
503,7,M06807,Morning,33.2,17.9,80.3,76.6,85.2,89.2,Pass,0.06256577323118219,Safe
3318,6,M04553,Morning,35.5,16.3,84.0,76.4,79.9,79.3,Pass,0.06256297215069666,Safe
8018,22,M07066,Afternoon,33.0,14.0,82.4,82.6,71.9,76.3,Pass,0.06254834480776364,Safe
9331,22,M03630,Afternoon,41.7,14.6,87.7,69.6,77.0,70.4,Pass,0.06254533385045011,Safe
9090,21,M09045,Afternoon,35.5,16.5,88.3,84.1,94.8,92.4,Pass,0.06254326471983788,Safe
9290,24,M04776,Morning,32.2,15.2,97.5,74.6,80.8,81.1,Pass,0.06254211420562761,Safe
3451,12,M06690,Afternoon,39.8,16.1,86.9,83.8,84.7,67.6,Pass,0.06254156477111511,Safe
3108,12,M08606,Morning,41.5,15.1,74.9,92.8,78.9,75.9,Pass,0.06253728728032511,Safe
4936,9,M06554,Morning,30.5,13.4,88.3,83.3,86.6,88.6,Pass,0.06253097190273676,Safe
4539,3,M07300,Morning,37.8,14.4,78.7,72.5,81.2,68.4,Pass,0.06252256104886353,Safe
3795,17,M01185,Morning,32.2,16.8,78.8,75.3,74.4,70.6,Pass,0.06251982773753872,Safe
7326,12,M05443,Morning,38.3,15.3,76.9,76.1,92.7,77.1,Pass,0.06251604283099839,Safe
4036,20,M03613,Night,34.7,14.8,83.0,85.5,85.4,72.4,Pass,0.06251159508228953,Safe
1126,24,M05006,Afternoon,35.1,17.2,80.2,75.8,86.9,79.3,Pass,0.06251143544218585,Safe
2745,14,M04578,Afternoon,33.4,16.3,74.7,75.4,76.9,71.6,Pass,0.06250672169899302,Safe
5512,10,M06192,Night,37.0,16.2,78.5,85.2,79.7,74.7,Pass,0.0625016586379731,Safe
6823,16,M00049,Night,34.6,14.3,79.9,78.4,96.8,81.1,Pass,0.06250119014263228,Safe
1058,1,M04381,Afternoon,35.6,15.6,81.9,85.0,79.3,70.3,Pass,0.06250091002529418,Safe
3198,5,M04233,Night,35.7,13.6,90.8,79.5,69.3,79.2,Pass,0.06249172163139922,Safe
4970,23,M06156,Afternoon,36.4,15.9,72.4,69.3,85.1,79.7,Pass,0.06249043071401949,Safe
4206,23,M04628,Afternoon,36.5,16.1,91.0,83.3,92.0,98.6,Pass,0.06248488198651644,Safe
8749,16,M00244,Morning,31.5,16.0,83.7,75.0,83.7,84.5,Pass,0.0624847288760922,Safe
735,8,M02181,Morning,34.1,13.6,86.2,90.3,81.3,86.9,Pass,0.06248011564340903,Safe
992,7,M05780,Afternoon,38.5,16.1,75.8,77.7,86.6,84.6,Pass,0.062477023909259126,Safe
581,1,M05302,Afternoon,38.5,14.9,68.6,79.3,87.4,85.9,Pass,0.062470151936462895,Safe
1354,12,M02633,Afternoon,27.0,18.3,97.2,81.2,88.8,77.4,Pass,0.062466609600585705,Safe
4262,1,M06066,Night,36.2,17.1,77.4,87.3,79.2,84.8,Pass,0.062458111734935554,Safe
5531,20,M07988,Afternoon,37.4,12.8,76.4,73.8,87.4,84.0,Pass,0.06245777865825625,Safe
1787,18,M08321,Afternoon,27.6,16.5,96.1,80.9,84.7,77.4,Pass,0.062456719197148056,Safe
1037,13,M04213,Morning,35.6,16.2,93.9,91.9,82.3,82.3,Pass,0.06245014983450114,Safe
3877,11,M01201,Morning,35.0,16.5,97.4,74.7,83.9,94.7,Pass,0.0624483565604044,Safe
2148,4,M09093,Morning,37.1,15.4,88.9,85.6,78.8,70.3,Pass,0.062444102954979624,Safe
6506,10,M06100,Night,34.4,14.9,79.4,79.6,82.6,72.5,Pass,0.06244045979709829,Safe
7698,22,M08540,Afternoon,29.0,14.7,91.6,80.0,76.8,81.0,Pass,0.062436771725692945,Safe
5415,25,M06672,Morning,34.4,14.7,79.7,90.5,98.5,95.1,Pass,0.062431763987465035,Safe
1320,5,M09324,Morning,35.6,17.8,85.9,79.9,95.5,69.9,Pass,0.06242427093690646,Safe
3407,17,M01297,Night,31.2,17.1,72.9,83.5,81.3,82.7,Pass,0.06242382696243935,Safe
5177,19,M01465,Night,30.7,14.2,87.0,89.5,77.0,66.7,Pass,0.06242279313587487,Safe
8697,24,M05940,Night,38.1,17.3,81.5,71.7,84.7,72.8,Pass,0.06242098941109747,Safe
5165,13,M02548,Morning,43.0,16.7,98.6,77.1,95.9,76.1,Pass,0.06242053227168917,Safe
3682,6,M08644,Morning,32.0,15.5,88.0,76.7,83.3,76.7,Pass,0.06241954989374295,Safe
9413,10,M07979,Night,33.6,16.4,79.4,87.1,88.3,70.9,Pass,0.06241938158309515,Safe
1127,21,M00823,Morning,41.8,14.4,77.4,86.4,78.6,74.6,Pass,0.06241742093848998,Safe
1178,15,M07185,Morning,31.0,18.6,77.6,74.0,75.3,82.5,Pass,0.06241279261911723,Safe
2999,16,M02152,Morning,31.3,16.0,85.9,100.0,83.9,88.7,Pass,0.062402269003120854,Safe
4123,23,M09307,Afternoon,40.6,14.6,100.0,94.0,99.7,88.3,Pass,0.062392318544878374,Safe
839,15,M06892,Afternoon,30.2,17.8,77.6,71.1,77.6,81.4,Pass,0.062385553843016285,Safe
2978,13,M07731,Morning,37.5,16.7,87.2,79.2,75.2,71.1,Pass,0.06238291030508411,Safe
991,15,M02117,Night,35.9,17.3,76.8,86.1,82.3,88.6,Pass,0.06238255471523819,Safe
832,13,M08259,Afternoon,37.4,18.2,76.9,100.0,85.5,90.9,Pass,0.06238187061319441,Safe
2645,6,M06345,Morning,32.2,15.6,75.3,80.9,92.3,68.1,Pass,0.06237557194725552,Safe
925,15,M06414,Afternoon,35.4,16.1,76.5,84.0,75.9,84.1,Pass,0.06237311318852891,Safe
9109,21,M04017,Morning,31.4,16.6,79.3,83.5,78.3,68.0,Pass,0.06237062061406726,Safe
4617,10,M09804,Night,31.0,17.2,88.4,85.6,73.7,75.9,Pass,0.062369449268101146,Safe
3281,25,M08089,Afternoon,32.5,15.6,71.2,78.8,68.1,84.1,Pass,0.06236725729672087,Safe
4855,22,M04160,Afternoon,35.1,18.3,87.1,92.7,87.2,79.9,Pass,0.06236598924001447,Safe
3579,14,M09199,Afternoon,33.4,17.1,89.6,83.3,93.8,83.8,Pass,0.062361470066622716,Safe
533,8,M07652,Night,37.9,14.7,76.9,89.9,86.2,65.0,Pass,0.062359595395189676,Safe
6491,4,M08348,Afternoon,35.5,15.3,75.8,72.1,75.1,82.2,Pass,0.06235571509743422,Safe
167,20,M07995,Morning,33.1,13.7,87.0,84.9,82.7,80.5,Pass,0.062351911797137324,Safe
964,22,M09447,Morning,36.5,15.7,83.1,76.8,66.5,79.6,Pass,0.06235056932648691,Safe
7194,20,M09868,Morning,38.4,14.2,73.2,80.9,91.7,82.0,Pass,0.06234820371471325,Safe
9905,11,M04028,Night,33.7,17.1,83.2,90.8,100.0,83.4,Pass,0.06234749971573691,Safe
5294,20,M09082,Morning,36.0,16.2,89.9,100.0,80.4,89.1,Pass,0.062342847747626384,Safe
2031,2,M09794,Morning,36.6,13.8,80.6,89.7,97.2,86.6,Pass,0.06234059402674304,Safe
1851,21,M07118,Morning,37.7,15.7,73.3,77.1,78.5,96.4,Pass,0.06233989236171504,Safe
3012,3,M08459,Morning,36.4,17.1,79.8,70.3,91.9,73.1,Pass,0.06233882173190379,Safe
8709,1,M02721,Morning,36.7,14.4,71.9,79.0,93.0,80.3,Pass,0.06232819177969346,Safe
7833,24,M09818,Morning,36.0,17.0,77.7,99.6,87.2,74.9,Pass,0.06232364757024534,Safe
2391,19,M01284,Morning,40.2,15.9,100.0,79.2,78.8,96.5,Pass,0.06232263163005406,Safe
3378,15,M06354,Morning,36.7,16.4,84.7,79.7,77.7,78.5,Pass,0.062321785887934925,Safe
8613,23,M01233,Night,37.6,14.5,75.5,87.8,85.1,75.6,Pass,0.06232146068153464,Safe
8408,8,M04478,Morning,33.7,14.4,91.5,74.5,77.0,72.4,Pass,0.06232060108390878,Safe
4183,24,M01449,Afternoon,35.7,16.3,85.6,83.3,86.0,68.8,Pass,0.06232034327210596,Safe
9274,1,M08400,Morning,34.9,18.4,89.6,100.0,85.9,100.0,Pass,0.06231841950425555,Safe
4665,15,M06290,Night,32.3,17.4,91.1,85.9,80.7,85.3,Pass,0.06231354813458737,Safe
882,9,M06234,Afternoon,36.9,16.1,74.1,71.9,87.6,85.2,Pass,0.06230764080290698,Safe
9926,20,M07103,Morning,35.0,14.5,83.4,88.5,100.0,80.6,Pass,0.06230142342220742,Safe
1105,25,M03463,Night,35.9,14.4,80.7,74.4,70.7,74.2,Pass,0.06229943874808,Safe
1028,20,M04663,Night,36.7,16.8,83.1,81.5,75.9,85.2,Pass,0.062296700121011205,Safe
2900,7,M02071,Morning,35.5,17.6,84.2,76.1,67.5,76.9,Pass,0.06229582468944765,Safe
4991,24,M07826,Night,37.3,14.1,77.8,78.0,83.6,94.4,Pass,0.062294910130890856,Safe
5519,2,M05052,Morning,39.9,15.2,77.3,80.9,90.6,66.6,Pass,0.06229450986068639,Safe
6913,10,M00805,Morning,30.8,16.6,85.6,92.9,100.0,81.3,Pass,0.06228411269325923,Safe
9218,14,M00993,Night,35.6,15.1,79.3,79.1,76.8,74.8,Pass,0.062282950151676564,Safe
2829,7,M08366,Afternoon,31.3,18.4,93.5,74.5,85.1,93.3,Pass,0.062278647799623436,Safe
709,16,M04859,Morning,44.3,13.9,78.3,79.7,84.8,69.8,Pass,0.06227432560549683,Safe
2302,22,M06252,Afternoon,36.1,14.5,75.7,86.2,89.0,83.5,Pass,0.06227187960720418,Safe
7251,25,M08491,Night,32.8,14.3,83.1,72.9,84.6,76.8,Pass,0.06227002103947199,Safe
2469,1,M06343,Afternoon,33.8,15.5,89.8,91.7,80.0,79.9,Pass,0.06226713611010072,Safe
4775,13,M02972,Morning,33.9,14.0,84.8,87.4,76.3,91.0,Pass,0.062265844388426715,Safe
6795,16,M01894,Afternoon,41.6,16.0,86.4,78.0,89.1,71.4,Pass,0.0622581548570093,Safe
8636,21,M02403,Night,29.5,17.2,73.4,82.8,76.9,92.6,Pass,0.06225759384729941,Safe
1755,3,M06263,Night,33.3,15.3,73.9,79.7,85.3,86.5,Pass,0.062251371172232534,Safe
7442,2,M06958,Morning,35.6,17.1,79.6,85.3,79.4,82.6,Pass,0.06225053584389504,Safe
1677,21,M01713,Morning,32.3,17.4,88.2,74.1,83.6,86.3,Pass,0.062245736633342784,Safe
4868,5,M03940,Morning,34.5,16.8,77.7,71.7,71.8,78.4,Pass,0.062239289844701416,Safe
888,19,M02027,Morning,35.1,15.3,85.1,82.6,87.0,69.7,Pass,0.06223926779948513,Safe
3092,17,M00025,Night,32.7,15.8,69.7,76.7,90.6,77.7,Pass,0.062235877765577416,Safe
5691,20,M03663,Morning,32.9,18.5,74.0,73.2,74.5,83.0,Pass,0.062235118800567625,Safe
8457,11,M08628,Afternoon,28.0,17.5,80.8,73.1,84.0,73.1,Pass,0.06223249927742687,Safe
8256,16,M03035,Night,33.8,14.1,77.8,87.1,81.4,80.3,Pass,0.062216471538997425,Safe
5128,16,M00263,Morning,34.3,16.7,83.4,94.5,96.3,78.7,Pass,0.0622142628177466,Safe
8130,11,M08792,Morning,41.6,17.1,76.4,71.1,87.0,69.1,Pass,0.06220698051654121,Safe
8196,10,M05685,Morning,33.4,15.6,89.1,91.9,90.1,91.3,Pass,0.06220676041825382,Safe
206,11,M06288,Morning,30.4,15.7,84.9,75.9,73.5,77.3,Pass,0.062204194160977444,Safe
7368,12,M08996,Afternoon,33.3,17.6,79.3,83.3,86.8,87.4,Pass,0.06219713968087476,Safe
3771,20,M08265,Afternoon,37.0,15.3,90.1,84.5,84.4,76.3,Pass,0.06219212474404114,Safe
8376,2,M05910,Morning,32.7,16.5,82.7,86.5,83.8,69.3,Pass,0.06218578982286822,Safe
7088,18,M00809,Afternoon,33.3,14.0,86.9,72.8,79.2,75.2,Pass,0.06218505805441481,Safe
2973,10,M04917,Night,30.6,14.0,83.9,83.4,96.2,72.6,Pass,0.06218079178462919,Safe
6889,17,M07132,Morning,30.5,16.2,89.9,86.9,69.7,84.1,Pass,0.06217872356780492,Safe
5627,20,M06222,Afternoon,40.4,16.0,86.8,75.5,84.7,87.8,Pass,0.06217868166087778,Safe
9288,1,M07193,Night,37.1,13.0,74.7,93.9,94.7,86.0,Pass,0.062178074026960496,Safe
9949,25,M05705,Afternoon,39.5,17.3,69.2,80.5,87.8,76.1,Pass,0.06217749424512651,Safe
7852,25,M04278,Afternoon,37.5,17.9,72.9,81.9,88.2,75.5,Pass,0.06217502338277434,Safe
4290,4,M02149,Night,32.5,16.3,89.1,70.1,85.6,75.6,Pass,0.06217155556131618,Safe
824,9,M07642,Morning,37.8,17.1,81.0,77.4,83.2,70.7,Pass,0.06216959199867949,Safe
1507,20,M03357,Afternoon,34.4,13.9,82.6,81.3,80.0,100.0,Pass,0.06216359114655856,Safe
9414,21,M04239,Morning,31.5,18.3,84.9,84.7,100.0,99.2,Pass,0.06216023249210064,Safe
4979,1,M07207,Morning,38.9,15.5,78.2,87.1,71.9,86.1,Pass,0.06215708335755824,Safe
9589,12,M03884,Morning,30.5,16.4,79.3,70.5,86.7,80.5,Pass,0.062156558663003035,Safe
6798,13,M06879,Morning,38.4,17.3,72.6,93.4,78.3,83.4,Pass,0.062150340182992904,Safe
2728,25,M09278,Morning,32.3,15.0,72.8,69.8,86.8,83.2,Pass,0.06214930790049203,Safe
1867,16,M09197,Morning,37.8,17.2,88.3,91.2,71.5,82.5,Pass,0.06214584536684123,Safe
7832,18,M06756,Afternoon,32.6,16.3,77.0,77.0,88.4,94.0,Pass,0.06214466367546874,Safe
2468,14,M09136,Morning,34.6,16.8,75.5,81.3,97.5,83.0,Pass,0.062142210545415306,Safe
3077,10,M02000,Night,36.1,16.5,80.8,70.5,84.5,74.5,Pass,0.06214212345972195,Safe
8353,25,M09570,Night,34.2,17.1,76.2,78.6,80.0,88.5,Pass,0.062137687030777274,Safe
1062,4,M00967,Night,32.5,16.9,76.7,79.6,80.8,74.2,Pass,0.06213699081855735,Safe
553,15,M00954,Afternoon,37.6,15.6,72.0,82.6,84.6,73.4,Pass,0.06213549782269446,Safe
5591,17,M02372,Morning,31.8,15.2,76.0,95.4,75.3,81.0,Pass,0.06213512952517811,Safe
1748,2,M00957,Morning,31.8,16.0,79.9,89.8,100.0,81.1,Pass,0.06212985213939761,Safe
2591,20,M07330,Night,32.6,16.2,91.9,93.3,67.5,74.0,Pass,0.0621298009871615,Safe
5116,14,M09664,Afternoon,40.4,18.4,87.5,82.5,100.0,86.0,Pass,0.06212851946269094,Safe
3075,2,M05930,Afternoon,29.6,13.3,72.7,81.5,71.9,90.0,Pass,0.062128208076413415,Safe
2760,15,M00772,Morning,33.5,15.3,85.4,88.7,80.6,88.0,Pass,0.062124486012719304,Safe
3513,17,M07416,Night,38.7,17.2,75.7,76.0,72.6,77.6,Pass,0.06211627871993142,Safe
7348,17,M00212,Afternoon,33.3,16.7,88.6,78.5,88.6,92.8,Pass,0.06211562494510353,Safe
8258,24,M03263,Night,37.0,16.1,76.3,71.4,77.1,78.0,Pass,0.06211425202873209,Safe
7009,23,M07227,Morning,39.5,14.5,79.3,91.2,78.8,82.9,Pass,0.06211313724147807,Safe
4303,3,M07523,Night,29.7,18.5,100.0,88.8,86.9,91.6,Pass,0.062108835409453424,Safe
2289,3,M04083,Afternoon,35.6,17.4,71.6,79.5,88.9,92.6,Pass,0.062104426197782295,Safe
6088,19,M05312,Morning,35.7,18.3,73.7,71.6,83.2,73.6,Pass,0.062099493450616584,Safe
6628,2,M07420,Afternoon,31.9,16.4,69.6,76.8,84.2,74.0,Pass,0.06209919348581947,Safe
6303,15,M07312,Afternoon,34.7,15.3,88.7,87.6,92.6,78.8,Pass,0.062095150599937095,Safe
484,18,M05746,Afternoon,37.8,17.4,77.1,86.4,78.7,87.6,Pass,0.06209216248926903,Safe
8176,13,M04812,Morning,37.2,15.0,81.6,81.1,79.1,91.8,Pass,0.06208818088282572,Safe
4969,2,M05594,Night,42.6,15.8,80.0,92.8,81.9,76.7,Pass,0.06208669511286592,Safe
5045,19,M00936,Afternoon,34.3,15.7,93.0,86.0,79.9,95.0,Pass,0.06208234431462113,Safe
1608,25,M01710,Night,42.2,16.1,84.4,71.9,83.8,79.5,Pass,0.06208210107348254,Safe
7983,20,M00573,Afternoon,36.2,15.9,73.1,85.2,74.2,85.8,Pass,0.062081688567411364,Safe
7609,2,M08075,Morning,36.7,16.8,72.8,84.4,84.6,87.7,Pass,0.06207496154899667,Safe
8037,10,M08341,Morning,36.7,16.6,91.4,91.2,91.5,76.2,Pass,0.06207318766875686,Safe
3824,7,M01874,Morning,34.7,15.8,80.7,77.0,78.0,100.0,Pass,0.062070271376550294,Safe
692,16,M04781,Afternoon,33.7,17.4,71.1,70.5,87.0,85.5,Pass,0.062070155865584245,Safe
9805,11,M01898,Afternoon,37.4,17.0,74.0,70.4,78.9,87.4,Pass,0.062069512091301154,Safe
4189,17,M07428,Afternoon,35.1,13.1,81.7,71.7,72.0,82.4,Pass,0.0620672842979238,Safe
3462,13,M03697,Morning,43.3,15.3,79.0,77.4,82.2,92.4,Pass,0.062064949419557446,Safe
1831,24,M01389,Night,31.4,18.2,86.4,83.8,77.0,96.4,Pass,0.062062354101800124,Safe
4096,3,M08961,Afternoon,31.5,17.2,99.3,79.2,90.1,86.9,Pass,0.06205190744338141,Safe
6299,17,M09703,Afternoon,34.2,17.6,77.4,82.6,75.6,75.9,Pass,0.06204823565724986,Safe
4044,2,M02973,Afternoon,38.2,16.2,82.4,80.6,80.0,64.4,Pass,0.062046304602521134,Safe
6058,14,M09356,Afternoon,34.4,16.8,87.6,69.0,75.6,70.6,Pass,0.062045877771021204,Safe
5237,12,M06090,Afternoon,29.4,16.2,81.2,88.0,67.4,80.1,Pass,0.06204555638371202,Safe
2502,21,M01634,Night,36.6,17.0,77.8,73.8,81.3,82.7,Pass,0.06204283623983704,Safe
2932,22,M07070,Afternoon,41.6,15.2,80.3,80.2,80.3,83.5,Pass,0.06204268793836615,Safe
2087,5,M07968,Morning,32.3,16.1,76.3,79.7,100.0,81.1,Pass,0.06204193165235658,Safe
7965,12,M09575,Afternoon,36.5,16.5,68.9,87.5,89.7,73.6,Pass,0.06204147655467748,Safe
5288,11,M07621,Morning,34.0,13.5,81.7,72.5,83.6,85.4,Pass,0.062034513255832285,Safe
7639,3,M05025,Morning,36.7,13.7,94.7,95.0,95.9,82.0,Pass,0.06203262969908671,Safe
612,1,M09443,Night,34.9,16.6,77.8,87.0,87.4,80.0,Pass,0.06202519099280272,Safe
6636,6,M08610,Morning,34.5,15.6,87.4,80.7,87.1,84.9,Pass,0.062025042238793675,Safe
2997,19,M03836,Morning,27.2,16.4,94.4,87.2,80.8,91.8,Pass,0.06202229132117219,Safe
9203,25,M02687,Afternoon,35.4,16.9,86.7,80.6,85.9,88.9,Pass,0.06202030195668942,Safe
3397,25,M08549,Night,37.7,15.3,79.1,71.1,75.9,85.9,Pass,0.06202002496303496,Safe
6129,22,M00546,Morning,39.3,14.4,80.7,88.8,82.0,75.3,Pass,0.06201587897238164,Safe
3339,16,M00233,Afternoon,37.0,16.8,70.2,80.0,75.8,92.6,Pass,0.06201492909805892,Safe
8094,4,M09322,Night,31.7,15.5,76.6,74.6,88.7,72.7,Pass,0.06201468378093941,Safe
7377,14,M08720,Afternoon,34.7,18.5,79.3,82.1,79.2,66.6,Pass,0.062012443739436124,Safe
7319,19,M03458,Afternoon,39.1,17.8,84.5,75.5,81.8,74.8,Pass,0.06201234693829247,Safe
12,21,M00770,Night,35.1,15.6,75.0,76.9,72.6,78.0,Pass,0.062007068827132715,Safe
9566,17,M08236,Morning,35.4,15.8,81.1,86.8,86.4,83.7,Pass,0.06200099577003487,Safe
2610,5,M05570,Morning,37.5,16.4,76.1,72.8,85.0,86.3,Pass,0.06200016910915695,Safe
6087,12,M01997,Night,32.5,16.2,75.6,82.6,81.6,83.5,Pass,0.06199578906327117,Safe
8398,17,M03168,Afternoon,38.7,14.9,77.6,90.6,86.7,79.0,Pass,0.06199506966074808,Safe
973,23,M02646,Afternoon,33.2,17.4,72.0,100.0,100.0,83.6,Pass,0.06199197079559242,Safe
2440,19,M04999,Morning,29.4,13.9,84.6,87.1,91.2,79.1,Pass,0.061988137901520066,Safe
2510,24,M08536,Night,35.0,16.2,88.6,80.9,70.9,78.4,Pass,0.06198400794217495,Safe
4374,4,M08598,Morning,26.6,15.9,69.1,81.4,71.8,77.2,Pass,0.06197838072600572,Safe
3963,18,M03894,Morning,35.4,17.0,81.9,89.5,100.0,83.9,Pass,0.0619703138951675,Safe
6793,22,M02420,Morning,28.4,16.9,76.8,91.9,75.9,100.0,Pass,0.06195352454896924,Safe
6094,3,M03123,Afternoon,35.4,16.7,80.6,79.3,77.4,70.7,Pass,0.06195194789012444,Safe
1268,1,M07120,Afternoon,37.3,15.9,97.3,94.2,82.6,83.6,Pass,0.06194855379006354,Safe
1885,4,M06895,Morning,27.0,18.6,80.7,88.7,75.8,75.1,Pass,0.06194229052588331,Safe
2365,7,M06644,Afternoon,40.2,17.1,91.1,69.4,83.6,74.7,Pass,0.06194153845248659,Safe
1374,24,M07275,Afternoon,30.8,13.4,91.3,83.2,78.0,72.1,Pass,0.06193918765628637,Safe
8698,14,M06476,Afternoon,39.7,18.2,95.4,81.0,84.5,71.5,Pass,0.06193865014622532,Safe
8177,10,M06575,Morning,33.8,15.9,85.3,75.7,90.8,72.0,Pass,0.061937751786493224,Safe
2595,11,M01530,Morning,33.8,18.5,68.4,80.9,78.1,92.8,Pass,0.06193624074186954,Safe
2220,3,M08755,Morning,41.0,18.1,93.0,100.0,86.3,93.9,Pass,0.061935758154909315,Safe
2354,21,M05589,Night,30.3,17.1,88.6,76.3,89.6,76.6,Pass,0.06193424490052332,Safe
7592,16,M02984,Night,33.7,16.9,79.5,77.1,76.5,71.8,Pass,0.06193408259094871,Safe
8475,24,M09658,Night,30.9,17.8,80.5,92.2,78.8,75.2,Pass,0.0619323680387673,Safe
9085,16,M06130,Morning,34.3,16.5,85.9,78.5,83.5,72.3,Pass,0.06192904122190388,Safe
8992,1,M09104,Morning,40.3,18.0,79.7,72.5,84.4,76.9,Pass,0.06192831103238247,Safe
1699,13,M02366,Night,30.4,17.5,93.2,81.8,74.6,77.6,Pass,0.06192775021384038,Safe
9594,7,M01190,Morning,37.9,16.1,88.2,85.1,85.7,79.0,Pass,0.06192298053396871,Safe
3516,19,M00581,Night,30.9,16.5,75.8,85.2,75.7,75.9,Pass,0.0619169961882121,Safe
2790,15,M01326,Night,33.4,16.2,82.7,75.9,72.8,76.7,Pass,0.06191092642995428,Safe
7130,25,M02429,Night,38.4,15.4,81.7,91.8,76.2,80.0,Pass,0.06190594849407392,Safe
5557,3,M00199,Morning,31.9,16.1,81.8,78.1,80.2,79.0,Pass,0.06190325745036396,Safe
6415,6,M06998,Morning,34.5,18.0,75.9,78.3,75.7,82.0,Pass,0.061897408982997934,Safe
9944,13,M08657,Afternoon,32.2,17.6,80.0,83.5,76.3,76.3,Pass,0.061884916220337816,Safe
4548,23,M04766,Afternoon,33.2,15.8,86.6,82.3,89.9,88.9,Pass,0.06187844801082787,Safe
625,10,M07115,Afternoon,34.6,16.7,69.7,77.2,68.9,85.5,Pass,0.06187504101827401,Safe
6060,9,M08748,Night,30.0,15.7,93.1,78.2,74.3,76.9,Pass,0.06186511290535992,Safe
8381,18,M08164,Afternoon,32.3,15.9,80.0,72.7,79.3,81.6,Pass,0.061860736559555436,Safe
1092,17,M05233,Afternoon,35.9,16.2,83.6,90.8,74.4,72.9,Pass,0.06185984975074546,Safe
1061,15,M05589,Night,30.1,13.8,77.8,83.3,81.3,79.1,Pass,0.06185464397941878,Safe
5996,7,M04655,Afternoon,34.8,18.6,76.5,76.7,75.9,71.3,Pass,0.061850040273921915,Safe
2385,7,M01137,Morning,38.6,16.4,86.1,86.6,98.6,86.6,Pass,0.06184482544815028,Safe
6278,21,M00655,Morning,42.4,17.0,91.5,77.6,81.3,65.8,Pass,0.06184254846460435,Safe
3280,2,M00675,Night,40.1,14.9,86.1,78.1,80.3,69.0,Pass,0.06184138739930753,Safe
9745,11,M01884,Morning,36.8,16.4,74.8,73.0,80.6,87.4,Pass,0.06183509575910083,Safe
8922,3,M06201,Morning,31.2,16.4,84.2,74.9,91.9,89.4,Pass,0.061833300378377504,Safe
1849,24,M06060,Night,29.2,14.4,82.4,79.6,82.0,71.7,Pass,0.06183175224810806,Safe
5352,9,M09357,Night,38.3,15.4,76.8,74.9,93.3,79.0,Pass,0.06183089424801505,Safe
3041,16,M06069,Morning,34.2,16.8,91.2,77.2,83.5,74.3,Pass,0.06181701829911823,Safe
1393,19,M04877,Morning,40.4,13.6,83.8,74.4,75.8,69.2,Pass,0.061815030747645376,Safe
9742,25,M04351,Morning,34.2,17.0,86.1,74.7,71.2,78.6,Pass,0.061810907662540326,Safe
1626,8,M03912,Afternoon,34.3,15.2,77.7,91.8,100.0,81.7,Pass,0.06181042600430095,Safe
4425,4,M03358,Morning,31.9,14.7,83.3,79.0,77.0,77.9,Pass,0.06180991694210622,Safe
2684,18,M05662,Morning,33.9,14.3,89.1,81.2,80.4,93.0,Pass,0.06180984931017062,Safe
3440,22,M04445,Night,30.2,15.7,77.3,80.3,80.8,89.8,Pass,0.06180726985200218,Safe
2963,11,M04155,Morning,32.8,17.6,71.5,93.2,90.1,81.2,Pass,0.06180387100927175,Safe
9201,19,M00711,Night,37.4,15.2,69.7,82.1,82.6,73.1,Pass,0.06178723412600259,Safe
8243,25,M02441,Morning,30.3,14.8,81.3,79.5,74.7,97.8,Pass,0.06178181422309403,Safe
5734,9,M09054,Afternoon,32.5,16.4,84.4,100.0,95.0,88.7,Pass,0.061780864823434936,Safe
595,4,M03073,Night,38.7,17.2,70.6,73.4,83.1,76.5,Pass,0.061778104993161095,Safe
4691,2,M07024,Morning,31.4,14.6,80.4,79.4,75.9,67.6,Pass,0.061777729966808546,Safe
3416,4,M08200,Afternoon,33.4,13.5,70.7,79.9,69.4,81.9,Pass,0.06177422252293065,Safe
1610,12,M00106,Afternoon,29.8,17.4,84.1,73.5,76.5,72.5,Pass,0.0617737977642186,Safe
4201,3,M05163,Night,29.0,14.6,99.8,79.6,83.4,79.2,Pass,0.06177228984954988,Safe
5640,17,M09837,Morning,36.0,15.9,92.6,75.9,100.0,91.6,Pass,0.06177175809996161,Safe
4544,13,M00129,Morning,36.8,18.3,92.8,87.6,79.3,93.7,Pass,0.061768807350882235,Safe
7575,25,M08810,Morning,40.0,15.5,87.9,92.0,84.3,93.1,Pass,0.06176757741641255,Safe
1873,11,M06543,Afternoon,32.6,15.0,83.7,85.6,86.6,83.0,Pass,0.06176742647567667,Safe
6540,19,M03993,Afternoon,28.9,16.1,89.0,99.2,86.2,76.6,Pass,0.06176716776332232,Safe
1808,16,M03292,Morning,38.6,15.3,79.3,81.5,80.5,72.0,Pass,0.06176460838516567,Safe
3279,23,M04494,Morning,34.9,16.1,92.3,81.9,71.2,83.7,Pass,0.061752145480242576,Safe
7295,5,M03999,Morning,35.4,13.6,82.7,81.5,91.7,70.8,Pass,0.06174967178474912,Safe
3235,25,M07936,Morning,30.5,15.6,72.6,89.6,74.1,87.6,Pass,0.061740670070107244,Safe
1059,21,M04758,Afternoon,38.8,15.8,78.7,69.5,78.9,74.1,Pass,0.06173653948304058,Safe
6046,20,M04634,Night,36.6,16.3,74.8,83.2,82.5,75.7,Pass,0.06173444042883437,Safe
4334,6,M07125,Afternoon,31.1,15.3,80.1,81.0,79.6,77.1,Pass,0.06173069494652173,Safe
5388,7,M06682,Night,33.5,16.9,72.2,76.7,88.6,87.2,Pass,0.061724887561829804,Safe
4100,11,M01094,Morning,32.6,13.7,76.8,68.0,88.7,76.8,Pass,0.06171931969534138,Safe
7487,25,M04939,Afternoon,33.6,18.3,100.0,79.1,92.8,94.2,Pass,0.06170814766456813,Safe
7800,8,M09325,Morning,33.5,16.4,90.4,81.0,91.3,93.6,Pass,0.06170749921182818,Safe
987,18,M00095,Afternoon,35.7,14.2,92.5,79.1,81.7,66.8,Pass,0.061707338859326215,Safe
2844,8,M01775,Night,29.5,16.2,70.4,90.2,82.5,83.0,Pass,0.06170666995198181,Safe
1767,22,M01240,Afternoon,32.1,17.4,83.9,75.4,88.7,85.3,Pass,0.06169876635366786,Safe
1679,17,M06564,Morning,36.9,18.9,77.0,79.0,86.0,92.1,Pass,0.06169775784955738,Safe
4011,10,M07740,Morning,32.1,18.1,91.2,76.2,73.8,80.2,Pass,0.06169749610123773,Safe
477,24,M00418,Morning,35.3,16.8,80.1,71.5,91.4,74.0,Pass,0.06169353037833256,Safe
4487,15,M09222,Morning,35.1,14.3,70.5,84.9,85.6,93.3,Pass,0.06168474799230861,Safe
5789,20,M00146,Night,34.6,17.9,78.2,88.1,72.6,77.2,Pass,0.06167954239540266,Safe
9158,25,M04020,Afternoon,30.7,15.9,78.2,76.4,71.8,86.4,Pass,0.061673012197171306,Safe
7534,9,M00770,Afternoon,32.1,15.9,82.7,80.5,79.3,68.8,Pass,0.0616699568938531,Safe
6033,20,M07434,Night,29.0,14.7,89.5,100.0,83.2,67.5,Pass,0.061668445628602575,Safe
615,7,M03377,Night,33.2,16.4,82.4,74.1,70.8,75.8,Pass,0.06166844059943897,Safe
3043,23,M04700,Morning,37.1,15.5,77.3,82.4,82.0,92.7,Pass,0.06166505705508838,Safe
1834,24,M01368,Afternoon,36.8,17.6,67.2,73.8,77.3,80.4,Pass,0.06166377456764133,Safe
9638,14,M08233,Morning,34.4,17.8,92.8,82.0,80.0,78.8,Pass,0.061663743976652266,Safe
7670,24,M01824,Morning,31.6,16.4,87.0,85.4,88.7,88.2,Pass,0.061660608622197154,Safe
3445,2,M02788,Night,31.4,17.8,77.0,70.9,78.7,81.7,Pass,0.06165780419388625,Safe
7526,19,M04608,Afternoon,31.6,14.3,81.1,75.9,84.0,70.6,Pass,0.06165528354221962,Safe
7099,11,M08875,Morning,36.4,15.3,82.2,92.4,78.8,67.3,Pass,0.06165462521770654,Safe
6091,6,M00524,Afternoon,33.1,17.4,92.5,93.7,77.8,74.8,Pass,0.06165440814576324,Safe
9674,10,M02103,Morning,41.2,16.5,82.0,71.5,81.9,86.2,Pass,0.061652951816532416,Safe
2583,19,M02592,Afternoon,28.5,15.8,73.7,80.3,83.0,93.8,Pass,0.0616523157157969,Safe
9074,15,M00501,Afternoon,33.7,15.3,86.9,90.2,93.6,83.0,Pass,0.061647652728127264,Safe
2687,2,M08788,Morning,39.8,18.3,86.0,84.2,79.0,82.1,Pass,0.061644777218248806,Safe
5265,20,M09402,Night,38.2,15.1,72.6,85.8,72.5,69.7,Pass,0.061643512061681324,Safe
3527,16,M09866,Night,40.0,14.2,83.5,73.3,96.0,84.7,Pass,0.06164129288474371,Safe
2093,11,M02495,Morning,33.2,15.8,77.6,86.2,85.3,78.0,Pass,0.06164129253909843,Safe
2942,9,M04459,Afternoon,39.3,17.4,79.2,86.7,81.6,95.8,Pass,0.061630028670966376,Safe
391,11,M04466,Night,34.0,14.8,76.3,87.7,70.7,75.6,Pass,0.06162932376998007,Safe
6333,7,M00545,Afternoon,35.3,14.0,100.0,80.9,82.7,98.8,Pass,0.061624340337738254,Safe
7953,14,M06122,Afternoon,32.1,15.9,88.1,100.0,82.7,82.6,Pass,0.061617279062161856,Safe
6972,1,M01753,Afternoon,40.1,15.2,67.3,78.0,74.0,84.2,Pass,0.061610286165850035,Safe
5001,15,M07190,Morning,30.2,16.8,82.1,88.5,84.7,69.6,Pass,0.06160770450640718,Safe
2800,8,M00704,Morning,38.4,17.4,98.0,100.0,83.1,84.4,Pass,0.0616037061887762,Safe
6403,13,M05931,Morning,38.2,15.0,75.2,80.4,87.8,79.7,Pass,0.061599676352709264,Safe
5078,7,M05595,Morning,39.4,17.9,89.5,83.7,100.0,78.6,Pass,0.06158545417685613,Safe
3683,8,M06433,Night,32.1,15.9,86.9,72.9,85.0,88.1,Pass,0.06158207053661039,Safe
5493,21,M04819,Afternoon,41.3,17.1,74.2,95.9,83.4,70.2,Pass,0.06157559199332195,Safe
9273,18,M09224,Afternoon,37.3,14.1,78.3,89.8,75.3,82.6,Pass,0.06157388923675031,Safe
1882,21,M08565,Night,36.5,16.6,75.4,74.9,75.6,73.0,Pass,0.06156749136435054,Safe
4157,21,M02259,Afternoon,28.0,16.8,79.5,73.0,77.7,74.9,Pass,0.06156497940404994,Safe
2485,6,M08617,Afternoon,35.0,15.8,70.5,83.3,88.1,82.9,Pass,0.06156453809784031,Safe
2819,6,M08211,Morning,35.6,16.8,83.2,69.7,82.1,84.8,Pass,0.06155934395822881,Safe
3822,17,M09910,Morning,31.7,15.9,83.1,72.1,79.8,85.4,Pass,0.06155415762640543,Safe
9099,22,M06438,Night,32.2,16.9,70.1,83.9,78.0,89.3,Pass,0.061553423310938514,Safe
8691,2,M01182,Afternoon,26.5,14.7,81.4,81.7,79.2,84.4,Pass,0.06155058690953342,Safe
5123,2,M05697,Morning,32.9,15.5,78.2,86.3,91.0,71.2,Pass,0.06154982140154676,Safe
337,9,M01410,Night,38.5,15.4,88.7,79.9,81.9,81.6,Pass,0.06154093892492403,Safe
3868,8,M03607,Afternoon,31.1,16.3,80.6,68.6,82.8,94.5,Pass,0.06154002013230087,Safe
6133,18,M09155,Afternoon,35.8,16.1,71.5,81.0,81.4,88.5,Pass,0.061536995427728475,Safe
5731,11,M00597,Night,35.0,16.5,84.1,70.3,84.5,70.0,Pass,0.06151954301040728,Safe
5744,1,M02660,Night,37.3,15.9,94.3,87.2,70.2,78.8,Pass,0.0615156624458282,Safe
2174,21,M04201,Night,34.3,18.2,90.0,84.3,89.7,66.9,Pass,0.06151498385800835,Safe
610,15,M04176,Afternoon,36.6,14.4,83.8,79.2,75.4,67.5,Pass,0.06151466744819059,Safe
8589,15,M05875,Afternoon,39.4,16.4,94.0,83.4,79.8,74.2,Pass,0.061508470370441985,Safe
2443,9,M03292,Night,28.9,15.7,72.2,91.6,100.0,74.4,Pass,0.06150828267123759,Safe
1157,2,M04224,Morning,31.1,16.4,70.4,83.8,88.0,80.6,Pass,0.06150663917810752,Safe
9211,21,M04181,Night,32.1,15.6,76.8,84.4,77.3,71.8,Pass,0.06149773918115924,Safe
5219,19,M00693,Morning,42.7,15.1,86.3,81.9,84.0,93.1,Pass,0.061496240227820714,Safe
6595,2,M02437,Afternoon,31.6,18.0,74.2,78.3,78.4,72.6,Pass,0.06149359033826638,Safe
2418,16,M02097,Morning,33.5,15.3,93.0,89.7,88.3,84.8,Pass,0.061491117401473894,Safe
9563,10,M05468,Afternoon,34.7,16.1,75.2,78.6,70.2,77.9,Pass,0.06148664756412783,Safe
7489,12,M09720,Afternoon,36.9,14.1,76.8,100.0,95.4,63.4,Pass,0.06148201279557826,Safe
3638,3,M03664,Morning,38.3,17.6,75.9,85.7,83.6,68.5,Pass,0.061479300546197074,Safe
9126,3,M06861,Night,39.2,17.3,76.5,87.2,76.0,67.5,Pass,0.06147779585424036,Safe
1756,6,M01059,Night,30.7,16.0,83.0,76.7,79.5,69.0,Pass,0.06147331024000147,Safe
3910,19,M08691,Morning,32.9,15.8,78.5,68.4,82.5,70.3,Pass,0.06147130329396975,Safe
7356,10,M08743,Night,29.3,17.4,89.3,73.7,70.3,74.4,Pass,0.061469685379078154,Safe
4294,25,M01880,Night,38.6,13.9,81.7,75.0,75.6,78.8,Pass,0.06146930931933617,Safe
422,23,M03148,Night,29.4,14.9,87.9,89.8,81.4,83.9,Pass,0.06146489875025341,Safe
9195,2,M00893,Night,39.8,15.9,75.5,88.9,87.3,78.6,Pass,0.061464588948340525,Safe
4229,22,M02388,Afternoon,36.8,17.9,81.0,71.1,76.0,75.5,Pass,0.06145972154646283,Safe
5537,24,M03842,Morning,35.9,18.2,90.1,91.6,83.4,81.4,Pass,0.06145200245296593,Safe
3104,8,M03176,Afternoon,33.0,16.7,79.1,75.4,77.7,82.6,Pass,0.06144697831380854,Safe
3688,13,M08320,Morning,35.2,14.7,85.7,77.5,85.8,77.2,Pass,0.06143929770607235,Safe
3952,9,M00817,Night,33.7,18.6,76.0,78.8,83.3,79.1,Pass,0.061439181200798575,Safe
3801,11,M09866,Morning,40.9,17.4,73.1,82.8,83.1,79.2,Pass,0.061436891968044575,Safe
6992,23,M01583,Morning,34.2,15.4,100.0,83.5,75.4,98.9,Pass,0.06143139092966782,Safe
1462,4,M09740,Afternoon,37.2,14.0,76.4,87.8,80.5,83.9,Pass,0.061430754467385135,Safe
2239,23,M06911,Morning,35.7,14.5,81.2,85.7,75.4,88.7,Pass,0.061426245640587476,Safe
508,4,M02915,Night,27.9,13.8,88.9,83.8,83.5,93.7,Pass,0.06142451449106257,Safe
7898,18,M07281,Afternoon,39.7,16.4,70.0,76.4,82.3,87.5,Pass,0.0614184891062262,Safe
1100,14,M01482,Morning,33.0,15.4,84.0,79.2,76.8,85.9,Pass,0.061412939465224685,Safe
707,15,M08581,Morning,29.8,14.4,84.0,76.7,98.1,93.6,Pass,0.06141191683015621,Safe
1317,5,M00921,Afternoon,41.0,15.4,93.1,72.6,84.2,76.5,Pass,0.061408037101832,Safe
9507,1,M04183,Morning,35.0,15.6,76.2,76.3,82.0,67.4,Pass,0.061406166802357234,Safe
2551,1,M05417,Morning,33.2,18.1,80.0,85.9,78.1,89.4,Pass,0.06139868554614407,Safe
6480,1,M06239,Morning,26.9,12.9,84.6,77.8,84.9,69.0,Pass,0.06139713505769549,Safe
1121,14,M02539,Night,32.2,14.7,72.7,79.5,82.1,68.3,Pass,0.06139520568126331,Safe
7649,9,M06907,Morning,28.8,16.9,84.5,85.5,83.4,98.4,Pass,0.06138622388178005,Safe
7247,9,M00029,Afternoon,32.2,15.3,90.2,84.6,82.1,92.6,Pass,0.06138362796552176,Safe
1583,16,M02044,Afternoon,36.3,15.9,93.1,86.4,78.2,94.1,Pass,0.06138181157977557,Safe
1627,17,M09906,Morning,35.0,15.9,83.1,88.8,80.7,93.1,Pass,0.061378778248747726,Safe
3101,24,M08393,Morning,26.7,17.4,80.9,81.3,91.1,75.7,Pass,0.06137846319214962,Safe
4127,22,M07003,Afternoon,35.9,15.7,74.0,73.0,86.5,86.9,Pass,0.06136588496787842,Safe
6691,14,M08920,Night,35.4,18.3,78.9,90.0,92.0,80.5,Pass,0.0613657994453483,Safe
3733,25,M09281,Afternoon,37.0,16.9,67.1,81.5,79.7,72.3,Pass,0.06136178930025822,Safe
6556,11,M05399,Afternoon,38.1,17.1,93.2,87.7,78.2,91.2,Pass,0.06135894455490765,Safe
8123,23,M05258,Morning,42.3,17.7,76.9,73.7,87.3,81.2,Pass,0.061354654801229806,Safe
8695,24,M03535,Afternoon,31.1,16.5,73.1,83.8,93.4,83.5,Pass,0.06132643996721054,Safe
4318,11,M05209,Morning,34.1,17.9,79.7,87.1,72.8,92.4,Pass,0.061326381111847954,Safe
4821,20,M02331,Morning,35.9,16.4,83.9,81.9,74.3,74.1,Pass,0.06130941426334239,Safe
6952,6,M02097,Afternoon,31.8,16.5,95.6,83.0,77.5,90.2,Pass,0.0613072180151591,Safe
6370,7,M08626,Night,30.0,17.7,76.5,75.3,67.7,79.7,Pass,0.06130713599838165,Safe
5155,23,M04634,Afternoon,30.7,15.8,87.1,75.8,86.5,78.5,Pass,0.061304863696171205,Safe
5997,2,M06251,Afternoon,31.3,15.9,82.5,71.7,82.0,84.3,Pass,0.06130427343724577,Safe
762,24,M08473,Morning,39.6,13.9,77.8,82.1,83.9,82.2,Pass,0.06129604547604989,Safe
3934,3,M01949,Morning,32.1,16.5,100.0,81.3,80.7,84.7,Pass,0.06128538432763672,Safe
7119,11,M08789,Afternoon,32.2,14.4,89.2,94.0,83.4,85.9,Pass,0.0612821680456523,Safe
7757,22,M05115,Morning,35.1,14.8,91.3,95.9,96.6,80.8,Pass,0.061278681429692054,Safe
8726,10,M09097,Afternoon,37.9,15.5,100.0,100.0,91.5,83.2,Pass,0.061276254883424607,Safe
8498,12,M05388,Afternoon,39.8,15.0,75.5,70.6,86.7,75.9,Pass,0.06127356562555902,Safe
7079,10,M04676,Afternoon,42.8,15.0,73.6,94.0,77.1,86.3,Pass,0.06126975161417638,Safe
7146,23,M08160,Afternoon,37.2,15.4,82.9,75.7,97.7,72.4,Pass,0.06126573585046056,Safe
6816,15,M08773,Morning,36.7,15.9,92.1,75.2,79.2,84.2,Pass,0.0612639937084909,Safe
8857,21,M04612,Morning,39.3,15.3,86.9,72.2,78.0,86.7,Pass,0.06126192483007247,Safe
907,13,M07985,Night,28.6,15.5,81.1,91.2,86.0,79.5,Pass,0.061254007124510804,Safe
982,9,M03720,Night,34.0,13.5,85.7,78.9,69.1,85.2,Pass,0.061252412929188225,Safe
7409,3,M05973,Morning,29.4,15.1,87.5,78.6,88.4,86.3,Pass,0.06123757123965998,Safe
8991,24,M09405,Morning,42.6,15.8,75.0,88.7,85.7,69.8,Pass,0.06123397890412313,Safe
1585,1,M03497,Night,29.7,16.2,77.2,85.9,85.0,67.1,Pass,0.061224751640321144,Safe
286,15,M03437,Morning,39.4,13.8,97.1,89.0,76.1,71.7,Pass,0.06122323715385142,Safe
9569,9,M04081,Afternoon,29.2,17.9,90.5,86.7,90.3,90.7,Pass,0.0612184095670901,Safe
8881,22,M02986,Afternoon,36.1,15.2,76.1,88.0,75.7,70.5,Pass,0.06121717416578359,Safe
9168,20,M06656,Morning,32.0,16.5,75.9,70.3,89.7,71.3,Pass,0.06121330355759464,Safe
8672,13,M05873,Morning,29.2,16.3,70.9,87.7,81.7,94.1,Pass,0.061209236762338935,Safe
7707,14,M02356,Afternoon,27.9,16.5,73.2,85.4,90.6,74.1,Pass,0.061208298597885076,Safe
8550,22,M08530,Morning,39.4,15.6,77.2,89.3,74.0,76.5,Pass,0.06120662543749095,Safe
6761,4,M05957,Morning,39.1,14.8,83.3,80.4,82.7,78.5,Pass,0.06120032232590487,Safe
7059,8,M03937,Night,40.0,16.3,72.9,85.8,74.6,87.2,Pass,0.061178887187269694,Safe
7376,14,M07479,Morning,29.6,18.4,92.4,85.0,91.3,85.1,Pass,0.0611699067628142,Safe
6845,25,M09080,Night,30.0,15.2,89.3,79.1,80.0,70.8,Pass,0.06116928209290471,Safe
8736,7,M00353,Night,37.3,14.7,90.4,77.5,69.6,81.2,Pass,0.06116180670398723,Safe
7244,11,M09622,Afternoon,38.0,18.0,70.1,74.2,100.0,84.6,Pass,0.061159914720944064,Safe
713,13,M03375,Afternoon,33.2,15.9,78.0,91.0,100.0,83.5,Pass,0.06115222555301093,Safe
8833,11,M08028,Afternoon,30.9,14.2,84.6,82.8,84.6,85.9,Pass,0.061151442524031825,Safe
6289,9,M07788,Night,28.0,14.5,74.9,74.1,79.2,69.0,Pass,0.061145836744547724,Safe
1529,21,M07425,Night,40.2,14.9,88.4,82.5,77.6,89.3,Pass,0.061142195205558594,Safe
8076,9,M06598,Morning,35.0,15.7,71.2,76.2,92.3,82.7,Pass,0.0611414211342416,Safe
2614,23,M00588,Afternoon,37.8,15.9,78.3,97.3,82.4,81.5,Pass,0.06113550295176516,Safe
6639,9,M04422,Morning,35.9,16.6,84.2,73.8,80.2,85.0,Pass,0.061133666781727006,Safe
467,21,M07724,Morning,30.3,15.2,86.4,73.3,87.7,80.8,Pass,0.061130397136935695,Safe
8292,20,M06036,Afternoon,25.7,17.8,95.0,95.4,78.2,88.9,Pass,0.06112752555490359,Safe
6596,6,M05518,Morning,33.9,17.7,97.7,89.1,93.3,97.9,Pass,0.06112208140560708,Safe
6696,13,M09336,Afternoon,29.6,16.3,85.0,73.4,81.9,66.5,Pass,0.06112160914272079,Safe
4007,9,M00003,Morning,36.9,16.0,71.0,78.1,90.6,90.4,Pass,0.06111572497695116,Safe
7902,13,M04608,Morning,34.4,16.6,80.6,82.1,70.2,78.5,Pass,0.061115720386830816,Safe
8169,17,M01309,Afternoon,37.8,16.6,79.1,71.6,75.1,76.0,Pass,0.061115279951994304,Safe
1200,9,M01387,Morning,33.6,16.3,91.6,77.5,91.9,66.1,Pass,0.061114775798432934,Safe
6356,1,M09636,Night,34.7,16.1,86.8,77.7,89.4,70.0,Pass,0.06111369727896502,Safe
1513,16,M09079,Night,31.0,17.9,75.0,75.3,80.7,73.7,Pass,0.06110785843970256,Safe
1804,15,M03073,Morning,34.1,18.0,80.9,84.7,89.9,70.3,Pass,0.061103011810076636,Safe
8903,8,M00672,Night,28.2,16.2,68.9,78.1,87.3,70.4,Pass,0.06109499569771819,Safe
4980,25,M04156,Morning,32.4,16.6,94.9,82.1,77.0,71.3,Pass,0.06108883708657758,Safe
7876,14,M02836,Afternoon,35.1,14.6,91.0,84.2,96.8,87.0,Pass,0.06108445761575056,Safe
1774,9,M06639,Night,41.6,16.6,84.4,74.1,83.6,88.0,Pass,0.06108146082733931,Safe
1272,13,M05388,Night,31.0,16.9,75.9,82.8,82.2,76.0,Pass,0.06107923513450937,Safe
7030,13,M03721,Morning,37.4,16.3,80.0,90.9,83.2,71.8,Pass,0.061077251982465164,Safe
5037,3,M00865,Afternoon,29.7,17.7,87.5,74.7,81.6,71.3,Pass,0.06107536227446159,Safe
6149,16,M00866,Afternoon,33.2,15.8,82.2,75.4,70.3,77.4,Pass,0.06104783352317897,Safe
8739,16,M05345,Morning,33.5,15.7,87.7,75.5,73.1,86.6,Pass,0.06104749348417515,Safe
3574,17,M03855,Night,30.1,15.1,74.7,71.0,80.6,88.1,Pass,0.061046936515431555,Safe
1222,16,M07716,Morning,33.6,15.0,91.9,74.5,82.3,81.5,Pass,0.06104370263575272,Safe
4899,3,M05309,Morning,38.8,17.5,75.3,74.0,73.7,88.3,Pass,0.061042510807904966,Safe
6358,13,M00573,Afternoon,34.7,16.8,82.0,72.1,77.4,75.5,Pass,0.06103591626834854,Safe
6391,23,M00836,Morning,34.4,16.2,88.7,90.2,84.9,73.9,Pass,0.06101908513386173,Safe
2356,8,M04967,Morning,34.1,15.8,84.0,82.9,78.2,74.1,Pass,0.06101878366854621,Safe
5405,18,M05297,Morning,32.5,17.2,84.4,97.4,81.3,68.5,Pass,0.06101870777072065,Safe
2426,22,M02840,Night,29.0,13.2,88.6,72.7,79.0,73.8,Pass,0.06101807575744028,Safe
5181,7,M08865,Morning,37.4,14.9,92.0,81.0,77.9,72.5,Pass,0.06100866677550324,Safe
946,14,M02713,Morning,36.9,14.0,72.6,88.0,77.6,87.2,Pass,0.061007457432028456,Safe
3564,24,M06580,Afternoon,30.5,17.9,86.7,99.0,82.1,93.5,Pass,0.061007368466927836,Safe
1251,14,M09829,Night,41.4,18.5,90.8,75.6,85.1,83.2,Pass,0.06100617556096494,Safe
3178,8,M07759,Night,37.4,15.2,82.4,79.9,80.6,92.9,Pass,0.06100012658986139,Safe
215,21,M06547,Afternoon,30.4,15.5,93.3,81.5,100.0,95.8,Pass,0.06100009404397259,Safe
3013,12,M01709,Morning,29.8,18.8,83.4,83.1,86.2,90.3,Pass,0.06099534959688101,Safe
4209,22,M07324,Morning,38.0,16.8,80.9,77.1,84.4,70.3,Pass,0.060982857419473485,Safe
4928,21,M07136,Morning,29.3,16.9,88.8,88.9,86.4,92.3,Pass,0.06097260646318739,Safe
8675,18,M09269,Morning,28.2,16.2,80.6,80.3,80.3,89.8,Pass,0.060971993263788236,Safe
5783,1,M02810,Afternoon,29.8,16.1,81.1,84.4,80.6,71.3,Pass,0.0609716268964278,Safe
6387,4,M06438,Afternoon,36.6,16.1,89.5,91.1,97.6,75.1,Pass,0.060961908509350037,Safe
8574,20,M05939,Morning,35.6,12.8,74.8,72.5,74.4,82.4,Pass,0.060958079714865346,Safe
1604,14,M00918,Morning,29.0,15.1,80.0,72.4,75.6,73.0,Pass,0.06095198225482336,Safe
4744,11,M09222,Night,32.5,15.5,80.8,73.6,80.0,74.3,Pass,0.06094828858423864,Safe
8593,5,M04244,Afternoon,33.5,17.5,94.9,78.3,80.7,75.9,Pass,0.060941727792998085,Safe
8131,18,M08706,Night,39.2,15.2,79.5,72.0,77.3,81.7,Pass,0.060936133611381484,Safe
2802,14,M06377,Night,41.7,14.3,73.9,74.6,95.4,70.5,Pass,0.060936016801779305,Safe
2006,12,M07124,Night,35.8,17.1,88.3,83.7,77.0,79.4,Pass,0.06092860028335987,Safe
5797,6,M01821,Morning,35.8,17.1,92.5,76.9,95.3,81.8,Pass,0.060921573462074725,Safe
8952,3,M06964,Night,32.5,16.4,86.3,77.3,86.9,71.5,Pass,0.060921360561829244,Safe
6931,16,M03619,Morning,38.1,16.1,73.7,82.9,93.6,83.5,Pass,0.0609211569967404,Safe
7023,5,M08462,Night,37.3,15.1,73.2,79.9,83.0,79.1,Pass,0.06091736004031852,Safe
6340,16,M06822,Morning,35.6,18.7,71.8,74.1,78.3,100.0,Pass,0.060916411600214576,Safe
7476,17,M02511,Afternoon,33.8,14.8,79.4,82.1,86.6,70.3,Pass,0.06090974218441336,Safe
8274,18,M09764,Afternoon,35.0,16.7,76.1,87.3,86.1,67.6,Pass,0.06090973747223962,Safe
1716,7,M03375,Night,33.7,18.6,76.6,87.7,89.3,66.9,Pass,0.060909222146106695,Safe
3586,21,M00681,Morning,30.6,16.4,70.8,98.6,87.5,80.3,Pass,0.06090864198745109,Safe
9438,24,M00503,Morning,36.2,15.8,76.3,74.8,82.0,81.6,Pass,0.06090414411986512,Safe
442,8,M06906,Night,29.6,17.7,78.3,80.0,68.3,78.6,Pass,0.06090167859804975,Safe
6672,21,M09006,Night,35.6,15.1,91.9,83.7,85.3,69.1,Pass,0.060899696143195986,Safe
3262,11,M01462,Afternoon,31.6,13.4,87.8,79.3,85.6,95.7,Pass,0.06089435370366838,Safe
5609,17,M01578,Afternoon,36.8,13.0,79.6,82.7,87.7,64.2,Pass,0.06089370973307634,Safe
7308,9,M07170,Morning,41.8,14.8,82.2,78.1,77.9,91.9,Pass,0.06089322877944114,Safe
5807,20,M00241,Morning,34.1,14.0,73.5,71.0,89.7,75.5,Pass,0.06089307453608725,Safe
5799,21,M02522,Night,31.0,12.9,86.7,90.0,79.9,81.0,Pass,0.060889800080748645,Safe
9923,25,M00074,Afternoon,35.2,15.9,98.2,74.7,93.9,86.5,Pass,0.06088808564026169,Safe
262,22,M02962,Night,28.9,13.9,76.6,73.4,82.5,75.3,Pass,0.060876068953059276,Safe
9920,23,M06475,Afternoon,33.7,16.3,98.9,85.3,80.9,88.4,Pass,0.06087432162940767,Safe
3662,23,M01425,Afternoon,37.5,16.0,78.6,79.2,86.7,87.7,Pass,0.06086949964171447,Safe
8036,4,M08420,Morning,37.6,16.5,81.8,93.4,82.1,83.2,Pass,0.06086501859387286,Safe
6004,16,M09370,Afternoon,31.0,14.8,73.3,78.0,80.2,93.9,Pass,0.060854559597227534,Safe
1687,10,M03715,Night,37.7,15.6,72.9,90.6,95.5,77.2,Pass,0.060852885026115223,Safe
899,1,M01620,Morning,31.9,15.1,82.2,72.3,72.8,76.4,Pass,0.06085218092719506,Safe
8979,14,M02423,Afternoon,29.3,17.9,76.3,78.4,77.9,92.7,Pass,0.060848295997522686,Safe
6626,13,M01503,Morning,35.4,17.9,75.9,86.4,75.6,73.0,Pass,0.060844295314571646,Safe
6092,8,M04276,Night,36.5,17.3,85.3,72.1,87.8,74.9,Pass,0.0608414222796788,Safe
1349,25,M04389,Night,43.0,14.9,80.6,79.0,74.5,70.9,Pass,0.06083764268278249,Safe
7219,11,M07611,Night,32.9,15.1,79.4,85.7,96.3,79.7,Pass,0.060836333998411714,Safe
531,16,M07193,Night,41.1,14.1,75.2,90.1,75.1,81.2,Pass,0.060833865714809914,Safe
1668,14,M00159,Night,36.7,15.4,78.9,78.7,81.2,67.2,Pass,0.06083335145249494,Safe
2828,19,M04616,Morning,36.8,17.9,91.5,85.3,89.1,97.4,Pass,0.060822303492624574,Safe
4365,3,M08412,Morning,29.5,12.9,91.5,89.8,84.0,77.4,Pass,0.06081991861784482,Safe
8254,1,M04332,Afternoon,36.5,15.7,82.1,68.4,79.3,72.0,Pass,0.0608149005037304,Safe
5680,11,M05970,Morning,30.7,15.8,100.0,90.4,81.3,89.0,Pass,0.06081352502397862,Safe
4050,22,M09686,Morning,43.2,15.3,96.5,80.0,75.6,84.7,Pass,0.06080840618171439,Safe
5226,18,M06534,Morning,32.0,14.8,94.6,81.5,90.4,76.6,Pass,0.060807697020069905,Safe
6382,20,M08099,Afternoon,39.5,16.5,78.7,70.6,80.6,82.7,Pass,0.06079793194597924,Safe
7413,18,M08637,Morning,27.1,17.2,80.4,77.2,87.1,64.1,Pass,0.06079442909708322,Safe
5443,5,M02988,Morning,29.9,16.6,78.4,84.1,69.3,86.7,Pass,0.06079205910548272,Safe
6498,16,M03498,Morning,38.8,15.5,85.7,75.8,79.3,90.3,Pass,0.060791238205142116,Safe
5410,12,M01192,Afternoon,30.6,17.7,76.8,71.1,81.4,84.9,Pass,0.06078847339599862,Safe
6056,15,M00398,Afternoon,36.7,16.2,75.8,86.0,92.3,71.5,Pass,0.060785109852508824,Safe
3273,11,M03749,Afternoon,32.2,15.4,84.3,92.3,85.7,81.6,Pass,0.06078002734864704,Safe
9679,3,M01885,Afternoon,30.0,14.9,81.3,70.3,66.6,86.3,Pass,0.06074812696176373,Safe
6791,24,M07171,Night,35.6,14.5,82.8,75.7,90.1,81.3,Pass,0.06074399191252519,Safe
2012,4,M09733,Morning,31.9,14.8,84.2,80.0,79.2,79.7,Pass,0.06073180689952239,Safe
2611,19,M02991,Night,31.2,14.6,74.0,76.9,70.2,76.7,Pass,0.060722649054247846,Safe
813,2,M06950,Morning,31.6,14.0,78.4,74.1,77.7,76.2,Pass,0.06071738678787189,Safe
295,23,M07997,Morning,37.8,16.5,71.5,73.7,92.1,75.6,Pass,0.06071623358240285,Safe
3514,13,M06772,Night,42.3,14.9,76.0,82.9,78.6,74.2,Pass,0.06071433046540152,Safe
4780,22,M01610,Morning,37.0,16.0,72.8,76.0,91.9,89.7,Pass,0.06070958773914858,Safe
1048,6,M03601,Morning,28.6,17.1,68.5,94.6,84.8,87.5,Pass,0.060704655120660284,Safe
2119,15,M01383,Morning,34.4,16.7,81.6,91.5,95.6,94.3,Pass,0.06070318023605912,Safe
3392,7,M02744,Night,34.7,16.6,74.8,81.9,85.3,88.6,Pass,0.060701513845100676,Safe
4881,20,M08340,Morning,38.4,17.0,80.3,75.9,79.4,88.6,Pass,0.06069187125827091,Safe
1978,10,M02476,Afternoon,38.1,17.2,86.4,85.7,81.1,98.1,Pass,0.06066986163442322,Safe
6125,22,M07671,Night,34.0,15.7,89.3,83.7,84.4,84.9,Pass,0.060662852825582314,Safe
1809,20,M04034,Morning,39.8,18.4,82.8,79.1,84.6,83.5,Pass,0.0606619378139631,Safe
1522,20,M02897,Night,38.4,15.5,95.3,79.3,89.3,69.2,Pass,0.06066149457281209,Safe
9969,22,M08534,Afternoon,34.2,16.2,74.5,74.0,91.7,75.8,Pass,0.06066115183231758,Safe
9780,8,M00995,Afternoon,32.5,17.4,78.0,100.0,98.8,81.9,Pass,0.06066008349449315,Safe
6700,14,M03958,Morning,40.4,13.6,81.0,87.2,88.5,71.0,Pass,0.060653965046376025,Safe
5160,24,M03619,Morning,39.2,17.8,83.5,83.0,96.7,73.1,Pass,0.06065098267163144,Safe
4657,14,M07385,Night,33.6,17.7,74.4,90.3,86.8,75.8,Pass,0.060648157963801415,Safe
1602,17,M06733,Morning,39.7,13.4,74.2,73.7,92.3,68.8,Pass,0.06064689414702536,Safe
9999,25,M04277,Morning,32.6,16.2,67.2,75.1,87.3,75.1,Pass,0.06064310226636418,Safe
2543,2,M05547,Night,41.8,14.9,92.0,81.2,76.0,73.2,Pass,0.060641137630873726,Safe
8414,24,M02512,Afternoon,36.7,17.1,72.7,77.7,79.2,69.8,Pass,0.060640642561637835,Safe
6747,15,M09590,Afternoon,33.3,15.2,82.8,71.6,92.3,80.4,Pass,0.06064060427591467,Safe
1489,16,M08214,Morning,31.3,17.5,69.2,76.3,81.1,75.7,Pass,0.06063941967684987,Safe
9337,4,M05874,Afternoon,28.8,17.5,100.0,89.6,81.8,80.5,Pass,0.060638189067946574,Safe
5820,1,M09715,Afternoon,36.8,16.2,67.4,92.6,75.1,85.6,Pass,0.06063498140594758,Safe
2222,2,M06494,Afternoon,32.9,15.9,71.8,100.0,86.8,81.7,Pass,0.06062414715791343,Safe
4475,20,M05832,Afternoon,37.4,14.6,76.5,86.0,72.5,83.5,Pass,0.06062172357258363,Safe
4602,5,M04007,Night,25.0,14.5,84.9,82.6,83.5,82.2,Pass,0.06061865085666684,Safe
4603,9,M01626,Night,34.2,18.1,82.7,80.5,87.1,80.0,Pass,0.06061588220569972,Safe
8975,23,M00081,Afternoon,32.5,14.8,99.7,87.4,87.7,76.9,Pass,0.06061530470078947,Safe
4614,18,M06687,Morning,40.9,16.7,76.2,72.4,87.7,73.3,Pass,0.060602050426207074,Safe
9655,19,M02979,Afternoon,25.0,14.9,78.5,82.7,77.0,77.3,Pass,0.06060102515576851,Safe
5686,18,M09798,Night,32.2,15.8,80.0,81.1,77.9,71.3,Pass,0.06060097295548832,Safe
7015,16,M01538,Afternoon,34.9,18.2,80.9,69.1,85.0,71.9,Pass,0.060600558105502106,Safe
931,12,M00078,Morning,35.7,16.9,81.0,92.1,68.7,82.4,Pass,0.06059886724672155,Safe
4648,22,M07963,Morning,36.2,14.8,79.8,75.5,86.6,83.8,Pass,0.06058944553902412,Safe
3130,23,M01498,Night,35.0,14.7,78.2,77.4,84.3,65.0,Pass,0.06058263503340409,Safe
1012,13,M05110,Night,32.0,17.5,74.7,86.9,72.1,75.4,Pass,0.0605818400235711,Safe
6089,12,M00278,Afternoon,31.1,18.3,86.5,95.1,92.3,100.0,Pass,0.06058162537763961,Safe
5104,16,M07245,Morning,30.7,18.4,99.5,94.7,76.4,74.2,Pass,0.06058001213909098,Safe
7171,18,M08990,Afternoon,25.7,16.0,83.4,96.2,82.1,90.3,Pass,0.06057978700350316,Safe
3375,16,M07558,Night,35.4,13.8,73.7,79.1,89.4,73.9,Pass,0.06057856777548576,Safe
7270,11,M04379,Morning,34.1,14.3,85.6,94.6,79.6,79.6,Pass,0.06057307963296919,Safe
1358,11,M09156,Afternoon,27.1,14.4,83.0,81.6,75.5,78.5,Pass,0.060572703973240355,Safe
9948,1,M04263,Morning,26.9,14.2,68.8,85.9,100.0,83.1,Pass,0.06057123522663863,Safe
2058,16,M08265,Afternoon,38.7,16.0,90.5,100.0,90.8,80.1,Pass,0.06056301892666394,Safe
8990,25,M08651,Afternoon,30.6,17.2,92.6,74.6,82.3,73.2,Pass,0.0605598313672101,Safe
4078,4,M04291,Morning,44.1,18.1,92.6,96.9,81.1,97.2,Pass,0.060554694554310146,Safe
3776,8,M02425,Night,31.0,13.9,78.4,85.7,73.8,74.4,Pass,0.06055376862397671,Safe
747,9,M05570,Morning,36.0,16.1,75.9,74.6,76.7,71.2,Pass,0.06055071073414091,Safe
9142,2,M06392,Morning,41.6,16.4,91.8,80.3,95.3,69.3,Pass,0.060548706227041234,Safe
8546,10,M02710,Afternoon,35.7,16.1,84.8,80.7,93.3,79.6,Pass,0.06054820320964709,Safe
6050,9,M05695,Night,35.4,13.2,77.5,78.6,82.9,69.5,Pass,0.06054805557897567,Safe
7317,24,M00660,Morning,34.9,13.8,84.0,85.1,82.0,79.9,Pass,0.06054705105036444,Safe
8921,21,M06787,Afternoon,34.6,16.2,100.0,100.0,84.7,89.6,Pass,0.06054619970035688,Safe
3724,3,M01743,Morning,33.1,18.4,100.0,74.8,83.2,66.8,Pass,0.060543103366672145,Safe
862,24,M05343,Afternoon,33.1,12.8,90.4,86.7,81.0,97.0,Pass,0.06053945102968338,Safe
5402,4,M02963,Night,35.9,15.1,76.1,93.7,84.3,82.7,Pass,0.06053855897208025,Safe
8900,6,M05721,Night,33.5,15.3,72.7,77.1,69.5,78.6,Pass,0.060537898656530496,Safe
457,16,M09761,Morning,35.6,17.2,81.1,100.0,96.7,94.4,Pass,0.06053771654967302,Safe
4409,25,M07447,Morning,31.7,15.7,75.5,81.6,79.6,72.6,Pass,0.060527028698664526,Safe
3068,24,M04118,Night,40.1,14.1,78.1,81.9,69.9,81.5,Pass,0.060525628374512204,Safe
1942,13,M08854,Morning,37.0,16.5,82.7,70.5,85.9,69.6,Pass,0.060524117679632325,Safe
9210,10,M09664,Afternoon,30.4,15.9,92.9,96.6,79.1,100.0,Pass,0.060523817538053644,Safe
810,16,M08173,Morning,37.6,15.7,69.8,70.8,96.1,72.8,Pass,0.06052119736078204,Safe
2110,17,M01180,Night,38.0,16.5,79.2,79.3,79.3,75.7,Pass,0.0605099663506487,Safe
6464,10,M01169,Morning,29.8,18.1,95.0,86.6,92.2,96.0,Pass,0.060508360821669126,Safe
1938,9,M00483,Night,37.8,16.3,81.5,79.7,88.6,82.8,Pass,0.06050769564810286,Safe
3905,14,M04758,Night,34.7,16.0,83.1,77.0,72.9,70.4,Pass,0.06050735244499829,Safe
624,12,M08121,Afternoon,32.4,15.2,89.6,97.7,89.5,76.2,Pass,0.0605065902995287,Safe
6516,18,M00849,Morning,32.0,17.3,79.5,76.6,78.7,72.4,Pass,0.06050127232525587,Safe
1871,15,M04432,Night,37.3,17.4,90.3,80.8,84.1,87.5,Pass,0.06050112026347212,Safe
2609,14,M07545,Afternoon,40.1,15.9,78.8,81.7,86.9,69.0,Pass,0.06050102826409051,Safe
3525,18,M05446,Morning,30.6,16.9,81.2,87.2,76.6,86.0,Pass,0.06049465603895324,Safe
4594,3,M00585,Morning,32.9,15.2,92.6,79.5,83.0,83.5,Pass,0.060493924066613664,Safe
5134,3,M01653,Morning,32.3,15.9,80.6,72.2,75.5,80.6,Pass,0.06049036193041835,Safe
2335,2,M02635,Morning,30.2,16.7,84.4,91.0,76.1,84.8,Pass,0.06048895381250472,Safe
598,20,M01215,Morning,32.8,15.0,79.1,84.3,89.6,79.6,Pass,0.060476508232632585,Safe
1927,25,M06808,Afternoon,37.6,17.6,94.9,83.1,72.1,76.7,Defect,0.06047417193742009,Safe
8707,7,M06362,Afternoon,31.9,16.3,89.3,82.7,80.4,96.8,Pass,0.06047388157126322,Safe
3405,3,M08989,Afternoon,39.2,14.4,89.6,82.2,79.2,70.1,Pass,0.0604712480988102,Safe
7995,16,M03897,Morning,37.4,17.6,77.6,94.3,100.0,80.3,Pass,0.06046608704430143,Safe
7414,1,M09981,Night,37.2,18.9,74.5,78.5,82.3,86.3,Pass,0.060463446566954376,Safe
8652,4,M01020,Afternoon,41.3,16.9,82.9,76.8,80.4,90.5,Pass,0.060458590397945836,Safe
6578,25,M05852,Morning,35.3,17.9,76.2,86.5,78.9,84.6,Pass,0.06045835488464209,Safe
7175,14,M03738,Morning,34.0,16.1,81.9,75.7,70.6,74.9,Pass,0.06044271195886803,Safe
2165,17,M08738,Afternoon,35.0,17.0,68.6,81.4,80.8,75.3,Pass,0.060432704605566656,Safe
5575,23,M00732,Afternoon,33.5,16.2,92.8,79.6,87.6,78.9,Pass,0.06043022380067684,Safe
1266,23,M05605,Morning,34.0,16.5,82.5,90.8,100.0,94.4,Pass,0.06042038862348763,Safe
1437,10,M02384,Morning,38.1,15.8,87.1,79.7,79.1,70.6,Pass,0.0604149940637148,Safe
5440,5,M05015,Night,30.7,16.8,76.2,73.7,68.8,83.5,Pass,0.06041468982897449,Safe
1027,25,M04022,Night,37.9,15.5,84.5,80.8,72.2,71.6,Pass,0.06039992828660814,Safe
4805,14,M01554,Night,29.3,15.9,76.1,84.6,85.2,80.3,Pass,0.060392281351646517,Safe
1365,12,M08203,Afternoon,33.3,15.1,87.2,88.9,76.2,74.1,Pass,0.060391952840731636,Safe
6407,23,M03152,Morning,31.8,16.9,85.8,81.5,90.9,96.5,Pass,0.06039170044731234,Safe
3352,21,M01995,Afternoon,30.8,17.0,87.1,76.2,83.7,64.1,Pass,0.06038728070931735,Safe
5710,9,M01991,Night,35.7,15.5,73.0,70.2,80.3,77.2,Pass,0.06038330081260839,Safe
5301,21,M08221,Night,33.8,17.6,76.8,75.1,85.8,71.8,Pass,0.06037561855498901,Safe
6448,7,M03040,Afternoon,32.7,16.0,74.9,78.7,69.8,75.1,Pass,0.06037492864603815,Safe
9843,10,M00494,Morning,34.8,14.2,78.9,79.2,86.1,99.0,Pass,0.0603605805734281,Safe
8919,11,M02964,Afternoon,32.1,16.4,78.8,73.7,84.2,80.9,Pass,0.06035731115011922,Safe
2554,14,M06711,Night,35.9,14.9,72.6,81.1,91.3,71.8,Pass,0.060355231024058424,Safe
468,4,M04381,Night,32.3,14.8,84.3,73.1,85.6,74.5,Pass,0.060352124427640534,Safe
5039,4,M07455,Afternoon,31.6,16.5,97.3,79.9,89.8,84.7,Pass,0.060343888636559734,Safe
102,21,M06279,Afternoon,33.5,13.2,79.0,80.0,78.3,67.8,Pass,0.06033596718003375,Safe
1370,14,M05430,Morning,31.2,16.7,80.3,82.7,84.7,67.0,Pass,0.060326330116833776,Safe
2774,5,M04876,Afternoon,31.5,14.9,94.0,84.4,94.2,79.2,Pass,0.06032467341235428,Safe
8451,15,M02732,Afternoon,36.3,18.0,79.0,71.5,78.2,92.1,Pass,0.06032419150778476,Safe
8054,25,M06555,Afternoon,33.1,16.4,85.2,86.0,79.0,77.6,Pass,0.06032397162055961,Safe
6114,15,M06086,Afternoon,36.2,14.5,81.7,85.7,75.0,87.2,Pass,0.06031444196022024,Safe
518,10,M07401,Night,31.3,16.1,80.4,76.5,74.5,69.6,Pass,0.06031443533995765,Safe
2995,3,M06417,Morning,31.2,14.1,76.8,84.0,67.4,80.1,Pass,0.060308932774852275,Safe
2034,15,M02818,Night,29.1,15.9,84.5,78.3,69.0,73.8,Pass,0.060306659095723164,Safe
9222,11,M03562,Afternoon,35.3,16.0,69.1,87.2,93.6,74.9,Pass,0.06029957325462479,Safe
8392,5,M02847,Morning,34.0,14.9,88.1,81.9,88.8,92.8,Pass,0.060295799508931165,Safe
611,16,M05349,Morning,31.7,15.0,69.2,73.7,100.0,73.8,Pass,0.06029576172611508,Safe
6580,1,M00679,Afternoon,39.9,13.6,73.9,78.2,94.1,81.3,Pass,0.060294872884447924,Safe
840,7,M06739,Afternoon,35.1,15.4,96.9,89.6,82.0,93.8,Pass,0.06028972555356484,Safe
7894,1,M09859,Afternoon,32.8,17.1,76.8,72.0,85.6,69.8,Pass,0.06028748407864307,Safe
7564,23,M01387,Afternoon,32.1,16.3,74.6,95.7,80.4,75.1,Pass,0.06028742251099346,Safe
7158,15,M08720,Afternoon,28.1,16.9,80.2,90.1,82.1,80.6,Pass,0.060286983980891454,Safe
9595,21,M07157,Morning,31.0,13.7,87.5,75.9,88.3,66.2,Pass,0.060286183143498435,Safe
9456,16,M05085,Morning,37.0,16.9,90.6,77.4,86.3,75.1,Pass,0.06027306902854973,Safe
7406,5,M07876,Morning,36.9,17.3,81.5,81.6,72.5,76.1,Pass,0.060270287229098225,Safe
2548,6,M08088,Afternoon,35.0,16.9,91.4,84.2,86.5,88.5,Pass,0.060269870820994276,Safe
7994,24,M03697,Morning,35.6,17.8,97.3,90.0,83.7,80.0,Pass,0.0602686435511783,Safe
8790,1,M02649,Afternoon,37.4,16.2,68.6,79.7,76.6,73.7,Pass,0.060263220243250766,Safe
2023,7,M05281,Night,27.6,15.8,88.2,88.1,75.8,78.4,Pass,0.060259339393671424,Safe
2654,13,M00442,Morning,33.1,16.9,84.2,83.8,91.6,83.1,Pass,0.06025767003449958,Safe
4976,10,M03810,Afternoon,29.8,16.8,82.3,71.9,88.2,74.3,Pass,0.060256580837693016,Safe
6265,4,M06023,Night,36.0,13.1,92.3,93.4,86.4,75.1,Pass,0.06025199829182206,Safe
1329,11,M09006,Afternoon,34.3,16.6,100.0,86.0,78.3,98.9,Pass,0.060246733324493824,Safe
7436,20,M01222,Night,30.8,13.4,72.0,80.2,78.9,76.6,Pass,0.060246530488184555,Safe
8640,18,M00373,Afternoon,29.4,14.4,81.7,86.7,88.2,84.9,Pass,0.060244043109739256,Safe
9703,10,M00081,Afternoon,37.4,16.2,90.9,88.5,70.3,83.3,Pass,0.060241863767873854,Safe
8149,18,M01310,Morning,38.4,16.5,74.2,84.5,88.9,69.1,Pass,0.060238312833174844,Safe
6039,13,M06032,Morning,38.3,17.3,75.3,94.4,76.5,74.0,Pass,0.06023730267931605,Safe
2635,15,M07951,Afternoon,33.5,18.0,79.9,87.5,87.7,83.5,Pass,0.060234850817618965,Safe
4095,5,M00161,Morning,33.9,16.4,77.8,82.4,86.7,70.3,Pass,0.06023321025351311,Safe
4652,16,M09461,Afternoon,43.1,17.1,89.1,76.4,78.2,89.8,Pass,0.06022811103643524,Safe
1503,23,M08221,Morning,29.4,14.9,85.0,76.8,76.2,75.9,Pass,0.06021679921410246,Safe
1557,13,M02947,Afternoon,33.0,15.3,75.7,86.0,72.7,89.2,Pass,0.060212246630773666,Safe
1479,3,M00278,Night,33.5,16.5,78.5,80.4,71.0,87.9,Pass,0.06019701579036916,Safe
3187,19,M06057,Morning,37.3,15.6,76.1,84.0,84.2,73.1,Pass,0.06019634004200332,Safe
6014,5,M03768,Afternoon,32.5,17.1,76.6,93.2,74.0,66.0,Pass,0.060192704339362996,Safe
665,20,M08416,Morning,36.2,16.9,92.1,78.7,87.8,88.3,Pass,0.06018976664176511,Safe
2288,25,M09679,Morning,39.6,13.9,81.5,88.9,90.3,91.6,Pass,0.06018876112187868,Safe
9024,17,M09342,Morning,32.5,15.7,80.5,88.7,73.9,74.6,Pass,0.0601883935763254,Safe
7029,4,M08554,Morning,32.4,15.5,77.4,100.0,78.4,87.0,Pass,0.06018360411994947,Safe
8410,8,M07087,Morning,38.8,16.2,92.1,92.5,90.0,81.7,Pass,0.06018324312247533,Safe
8260,11,M07037,Night,38.4,14.9,81.2,72.6,74.5,97.6,Pass,0.060181840027190736,Safe
3939,10,M01921,Morning,36.8,17.4,77.9,74.1,76.4,75.3,Pass,0.06016780631959057,Safe
7466,3,M05022,Morning,32.9,16.8,67.1,89.0,79.2,86.9,Pass,0.06016451811300047,Safe
4968,12,M05673,Afternoon,36.7,15.6,70.5,81.2,91.2,88.6,Pass,0.06015434815686434,Safe
2317,8,M08034,Morning,36.4,18.0,78.1,89.8,77.9,78.2,Pass,0.06014964568080733,Safe
7359,15,M00728,Morning,44.4,15.1,84.3,80.6,86.0,82.1,Pass,0.06014956056251553,Safe
1407,4,M09753,Night,27.2,15.9,79.5,76.8,77.4,75.1,Pass,0.060136187243829686,Safe
4178,13,M07032,Night,36.9,14.0,93.7,85.4,87.5,65.5,Pass,0.06013047154329223,Safe
6221,23,M08788,Night,28.7,15.2,82.7,85.8,84.1,90.9,Pass,0.060128388240526374,Safe
6778,9,M03637,Afternoon,30.5,14.3,77.4,69.0,80.4,76.0,Pass,0.06012512363569592,Safe
9699,8,M01375,Afternoon,32.8,16.9,93.5,75.6,94.3,84.8,Pass,0.06012363131035174,Safe
9544,15,M01332,Afternoon,29.4,16.7,71.9,68.6,85.6,74.7,Defect,0.060119940136236005,Safe
358,14,M04496,Afternoon,37.3,15.6,69.2,81.2,88.7,90.6,Pass,0.06011973179988864,Safe
8667,13,M01790,Afternoon,33.2,15.5,79.0,76.6,75.4,82.9,Pass,0.06011682261738076,Safe
5271,10,M03244,Morning,31.5,17.3,75.8,73.5,86.8,73.2,Pass,0.060116072040565294,Safe
828,4,M03597,Morning,38.1,15.1,79.8,85.8,86.6,65.0,Pass,0.060114785833573735,Safe
4171,12,M03540,Morning,31.2,14.4,79.4,80.3,79.5,68.4,Pass,0.060109517650780334,Safe
7468,9,M02915,Afternoon,30.9,14.0,100.0,100.0,88.4,100.0,Pass,0.060108198374173714,Safe
6917,3,M06721,Morning,30.9,14.0,90.6,83.8,91.0,86.0,Pass,0.06010154452645785,Safe
555,6,M07057,Night,38.7,13.6,68.3,96.7,86.6,83.7,Pass,0.06009589971637896,Safe
1173,23,M08997,Afternoon,31.6,16.0,99.1,84.1,78.8,90.0,Defect,0.06009315955602632,Safe
7905,9,M04539,Morning,31.6,14.5,95.6,87.4,86.7,96.2,Pass,0.06009259958969968,Safe
7623,12,M09257,Morning,30.0,17.0,91.3,79.2,77.2,81.6,Pass,0.06008111890291816,Safe
202,8,M07778,Morning,33.0,13.5,71.2,90.5,76.6,86.1,Pass,0.06007162779209718,Safe
7142,21,M06987,Morning,31.7,15.8,91.1,96.2,84.9,85.7,Pass,0.060066895658494886,Safe
1117,13,M07971,Morning,39.9,16.3,89.0,80.9,81.8,84.3,Pass,0.06005542641605916,Safe
5399,7,M05980,Morning,40.9,15.5,83.3,89.2,87.5,76.7,Pass,0.06005452765643705,Safe
1941,11,M00631,Morning,30.7,15.9,87.5,90.4,76.3,79.6,Pass,0.06004113736304689,Safe
5713,21,M03776,Afternoon,34.7,16.5,86.6,79.4,86.2,81.5,Pass,0.06002594688829348,Safe
4331,22,M03104,Morning,34.9,14.6,96.0,74.7,80.2,68.3,Pass,0.06002208757189452,Safe
7978,1,M07245,Night,30.2,15.7,82.4,87.8,84.7,72.9,Pass,0.06002072050602128,Safe
4851,9,M05556,Night,32.8,16.9,79.6,72.8,76.1,71.1,Pass,0.06001136259276601,Safe
3699,13,M06362,Night,35.0,13.5,80.7,78.4,82.3,68.9,Pass,0.06000150049596481,Safe
9503,14,M06432,Afternoon,34.2,16.5,69.7,76.0,78.4,79.6,Pass,0.06000127829304928,Safe
1069,1,M05183,Morning,33.5,15.4,79.8,78.5,71.8,92.3,Pass,0.0599999813440859,Safe
6810,1,M08788,Morning,30.6,16.2,84.2,79.7,95.7,76.8,Pass,0.059996805231008955,Safe
5735,25,M06469,Afternoon,27.5,14.4,92.0,79.1,77.5,69.7,Pass,0.05999349281428992,Safe
2696,13,M04179,Afternoon,39.1,16.1,77.0,72.5,81.8,70.3,Pass,0.05998865848082266,Safe
6544,20,M01993,Morning,32.8,14.0,84.7,81.3,84.5,80.2,Pass,0.05998793352884214,Safe
7232,14,M00965,Afternoon,44.2,16.5,93.4,81.4,95.4,83.0,Pass,0.059982077920400376,Safe
4277,24,M06027,Afternoon,36.2,14.9,91.3,81.2,81.0,97.1,Pass,0.05997704702718882,Safe
9295,15,M05665,Night,25.0,17.4,80.3,77.1,80.6,92.3,Pass,0.05997583013913602,Safe
9008,13,M06710,Afternoon,33.0,15.2,78.6,82.6,83.8,71.1,Pass,0.05997004598842763,Safe
2131,6,M00768,Morning,32.0,18.1,81.2,73.3,78.5,78.0,Pass,0.05996871953297177,Safe
9641,25,M05230,Afternoon,37.0,15.9,77.3,76.4,75.4,74.1,Pass,0.059959631296479604,Safe
8235,18,M02593,Morning,25.0,15.4,79.2,85.6,80.6,76.8,Pass,0.05995946966473459,Safe
9206,15,M07769,Morning,35.9,15.9,71.3,73.3,85.8,79.3,Pass,0.05995279213930193,Safe
176,7,M07555,Morning,37.6,17.3,77.7,100.0,96.8,78.6,Pass,0.05995188041326813,Safe
5441,4,M01883,Afternoon,28.1,17.0,84.3,85.0,99.9,78.8,Pass,0.05995180126670438,Safe
1840,19,M03727,Morning,33.6,17.1,94.6,77.3,71.7,79.9,Pass,0.05994620362966144,Safe
8575,1,M08000,Night,32.8,15.9,85.7,88.1,81.7,72.4,Pass,0.05994384456861205,Safe
5758,23,M03154,Afternoon,32.1,16.7,85.0,73.9,88.2,64.9,Pass,0.059938302647508095,Safe
4501,5,M06227,Afternoon,34.2,16.3,78.3,87.2,90.4,73.3,Pass,0.05993560372580425,Safe
2738,17,M07852,Afternoon,32.7,16.7,90.9,82.0,88.3,97.2,Pass,0.05992955172852765,Safe
2306,25,M06280,Morning,34.2,15.5,87.9,77.6,68.9,73.9,Pass,0.059924090789250345,Safe
1725,20,M09473,Afternoon,30.5,13.9,83.7,91.8,87.0,73.5,Pass,0.05991954605265099,Safe
1336,21,M04362,Afternoon,31.0,15.9,69.7,77.7,70.6,82.9,Pass,0.059907871915517295,Safe
6235,6,M00194,Morning,40.5,16.4,82.0,80.1,84.9,69.9,Pass,0.05990287325135373,Safe
7083,13,M02723,Afternoon,31.2,14.8,91.5,82.0,85.1,85.5,Pass,0.05989092868623655,Safe
293,15,M09152,Night,34.1,16.7,72.6,81.3,75.3,79.5,Pass,0.05988730279648501,Safe
6739,3,M03933,Morning,36.1,15.5,75.6,92.5,72.4,86.9,Pass,0.059871614414062614,Safe
7622,12,M00210,Afternoon,35.9,15.2,89.3,89.0,82.4,73.2,Pass,0.05986142602591318,Safe
5827,14,M03831,Afternoon,39.0,17.6,81.3,100.0,99.0,78.7,Pass,0.05985744593129876,Safe
2729,13,M02480,Morning,35.9,15.0,82.7,70.7,77.1,75.2,Pass,0.05985510301346229,Safe
9170,13,M08481,Morning,35.2,16.4,67.1,82.7,76.9,78.9,Pass,0.059854134359969384,Safe
5813,14,M03769,Night,32.8,14.5,82.2,71.8,75.6,75.6,Pass,0.05985160994834863,Safe
6164,6,M04556,Morning,34.7,14.2,69.0,81.1,76.4,94.0,Pass,0.05985137399707547,Safe
7137,11,M09545,Night,43.7,16.8,80.3,93.4,96.3,100.0,Pass,0.05985114677748427,Safe
6647,21,M02380,Night,31.2,15.0,71.4,81.5,79.9,71.4,Pass,0.05984354824255719,Safe
6398,11,M09183,Morning,37.0,15.6,73.6,72.9,81.1,87.0,Pass,0.05983507653579406,Safe
9740,9,M08742,Afternoon,35.1,16.9,93.6,100.0,88.9,83.1,Pass,0.05982285745505417,Safe
7631,23,M09552,Afternoon,37.0,15.0,82.0,88.0,78.4,71.3,Pass,0.05982243893692611,Safe
3631,8,M06427,Night,32.3,14.8,88.6,74.8,84.2,83.3,Pass,0.059818347286906375,Safe
8087,2,M04969,Night,32.6,15.6,87.1,77.0,72.4,73.2,Pass,0.05981762272183109,Safe
5375,11,M09282,Afternoon,37.8,15.8,76.4,81.9,87.6,71.7,Pass,0.05981684463571308,Safe
8821,25,M00325,Morning,32.3,15.8,78.4,81.4,84.9,85.4,Pass,0.05979860862067783,Safe
2850,3,M05890,Morning,30.9,14.6,82.0,75.6,76.6,72.9,Pass,0.059795695893662876,Safe
2913,13,M02607,Afternoon,37.7,17.9,90.3,79.2,92.8,71.6,Pass,0.05979423132821335,Safe
6962,7,M01357,Morning,29.0,15.2,76.2,76.6,90.9,78.8,Pass,0.05978907349629239,Safe
2173,6,M02673,Morning,43.0,15.8,81.9,72.3,70.9,77.3,Pass,0.05976861470235918,Safe
6134,14,M00883,Morning,32.5,16.8,84.2,93.9,81.1,82.9,Pass,0.059764543839045184,Safe
637,4,M00540,Afternoon,29.4,17.8,73.4,80.7,74.3,87.8,Pass,0.05975732061738669,Safe
635,2,M02746,Morning,42.6,15.9,89.6,78.5,79.4,83.7,Pass,0.05975319227833352,Safe
6844,1,M00525,Morning,43.1,17.0,80.6,86.2,79.5,73.1,Pass,0.059752856589537634,Safe
5451,7,M02694,Morning,33.1,16.8,89.4,99.1,86.9,87.1,Pass,0.05975211172323841,Safe
9169,12,M01185,Morning,32.2,16.2,79.7,81.2,83.0,77.2,Pass,0.059750239263761766,Safe
6430,21,M07061,Afternoon,33.1,16.4,72.6,76.1,82.7,74.6,Pass,0.059743837249896965,Safe
6988,19,M02114,Afternoon,25.0,16.6,68.9,78.7,95.4,80.0,Pass,0.05974296332330217,Safe
9196,9,M08579,Morning,35.9,16.3,91.2,90.3,88.0,94.0,Pass,0.05974113704105135,Safe
8693,11,M05874,Morning,35.7,16.7,78.5,91.2,80.7,76.6,Pass,0.059731379167428225,Safe
6435,23,M08237,Night,33.8,14.7,91.5,76.9,75.1,86.1,Pass,0.0597268397161424,Safe
6215,16,M02624,Night,37.5,17.4,82.8,74.1,97.8,81.0,Pass,0.05972296545005881,Safe
287,24,M08755,Afternoon,36.1,15.8,88.6,87.1,84.7,64.0,Pass,0.05972198389577873,Safe
5916,19,M03645,Morning,34.5,15.9,80.8,86.6,97.7,75.5,Pass,0.05971118874329892,Safe
37,11,M01529,Morning,29.4,17.7,74.7,70.2,90.5,87.6,Pass,0.05969037135155191,Safe
1324,21,M00546,Morning,36.3,14.8,91.4,92.8,89.4,87.5,Pass,0.05968736433015732,Safe
8250,18,M06697,Night,38.2,17.4,92.3,83.1,75.5,80.5,Pass,0.05967627896493754,Safe
7733,23,M04260,Morning,35.6,15.0,98.9,82.9,87.5,91.9,Pass,0.059675963400549856,Safe
3660,15,M03198,Night,34.3,15.3,84.0,80.9,73.3,84.2,Pass,0.05966866819916619,Safe
9223,18,M03817,Afternoon,34.0,13.8,70.1,73.7,89.6,72.1,Pass,0.05966503651363874,Safe
9117,3,M04151,Afternoon,34.9,17.0,77.9,65.8,88.9,68.9,Pass,0.0596636475794328,Safe
6894,15,M00283,Morning,36.1,14.3,100.0,100.0,84.7,89.5,Pass,0.05966272685702005,Safe
6923,8,M06967,Morning,33.1,16.6,76.9,88.1,76.6,72.9,Pass,0.059661050931595565,Safe
1156,9,M08174,Night,31.4,15.7,75.0,87.8,79.3,88.5,Pass,0.059658397087207035,Safe
3885,2,M07207,Night,28.5,17.3,87.6,76.0,82.9,76.1,Pass,0.05964726904834332,Safe
1512,18,M03343,Afternoon,35.8,15.4,84.1,79.5,95.0,76.0,Pass,0.059646588286929515,Safe
5455,20,M07967,Afternoon,30.5,17.2,78.5,80.0,75.4,89.6,Pass,0.059645784043421225,Safe
6145,17,M00642,Night,36.8,16.8,79.6,80.0,81.9,68.5,Pass,0.05964252945722733,Safe
8318,8,M07298,Afternoon,30.4,17.4,87.3,78.2,84.2,67.6,Pass,0.05963961704646084,Safe
413,22,M00560,Night,30.3,16.3,77.3,91.1,84.0,74.7,Pass,0.05963714387669476,Safe
7200,22,M00944,Night,37.1,16.3,82.2,70.4,86.9,85.3,Pass,0.05962690352192993,Safe
8814,18,M01786,Morning,31.4,13.3,68.8,100.0,83.1,77.3,Pass,0.059625215018593,Safe
6662,16,M00955,Afternoon,37.0,13.9,85.0,77.0,76.1,81.5,Pass,0.05962038860135352,Safe
8146,16,M00790,Morning,37.4,17.1,77.0,72.1,75.9,80.3,Pass,0.059612406236276436,Safe
8370,22,M07582,Morning,38.7,15.7,78.3,73.5,83.4,79.7,Pass,0.05958803855775151,Safe
5137,1,M00600,Afternoon,36.2,15.3,83.4,77.4,79.8,81.8,Pass,0.059583274577267586,Safe
5501,2,M01872,Afternoon,32.5,15.0,84.6,79.8,96.4,80.4,Pass,0.059578390036040506,Safe
3502,10,M00615,Night,43.2,15.8,83.6,82.9,79.4,72.7,Pass,0.059576040451979104,Safe
149,3,M09556,Morning,30.8,16.9,84.4,78.8,79.8,67.5,Pass,0.059574893972810725,Safe
8120,18,M01080,Afternoon,39.4,16.1,88.5,82.7,77.5,72.5,Pass,0.05957344462739591,Safe
4708,12,M03576,Morning,33.9,16.2,90.8,73.1,81.1,74.7,Pass,0.05956953187689555,Safe
5494,25,M07193,Morning,32.5,17.4,91.5,87.0,100.0,89.0,Pass,0.05956566759726784,Safe
3690,3,M07645,Morning,40.2,14.4,96.4,81.3,96.9,93.8,Pass,0.059561319088110014,Safe
6941,19,M09946,Night,33.4,15.6,92.0,75.0,71.4,73.0,Pass,0.059557950926700735,Safe
771,7,M05125,Morning,31.9,15.9,73.7,79.4,75.8,81.7,Pass,0.05955362175520918,Safe
617,15,M03487,Morning,39.0,17.3,84.7,98.6,83.9,100.0,Pass,0.05954059978785404,Safe
3067,8,M01138,Morning,33.4,17.2,91.0,76.6,97.3,95.0,Pass,0.05953297027069359,Safe
3146,4,M00437,Morning,31.6,13.6,83.6,75.0,76.3,81.9,Pass,0.05952825614477424,Safe
7221,1,M02545,Night,33.5,13.3,84.5,72.7,85.2,79.7,Pass,0.059526339264211,Safe
8336,21,M09973,Afternoon,39.3,16.2,84.1,93.5,86.7,91.8,Pass,0.05952055011431159,Safe
784,22,M06191,Morning,35.9,15.9,77.2,80.0,84.9,73.6,Pass,0.059511504883737854,Safe
5153,21,M00747,Night,38.1,15.3,76.2,81.6,79.0,80.9,Pass,0.05950797456013748,Safe
133,21,M06020,Morning,33.9,16.7,70.6,86.2,79.5,91.4,Pass,0.05949833477258206,Safe
5935,3,M06176,Morning,32.9,14.5,80.0,82.7,72.5,70.2,Pass,0.05949687979128604,Safe
4073,13,M00858,Afternoon,36.9,15.9,79.2,82.2,82.3,85.0,Pass,0.059476894050594656,Safe
7378,23,M09216,Afternoon,34.4,15.8,88.3,98.4,83.7,95.1,Pass,0.0594761181595771,Safe
1123,12,M05620,Night,34.4,13.4,86.6,83.4,75.6,88.5,Pass,0.05947393316014497,Safe
5657,6,M04939,Afternoon,29.5,16.3,90.1,88.1,80.3,88.2,Pass,0.05947162179312587,Safe
8464,3,M03588,Night,35.5,15.1,84.0,74.0,75.4,74.3,Pass,0.05946324065447981,Safe
41,8,M05394,Morning,29.2,16.0,89.2,75.7,94.7,87.1,Pass,0.059460503945513485,Safe
6638,19,M01102,Afternoon,38.2,17.4,88.2,100.0,85.8,82.3,Pass,0.059458593699016404,Safe
6656,18,M05172,Afternoon,32.5,16.0,81.9,87.0,95.1,89.6,Pass,0.059455939708884985,Safe
7267,15,M01417,Morning,35.5,17.2,81.0,89.3,80.6,90.3,Pass,0.05944845339118454,Safe
7410,20,M00859,Afternoon,33.4,17.5,71.5,78.6,90.8,71.7,Pass,0.05944580208876456,Safe
1940,15,M01250,Morning,30.1,14.4,85.7,89.1,93.7,98.9,Pass,0.05944376031380019,Safe
8233,20,M06850,Night,34.4,14.4,81.7,80.0,79.6,82.1,Pass,0.05944088657629241,Safe
2589,8,M00670,Morning,33.0,15.2,93.9,96.6,84.0,82.9,Pass,0.05943956593247823,Safe
5847,7,M06363,Morning,36.4,15.8,80.8,83.9,73.0,72.5,Pass,0.05942381361927193,Safe
6122,13,M02941,Morning,34.9,16.8,77.2,79.6,93.3,87.1,Pass,0.059423205403547855,Safe
3454,22,M08793,Morning,34.0,17.9,90.6,74.1,80.6,75.2,Pass,0.05942045655400162,Safe
4993,22,M03982,Morning,33.9,15.6,90.1,81.8,95.4,87.9,Pass,0.05941646542691299,Safe
5011,17,M09616,Morning,40.5,16.8,79.3,87.2,95.7,71.0,Pass,0.059411668246205585,Safe
4600,12,M06252,Morning,27.6,16.0,84.4,78.9,77.0,97.9,Pass,0.05940471587963758,Safe
5505,2,M08537,Morning,39.4,15.4,79.7,95.2,87.3,75.2,Pass,0.05939245098416586,Safe
7828,13,M04262,Morning,34.1,14.1,86.3,91.6,97.4,94.3,Pass,0.059382795498228086,Safe
2224,9,M09766,Morning,31.8,14.6,95.4,98.0,90.2,100.0,Pass,0.059374200385842756,Safe
2653,23,M06660,Morning,35.4,17.3,96.7,85.6,82.9,100.0,Pass,0.05937249046054985,Safe
6276,13,M05289,Afternoon,31.9,12.6,84.0,80.9,78.7,90.1,Pass,0.059363852119874785,Safe
547,24,M04331,Morning,42.1,14.5,70.0,76.6,93.1,81.9,Pass,0.0593584695028718,Safe
6151,24,M04733,Afternoon,33.2,16.1,88.7,100.0,98.6,86.3,Pass,0.05935620046298185,Safe
8383,1,M06669,Afternoon,29.5,14.3,83.5,78.8,84.3,70.4,Pass,0.05935573122197211,Safe
8301,5,M02957,Night,35.2,16.7,75.3,86.3,79.5,82.1,Pass,0.059343176136790354,Safe
6228,4,M06728,Night,34.6,16.0,80.6,75.9,78.1,65.2,Pass,0.059341202983838964,Safe
2465,9,M07928,Afternoon,25.0,14.0,84.2,72.7,85.3,81.2,Pass,0.05932926003284011,Safe
6839,4,M09473,Morning,29.5,17.0,84.4,92.4,82.2,86.9,Pass,0.05932822543887603,Safe
1350,3,M07833,Morning,34.0,17.8,84.3,76.4,77.3,93.3,Pass,0.05929999722267814,Safe
8217,17,M09553,Afternoon,37.4,15.2,85.6,78.1,75.3,75.5,Pass,0.05929380136885357,Safe
2675,7,M09659,Night,35.3,15.0,76.1,72.1,72.0,83.3,Pass,0.059289292384251284,Safe
751,9,M01907,Morning,27.0,16.6,85.2,100.0,86.6,90.6,Pass,0.05928196194673329,Safe
6770,7,M08090,Morning,36.0,14.8,81.0,85.4,87.4,74.0,Pass,0.05926940355763364,Safe
1546,21,M03381,Afternoon,38.1,13.3,87.9,80.6,85.5,77.5,Pass,0.05925756808728314,Safe
1741,25,M09772,Night,33.2,15.5,69.1,72.8,79.4,77.1,Pass,0.05925623161323193,Safe
8771,12,M01755,Morning,34.0,16.5,73.9,72.6,82.3,76.9,Pass,0.059251964806137834,Safe
8665,11,M06721,Afternoon,35.5,14.1,83.3,86.4,92.7,74.1,Pass,0.059241878492481526,Safe
6109,8,M09909,Morning,38.9,14.6,69.2,87.8,87.7,95.4,Pass,0.059239641915904334,Safe
1676,2,M06296,Morning,37.5,14.3,89.3,79.2,87.5,72.0,Pass,0.059236971845729576,Safe
6994,1,M04918,Morning,30.3,15.7,82.1,88.4,75.4,92.6,Pass,0.05921533318127384,Safe
1894,15,M01287,Morning,36.0,15.7,83.0,88.6,95.3,76.5,Pass,0.05920527328702762,Safe
8941,22,M06033,Afternoon,27.7,14.7,85.2,91.5,85.1,70.7,Pass,0.0592036591898317,Safe
9474,22,M08216,Morning,27.4,15.9,84.5,77.8,78.8,72.8,Pass,0.05919326710038526,Safe
5944,4,M06258,Night,27.6,14.9,75.8,78.6,96.9,77.5,Pass,0.05918740424498922,Safe
4193,12,M09942,Afternoon,29.8,13.2,74.4,82.9,84.2,65.3,Pass,0.059182503573536216,Safe
3518,20,M08446,Morning,33.1,17.0,76.3,80.9,70.5,82.9,Pass,0.05918239397209677,Safe
4654,13,M09276,Night,34.2,18.5,75.5,86.1,98.9,79.0,Pass,0.05918001937165508,Safe
9695,4,M06573,Afternoon,32.2,15.6,81.5,75.1,76.3,78.0,Pass,0.05917816412370202,Safe
3800,18,M01527,Afternoon,32.7,16.5,87.1,83.4,88.3,87.5,Pass,0.05917710103641139,Safe
3870,7,M00061,Morning,27.0,17.1,83.4,96.3,80.1,94.0,Pass,0.05917382171064359,Safe
8468,5,M06554,Afternoon,33.5,16.0,72.4,90.3,88.4,90.5,Pass,0.059173643130565876,Safe
6381,12,M04952,Afternoon,37.4,15.3,80.2,84.6,82.8,69.1,Pass,0.05917100931059434,Safe
9996,4,M04678,Night,29.9,15.2,88.5,82.2,66.4,82.2,Pass,0.05916625286841101,Safe
2097,22,M05180,Afternoon,36.6,14.8,85.8,78.9,95.4,83.8,Pass,0.05915653994104002,Safe
1874,19,M06937,Night,35.0,13.4,79.1,75.3,80.9,68.6,Pass,0.05914833796673604,Safe
1541,25,M05180,Afternoon,33.6,15.0,100.0,91.6,89.1,91.9,Pass,0.05914757697775646,Safe
7153,5,M04265,Night,28.8,14.5,85.1,82.3,85.3,78.8,Pass,0.05914282245096413,Safe
9645,13,M02950,Morning,35.3,16.1,74.4,83.7,72.2,82.0,Pass,0.05913516186915826,Safe
3773,3,M02963,Morning,30.6,16.0,94.5,97.1,89.3,95.2,Pass,0.059133953873992534,Safe
8635,25,M01307,Morning,33.8,15.5,84.7,96.3,89.9,88.7,Pass,0.05913362842671797,Safe
9469,5,M05877,Afternoon,43.5,17.1,91.3,79.7,94.3,84.4,Pass,0.05912813175353151,Safe
1144,16,M01410,Afternoon,39.3,13.4,88.2,81.3,86.0,86.8,Pass,0.05912481632160446,Safe
73,25,M07893,Morning,35.0,17.6,78.0,100.0,98.5,87.9,Pass,0.059097390834696964,Safe
4843,13,M01095,Morning,34.9,16.4,77.6,83.6,81.7,86.7,Pass,0.059094979116903285,Safe
2897,5,M06991,Afternoon,28.2,15.7,86.1,80.4,82.5,71.4,Pass,0.05908977869110983,Safe
1598,10,M08033,Morning,33.4,14.2,73.9,100.0,81.8,75.1,Pass,0.05908603283451588,Safe
3400,9,M09062,Afternoon,29.7,14.3,70.8,77.3,88.5,87.0,Pass,0.05907637066267207,Safe
318,1,M06103,Morning,33.1,18.4,93.2,80.0,87.7,91.8,Pass,0.05906601397439091,Safe
2203,9,M06231,Afternoon,35.8,15.7,72.6,72.2,88.5,87.9,Pass,0.05906371397370873,Safe
721,22,M06242,Night,36.2,15.9,72.6,85.4,85.0,86.5,Pass,0.05905895174676812,Safe
1575,24,M04168,Morning,29.5,17.6,81.1,76.5,77.0,72.7,Pass,0.059055338274218966,Safe
2662,6,M08180,Night,35.1,17.8,75.5,74.7,88.3,71.0,Pass,0.05905115518929251,Safe
9789,5,M01288,Afternoon,35.0,16.1,87.2,88.5,84.8,74.1,Pass,0.05904970883936366,Safe
3202,7,M09011,Afternoon,33.5,16.7,76.1,74.3,86.5,75.8,Pass,0.059043885317173445,Safe
9846,22,M07000,Afternoon,33.8,17.8,86.4,82.4,85.7,65.1,Pass,0.05903408079244968,Safe
4076,18,M00384,Afternoon,36.6,17.0,72.0,74.0,88.4,88.7,Pass,0.05903048481915515,Safe
2036,24,M05963,Morning,33.4,18.2,71.5,77.0,94.5,74.2,Pass,0.05901768458355435,Safe
8923,6,M00977,Afternoon,31.6,14.6,93.9,85.0,89.9,91.3,Pass,0.05901507099023781,Safe
321,16,M03395,Afternoon,34.1,13.1,92.3,81.1,76.1,77.1,Pass,0.05901216956524252,Safe
5482,8,M07037,Morning,33.5,12.7,84.6,82.1,74.8,88.6,Pass,0.059010629672716676,Safe
6695,11,M01549,Afternoon,31.0,17.0,100.0,84.1,75.7,96.1,Pass,0.059002498261647086,Safe
4770,4,M01815,Morning,35.2,17.6,88.2,81.4,82.7,75.0,Pass,0.0589876480331793,Safe
1193,23,M03029,Morning,43.3,17.2,76.2,80.9,85.8,79.5,Pass,0.0589838824710274,Safe
2172,22,M06165,Morning,32.4,15.8,81.1,75.6,81.2,84.9,Pass,0.05898143959357317,Safe
7291,6,M04363,Afternoon,28.0,17.0,85.8,80.9,73.1,88.3,Pass,0.058980673388604174,Safe
7815,8,M01532,Morning,41.9,16.8,81.6,74.8,95.2,74.5,Pass,0.05897303152223392,Safe
9061,16,M03023,Night,36.6,13.0,80.8,74.1,78.4,74.6,Pass,0.05897193792297061,Safe
8335,23,M09322,Night,33.0,16.2,85.8,89.1,73.9,68.4,Pass,0.05896992538356022,Safe
695,24,M05566,Morning,34.1,16.1,69.9,97.4,90.1,76.6,Pass,0.05896755793438788,Safe
4448,8,M09481,Night,32.1,15.5,74.8,83.8,84.9,71.5,Pass,0.05896109179943396,Safe
7901,15,M09019,Afternoon,34.2,16.7,82.5,90.0,79.3,81.0,Pass,0.058945872325392494,Safe
3819,4,M05489,Night,30.5,16.8,91.9,88.6,75.2,73.1,Pass,0.05893714852057049,Safe
5207,25,M03623,Night,43.0,16.8,84.8,79.7,82.1,70.4,Pass,0.0589166747204319,Safe
9725,19,M09105,Morning,35.1,15.6,85.5,82.7,88.6,87.9,Pass,0.0589083111378667,Safe
1106,21,M00833,Morning,29.5,16.1,100.0,100.0,89.9,79.2,Pass,0.058904051295470244,Safe
9030,20,M09835,Afternoon,32.7,15.5,72.9,76.8,74.5,81.8,Pass,0.05889233357165616,Safe
7955,6,M04440,Night,31.7,16.0,84.3,71.6,84.7,75.2,Pass,0.05888707669911944,Safe
3296,10,M06092,Morning,25.0,16.0,84.6,71.8,77.3,73.7,Pass,0.05887809532342966,Safe
5060,20,M01368,Morning,38.0,15.1,80.5,76.8,68.1,75.4,Pass,0.05886317219351858,Safe
895,20,M02220,Afternoon,32.2,16.6,82.1,78.8,82.3,92.2,Pass,0.05886095512033095,Safe
9896,10,M05673,Morning,31.8,17.0,77.5,74.2,75.9,75.5,Pass,0.058855105159981214,Safe
9253,25,M05139,Morning,38.4,16.0,81.6,82.2,100.0,84.2,Pass,0.058853346791050754,Safe
1150,18,M07084,Night,37.1,13.5,80.2,73.9,82.5,71.9,Pass,0.058852750641270025,Safe
7999,12,M06942,Night,31.6,17.7,74.1,87.8,86.4,73.3,Pass,0.058851767588386616,Safe
3871,7,M03928,Morning,35.0,16.1,80.8,84.7,100.0,96.0,Pass,0.05884836925292942,Safe
6361,17,M07083,Morning,31.4,16.0,76.1,90.9,96.3,83.6,Pass,0.05884392333029608,Safe
8910,24,M05122,Night,31.1,15.4,94.0,86.3,80.9,77.0,Pass,0.0588347581736065,Safe
8483,13,M00893,Night,38.4,17.4,84.2,82.4,76.2,84.2,Pass,0.058833932067462645,Safe
9967,22,M04542,Afternoon,39.3,16.3,73.8,80.0,84.6,100.0,Pass,0.058831334459028106,Safe
8153,4,M08216,Morning,33.4,16.8,92.6,74.5,93.8,80.9,Pass,0.05882372140283963,Safe
3809,18,M01015,Morning,36.0,15.2,75.0,71.9,85.2,76.4,Pass,0.058819433925226344,Safe
4798,7,M06402,Night,32.7,16.9,77.8,71.3,71.4,77.3,Pass,0.05881656061206988,Safe
3360,5,M02607,Afternoon,29.1,18.6,88.1,80.8,82.7,84.8,Pass,0.05881278941640112,Safe
1909,6,M05496,Morning,34.7,12.6,96.4,100.0,85.6,82.0,Pass,0.058809608384272745,Safe
5741,9,M05954,Night,37.5,14.0,87.6,78.6,90.1,68.7,Pass,0.05880729613363055,Safe
9844,19,M07043,Afternoon,30.8,15.3,91.2,100.0,100.0,83.1,Pass,0.05880462512546971,Safe
8581,15,M05311,Morning,30.3,16.0,91.8,88.7,90.9,89.5,Pass,0.058799969880509985,Safe
3157,18,M07652,Night,31.3,15.1,69.4,75.5,81.1,83.7,Pass,0.05878021668968106,Safe
6104,12,M08635,Night,36.0,17.6,79.8,78.7,85.5,72.4,Pass,0.05877992247781935,Safe
7475,10,M09829,Morning,37.8,16.1,81.8,89.8,82.4,85.7,Pass,0.05876554652655431,Safe
7746,5,M02903,Afternoon,37.6,17.2,81.7,91.8,88.1,69.8,Pass,0.058756479506342336,Safe
7471,22,M05086,Night,32.9,16.1,90.0,79.1,75.1,76.8,Pass,0.05875515223031467,Safe
9934,10,M04932,Morning,33.6,13.1,74.0,72.3,87.2,76.1,Pass,0.058749958534162434,Safe
7634,11,M04420,Night,31.1,17.4,86.4,84.8,72.2,70.3,Pass,0.0587448874217821,Safe
9784,24,M01418,Night,26.7,14.7,83.1,80.9,79.4,87.2,Pass,0.058740399847328977,Safe
1246,18,M03550,Afternoon,29.9,16.8,81.8,89.4,83.4,67.5,Pass,0.0587364670395191,Safe
7290,16,M01109,Night,33.7,16.0,72.5,93.0,86.8,73.2,Pass,0.058725184604559215,Safe
3853,25,M01638,Afternoon,31.5,15.7,81.1,83.2,74.4,79.0,Pass,0.05872490697177432,Safe
8811,18,M05319,Morning,38.4,17.0,81.9,79.6,86.3,73.2,Pass,0.05870536223656684,Safe
5056,24,M09463,Afternoon,27.1,15.9,79.0,82.4,100.0,83.6,Pass,0.05870341382110264,Safe
7962,12,M02957,Morning,40.5,16.2,76.8,78.9,77.7,75.7,Pass,0.05869399846059952,Safe
4004,13,M06080,Morning,38.3,13.1,89.6,75.4,82.3,76.8,Pass,0.058693751571773436,Safe
7561,6,M00556,Afternoon,37.4,17.4,74.5,79.7,80.4,84.5,Pass,0.058684078824666495,Safe
6774,9,M02501,Morning,31.1,15.1,70.0,74.4,78.3,94.4,Pass,0.05868151402980962,Safe
4390,20,M04821,Morning,31.2,17.4,85.7,99.3,100.0,65.2,Pass,0.05868000658793327,Safe
5276,15,M09783,Morning,34.8,16.1,78.2,79.5,76.5,72.5,Pass,0.058678204928957464,Safe
4785,15,M01049,Afternoon,34.2,15.9,79.5,84.0,82.7,78.7,Pass,0.058673998341622624,Safe
6573,13,M06523,Morning,38.3,14.8,76.9,89.4,77.0,85.9,Pass,0.058673525442019064,Safe
3634,19,M01856,Morning,35.5,13.2,87.1,78.2,86.7,81.4,Pass,0.05867095414865116,Safe
1230,6,M07618,Afternoon,36.3,15.1,69.7,87.8,94.9,81.8,Pass,0.05866979037849975,Safe
7246,6,M09719,Morning,37.2,14.5,81.2,82.4,82.5,86.9,Pass,0.0586641240023086,Safe
3039,20,M03826,Morning,39.7,16.0,95.5,86.9,86.2,90.1,Pass,0.058658404094302084,Safe
2016,20,M00286,Afternoon,38.9,17.7,76.9,78.5,75.5,96.7,Pass,0.058655921915217804,Safe
7497,7,M06262,Morning,34.1,14.9,91.4,74.5,80.1,79.3,Pass,0.058655695549697046,Safe
1904,10,M05204,Morning,30.4,16.0,80.3,77.0,88.7,86.0,Pass,0.05864076465727401,Safe
9738,4,M04762,Morning,34.2,17.5,79.6,83.3,89.2,78.2,Pass,0.05863520698515533,Safe
6217,20,M06402,Morning,35.8,15.6,78.2,75.5,82.1,90.5,Pass,0.05863316559112574,Safe
3999,1,M06477,Afternoon,33.5,14.5,92.6,94.3,73.0,83.2,Pass,0.05862383203354332,Safe
8898,8,M01752,Afternoon,26.4,14.7,78.0,76.8,83.1,65.4,Pass,0.05861054544570957,Safe
3176,22,M07928,Morning,35.3,14.9,84.9,84.6,86.7,69.9,Pass,0.05860823549473318,Safe
7936,19,M02687,Morning,36.1,15.8,80.7,75.7,77.5,76.0,Pass,0.05860408840896504,Safe
5365,23,M09096,Afternoon,30.3,16.0,76.1,94.7,74.9,84.6,Pass,0.058601628988437675,Safe
3848,7,M07297,Afternoon,35.9,12.6,84.8,89.2,82.8,100.0,Pass,0.05860009350781737,Safe
1543,15,M00985,Afternoon,37.0,14.8,77.9,76.4,81.5,80.2,Pass,0.058597528595416316,Safe
6216,17,M08647,Night,36.2,16.0,74.6,81.9,94.3,66.3,Pass,0.05859558090969683,Safe
1516,25,M07028,Morning,35.4,13.9,83.1,83.1,100.0,92.1,Pass,0.05858715221995139,Safe
1931,8,M03274,Afternoon,33.0,16.6,87.5,77.4,91.1,87.8,Pass,0.05858309356712896,Safe
5350,22,M05650,Afternoon,29.3,13.7,86.0,81.5,72.3,82.5,Pass,0.05857326079489269,Safe
8843,21,M08634,Morning,37.5,17.0,82.9,98.0,99.5,85.4,Pass,0.058568415437479,Safe
5006,1,M08387,Morning,37.9,16.5,79.2,88.3,81.3,72.2,Pass,0.058562282563438955,Safe
1573,21,M08587,Afternoon,34.4,14.5,92.4,93.1,81.9,91.2,Pass,0.05854898674815687,Safe
4124,21,M06624,Night,40.7,16.4,81.2,74.5,80.2,90.7,Pass,0.05853426314949957,Safe
8269,9,M04110,Afternoon,38.7,16.2,77.6,76.0,75.7,76.5,Pass,0.0585329686422246,Safe
7749,2,M01501,Morning,32.5,17.1,82.0,92.5,86.4,85.5,Pass,0.058527987349170224,Safe
6764,10,M02708,Morning,35.9,17.1,77.9,76.4,91.7,82.6,Pass,0.058522071754928816,Safe
7918,9,M09064,Morning,33.0,15.0,85.3,88.4,82.9,93.7,Pass,0.058521355710261395,Safe
5718,15,M04436,Morning,33.6,14.7,79.1,78.8,78.5,77.0,Pass,0.05851761500597332,Safe
8150,20,M00865,Morning,32.5,16.1,67.7,80.4,76.6,79.1,Pass,0.05851079496268242,Safe
561,23,M02682,Afternoon,33.0,16.1,74.1,77.8,86.5,76.6,Pass,0.058505306060309216,Safe
122,20,M05135,Night,31.0,16.5,77.5,83.8,95.6,76.2,Pass,0.0585053031478309,Safe
7587,8,M04783,Afternoon,28.5,16.7,100.0,95.7,100.0,82.5,Pass,0.058504871199819834,Safe
3249,25,M02017,Night,30.2,17.8,83.0,91.8,79.5,82.5,Pass,0.0585041401207602,Safe
7449,9,M02666,Afternoon,29.0,16.1,85.1,80.3,75.7,76.9,Pass,0.05848818267427792,Safe
3590,24,M04358,Morning,31.5,17.1,76.2,78.4,85.8,83.1,Pass,0.05846451174421393,Safe
9995,10,M09592,Morning,32.6,17.6,88.9,78.1,86.3,73.7,Pass,0.05846146745034895,Safe
9164,4,M09698,Morning,35.5,17.6,69.8,77.5,81.0,72.1,Pass,0.05846017608835445,Safe
1348,22,M00146,Morning,33.8,13.0,81.7,98.6,84.3,75.3,Pass,0.05845602923720393,Safe
5184,4,M01212,Night,34.1,17.4,69.5,79.9,88.4,92.9,Pass,0.05844974652074872,Safe
3876,3,M06122,Afternoon,32.4,16.4,77.8,100.0,79.6,77.7,Pass,0.05841993696824391,Safe
365,9,M04147,Night,28.2,16.3,83.4,77.5,74.6,70.2,Pass,0.05841365396305156,Safe
8031,3,M04087,Morning,36.6,16.1,75.0,82.8,81.1,83.6,Pass,0.05841022150614958,Safe
4015,13,M08027,Afternoon,29.2,18.6,84.0,90.7,94.4,99.5,Pass,0.058406677201353896,Safe
9824,18,M01674,Morning,28.7,15.5,80.4,78.9,78.1,92.9,Pass,0.058405614370594945,Safe
2219,16,M05511,Night,31.7,14.1,75.6,80.2,88.9,77.3,Pass,0.0583981915669934,Safe
631,1,M04469,Afternoon,30.9,15.2,90.8,90.5,84.5,68.3,Pass,0.05839699550906812,Safe
165,2,M00664,Morning,34.9,16.9,82.2,95.0,90.3,94.9,Pass,0.05839448896247789,Safe
2135,14,M06141,Afternoon,31.6,15.5,67.3,75.8,74.5,97.9,Pass,0.05839331823065502,Safe
3448,17,M07928,Afternoon,36.5,13.8,81.0,81.5,79.7,77.7,Pass,0.05839142257317015,Safe
2500,1,M06567,Afternoon,32.0,14.4,89.7,90.5,92.8,83.5,Pass,0.05838920991844605,Safe
7132,11,M08734,Afternoon,37.1,18.4,94.2,97.4,91.6,81.6,Pass,0.05838633562384091,Safe
151,6,M01664,Night,34.6,18.0,82.4,80.2,82.4,82.2,Pass,0.05838520078122894,Safe
1689,4,M02959,Afternoon,34.7,13.4,86.4,80.5,84.8,75.6,Pass,0.05838032701778181,Safe
5679,5,M02940,Afternoon,35.3,18.0,79.0,85.3,82.5,93.4,Pass,0.058370069868391064,Safe
1019,21,M03477,Night,37.7,17.1,83.1,71.6,84.8,70.8,Pass,0.05836944064665659,Safe
2881,11,M01432,Morning,31.0,16.6,86.1,84.6,83.4,92.7,Pass,0.05836183242245253,Safe
3697,6,M04457,Night,32.9,15.9,83.2,71.9,70.6,96.7,Pass,0.058357333024470236,Safe
8072,2,M05753,Afternoon,29.6,17.9,81.4,88.6,74.5,76.7,Pass,0.058349137184444545,Safe
4915,6,M00245,Morning,36.1,16.6,91.8,84.7,69.5,76.7,Pass,0.0583474548651301,Safe
6290,17,M04517,Afternoon,30.3,16.5,78.9,81.0,98.3,85.2,Pass,0.05833915293987688,Safe
6193,7,M08120,Night,36.7,14.5,80.7,78.8,81.8,90.6,Pass,0.058337703145283325,Safe
1112,9,M06723,Morning,33.5,14.8,77.0,86.8,89.4,92.6,Pass,0.05833504236404705,Safe
2617,12,M03349,Morning,32.9,15.4,77.8,74.5,81.7,76.0,Pass,0.058329482904620054,Safe
5564,13,M02245,Morning,31.7,14.9,78.6,78.4,87.4,85.4,Pass,0.058325344475747345,Safe
1566,6,M07100,Afternoon,40.8,17.9,81.0,83.9,86.5,77.9,Pass,0.058322280058199796,Safe
5408,3,M00127,Afternoon,33.9,16.7,83.1,77.7,84.0,81.4,Pass,0.0583197705799994,Safe
9696,7,M00235,Afternoon,34.0,16.6,82.6,92.0,93.0,80.0,Pass,0.058318130964644645,Safe
2736,21,M01349,Night,35.6,16.3,85.7,86.2,78.8,81.4,Pass,0.05828761490690729,Safe
9889,14,M03147,Morning,30.7,16.1,87.9,100.0,84.5,76.1,Pass,0.05828754021367078,Safe
8484,6,M05488,Night,34.9,14.6,94.4,83.3,86.9,69.2,Pass,0.05828008489200519,Safe
6485,20,M04223,Morning,38.3,15.3,92.3,74.1,87.3,80.7,Pass,0.05827213832019354,Safe
7761,16,M04336,Afternoon,32.9,16.5,77.6,76.6,83.0,71.0,Pass,0.05827029934851377,Safe
8234,10,M03248,Afternoon,34.7,14.3,81.9,81.4,86.4,82.0,Pass,0.05826859596829244,Safe
8554,14,M05607,Afternoon,26.4,17.5,71.5,91.2,83.6,69.8,Pass,0.0582624907529074,Safe
3435,24,M04968,Afternoon,44.0,14.9,79.6,81.7,80.0,80.6,Pass,0.05826208069710812,Safe
9106,21,M09972,Morning,31.3,13.9,98.3,77.8,95.7,85.7,Pass,0.058259658523103816,Safe
2074,18,M08430,Night,34.6,14.3,74.6,75.7,84.3,67.6,Pass,0.058258010009766645,Safe
8277,9,M04542,Afternoon,31.5,16.9,85.0,79.4,93.6,88.5,Pass,0.058256812813168246,Safe
2754,15,M00406,Morning,31.5,16.9,83.6,84.4,68.1,74.0,Pass,0.058251589730960916,Safe
8914,8,M04516,Morning,29.5,16.5,84.5,89.4,82.8,76.2,Pass,0.058249231570621805,Safe
4233,7,M02567,Morning,28.9,15.3,86.4,76.4,69.6,77.8,Pass,0.05824568296995799,Safe
5291,7,M03125,Morning,30.4,13.0,78.3,87.0,87.0,82.1,Pass,0.05823965369806351,Safe
9509,12,M00438,Morning,34.1,18.5,90.0,95.0,82.6,99.8,Pass,0.058234948852216875,Safe
9965,12,M06402,Afternoon,28.9,16.9,82.7,77.0,72.1,90.6,Pass,0.058221537447324966,Safe
2958,22,M00786,Night,37.1,15.8,86.1,83.9,82.0,72.8,Pass,0.05821881021603411,Safe
2071,10,M05902,Night,31.9,17.1,94.6,78.9,76.7,79.8,Pass,0.058201455476858344,Safe
6921,4,M07939,Night,30.7,16.4,87.4,70.2,77.0,76.5,Pass,0.05819366517706339,Safe
9652,3,M02591,Morning,34.5,17.3,79.9,82.2,72.6,75.2,Pass,0.05818965400441642,Safe
5406,4,M07205,Night,33.7,15.6,75.1,75.6,86.4,72.4,Pass,0.05818455051494996,Safe
7460,23,M02556,Morning,33.1,15.2,85.3,79.7,85.5,80.3,Pass,0.05818215885237353,Safe
2835,3,M05807,Morning,38.3,14.0,83.3,83.7,71.7,68.4,Pass,0.05817129427876993,Safe
1773,23,M07352,Night,37.3,16.4,76.7,75.8,71.5,75.4,Pass,0.05815237875422391,Safe
8399,20,M02998,Night,33.6,17.4,87.4,81.6,81.0,81.5,Pass,0.05815107648050319,Safe
6173,9,M06999,Morning,39.4,15.1,78.1,84.3,94.2,95.0,Pass,0.05812944520566576,Safe
6309,1,M08076,Afternoon,32.6,14.3,71.2,83.4,96.2,88.1,Pass,0.0581281287044817,Safe
9409,17,M07033,Morning,35.8,14.9,78.4,74.1,77.5,68.5,Pass,0.05812097438167805,Safe
5144,1,M03638,Night,36.9,17.2,72.1,74.4,78.4,90.0,Pass,0.05811348994620018,Safe
5518,22,M08466,Night,33.0,16.3,83.6,74.6,71.4,72.6,Pass,0.05811008513460487,Safe
4656,18,M00407,Morning,38.2,13.5,83.8,81.7,87.7,79.5,Pass,0.05810175030089462,Safe
4609,13,M02505,Night,33.0,18.0,100.0,83.7,87.2,88.4,Pass,0.058100758310509114,Safe
4505,10,M08040,Afternoon,33.1,15.8,79.1,90.8,80.5,88.1,Pass,0.058099463688694265,Safe
5088,22,M06829,Morning,33.6,14.6,83.0,85.7,80.3,84.6,Pass,0.05809780467906501,Safe
6057,17,M05681,Afternoon,31.4,14.5,82.7,78.1,84.1,84.2,Pass,0.058090098023873125,Safe
9268,22,M06153,Morning,33.0,16.5,84.1,95.9,89.7,94.2,Pass,0.05807362863314933,Safe
7085,3,M09609,Afternoon,35.3,17.5,86.8,84.0,99.9,88.8,Pass,0.0580703544813766,Safe
9924,25,M01661,Afternoon,39.8,14.0,73.1,81.0,73.7,77.6,Pass,0.058067370370780615,Safe
3471,23,M01106,Morning,34.8,16.0,88.7,83.9,79.4,66.1,Pass,0.05805589507661881,Safe
7831,4,M04713,Morning,31.0,15.9,87.6,96.2,93.9,83.1,Pass,0.05802395286483339,Safe
8247,23,M05957,Morning,42.4,16.9,79.6,75.7,88.2,75.4,Pass,0.05800364929130443,Safe
1635,12,M00022,Night,34.3,12.9,78.3,80.9,78.1,77.7,Pass,0.057989452245125854,Safe
2806,8,M04649,Night,37.1,14.5,79.1,78.9,97.3,75.1,Pass,0.057987380975085684,Safe
5666,25,M02257,Night,32.5,17.8,70.7,74.3,80.4,79.7,Pass,0.057984577680618585,Safe
4689,10,M09344,Afternoon,37.2,14.3,83.5,77.1,81.8,77.0,Pass,0.05797647743090488,Safe
5900,23,M07777,Afternoon,31.0,16.6,100.0,83.6,74.4,80.8,Pass,0.05797488616917365,Safe
8660,4,M02826,Night,32.0,15.7,89.4,93.8,81.9,89.9,Pass,0.05797418773527574,Safe
668,9,M03926,Morning,36.2,16.8,82.7,71.7,84.2,71.0,Pass,0.05797373168940113,Safe
2021,3,M09959,Night,38.0,13.5,83.1,77.8,75.7,81.7,Pass,0.057958497004039176,Safe
2813,14,M05824,Afternoon,35.6,16.6,69.1,82.9,75.5,82.0,Pass,0.0579482802251765,Safe
2088,11,M08735,Afternoon,33.8,14.5,80.3,88.9,87.8,100.0,Pass,0.05794061230961232,Safe
4400,6,M02980,Morning,34.4,16.3,79.4,78.8,71.7,79.2,Pass,0.05792175507741611,Safe
3614,7,M01908,Night,34.0,14.0,72.8,89.2,82.3,79.0,Pass,0.05791473536591082,Safe
2883,14,M07462,Morning,34.2,15.8,69.9,79.7,80.8,92.6,Pass,0.05788622825604229,Safe
409,14,M01082,Night,35.0,15.8,71.1,82.0,79.2,70.7,Pass,0.057884632033778124,Safe
5616,25,M00914,Night,26.0,12.9,69.8,76.4,80.8,74.9,Pass,0.0578764028147285,Safe
9573,25,M04321,Morning,40.3,16.7,79.5,77.6,74.7,90.7,Pass,0.05785741774524731,Safe
3241,14,M05575,Afternoon,38.6,14.7,82.2,89.8,72.7,82.6,Pass,0.05785195879082429,Safe
2719,23,M00988,Night,35.4,15.9,80.3,94.9,89.0,76.0,Pass,0.05782746828109108,Safe
5764,10,M07868,Morning,43.5,17.3,100.0,97.4,84.6,93.6,Pass,0.05782406810853766,Safe
1,24,M07271,Morning,30.0,16.0,96.6,84.8,92.2,80.8,Pass,0.0578084928338512,Safe
8514,8,M02652,Afternoon,30.2,16.2,90.5,90.2,83.2,86.5,Pass,0.05779972373519481,Safe
8541,13,M01544,Afternoon,30.7,15.8,82.4,77.9,85.6,84.4,Pass,0.05778514648767089,Safe
8607,25,M06450,Afternoon,33.3,15.2,69.6,76.3,87.6,77.6,Pass,0.05778393413939517,Safe
2655,21,M06041,Night,37.2,13.9,76.4,83.4,82.4,72.6,Pass,0.05775627387570578,Safe
1189,18,M06137,Morning,38.0,12.7,83.1,86.2,96.4,69.0,Pass,0.057756147273859276,Safe
9083,16,M04484,Morning,39.0,16.2,94.0,100.0,85.5,90.7,Pass,0.05775245330331419,Safe
1180,8,M07142,Afternoon,28.0,18.7,81.0,90.1,76.1,74.4,Pass,0.05774585303866484,Safe
7416,17,M03455,Afternoon,32.1,14.9,100.0,81.4,95.0,83.9,Pass,0.05774395487046597,Safe
6261,14,M01132,Morning,31.8,16.2,80.6,79.8,78.5,71.2,Pass,0.057743580398818335,Safe
1813,15,M00575,Morning,39.9,14.4,100.0,100.0,84.0,92.6,Pass,0.05773890518176711,Safe
7642,1,M05142,Morning,35.5,14.8,82.0,77.3,81.4,88.1,Pass,0.05773463167663482,Safe
2577,13,M08805,Night,30.0,14.9,92.1,95.2,80.1,76.7,Pass,0.05772406500537101,Safe
411,3,M07806,Morning,27.7,15.9,75.2,83.4,79.2,73.7,Pass,0.0577111862709807,Safe
1889,16,M09874,Afternoon,33.2,15.8,100.0,86.0,79.6,100.0,Pass,0.057702076689250585,Safe
993,14,M06167,Morning,30.3,16.9,80.4,93.8,86.5,86.4,Pass,0.057695076374164954,Safe
3406,1,M03643,Night,30.9,17.2,69.3,74.4,91.5,70.8,Pass,0.05768831987060188,Safe
3388,25,M09739,Afternoon,30.7,17.1,80.2,82.7,100.0,90.2,Pass,0.05768818577701898,Safe
6780,23,M00224,Morning,30.1,15.0,77.7,89.7,74.8,87.0,Pass,0.057687840183507484,Safe
2419,22,M08896,Morning,33.8,16.0,93.5,83.8,67.9,81.8,Pass,0.05768681976464172,Safe
4355,1,M00270,Afternoon,34.7,15.0,86.5,86.3,88.7,75.9,Pass,0.05768491472710658,Safe
8558,8,M01649,Afternoon,32.3,17.0,85.6,79.1,84.3,97.3,Pass,0.0576746984230513,Safe
3553,21,M02709,Afternoon,33.0,16.8,84.8,89.2,75.6,78.2,Pass,0.05767077405601989,Safe
2080,2,M02530,Night,34.6,15.9,80.6,80.8,75.5,88.5,Pass,0.057644885627919557,Safe
5257,4,M00172,Morning,31.3,14.9,78.4,89.6,92.3,80.6,Pass,0.05764436869493167,Safe
1299,6,M01467,Afternoon,34.4,13.0,84.6,82.4,95.6,95.6,Pass,0.05762811877449803,Safe
1477,5,M09438,Night,30.8,15.8,85.3,90.7,91.6,85.9,Pass,0.057626919721253306,Safe
7768,18,M07596,Morning,34.0,15.9,95.1,81.1,94.3,80.7,Pass,0.057607529712475423,Safe
8049,1,M03274,Night,36.3,13.7,89.7,91.2,74.1,79.5,Pass,0.057606321321976,Safe
8802,8,M05770,Morning,30.3,13.3,85.1,75.6,85.1,88.3,Pass,0.05759839951488521,Safe
5530,4,M06009,Morning,31.2,14.5,73.0,79.5,88.9,71.2,Pass,0.057584828140229166,Safe
6247,3,M02881,Morning,43.6,16.5,83.2,89.7,96.5,81.3,Pass,0.05756363342380407,Safe
4478,24,M07000,Morning,37.1,15.5,83.5,78.2,73.8,73.8,Pass,0.05755614001167371,Safe
6067,11,M01602,Afternoon,37.1,15.1,79.7,74.1,87.5,64.0,Pass,0.05753671151426283,Safe
3163,25,M06556,Morning,33.0,17.3,96.2,85.0,90.0,100.0,Pass,0.05753584665707386,Safe
4170,12,M02218,Morning,37.6,17.8,74.7,81.8,84.1,82.9,Pass,0.057529064322376186,Safe
4763,18,M00973,Night,33.4,15.4,66.7,83.4,81.1,71.7,Pass,0.05752563933137465,Safe
9440,18,M03886,Afternoon,37.5,15.1,73.0,70.3,82.0,84.9,Pass,0.05752424252305508,Safe
6800,5,M03118,Afternoon,39.5,18.0,79.7,79.6,100.0,100.0,Pass,0.057510557418512256,Safe
4240,19,M07383,Morning,33.2,15.0,79.8,76.2,85.9,77.3,Pass,0.0575014495106671,Safe
7263,8,M04602,Afternoon,29.8,16.5,90.4,79.4,75.5,73.2,Pass,0.05749903903033477,Safe
8486,20,M07311,Night,29.0,15.4,85.0,91.9,79.0,83.3,Pass,0.05749045964636478,Safe
9763,21,M01317,Night,35.8,14.8,78.9,72.9,88.9,91.4,Pass,0.057487452484143275,Safe
2597,10,M08439,Morning,36.2,14.9,81.8,96.1,89.8,88.4,Pass,0.05748528555265744,Safe
7729,21,M09113,Night,30.3,16.1,84.1,87.1,88.2,81.4,Pass,0.05748470305282605,Safe
9871,2,M04182,Morning,32.1,15.7,83.1,85.4,83.7,82.0,Pass,0.05747773199374201,Safe
7927,1,M09511,Night,35.3,16.9,75.6,97.9,85.5,81.7,Pass,0.05747001805089693,Safe
7303,3,M07691,Morning,35.8,16.7,76.1,95.5,88.0,86.1,Pass,0.05746453309119828,Safe
2836,11,M01876,Night,34.8,15.2,82.0,100.0,84.9,80.6,Pass,0.05745090428887225,Safe
8147,14,M03476,Morning,33.2,14.7,78.5,95.4,92.6,63.6,Pass,0.05744552122191473,Safe
1919,5,M05753,Morning,39.7,14.7,69.3,83.7,82.7,70.6,Pass,0.05744536628708267,Safe
4641,8,M04525,Night,38.2,17.4,81.7,80.2,81.6,71.1,Pass,0.05744497679117142,Safe
7661,17,M07174,Morning,28.5,15.4,83.0,96.1,84.2,87.9,Pass,0.0574397414911946,Safe
4955,11,M05857,Afternoon,31.9,15.9,78.8,90.7,78.0,82.2,Pass,0.057437128558109764,Safe
8081,13,M08941,Morning,30.5,17.3,92.6,94.7,80.1,95.7,Pass,0.05741748990073395,Safe
9191,22,M06250,Night,35.4,13.8,80.2,73.3,93.1,85.2,Pass,0.05741360579647842,Safe
3495,13,M09066,Afternoon,38.0,15.8,67.4,86.7,89.7,90.6,Pass,0.05740494768233989,Safe
7529,12,M02766,Afternoon,33.1,18.2,68.7,80.9,89.7,72.0,Pass,0.05738178052762727,Safe
5672,9,M05566,Morning,28.6,15.4,82.5,80.8,83.2,82.3,Pass,0.05738168092952988,Safe
338,13,M00785,Afternoon,31.3,15.1,78.6,86.9,82.1,96.6,Pass,0.05733673626382592,Safe
4634,22,M03759,Night,34.2,14.2,81.9,74.5,75.6,73.5,Pass,0.057325528857305345,Safe
3714,4,M05756,Afternoon,28.2,14.1,83.1,68.4,70.7,84.9,Pass,0.05732390166944551,Safe
4099,16,M02582,Morning,30.5,15.7,75.1,79.2,81.5,69.3,Pass,0.05730420183924078,Safe
7187,2,M01783,Afternoon,29.8,15.3,82.5,89.1,82.4,91.3,Pass,0.05729252885291342,Safe
5268,23,M06749,Afternoon,29.8,16.9,93.9,97.4,87.5,90.2,Pass,0.05729097445301621,Safe
4239,8,M09136,Afternoon,32.7,15.5,78.7,76.5,86.1,81.3,Pass,0.05728849882013615,Safe
4352,25,M05510,Afternoon,36.1,14.9,81.5,88.5,86.9,71.8,Pass,0.057286813962261256,Safe
1041,25,M01626,Afternoon,37.3,15.1,79.1,86.2,84.8,75.0,Pass,0.05728476986341893,Safe
6494,1,M01408,Morning,36.8,16.3,77.1,92.2,78.3,71.7,Pass,0.057283961297058664,Safe
4102,8,M08800,Afternoon,30.1,13.8,73.9,78.7,80.5,81.8,Pass,0.05727836309991803,Safe
6935,20,M02064,Night,35.9,14.0,80.0,74.7,78.4,81.7,Pass,0.057275901098543566,Safe
9327,20,M08027,Night,32.2,18.1,80.5,80.0,76.5,77.7,Pass,0.05726364570552191,Safe
4049,14,M05877,Night,32.4,14.8,89.5,82.3,89.4,70.9,Pass,0.057263371915655996,Safe
1657,16,M00662,Afternoon,35.1,15.4,79.3,90.1,94.2,73.4,Pass,0.057261787944516786,Safe
8557,3,M04891,Morning,29.9,15.3,78.8,78.2,86.0,75.9,Pass,0.05725540999866873,Safe
2340,7,M05190,Afternoon,35.3,17.9,82.8,68.3,80.9,71.6,Pass,0.05724587264880159,Safe
9821,24,M02551,Afternoon,35.5,13.9,75.4,78.6,84.5,77.2,Pass,0.057242660697074406,Safe
7711,2,M04061,Morning,32.9,16.5,77.9,83.9,88.7,84.4,Pass,0.057216495105291434,Safe
2228,7,M03840,Afternoon,34.6,17.0,84.8,87.0,100.0,92.4,Pass,0.05720267660029768,Safe
506,3,M03767,Morning,31.7,16.5,84.4,90.0,84.1,77.9,Pass,0.05719666274821268,Safe
3625,8,M07033,Morning,38.1,18.9,71.1,85.3,88.1,88.7,Pass,0.05718181550905817,Safe
8474,6,M03149,Morning,32.5,15.5,79.7,72.9,79.8,74.0,Pass,0.05717346590948056,Safe
9650,25,M01116,Morning,33.9,17.6,77.4,90.9,71.3,78.1,Pass,0.05716911101085368,Safe
5337,14,M03000,Morning,34.5,17.1,96.8,91.4,87.1,73.9,Pass,0.05716540427376615,Safe
6732,10,M01190,Morning,31.3,17.0,93.6,86.1,78.4,76.1,Pass,0.057164479345165026,Safe
123,20,M05978,Morning,31.7,14.8,80.4,87.5,79.2,74.9,Pass,0.057158605424200065,Safe
2608,19,M00646,Morning,30.4,17.1,75.9,73.2,80.4,88.6,Pass,0.05714926758774715,Safe
8542,23,M00272,Afternoon,33.5,17.6,80.5,69.2,76.6,82.0,Pass,0.05713445757941872,Safe
4919,9,M05003,Night,42.6,17.8,84.6,79.0,80.9,73.5,Pass,0.057125843330666226,Safe
6373,16,M07796,Night,34.8,14.1,67.5,76.6,79.0,75.3,Pass,0.057122683839087,Safe
4174,21,M04384,Afternoon,27.3,16.1,75.2,79.9,80.6,88.3,Pass,0.05710744883312125,Safe
3469,14,M00693,Night,31.2,16.0,94.4,77.0,88.5,69.3,Pass,0.057104437682069895,Safe
5858,7,M04012,Morning,33.1,16.2,90.8,79.4,80.1,74.7,Pass,0.057096946627806865,Safe
9526,19,M02732,Afternoon,28.1,17.4,73.6,85.8,81.9,75.9,Pass,0.05709555382476512,Safe
3757,19,M07968,Morning,36.6,17.7,78.6,71.6,84.7,73.5,Pass,0.057083342171437464,Safe
6799,24,M01126,Morning,32.0,15.2,84.8,83.1,66.2,77.5,Pass,0.057081415448047436,Safe
8943,7,M07774,Night,30.4,17.6,83.7,81.5,75.8,76.6,Pass,0.057064005976090355,Safe
8481,4,M07738,Morning,40.6,16.3,77.7,83.6,86.5,81.5,Pass,0.05703840991848314,Safe
4752,9,M05055,Afternoon,40.1,15.9,73.0,75.8,82.2,93.7,Pass,0.05703157673646228,Safe
6210,19,M08372,Morning,34.3,12.6,78.1,69.6,81.8,89.8,Pass,0.05702813310516475,Safe
5573,6,M07298,Night,31.3,14.1,92.7,86.1,89.7,78.0,Pass,0.05702701650289285,Safe
6878,14,M06576,Morning,31.0,14.0,87.7,79.8,91.2,70.5,Pass,0.05698268493149159,Safe
9991,9,M02180,Afternoon,31.8,18.9,82.7,79.1,85.1,72.8,Pass,0.056980154713255876,Safe
2537,4,M01578,Afternoon,33.0,15.8,83.8,80.7,83.3,79.4,Pass,0.05696721652167667,Safe
6546,19,M08499,Morning,31.1,15.4,86.1,80.2,81.4,100.0,Pass,0.056955425220253056,Safe
667,14,M04159,Morning,34.7,14.2,84.6,68.3,90.5,83.0,Pass,0.05693933670643905,Safe
7570,14,M03794,Morning,39.7,16.6,80.8,93.1,96.4,88.9,Pass,0.05693879115135522,Safe
7215,13,M01210,Morning,30.3,18.8,77.4,76.8,86.8,72.0,Pass,0.056936191037869725,Safe
4794,5,M04781,Morning,38.1,14.3,74.2,77.1,87.1,69.2,Pass,0.05693599192804327,Safe
6505,7,M04077,Morning,28.3,15.7,77.0,89.3,95.8,71.5,Pass,0.05693270933744178,Safe
4669,24,M04622,Afternoon,30.5,15.7,73.9,77.1,66.3,84.3,Pass,0.05692145540326304,Safe
2344,15,M02180,Morning,38.3,16.6,69.3,75.4,84.1,100.0,Pass,0.056915311399294434,Safe
4949,9,M02078,Night,35.0,14.3,84.8,81.0,86.4,81.0,Pass,0.05691218188158475,Safe
6944,17,M05957,Morning,31.5,13.1,78.0,96.7,84.7,70.4,Pass,0.056911309679507104,Safe
7893,24,M06968,Night,30.7,16.6,86.7,74.9,85.9,89.1,Pass,0.056909541577140316,Safe
798,25,M02126,Afternoon,32.0,16.7,76.0,72.1,77.5,72.9,Pass,0.05690147862882697,Safe
3324,1,M08681,Afternoon,31.2,17.8,95.0,93.8,82.4,90.1,Pass,0.056891101001901534,Safe
152,19,M09722,Morning,30.7,15.9,84.1,86.9,85.4,74.7,Pass,0.05688544703211964,Safe
254,15,M05540,Morning,36.9,18.0,82.3,95.0,94.4,85.8,Pass,0.05688177451527854,Safe
2397,11,M02172,Morning,27.9,15.0,79.3,91.8,94.9,79.2,Pass,0.0568791674624323,Safe
4499,17,M05367,Morning,34.1,17.0,79.5,78.6,89.0,72.7,Pass,0.056870299928494496,Safe
6470,17,M07339,Night,30.1,15.9,79.7,94.5,82.1,85.4,Pass,0.0568677218658228,Safe
5517,21,M06900,Night,35.8,15.9,82.3,81.7,75.8,96.2,Pass,0.05686689072050772,Safe
9762,15,M01690,Morning,34.8,14.7,80.5,81.0,83.9,87.0,Pass,0.05684736415470757,Safe
2154,14,M00672,Night,28.0,17.7,81.4,82.2,69.1,72.8,Pass,0.056830398500956926,Safe
4356,8,M01631,Afternoon,30.3,15.2,74.5,85.5,84.8,71.8,Pass,0.056825490102851754,Safe
3624,5,M04998,Night,31.9,14.6,81.8,76.8,80.3,84.8,Pass,0.056824070153701715,Safe
9320,19,M09778,Afternoon,31.1,18.6,75.9,78.7,83.5,89.7,Pass,0.05682331819469722,Safe
1383,10,M00727,Night,39.9,13.8,79.3,75.5,75.6,77.9,Pass,0.0568129673124048,Safe
1319,18,M08685,Morning,33.0,17.3,77.5,77.9,74.2,75.8,Pass,0.05680425295248926,Safe
2720,17,M07805,Morning,37.3,14.7,76.6,82.5,75.0,99.3,Pass,0.056804051521903626,Safe
9190,10,M09434,Night,31.7,15.6,80.8,74.1,83.1,76.3,Pass,0.05680226076822703,Safe
8172,13,M06132,Night,39.5,15.3,78.5,82.0,81.3,80.3,Pass,0.05679909732408807,Safe
265,20,M02870,Night,33.3,14.6,84.2,83.7,75.1,75.3,Pass,0.05679665963325589,Safe
4431,2,M02829,Afternoon,30.7,13.7,78.8,82.1,80.4,91.4,Pass,0.05678957250407418,Safe
239,23,M02050,Afternoon,36.0,15.9,77.7,88.8,88.5,81.0,Pass,0.05678339126032911,Safe
1453,1,M05151,Night,32.1,16.0,87.0,89.4,83.3,94.9,Pass,0.05676261370541208,Safe
939,9,M07805,Morning,33.7,15.3,81.3,76.3,74.9,77.6,Pass,0.056761834203850815,Safe
8436,9,M04324,Morning,36.1,15.6,74.6,82.5,92.0,83.0,Pass,0.05675969164577841,Safe
8981,17,M00668,Night,31.9,16.4,82.5,73.3,85.8,79.6,Pass,0.056733645055735374,Safe
2187,12,M08124,Night,32.2,15.6,71.0,89.8,75.3,72.2,Pass,0.05671064923241637,Safe
8626,13,M01424,Afternoon,35.9,17.1,100.0,99.8,85.8,91.6,Pass,0.05670622051823924,Safe
1842,4,M04807,Afternoon,33.3,16.4,78.1,77.7,82.0,81.0,Pass,0.05669910988934054,Safe
3744,7,M04121,Morning,35.2,16.0,81.2,78.0,91.5,78.3,Pass,0.056694263034245386,Safe
1412,11,M00975,Morning,29.8,15.3,80.8,94.5,89.1,84.9,Pass,0.05667722978397935,Safe
7773,25,M03995,Morning,33.8,17.1,71.9,81.0,89.4,84.9,Pass,0.0566624700797037,Safe
2681,19,M02660,Morning,37.8,14.7,81.4,88.5,85.3,81.7,Pass,0.056638861529776756,Safe
599,22,M01532,Morning,30.5,14.4,77.8,88.1,88.8,89.7,Pass,0.05661245180902618,Safe
8586,9,M01646,Afternoon,38.9,16.3,74.7,84.5,81.3,78.2,Pass,0.05658790124892569,Safe
187,20,M05250,Night,41.9,15.5,74.9,75.5,83.3,68.6,Pass,0.05658632482741804,Safe
2265,5,M07032,Afternoon,39.4,15.8,73.4,74.3,79.4,74.5,Pass,0.05657443409138364,Safe
6433,14,M00403,Night,30.6,14.1,84.2,84.3,97.5,97.4,Pass,0.05657054532765821,Safe
7399,8,M09121,Afternoon,34.5,15.6,74.7,72.3,73.1,81.6,Pass,0.05656342374248699,Safe
6582,18,M09800,Night,25.0,16.8,81.8,81.5,98.0,77.9,Pass,0.056561912840076195,Safe
2281,19,M04331,Morning,26.4,15.4,74.2,85.1,80.5,97.7,Pass,0.05655421719869176,Safe
1766,1,M02290,Morning,34.9,14.1,78.9,72.2,76.8,93.0,Pass,0.056535087730678224,Safe
1800,23,M00303,Morning,32.2,17.5,89.1,99.7,89.9,76.5,Pass,0.05653453660773245,Safe
4138,1,M08306,Morning,34.3,15.6,90.4,77.0,88.7,71.0,Pass,0.05653119833059771,Safe
8427,22,M08445,Morning,33.2,15.4,75.8,74.2,85.3,71.3,Pass,0.05650879603869046,Safe
2487,24,M07346,Afternoon,36.9,16.3,75.4,76.6,91.8,76.7,Pass,0.05650823604625887,Safe
6758,18,M07778,Afternoon,28.3,16.5,79.4,72.2,75.2,83.2,Pass,0.05648605642152347,Safe
4192,13,M00616,Night,34.0,15.1,77.2,74.7,80.8,75.3,Pass,0.05646161278119876,Safe
1729,9,M06657,Night,32.0,15.1,80.7,77.6,78.7,67.2,Pass,0.05645856175108839,Safe
6343,4,M08413,Afternoon,33.4,16.0,88.6,88.7,90.2,82.0,Pass,0.05645536740043251,Safe
5578,21,M02934,Night,34.3,14.0,84.5,77.5,70.8,80.6,Pass,0.05645529900793894,Safe
8677,2,M07084,Morning,35.9,16.2,82.0,78.1,86.9,81.0,Pass,0.05645247762988742,Safe
8873,12,M08760,Afternoon,32.0,14.1,83.2,85.7,81.0,80.4,Pass,0.056449993822449536,Safe
575,24,M03142,Night,40.7,16.7,78.1,76.9,94.0,63.2,Pass,0.05643782881188308,Safe
1167,13,M05878,Night,28.9,18.4,80.6,83.3,84.6,69.7,Pass,0.0564277516829131,Safe
2158,5,M04796,Morning,35.9,17.5,83.5,72.6,76.7,76.6,Pass,0.05642010079029511,Safe
1818,6,M03829,Night,34.0,17.2,73.1,75.1,76.6,73.4,Pass,0.0564140743068513,Safe
281,13,M08051,Night,34.0,16.2,85.4,79.3,70.0,78.8,Pass,0.05638959800462618,Safe
9765,12,M03187,Night,32.4,16.2,76.0,72.5,87.2,72.3,Pass,0.056357070418739975,Safe
6386,7,M05566,Afternoon,31.3,17.2,79.5,82.7,94.8,85.6,Pass,0.05635516449109357,Safe
46,8,M07042,Afternoon,32.0,15.4,79.6,85.2,97.9,89.0,Pass,0.05633101063799394,Safe
6017,11,M07217,Morning,32.8,17.9,76.4,87.8,96.9,84.8,Pass,0.05632613110583953,Safe
5414,4,M06454,Morning,32.3,17.2,81.6,83.9,83.6,71.0,Pass,0.056326112611600025,Safe
7871,11,M02269,Night,38.3,16.4,81.6,79.7,77.1,68.7,Pass,0.056308143569071295,Safe
8190,20,M00967,Morning,30.9,15.4,76.4,85.1,79.8,96.9,Pass,0.056299948706741716,Safe
8307,22,M03392,Morning,39.2,17.2,78.7,76.2,90.1,78.3,Pass,0.05627197552893758,Safe
463,18,M08003,Afternoon,38.9,17.5,77.1,91.5,84.0,75.5,Pass,0.0562635831933116,Safe
9139,15,M09184,Afternoon,34.2,17.2,79.2,75.6,82.1,72.0,Pass,0.05625718728761485,Safe
1420,2,M03021,Night,39.9,15.1,75.8,86.8,92.6,84.7,Pass,0.056255112288844424,Safe
7638,2,M01659,Afternoon,38.3,15.8,82.2,81.5,71.7,84.5,Pass,0.056246152273335126,Safe
5083,2,M00243,Night,30.8,15.6,81.4,83.7,74.1,78.1,Pass,0.05623977399835818,Safe
1900,16,M08637,Night,39.4,16.6,70.3,83.9,91.2,99.3,Pass,0.05622089097507335,Safe
9615,19,M03038,Night,38.1,15.6,79.1,77.7,88.4,81.3,Pass,0.0562179252155054,Safe
3206,15,M06092,Night,35.1,16.2,93.7,83.4,79.4,76.4,Pass,0.05621163442154629,Safe
2671,7,M04742,Afternoon,33.2,15.6,90.5,81.0,79.5,66.2,Pass,0.05620936902322825,Safe
5190,21,M08922,Morning,40.0,17.2,94.6,70.4,82.7,82.4,Pass,0.05620501453212207,Safe
6689,23,M08419,Afternoon,32.3,14.2,71.6,84.0,85.7,85.1,Pass,0.05619734018952556,Safe
1197,2,M04226,Night,30.0,17.6,82.6,76.7,87.0,79.2,Pass,0.05618534730412021,Safe
2848,23,M07923,Morning,31.8,18.2,88.9,100.0,86.5,83.5,Pass,0.0561844825234854,Safe
7684,21,M02990,Afternoon,38.4,16.8,77.6,80.7,82.0,88.5,Pass,0.056166731808603466,Safe
3142,6,M07399,Night,38.6,13.2,67.3,88.2,79.2,80.8,Pass,0.05613135705210807,Safe
5637,17,M03184,Afternoon,40.3,13.2,74.1,82.2,83.5,76.8,Pass,0.05612497514273094,Safe
1179,7,M05797,Night,39.2,17.7,77.0,80.4,80.6,75.5,Pass,0.05612136015117636,Safe
9230,4,M08900,Afternoon,35.4,18.2,95.8,79.3,90.4,81.4,Pass,0.05608281161706311,Safe
6583,18,M01503,Afternoon,34.1,16.7,82.0,78.2,83.0,69.8,Pass,0.056078340638464085,Safe
7273,4,M03072,Afternoon,32.8,14.9,85.7,79.8,93.7,92.3,Pass,0.056051394551823314,Safe
8448,10,M09140,Night,31.4,15.7,71.7,90.7,87.5,68.5,Pass,0.056047875733725536,Safe
7292,23,M05189,Morning,37.9,16.9,74.9,77.1,90.7,82.5,Pass,0.05604386331159326,Safe
2362,17,M03587,Afternoon,31.1,17.8,68.0,82.0,78.7,75.1,Pass,0.05603491670601277,Safe
2921,3,M01830,Morning,37.6,17.3,74.7,90.0,81.9,65.9,Pass,0.05603436053270713,Safe
4713,16,M05245,Morning,34.5,15.4,90.3,84.8,77.4,71.9,Pass,0.05602238190863982,Safe
1424,15,M05234,Morning,34.0,14.5,73.6,79.8,81.7,76.1,Pass,0.056014257397812496,Safe
9371,16,M06213,Night,32.8,18.5,83.8,77.2,84.2,78.6,Pass,0.05600531160102903,Safe
6006,22,M07854,Night,30.4,16.9,82.3,86.0,80.2,85.8,Pass,0.05597656605174051,Safe
3850,12,M03075,Morning,30.0,15.6,75.0,72.1,88.6,87.1,Pass,0.05596546989648783,Safe
6018,11,M08858,Afternoon,32.9,13.1,82.5,80.5,98.6,100.0,Pass,0.05594938129909697,Safe
3231,24,M01379,Afternoon,31.8,18.2,77.8,75.7,80.8,77.7,Pass,0.05594360762032651,Safe
4273,21,M08776,Morning,35.3,15.8,77.8,75.2,85.4,98.1,Pass,0.055923741552294466,Safe
4008,18,M08398,Afternoon,32.5,16.0,87.8,82.8,100.0,86.8,Pass,0.05589728462028891,Safe
9540,14,M03105,Afternoon,27.9,16.9,67.4,75.5,90.3,87.2,Pass,0.05589358092123021,Safe
981,5,M03229,Morning,30.1,12.8,80.5,85.4,71.9,72.6,Pass,0.05589304023152141,Safe
4888,10,M06782,Afternoon,40.1,16.7,93.6,85.1,95.7,89.2,Pass,0.055891799597901096,Safe
3003,23,M09191,Morning,31.4,13.3,81.1,83.5,81.2,74.8,Pass,0.05587999045202914,Safe
5328,1,M03497,Morning,34.3,14.4,69.8,80.2,83.6,89.5,Pass,0.055878565200361476,Safe
7845,17,M00224,Night,39.1,16.9,73.4,87.3,83.9,66.5,Pass,0.05586284098932298,Safe
4879,7,M06383,Morning,35.4,15.4,76.5,77.8,81.7,92.0,Pass,0.055855119647104635,Safe
8744,19,M04288,Morning,31.4,15.4,76.0,80.1,74.2,81.1,Pass,0.055852474530909815,Safe
4950,25,M07846,Night,29.3,16.3,69.6,77.5,84.5,68.7,Pass,0.055836431868314385,Safe
6796,4,M05323,Morning,37.2,12.8,80.5,90.1,86.8,67.7,Pass,0.055830329802641604,Safe
3891,25,M06969,Night,26.0,17.4,76.3,79.1,84.1,65.9,Pass,0.05579631233392605,Safe
7548,22,M07451,Morning,33.3,15.1,84.8,87.3,83.0,98.7,Pass,0.05576856924701878,Safe
2517,25,M01855,Morning,34.6,16.7,76.0,81.2,79.2,70.5,Pass,0.05575760802841624,Safe
6659,20,M03558,Morning,38.3,16.9,84.8,77.1,77.4,76.0,Pass,0.05574668370791551,Safe
1094,3,M09139,Afternoon,26.7,16.8,81.9,80.4,77.8,85.9,Pass,0.05573718258336928,Safe
9420,14,M03236,Afternoon,31.4,14.2,84.8,100.0,84.6,94.4,Pass,0.055720422544090036,Safe
204,4,M07126,Night,31.7,15.8,74.3,77.1,67.5,85.1,Defect,0.055710916144187744,Safe
9212,15,M04263,Night,35.5,15.3,88.5,91.8,88.0,74.1,Pass,0.0556889634687582,Safe
8658,23,M06331,Morning,33.0,16.8,83.3,84.1,86.7,77.4,Pass,0.055676089873952145,Safe
4730,10,M06764,Morning,35.7,15.7,82.7,85.9,82.6,76.2,Pass,0.055672043319536325,Safe
5749,5,M09655,Night,31.4,14.9,81.1,75.5,82.8,82.3,Pass,0.05566991798368277,Safe
7143,20,M06863,Night,43.4,15.9,89.7,83.3,77.5,81.2,Pass,0.05566615704280054,Safe
7504,24,M08267,Morning,32.3,13.1,87.9,78.3,77.5,70.4,Pass,0.05566496425561895,Safe
783,22,M06938,Morning,29.5,14.8,80.1,85.7,92.5,94.2,Pass,0.0556492904471208,Safe
9950,17,M08595,Afternoon,31.8,16.6,83.6,93.4,80.8,82.0,Pass,0.05563891746240737,Safe
7572,4,M02514,Afternoon,34.3,15.7,79.8,76.5,75.1,78.9,Pass,0.05563585105648184,Safe
5738,3,M09929,Morning,35.5,17.5,86.1,95.6,97.3,76.8,Pass,0.05562888156320001,Safe
2,22,M00861,Night,31.8,16.9,78.2,72.1,91.8,82.4,Pass,0.0556067299023647,Safe
6831,23,M03053,Night,40.4,15.4,89.9,86.3,90.4,70.3,Pass,0.05556078805906965,Safe
2656,9,M05926,Afternoon,26.9,16.8,79.6,81.3,85.0,71.2,Pass,0.055560630818048434,Safe
6850,12,M03750,Morning,29.7,15.8,75.7,93.8,84.9,86.6,Pass,0.05553403997277803,Safe
8987,4,M06824,Morning,31.2,16.5,76.7,93.0,77.0,83.1,Pass,0.05552343701564575,Safe
6220,21,M07394,Morning,31.3,16.0,77.5,83.5,85.2,85.6,Pass,0.05551810990235215,Safe
4583,12,M06647,Night,28.0,14.5,77.8,83.1,83.4,88.3,Pass,0.05549734895830376,Safe
9384,9,M00154,Morning,29.8,16.4,75.5,77.5,81.5,73.7,Pass,0.055486074515622145,Safe
3680,8,M02607,Morning,30.5,16.0,75.9,75.8,90.9,73.3,Pass,0.055478790697933454,Safe
7282,4,M04327,Morning,33.2,13.7,79.0,87.9,78.0,73.9,Pass,0.05547804179372697,Safe
6271,20,M08521,Morning,38.3,14.9,80.6,94.8,95.2,95.8,Pass,0.05547314369776903,Safe
5065,25,M01987,Afternoon,36.3,18.1,86.3,87.4,70.8,79.7,Pass,0.055462059819534934,Safe
1979,24,M03611,Night,25.0,14.4,75.4,80.5,80.3,74.3,Pass,0.05545406937981595,Safe
3968,12,M07261,Morning,32.7,17.2,77.3,82.5,79.8,74.1,Pass,0.055452021706435824,Safe
4175,25,M02962,Night,27.8,15.6,74.0,84.4,80.6,88.6,Pass,0.055450915992607,Safe
5485,7,M02049,Afternoon,29.0,17.1,79.6,82.0,81.8,66.8,Pass,0.05541312804226498,Safe
4561,6,M00975,Afternoon,31.9,16.2,78.2,92.1,80.0,81.4,Pass,0.055405272222873087,Safe
4910,24,M08152,Afternoon,43.1,14.7,82.0,80.8,89.2,65.2,Pass,0.05536413882783365,Safe
3949,11,M05389,Morning,30.3,15.2,76.7,80.8,85.1,83.5,Pass,0.05536108656933616,Safe
7401,2,M09747,Morning,27.6,15.6,98.5,80.0,85.1,93.0,Pass,0.055335927688946865,Safe
5622,3,M07038,Night,38.9,15.5,82.9,79.2,83.4,71.9,Pass,0.05533030334056987,Safe
8403,5,M09921,Afternoon,31.3,16.9,71.2,82.9,85.6,73.9,Pass,0.05530636660046946,Safe
4070,19,M02562,Night,34.5,16.4,90.4,79.5,80.2,77.1,Pass,0.055288870568826684,Safe
84,7,M07209,Morning,34.0,14.3,81.5,72.9,83.3,82.7,Pass,0.05526249544178308,Safe
4787,2,M08308,Night,36.2,15.0,88.4,100.0,97.1,79.1,Pass,0.055259904014336884,Safe
6754,10,M06369,Morning,29.7,15.3,80.8,82.9,82.8,77.5,Pass,0.05522653466573785,Safe
7779,8,M01737,Night,31.6,18.4,75.8,82.7,71.3,82.2,Pass,0.05521317434839265,Safe
3289,18,M08932,Night,33.7,17.6,76.7,75.6,78.0,73.5,Pass,0.05518430634682393,Safe
4606,23,M07037,Night,31.7,15.8,78.2,71.4,80.0,83.2,Pass,0.05517782922783292,Safe
995,19,M00346,Morning,40.1,14.0,73.6,71.4,74.1,82.9,Pass,0.05516888827139362,Safe
8017,11,M07141,Afternoon,35.9,15.3,78.1,83.0,94.2,94.0,Pass,0.0551560552734017,Safe
3169,6,M07227,Night,40.6,16.0,74.7,72.1,86.5,68.7,Pass,0.055118350357434134,Safe
5572,8,M04589,Morning,30.9,16.9,80.1,94.8,90.0,84.5,Pass,0.05511771079656034,Safe
3338,6,M00278,Night,40.3,16.0,77.8,78.4,86.2,70.6,Pass,0.05511126115489035,Safe
8293,7,M06524,Morning,33.7,16.8,80.2,74.1,89.5,69.5,Pass,0.055105000859522,Safe
4423,10,M07679,Afternoon,41.1,13.3,75.2,87.1,78.3,76.5,Pass,0.05508647115389247,Safe
7669,12,M08702,Night,31.6,15.2,72.8,76.2,79.3,68.3,Pass,0.05506791816416821,Safe
3337,19,M06684,Night,33.1,17.3,77.7,90.1,69.4,83.7,Pass,0.055035803868308496,Safe
7774,16,M01679,Morning,36.9,17.5,78.7,78.9,82.6,79.6,Pass,0.054968410680869224,Safe
5113,23,M01803,Afternoon,32.0,18.0,83.6,85.2,71.8,86.5,Pass,0.05494836475149766,Safe
7360,3,M04976,Night,35.6,17.0,93.1,84.4,92.6,68.5,Pass,0.05493042834077499,Safe
2976,10,M09570,Morning,36.4,14.5,80.3,98.6,92.0,88.3,Pass,0.054885319377594374,Safe
5507,15,M07814,Afternoon,31.5,15.5,82.7,88.2,73.1,87.8,Pass,0.05485681362645021,Safe
214,8,M07099,Morning,31.3,16.1,86.7,79.7,80.7,69.4,Pass,0.05485311772532939,Safe
8686,18,M07690,Afternoon,33.3,18.1,67.9,81.7,87.1,80.9,Pass,0.05484068707219719,Safe
352,23,M02951,Night,29.5,17.4,81.8,86.6,86.3,73.1,Pass,0.05475988259957825,Safe
9979,2,M08458,Night,25.7,15.0,77.0,83.0,78.3,82.4,Pass,0.05475651264352032,Safe
2593,17,M00924,Afternoon,36.7,14.5,68.8,87.0,77.9,71.2,Pass,0.054724515908648685,Safe
4428,10,M00498,Morning,33.6,16.0,67.2,85.0,77.1,83.6,Pass,0.054706233266471734,Safe
4905,14,M01908,Night,33.5,17.7,81.5,72.7,79.1,81.2,Pass,0.05470364906138036,Safe
9499,10,M00188,Night,32.1,15.6,77.1,85.6,77.2,87.1,Pass,0.05468078665331919,Safe
5095,15,M05163,Morning,33.0,17.9,76.2,85.3,81.3,70.9,Pass,0.05465744142083026,Safe
2396,19,M02126,Morning,34.6,15.0,78.4,78.1,66.4,81.6,Pass,0.05465094075487617,Safe
3993,11,M06329,Night,28.9,16.3,76.6,79.8,80.3,91.4,Pass,0.05464432571119827,Safe
1788,25,M09207,Afternoon,32.8,14.4,74.6,78.4,79.8,75.1,Pass,0.054642026223611355,Safe
3798,10,M01630,Morning,34.7,17.5,82.2,77.7,78.1,83.7,Pass,0.054641495323992074,Safe
5052,25,M01986,Night,43.9,17.6,77.1,81.7,91.5,85.2,Pass,0.05462690704440857,Safe
1870,2,M09207,Afternoon,33.9,14.2,83.1,89.4,94.0,68.6,Pass,0.0546140362430999,Safe
2003,8,M00633,Night,37.5,17.0,71.1,83.2,79.8,77.2,Pass,0.05460529546963277,Safe
487,10,M07544,Morning,34.7,15.8,80.0,73.2,82.1,77.1,Pass,0.05459693882217552,Safe
2458,5,M02298,Afternoon,32.5,18.6,68.7,75.6,86.4,72.1,Pass,0.05454471731895188,Safe
6682,6,M03833,Morning,33.5,17.2,84.9,78.8,100.0,88.2,Pass,0.0545331124927019,Safe
7480,4,M03436,Afternoon,39.9,16.7,81.3,97.8,95.7,90.0,Pass,0.054521100335959395,Safe
1338,21,M00921,Afternoon,35.6,16.4,82.9,93.1,95.2,92.0,Pass,0.054480291431821065,Safe
1681,4,M05632,Morning,34.0,15.8,77.5,75.2,80.0,71.1,Pass,0.0544631971466167,Safe
6951,13,M03788,Night,29.1,17.9,78.5,81.5,85.4,85.0,Pass,0.05443407738586095,Safe
3357,17,M07606,Afternoon,32.7,16.0,74.6,77.3,72.0,76.2,Pass,0.05441308149540901,Safe
4523,4,M05699,Night,38.8,13.2,76.6,76.2,88.6,85.0,Pass,0.05439262827093831,Safe
8759,7,M09851,Morning,36.1,15.7,100.0,86.3,95.8,80.9,Pass,0.05437814073140394,Safe
2780,23,M09837,Morning,39.0,17.0,75.5,73.1,83.0,74.5,Pass,0.05436796817665876,Safe
1709,17,M08220,Afternoon,33.2,16.5,76.2,85.7,83.5,79.7,Pass,0.054366107945983344,Safe
8523,4,M00942,Morning,27.0,14.7,79.5,79.1,82.1,68.9,Pass,0.054327500972114,Safe
1396,16,M04676,Night,33.5,13.4,74.5,83.2,87.5,73.1,Pass,0.05423888547682818,Safe
1811,21,M00704,Afternoon,35.6,15.0,75.3,77.3,87.2,88.9,Pass,0.05419846083661338,Safe
7778,11,M01569,Night,32.0,14.6,79.4,86.3,70.2,80.7,Pass,0.05416169083701683,Safe
3408,22,M08437,Night,34.3,18.4,78.9,90.3,89.7,66.4,Pass,0.05413049372660606,Safe
2261,19,M07129,Night,38.2,15.9,72.6,86.6,71.3,82.1,Pass,0.0541303121582565,Safe
8897,16,M06412,Morning,33.8,15.1,68.9,76.1,86.3,73.3,Pass,0.05411041492465091,Safe
3302,13,M04064,Night,34.0,16.7,75.8,80.7,76.9,75.2,Pass,0.05408064896890427,Safe
2638,10,M06050,Night,25.0,17.5,76.5,78.0,71.0,91.0,Pass,0.054073054289941726,Safe
4369,14,M07580,Morning,30.7,16.3,76.1,84.1,91.2,70.2,Pass,0.05404332406688346,Safe
1441,14,M06925,Night,34.8,14.8,77.0,81.6,77.3,85.1,Pass,0.05403762040045765,Safe
3417,1,M03424,Morning,30.1,16.6,82.4,87.5,85.7,71.0,Pass,0.05401424800148516,Safe
6848,5,M08002,Afternoon,39.4,14.4,74.3,84.8,85.7,71.9,Pass,0.05398440757509665,Safe
3152,6,M00183,Morning,39.1,14.7,76.5,82.7,99.1,93.1,Pass,0.05395230610992192,Safe
2318,5,M02521,Morning,30.6,14.6,78.5,95.5,89.9,89.1,Pass,0.053850956689273935,Safe
6548,15,M04110,Afternoon,37.8,16.2,69.2,77.6,90.0,85.0,Pass,0.05384792391974267,Safe
5400,17,M08891,Night,35.7,16.3,80.3,77.5,93.4,75.9,Pass,0.05383814044446233,Safe
8454,2,M00094,Afternoon,34.2,16.3,79.8,77.9,69.3,83.5,Pass,0.05383810898569497,Safe
3197,17,M05739,Night,30.6,17.9,78.3,82.3,84.0,77.9,Pass,0.053829226551848894,Safe
1926,16,M05700,Morning,32.4,15.5,68.6,87.7,93.1,83.5,Pass,0.053816111734974637,Safe
1714,11,M04556,Afternoon,33.2,14.3,72.7,75.1,77.9,75.3,Pass,0.053806712018376925,Safe
379,20,M00005,Night,33.5,15.4,76.5,86.3,82.7,70.4,Pass,0.053793660687285756,Safe
2706,4,M07156,Night,32.2,15.3,89.1,76.8,81.2,77.4,Pass,0.05376684275516977,Safe
781,18,M09946,Afternoon,32.3,16.7,80.2,90.4,82.4,81.1,Pass,0.0537201240861621,Safe
3255,21,M08968,Morning,33.3,17.0,73.2,70.2,81.0,80.0,Pass,0.05371654781531662,Safe
7758,18,M04663,Night,33.1,15.2,78.2,79.4,92.2,68.7,Pass,0.05371133536768682,Safe
451,20,M09088,Night,28.2,15.7,81.9,76.4,89.0,81.4,Pass,0.05370566113292876,Safe
9558,23,M08012,Afternoon,30.4,17.7,84.8,94.7,83.6,89.1,Pass,0.053701067146469404,Safe
7395,21,M06945,Morning,35.3,16.5,90.7,87.2,100.0,74.4,Pass,0.0536778557547021,Safe
9063,8,M03140,Night,33.3,13.6,74.9,79.0,74.3,91.6,Pass,0.053660937378313574,Safe
8644,9,M02432,Morning,37.8,16.1,78.8,93.3,82.0,70.5,Pass,0.053656208282070024,Safe
9278,11,M04300,Afternoon,32.6,15.9,74.8,78.4,80.9,95.3,Pass,0.05364282834840667,Safe
8199,6,M00557,Afternoon,33.3,15.8,92.2,78.9,93.5,64.9,Pass,0.05362385919235213,Safe
201,25,M02932,Afternoon,31.8,17.7,73.5,88.3,78.7,80.8,Pass,0.05359763622879123,Safe
6028,5,M07056,Morning,33.5,17.0,72.6,90.5,84.2,90.9,Pass,0.05358342937998914,Safe
5103,15,M00299,Afternoon,32.5,16.5,93.6,95.3,88.3,84.6,Pass,0.05352870807379295,Safe
6378,2,M07953,Night,32.4,15.6,73.0,74.9,78.5,88.6,Pass,0.05346605200680175,Safe
8352,5,M02890,Morning,33.0,15.6,81.2,100.0,93.3,92.7,Pass,0.05335498782558392,Safe
9800,18,M03408,Night,33.2,17.0,76.3,82.3,77.5,78.6,Pass,0.05330485936697194,Safe
445,9,M09208,Night,32.6,18.5,72.8,77.7,85.4,73.0,Pass,0.053212034648640535,Safe
5229,25,M09928,Morning,37.8,16.5,79.3,82.2,87.4,71.4,Pass,0.05321181234265944,Safe
8419,19,M05405,Night,31.7,13.7,76.4,77.2,91.2,84.6,Pass,0.05319737293876954,Safe
9084,19,M05902,Night,33.6,15.8,66.6,90.1,83.3,70.5,Pass,0.053177533367115906,Safe
308,7,M03421,Morning,32.3,17.6,75.2,100.0,96.5,76.3,Pass,0.05314673067094338,Safe
1066,23,M04244,Afternoon,36.0,15.7,75.0,95.2,100.0,89.3,Pass,0.053145974516345236,Safe
4048,20,M00490,Afternoon,32.0,14.4,80.2,71.6,78.1,71.5,Pass,0.05313610790172752,Safe
1045,19,M08667,Night,34.2,15.2,74.0,87.9,86.8,76.5,Pass,0.05311481471894945,Safe
4254,7,M05751,Afternoon,34.3,13.5,74.7,78.2,84.0,69.8,Pass,0.05305429658814537,Safe
578,8,M01811,Night,31.1,14.6,75.6,82.1,73.5,84.2,Pass,0.05304112271615933,Safe
6755,8,M00822,Morning,35.1,16.1,70.3,88.7,97.8,96.0,Pass,0.05301338797337256,Safe
2192,19,M00776,Night,37.7,16.8,70.2,90.3,83.2,84.4,Pass,0.05299361249846686,Safe
5802,18,M01868,Morning,34.4,16.5,70.8,81.9,95.7,84.3,Pass,0.05295143003432351,Safe
9538,24,M09597,Night,40.0,14.1,71.4,73.8,76.6,88.7,Pass,0.0529390900237378,Safe
3648,20,M04409,Afternoon,29.4,15.2,74.3,94.4,86.3,79.9,Pass,0.0528349294498972,Safe
5005,16,M07698,Night,27.0,14.8,71.3,81.9,84.5,75.0,Pass,0.0528217421902791,Safe
1361,4,M04806,Night,30.8,13.4,76.7,87.8,85.5,90.9,Pass,0.052786840892584286,Safe
736,25,M04893,Night,30.8,14.6,76.2,76.2,88.4,82.6,Pass,0.05275426952605599,Safe
2814,6,M01518,Morning,35.0,12.8,69.3,74.4,88.5,86.7,Pass,0.05275112457806239,Safe
9591,16,M06740,Afternoon,31.9,14.7,84.6,77.1,74.6,72.6,Pass,0.05273790430576658,Safe
3588,21,M02121,Night,31.6,16.0,71.0,85.5,81.5,85.5,Pass,0.05270354389926281,Safe
8412,19,M03622,Night,34.2,16.1,80.8,84.0,69.5,81.2,Pass,0.052701401156391034,Safe
2151,1,M07381,Morning,35.3,15.5,69.4,87.6,85.2,74.4,Pass,0.05267658198343852,Safe
4003,16,M00532,Night,28.1,17.8,82.0,81.5,70.3,79.6,Pass,0.052637092795110474,Safe
4063,7,M00955,Night,38.1,15.5,83.1,83.8,86.1,71.7,Pass,0.052595244296550936,Safe
7016,12,M00755,Night,31.5,16.5,82.6,82.8,83.5,76.4,Pass,0.052589556928576614,Safe
9635,22,M06208,Morning,38.8,15.4,71.5,80.4,96.7,83.8,Pass,0.05258607751242802,Safe
4521,18,M08729,Night,37.7,17.7,79.2,75.7,80.6,72.6,Pass,0.052559658035310236,Safe
6824,11,M03567,Night,28.9,15.8,73.3,79.9,74.2,73.9,Pass,0.0525419510183563,Safe
9890,5,M05025,Morning,32.1,16.6,76.6,95.1,100.0,78.6,Pass,0.05253127435178558,Safe
407,2,M09205,Morning,29.7,18.0,82.4,83.0,68.5,86.5,Pass,0.052484450609170556,Safe
4982,23,M01410,Morning,34.9,15.9,73.2,94.9,85.2,96.7,Pass,0.05247788537367489,Safe
6665,15,M09384,Night,29.9,16.2,76.3,85.2,89.3,80.8,Pass,0.05246621605210246,Safe
8266,21,M04265,Morning,37.6,14.7,81.9,83.2,94.6,68.4,Pass,0.052394072873458805,Safe
2464,3,M00672,Afternoon,31.1,14.3,76.7,93.6,88.6,90.9,Pass,0.052389421495798054,Safe
7653,17,M04809,Morning,33.4,16.5,81.5,72.9,89.0,80.4,Pass,0.0523669539231377,Safe
6188,6,M00070,Morning,31.5,16.6,79.1,72.8,88.6,75.7,Pass,0.05232557716022077,Safe
5094,12,M02159,Morning,29.3,15.8,72.7,89.1,100.0,74.0,Pass,0.05227475015942407,Safe
384,6,M09184,Night,32.8,15.2,78.9,73.1,83.4,65.4,Pass,0.052207312738503514,Safe
2079,4,M05773,Night,33.3,16.1,89.6,80.5,83.5,66.5,Pass,0.05214459662401408,Safe
5781,12,M00919,Afternoon,33.2,15.5,74.2,90.8,85.3,73.8,Pass,0.05206113038552318,Safe
5840,14,M07971,Afternoon,29.1,15.2,82.8,79.2,71.7,79.3,Pass,0.05204981206961884,Safe
1198,7,M03068,Night,31.4,14.9,74.9,81.0,89.0,86.6,Pass,0.05198469972909748,Safe
4676,21,M02467,Night,33.1,15.0,71.8,78.2,84.8,84.1,Pass,0.051915713400131784,Safe
1466,23,M01137,Morning,34.9,16.6,75.5,92.4,90.9,92.1,Pass,0.05185372612136586,Safe
688,1,M07246,Morning,33.0,13.9,73.6,72.6,86.6,84.6,Pass,0.05184751144013862,Safe
2194,13,M02248,Afternoon,32.1,15.6,77.6,80.1,70.5,80.0,Pass,0.051825747864114036,Safe
8160,22,M07706,Night,37.8,15.2,76.0,79.3,81.9,71.2,Pass,0.05182235030934131,Safe
54,19,M03153,Night,31.2,15.7,77.4,74.7,80.8,70.3,Pass,0.051821158641895446,Safe
3026,14,M05868,Morning,26.9,15.4,87.3,77.9,87.2,69.7,Pass,0.05181935545513028,Safe
438,19,M05882,Night,29.6,17.8,72.9,90.8,92.3,78.9,Pass,0.05180806412231746,Safe
8685,8,M07434,Morning,29.9,13.6,76.5,80.7,100.0,90.2,Pass,0.05177422847823178,Safe
7964,18,M06018,Afternoon,32.3,16.0,83.2,78.1,80.3,87.0,Pass,0.05163764859580372,Safe
3770,9,M02427,Morning,34.2,15.3,78.0,85.2,87.2,69.7,Pass,0.05161623488748458,Safe
6658,13,M00325,Morning,38.3,14.5,76.5,74.2,94.1,67.2,Pass,0.0515796774193097,Safe
2188,25,M02280,Night,32.0,18.1,93.9,77.2,70.6,78.8,Pass,0.05153153690546557,Safe
4190,11,M06337,Afternoon,29.7,14.9,71.1,72.1,88.9,90.6,Pass,0.05152308240625927,Safe
9945,16,M05742,Morning,31.1,14.1,82.1,74.9,77.4,71.5,Pass,0.05147364937364565,Safe
2775,17,M08922,Afternoon,31.0,15.0,76.6,83.0,86.4,94.4,Pass,0.05144469548226246,Safe
5748,20,M02722,Night,33.2,15.6,82.7,72.8,71.5,84.9,Pass,0.051400814364040676,Safe
2652,3,M09795,Morning,38.9,14.8,75.2,82.6,83.6,86.8,Pass,0.05125820791866928,Safe
2094,11,M02720,Afternoon,32.2,13.5,74.8,80.0,81.7,94.6,Pass,0.05120891537841436,Safe
9225,11,M01757,Night,36.0,15.8,82.7,78.9,85.0,72.9,Pass,0.05116427485801506,Safe
486,19,M00413,Night,35.8,17.6,81.5,80.0,73.7,97.1,Pass,0.05115414655758684,Safe
368,19,M01149,Night,32.7,16.2,78.3,75.4,79.7,68.0,Pass,0.05114481565462631,Safe
4937,10,M04043,Night,28.7,16.6,76.1,75.6,71.1,76.8,Pass,0.051050211315385424,Safe
1810,23,M05106,Morning,34.8,15.9,66.7,93.6,90.5,78.3,Pass,0.051044391796495205,Safe
7976,6,M05063,Morning,33.5,14.7,78.3,77.5,69.9,84.0,Pass,0.050963317794943445,Safe
5331,25,M09644,Morning,33.6,15.4,73.6,77.8,94.1,74.8,Pass,0.050932810458511835,Safe
6863,5,M07226,Night,30.6,16.7,74.4,71.5,77.2,80.8,Pass,0.0508915794873141,Safe
5902,24,M08998,Afternoon,31.7,12.8,83.9,78.8,72.8,75.5,Pass,0.05088582491918631,Safe
2247,9,M00781,Morning,30.0,16.5,68.3,82.8,94.3,80.0,Pass,0.05081024052925688,Safe
2666,4,M04647,Morning,33.2,17.5,76.0,88.3,82.1,76.9,Pass,0.05078799598612446,Safe
1455,16,M02720,Morning,31.9,16.0,69.7,95.6,87.9,100.0,Pass,0.0506751193289764,Safe
7044,13,M04017,Morning,37.9,15.7,80.9,74.9,88.3,71.3,Pass,0.050591298793199284,Safe
4359,23,M01575,Afternoon,31.6,16.0,76.7,79.2,79.0,69.8,Pass,0.050566136578885396,Safe
3483,10,M02781,Morning,29.4,17.5,86.7,82.5,71.1,84.5,Pass,0.050557386513190215,Safe
8874,4,M07003,Morning,30.8,16.9,82.9,85.2,71.2,83.5,Pass,0.05055247349802091,Safe
2089,13,M00846,Night,27.9,16.7,79.4,77.9,79.9,70.0,Pass,0.049989478181975855,Safe
3494,20,M02180,Night,31.1,15.6,83.5,81.4,75.7,79.0,Pass,0.04923157645739649,Safe
756,13,M06239,Night,30.7,15.9,71.1,92.1,81.9,76.6,Pass,0.04916508413539369,Safe
1686,21,M04733,Night,32.1,14.9,82.8,78.1,87.2,79.3,Pass,0.04912203137317052,Safe
43,11,M08434,Morning,31.4,15.8,76.8,86.4,93.7,70.6,Pass,0.04910831958079338,Safe
5527,9,M00272,Afternoon,32.9,16.8,69.2,82.3,98.7,95.2,Pass,0.049017193595684246,Safe
1308,19,M07981,Night,34.4,17.7,84.3,83.5,87.4,66.9,Pass,0.04895186536045657,Safe
4999,20,M04132,Night,31.9,14.3,82.1,79.0,67.4,82.2,Pass,0.04814286463887311,Safe
3883,22,M01030,Night,32.9,16.9,74.2,78.1,75.2,76.7,Pass,0.047746275490585015,Safe
121,12,M00207,Night,37.0,15.3,72.8,80.9,84.1,88.9,Pass,0.0466223068177246,Safe
