MachineID,MachineType,Temperature_C,Vibration_mm_s,Voltage_V,Current_A,Power_Consumption_kWh,Runtime_Hours,Failure_Status
M00001,Type_15,77.3,1.79,212.9,15.85,3.037,541.8,0
M00002,Type_16,55.78,3.18,218.7,13.55,2.667,455.5,0
M00003,Type_07,59.18,3.64,222.3,11.0,2.201,643.9,0
M00004,Type_24,56.43,1.91,214.6,16.19,3.127,150.2,0
M00005,Type_18,57.3,1.3,216.5,13.11,2.554,595.6,0
M00006,Type_01,53.64,0.25,224.6,17.37,3.511,77.8,0
M00007,Type_16,61.46,1.4,217.5,11.24,2.2,430.9,0
M00008,Type_03,81.15,2.78,217.1,20.51,4.007,329.6,1
M00009,Type_06,88.33,10.77,237.1,46.14,9.846,69.3,1
M00010,Type_02,44.1,1.02,226.6,13.23,2.698,648.5,0
M00011,Type_23,64.53,1.04,218.4,12.67,2.49,63.7,0
M00012,Type_25,59.79,3.26,221.8,9.16,1.829,827.3,0
M00013,Type_12,50.92,0.8,225.0,15.8,3.2,117.9,0
M00014,Type_13,66.57,0.9,219.9,15.56,3.079,488.2,0
M00015,Type_15,70.51,2.42,222.1,11.2,2.239,196.9,0
M00016,Type_10,76.35,3.32,219.8,13.77,2.724,221.1,0
M00017,Type_18,63.81,1.38,220.6,13.55,2.69,90.4,0
M00018,Type_15,57.42,1.27,228.2,11.47,2.356,236.1,0
M00019,Type_09,59.96,1.46,218.2,14.05,2.759,527.3,0
M00020,Type_12,73.22,3.34,220.1,17.31,3.429,669.6,0
M00021,Type_17,70.45,2.98,221.4,13.54,2.698,977.2,0
M00022,Type_24,52.65,2.61,207.6,16.73,3.126,123.5,0
M00023,Type_10,62.77,1.52,217.2,22.0,4.301,998.4,0
M00024,Type_07,66.04,2.03,216.4,14.84,2.89,498.8,0
M00025,Type_25,29.86,2.84,222.9,16.34,3.278,124.2,0
M00026,Type_02,70.95,3.59,216.9,17.43,3.403,285.3,0
M00027,Type_15,79.59,1.84,244.9,15.41,3.397,297.2,1
M00028,Type_01,62.97,1.12,211.8,10.97,2.091,166.7,0
M00029,Type_12,62.11,2.9,220.8,14.11,2.804,136.0,0
M00030,Type_24,62.71,2.09,216.3,16.65,3.241,520.1,0
M00031,Type_10,63.7,2.37,223.3,15.45,3.105,390.4,0
M00032,Type_18,79.11,0.1,223.3,16.56,3.328,435.0,0
M00033,Type_19,65.67,1.96,217.4,12.99,2.542,325.9,0
M00034,Type_14,67.2,3.28,222.5,9.66,1.934,905.1,0
M00035,Type_07,60.94,3.11,220.5,16.7,3.314,822.0,0
M00036,Type_16,70.12,2.86,233.6,13.55,2.849,763.5,1
M00037,Type_19,41.31,2.3,219.0,10.96,2.16,656.5,0
M00038,Type_12,78.53,3.62,221.2,22.17,4.414,392.7,0
M00039,Type_17,79.44,2.77,200.0,9.67,1.741,199.3,1
M00040,Type_08,71.3,1.25,218.6,18.1,3.561,184.0,0
M00041,Type_03,87.72,0.83,220.5,4.2,0.833,888.3,1
M00042,Type_06,74.49,2.97,218.8,14.87,2.928,216.8,0
M00043,Type_13,71.91,3.63,211.1,21.04,3.997,900.0,0
M00044,Type_03,67.57,1.89,226.6,16.41,3.347,409.9,0
M00045,Type_07,71.31,2.66,223.2,16.45,3.304,204.7,0
M00046,Type_15,66.86,2.06,221.8,11.93,2.381,701.6,0
M00047,Type_21,57.86,0.9,219.9,20.31,4.02,874.3,0
M00048,Type_25,68.87,2.1,214.1,11.94,2.301,126.1,0
M00049,Type_05,71.09,1.61,226.8,17.36,3.544,188.0,0
M00050,Type_25,82.68,1.34,220.9,16.18,3.217,358.1,0
M00051,Type_25,68.88,0.97,213.6,18.25,3.508,430.9,0
M00052,Type_06,63.86,2.63,222.9,13.62,2.732,535.9,0
M00053,Type_01,70.44,0.78,218.9,11.69,2.303,707.8,0
M00054,Type_02,65.85,3.9,220.3,16.43,3.258,514.8,0
M00055,Type_21,49.51,2.56,223.8,14.3,2.88,427.3,0
M00056,Type_20,57.0,1.67,221.1,16.46,3.275,223.8,0
M00057,Type_21,50.94,0.19,222.4,15.05,3.012,727.0,0
M00058,Type_12,71.45,3.26,214.7,11.41,2.205,209.1,0
M00059,Type_12,65.8,0.58,220.5,13.47,2.673,709.5,0
M00060,Type_10,62.82,3.14,221.5,18.38,3.664,666.7,0
M00061,Type_24,61.82,3.74,219.0,16.14,3.181,92.6,0
M00062,Type_05,85.08,3.03,219.8,17.65,3.492,874.7,0
M00063,Type_06,61.98,1.16,224.1,11.09,2.237,413.8,0
M00064,Type_21,72.07,3.25,216.9,19.89,3.883,894.1,0
M00065,Type_08,77.67,1.97,216.1,17.14,3.334,696.4,0
M00066,Type_03,43.66,3.68,210.9,17.88,3.394,771.8,0
M00067,Type_06,50.24,1.75,218.7,14.07,2.769,920.4,0
M00068,Type_18,46.4,1.62,221.7,13.99,2.791,788.0,0
M00069,Type_03,53.01,1.39,218.8,13.23,2.605,702.3,0
M00070,Type_25,60.32,2.58,213.1,17.92,3.437,323.4,0
M00071,Type_13,58.27,2.76,214.2,14.88,2.869,827.3,0
M00072,Type_16,61.12,2.74,221.3,17.08,3.402,151.3,0
M00073,Type_15,79.1,1.82,223.2,14.39,2.891,268.4,0
M00074,Type_23,66.24,2.77,219.0,15.29,3.014,223.7,0
M00075,Type_18,68.79,1.42,223.8,11.8,2.377,877.5,0
M00076,Type_21,66.37,1.81,218.8,15.54,3.06,733.1,0
M00077,Type_01,59.86,0.6,221.4,16.84,3.356,650.7,0
M00078,Type_06,60.46,1.04,216.7,16.66,3.249,807.7,0
M00079,Type_19,55.21,2.73,220.0,11.03,2.184,683.1,0
M00080,Type_05,67.69,2.71,226.1,12.72,2.588,78.5,0
M00081,Type_20,64.32,2.26,220.1,11.74,2.326,194.2,0
M00082,Type_13,64.28,1.35,217.2,9.04,1.767,447.1,0
M00083,Type_25,54.27,1.99,211.8,16.3,3.107,628.4,0
M00084,Type_06,61.57,3.3,226.9,14.19,2.898,730.4,0
M00085,Type_05,63.33,1.32,212.8,14.57,2.79,312.2,0
M00086,Type_25,40.07,0.26,218.1,5.72,1.123,381.0,1
M00087,Type_01,70.07,1.21,217.5,12.22,2.392,343.2,0
M00088,Type_02,58.07,1.85,226.2,15.2,3.094,694.6,0
M00089,Type_18,44.89,1.63,224.9,10.21,2.067,289.5,0
M00090,Type_22,73.03,0.38,222.9,14.52,2.913,734.4,0
M00091,Type_16,50.91,2.45,217.4,13.16,2.575,632.2,0
M00092,Type_19,65.04,3.29,200.0,18.06,3.251,931.4,1
M00093,Type_23,76.82,1.12,229.7,13.61,2.814,444.7,0
M00094,Type_08,64.59,1.48,218.2,12.47,2.449,675.0,0
M00095,Type_06,74.85,1.07,225.1,14.41,2.919,773.4,0
M00096,Type_06,55.65,1.93,228.0,8.44,1.732,855.1,0
M00097,Type_14,57.28,1.41,222.8,8.51,1.706,83.7,0
M00098,Type_05,74.22,2.92,215.3,14.19,2.75,809.0,0
M00099,Type_14,69.64,2.05,230.2,16.96,3.514,580.3,1
M00100,Type_19,68.16,3.63,218.3,13.74,2.699,607.5,0
M00101,Type_11,43.11,2.78,214.2,15.02,2.896,74.9,0
M00102,Type_06,64.59,0.1,218.2,17.92,3.519,621.9,0
M00103,Type_24,49.66,1.83,217.6,10.94,2.142,816.1,0
M00104,Type_10,69.77,1.1,209.5,18.45,3.479,755.0,0
M00105,Type_17,65.43,0.99,214.3,9.3,1.794,467.8,0
M00106,Type_13,62.26,2.82,219.6,15.73,3.109,492.9,0
M00107,Type_10,73.52,1.59,233.1,11.91,2.499,66.1,0
M00108,Type_24,40.54,2.35,219.5,15.54,3.07,452.2,0
M00109,Type_09,53.16,0.6,215.8,16.94,3.29,972.7,0
M00110,Type_18,56.44,0.16,216.8,11.19,2.183,719.9,0
M00111,Type_14,60.67,3.04,211.2,14.08,2.676,599.4,0
M00112,Type_03,71.71,2.81,216.5,18.37,3.579,621.4,0
M00113,Type_14,71.7,4.1,221.0,12.13,2.413,960.4,0
M00114,Type_07,64.47,3.93,219.6,14.31,2.828,411.1,0
M00115,Type_16,60.18,4.04,229.3,15.17,3.131,749.4,0
M00116,Type_19,67.9,3.24,221.8,12.82,2.559,788.2,0
M00117,Type_10,75.96,1.87,224.6,9.68,1.957,414.2,0
M00118,Type_16,59.33,1.48,216.6,14.74,2.873,164.4,0
M00119,Type_17,65.99,1.56,229.0,17.86,3.681,945.3,0
M00120,Type_23,62.09,2.11,225.9,18.49,3.759,631.5,0
M00121,Type_23,79.15,1.29,217.2,18.82,3.679,728.9,0
M00122,Type_13,66.18,1.14,223.9,15.59,3.142,495.5,0
M00123,Type_10,60.73,0.1,216.4,10.22,1.99,887.7,0
M00124,Type_06,75.53,3.15,213.3,14.16,2.718,491.2,0
M00125,Type_14,52.78,9.1,212.7,13.59,2.602,259.2,1
M00126,Type_01,69.95,3.69,218.3,58.26,11.446,403.5,1
M00127,Type_09,68.26,1.02,224.5,16.37,3.308,532.4,0
M00128,Type_14,59.7,3.08,211.1,21.21,4.03,800.0,0
M00129,Type_20,60.55,2.21,218.1,13.3,2.611,439.0,0
M00130,Type_12,75.76,1.24,224.7,15.7,3.175,580.7,0
M00131,Type_09,49.35,2.03,219.8,20.72,4.099,891.2,0
M00132,Type_10,78.36,2.31,221.2,20.09,4.0,635.5,0
M00133,Type_13,57.83,2.6,210.8,13.14,2.493,299.5,0
M00134,Type_08,62.27,2.96,218.1,15.05,2.954,616.7,0
M00135,Type_22,67.23,1.84,224.7,15.84,3.203,489.2,0
M00136,Type_16,66.48,1.85,222.9,16.49,3.308,117.2,0
M00137,Type_16,83.92,2.27,226.0,20.08,4.084,52.2,0
M00138,Type_08,61.38,3.24,218.5,18.09,3.557,799.5,0
M00139,Type_20,57.11,1.24,216.8,15.78,3.079,640.7,0
M00140,Type_25,63.12,1.88,227.3,20.07,4.106,164.2,0
M00141,Type_01,72.48,2.41,225.6,15.0,3.046,615.6,0
M00142,Type_16,72.41,3.61,218.2,4.94,0.97,201.8,1
M00143,Type_20,57.64,2.09,204.9,17.51,3.229,207.0,1
M00144,Type_18,51.12,2.35,211.2,18.66,3.547,310.0,0
M00145,Type_04,51.55,2.31,214.7,14.82,2.864,652.6,0
M00146,Type_09,70.28,1.69,224.8,19.61,3.967,528.0,0
M00147,Type_23,79.5,3.49,223.0,13.19,2.647,366.1,0
M00148,Type_05,70.75,1.71,222.9,12.15,2.437,796.2,0
M00149,Type_10,62.23,2.54,209.1,13.96,2.627,429.5,0
M00150,Type_24,64.94,0.87,217.4,21.29,4.166,682.3,0
M00151,Type_02,54.75,2.22,218.7,13.28,2.614,839.4,0
M00152,Type_12,64.62,2.61,222.3,14.86,2.973,377.3,0
M00153,Type_15,65.68,2.42,215.0,18.47,3.574,693.0,0
M00154,Type_03,84.49,2.1,235.1,15.19,3.214,423.6,1
M00155,Type_08,56.98,1.25,215.2,17.92,3.471,303.0,0
M00156,Type_06,66.62,0.95,225.5,15.47,3.14,526.4,0
M00157,Type_24,64.97,0.55,216.3,16.23,3.159,932.6,0
M00158,Type_24,66.72,2.43,229.5,19.1,3.945,760.2,0
M00159,Type_18,61.12,2.72,218.1,16.3,3.2,466.5,0
M00160,Type_25,55.4,2.77,213.8,15.46,2.975,198.1,0
M00161,Type_05,67.71,3.34,216.8,16.98,3.313,962.1,0
M00162,Type_02,62.1,3.23,225.4,10.58,2.146,422.1,0
M00163,Type_24,65.09,0.2,213.6,21.52,4.137,782.5,0
M00164,Type_25,58.25,2.43,211.2,14.68,2.79,993.2,0
M00165,Type_02,65.7,2.9,201.9,13.31,2.419,68.3,1
M00166,Type_06,83.91,0.86,227.1,17.64,3.605,531.5,0
M00167,Type_06,70.93,1.45,217.4,12.05,2.358,529.3,0
M00168,Type_02,65.44,1.92,222.1,15.46,3.09,184.6,0
M00169,Type_09,54.66,1.61,222.4,14.64,2.93,960.9,0
M00170,Type_01,49.24,2.42,219.1,14.59,2.877,564.5,0
M00171,Type_11,64.27,0.8,217.3,15.31,2.994,538.7,0
M00172,Type_19,61.91,2.55,219.0,16.54,3.26,216.0,0
M00173,Type_04,62.86,2.33,227.0,16.73,3.418,341.2,0
M00174,Type_09,60.54,0.1,221.8,16.07,3.208,613.2,0
M00175,Type_15,58.83,1.45,216.0,15.82,3.075,79.4,0
M00176,Type_24,73.93,3.25,217.3,17.01,3.327,215.3,0
M00177,Type_15,68.17,3.05,218.6,15.39,3.028,825.4,0
M00178,Type_09,73.66,2.21,221.9,14.87,2.97,890.0,0
M00179,Type_09,68.23,1.48,211.6,15.41,2.935,105.8,0
M00180,Type_05,63.99,1.02,228.9,15.54,3.201,626.0,0
M00181,Type_22,65.6,3.11,220.4,15.73,3.12,638.2,0
M00182,Type_02,58.83,3.04,227.1,12.51,2.557,907.2,0
M00183,Type_08,66.13,1.39,219.8,15.13,2.993,92.1,0
M00184,Type_21,72.03,2.5,215.0,14.58,2.821,694.5,0
M00185,Type_14,69.54,1.86,214.6,15.43,2.98,799.3,0
M00186,Type_12,80.61,1.29,220.8,11.46,2.277,107.2,0
M00187,Type_08,55.71,1.55,221.2,16.29,3.243,364.0,0
M00188,Type_01,47.77,0.1,214.0,18.1,3.486,463.4,0
M00189,Type_09,49.8,3.46,213.0,12.13,2.325,220.0,0
M00190,Type_09,116.86,1.9,221.8,13.97,2.789,171.1,1
M00191,Type_18,63.26,1.08,221.8,10.48,2.092,672.9,0
M00192,Type_12,52.89,1.94,220.8,12.47,2.478,914.1,0
M00193,Type_03,58.13,1.1,242.3,13.96,3.044,957.5,1
M00194,Type_22,73.45,4.11,216.4,15.91,3.099,945.9,0
M00195,Type_17,55.76,2.03,216.1,15.21,2.958,868.3,0
M00196,Type_01,70.72,0.17,228.0,19.38,3.977,631.4,0
M00197,Type_07,74.07,1.79,227.6,18.15,3.718,819.2,0
M00198,Type_16,60.5,0.86,219.6,14.11,2.789,736.7,0
M00199,Type_11,64.44,0.96,216.5,12.02,2.342,817.6,0
M00200,Type_15,80.63,3.31,218.0,16.99,3.333,966.5,0
M00201,Type_16,65.73,2.98,216.9,13.79,2.692,941.8,0
M00202,Type_13,73.81,2.07,221.6,13.81,2.754,618.7,0
M00203,Type_04,69.91,0.81,214.9,15.29,2.957,481.8,0
M00204,Type_03,63.2,2.88,220.2,15.91,3.153,857.4,0
M00205,Type_20,69.56,3.65,233.7,16.27,3.422,734.5,1
M00206,Type_13,65.47,7.27,209.4,17.64,3.324,703.8,1
M00207,Type_24,75.21,1.09,211.6,16.65,3.171,237.4,0
M00208,Type_15,72.41,1.93,213.1,15.84,3.038,719.5,0
M00209,Type_11,70.09,2.86,222.7,17.58,3.524,492.5,0
M00210,Type_23,58.92,1.84,224.2,15.89,3.206,634.8,0
M00211,Type_05,53.33,1.47,225.1,13.94,2.824,942.1,0
M00212,Type_02,57.49,1.24,220.0,14.91,2.952,666.4,0
M00213,Type_15,60.04,1.59,222.1,12.52,2.503,872.9,0
M00214,Type_24,72.85,3.1,217.3,19.07,3.73,735.6,0
M00215,Type_12,64.98,1.46,214.7,13.32,2.574,579.1,0
M00216,Type_08,59.87,1.98,226.9,16.54,3.378,516.2,0
M00217,Type_04,50.92,3.48,223.4,14.46,2.907,626.4,0
M00218,Type_03,65.83,0.93,214.6,17.05,3.293,480.2,0
M00219,Type_17,60.29,2.91,225.4,13.93,2.826,641.3,0
M00220,Type_03,72.77,1.69,241.6,15.75,3.425,184.9,1
M00221,Type_06,60.07,1.87,218.8,15.95,3.141,70.4,0
M00222,Type_22,56.51,1.97,221.3,17.77,3.539,164.2,0
M00223,Type_16,56.12,2.53,217.7,13.5,2.645,826.0,0
M00224,Type_01,74.49,1.99,215.0,12.72,2.461,150.2,0
M00225,Type_23,68.91,2.48,223.9,14.39,2.9,491.8,0
M00226,Type_20,57.64,3.45,217.5,16.07,3.146,396.3,0
M00227,Type_03,52.32,0.1,211.7,19.8,3.772,248.5,0
M00228,Type_05,75.4,4.43,223.4,11.46,2.304,273.2,0
M00229,Type_16,76.27,1.5,222.5,11.85,2.373,220.3,0
M00230,Type_14,65.99,2.62,222.0,22.37,4.47,601.5,0
M00231,Type_01,79.89,0.83,222.5,15.39,3.082,327.9,0
M00232,Type_12,77.14,1.3,218.1,9.7,1.904,681.8,0
M00233,Type_11,76.81,1.63,223.6,13.99,2.815,685.1,0
M00234,Type_12,67.44,1.19,218.4,36.06,7.088,843.9,1
M00235,Type_07,86.92,2.17,222.6,13.86,2.777,279.5,0
M00236,Type_01,72.51,1.42,226.0,14.38,2.925,810.6,0
M00237,Type_18,83.05,1.49,227.0,21.41,4.374,856.7,0
M00238,Type_01,50.02,2.14,213.1,16.37,3.14,346.8,0
M00239,Type_20,60.92,1.05,223.5,19.11,3.844,287.9,0
M00240,Type_19,56.53,0.9,215.6,16.95,3.289,444.9,0
M00241,Type_17,75.62,2.36,216.9,11.9,2.323,909.6,0
M00242,Type_01,73.32,2.03,213.2,13.05,2.504,692.6,0
M00243,Type_03,50.97,2.71,216.3,15.54,3.025,61.4,0
M00244,Type_24,76.07,1.24,221.7,12.35,2.464,567.8,0
M00245,Type_09,74.39,0.56,219.5,10.38,2.051,629.7,0
M00246,Type_05,66.1,2.44,224.1,14.56,2.937,219.4,0
M00247,Type_18,56.08,1.83,219.1,16.09,3.173,654.0,0
M00248,Type_05,69.14,2.97,225.7,13.99,2.842,677.4,0
M00249,Type_09,71.06,1.8,221.2,19.36,3.854,58.2,0
M00250,Type_02,67.35,2.05,203.7,14.96,2.743,813.2,1
M00251,Type_08,55.99,2.95,216.9,21.14,4.127,375.9,0
M00252,Type_03,63.0,9.82,218.3,15.13,2.973,496.5,1
M00253,Type_15,83.99,0.81,219.0,11.88,2.342,999.8,0
M00254,Type_02,62.05,4.4,221.1,15.15,3.015,454.2,0
M00255,Type_13,56.35,2.81,217.2,16.92,3.308,359.8,0
M00256,Type_22,57.19,0.71,217.1,16.66,3.255,269.9,0
M00257,Type_05,78.95,3.18,223.3,18.18,3.654,319.8,0
M00258,Type_11,67.94,3.08,207.3,15.32,2.858,365.1,0
M00259,Type_14,71.11,1.49,215.3,13.45,2.606,721.6,0
M00260,Type_16,68.21,1.18,219.3,17.74,3.501,743.8,0
M00261,Type_14,55.99,2.75,220.2,18.48,3.662,761.6,0
M00262,Type_13,77.21,2.29,226.1,14.55,2.961,317.3,0
M00263,Type_22,81.54,1.02,220.2,12.04,2.386,336.6,0
M00264,Type_15,61.13,2.52,216.5,14.77,2.878,982.5,0
M00265,Type_10,67.72,1.25,200.0,11.96,2.153,244.3,1
M00266,Type_16,62.2,2.6,218.8,16.41,3.231,67.2,0
M00267,Type_07,51.39,1.66,221.5,16.52,3.293,467.9,0
M00268,Type_08,64.12,1.8,225.8,16.93,3.441,87.6,0
M00269,Type_22,86.46,0.86,227.2,16.76,3.427,999.4,0
M00270,Type_24,63.36,1.85,219.5,14.66,2.896,135.5,0
M00271,Type_07,64.5,0.1,222.8,12.4,2.486,847.2,0
M00272,Type_25,68.7,0.17,214.8,15.3,2.958,234.8,0
M00273,Type_01,80.22,2.42,214.5,14.13,2.728,546.0,0
M00274,Type_07,72.38,0.99,209.9,13.79,2.605,434.2,0
M00275,Type_16,46.33,1.54,224.6,11.83,2.391,965.5,0
M00276,Type_10,69.1,1.69,223.1,10.5,2.108,446.2,0
M00277,Type_14,64.18,2.5,219.6,14.6,2.886,350.8,0
M00278,Type_23,51.57,1.75,224.0,10.46,2.109,455.3,0
M00279,Type_08,78.03,3.13,223.1,15.07,3.026,663.4,0
M00280,Type_15,108.28,10.96,244.5,45.24,9.955,328.6,1
M00281,Type_09,48.53,2.46,222.6,10.08,2.019,668.3,0
M00282,Type_12,62.79,2.68,217.2,17.76,3.472,886.5,0
M00283,Type_17,69.39,1.78,221.3,15.94,3.175,52.4,0
M00284,Type_14,75.75,2.85,213.2,15.6,2.993,850.3,0
M00285,Type_07,63.23,2.14,228.3,20.51,4.214,577.6,0
M00286,Type_24,51.75,1.73,219.6,53.29,10.532,261.5,1
M00287,Type_03,84.54,0.23,220.9,3.94,0.783,320.3,1
M00288,Type_12,49.14,2.24,217.7,10.85,2.126,387.5,0
M00289,Type_01,76.24,1.39,220.5,23.74,4.711,918.6,0
M00290,Type_17,42.97,3.12,220.1,21.13,4.186,722.7,0
M00291,Type_24,65.39,2.68,226.6,18.11,3.693,815.7,0
M00292,Type_01,67.64,1.57,227.0,18.99,3.88,742.3,0
M00293,Type_23,52.48,1.11,227.1,13.6,2.78,52.7,0
M00294,Type_08,77.75,2.78,224.6,14.28,2.887,419.6,0
M00295,Type_18,63.57,1.26,217.8,16.87,3.307,900.4,0
M00296,Type_21,70.08,0.41,223.0,13.39,2.687,491.3,0
M00297,Type_15,87.92,1.57,218.3,12.85,2.525,161.8,0
M00298,Type_15,49.88,10.75,228.5,19.77,4.066,720.2,1
M00299,Type_25,75.15,1.76,220.4,21.28,4.221,85.0,0
M00300,Type_15,58.64,1.15,225.4,13.47,2.733,550.8,0
M00301,Type_01,71.03,1.48,224.8,16.99,3.437,916.1,0
M00302,Type_21,59.57,1.79,226.2,8.81,1.794,430.9,1
M00303,Type_21,82.88,2.56,222.3,15.8,3.161,459.9,0
M00304,Type_06,60.7,1.43,234.3,19.73,4.16,56.9,1
M00305,Type_13,65.49,2.33,217.9,10.19,1.998,933.5,0
M00306,Type_16,67.57,2.46,218.2,14.17,2.783,92.2,0
M00307,Type_01,70.47,2.06,224.2,17.23,3.477,762.4,0
M00308,Type_19,71.0,2.18,215.6,14.79,2.87,460.3,0
M00309,Type_07,58.79,2.29,224.7,19.8,4.004,977.9,0
M00310,Type_01,65.43,0.22,224.2,18.9,3.814,348.3,0
M00311,Type_12,68.35,2.09,221.8,15.42,3.078,157.2,0
M00312,Type_06,60.74,3.04,225.9,12.39,2.519,844.8,0
M00313,Type_24,70.85,2.56,224.5,16.78,3.39,594.9,0
M00314,Type_11,63.41,1.5,212.3,19.97,3.816,990.8,0
M00315,Type_14,54.34,2.19,233.9,21.33,4.49,509.9,1
M00316,Type_13,78.19,7.46,220.1,13.62,2.698,357.7,1
M00317,Type_10,47.41,1.25,222.7,12.59,2.523,752.0,0
M00318,Type_08,77.05,1.07,225.5,17.1,3.47,659.7,0
M00319,Type_07,66.36,2.05,225.0,21.95,4.445,746.2,0
M00320,Type_22,60.07,2.34,225.2,16.48,3.34,256.8,0
M00321,Type_17,56.46,2.61,227.0,16.78,3.428,707.3,0
M00322,Type_06,69.3,2.21,216.2,17.31,3.368,498.2,0
M00323,Type_21,59.51,3.6,217.4,17.45,3.414,91.1,0
M00324,Type_18,74.36,6.54,224.0,20.36,4.105,403.4,1
M00325,Type_24,51.08,1.22,226.7,16.05,3.275,477.9,0
M00326,Type_10,66.27,1.02,224.9,14.85,3.006,991.9,0
M00327,Type_05,61.51,2.28,228.2,18.51,3.802,724.2,0
M00328,Type_11,79.56,2.63,216.1,17.02,3.31,536.8,0
M00329,Type_02,55.64,1.73,221.2,7.68,1.529,317.7,1
M00330,Type_02,59.47,1.04,220.4,17.77,3.525,733.7,0
M00331,Type_18,73.21,2.55,231.3,16.05,3.341,626.9,0
M00332,Type_01,82.62,1.76,225.1,16.31,3.304,884.1,0
M00333,Type_01,61.07,0.23,225.1,17.12,3.468,394.6,0
M00334,Type_15,61.26,0.1,221.7,15.65,3.123,466.3,0
M00335,Type_03,40.92,2.64,219.2,17.13,3.379,931.3,0
M00336,Type_24,43.07,1.24,213.8,10.34,1.99,748.2,0
M00337,Type_18,57.49,0.83,219.9,15.54,3.076,892.3,0
M00338,Type_17,67.18,2.51,225.6,14.03,2.849,563.5,0
M00339,Type_18,57.27,0.1,219.2,16.07,3.17,262.2,0
M00340,Type_13,66.39,2.67,218.1,16.55,3.249,295.4,0
M00341,Type_14,63.01,3.44,225.9,14.38,2.924,446.9,0
M00342,Type_03,57.19,1.52,221.2,3.31,0.659,973.8,1
M00343,Type_17,71.66,2.4,215.6,12.96,2.515,212.2,0
M00344,Type_24,60.03,3.23,200.0,9.15,1.647,298.3,1
M00345,Type_25,63.21,2.04,220.3,18.1,3.589,667.0,0
M00346,Type_25,72.79,0.42,218.3,14.24,2.798,841.7,0
M00347,Type_04,64.97,3.4,211.2,12.73,2.42,390.0,0
M00348,Type_09,62.1,1.99,215.6,13.87,2.691,221.2,0
M00349,Type_01,55.58,2.31,219.3,15.02,2.964,229.4,0
M00350,Type_14,80.31,2.59,215.8,17.79,3.455,129.5,0
M00351,Type_05,72.82,0.96,219.8,15.06,2.979,50.4,0
M00352,Type_17,51.82,2.38,218.6,13.98,2.75,590.0,0
M00353,Type_15,53.36,2.46,215.1,16.86,3.264,426.1,0
M00354,Type_17,73.22,3.2,213.9,18.8,3.619,118.4,0
M00355,Type_20,61.76,1.17,218.9,15.77,3.107,805.3,0
M00356,Type_16,80.37,2.46,216.4,15.47,3.013,674.7,0
M00357,Type_14,56.71,1.34,220.6,14.6,2.899,500.3,0
M00358,Type_05,72.38,1.11,220.7,15.42,3.063,788.8,0
M00359,Type_21,60.09,3.31,215.3,15.96,3.093,690.6,0
M00360,Type_02,53.65,1.65,213.6,19.04,3.66,431.8,0
M00361,Type_05,60.5,1.9,226.5,17.38,3.543,786.9,0
M00362,Type_04,69.29,2.25,209.2,18.78,3.536,885.0,1
M00363,Type_14,62.6,0.75,216.7,12.03,2.346,157.6,0
M00364,Type_24,60.09,2.31,219.9,18.55,3.671,551.4,0
M00365,Type_06,60.52,2.12,216.9,13.74,2.682,945.9,0
M00366,Type_13,86.74,0.25,215.5,11.55,2.24,929.8,0
M00367,Type_01,66.83,2.03,226.2,18.34,3.734,401.7,0
M00368,Type_21,57.3,0.66,218.9,14.56,2.868,875.4,0
M00369,Type_06,62.36,2.35,219.5,16.73,3.305,551.1,0
M00370,Type_21,71.94,2.8,213.6,13.05,2.509,995.0,0
M00371,Type_01,49.82,2.35,210.1,19.97,3.776,610.0,0
M00372,Type_13,63.68,1.79,222.0,16.96,3.389,900.9,0
M00373,Type_15,83.5,2.7,213.1,17.05,3.27,598.1,0
M00374,Type_20,50.89,0.1,224.9,18.8,3.805,294.9,0
M00375,Type_23,86.56,0.51,214.7,21.26,4.108,315.1,0
M00376,Type_06,67.67,1.82,224.2,17.09,3.448,390.6,0
M00377,Type_04,54.88,1.74,212.4,11.56,2.21,953.1,0
M00378,Type_22,60.42,2.3,223.3,17.53,3.523,360.0,0
M00379,Type_09,69.89,3.27,219.0,17.94,3.536,864.2,0
M00380,Type_14,68.08,2.7,215.4,15.57,3.018,914.5,0
M00381,Type_20,64.99,2.24,220.3,8.4,1.665,315.2,0
M00382,Type_03,76.36,1.15,225.3,18.3,3.711,464.2,0
M00383,Type_10,80.18,2.33,213.3,13.59,2.609,317.1,0
M00384,Type_13,57.26,1.94,211.5,17.2,3.274,311.6,0
M00385,Type_16,67.21,0.61,224.1,13.62,2.747,643.8,0
M00386,Type_22,77.3,2.17,225.8,12.93,2.628,861.7,0
M00387,Type_22,73.69,0.45,222.9,17.27,3.465,620.4,0
M00388,Type_22,72.47,2.77,218.2,21.98,4.316,874.3,0
M00389,Type_08,65.85,0.1,222.5,16.43,3.29,266.1,0
M00390,Type_09,55.71,1.33,219.1,23.17,4.569,755.5,0
M00391,Type_16,68.27,0.94,221.1,13.37,2.66,219.1,0
M00392,Type_06,65.79,2.61,218.7,14.09,2.773,677.5,0
M00393,Type_18,61.24,0.15,219.6,13.12,2.593,236.8,0
M00394,Type_19,70.08,2.97,216.2,21.09,4.104,240.0,0
M00395,Type_19,76.28,0.98,221.3,12.24,2.438,888.4,0
M00396,Type_09,56.27,2.58,221.4,12.07,2.405,720.8,0
M00397,Type_22,58.27,1.73,221.2,15.29,3.044,534.5,0
M00398,Type_24,69.46,4.05,218.2,15.43,3.03,642.6,0
M00399,Type_19,55.43,2.96,214.3,14.08,2.716,485.8,0
M00400,Type_02,45.77,3.23,223.3,15.03,3.021,299.2,0
M00401,Type_04,51.82,0.27,213.2,8.76,1.681,836.6,0
M00402,Type_25,63.06,1.7,223.6,17.21,3.463,605.4,0
M00403,Type_02,64.52,2.11,223.5,11.14,2.241,179.2,0
M00404,Type_18,75.69,0.71,222.4,19.88,3.979,966.8,0
M00405,Type_13,59.18,2.14,219.9,17.56,3.475,134.5,0
M00406,Type_15,60.63,0.44,216.1,13.11,2.55,886.0,0
M00407,Type_12,69.06,1.03,219.9,14.86,2.941,614.0,0
M00408,Type_25,45.5,10.11,220.0,14.82,2.934,707.3,1
M00409,Type_04,68.64,0.93,220.5,13.72,2.723,138.6,0
M00410,Type_11,69.83,1.04,217.3,13.89,2.716,900.3,0
M00411,Type_19,77.98,3.91,210.3,23.21,4.393,379.1,0
M00412,Type_17,88.31,8.02,239.6,49.36,10.644,892.4,1
M00413,Type_25,66.42,3.21,231.9,18.82,3.928,429.7,0
M00414,Type_10,69.69,0.1,222.6,12.96,2.596,420.3,0
M00415,Type_07,78.05,2.16,226.3,13.08,2.664,139.2,0
M00416,Type_02,83.43,2.26,213.6,16.97,3.262,501.1,1
M00417,Type_24,78.44,0.23,217.2,18.89,3.693,436.4,0
M00418,Type_21,51.01,1.42,214.1,14.89,2.869,634.2,0
M00419,Type_07,65.72,2.35,224.9,18.74,3.793,293.6,0
M00420,Type_04,65.05,2.26,223.2,11.79,2.368,182.1,0
M00421,Type_18,63.85,2.11,224.6,21.58,4.362,578.4,0
M00422,Type_21,65.59,2.53,214.5,8.97,1.732,683.4,1
M00423,Type_21,61.76,0.68,214.4,13.58,2.62,55.9,0
M00424,Type_08,73.74,2.42,222.2,10.94,2.188,529.4,0
M00425,Type_18,74.38,1.89,223.5,11.39,2.291,722.8,0
M00426,Type_20,109.58,9.36,241.1,41.89,9.09,200.2,1
M00427,Type_22,56.42,2.93,219.8,10.36,2.049,574.4,0
M00428,Type_23,56.06,4.16,227.2,17.29,3.535,587.7,0
M00429,Type_22,58.71,1.39,215.7,40.25,7.814,866.1,1
M00430,Type_09,71.15,1.39,217.5,12.44,2.435,412.8,0
M00431,Type_05,74.21,2.83,225.2,16.23,3.289,959.3,0
M00432,Type_07,64.3,3.57,219.5,12.76,2.521,464.8,0
M00433,Type_08,68.93,2.91,217.1,14.23,2.78,786.6,0
M00434,Type_06,75.22,3.23,226.8,19.38,3.956,909.9,0
M00435,Type_02,67.95,1.38,211.9,14.89,2.84,886.5,0
M00436,Type_06,66.28,2.15,212.6,18.68,3.574,493.8,0
M00437,Type_24,70.11,3.75,228.6,18.45,3.796,73.3,0
M00438,Type_21,63.76,2.06,224.2,14.61,2.948,183.2,0
M00439,Type_06,76.87,1.21,228.0,14.56,2.988,570.5,0
M00440,Type_20,68.92,1.89,217.3,14.66,2.867,890.7,0
M00441,Type_06,76.55,1.21,219.7,15.16,2.998,244.2,0
M00442,Type_12,50.34,2.59,222.1,17.68,3.534,472.4,0
M00443,Type_07,73.96,2.42,215.4,37.84,7.336,728.7,1
M00444,Type_20,66.21,2.2,223.2,11.55,2.32,750.3,0
M00445,Type_05,67.01,0.42,227.0,14.46,2.954,744.2,0
M00446,Type_06,51.52,1.14,213.6,15.94,3.064,237.7,0
M00447,Type_15,74.36,1.0,225.3,15.41,3.125,401.8,0
M00448,Type_07,67.35,2.35,219.9,15.46,3.06,583.2,0
M00449,Type_05,76.04,0.96,220.3,20.77,4.118,256.9,0
M00450,Type_02,74.1,2.96,212.4,10.02,1.915,443.8,0
M00451,Type_04,51.99,4.02,224.6,39.19,7.922,652.9,1
M00452,Type_09,69.33,2.57,216.5,16.39,3.194,51.8,0
M00453,Type_05,69.0,1.36,220.2,13.37,2.65,871.1,0
M00454,Type_20,57.85,1.05,220.9,18.44,3.666,588.7,0
M00455,Type_14,67.16,1.84,215.5,13.32,2.583,624.5,0
M00456,Type_18,59.1,1.22,220.5,14.33,2.844,173.7,0
M00457,Type_08,47.21,0.73,218.8,13.31,2.621,755.8,0
M00458,Type_05,66.44,1.35,226.3,15.31,3.118,626.0,0
M00459,Type_23,65.28,2.16,228.9,17.64,3.634,606.0,0
M00460,Type_20,75.46,1.07,218.0,14.51,2.847,837.0,0
M00461,Type_19,62.91,3.33,218.6,16.81,3.307,835.9,0
M00462,Type_06,47.66,3.17,228.3,13.44,2.762,937.6,0
M00463,Type_01,59.48,3.39,213.2,15.12,2.901,955.4,0
M00464,Type_25,61.41,1.43,217.1,19.98,3.904,393.7,0
M00465,Type_09,69.28,4.15,216.5,14.93,2.909,503.7,0
M00466,Type_17,86.47,1.45,220.5,15.42,3.06,186.3,1
M00467,Type_20,72.07,2.61,218.0,15.07,2.957,318.1,0
M00468,Type_04,79.95,2.67,227.4,22.75,4.656,843.1,0
M00469,Type_11,77.23,2.01,220.2,15.98,3.167,669.7,0
M00470,Type_04,63.58,2.43,217.2,15.26,2.983,361.0,0
M00471,Type_20,66.9,2.22,224.2,13.49,2.722,143.3,0
M00472,Type_03,64.04,1.75,221.7,11.08,2.211,614.0,0
M00473,Type_02,63.36,0.88,226.4,18.19,3.706,504.7,0
M00474,Type_11,63.27,3.01,200.0,18.7,3.366,818.7,1
M00475,Type_03,64.75,1.42,223.2,10.07,2.023,98.0,0
M00476,Type_20,81.68,2.12,215.6,19.18,3.722,180.0,0
M00477,Type_19,68.68,3.04,214.7,12.34,2.384,372.9,0
M00478,Type_16,66.96,1.85,211.5,15.68,2.985,505.9,0
M00479,Type_23,58.9,1.8,225.6,14.47,2.938,649.0,0
M00480,Type_19,61.47,2.16,215.7,12.4,2.407,737.1,0
M00481,Type_20,55.8,2.8,220.0,17.33,3.431,697.6,0
M00482,Type_18,48.16,2.41,215.9,18.04,3.505,169.8,0
M00483,Type_04,71.88,3.5,220.5,21.51,4.269,191.0,0
M00484,Type_20,79.86,0.37,228.6,18.77,3.862,118.3,0
M00485,Type_15,84.16,1.79,221.1,17.88,3.558,598.9,0
M00486,Type_04,56.83,0.5,214.2,16.39,3.16,531.5,0
M00487,Type_04,61.41,2.83,222.2,14.43,2.886,821.8,0
M00488,Type_19,102.13,3.35,221.6,16.14,3.219,429.2,1
M00489,Type_11,83.52,0.1,212.1,19.91,3.801,161.4,0
M00490,Type_23,103.36,0.83,219.3,14.94,2.949,96.1,1
M00491,Type_08,78.78,2.36,213.7,15.72,3.023,605.0,0
M00492,Type_20,55.07,5.18,220.1,18.47,3.659,116.7,0
M00493,Type_15,69.45,1.84,221.1,16.62,3.307,491.8,0
M00494,Type_22,76.62,0.77,229.7,17.33,3.583,294.8,0
M00495,Type_18,66.46,0.58,223.4,18.2,3.659,881.6,0
M00496,Type_21,54.75,0.1,224.9,16.05,3.249,823.4,0
M00497,Type_07,59.02,3.29,226.4,13.35,2.72,85.8,0
M00498,Type_23,66.92,2.26,218.7,12.84,2.527,898.0,0
M00499,Type_07,72.21,0.34,216.9,9.25,1.806,850.6,1
M00500,Type_17,67.72,2.35,214.8,12.53,2.422,212.1,0
M00501,Type_09,61.03,0.15,216.1,17.1,3.326,275.5,0
M00502,Type_16,68.25,2.22,224.9,15.69,3.176,336.0,0
M00503,Type_09,48.6,2.78,225.1,16.48,3.339,614.9,0
M00504,Type_03,50.96,0.92,217.2,9.28,1.814,737.5,0
M00505,Type_07,73.77,2.11,223.6,16.27,3.274,966.2,0
M00506,Type_05,82.25,1.05,214.6,15.94,3.079,524.9,0
M00507,Type_22,54.25,3.08,216.7,18.41,3.591,636.0,0
M00508,Type_19,58.38,1.81,200.0,18.54,3.337,784.0,1
M00509,Type_10,73.77,3.05,228.9,18.04,3.716,433.4,0
M00510,Type_10,78.63,2.68,219.6,15.72,3.107,673.1,0
M00511,Type_25,67.42,0.89,220.0,15.38,3.045,151.7,0
M00512,Type_01,60.0,2.58,213.6,18.08,3.476,732.3,0
M00513,Type_20,70.43,1.31,211.5,12.94,2.463,812.7,0
M00514,Type_18,66.27,1.58,220.3,47.72,9.461,280.5,1
M00515,Type_21,64.06,1.3,213.9,15.61,3.005,503.2,0
M00516,Type_11,82.13,1.95,221.6,14.42,2.876,935.9,0
M00517,Type_20,77.14,0.99,226.3,14.66,2.986,772.2,0
M00518,Type_14,70.66,3.55,217.3,17.61,3.444,955.0,0
M00519,Type_07,74.02,0.97,224.7,16.86,3.41,784.3,0
M00520,Type_03,65.4,2.22,220.1,12.02,2.381,375.8,0
M00521,Type_23,73.02,1.98,220.1,17.43,3.453,381.0,0
M00522,Type_01,79.88,1.51,221.9,16.45,3.285,759.7,0
M00523,Type_21,74.38,3.07,214.7,18.4,3.555,421.5,0
M00524,Type_08,47.98,1.35,214.2,13.67,2.635,81.3,0
M00525,Type_25,72.52,2.42,219.5,11.83,2.337,590.3,0
M00526,Type_10,78.18,2.17,220.7,14.04,2.789,602.3,0
M00527,Type_10,43.27,0.31,216.3,14.06,2.737,921.9,0
M00528,Type_09,60.97,2.49,227.7,14.52,2.976,883.3,0
M00529,Type_25,67.98,2.39,228.9,16.39,3.377,581.9,0
M00530,Type_24,63.12,11.64,220.7,14.18,2.817,918.8,1
M00531,Type_02,56.75,1.98,218.0,18.21,3.573,146.0,0
M00532,Type_05,75.16,3.39,224.1,17.06,3.441,872.6,0
M00533,Type_11,80.56,6.99,223.6,12.15,2.445,151.8,1
M00534,Type_19,60.91,4.14,223.0,13.4,2.689,247.6,0
M00535,Type_16,69.43,3.5,216.5,4.06,0.791,113.4,1
M00536,Type_11,63.5,1.88,219.4,13.15,2.597,305.2,0
M00537,Type_20,58.98,1.19,215.7,16.13,3.131,902.6,0
M00538,Type_12,80.49,5.28,224.6,12.66,2.559,505.3,1
M00539,Type_03,76.13,1.46,226.2,15.52,3.16,229.1,0
M00540,Type_25,62.02,1.03,221.4,10.95,2.182,975.6,0
M00541,Type_11,69.57,0.32,215.2,6.29,1.218,429.5,1
M00542,Type_20,71.62,1.66,223.8,18.48,3.722,835.1,0
M00543,Type_23,78.96,1.9,220.2,10.6,2.101,236.5,0
M00544,Type_09,120.71,6.81,246.9,33.16,7.368,882.3,1
M00545,Type_10,53.18,1.3,224.1,14.18,2.86,532.0,0
M00546,Type_21,52.85,1.36,219.6,14.96,2.957,525.8,0
M00547,Type_03,90.91,1.68,213.5,8.67,1.666,681.3,1
M00548,Type_04,59.67,2.23,226.8,22.45,4.582,779.4,0
M00549,Type_03,65.16,1.01,216.3,8.33,1.622,489.8,0
M00550,Type_18,50.98,2.56,221.5,16.46,3.281,179.1,0
M00551,Type_09,65.52,0.67,218.9,12.85,2.532,79.7,0
M00552,Type_22,58.42,1.52,221.0,14.21,2.826,443.8,0
M00553,Type_12,92.4,3.25,212.9,15.08,2.889,625.5,0
M00554,Type_19,62.38,3.55,216.0,18.92,3.678,467.1,0
M00555,Type_11,73.64,1.66,214.7,18.43,3.561,958.4,0
M00556,Type_14,61.23,2.56,216.9,12.75,2.489,751.5,0
M00557,Type_18,68.03,0.57,223.1,17.74,3.562,565.6,0
M00558,Type_14,66.53,2.59,225.4,15.51,3.146,747.0,0
M00559,Type_08,104.64,1.2,218.5,15.08,2.965,916.3,1
M00560,Type_03,78.03,2.08,217.7,16.96,3.323,918.2,0
M00561,Type_19,45.87,2.11,214.1,14.91,2.873,729.1,0
M00562,Type_09,77.56,0.19,227.6,16.36,3.351,375.3,0
M00563,Type_09,66.16,2.29,221.2,14.64,2.915,912.9,0
M00564,Type_06,44.7,2.31,224.7,14.46,2.924,727.2,0
M00565,Type_17,58.67,0.68,216.7,16.12,3.144,919.6,0
M00566,Type_16,31.03,2.38,223.4,10.09,2.029,372.1,0
M00567,Type_21,58.2,3.2,216.5,18.1,3.527,550.7,0
M00568,Type_15,67.0,0.6,219.6,13.92,2.751,162.5,0
M00569,Type_03,48.26,1.63,218.2,14.21,2.791,691.7,0
M00570,Type_09,61.88,2.9,220.7,7.79,1.547,306.8,1
M00571,Type_04,66.18,2.74,219.2,17.22,3.397,382.1,0
M00572,Type_23,55.87,4.14,221.4,18.97,3.78,815.5,0
M00573,Type_07,72.97,1.73,216.2,18.71,3.641,768.3,0
M00574,Type_18,63.66,3.6,217.5,12.05,2.359,135.4,0
M00575,Type_24,65.02,3.49,221.1,16.27,3.238,327.4,0
M00576,Type_02,68.59,1.19,223.6,20.17,4.059,699.7,0
M00577,Type_14,69.7,2.65,217.0,17.35,3.388,497.2,0
M00578,Type_06,47.87,2.13,220.4,14.98,2.971,157.0,0
M00579,Type_10,66.82,2.6,220.7,19.76,3.925,786.9,0
M00580,Type_12,74.04,1.98,227.9,19.4,3.979,101.7,0
M00581,Type_07,57.1,0.88,213.0,13.4,2.569,590.7,0
M00582,Type_12,69.48,2.38,215.7,2.54,0.493,503.6,1
M00583,Type_17,57.9,3.31,231.3,9.11,1.896,227.1,1
M00584,Type_22,78.72,3.31,222.1,20.96,4.19,432.2,0
M00585,Type_10,75.52,1.8,222.3,19.55,3.911,366.4,0
M00586,Type_12,64.28,2.05,219.9,15.44,3.056,760.4,0
M00587,Type_06,46.26,3.22,221.7,12.27,2.448,451.6,0
M00588,Type_10,67.07,1.95,221.1,13.36,2.659,137.3,0
M00589,Type_06,73.71,2.87,221.7,17.28,3.448,540.4,0
M00590,Type_25,81.18,1.99,219.9,11.24,2.225,839.7,0
M00591,Type_16,69.18,2.13,222.0,17.13,3.423,311.8,0
M00592,Type_10,58.81,0.99,212.0,17.14,3.27,653.4,0
M00593,Type_05,56.86,0.23,215.1,9.06,1.754,67.6,1
M00594,Type_10,68.18,2.07,223.2,18.94,3.805,674.1,0
M00595,Type_25,88.59,2.39,219.8,11.52,2.279,612.7,0
M00596,Type_17,63.18,0.97,225.1,10.63,2.154,723.4,0
M00597,Type_23,82.4,3.82,224.9,12.46,2.522,665.8,0
M00598,Type_22,47.05,2.14,217.9,16.19,3.175,669.4,0
M00599,Type_10,75.03,1.57,221.9,11.53,2.303,249.5,0
M00600,Type_21,68.58,2.46,219.8,11.78,2.33,226.3,0
M00601,Type_18,82.4,2.84,216.4,16.98,3.307,481.2,0
M00602,Type_08,70.55,2.81,227.1,15.5,3.168,384.1,0
M00603,Type_03,76.68,1.74,201.6,15.99,2.901,931.5,1
M00604,Type_13,77.11,4.62,243.1,12.7,2.779,944.4,1
M00605,Type_19,63.75,2.22,217.7,15.88,3.111,129.4,0
M00606,Type_17,75.06,4.17,222.3,52.56,10.516,875.8,1
M00607,Type_01,73.73,2.13,214.9,13.16,2.545,763.2,0
M00608,Type_04,63.88,2.67,216.3,18.3,3.562,727.7,0
M00609,Type_23,76.88,4.05,227.0,11.87,2.425,166.2,0
M00610,Type_05,71.61,2.73,227.7,7.08,1.451,463.1,1
M00611,Type_23,68.32,1.96,212.7,16.15,3.092,585.7,0
M00612,Type_02,53.32,2.59,217.4,18.39,3.598,72.8,0
M00613,Type_24,87.68,1.91,216.5,14.15,2.757,516.2,1
M00614,Type_01,67.8,1.5,215.8,11.67,2.267,720.1,0
M00615,Type_24,42.95,1.7,216.7,23.04,4.493,368.2,0
M00616,Type_17,63.4,1.6,223.5,11.28,2.269,923.3,0
M00617,Type_10,63.79,1.86,222.0,14.48,2.893,759.8,0
M00618,Type_22,68.2,1.53,215.4,13.73,2.662,335.4,0
M00619,Type_12,76.69,2.88,230.4,13.36,2.77,904.1,0
M00620,Type_18,61.43,3.37,218.9,19.86,3.913,347.6,0
M00621,Type_04,88.23,4.41,225.8,8.18,1.662,575.2,1
M00622,Type_16,59.55,1.74,223.9,16.35,3.295,897.1,0
M00623,Type_10,67.66,1.28,213.9,12.11,2.331,802.7,0
M00624,Type_04,69.85,2.59,217.0,17.82,3.48,126.8,0
M00625,Type_21,69.38,2.33,217.4,6.38,1.248,379.2,1
M00626,Type_19,78.96,1.19,218.1,15.25,2.993,719.8,0
M00627,Type_04,63.28,1.9,220.1,10.94,2.167,974.8,0
M00628,Type_13,54.77,2.29,217.0,17.84,3.484,967.8,0
M00629,Type_25,46.98,1.85,216.2,10.46,2.035,149.9,0
M00630,Type_05,72.46,3.45,226.2,16.8,3.42,200.2,0
M00631,Type_22,78.26,1.33,215.1,16.64,3.221,340.1,0
M00632,Type_08,46.88,0.1,223.5,14.58,2.933,900.8,0
M00633,Type_25,57.31,0.97,223.4,19.11,3.842,478.4,0
M00634,Type_22,78.41,1.94,224.1,17.95,3.62,657.6,0
M00635,Type_10,71.04,0.13,220.5,19.16,3.802,750.2,0
M00636,Type_11,75.93,1.98,228.2,18.51,3.802,439.0,0
M00637,Type_14,58.66,2.4,224.7,16.98,3.434,145.0,0
M00638,Type_02,51.24,0.1,206.6,14.3,2.659,830.7,0
M00639,Type_19,85.27,0.81,215.4,18.38,3.563,657.6,0
M00640,Type_05,80.2,2.04,215.5,15.57,3.02,176.9,0
M00641,Type_25,62.7,4.67,214.0,16.68,3.213,968.4,0
M00642,Type_10,72.43,2.54,214.3,10.14,1.956,547.3,0
M00643,Type_07,49.79,1.47,220.3,14.57,2.889,444.6,0
M00644,Type_07,63.44,0.75,217.4,11.52,2.254,729.5,0
M00645,Type_20,59.92,2.21,225.6,16.92,3.435,223.7,0
M00646,Type_16,71.27,3.43,212.4,11.91,2.277,992.0,0
M00647,Type_03,58.97,1.97,216.6,19.27,3.756,850.1,0
M00648,Type_23,56.33,2.58,213.4,12.21,2.345,417.7,0
M00649,Type_15,76.89,1.81,218.1,15.66,3.074,400.9,0
M00650,Type_21,54.6,3.64,218.3,14.33,2.815,665.3,0
M00651,Type_18,63.87,1.0,222.1,17.08,3.414,865.6,0
M00652,Type_06,53.89,2.21,214.8,18.31,3.54,856.3,0
M00653,Type_18,54.96,0.1,218.6,18.7,3.679,286.2,0
M00654,Type_19,74.37,2.46,223.8,15.28,3.078,755.4,0
M00655,Type_09,67.85,1.76,225.6,15.1,3.066,586.3,0
M00656,Type_21,66.48,2.31,224.6,12.64,2.555,135.1,0
M00657,Type_08,66.61,2.92,214.4,14.3,2.759,628.4,0
M00658,Type_16,59.81,0.1,222.7,13.12,2.63,701.6,0
M00659,Type_09,67.72,1.42,215.8,13.0,2.525,671.1,0
M00660,Type_11,72.93,3.29,231.2,16.84,3.504,681.6,0
M00661,Type_20,63.72,2.72,215.5,10.43,2.023,898.2,0
M00662,Type_11,55.8,1.12,226.8,16.19,3.305,319.6,0
M00663,Type_05,123.29,11.31,252.3,42.35,9.616,959.5,1
M00664,Type_16,66.91,1.52,223.6,18.67,3.757,209.5,0
M00665,Type_22,63.07,1.61,224.3,17.23,3.478,975.1,0
M00666,Type_11,81.79,1.62,220.2,14.1,2.794,527.8,0
M00667,Type_24,66.01,2.06,220.7,14.74,2.928,855.6,0
M00668,Type_11,57.86,0.93,218.6,17.25,3.394,510.7,0
M00669,Type_05,61.42,1.85,215.6,17.34,3.365,96.2,0
M00670,Type_23,64.82,0.1,213.4,11.02,2.117,519.7,0
M00671,Type_22,75.47,0.1,223.4,15.11,3.038,793.5,0
M00672,Type_23,81.7,1.48,212.8,22.19,4.25,443.6,0
M00673,Type_01,57.29,2.4,217.4,9.95,1.947,326.7,0
M00674,Type_07,68.04,0.79,239.7,9.15,1.974,313.8,1
M00675,Type_11,52.95,2.65,223.2,10.23,2.055,984.3,0
M00676,Type_02,51.35,2.49,210.9,18.07,3.43,816.0,0
M00677,Type_05,49.91,2.07,213.8,12.17,2.342,814.0,0
M00678,Type_15,75.91,3.22,211.4,14.88,2.831,130.8,0
M00679,Type_24,64.81,3.14,215.9,9.54,1.854,382.0,0
M00680,Type_17,72.57,7.93,222.0,18.13,3.622,916.6,1
M00681,Type_07,55.63,2.91,217.3,13.51,2.642,932.6,0
M00682,Type_12,72.85,3.41,212.2,14.64,2.796,541.3,0
M00683,Type_09,73.07,2.94,215.8,14.38,2.793,260.1,0
M00684,Type_15,60.15,1.47,222.1,18.49,3.696,937.5,0
M00685,Type_15,63.51,1.46,222.3,21.21,4.243,426.4,0
M00686,Type_25,65.04,0.83,226.1,10.32,2.1,843.2,0
M00687,Type_10,52.32,0.6,228.7,19.33,3.979,220.4,0
M00688,Type_23,61.8,1.81,224.1,13.82,2.787,673.4,0
M00689,Type_08,73.99,3.08,222.4,10.99,2.2,659.9,0
M00690,Type_01,59.17,0.4,222.5,14.91,2.986,587.1,0
M00691,Type_23,62.69,0.58,216.7,19.28,3.76,320.8,0
M00692,Type_11,68.18,1.79,216.5,8.39,1.635,733.0,1
M00693,Type_13,63.18,1.04,217.9,17.56,3.444,467.6,0
M00694,Type_23,63.61,1.18,229.9,9.12,1.887,593.7,0
M00695,Type_06,44.69,2.25,213.6,14.4,2.768,334.1,0
M00696,Type_04,58.0,1.49,223.3,13.22,2.657,432.4,0
M00697,Type_01,61.18,3.07,213.5,16.43,3.157,461.5,0
M00698,Type_18,68.92,2.51,218.3,18.77,3.688,592.2,0
M00699,Type_13,90.02,2.34,221.5,13.66,2.723,877.2,0
M00700,Type_15,58.07,1.63,226.0,16.68,3.393,557.9,0
M00701,Type_11,62.34,0.3,228.3,11.91,2.447,959.7,0
M00702,Type_09,58.78,1.42,223.1,14.63,2.938,612.8,0
M00703,Type_25,62.28,3.81,213.9,18.5,3.561,54.1,0
M00704,Type_23,59.1,1.65,214.4,15.01,2.896,109.6,0
M00705,Type_12,76.1,1.96,217.7,14.56,2.853,288.3,0
M00706,Type_02,85.19,1.94,224.1,15.85,3.197,379.1,1
M00707,Type_01,71.98,0.35,222.4,13.41,2.684,310.2,0
M00708,Type_01,117.47,7.04,239.5,53.32,11.493,419.4,1
M00709,Type_23,65.06,1.94,217.3,14.51,2.838,168.9,0
M00710,Type_01,55.05,3.1,223.5,18.38,3.697,715.9,0
M00711,Type_19,76.0,2.57,219.9,13.65,2.701,170.5,0
M00712,Type_03,69.6,1.34,229.8,18.21,3.766,530.6,0
M00713,Type_03,56.2,0.5,216.5,17.4,3.39,219.5,0
M00714,Type_06,59.42,1.53,215.3,17.93,3.474,894.3,0
M00715,Type_24,56.98,1.59,218.2,18.71,3.674,303.7,0
M00716,Type_08,56.91,11.0,223.9,18.79,3.786,162.9,1
M00717,Type_03,67.64,0.1,209.5,16.85,3.177,479.7,1
M00718,Type_14,71.58,3.0,219.5,15.55,3.072,811.0,0
M00719,Type_20,84.4,3.31,227.3,9.28,1.898,122.7,0
M00720,Type_17,54.56,0.21,220.7,13.97,2.775,223.2,0
M00721,Type_25,63.3,0.97,223.7,12.98,2.613,503.6,0
M00722,Type_02,68.1,2.14,226.7,17.59,3.589,378.7,0
M00723,Type_06,56.17,3.14,218.8,13.09,2.578,690.9,0
M00724,Type_21,52.33,2.33,219.8,7.39,1.462,530.6,1
M00725,Type_11,68.48,2.46,220.0,14.94,2.958,326.6,0
M00726,Type_25,62.43,1.74,215.5,15.88,3.08,706.9,0
M00727,Type_25,62.14,1.72,218.3,15.87,3.118,747.2,0
M00728,Type_02,55.81,0.17,213.9,15.9,3.061,504.2,0
M00729,Type_20,81.5,3.02,217.2,14.26,2.788,218.9,0
M00730,Type_08,64.73,2.11,223.2,15.97,3.208,901.7,0
M00731,Type_09,57.94,1.26,217.6,23.27,4.557,399.5,0
M00732,Type_12,68.76,1.44,218.1,18.21,3.574,733.4,0
M00733,Type_06,73.96,1.18,220.6,13.0,2.581,751.2,0
M00734,Type_22,62.36,2.9,215.7,15.97,3.1,71.0,0
M00735,Type_11,52.86,0.15,219.5,11.13,2.199,120.9,0
M00736,Type_17,93.12,1.58,229.4,20.31,4.193,679.3,1
M00737,Type_17,56.16,1.42,222.4,17.41,3.485,588.5,0
M00738,Type_20,64.25,1.4,218.7,17.6,3.464,203.6,0
M00739,Type_11,63.42,3.18,243.5,14.53,3.184,679.7,1
M00740,Type_05,79.14,1.45,226.8,10.16,2.074,897.8,0
M00741,Type_04,62.69,2.21,226.7,13.94,2.844,648.4,0
M00742,Type_07,71.68,0.14,219.7,36.27,7.172,690.5,1
M00743,Type_10,59.22,2.1,218.5,18.27,3.593,982.7,0
M00744,Type_18,66.7,1.19,219.1,14.37,2.834,888.4,0
M00745,Type_14,71.72,1.68,212.4,18.78,3.59,523.9,0
M00746,Type_08,64.36,0.95,217.2,10.16,1.986,149.6,0
M00747,Type_24,49.37,3.09,218.2,14.28,2.804,387.7,0
M00748,Type_18,56.24,1.14,220.2,14.61,2.895,848.0,0
M00749,Type_01,63.71,0.45,222.3,15.96,3.193,977.4,0
M00750,Type_25,49.06,2.77,207.0,14.63,2.726,410.0,1
M00751,Type_22,61.83,3.57,248.5,15.3,3.422,606.3,1
M00752,Type_24,77.3,0.1,217.4,13.32,2.606,180.0,0
M00753,Type_15,64.31,4.4,219.3,15.18,2.996,279.5,0
M00754,Type_01,73.99,1.29,222.2,17.3,3.46,566.3,0
M00755,Type_22,56.26,0.12,227.0,11.45,2.339,227.2,0
M00756,Type_03,58.63,1.78,219.8,16.1,3.185,456.8,0
M00757,Type_06,62.35,3.24,221.2,19.77,3.936,477.4,0
M00758,Type_03,44.44,2.74,223.7,16.37,3.296,898.4,0
M00759,Type_22,78.32,3.06,207.7,15.89,2.97,63.2,0
M00760,Type_07,62.29,3.04,212.0,10.9,2.08,601.8,0
M00761,Type_02,59.98,3.04,214.6,14.76,2.851,398.8,0
M00762,Type_24,55.95,1.4,218.1,18.59,3.649,156.5,0
M00763,Type_24,70.7,1.54,214.8,12.65,2.445,462.8,0
M00764,Type_20,86.83,2.46,228.0,15.87,3.257,946.2,0
M00765,Type_24,75.67,4.08,221.3,19.48,3.88,816.6,0
M00766,Type_11,65.82,2.55,222.4,16.98,3.399,949.1,0
M00767,Type_02,68.92,4.15,216.5,13.94,2.716,522.9,0
M00768,Type_16,66.12,3.44,225.4,12.4,2.515,333.3,0
M00769,Type_16,64.76,2.23,215.4,13.55,2.627,449.0,0
M00770,Type_13,42.06,0.1,222.8,16.17,3.242,627.0,0
M00771,Type_10,79.39,1.38,222.6,15.0,3.005,445.1,0
M00772,Type_04,53.76,3.88,211.7,20.06,3.822,369.6,0
M00773,Type_21,67.2,1.66,226.1,17.2,3.5,938.7,0
M00774,Type_07,80.55,0.35,216.7,11.37,2.217,90.0,0
M00775,Type_17,72.13,1.25,226.1,6.3,1.282,378.8,1
M00776,Type_23,70.34,0.1,211.6,54.42,10.364,139.0,1
M00777,Type_05,127.46,2.46,221.3,18.99,3.782,372.0,1
M00778,Type_11,80.26,1.42,219.0,15.96,3.146,998.9,0
M00779,Type_09,75.01,3.88,219.4,14.22,2.808,799.3,0
M00780,Type_18,72.81,1.82,223.3,19.4,3.899,760.7,0
M00781,Type_16,71.41,1.49,224.1,15.95,3.217,449.0,0
M00782,Type_17,94.7,8.95,246.4,45.42,10.072,447.5,1
M00783,Type_10,63.46,1.85,214.6,16.3,3.148,303.9,0
M00784,Type_18,66.88,0.73,218.0,19.05,3.738,943.4,0
M00785,Type_04,50.11,1.77,221.9,14.38,2.872,489.7,0
M00786,Type_09,61.14,2.02,215.7,15.38,2.986,369.8,0
M00787,Type_03,65.02,0.22,226.2,51.1,10.403,186.4,1
M00788,Type_14,72.11,1.76,228.8,13.96,2.875,824.5,0
M00789,Type_20,52.41,2.12,226.1,17.48,3.557,197.4,0
M00790,Type_24,44.76,1.18,211.5,11.0,2.094,260.1,0
M00791,Type_04,66.79,2.05,217.7,15.18,2.974,891.6,0
M00792,Type_07,71.95,2.63,217.9,12.09,2.371,196.5,0
M00793,Type_20,68.33,1.47,245.3,18.1,3.996,94.0,1
M00794,Type_07,37.18,3.18,223.4,13.56,2.726,631.3,0
M00795,Type_24,70.44,11.4,224.0,12.11,2.441,625.2,1
M00796,Type_14,68.72,0.35,200.6,18.54,3.347,308.7,1
M00797,Type_18,74.35,1.24,214.9,20.07,3.882,207.2,0
M00798,Type_01,56.47,1.46,222.8,13.76,2.759,809.3,0
M00799,Type_07,65.26,2.59,210.4,21.6,4.09,60.7,0
M00800,Type_02,68.79,0.71,217.3,13.41,2.623,938.4,0
M00801,Type_07,65.65,0.4,226.2,14.65,2.982,619.2,0
M00802,Type_12,70.02,2.7,223.9,13.53,2.726,536.7,0
M00803,Type_10,58.73,2.13,210.6,13.76,2.608,823.4,0
M00804,Type_02,81.8,3.06,218.0,11.79,2.313,148.9,1
M00805,Type_08,65.18,3.34,220.9,15.48,3.078,393.1,0
M00806,Type_22,59.69,2.69,223.1,19.82,3.98,545.6,0
M00807,Type_22,109.69,8.53,251.0,41.4,9.352,976.9,1
M00808,Type_18,76.02,0.23,222.8,21.37,4.285,156.5,0
M00809,Type_09,59.1,2.9,219.7,9.5,1.878,107.1,0
M00810,Type_02,58.21,1.46,242.2,13.0,2.834,720.3,1
M00811,Type_09,72.44,1.4,224.2,11.84,2.389,826.4,0
M00812,Type_13,62.51,1.68,221.2,18.75,3.733,981.8,0
M00813,Type_16,66.23,2.13,214.4,16.08,3.103,201.1,0
M00814,Type_06,73.7,2.08,214.3,8.34,1.609,362.7,0
M00815,Type_14,62.94,0.95,228.5,7.63,1.569,644.3,0
M00816,Type_13,65.25,3.4,243.0,10.18,2.226,800.0,1
M00817,Type_10,52.31,1.42,224.2,12.59,2.54,155.6,0
M00818,Type_11,60.56,3.4,221.9,14.83,2.962,342.4,0
M00819,Type_08,76.0,1.06,227.7,11.48,2.353,975.0,0
M00820,Type_23,74.56,1.51,224.1,12.31,2.483,790.4,0
M00821,Type_16,49.37,0.65,216.2,17.15,3.337,261.0,0
M00822,Type_17,63.38,2.23,219.8,18.19,3.598,243.2,0
M00823,Type_24,60.08,2.74,216.0,15.2,2.955,664.3,0
M00824,Type_03,66.7,1.05,224.3,51.72,10.441,369.8,1
M00825,Type_19,76.56,1.63,214.8,16.68,3.225,562.8,0
M00826,Type_13,83.51,1.34,221.1,18.07,3.596,911.9,0
M00827,Type_21,67.21,3.53,224.0,8.84,1.782,627.8,1
M00828,Type_15,71.81,1.46,209.0,12.65,2.379,833.0,1
M00829,Type_16,75.02,1.4,215.4,10.7,2.074,944.0,0
M00830,Type_19,51.14,0.1,219.8,14.83,2.934,723.6,0
M00831,Type_05,55.2,2.65,220.6,18.88,3.748,132.9,0
M00832,Type_19,63.03,0.74,223.6,13.81,2.779,482.2,0
M00833,Type_22,49.31,2.5,220.8,14.79,2.939,189.2,0
M00834,Type_22,56.66,1.67,221.2,16.1,3.205,920.3,0
M00835,Type_15,59.97,1.72,217.3,15.48,3.027,732.1,0
M00836,Type_22,60.86,0.83,215.5,16.28,3.158,282.5,0
M00837,Type_18,49.82,2.45,229.2,14.26,2.942,470.8,0
M00838,Type_02,41.22,2.87,215.6,14.59,2.831,675.6,0
M00839,Type_05,51.16,2.63,228.5,16.43,3.379,128.0,0
M00840,Type_17,59.72,0.65,216.6,12.56,2.448,386.4,0
M00841,Type_23,60.86,1.86,220.6,13.75,2.73,109.9,0
M00842,Type_08,78.97,2.14,214.5,15.25,2.944,692.9,0
M00843,Type_25,65.89,2.03,220.4,12.67,2.513,725.3,0
M00844,Type_06,94.7,1.51,218.8,12.28,2.418,884.0,1
M00845,Type_15,63.41,0.9,212.4,14.26,2.726,738.6,0
M00846,Type_22,69.34,0.65,221.4,15.18,3.025,476.5,0
M00847,Type_09,55.27,2.94,217.6,13.71,2.685,722.9,0
M00848,Type_12,58.64,0.1,229.5,18.09,3.736,340.1,0
M00849,Type_12,72.93,2.89,209.8,15.72,2.968,898.8,0
M00850,Type_20,72.91,1.55,214.2,16.5,3.181,878.9,0
M00851,Type_24,77.18,1.83,222.9,13.16,2.64,755.2,0
M00852,Type_11,59.93,2.1,215.2,18.94,3.668,240.2,0
M00853,Type_13,36.51,2.22,217.8,13.4,2.627,953.0,0
M00854,Type_22,61.01,3.39,247.6,22.81,5.083,378.6,1
M00855,Type_10,65.07,2.72,217.8,12.38,2.427,793.1,0
M00856,Type_13,62.68,1.68,228.2,13.26,2.723,585.9,0
M00857,Type_04,74.62,2.83,212.6,13.93,2.665,514.9,0
M00858,Type_16,65.06,2.17,218.8,14.37,2.83,672.2,0
M00859,Type_13,54.59,1.77,219.8,12.79,2.53,631.0,0
M00860,Type_13,54.12,1.45,219.9,18.31,3.624,138.7,0
M00861,Type_09,51.84,1.9,225.0,15.08,3.054,181.4,0
M00862,Type_20,59.1,2.73,221.4,15.0,2.989,877.9,0
M00863,Type_24,53.67,2.46,223.4,10.8,2.171,699.7,0
M00864,Type_16,77.46,1.6,223.5,13.21,2.657,666.0,0
M00865,Type_21,76.45,2.57,228.5,14.15,2.91,567.4,0
M00866,Type_18,73.72,1.75,212.6,16.1,3.081,658.8,0
M00867,Type_13,59.86,1.27,219.6,14.85,2.935,833.7,0
M00868,Type_04,75.94,1.33,231.2,12.7,2.643,320.2,0
M00869,Type_21,69.69,2.33,215.3,11.35,2.199,994.7,0
M00870,Type_16,112.93,3.57,222.2,12.26,2.452,68.9,1
M00871,Type_03,77.33,2.28,217.6,14.37,2.814,363.7,0
M00872,Type_10,75.06,0.83,230.7,15.18,3.152,486.2,0
M00873,Type_10,84.15,2.45,222.5,16.24,3.252,589.5,0
M00874,Type_22,72.02,0.71,214.8,14.85,2.871,713.2,0
M00875,Type_17,43.65,0.1,229.0,12.08,2.49,382.0,0
M00876,Type_15,78.41,2.97,200.0,15.57,2.803,214.3,1
M00877,Type_16,65.51,3.22,222.9,18.82,3.775,251.1,0
M00878,Type_03,74.89,1.7,224.1,7.05,1.422,87.4,0
M00879,Type_06,57.34,3.55,223.8,15.27,3.076,171.3,0
M00880,Type_02,81.64,2.41,217.2,11.46,2.24,225.6,1
M00881,Type_10,75.33,1.34,220.1,14.5,2.872,190.4,0
M00882,Type_13,64.47,3.52,221.0,10.78,2.144,505.1,0
M00883,Type_02,70.95,1.77,226.1,14.4,2.93,76.8,0
M00884,Type_07,55.82,2.54,222.3,15.93,3.187,431.7,0
M00885,Type_07,67.64,1.09,220.8,19.08,3.792,749.7,0
M00886,Type_07,49.37,2.41,226.5,19.04,3.881,148.2,0
M00887,Type_12,52.88,2.74,222.8,17.56,3.521,584.8,0
M00888,Type_08,71.0,1.36,218.8,16.71,3.291,62.9,0
M00889,Type_22,74.77,6.37,217.2,15.65,3.059,151.5,1
M00890,Type_20,65.89,1.33,243.0,17.2,3.762,444.0,1
M00891,Type_05,65.27,1.28,224.4,14.75,2.979,495.8,0
M00892,Type_06,79.4,2.47,220.7,11.27,2.239,136.3,0
M00893,Type_19,68.81,0.73,227.9,15.19,3.116,412.2,0
M00894,Type_21,52.47,2.52,220.1,13.31,2.637,212.6,0
M00895,Type_05,78.08,2.13,222.0,13.81,2.759,292.8,0
M00896,Type_20,65.94,3.08,216.6,17.62,3.435,631.3,0
M00897,Type_09,79.93,1.41,216.6,15.9,3.1,793.0,0
M00898,Type_15,58.52,2.37,210.5,16.2,3.069,191.7,0
M00899,Type_18,57.6,2.96,223.6,14.39,2.896,637.0,0
M00900,Type_18,66.83,2.44,219.6,15.25,3.014,521.7,0
M00901,Type_23,71.1,3.78,228.4,11.01,2.263,956.5,0
M00902,Type_16,73.77,2.79,223.2,14.85,2.983,508.5,0
M00903,Type_11,48.16,0.59,215.4,8.66,1.679,789.3,0
M00904,Type_19,67.03,2.14,216.4,5.49,1.069,600.1,1
M00905,Type_15,67.91,0.12,222.4,18.6,3.723,643.5,0
M00906,Type_05,56.71,4.63,231.5,9.6,2.0,639.0,0
M00907,Type_11,59.93,2.07,225.5,14.66,2.975,937.0,0
M00908,Type_20,53.68,3.48,223.3,16.36,3.288,906.0,0
M00909,Type_20,63.41,2.63,221.1,14.58,2.901,181.8,0
M00910,Type_18,64.3,3.22,215.6,15.28,2.965,392.3,0
M00911,Type_06,65.76,3.39,211.5,12.44,2.368,369.3,0
M00912,Type_17,50.94,2.43,216.2,15.49,3.014,951.5,0
M00913,Type_06,59.02,1.09,218.2,14.68,2.883,774.5,0
M00914,Type_08,40.11,1.53,211.4,16.84,3.204,843.2,0
M00915,Type_16,85.18,2.06,216.1,15.49,3.013,267.5,0
M00916,Type_20,57.12,2.32,207.4,13.46,2.512,977.7,1
M00917,Type_22,53.33,3.05,216.8,14.45,2.819,755.3,0
M00918,Type_17,46.51,2.28,222.8,19.09,3.828,717.3,0
M00919,Type_08,74.66,0.6,220.5,11.22,2.227,597.4,0
M00920,Type_05,61.75,2.08,219.4,14.43,2.849,234.3,0
M00921,Type_19,41.06,3.54,218.4,12.73,2.502,206.1,0
M00922,Type_19,72.05,1.46,201.3,19.69,3.567,882.9,1
M00923,Type_09,65.57,1.85,221.6,17.69,3.528,157.2,0
M00924,Type_20,51.44,0.92,221.4,19.36,3.858,630.9,0
M00925,Type_07,65.52,1.23,212.8,8.9,1.705,917.6,1
M00926,Type_04,66.64,1.62,215.8,20.08,3.9,270.8,0
M00927,Type_09,70.45,2.13,221.4,16.82,3.352,762.0,0
M00928,Type_04,58.8,1.22,221.3,15.99,3.185,139.6,0
M00929,Type_15,59.71,1.06,210.9,13.45,2.553,646.8,0
M00930,Type_23,48.32,2.95,235.5,12.74,2.7,433.5,0
M00931,Type_21,60.18,1.77,215.7,15.67,3.042,320.9,0
M00932,Type_04,49.77,3.27,219.6,10.21,2.018,345.0,0
M00933,Type_05,73.74,2.35,218.9,14.32,2.821,879.8,0
M00934,Type_14,72.61,2.98,215.3,11.75,2.277,814.8,0
M00935,Type_09,43.79,2.21,224.2,14.0,2.825,425.6,0
M00936,Type_05,72.41,2.95,220.4,17.81,3.533,90.2,0
M00937,Type_07,88.57,2.76,223.1,14.03,2.817,919.0,0
M00938,Type_09,55.2,3.82,229.8,16.39,3.39,405.4,0
M00939,Type_18,82.6,2.43,216.7,15.07,2.939,554.9,0
M00940,Type_09,65.83,2.0,227.2,20.95,4.284,542.6,0
M00941,Type_05,67.84,0.48,218.6,15.79,3.107,897.0,0
M00942,Type_03,51.83,0.78,218.7,13.19,2.596,724.8,0
M00943,Type_07,51.73,2.89,217.7,19.14,3.75,424.3,0
M00944,Type_24,51.28,2.35,210.0,13.99,2.644,578.7,0
M00945,Type_19,75.19,0.1,212.2,14.96,2.857,801.0,0
M00946,Type_04,88.01,2.48,209.9,14.29,2.7,203.5,1
M00947,Type_01,61.46,2.07,225.4,14.0,2.84,257.9,0
M00948,Type_19,69.16,1.83,226.8,13.81,2.819,895.5,0
M00949,Type_04,64.41,0.47,221.2,17.1,3.404,374.7,0
M00950,Type_25,85.01,1.48,220.9,15.82,3.145,101.8,0
M00951,Type_10,71.35,2.39,222.8,16.24,3.256,114.3,0
M00952,Type_06,62.53,1.86,226.2,12.72,2.59,762.6,0
M00953,Type_08,60.19,3.78,225.3,17.67,3.583,412.3,0
M00954,Type_01,78.65,3.02,219.9,14.67,2.903,566.2,0
M00955,Type_18,59.6,0.99,212.9,13.58,2.602,282.3,0
M00956,Type_16,68.6,2.39,216.5,14.78,2.88,867.6,0
M00957,Type_17,68.08,0.1,224.2,10.82,2.183,383.1,0
M00958,Type_17,60.92,1.14,216.5,12.29,2.395,495.1,0
M00959,Type_07,52.21,0.26,221.0,12.32,2.45,785.5,0
M00960,Type_25,45.07,2.49,222.3,15.78,3.157,987.6,0
M00961,Type_23,72.74,2.52,225.0,16.68,3.378,733.6,0
M00962,Type_24,59.49,2.01,216.5,15.86,3.09,288.6,0
M00963,Type_18,69.7,2.08,214.5,11.66,2.251,216.6,0
M00964,Type_04,74.78,1.73,212.4,17.44,3.334,465.2,0
M00965,Type_20,58.98,3.26,213.0,16.31,3.127,449.0,0
M00966,Type_01,74.73,0.56,221.8,15.65,3.124,199.2,0
M00967,Type_20,61.68,2.11,222.4,16.75,3.353,365.6,0
M00968,Type_01,72.71,2.46,221.0,17.77,3.534,953.8,0
M00969,Type_16,73.23,1.21,221.8,16.64,3.322,909.8,0
M00970,Type_23,78.56,3.23,222.1,18.67,3.732,446.9,0
M00971,Type_16,63.06,2.09,219.6,12.16,2.403,494.2,0
M00972,Type_12,74.6,3.24,219.0,10.43,2.056,774.7,0
M00973,Type_20,84.17,0.28,222.3,19.94,3.989,981.3,0
M00974,Type_19,59.11,2.66,222.0,17.24,3.445,990.7,0
M00975,Type_04,77.57,3.44,223.8,15.63,3.148,66.1,0
M00976,Type_01,78.21,2.56,214.6,13.82,2.669,436.8,0
M00977,Type_22,69.72,2.68,221.6,14.02,2.796,444.9,0
M00978,Type_21,62.86,1.5,217.7,11.73,2.298,878.4,0
M00979,Type_04,71.9,1.42,218.6,10.29,2.024,575.8,0
M00980,Type_22,46.69,1.92,223.6,16.08,3.236,834.4,0
M00981,Type_13,72.01,1.22,219.7,14.29,2.826,536.5,0
M00982,Type_06,73.39,1.57,217.0,17.58,3.433,710.7,0
M00983,Type_05,61.43,0.3,224.2,18.08,3.648,440.7,0
M00984,Type_05,50.83,3.06,225.7,16.57,3.366,90.2,0
M00985,Type_05,77.69,2.99,225.6,13.56,2.753,849.3,0
M00986,Type_14,62.55,2.45,220.9,9.2,1.829,741.7,0
M00987,Type_08,79.61,2.03,215.5,14.21,2.756,91.8,0
M00988,Type_16,92.42,1.91,218.5,11.77,2.315,406.8,0
M00989,Type_20,80.61,1.98,219.2,15.06,2.971,65.9,0
M00990,Type_13,56.67,2.37,217.4,9.83,1.923,741.8,0
M00991,Type_06,59.27,3.67,220.1,13.44,2.662,636.5,0
M00992,Type_16,76.02,2.18,211.7,15.35,2.925,815.4,0
M00993,Type_11,60.64,2.48,220.0,11.0,2.178,527.9,0
M00994,Type_13,59.02,2.16,210.3,21.89,4.143,422.6,0
M00995,Type_18,68.93,0.45,228.9,14.24,2.934,146.0,0
M00996,Type_03,53.88,0.42,213.0,14.59,2.797,51.6,0
M00997,Type_19,69.32,3.78,223.8,14.81,2.983,720.7,0
M00998,Type_17,69.74,7.82,220.7,13.15,2.612,339.5,1
M00999,Type_15,73.24,1.69,216.2,10.2,1.985,885.0,0
M01000,Type_14,55.57,2.07,211.6,11.79,2.245,873.2,0
M01001,Type_06,59.13,1.17,221.7,17.71,3.534,196.8,0
M01002,Type_09,122.6,6.87,244.5,35.53,7.818,913.4,1
M01003,Type_15,77.72,1.1,230.5,16.27,3.375,482.6,0
M01004,Type_18,52.16,2.45,220.9,8.31,1.652,570.8,1
M01005,Type_04,42.03,3.98,220.0,10.31,2.041,673.5,0
M01006,Type_19,67.28,3.5,219.7,18.26,3.611,918.4,0
M01007,Type_25,63.46,2.08,224.7,14.5,2.932,817.8,0
M01008,Type_09,68.29,0.1,213.9,9.74,1.875,74.6,0
M01009,Type_04,85.89,1.19,211.9,18.77,3.58,204.3,1
M01010,Type_13,53.94,2.11,231.4,14.63,3.047,715.9,0
M01011,Type_17,57.25,2.27,215.2,12.29,2.38,268.7,0
M01012,Type_13,55.04,3.05,222.6,12.17,2.438,257.5,0
M01013,Type_19,62.74,3.5,223.2,15.93,3.2,951.5,0
M01014,Type_06,66.63,1.15,218.2,16.54,3.248,691.0,0
M01015,Type_08,56.44,2.77,229.6,20.91,4.321,182.2,0
M01016,Type_03,71.16,1.71,219.3,17.86,3.525,529.8,0
M01017,Type_23,71.67,2.75,224.4,16.31,3.294,164.8,0
M01018,Type_15,63.15,2.73,215.3,17.0,3.294,74.9,0
M01019,Type_03,42.75,1.97,219.3,17.06,3.367,472.0,0
M01020,Type_15,58.44,2.03,211.7,17.24,3.285,107.8,0
M01021,Type_11,65.8,2.76,223.4,15.89,3.195,579.8,0
M01022,Type_07,70.06,2.84,217.9,13.94,2.734,55.2,0
M01023,Type_05,58.44,1.39,220.1,9.97,1.975,592.0,0
M01024,Type_21,49.11,2.05,220.2,14.69,2.911,948.0,0
M01025,Type_01,65.31,2.46,221.9,20.19,4.032,390.2,0
M01026,Type_18,80.15,1.68,218.8,15.55,3.062,913.0,0
M01027,Type_04,63.31,2.0,221.6,11.96,2.385,442.3,0
M01028,Type_08,54.04,2.06,216.5,14.47,2.819,259.1,0
M01029,Type_17,74.08,0.98,223.4,10.24,2.059,493.0,0
M01030,Type_24,90.2,1.18,212.3,19.21,3.67,413.6,1
M01031,Type_07,53.09,1.11,222.0,13.26,2.649,751.4,0
M01032,Type_23,55.04,2.17,230.9,14.19,2.949,418.7,0
M01033,Type_09,49.98,1.23,214.7,12.41,2.398,989.6,0
M01034,Type_19,67.96,2.16,226.2,16.21,3.3,225.2,0
M01035,Type_13,64.04,2.3,220.1,47.35,9.38,249.6,1
M01036,Type_01,68.05,1.06,221.8,18.9,3.773,956.3,0
M01037,Type_19,43.99,1.72,213.4,14.1,2.708,877.5,0
M01038,Type_18,71.7,2.09,218.1,17.05,3.347,490.6,0
M01039,Type_18,76.96,5.47,218.1,18.16,3.565,617.1,1
M01040,Type_02,63.37,2.04,216.7,22.1,4.31,179.8,0
M01041,Type_15,72.22,4.07,225.7,14.2,2.884,635.7,0
M01042,Type_09,68.28,1.02,224.9,14.77,2.99,338.6,0
M01043,Type_08,61.15,4.1,219.6,12.34,2.439,149.9,0
M01044,Type_20,70.51,0.1,227.8,13.72,2.813,930.0,0
M01045,Type_03,59.44,0.78,212.4,15.76,3.013,864.8,0
M01046,Type_04,60.46,2.62,214.6,14.58,2.816,909.5,0
M01047,Type_12,77.0,2.79,219.9,13.94,2.759,229.6,0
M01048,Type_11,59.46,1.59,227.2,16.0,3.272,929.6,0
M01049,Type_05,71.35,1.1,216.6,17.91,3.491,86.4,0
M01050,Type_08,58.04,2.93,222.5,15.37,3.078,424.5,0
M01051,Type_15,77.68,1.55,218.3,7.95,1.562,965.6,0
M01052,Type_05,57.96,2.28,200.0,15.37,2.767,158.1,1
M01053,Type_12,78.06,1.72,211.4,13.32,2.534,703.0,0
M01054,Type_22,113.0,8.14,244.4,40.76,8.966,312.7,1
M01055,Type_05,72.13,2.9,213.6,15.53,2.985,788.7,0
M01056,Type_10,67.19,0.74,226.1,15.3,3.113,397.8,0
M01057,Type_20,80.03,3.31,215.4,13.53,2.623,480.7,0
M01058,Type_15,77.0,1.56,213.6,15.07,2.897,262.5,0
M01059,Type_10,56.43,2.58,209.2,14.05,2.645,288.3,0
M01060,Type_01,60.43,1.39,221.1,15.49,3.082,448.7,0
M01061,Type_12,58.93,2.22,215.1,17.9,3.465,505.0,0
M01062,Type_05,64.62,1.57,227.5,15.59,3.192,149.4,0
M01063,Type_23,66.83,1.47,218.7,55.48,10.92,145.8,1
M01064,Type_16,81.86,1.28,215.1,11.64,2.253,427.5,0
M01065,Type_06,86.57,2.7,221.2,21.47,4.274,92.3,1
M01066,Type_18,67.05,0.92,212.0,14.18,2.706,86.5,0
M01067,Type_07,71.63,2.34,213.8,18.86,3.629,199.5,0
M01068,Type_06,65.45,3.18,218.7,15.67,3.084,350.1,0
M01069,Type_24,88.3,10.53,229.0,9.08,1.871,293.7,1
M01070,Type_03,68.3,1.7,216.7,18.34,3.577,675.2,0
M01071,Type_20,60.32,3.05,221.5,15.38,3.066,376.8,0
M01072,Type_16,71.81,3.03,218.0,16.08,3.155,691.3,0
M01073,Type_03,53.41,2.07,223.5,10.43,2.098,733.5,0
M01074,Type_12,100.0,6.28,241.3,36.18,7.857,753.2,1
M01075,Type_13,54.55,2.56,219.6,15.35,3.034,223.3,0
M01076,Type_23,101.57,12.32,240.1,55.07,11.9,158.2,1
M01077,Type_09,71.96,1.79,221.2,14.15,2.817,146.8,0
M01078,Type_03,61.54,0.54,223.4,15.21,3.058,558.3,0
M01079,Type_01,42.9,2.16,228.3,20.34,4.179,498.8,0
M01080,Type_25,56.07,0.52,222.7,8.88,1.78,78.8,0
M01081,Type_01,59.46,0.43,219.1,13.8,2.721,730.5,0
M01082,Type_23,65.68,1.42,216.3,14.89,2.899,919.7,0
M01083,Type_10,78.34,1.67,214.7,14.86,2.871,401.4,0
M01084,Type_07,75.92,1.52,227.3,9.9,2.025,740.7,0
M01085,Type_07,71.39,2.18,227.0,14.82,3.028,174.0,0
M01086,Type_09,77.43,3.07,218.2,17.35,3.407,73.8,0
M01087,Type_02,57.23,1.1,245.9,18.67,4.132,366.5,1
M01088,Type_10,73.7,3.1,220.8,10.81,2.148,783.6,0
M01089,Type_03,89.14,2.8,226.8,13.27,2.709,89.6,1
M01090,Type_15,77.62,1.2,224.4,17.92,3.619,357.3,0
M01091,Type_24,63.81,0.1,222.6,18.53,3.712,883.3,0
M01092,Type_22,55.25,0.26,209.2,10.93,2.058,776.7,0
M01093,Type_20,71.89,0.49,220.8,18.59,3.694,610.7,0
M01094,Type_25,65.31,1.08,223.3,21.93,4.407,594.4,0
M01095,Type_09,52.22,2.05,219.1,15.65,3.086,485.4,0
M01096,Type_01,113.71,7.73,237.4,58.26,12.448,832.8,1
M01097,Type_11,45.94,1.07,219.6,12.46,2.463,898.5,0
M01098,Type_10,53.87,2.74,217.1,17.69,3.456,444.9,0
M01099,Type_22,65.64,4.58,200.0,15.27,2.749,565.5,1
M01100,Type_17,63.61,1.15,214.3,16.04,3.094,508.0,0
M01101,Type_04,70.11,2.24,213.5,13.48,2.59,319.4,0
M01102,Type_23,76.75,1.23,213.8,10.62,2.044,503.2,0
M01103,Type_01,70.08,2.43,230.8,13.85,2.877,723.3,0
M01104,Type_16,70.87,3.38,211.3,18.41,3.501,965.1,0
M01105,Type_06,80.29,2.68,219.3,17.94,3.541,481.8,0
M01106,Type_24,52.91,3.15,218.5,11.83,2.326,790.5,0
M01107,Type_18,52.56,0.2,220.8,16.34,3.247,507.3,0
M01108,Type_09,56.82,1.88,226.2,10.39,2.115,982.8,0
M01109,Type_18,75.7,2.73,217.6,15.76,3.086,872.1,0
M01110,Type_03,47.31,0.67,225.3,17.38,3.524,658.9,0
M01111,Type_11,63.14,0.45,214.6,22.1,4.268,658.5,0
M01112,Type_13,77.41,3.11,223.0,12.13,2.434,65.4,0
M01113,Type_22,70.83,1.16,213.0,11.5,2.205,308.5,0
M01114,Type_21,72.33,2.71,221.5,9.14,1.822,736.4,1
M01115,Type_11,82.67,2.16,225.3,14.25,2.889,567.3,0
M01116,Type_22,52.59,0.36,218.5,14.26,2.804,976.7,0
M01117,Type_09,72.26,2.3,213.6,14.34,2.757,492.7,0
M01118,Type_22,67.94,1.85,227.9,18.55,3.805,532.5,0
M01119,Type_11,86.15,0.76,219.5,13.69,2.704,781.1,0
M01120,Type_17,74.62,1.53,220.9,16.84,3.348,235.5,0
M01121,Type_13,54.03,0.56,219.1,22.75,4.486,900.5,0
M01122,Type_11,69.93,3.43,220.7,12.25,2.433,757.4,0
M01123,Type_05,81.03,1.41,226.2,15.96,3.249,517.7,0
M01124,Type_03,92.38,1.25,222.6,11.63,2.33,943.2,1
M01125,Type_24,69.06,1.91,201.2,19.73,3.573,848.8,1
M01126,Type_10,56.3,3.96,223.5,15.88,3.194,458.1,0
M01127,Type_23,53.18,1.52,216.1,12.23,2.379,433.1,0
M01128,Type_04,67.99,2.88,216.5,12.73,2.48,589.4,0
M01129,Type_04,67.82,2.87,211.8,22.43,4.276,180.8,0
M01130,Type_16,71.28,2.65,213.2,17.64,3.385,510.1,0
M01131,Type_13,73.96,3.14,208.8,18.35,3.448,77.6,0
M01132,Type_05,60.37,2.04,227.3,16.47,3.369,219.0,0
M01133,Type_12,54.87,2.52,218.8,15.0,2.954,912.1,0
M01134,Type_04,67.63,3.62,221.9,14.07,2.81,722.3,0
M01135,Type_11,66.73,2.53,223.0,15.28,3.067,327.4,0
M01136,Type_10,55.59,2.68,223.8,10.4,2.095,266.7,0
M01137,Type_25,56.1,3.89,220.1,17.05,3.377,401.4,0
M01138,Type_25,67.37,2.13,222.1,18.78,3.754,109.7,0
M01139,Type_14,75.32,2.13,222.5,17.9,3.584,561.1,0
M01140,Type_06,55.45,2.28,223.3,13.86,2.785,644.3,0
M01141,Type_13,56.3,2.08,217.8,14.8,2.901,289.2,0
M01142,Type_03,60.81,3.21,213.5,12.73,2.446,518.4,0
M01143,Type_07,61.94,0.61,221.1,11.02,2.193,667.9,0
M01144,Type_17,69.76,0.84,220.7,13.28,2.638,594.4,0
M01145,Type_22,66.55,3.38,213.7,15.75,3.029,129.8,0
M01146,Type_09,62.11,1.02,211.5,10.56,2.01,958.7,0
M01147,Type_23,74.95,2.4,216.4,11.71,2.281,212.2,0
M01148,Type_20,52.48,0.98,219.1,15.38,3.033,917.9,0
M01149,Type_15,55.98,1.4,227.4,17.57,3.596,720.3,0
M01150,Type_15,65.69,1.3,215.3,18.0,3.488,158.1,0
M01151,Type_22,57.83,0.99,218.6,17.59,3.461,141.4,0
M01152,Type_06,69.16,3.69,219.6,13.65,2.698,346.7,0
M01153,Type_23,78.21,0.74,213.7,13.74,2.643,882.2,0
M01154,Type_12,101.46,6.48,236.5,36.77,7.826,460.9,1
M01155,Type_16,77.0,1.54,216.3,15.89,3.093,392.7,0
M01156,Type_05,49.58,0.81,215.2,18.23,3.531,870.7,0
M01157,Type_06,60.2,1.07,212.1,20.66,3.944,959.1,0
M01158,Type_17,76.82,1.87,215.8,11.82,2.296,830.4,0
M01159,Type_10,49.74,1.91,224.3,15.48,3.125,285.3,0
M01160,Type_08,63.73,0.18,218.5,13.88,2.73,855.0,0
M01161,Type_04,68.06,3.33,222.4,19.52,3.907,725.5,0
M01162,Type_13,70.03,1.36,215.4,15.48,3.001,504.4,0
M01163,Type_09,78.63,3.02,225.5,19.91,4.041,960.4,0
M01164,Type_23,77.38,1.02,216.3,16.83,3.276,942.5,0
M01165,Type_01,68.32,2.92,221.3,9.87,1.966,695.9,0
M01166,Type_11,76.59,0.98,200.0,14.14,2.545,733.8,1
M01167,Type_01,70.47,3.31,221.8,17.43,3.479,659.7,0
M01168,Type_24,85.49,1.47,216.0,13.54,2.632,324.3,1
M01169,Type_14,47.29,2.82,218.7,18.89,3.718,393.5,0
M01170,Type_01,64.24,1.77,223.6,10.86,2.185,102.4,0
M01171,Type_02,71.01,3.04,222.7,13.84,2.774,632.9,0
M01172,Type_06,61.35,2.73,224.0,9.54,1.923,155.0,0
M01173,Type_13,54.98,2.51,223.5,15.0,3.017,388.2,0
M01174,Type_17,67.14,2.16,217.0,13.21,2.58,254.2,0
M01175,Type_17,61.78,0.2,219.8,14.54,2.876,768.0,0
M01176,Type_22,70.86,4.78,224.0,18.67,3.764,655.5,0
M01177,Type_17,64.6,1.69,222.2,14.16,2.832,587.5,0
M01178,Type_22,51.57,3.64,226.7,16.16,3.297,734.9,0
M01179,Type_15,71.3,1.38,222.3,15.56,3.113,620.2,0
M01180,Type_10,75.3,2.39,220.8,9.8,1.947,463.7,0
M01181,Type_24,56.74,0.98,233.7,14.84,3.121,706.0,1
M01182,Type_09,70.59,1.21,220.4,16.98,3.368,279.0,0
M01183,Type_05,64.96,1.71,219.4,15.52,3.065,802.9,0
M01184,Type_19,60.14,0.82,220.5,13.57,2.693,797.3,0
M01185,Type_23,55.85,1.95,225.3,15.59,3.161,709.8,0
M01186,Type_20,71.53,1.5,218.5,17.98,3.536,616.4,0
M01187,Type_05,61.95,0.1,212.9,14.39,2.757,938.4,0
M01188,Type_07,53.01,0.1,221.9,16.79,3.353,161.5,0
M01189,Type_23,62.4,3.11,218.8,17.2,3.387,554.5,0
M01190,Type_23,75.4,1.98,217.1,15.21,2.972,485.7,0
M01191,Type_16,70.18,1.12,219.4,50.08,9.889,724.5,1
M01192,Type_11,82.2,1.17,217.4,9.98,1.953,586.3,0
M01193,Type_02,66.07,1.72,220.1,13.5,2.674,895.5,0
M01194,Type_18,68.8,1.99,215.5,18.88,3.662,256.2,0
M01195,Type_10,73.49,3.07,215.0,18.38,3.557,115.1,0
M01196,Type_07,61.75,1.7,227.0,16.57,3.385,925.0,0
M01197,Type_01,68.03,1.93,218.3,15.03,2.953,855.9,0
M01198,Type_14,59.19,3.33,223.0,13.29,2.667,528.5,0
M01199,Type_11,77.52,2.32,208.8,16.7,3.138,463.3,0
M01200,Type_17,64.33,0.1,219.2,12.86,2.537,236.8,0
M01201,Type_07,62.73,1.27,217.1,13.45,2.628,599.9,0
M01202,Type_01,55.22,1.44,221.2,9.73,1.937,646.3,0
M01203,Type_03,77.52,1.3,216.6,13.24,2.581,474.9,0
M01204,Type_18,81.77,2.65,215.2,9.18,1.778,715.1,1
M01205,Type_10,56.63,1.49,216.3,18.69,3.638,753.5,0
M01206,Type_07,75.67,1.85,220.9,14.87,2.956,902.4,0
M01207,Type_11,97.95,7.78,243.0,51.01,11.156,80.7,1
M01208,Type_06,69.08,3.35,223.1,16.41,3.295,225.5,0
M01209,Type_17,75.36,1.81,214.5,14.08,2.718,514.4,0
M01210,Type_05,63.29,2.69,225.3,14.07,2.853,269.8,0
M01211,Type_25,72.47,3.11,223.3,12.62,2.536,60.3,0
M01212,Type_03,62.84,3.62,229.0,9.54,1.966,452.5,0
M01213,Type_16,69.36,1.15,206.4,9.21,1.711,730.8,1
M01214,Type_17,68.28,2.41,213.3,12.41,2.382,910.5,0
M01215,Type_03,55.72,2.95,218.4,15.33,3.013,157.3,0
M01216,Type_08,49.67,1.12,221.9,15.5,3.096,73.7,0
M01217,Type_16,78.24,1.09,222.0,16.23,3.243,974.5,0
M01218,Type_18,53.64,1.14,221.9,13.77,2.75,760.6,0
M01219,Type_15,84.88,2.98,227.9,19.11,3.92,440.7,0
M01220,Type_18,73.47,0.41,221.5,16.94,3.377,435.6,0
M01221,Type_14,90.67,1.65,215.7,3.75,0.728,186.6,1
M01222,Type_11,49.46,2.03,223.5,23.47,4.721,791.0,0
M01223,Type_16,68.13,2.02,219.3,13.24,2.613,997.4,0
M01224,Type_16,70.83,1.07,217.7,11.51,2.255,894.5,0
M01225,Type_23,63.18,1.54,219.2,14.24,2.809,567.0,0
M01226,Type_18,59.53,1.77,219.3,16.45,3.247,764.7,0
M01227,Type_04,71.05,1.1,225.1,14.52,2.942,973.5,0
M01228,Type_14,65.24,2.38,217.2,3.64,0.712,523.4,1
M01229,Type_13,50.36,3.02,223.6,21.5,4.327,752.3,0
M01230,Type_10,65.4,0.1,219.1,13.66,2.694,175.3,0
M01231,Type_11,61.51,3.86,218.5,10.71,2.106,905.1,0
M01232,Type_04,60.76,2.32,216.0,14.91,2.899,311.8,0
M01233,Type_19,75.29,4.0,221.0,18.47,3.674,779.3,0
M01234,Type_05,72.39,1.21,215.6,11.81,2.292,95.0,0
M01235,Type_21,61.1,2.68,221.6,14.11,2.814,943.7,0
M01236,Type_06,83.88,1.37,211.1,15.89,3.019,557.3,0
M01237,Type_19,64.17,1.17,228.5,11.78,2.423,873.5,0
M01238,Type_19,51.47,3.28,214.2,10.88,2.097,860.2,0
M01239,Type_07,79.5,2.0,200.0,14.78,2.66,651.9,1
M01240,Type_24,72.85,0.1,217.2,16.35,3.196,436.5,0
M01241,Type_11,64.8,1.54,217.0,17.79,3.474,537.6,0
M01242,Type_16,115.32,9.6,239.3,50.07,10.784,904.8,1
M01243,Type_11,55.65,5.23,223.8,20.26,4.081,312.3,0
M01244,Type_01,59.27,1.96,220.3,22.21,4.404,687.2,0
M01245,Type_25,49.47,8.88,223.4,12.01,2.415,798.0,1
M01246,Type_10,61.44,2.07,222.6,17.1,3.426,965.5,0
M01247,Type_08,66.13,2.71,211.4,15.44,2.938,823.0,0
M01248,Type_04,59.77,2.44,221.1,10.06,2.002,234.3,0
M01249,Type_15,59.38,2.71,218.0,15.69,3.078,958.0,0
M01250,Type_14,61.73,1.73,212.9,16.51,3.163,90.1,0
M01251,Type_16,66.76,2.69,225.2,18.73,3.796,838.4,0
M01252,Type_12,48.43,2.79,214.3,17.06,3.29,809.1,0
M01253,Type_15,57.61,1.24,220.9,12.65,2.515,805.8,0
M01254,Type_14,58.66,1.08,216.0,13.59,2.642,390.3,0
M01255,Type_13,62.4,1.69,223.5,14.58,2.933,564.0,0
M01256,Type_06,70.74,0.1,216.6,17.59,3.429,822.6,0
M01257,Type_01,71.01,1.03,224.7,18.22,3.685,298.5,0
M01258,Type_15,50.94,1.84,216.2,17.99,3.5,961.0,0
M01259,Type_09,67.89,2.56,220.6,21.81,4.33,442.1,0
M01260,Type_10,73.93,1.41,222.8,13.07,2.621,782.4,0
M01261,Type_01,71.29,2.17,211.5,16.86,3.209,116.6,0
M01262,Type_10,75.73,1.91,220.3,19.14,3.795,349.2,0
M01263,Type_23,68.02,0.59,226.5,19.99,4.075,900.1,0
M01264,Type_03,76.79,0.28,226.6,14.91,3.041,270.1,0
M01265,Type_02,64.68,1.81,222.3,8.23,1.647,947.2,1
M01266,Type_19,75.1,3.71,224.9,16.94,3.429,760.8,0
M01267,Type_24,60.18,2.53,217.6,14.46,2.832,533.7,0
M01268,Type_25,71.38,3.85,218.4,16.38,3.22,926.2,0
M01269,Type_10,61.47,2.66,213.3,10.07,1.933,337.8,0
M01270,Type_03,81.33,2.23,218.8,11.36,2.237,906.6,1
M01271,Type_22,69.16,3.19,229.1,17.68,3.645,443.1,0
M01272,Type_08,108.97,11.29,248.7,54.92,12.293,875.0,1
M01273,Type_20,48.88,0.1,214.8,17.0,3.286,885.4,0
M01274,Type_02,51.14,2.16,225.5,15.09,3.063,388.7,0
M01275,Type_23,64.49,2.16,221.3,14.77,2.942,755.8,0
M01276,Type_23,50.5,1.81,216.9,12.79,2.497,793.0,0
M01277,Type_10,62.72,1.34,221.0,21.88,4.352,872.5,0
M01278,Type_10,66.32,2.69,221.3,20.02,3.987,894.6,0
M01279,Type_07,57.02,1.45,213.0,13.77,2.64,288.6,0
M01280,Type_23,56.61,2.08,220.6,13.08,2.597,600.8,0
M01281,Type_09,48.16,2.09,216.3,14.15,2.755,685.6,0
M01282,Type_07,67.82,1.91,221.3,16.98,3.382,680.7,0
M01283,Type_03,59.88,3.89,200.2,14.91,2.686,359.1,1
M01284,Type_22,62.74,4.48,215.2,17.97,3.48,479.9,0
M01285,Type_23,74.23,2.29,225.6,9.85,2.0,550.4,0
M01286,Type_10,55.59,2.71,224.1,12.43,2.507,563.9,0
M01287,Type_20,70.64,1.62,225.1,15.5,3.14,107.5,0
M01288,Type_05,75.26,2.57,229.0,13.06,2.692,876.1,0
M01289,Type_24,66.63,1.0,223.9,17.18,3.462,812.8,0
M01290,Type_13,65.12,1.8,220.9,47.6,9.463,120.5,1
M01291,Type_20,62.18,2.25,222.3,12.35,2.471,816.5,0
M01292,Type_03,66.05,3.16,224.6,17.44,3.525,141.9,0
M01293,Type_15,69.71,2.17,216.3,15.99,3.113,286.4,0
M01294,Type_24,70.64,1.88,213.4,12.91,2.479,763.0,0
M01295,Type_10,74.43,1.72,224.6,10.75,2.173,451.1,0
M01296,Type_09,63.84,1.85,222.1,12.6,2.519,969.1,0
M01297,Type_03,68.74,1.49,224.7,15.64,3.163,125.3,0
M01298,Type_23,61.56,2.86,222.2,13.12,2.624,140.3,0
M01299,Type_06,61.46,2.03,218.0,17.87,3.506,351.3,0
M01300,Type_14,63.26,3.94,215.2,13.37,2.59,757.1,0
M01301,Type_10,67.16,2.16,223.2,15.28,3.069,471.2,0
M01302,Type_03,65.72,2.38,225.5,17.48,3.548,669.2,0
M01303,Type_07,73.52,1.99,223.2,16.89,3.393,81.2,0
M01304,Type_18,77.31,1.09,217.0,9.33,1.822,427.3,1
M01305,Type_03,62.05,2.25,218.8,14.39,2.834,190.8,0
M01306,Type_22,72.1,1.58,216.5,11.1,2.163,827.2,0
M01307,Type_20,47.95,2.06,221.1,18.81,3.743,177.9,0
M01308,Type_05,124.04,1.82,218.9,13.67,2.693,432.9,1
M01309,Type_17,57.63,1.87,230.1,9.15,1.895,485.4,1
M01310,Type_09,55.02,1.58,223.1,11.8,2.369,869.7,0
M01311,Type_05,55.33,1.68,218.1,20.43,4.01,923.6,0
M01312,Type_18,113.2,2.11,224.1,16.45,3.318,222.0,1
M01313,Type_11,65.18,1.69,218.4,19.26,3.786,887.2,0
M01314,Type_21,83.26,3.13,218.4,22.34,4.391,558.4,0
M01315,Type_10,78.41,0.99,229.5,15.03,3.104,991.0,0
M01316,Type_05,74.54,1.22,215.6,11.02,2.138,429.8,0
M01317,Type_10,79.25,2.45,213.8,17.39,3.346,219.7,0
M01318,Type_22,64.91,0.51,218.7,10.67,2.1,371.0,0
M01319,Type_09,59.16,2.01,227.9,16.98,3.483,652.1,0
M01320,Type_08,67.0,1.59,219.8,18.9,3.739,158.9,0
M01321,Type_16,68.08,2.85,219.3,17.7,3.493,878.6,0
M01322,Type_04,83.38,9.67,243.3,45.37,9.935,51.7,1
M01323,Type_06,67.1,3.37,219.5,14.4,2.845,91.8,0
M01324,Type_23,64.0,1.0,213.3,8.5,1.632,907.9,0
M01325,Type_03,46.96,3.1,224.6,20.25,4.093,951.0,0
M01326,Type_13,69.1,2.08,225.6,13.93,2.828,814.6,0
M01327,Type_16,68.75,3.28,200.8,16.2,2.928,173.9,1
M01328,Type_13,72.69,3.5,216.2,13.27,2.582,985.5,0
M01329,Type_22,77.03,1.89,211.6,17.77,3.384,71.8,0
M01330,Type_11,60.27,3.05,218.7,13.01,2.561,703.5,0
M01331,Type_19,73.09,1.73,218.1,14.49,2.844,261.6,0
M01332,Type_24,79.95,1.27,213.0,12.19,2.337,879.5,0
M01333,Type_02,81.75,1.36,215.4,14.65,2.84,886.2,1
M01334,Type_01,56.22,1.61,219.2,15.29,3.016,734.4,0
M01335,Type_15,64.4,1.23,222.8,12.12,2.43,996.7,0
M01336,Type_02,54.98,3.42,217.8,12.4,2.431,629.9,0
M01337,Type_13,69.59,3.42,228.3,12.27,2.521,507.8,0
M01338,Type_05,68.93,1.71,223.7,16.53,3.328,320.7,0
M01339,Type_10,63.65,3.98,226.7,12.84,2.62,837.3,0
M01340,Type_18,34.08,1.72,220.8,18.86,3.748,760.4,0
M01341,Type_09,51.66,1.37,222.0,16.43,3.283,671.4,0
M01342,Type_23,65.4,0.1,223.3,15.01,3.017,799.4,0
M01343,Type_17,79.24,1.06,224.3,15.39,3.107,887.2,0
M01344,Type_17,61.75,0.75,216.9,15.11,2.95,456.4,0
M01345,Type_05,59.13,1.77,214.0,11.72,2.257,356.4,0
M01346,Type_19,52.16,2.99,217.8,21.85,4.283,148.4,0
M01347,Type_02,66.6,1.76,220.2,2.95,0.585,129.8,1
M01348,Type_02,69.79,2.31,221.0,13.79,2.743,398.7,0
M01349,Type_21,47.54,3.39,216.5,19.11,3.724,157.7,0
M01350,Type_22,77.17,1.68,214.5,11.33,2.187,506.3,0
M01351,Type_14,58.9,2.81,215.8,15.69,3.047,840.6,0
M01352,Type_09,71.66,2.27,219.6,14.36,2.838,245.0,0
M01353,Type_17,91.69,6.74,240.5,52.09,11.275,255.4,1
M01354,Type_03,81.4,1.34,217.5,14.75,2.887,870.5,1
M01355,Type_02,58.48,3.97,220.0,11.12,2.202,984.8,0
M01356,Type_05,67.43,1.35,215.8,19.03,3.696,442.8,0
M01357,Type_25,49.47,1.64,218.3,16.35,3.212,505.7,0
M01358,Type_06,70.27,3.34,217.5,15.66,3.065,740.1,0
M01359,Type_24,91.33,2.9,224.7,14.96,3.025,470.5,1
M01360,Type_15,93.07,2.96,218.9,13.47,2.654,509.6,0
M01361,Type_15,73.52,2.62,213.6,10.69,2.055,235.5,0
M01362,Type_18,70.44,2.9,252.1,18.51,4.2,743.7,1
M01363,Type_21,47.34,1.91,225.1,19.01,3.851,453.7,0
M01364,Type_19,55.09,3.23,219.4,9.65,1.905,244.3,0
M01365,Type_17,76.71,1.56,219.4,7.07,1.396,906.6,1
M01366,Type_20,70.41,2.22,223.1,16.16,3.245,314.7,0
M01367,Type_16,70.76,1.77,220.0,13.6,2.693,424.2,0
M01368,Type_10,60.32,0.55,213.9,16.43,3.163,617.3,0
M01369,Type_16,58.64,2.22,221.4,12.71,2.533,803.4,0
M01370,Type_01,66.03,1.53,222.2,17.8,3.56,905.6,0
M01371,Type_02,92.14,2.44,221.1,15.08,3.001,149.6,1
M01372,Type_02,76.51,1.89,223.0,16.44,3.3,403.0,0
M01373,Type_03,77.03,2.57,215.4,17.95,3.48,826.6,0
M01374,Type_10,69.96,0.78,230.0,15.13,3.132,664.8,0
M01375,Type_23,66.79,0.89,215.8,17.88,3.473,355.4,0
M01376,Type_21,63.85,1.42,214.7,21.62,4.178,111.5,0
M01377,Type_01,65.8,1.85,212.5,11.7,2.238,383.6,0
M01378,Type_21,72.12,2.41,225.1,15.2,3.079,756.8,0
M01379,Type_09,55.02,2.07,216.9,16.58,3.237,854.1,0
M01380,Type_22,51.58,0.71,222.4,15.12,3.026,506.9,0
M01381,Type_11,60.45,2.06,219.4,11.77,2.324,213.4,0
M01382,Type_03,55.27,2.11,215.4,12.54,2.431,144.1,0
M01383,Type_22,82.02,1.93,213.3,14.48,2.78,302.4,0
M01384,Type_23,58.93,2.79,221.8,5.99,1.196,526.7,1
M01385,Type_05,65.87,2.3,228.4,11.68,2.401,712.7,0
M01386,Type_16,71.5,0.59,213.1,12.35,2.369,793.7,0
M01387,Type_07,74.73,1.22,223.4,14.92,3.0,828.0,0
M01388,Type_13,105.52,2.02,221.5,13.97,2.785,628.7,1
M01389,Type_06,71.0,2.71,214.8,12.32,2.382,53.4,0
M01390,Type_18,71.4,1.77,220.6,13.79,2.738,565.6,0
M01391,Type_19,61.2,1.9,214.7,18.77,3.627,239.3,0
M01392,Type_19,73.35,3.62,216.8,16.31,3.182,123.7,0
M01393,Type_04,67.09,10.17,225.6,18.42,3.74,465.6,1
M01394,Type_16,82.57,1.09,226.5,16.26,3.315,324.7,0
M01395,Type_18,76.99,2.1,218.9,17.07,3.363,967.4,0
M01396,Type_14,52.13,3.3,220.9,15.29,3.04,504.8,0
M01397,Type_03,60.7,0.82,218.3,12.53,2.462,379.7,0
M01398,Type_22,65.51,3.08,218.7,16.53,3.254,780.1,0
M01399,Type_20,65.88,2.45,212.5,14.1,2.697,150.8,0
M01400,Type_21,73.15,2.23,222.4,6.57,1.315,637.5,1
M01401,Type_08,45.94,1.8,212.1,18.72,3.573,508.1,0
M01402,Type_09,63.71,7.46,218.0,13.96,2.739,686.1,1
M01403,Type_18,76.86,0.1,220.2,18.91,3.748,964.7,0
M01404,Type_13,72.83,2.28,228.1,18.33,3.763,969.2,0
M01405,Type_03,40.9,1.86,222.4,16.88,3.379,104.1,0
M01406,Type_19,53.16,1.18,217.1,13.23,2.585,804.3,0
M01407,Type_10,88.86,2.77,221.7,13.67,2.728,578.6,0
M01408,Type_25,83.19,4.03,218.3,18.95,3.723,561.9,0
M01409,Type_21,78.46,2.77,218.6,13.76,2.707,131.2,0
M01410,Type_23,63.23,1.21,220.4,14.13,2.803,120.5,0
M01411,Type_09,76.57,1.32,222.7,10.09,2.022,555.1,0
M01412,Type_21,77.92,1.35,230.3,14.3,2.964,172.6,0
M01413,Type_20,58.69,3.83,217.9,14.62,2.867,959.6,0
M01414,Type_09,60.77,1.83,217.9,21.33,4.183,174.0,0
M01415,Type_17,55.88,2.89,200.0,20.53,3.695,357.1,1
M01416,Type_06,59.3,1.58,220.5,17.95,3.562,74.1,0
M01417,Type_23,80.0,1.14,218.9,15.17,2.989,81.4,0
M01418,Type_06,52.19,2.11,216.4,23.26,4.53,259.2,0
M01419,Type_20,64.73,3.25,225.6,21.52,4.369,792.9,0
M01420,Type_11,55.78,1.49,215.6,13.34,2.588,110.3,0
M01421,Type_15,59.52,2.57,210.4,13.08,2.477,980.8,0
M01422,Type_24,69.89,1.26,219.8,16.73,3.31,575.4,0
M01423,Type_08,98.05,1.66,243.7,14.49,3.178,706.5,1
M01424,Type_25,71.77,0.99,223.8,8.87,1.787,396.8,0
M01425,Type_07,70.68,2.05,226.7,16.14,3.293,478.5,0
M01426,Type_06,60.85,2.74,225.8,11.08,2.252,904.4,0
M01427,Type_22,54.94,2.58,209.8,16.55,3.125,632.1,0
M01428,Type_06,69.45,2.49,227.6,14.56,2.982,486.5,0
M01429,Type_23,76.61,2.13,225.1,13.42,2.719,655.1,0
M01430,Type_03,72.12,2.88,217.5,18.07,3.537,241.7,0
M01431,Type_07,69.83,2.79,201.6,14.06,2.551,549.8,1
M01432,Type_25,75.51,1.59,221.1,13.89,2.764,230.3,0
M01433,Type_04,59.19,1.09,217.5,13.51,2.645,882.4,0
M01434,Type_13,78.11,2.47,215.7,12.31,2.39,954.5,0
M01435,Type_14,66.93,2.58,219.0,15.52,3.059,669.3,0
M01436,Type_16,56.27,2.16,219.4,11.62,2.294,58.1,0
M01437,Type_14,90.26,3.35,218.5,14.97,2.944,268.5,0
M01438,Type_02,74.76,3.5,221.5,12.19,2.43,496.2,0
M01439,Type_02,63.82,3.72,228.3,10.05,2.065,722.5,0
M01440,Type_01,58.0,1.89,220.6,16.28,3.232,297.5,0
M01441,Type_02,89.36,8.08,248.9,48.44,10.851,817.7,1
M01442,Type_14,55.73,1.14,214.8,22.0,4.253,585.3,0
M01443,Type_02,55.04,3.25,216.3,12.77,2.486,60.6,0
M01444,Type_02,54.31,1.64,216.0,14.07,2.735,279.6,0
M01445,Type_19,65.92,1.66,219.2,14.64,2.888,264.2,0
M01446,Type_16,58.87,0.83,221.9,14.23,2.842,334.8,0
M01447,Type_10,71.55,2.33,223.4,16.26,3.269,841.1,0
M01448,Type_08,67.73,3.63,220.5,15.37,3.05,680.0,0
M01449,Type_13,41.1,2.57,223.0,9.93,1.993,686.9,0
M01450,Type_01,51.62,2.47,215.0,18.1,3.502,588.7,0
M01451,Type_11,46.85,0.1,227.1,18.66,3.814,350.2,0
M01452,Type_11,52.5,1.33,219.4,17.81,3.517,302.1,0
M01453,Type_21,87.24,1.48,229.0,19.3,3.978,479.9,1
M01454,Type_04,74.9,2.01,222.3,15.49,3.099,324.7,0
M01455,Type_01,61.96,3.43,217.6,9.73,1.906,186.8,0
M01456,Type_21,51.53,3.12,222.1,17.51,3.5,944.4,0
M01457,Type_12,49.49,1.58,215.6,19.58,3.799,390.1,0
M01458,Type_19,57.17,2.83,211.1,14.59,2.772,239.8,0
M01459,Type_14,68.93,1.99,213.8,15.34,2.952,291.0,0
M01460,Type_10,57.27,1.88,225.2,13.53,2.742,976.7,0
M01461,Type_06,59.24,2.9,230.1,18.52,3.835,316.8,0
M01462,Type_04,72.66,2.68,214.6,9.75,1.883,144.7,0
M01463,Type_18,61.54,1.52,224.7,15.47,3.128,117.9,0
M01464,Type_20,71.49,2.78,215.2,18.65,3.612,437.7,0
M01465,Type_08,72.44,0.1,224.1,13.43,2.709,852.6,0
M01466,Type_20,75.29,2.69,222.6,21.52,4.311,426.7,0
M01467,Type_16,69.4,2.99,220.6,17.66,3.506,325.2,0
M01468,Type_17,34.53,3.07,223.0,20.15,4.044,95.5,0
M01469,Type_19,73.61,1.98,223.5,16.02,3.222,694.2,0
M01470,Type_15,81.98,2.59,209.1,15.14,2.849,409.0,1
M01471,Type_15,65.24,1.95,218.2,8.14,1.599,346.6,0
M01472,Type_06,46.59,1.36,225.6,17.44,3.541,302.7,0
M01473,Type_20,73.89,2.49,230.3,17.31,3.588,645.4,0
M01474,Type_04,56.3,4.01,225.1,15.62,3.164,832.2,0
M01475,Type_19,70.1,1.8,221.7,19.26,3.843,907.7,0
M01476,Type_25,72.42,1.17,225.8,16.06,3.264,121.7,0
M01477,Type_05,48.85,2.62,216.9,17.18,3.354,476.4,0
M01478,Type_06,51.87,1.01,219.5,12.56,2.481,360.3,0
M01479,Type_12,61.0,2.27,217.5,13.48,2.639,301.3,0
M01480,Type_24,67.28,2.4,218.2,18.06,3.547,482.0,0
M01481,Type_19,56.14,3.44,217.6,14.6,2.859,477.4,0
M01482,Type_15,72.97,2.11,225.2,18.0,3.648,116.0,0
M01483,Type_06,49.23,2.57,219.6,9.98,1.972,939.3,0
M01484,Type_10,65.4,3.94,222.1,17.61,3.52,823.2,0
M01485,Type_05,45.45,2.65,209.4,14.67,2.765,261.8,0
M01486,Type_03,68.55,2.03,225.5,14.9,3.024,717.8,0
M01487,Type_07,73.73,1.41,216.8,13.33,2.601,276.9,0
M01488,Type_07,52.23,2.53,222.6,12.38,2.48,827.4,0
M01489,Type_08,64.36,1.87,227.0,12.45,2.544,622.8,0
M01490,Type_05,55.92,2.14,221.4,16.42,3.272,131.3,0
M01491,Type_18,89.95,1.97,226.2,14.43,2.938,732.3,0
M01492,Type_14,70.31,3.59,217.7,17.16,3.362,456.1,0
M01493,Type_16,108.69,9.51,241.8,51.55,11.218,147.9,1
M01494,Type_06,66.98,2.01,218.7,20.03,3.943,382.8,0
M01495,Type_12,69.05,0.95,219.1,12.86,2.536,972.4,0
M01496,Type_24,74.56,1.73,218.8,12.6,2.481,502.8,0
M01497,Type_16,71.57,2.88,222.8,15.36,3.08,433.4,0
M01498,Type_10,72.42,2.96,226.0,6.47,1.316,293.7,0
M01499,Type_15,60.9,1.35,220.9,13.95,2.773,453.8,0
M01500,Type_13,65.89,2.33,216.2,11.25,2.189,389.2,0
M01501,Type_05,61.28,1.85,217.6,12.76,2.499,191.2,0
M01502,Type_14,61.9,3.18,221.5,14.83,2.956,803.2,0
M01503,Type_15,52.86,2.24,215.8,14.76,2.867,942.5,0
M01504,Type_18,72.09,2.77,213.0,18.98,3.638,358.5,0
M01505,Type_05,62.78,2.3,220.8,19.13,3.802,432.8,0
M01506,Type_19,41.86,1.55,200.0,12.49,2.248,186.7,1
M01507,Type_13,60.55,2.74,223.3,17.32,3.481,64.2,0
M01508,Type_16,79.64,2.08,213.9,11.68,2.249,458.1,0
M01509,Type_22,67.25,2.03,218.8,10.89,2.144,841.1,0
M01510,Type_15,76.53,2.88,229.4,11.72,2.42,240.1,0
M01511,Type_09,71.07,1.04,219.3,14.24,2.811,452.7,0
M01512,Type_17,77.98,3.01,216.4,13.28,2.586,502.1,0
M01513,Type_21,70.72,0.58,219.6,19.59,3.872,586.2,0
M01514,Type_16,75.06,1.23,225.8,17.43,3.542,556.2,0
M01515,Type_20,58.06,2.6,221.8,13.24,2.643,164.2,0
M01516,Type_14,74.73,0.1,220.0,13.86,2.744,800.4,0
M01517,Type_14,76.31,3.93,219.1,14.13,2.786,409.2,0
M01518,Type_18,59.6,1.76,216.2,13.64,2.654,435.7,0
M01519,Type_19,43.54,2.57,211.7,14.61,2.784,233.4,0
M01520,Type_14,74.71,3.02,212.9,14.06,2.694,421.4,0
M01521,Type_19,53.4,3.91,225.5,14.03,2.847,523.2,0
M01522,Type_01,56.57,2.48,217.3,12.74,2.492,968.2,0
M01523,Type_19,74.25,2.93,211.0,16.51,3.135,468.0,0
M01524,Type_06,88.18,12.06,239.5,45.01,9.702,212.8,1
M01525,Type_09,77.13,1.8,223.8,18.23,3.672,800.3,0
M01526,Type_23,56.63,1.31,223.8,4.46,0.898,831.4,1
M01527,Type_05,73.79,1.32,215.3,13.64,2.643,330.7,0
M01528,Type_04,55.34,3.12,214.7,12.8,2.473,258.7,0
M01529,Type_16,53.79,2.2,214.5,16.24,3.135,132.8,0
M01530,Type_13,51.77,0.11,221.7,11.83,2.36,545.2,0
M01531,Type_09,54.72,3.02,217.9,17.97,3.524,653.7,0
M01532,Type_15,57.22,2.52,221.6,13.52,2.696,451.5,0
M01533,Type_13,76.88,0.73,221.4,12.03,2.397,968.2,0
M01534,Type_14,62.73,2.34,219.5,20.33,4.016,459.4,0
M01535,Type_19,54.92,2.17,218.5,20.26,3.984,621.8,0
M01536,Type_24,55.92,3.17,218.2,16.11,3.164,451.7,0
M01537,Type_01,67.67,3.12,218.4,11.08,2.178,366.0,0
M01538,Type_21,81.6,2.23,221.0,18.87,3.753,551.4,0
M01539,Type_10,71.99,0.39,217.0,10.26,2.004,50.2,0
M01540,Type_02,61.89,2.17,222.7,17.96,3.6,308.5,0
M01541,Type_15,70.42,3.91,218.5,12.4,2.438,405.4,0
M01542,Type_23,79.82,12.32,213.9,13.56,2.61,921.0,1
M01543,Type_06,62.15,3.23,215.4,14.37,2.786,69.0,0
M01544,Type_05,88.89,3.31,223.5,14.21,2.858,211.4,0
M01545,Type_01,63.2,2.4,227.0,16.37,3.344,497.9,0
M01546,Type_03,48.86,0.62,218.2,17.0,3.338,198.6,0
M01547,Type_13,54.23,2.8,221.9,13.59,2.714,963.8,0
M01548,Type_02,61.06,0.1,228.5,18.66,3.837,705.5,0
M01549,Type_19,58.46,0.99,220.7,14.75,2.93,463.7,0
M01550,Type_09,58.14,6.84,227.2,18.26,3.734,62.0,1
M01551,Type_08,68.79,2.81,214.9,14.84,2.87,780.3,0
M01552,Type_18,61.24,2.78,225.7,7.9,1.605,84.8,1
M01553,Type_18,65.03,1.74,223.0,9.28,1.862,733.7,1
M01554,Type_25,68.96,3.5,218.8,12.05,2.373,898.7,0
M01555,Type_18,59.4,1.78,221.9,15.54,3.103,377.6,0
M01556,Type_08,57.26,1.4,214.2,17.75,3.422,993.4,0
M01557,Type_06,68.5,3.81,214.7,13.02,2.516,954.2,0
M01558,Type_20,76.6,4.29,222.0,14.18,2.833,494.2,0
M01559,Type_21,63.84,2.56,217.3,12.31,2.407,427.6,0
M01560,Type_24,90.11,12.21,236.6,57.51,12.246,287.1,1
M01561,Type_25,57.49,1.63,221.1,11.74,2.336,538.3,0
M01562,Type_18,57.61,2.58,224.0,6.7,1.351,625.6,1
M01563,Type_25,65.3,2.76,224.0,13.05,2.631,390.3,0
M01564,Type_05,51.02,1.63,211.1,11.04,2.097,994.6,0
M01565,Type_03,83.53,3.67,218.3,14.56,2.861,522.1,1
M01566,Type_12,57.0,0.4,215.5,14.63,2.837,807.2,0
M01567,Type_09,76.66,6.72,219.8,17.03,3.369,53.3,1
M01568,Type_20,66.66,1.44,215.1,17.66,3.419,905.3,0
M01569,Type_19,71.08,0.1,218.5,16.28,3.201,493.1,0
M01570,Type_12,77.1,0.1,226.4,16.01,3.262,228.1,0
M01571,Type_05,50.27,0.9,218.3,14.13,2.776,424.1,0
M01572,Type_21,68.96,1.94,225.7,16.23,3.297,677.5,0
M01573,Type_01,70.26,1.08,224.1,13.89,2.801,112.8,0
M01574,Type_01,62.22,1.72,233.4,13.63,2.863,400.8,1
M01575,Type_14,61.11,3.65,213.6,14.62,2.811,912.9,0
M01576,Type_06,60.78,1.07,210.6,11.63,2.204,88.4,0
M01577,Type_14,65.62,1.5,221.2,18.43,3.669,805.8,0
M01578,Type_17,60.43,1.27,215.6,20.03,3.887,127.7,0
M01579,Type_15,57.33,1.15,224.0,15.64,3.153,731.9,0
M01580,Type_04,85.78,3.19,217.3,16.41,3.209,718.7,1
M01581,Type_18,74.18,1.02,214.2,11.37,2.192,71.2,0
M01582,Type_19,84.13,1.94,214.7,8.82,1.704,229.8,0
M01583,Type_17,49.74,2.13,223.7,15.57,3.135,266.3,0
M01584,Type_02,67.5,1.44,221.5,12.38,2.468,806.2,0
M01585,Type_20,67.6,2.26,225.8,17.15,3.485,376.6,0
M01586,Type_03,41.75,0.58,222.0,15.95,3.187,598.0,0
M01587,Type_16,70.21,2.88,215.2,16.29,3.155,457.9,0
M01588,Type_02,71.36,2.0,218.6,14.93,2.937,957.0,0
M01589,Type_07,81.35,2.22,220.0,14.34,2.839,693.9,0
M01590,Type_13,68.86,0.64,212.3,5.26,1.005,306.2,1
M01591,Type_18,66.3,1.7,219.4,9.29,1.834,443.5,1
M01592,Type_16,62.33,2.58,214.4,11.29,2.179,215.4,0
M01593,Type_07,69.16,2.0,222.7,12.32,2.469,551.0,0
M01594,Type_10,58.16,1.95,206.9,20.66,3.847,867.5,0
M01595,Type_15,49.9,2.87,219.4,16.47,3.252,69.0,0
M01596,Type_22,61.43,4.46,224.4,14.88,3.005,578.1,0
M01597,Type_25,74.29,2.24,211.6,12.0,2.285,637.6,0
M01598,Type_08,74.52,1.01,219.9,55.84,11.051,92.9,1
M01599,Type_09,68.39,3.22,220.8,12.19,2.422,147.0,0
M01600,Type_24,64.0,3.02,234.2,12.61,2.658,367.5,1
M01601,Type_09,54.98,1.14,216.5,19.84,3.866,489.8,0
M01602,Type_15,59.14,0.18,223.4,17.87,3.593,359.5,0
M01603,Type_14,116.32,2.49,221.9,14.46,2.888,61.0,1
M01604,Type_16,70.71,3.54,220.2,50.7,10.048,362.6,1
M01605,Type_08,84.89,0.87,217.5,54.13,10.596,877.9,1
M01606,Type_14,76.7,1.41,220.6,14.88,2.954,402.1,0
M01607,Type_12,65.05,1.91,226.3,16.41,3.342,534.9,0
M01608,Type_21,63.54,2.2,206.0,13.52,2.507,573.0,1
M01609,Type_11,55.64,0.54,220.9,16.24,3.229,768.6,0
M01610,Type_17,42.41,2.46,212.5,19.07,3.647,948.0,0
M01611,Type_01,72.29,1.98,215.6,21.94,4.257,698.7,0
M01612,Type_02,49.09,2.53,225.5,15.64,3.174,745.8,0
M01613,Type_17,63.31,1.91,218.3,21.0,4.126,188.3,0
M01614,Type_04,57.9,1.4,217.9,10.6,2.079,842.7,0
M01615,Type_02,50.67,2.37,220.8,11.9,2.365,115.3,0
M01616,Type_13,55.0,1.93,217.2,8.88,1.736,164.4,0
M01617,Type_15,72.42,1.59,220.0,10.48,2.075,198.2,0
M01618,Type_10,48.58,2.61,218.1,17.09,3.355,582.9,0
M01619,Type_18,63.68,2.76,222.1,16.9,3.378,363.9,0
M01620,Type_05,68.09,1.55,217.5,14.39,2.817,560.2,0
M01621,Type_23,80.69,1.34,219.0,22.09,4.354,329.4,0
M01622,Type_15,58.9,3.36,217.2,16.02,3.132,441.9,0
M01623,Type_08,66.18,1.69,213.7,18.62,3.581,909.5,0
M01624,Type_08,61.22,2.04,213.9,18.7,3.6,197.3,0
M01625,Type_20,53.69,1.17,221.6,19.33,3.855,958.9,0
M01626,Type_23,57.63,2.42,221.5,11.5,2.293,337.5,0
M01627,Type_04,78.77,3.01,228.4,44.49,9.145,189.3,1
M01628,Type_02,58.33,3.19,218.6,15.85,3.118,252.6,0
M01629,Type_15,56.42,1.73,223.9,11.93,2.404,478.1,0
M01630,Type_24,40.08,2.27,221.5,18.26,3.64,802.2,0
M01631,Type_23,53.93,1.43,225.4,15.61,3.167,980.6,0
M01632,Type_20,80.01,3.18,209.3,10.66,2.008,905.7,0
M01633,Type_09,68.39,1.64,215.2,15.43,2.988,408.6,0
M01634,Type_25,57.08,3.26,220.0,16.59,3.285,387.7,0
M01635,Type_09,58.53,1.46,225.3,11.78,2.389,289.0,0
M01636,Type_15,83.18,1.43,222.2,19.45,3.89,521.7,0
M01637,Type_17,66.72,3.06,221.4,15.1,3.009,628.2,0
M01638,Type_06,56.02,1.97,219.8,8.76,1.733,255.4,0
M01639,Type_01,55.91,1.8,217.0,18.31,3.576,522.1,0
M01640,Type_06,72.11,3.96,213.3,18.8,3.609,125.6,0
M01641,Type_19,43.61,2.02,223.5,15.99,3.216,411.5,0
M01642,Type_01,66.12,1.39,215.3,17.86,3.461,296.1,0
M01643,Type_09,57.25,2.02,221.9,14.89,2.974,194.0,0
M01644,Type_06,61.63,1.83,223.7,14.86,2.992,855.3,0
M01645,Type_19,52.68,1.08,226.3,18.99,3.868,161.2,0
M01646,Type_08,61.44,1.43,206.6,19.89,3.698,667.7,0
M01647,Type_04,67.41,10.58,214.0,18.01,3.469,248.7,1
M01648,Type_19,60.26,2.54,242.1,13.98,3.046,111.2,1
M01649,Type_20,58.66,3.66,224.1,11.24,2.267,402.2,0
M01650,Type_03,57.51,1.71,225.7,11.67,2.371,497.1,0
M01651,Type_18,70.43,0.87,216.0,12.31,2.393,236.2,0
M01652,Type_04,54.95,1.05,214.1,13.42,2.586,669.8,0
M01653,Type_03,52.51,3.14,218.2,11.94,2.345,654.8,0
M01654,Type_01,43.21,1.57,219.4,16.41,3.24,353.2,0
M01655,Type_17,73.46,1.44,219.8,11.29,2.233,647.4,0
M01656,Type_19,70.86,1.63,217.5,13.3,2.603,754.9,0
M01657,Type_17,62.65,2.13,200.0,12.37,2.227,290.1,1
M01658,Type_02,57.18,2.23,223.3,12.36,2.484,321.8,0
M01659,Type_25,76.53,1.16,216.4,16.45,3.204,693.1,0
M01660,Type_12,76.72,1.23,223.9,15.77,3.178,542.4,0
M01661,Type_07,62.09,2.47,218.3,19.9,3.91,712.0,0
M01662,Type_05,55.86,2.84,219.8,18.28,3.616,657.6,0
M01663,Type_07,67.34,1.55,218.7,14.05,2.765,983.0,0
M01664,Type_07,65.77,0.23,223.0,14.84,2.978,549.6,0
M01665,Type_14,68.43,2.67,220.7,9.52,1.891,664.7,0
M01666,Type_04,58.77,2.67,220.6,14.43,2.865,720.4,0
M01667,Type_10,57.93,1.94,216.4,16.1,3.136,319.8,0
M01668,Type_01,78.06,1.44,221.5,13.33,2.657,136.2,0
M01669,Type_17,63.08,2.78,218.9,15.69,3.091,125.2,0
M01670,Type_08,50.82,1.97,222.8,14.8,2.968,699.9,0
M01671,Type_17,77.87,2.81,223.3,17.48,3.513,335.6,0
M01672,Type_18,78.38,1.42,218.8,17.94,3.533,382.7,0
M01673,Type_13,68.85,1.65,231.6,12.03,2.508,514.6,0
M01674,Type_14,59.52,3.12,227.0,12.36,2.525,647.4,0
M01675,Type_24,60.28,1.69,221.2,14.29,2.845,950.8,0
M01676,Type_07,59.93,2.06,222.6,13.99,2.803,749.5,0
M01677,Type_08,46.73,1.51,220.6,10.86,2.156,456.4,0
M01678,Type_20,52.33,0.45,222.8,12.61,2.529,407.9,0
M01679,Type_22,77.93,1.93,221.0,20.31,4.04,63.3,0
M01680,Type_04,75.83,9.02,225.9,13.08,2.659,128.3,1
M01681,Type_20,64.4,0.1,213.5,15.29,2.938,657.7,0
M01682,Type_01,58.53,3.04,219.0,13.93,2.746,586.0,0
M01683,Type_24,60.24,4.12,223.7,57.32,11.54,633.0,1
M01684,Type_17,72.22,2.15,212.7,16.75,3.206,311.9,0
M01685,Type_17,64.93,1.44,224.5,18.35,3.708,792.3,0
M01686,Type_18,51.24,1.1,222.0,13.02,2.601,586.3,0
M01687,Type_07,59.32,3.39,222.0,17.28,3.453,873.0,0
M01688,Type_09,50.33,1.77,208.7,17.62,3.31,451.4,0
M01689,Type_06,60.13,3.43,225.4,15.26,3.096,527.2,0
M01690,Type_11,63.08,1.58,218.6,16.37,3.221,685.5,0
M01691,Type_21,66.82,2.53,221.5,11.19,2.231,703.6,0
M01692,Type_23,82.58,3.0,215.4,17.15,3.325,922.4,0
M01693,Type_13,57.65,2.44,222.4,13.8,2.762,322.3,0
M01694,Type_15,72.42,2.84,220.2,18.05,3.577,352.2,0
M01695,Type_05,62.64,2.47,222.5,18.53,3.711,232.9,0
M01696,Type_19,68.69,2.44,218.8,17.06,3.359,736.6,0
M01697,Type_25,74.2,0.17,217.5,23.16,4.534,735.5,0
M01698,Type_05,55.21,3.84,226.1,14.22,2.894,457.5,0
M01699,Type_03,58.1,3.22,222.6,14.51,2.907,50.3,0
M01700,Type_21,78.87,1.31,219.1,18.45,3.638,730.1,0
M01701,Type_11,60.87,1.77,221.3,12.4,2.47,791.0,0
M01702,Type_03,62.56,2.12,221.4,18.17,3.621,596.3,0
M01703,Type_19,86.86,1.43,222.4,10.43,2.088,516.2,0
M01704,Type_22,66.34,1.87,220.9,12.75,2.535,507.0,0
M01705,Type_01,46.67,3.43,218.5,19.49,3.833,468.9,0
M01706,Type_01,64.12,2.79,224.1,16.71,3.37,131.9,0
M01707,Type_08,47.51,2.3,225.1,16.02,3.245,222.3,0
M01708,Type_09,59.86,3.24,216.7,11.93,2.327,368.1,0
M01709,Type_04,68.5,2.38,227.2,18.47,3.777,967.4,0
M01710,Type_17,76.4,2.58,224.1,15.67,3.16,365.0,0
M01711,Type_02,65.04,1.29,214.6,16.88,3.26,160.4,0
M01712,Type_14,62.93,1.35,220.9,16.11,3.203,359.6,0
M01713,Type_10,48.98,2.51,222.1,15.57,3.112,643.0,0
M01714,Type_04,55.83,2.16,221.5,17.17,3.423,277.5,0
M01715,Type_14,74.47,0.96,227.3,13.57,2.776,443.4,0
M01716,Type_09,54.8,2.67,227.4,11.83,2.421,344.6,0
M01717,Type_12,59.65,1.41,217.5,12.88,2.521,533.6,0
M01718,Type_16,61.23,1.87,230.0,11.56,2.393,724.0,0
M01719,Type_17,82.47,2.33,217.5,15.94,3.12,309.0,0
M01720,Type_03,60.38,2.6,218.0,8.94,1.754,367.3,0
M01721,Type_07,60.56,1.66,222.1,15.49,3.096,594.5,0
M01722,Type_11,58.11,2.17,219.5,15.4,3.042,450.8,0
M01723,Type_15,79.65,2.82,219.5,15.49,3.06,204.4,0
M01724,Type_18,57.34,1.96,200.0,11.72,2.11,582.0,1
M01725,Type_14,57.17,0.97,213.7,15.81,3.041,634.7,0
M01726,Type_06,57.87,2.53,225.6,20.54,4.17,989.3,0
M01727,Type_02,70.5,0.96,230.2,15.66,3.244,748.5,0
M01728,Type_07,48.13,2.0,219.5,12.84,2.537,100.5,0
M01729,Type_15,52.99,11.71,221.0,13.97,2.779,690.9,1
M01730,Type_03,65.16,3.42,223.2,12.56,2.523,259.7,0
M01731,Type_11,70.15,2.08,222.8,15.15,3.038,584.3,0
M01732,Type_23,53.31,3.47,223.2,12.88,2.587,798.9,0
M01733,Type_05,75.17,3.24,221.4,13.8,2.75,645.1,0
M01734,Type_02,78.42,2.61,224.9,42.46,8.594,678.8,1
M01735,Type_11,73.33,2.03,219.6,9.43,1.864,457.5,0
M01736,Type_12,73.17,2.86,217.0,12.0,2.344,667.5,0
M01737,Type_23,64.47,1.39,217.4,13.66,2.673,465.7,0
M01738,Type_25,74.96,1.94,224.4,16.65,3.363,998.4,0
M01739,Type_03,83.64,1.67,223.7,51.5,10.368,512.2,1
M01740,Type_18,67.82,0.1,200.0,12.08,2.174,284.7,1
M01741,Type_25,56.23,1.88,225.4,14.51,2.943,837.4,0
M01742,Type_15,67.12,1.3,214.1,19.54,3.765,745.5,0
M01743,Type_18,91.52,2.16,223.0,11.7,2.348,666.0,0
M01744,Type_01,56.63,1.52,218.8,11.27,2.219,70.6,0
M01745,Type_13,58.38,1.61,237.3,15.08,3.221,569.1,1
M01746,Type_10,65.67,3.06,230.9,11.36,2.361,783.3,0
M01747,Type_12,65.56,0.71,222.5,13.08,2.619,883.7,0
M01748,Type_17,69.79,2.33,223.5,16.43,3.305,954.2,0
M01749,Type_25,55.3,2.86,217.5,17.76,3.477,563.3,0
M01750,Type_02,71.58,2.34,218.1,17.15,3.366,800.8,0
M01751,Type_19,57.43,2.69,222.5,16.41,3.286,685.5,0
M01752,Type_22,61.36,2.35,215.9,11.18,2.172,655.1,0
M01753,Type_25,68.5,1.37,219.4,16.21,3.201,388.2,0
M01754,Type_18,69.5,1.7,231.9,11.34,2.367,826.3,0
M01755,Type_04,58.06,1.91,219.5,12.6,2.489,54.7,0
M01756,Type_20,69.5,2.7,221.9,19.19,3.832,825.6,0
M01757,Type_23,69.51,2.94,221.1,12.78,2.543,131.0,0
M01758,Type_02,60.55,3.23,223.1,15.62,3.136,55.2,0
M01759,Type_11,72.54,3.65,219.7,4.96,0.981,245.0,1
M01760,Type_17,66.54,2.59,217.5,16.03,3.138,572.7,0
M01761,Type_05,61.12,0.65,220.0,10.7,2.119,509.3,0
M01762,Type_17,62.0,2.39,219.5,12.55,2.479,745.3,0
M01763,Type_24,90.43,2.7,224.3,12.91,2.606,768.9,1
M01764,Type_13,61.31,3.12,218.7,14.21,2.797,93.9,0
M01765,Type_24,76.72,4.39,229.3,2.94,0.607,81.1,1
M01766,Type_13,66.92,1.02,221.0,11.35,2.258,297.6,0
M01767,Type_04,63.39,1.96,228.3,15.4,3.164,224.4,0
M01768,Type_06,56.65,3.87,223.4,14.05,2.825,406.4,0
M01769,Type_15,49.86,2.84,214.4,13.57,2.618,192.1,0
M01770,Type_01,61.12,3.32,220.9,14.75,2.932,274.4,0
M01771,Type_25,60.02,2.0,216.3,13.88,2.702,801.9,0
M01772,Type_11,59.82,0.1,219.5,13.65,2.697,176.9,0
M01773,Type_05,58.71,3.12,218.4,14.97,2.943,626.4,0
M01774,Type_17,70.52,2.15,217.8,18.02,3.532,652.4,0
M01775,Type_03,58.32,2.64,220.1,12.78,2.532,358.4,0
M01776,Type_19,93.52,2.82,216.1,16.27,3.164,296.8,0
M01777,Type_22,51.5,0.71,220.6,15.96,3.169,320.0,0
M01778,Type_16,61.0,2.38,222.9,17.21,3.452,93.3,0
M01779,Type_17,64.32,1.82,224.2,16.1,3.249,415.8,0
M01780,Type_14,56.16,0.55,218.1,14.92,2.929,974.5,0
M01781,Type_24,52.56,2.15,227.7,18.91,3.875,615.0,0
M01782,Type_20,73.71,4.15,214.2,14.87,2.867,72.2,0
M01783,Type_08,49.27,1.32,209.3,13.91,2.62,233.6,0
M01784,Type_19,73.98,2.08,223.6,12.76,2.568,127.8,0
M01785,Type_15,71.9,0.51,221.7,17.26,3.444,894.7,0
M01786,Type_15,79.25,1.35,228.1,20.02,4.11,202.0,0
M01787,Type_03,67.22,0.97,225.1,11.16,2.261,797.8,0
M01788,Type_08,69.75,0.99,217.9,13.12,2.573,423.2,0
M01789,Type_14,66.05,2.04,224.4,12.96,2.617,293.8,0
M01790,Type_23,62.8,2.6,223.1,13.71,2.753,226.0,0
M01791,Type_22,82.85,8.62,220.6,14.46,2.871,813.5,1
M01792,Type_25,63.5,2.49,214.6,12.23,2.362,723.2,0
M01793,Type_15,62.29,3.21,228.9,12.86,2.649,452.7,0
M01794,Type_23,71.69,0.1,218.6,14.44,2.841,61.2,0
M01795,Type_15,76.42,2.22,211.8,10.16,1.937,101.4,0
M01796,Type_02,81.63,3.09,226.4,11.55,2.353,440.0,1
M01797,Type_13,62.35,0.25,212.4,16.63,3.179,485.8,0
M01798,Type_15,47.06,1.1,217.9,14.48,2.84,280.2,0
M01799,Type_15,68.85,2.26,217.0,19.52,3.812,206.4,0
M01800,Type_07,61.2,2.67,216.5,16.05,3.127,590.4,0
M01801,Type_13,61.14,6.6,220.5,10.19,2.022,753.4,1
M01802,Type_15,76.05,2.7,229.0,16.22,3.343,200.2,0
M01803,Type_16,66.1,1.69,225.0,16.82,3.406,492.0,0
M01804,Type_19,58.61,2.72,221.2,9.61,1.913,769.3,0
M01805,Type_16,60.69,0.11,224.9,15.72,3.182,334.4,0
M01806,Type_05,52.84,1.37,226.9,17.7,3.615,253.3,0
M01807,Type_01,113.31,5.63,240.4,54.56,11.805,624.9,1
M01808,Type_10,54.04,1.79,223.7,13.26,2.67,649.9,0
M01809,Type_15,58.93,2.6,219.4,21.54,4.253,724.7,0
M01810,Type_06,44.87,2.36,224.2,15.86,3.2,847.6,0
M01811,Type_14,70.93,1.85,218.8,13.16,2.591,79.3,0
M01812,Type_07,61.1,1.45,219.0,18.79,3.704,181.6,0
M01813,Type_05,69.64,1.86,229.0,8.66,1.785,769.9,1
M01814,Type_24,69.91,3.01,214.3,14.5,2.797,280.9,0
M01815,Type_21,54.85,0.88,222.9,13.39,2.686,353.8,0
M01816,Type_13,64.5,3.14,216.0,11.18,2.173,507.1,0
M01817,Type_15,72.66,1.73,229.3,15.32,3.162,383.4,0
M01818,Type_20,84.8,1.21,215.4,20.64,4.001,149.9,0
M01819,Type_05,55.33,1.39,226.7,16.94,3.456,320.5,0
M01820,Type_14,66.74,1.03,220.3,20.2,4.005,991.3,0
M01821,Type_25,74.05,3.99,223.6,14.69,2.956,402.8,0
M01822,Type_21,79.51,3.15,224.0,9.1,1.835,756.1,1
M01823,Type_16,64.01,1.29,202.6,15.95,2.908,511.0,1
M01824,Type_22,50.58,1.57,218.9,17.69,3.485,150.7,0
M01825,Type_09,58.43,1.87,225.0,12.7,2.572,512.5,0
M01826,Type_22,52.67,1.01,219.2,17.38,3.429,594.6,0
M01827,Type_24,62.15,1.68,216.9,13.75,2.684,694.5,0
M01828,Type_01,72.65,1.17,219.2,15.6,3.078,482.9,0
M01829,Type_20,52.95,2.18,220.9,14.82,2.946,625.4,0
M01830,Type_21,69.58,2.6,217.0,15.98,3.121,532.6,0
M01831,Type_04,72.33,1.61,218.1,16.6,3.258,647.7,0
M01832,Type_22,67.12,4.03,229.7,16.63,3.438,374.7,0
M01833,Type_13,57.07,2.96,226.3,15.76,3.21,916.4,0
M01834,Type_15,76.29,1.2,220.3,18.94,3.755,587.9,0
M01835,Type_23,68.14,1.46,212.8,16.93,3.242,799.8,0
M01836,Type_14,60.44,1.2,220.5,12.33,2.447,148.8,0
M01837,Type_17,68.4,1.35,219.5,12.71,2.511,268.8,0
M01838,Type_14,71.41,3.43,224.0,12.26,2.472,140.2,0
M01839,Type_09,80.06,1.47,216.3,16.59,3.23,427.1,0
M01840,Type_08,102.85,2.59,222.2,13.72,2.744,772.4,1
M01841,Type_12,76.59,0.67,220.9,11.83,2.352,631.7,0
M01842,Type_21,66.63,2.56,217.9,13.4,2.628,281.9,0
M01843,Type_13,61.87,0.76,216.5,15.79,3.077,794.9,0
M01844,Type_02,61.95,0.55,222.0,16.75,3.347,81.5,0
M01845,Type_17,66.96,1.32,200.0,12.04,2.167,181.2,1
M01846,Type_07,64.97,4.09,217.3,15.37,3.006,408.8,0
M01847,Type_10,82.24,1.62,217.9,14.76,2.895,608.1,0
M01848,Type_12,75.9,1.85,200.0,11.67,2.101,996.1,1
M01849,Type_08,59.36,0.4,217.1,10.94,2.138,937.1,0
M01850,Type_22,56.92,0.99,215.1,14.79,2.863,898.0,0
M01851,Type_17,69.07,3.16,219.4,18.22,3.598,51.5,0
M01852,Type_03,69.6,2.85,219.2,16.21,3.198,758.4,0
M01853,Type_01,45.81,1.93,220.2,11.21,2.222,568.4,0
M01854,Type_18,53.47,1.6,222.8,13.83,2.773,653.8,0
M01855,Type_24,68.66,0.1,216.5,14.97,2.917,460.2,0
M01856,Type_20,55.21,0.7,221.9,11.42,2.281,251.3,0
M01857,Type_12,67.69,1.49,221.3,15.83,3.153,365.0,0
M01858,Type_14,53.78,1.18,217.2,12.66,2.475,819.9,0
M01859,Type_09,68.46,1.25,220.3,13.37,2.651,90.1,0
M01860,Type_11,67.16,1.02,218.8,13.85,2.727,505.0,0
M01861,Type_03,59.97,0.46,222.6,21.98,4.403,771.8,0
M01862,Type_06,69.54,3.59,219.9,15.49,3.066,313.0,0
M01863,Type_25,71.7,2.78,212.2,21.33,4.074,378.9,0
M01864,Type_22,60.96,2.5,212.0,16.65,3.177,485.0,0
M01865,Type_19,71.68,1.9,224.4,14.3,2.888,692.5,0
M01866,Type_17,40.22,1.92,217.1,8.26,1.614,102.2,1
M01867,Type_20,68.58,3.12,216.1,17.38,3.38,650.2,0
M01868,Type_01,60.1,3.02,219.3,20.87,4.119,265.1,0
M01869,Type_21,67.5,1.41,218.5,10.84,2.132,804.4,0
M01870,Type_24,65.83,2.42,219.8,12.94,2.56,477.1,0
M01871,Type_01,56.55,1.73,221.1,14.3,2.846,307.6,0
M01872,Type_10,67.66,2.35,217.1,22.33,4.363,789.6,0
M01873,Type_19,65.85,0.1,220.1,14.94,2.959,770.3,0
M01874,Type_01,54.45,2.48,220.9,13.03,2.59,261.0,0
M01875,Type_10,59.89,1.7,216.9,15.64,3.053,270.3,0
M01876,Type_05,68.65,2.32,228.0,16.74,3.435,517.5,0
M01877,Type_16,67.14,1.47,213.5,16.32,3.136,377.3,0
M01878,Type_23,53.9,2.51,242.4,13.71,2.991,369.4,1
M01879,Type_04,76.08,1.07,219.6,13.88,2.743,70.9,0
M01880,Type_17,77.17,3.01,218.1,14.35,2.817,434.9,0
M01881,Type_23,47.83,2.71,212.7,17.63,3.375,112.6,0
M01882,Type_06,75.46,3.15,223.7,15.68,3.157,205.0,0
M01883,Type_07,66.14,0.1,215.4,17.88,3.466,236.1,0
M01884,Type_25,72.28,1.63,214.5,15.94,3.077,974.8,0
M01885,Type_23,74.36,2.22,213.5,11.39,2.189,802.6,0
M01886,Type_19,64.27,2.43,224.8,19.79,4.004,326.2,0
M01887,Type_12,59.28,1.78,219.2,16.91,3.336,798.6,0
M01888,Type_11,56.38,1.42,226.3,55.11,11.224,673.2,1
M01889,Type_05,71.66,1.64,221.7,17.31,3.454,222.7,0
M01890,Type_12,63.75,0.45,221.4,16.63,3.314,221.2,0
M01891,Type_15,74.94,0.4,222.9,13.66,2.74,603.7,0
M01892,Type_16,56.88,2.85,221.4,14.65,2.919,549.5,0
M01893,Type_05,66.01,3.57,223.6,18.91,3.805,445.7,0
M01894,Type_18,66.33,2.46,221.8,14.23,2.841,213.0,0
M01895,Type_24,77.47,0.64,224.6,19.02,3.845,427.1,0
M01896,Type_16,58.03,1.93,225.0,15.08,3.054,703.9,0
M01897,Type_12,58.76,1.5,218.1,18.47,3.625,512.4,0
M01898,Type_14,65.85,2.57,228.6,15.49,3.187,494.8,0
M01899,Type_01,60.98,3.58,213.4,53.45,10.266,106.2,1
M01900,Type_01,60.88,2.98,227.9,14.73,3.021,330.6,0
M01901,Type_15,60.93,0.72,227.4,43.56,8.915,631.1,1
M01902,Type_23,66.37,1.39,219.5,10.37,2.049,853.1,0
M01903,Type_05,57.0,2.62,220.4,12.73,2.525,371.5,0
M01904,Type_17,63.52,1.82,221.4,13.27,2.644,583.3,0
M01905,Type_20,65.28,2.7,220.9,12.16,2.418,416.5,0
M01906,Type_17,93.35,0.1,224.1,13.22,2.666,313.1,1
M01907,Type_04,68.17,1.29,212.6,12.02,2.3,448.1,0
M01908,Type_25,60.61,3.24,221.0,10.84,2.156,118.5,0
M01909,Type_22,49.21,1.57,223.2,10.47,2.103,512.1,0
M01910,Type_02,74.02,2.08,216.6,12.4,2.417,386.1,0
M01911,Type_15,100.71,10.12,239.2,38.49,8.286,729.2,1
M01912,Type_12,64.26,2.67,218.7,13.05,2.569,869.2,0
M01913,Type_08,66.43,2.21,224.9,14.46,2.927,611.1,0
M01914,Type_13,58.0,2.38,219.1,17.39,3.429,521.2,0
M01915,Type_17,67.92,1.98,221.1,16.12,3.208,196.1,0
M01916,Type_11,64.27,1.44,217.2,20.01,3.912,667.0,0
M01917,Type_14,60.04,1.87,223.4,17.34,3.486,329.6,0
M01918,Type_18,48.17,1.43,219.3,14.21,2.805,800.2,0
M01919,Type_02,50.9,0.8,213.3,12.71,2.44,83.7,0
M01920,Type_20,73.56,4.05,219.4,16.62,3.282,237.0,0
M01921,Type_14,70.51,1.86,224.5,19.07,3.853,291.6,0
M01922,Type_25,62.51,1.24,227.3,14.33,2.931,627.1,0
M01923,Type_12,47.17,2.87,222.2,16.4,3.28,640.1,0
M01924,Type_13,59.05,2.47,213.1,13.92,2.67,269.6,0
M01925,Type_02,62.26,1.78,224.1,15.71,3.169,130.5,0
M01926,Type_06,62.23,1.0,218.1,12.37,2.428,612.7,0
M01927,Type_22,65.56,1.38,226.7,17.52,3.575,53.3,0
M01928,Type_05,73.76,1.43,219.4,13.67,2.699,710.0,0
M01929,Type_12,68.12,3.07,222.7,14.72,2.95,232.5,0
M01930,Type_06,75.93,2.15,218.2,13.88,2.726,58.6,0
M01931,Type_10,74.65,1.25,220.7,12.39,2.461,995.4,0
M01932,Type_04,60.29,0.68,222.7,20.44,4.097,704.6,0
M01933,Type_12,66.98,1.15,217.5,13.64,2.67,848.9,0
M01934,Type_13,85.05,5.82,223.5,17.74,3.568,838.0,1
M01935,Type_19,47.1,0.3,218.5,14.13,2.779,59.2,0
M01936,Type_16,68.49,1.46,226.6,16.12,3.288,904.9,0
M01937,Type_22,48.41,3.9,224.3,18.31,3.696,898.0,0
M01938,Type_17,78.45,0.88,221.8,8.82,1.761,258.5,1
M01939,Type_23,71.4,2.98,224.0,17.37,3.502,310.2,0
M01940,Type_14,123.6,0.99,225.4,11.22,2.276,252.2,1
M01941,Type_22,78.12,3.1,220.9,14.22,2.827,557.7,0
M01942,Type_13,69.23,2.57,224.8,14.56,2.946,842.0,0
M01943,Type_19,52.08,1.15,225.7,16.43,3.337,302.5,0
M01944,Type_17,87.2,0.1,220.4,19.85,3.937,867.6,1
M01945,Type_25,66.54,2.82,216.9,14.07,2.747,989.0,0
M01946,Type_22,56.58,1.79,224.8,14.67,2.968,497.5,0
M01947,Type_05,77.05,1.61,222.1,15.09,3.016,617.9,0
M01948,Type_14,80.22,2.33,214.9,15.43,2.984,592.8,0
M01949,Type_12,70.35,1.88,227.0,16.87,3.447,338.4,0
M01950,Type_11,70.46,2.18,229.9,12.52,2.591,748.3,0
M01951,Type_17,67.4,1.53,220.6,11.13,2.21,248.7,0
M01952,Type_05,56.8,1.94,223.9,13.36,2.692,686.8,0
M01953,Type_11,58.31,0.1,225.5,15.33,3.111,448.1,0
M01954,Type_14,67.86,0.89,215.6,16.11,3.126,707.1,0
M01955,Type_21,68.99,0.1,221.2,16.92,3.368,880.9,0
M01956,Type_23,63.14,0.1,220.1,15.07,2.985,88.4,0
M01957,Type_23,82.1,1.71,215.1,13.2,2.555,939.2,0
M01958,Type_16,61.22,1.48,216.0,15.2,2.955,913.6,0
M01959,Type_09,58.84,4.01,227.2,13.12,2.683,702.1,0
M01960,Type_21,74.29,1.48,219.5,14.48,2.861,424.9,0
M01961,Type_01,57.34,2.5,221.2,16.53,3.291,101.1,0
M01962,Type_19,76.69,1.43,221.3,16.22,3.231,668.8,0
M01963,Type_14,53.49,2.07,217.9,11.49,2.253,923.8,0
M01964,Type_18,76.81,2.43,245.9,10.12,2.24,202.1,1
M01965,Type_08,57.22,4.31,218.4,13.83,2.718,969.6,0
M01966,Type_11,61.62,1.6,202.8,13.71,2.502,132.8,1
M01967,Type_01,110.97,2.38,227.4,12.83,2.626,712.5,1
M01968,Type_17,62.75,2.08,215.4,15.46,2.997,185.3,0
M01969,Type_08,63.94,2.09,224.0,14.8,2.984,650.9,0
M01970,Type_02,56.18,2.27,223.6,16.24,3.268,251.0,0
M01971,Type_21,62.24,1.79,215.8,15.74,3.057,979.9,0
M01972,Type_01,84.21,1.68,225.9,8.25,1.677,691.0,0
M01973,Type_08,69.88,1.24,216.4,14.52,2.828,153.3,0
M01974,Type_24,66.17,2.34,211.4,14.87,2.829,77.2,0
M01975,Type_04,66.65,2.21,215.3,12.54,2.43,455.4,0
M01976,Type_04,76.78,2.68,216.3,14.49,2.821,835.1,0
M01977,Type_15,49.09,0.94,214.9,13.07,2.528,266.3,0
M01978,Type_15,62.11,5.03,216.1,12.63,2.456,251.2,0
M01979,Type_11,59.81,1.88,216.7,20.74,4.045,772.0,0
M01980,Type_22,44.59,0.1,224.3,22.53,4.548,71.9,0
M01981,Type_22,71.41,2.8,222.2,13.3,2.66,692.4,0
M01982,Type_14,66.99,0.1,222.4,14.15,2.832,117.5,0
M01983,Type_01,59.37,1.08,220.3,16.99,3.369,649.1,0
M01984,Type_12,67.93,2.77,216.9,17.12,3.342,337.2,0
M01985,Type_17,73.19,7.62,217.2,10.32,2.017,406.3,1
M01986,Type_14,56.9,2.56,215.0,10.2,1.974,457.2,0
M01987,Type_15,77.25,3.58,217.6,15.3,2.996,719.0,0
M01988,Type_22,47.86,4.12,225.7,18.62,3.782,335.9,0
M01989,Type_04,76.0,2.35,219.3,14.04,2.771,666.3,0
M01990,Type_16,54.09,2.63,220.1,14.17,2.807,893.2,0
M01991,Type_10,118.38,2.04,216.0,18.73,3.641,64.5,1
M01992,Type_12,69.37,1.7,213.3,13.05,2.505,698.7,0
M01993,Type_05,56.26,0.46,228.2,13.4,2.752,153.4,0
M01994,Type_09,60.41,1.4,224.3,17.62,3.557,692.0,0
M01995,Type_01,56.92,1.97,217.0,18.96,3.703,684.0,0
M01996,Type_23,100.09,1.54,221.7,15.82,3.157,319.9,1
M01997,Type_15,60.46,2.3,223.2,16.18,3.25,803.2,0
M01998,Type_23,68.07,2.22,228.2,14.46,2.97,850.8,0
M01999,Type_21,45.2,2.44,225.2,15.06,3.052,869.5,0
M02000,Type_16,63.29,1.0,230.1,15.27,3.162,546.4,0
M02001,Type_03,54.89,2.78,222.6,13.83,2.771,678.9,0
M02002,Type_04,66.09,1.28,215.5,14.29,2.772,860.1,0
M02003,Type_04,69.08,1.7,216.6,12.89,2.513,836.5,0
M02004,Type_15,62.35,0.91,219.7,15.97,3.158,635.2,0
M02005,Type_04,46.3,1.4,217.5,15.12,2.96,200.2,0
M02006,Type_25,60.3,1.85,217.4,13.6,2.661,523.2,0
M02007,Type_20,66.8,2.09,215.5,14.71,2.853,787.7,0
M02008,Type_08,39.33,0.57,222.7,9.2,1.844,914.2,1
M02009,Type_01,69.57,2.7,217.4,12.94,2.532,188.6,0
M02010,Type_24,62.12,2.42,223.1,14.45,2.901,175.6,0
M02011,Type_08,87.44,1.33,227.2,15.48,3.165,117.9,0
M02012,Type_11,70.34,1.41,217.3,15.42,3.016,542.6,0
M02013,Type_23,52.1,1.28,227.4,21.68,4.437,613.1,0
M02014,Type_12,91.34,3.05,213.1,17.44,3.345,841.7,0
M02015,Type_08,71.2,1.44,222.3,11.42,2.285,137.1,0
M02016,Type_07,53.84,2.33,200.0,9.14,1.645,376.0,1
M02017,Type_10,75.71,1.94,220.6,15.88,3.153,351.0,0
M02018,Type_07,65.23,3.74,221.7,11.01,2.197,845.7,0
M02019,Type_05,46.89,0.75,216.2,19.42,3.779,830.6,0
M02020,Type_18,61.99,2.76,218.2,15.72,3.087,414.9,0
M02021,Type_16,64.7,2.64,226.0,20.5,4.17,609.8,0
M02022,Type_21,78.35,1.06,225.0,8.08,1.636,642.7,1
M02023,Type_21,56.75,1.63,224.9,14.21,2.876,196.0,0
M02024,Type_11,57.59,2.82,213.3,16.15,3.1,487.9,0
M02025,Type_18,56.14,1.72,215.5,12.75,2.473,214.5,0
M02026,Type_14,58.45,1.05,225.9,12.25,2.491,539.7,0
M02027,Type_17,61.44,3.04,212.9,18.86,3.614,964.7,0
M02028,Type_05,47.47,2.76,219.5,22.18,4.382,338.8,0
M02029,Type_20,66.29,3.54,221.6,12.77,2.547,198.0,0
M02030,Type_07,61.32,1.53,219.9,15.24,3.016,911.0,0
M02031,Type_23,60.51,1.74,222.1,9.02,1.803,288.1,0
M02032,Type_23,60.4,2.92,224.4,18.46,3.728,271.0,0
M02033,Type_11,70.63,2.79,225.3,17.39,3.526,946.2,0
M02034,Type_25,63.55,1.04,218.8,20.01,3.94,146.2,0
M02035,Type_21,62.34,2.11,224.7,7.94,1.606,65.5,1
M02036,Type_03,72.17,1.9,222.2,18.49,3.698,575.7,0
M02037,Type_22,59.28,1.61,231.1,16.69,3.471,895.0,0
M02038,Type_04,47.29,4.73,214.1,17.47,3.366,291.9,0
M02039,Type_16,59.48,1.19,221.7,10.64,2.123,731.5,0
M02040,Type_13,67.54,0.1,219.8,10.6,2.097,153.5,0
M02041,Type_07,63.66,2.31,222.7,17.65,3.538,992.5,0
M02042,Type_18,74.2,2.27,214.7,18.41,3.557,613.0,0
M02043,Type_12,61.61,1.84,223.8,16.28,3.279,694.8,0
M02044,Type_11,72.6,2.71,213.9,18.28,3.519,381.0,0
M02045,Type_08,79.16,0.4,219.9,17.75,3.513,968.4,0
M02046,Type_13,56.09,2.3,222.2,17.12,3.424,443.0,0
M02047,Type_21,47.45,1.6,216.7,10.19,1.987,225.4,0
M02048,Type_14,55.17,1.29,216.1,14.82,2.882,832.3,0
M02049,Type_11,48.44,0.8,212.8,14.49,2.775,253.7,0
M02050,Type_21,59.59,1.85,220.5,17.76,3.524,164.6,0
M02051,Type_12,53.94,2.0,221.1,11.93,2.374,720.2,0
M02052,Type_08,79.93,1.98,229.3,13.2,2.724,846.2,0
M02053,Type_06,54.61,0.78,216.5,22.53,4.39,552.2,0
M02054,Type_16,71.73,2.09,221.8,12.69,2.533,578.3,0
M02055,Type_10,72.66,1.81,226.9,14.33,2.926,981.0,0
M02056,Type_03,69.73,0.75,230.6,14.4,2.989,237.8,0
M02057,Type_04,49.09,1.76,225.0,16.19,3.278,804.9,0
M02058,Type_18,44.36,3.34,213.5,16.91,3.249,621.3,0
M02059,Type_13,67.13,1.45,225.1,14.24,2.885,102.4,0
M02060,Type_09,63.4,0.85,218.6,11.97,2.355,702.7,0
M02061,Type_16,96.0,3.16,221.0,15.51,3.085,236.1,0
M02062,Type_06,75.21,0.93,217.5,12.67,2.48,315.0,0
M02063,Type_18,56.59,3.25,217.2,14.89,2.911,891.6,0
M02064,Type_24,72.78,1.22,223.2,17.4,3.495,817.5,0
M02065,Type_05,123.25,10.94,248.7,45.93,10.281,726.7,1
M02066,Type_12,61.55,1.32,218.3,20.8,4.087,911.2,0
M02067,Type_06,95.29,1.22,216.7,12.87,2.51,598.9,1
M02068,Type_04,58.45,9.74,223.1,12.81,2.572,758.3,1
M02069,Type_15,60.36,0.72,222.0,10.23,2.044,340.3,0
M02070,Type_22,59.22,3.26,226.8,17.74,3.621,137.9,0
M02071,Type_03,67.54,1.05,214.8,13.33,2.577,911.6,0
M02072,Type_03,55.68,0.1,216.0,18.32,3.561,979.4,0
M02073,Type_21,57.42,2.75,228.1,13.87,2.847,934.2,0
M02074,Type_06,58.22,1.85,224.4,6.75,1.363,171.3,1
M02075,Type_18,54.15,2.85,226.1,13.0,2.645,864.0,0
M02076,Type_18,56.76,2.15,219.3,14.02,2.767,207.3,0
M02077,Type_25,57.01,3.99,226.5,13.04,2.658,930.8,0
M02078,Type_01,66.03,0.28,221.4,10.01,1.995,96.5,0
M02079,Type_09,116.66,6.46,249.9,33.63,7.564,85.8,1
M02080,Type_13,75.74,2.55,216.7,16.91,3.298,443.3,0
M02081,Type_15,67.44,1.7,218.8,41.87,8.245,752.4,1
M02082,Type_24,52.85,2.46,218.9,14.52,2.861,953.2,0
M02083,Type_16,61.24,2.71,220.1,21.0,4.16,126.9,0
M02084,Type_12,106.26,6.99,243.4,40.23,8.813,683.1,1
M02085,Type_08,88.48,2.59,218.7,17.01,3.348,948.4,0
M02086,Type_03,60.44,0.88,220.9,17.01,3.382,746.3,0
M02087,Type_16,56.02,0.47,218.2,16.77,3.293,961.9,0
M02088,Type_17,62.62,2.07,223.0,13.3,2.669,238.5,0
M02089,Type_19,72.53,1.85,223.5,14.32,2.88,454.1,0
M02090,Type_11,53.2,2.47,224.9,16.38,3.315,976.0,0
M02091,Type_13,47.18,2.25,227.9,12.81,2.627,741.3,0
M02092,Type_24,56.68,2.06,224.9,19.24,3.894,598.3,0
M02093,Type_18,71.42,2.94,211.8,11.72,2.234,498.8,0
M02094,Type_24,41.04,1.16,218.9,12.89,2.539,563.7,0
M02095,Type_05,63.46,10.39,215.9,14.6,2.837,686.0,1
M02096,Type_23,70.94,1.39,224.0,13.78,2.778,774.3,0
M02097,Type_12,59.04,3.92,215.1,19.58,3.79,71.0,0
M02098,Type_04,49.04,1.56,220.5,16.88,3.35,808.9,0
M02099,Type_01,74.54,1.43,214.7,18.34,3.544,949.5,0
M02100,Type_15,57.84,2.57,218.6,13.72,2.699,372.2,0
M02101,Type_06,55.3,1.31,221.2,15.56,3.098,389.3,0
M02102,Type_01,56.89,3.32,222.2,57.54,11.507,438.3,1
M02103,Type_21,72.64,3.28,218.2,13.76,2.702,404.0,0
M02104,Type_07,55.97,1.97,233.6,13.54,2.847,999.7,1
M02105,Type_07,70.76,2.29,222.7,18.06,3.62,945.1,0
M02106,Type_11,96.67,2.19,221.8,17.77,3.547,573.1,1
M02107,Type_06,51.04,0.32,218.6,21.44,4.218,648.5,0
M02108,Type_11,71.43,1.84,222.1,15.34,3.066,50.4,0
M02109,Type_21,64.61,2.66,224.1,17.24,3.477,550.8,0
M02110,Type_12,62.62,0.97,210.9,14.22,2.699,102.0,0
M02111,Type_23,62.02,2.64,230.2,16.26,3.369,289.7,0
M02112,Type_21,62.75,1.75,217.6,13.19,2.583,944.0,0
M02113,Type_14,73.86,1.19,231.5,14.1,2.938,593.5,1
M02114,Type_01,64.89,2.56,225.4,15.2,3.083,979.6,0
M02115,Type_03,66.59,1.14,215.4,17.14,3.323,223.1,0
M02116,Type_12,59.81,2.87,215.7,11.76,2.283,531.1,0
M02117,Type_25,72.19,1.24,214.6,8.89,1.717,332.0,0
M02118,Type_22,51.43,2.63,219.3,9.14,1.804,807.5,0
M02119,Type_25,48.0,0.34,223.1,14.19,2.849,432.7,0
M02120,Type_23,79.46,1.61,222.6,14.57,2.919,849.8,0
M02121,Type_10,49.5,2.34,219.2,13.76,2.715,300.5,0
M02122,Type_12,79.57,1.62,229.0,10.76,2.218,281.6,0
M02123,Type_16,76.38,2.02,213.9,16.93,3.259,378.3,0
M02124,Type_10,56.09,2.41,228.2,18.68,3.836,804.9,0
M02125,Type_22,62.56,0.91,220.2,39.04,7.737,559.2,1
M02126,Type_24,59.77,2.51,222.5,16.69,3.342,765.1,0
M02127,Type_06,71.5,1.57,224.5,14.99,3.029,274.4,0
M02128,Type_15,62.3,2.92,221.6,15.59,3.109,330.6,0
M02129,Type_17,52.95,2.06,225.3,12.41,2.516,684.0,0
M02130,Type_11,67.26,1.9,221.1,15.18,3.021,684.0,0
M02131,Type_05,61.65,2.15,214.2,14.33,2.763,614.0,0
M02132,Type_11,61.62,0.66,226.1,12.76,2.597,264.6,0
M02133,Type_12,72.59,2.24,209.1,15.17,2.855,550.1,0
M02134,Type_07,69.78,2.88,223.3,9.39,1.887,328.7,0
M02135,Type_19,65.93,2.6,219.4,16.81,3.319,477.6,0
M02136,Type_08,55.18,1.9,221.8,52.26,10.432,755.2,1
M02137,Type_17,73.2,1.2,218.5,19.26,3.787,225.8,0
M02138,Type_02,72.94,1.64,214.4,15.99,3.085,541.3,0
M02139,Type_13,36.68,2.4,232.3,12.76,2.668,719.3,0
M02140,Type_14,65.86,1.2,224.2,18.23,3.678,254.6,0
M02141,Type_06,51.99,10.29,225.2,14.42,2.923,849.5,1
M02142,Type_02,67.02,2.65,214.0,18.05,3.476,413.2,0
M02143,Type_12,70.4,2.81,220.4,13.33,2.644,472.1,0
M02144,Type_09,54.96,2.36,222.0,11.11,2.22,635.8,0
M02145,Type_05,65.79,2.7,228.9,12.05,2.482,234.8,0
M02146,Type_05,70.72,3.69,224.5,11.55,2.334,602.5,0
M02147,Type_08,70.69,1.03,214.8,12.29,2.376,120.6,0
M02148,Type_04,58.96,2.8,221.5,15.55,3.1,286.2,0
M02149,Type_20,54.92,2.98,222.2,14.62,2.924,295.5,0
M02150,Type_22,67.43,2.79,228.0,13.52,2.774,919.9,0
M02151,Type_24,68.07,0.26,200.0,10.93,1.967,178.9,1
M02152,Type_03,67.63,1.62,229.0,15.48,3.19,280.1,0
M02153,Type_24,63.35,2.78,225.6,15.11,3.068,441.2,0
M02154,Type_14,51.6,2.8,217.9,17.48,3.428,844.5,0
M02155,Type_02,58.56,2.59,220.2,14.65,2.903,365.2,0
M02156,Type_18,69.5,1.25,218.1,17.3,3.396,960.9,0
M02157,Type_13,82.24,1.08,221.1,19.92,3.964,373.5,0
M02158,Type_02,68.63,1.89,223.6,13.73,2.763,222.9,0
M02159,Type_21,65.14,3.53,217.8,15.28,2.995,531.3,0
M02160,Type_21,61.31,2.13,214.7,14.26,2.755,212.8,0
M02161,Type_18,115.9,2.88,225.5,13.92,2.825,691.1,1
M02162,Type_07,69.06,4.98,220.8,7.42,1.475,824.8,1
M02163,Type_11,54.92,2.22,205.6,16.67,3.085,702.3,1
M02164,Type_19,51.12,2.44,216.7,13.73,2.678,352.6,0
M02165,Type_05,69.47,0.65,217.0,18.21,3.556,731.0,0
M02166,Type_02,80.5,0.76,230.2,18.09,3.748,973.8,1
M02167,Type_12,74.25,4.89,223.0,11.74,2.356,877.3,1
M02168,Type_10,66.79,2.55,222.9,16.8,3.37,503.5,0
M02169,Type_18,60.07,1.78,216.2,16.78,3.265,512.9,0
M02170,Type_09,75.01,3.52,221.8,14.21,2.837,234.5,0
M02171,Type_15,61.86,0.99,213.3,14.41,2.766,725.0,0
M02172,Type_09,66.09,2.62,212.4,21.55,4.119,238.1,0
M02173,Type_05,56.95,2.2,224.8,13.39,2.709,632.5,0
M02174,Type_12,53.98,0.89,223.0,10.37,2.081,501.5,0
M02175,Type_25,72.59,1.96,222.0,14.0,2.797,139.9,0
M02176,Type_12,66.6,3.89,218.8,34.4,6.774,158.9,1
M02177,Type_06,72.29,1.55,223.0,47.5,9.533,583.7,1
M02178,Type_19,49.63,2.36,221.4,15.52,3.093,877.3,0
M02179,Type_20,71.71,1.6,217.5,17.59,3.443,882.1,0
M02180,Type_24,57.43,2.39,224.8,12.67,2.563,320.3,0
M02181,Type_06,80.46,2.15,229.6,14.05,2.903,354.2,0
M02182,Type_03,47.54,2.31,222.4,18.47,3.697,982.2,0
M02183,Type_22,87.24,2.7,226.1,18.66,3.797,800.5,0
M02184,Type_09,54.26,4.53,221.2,16.27,3.239,412.8,0
M02185,Type_21,54.73,2.67,215.3,9.18,1.779,576.4,1
M02186,Type_11,54.76,1.89,231.7,11.25,2.346,995.6,0
M02187,Type_13,42.31,2.94,213.4,14.68,2.819,237.6,0
M02188,Type_25,64.34,1.32,220.7,19.57,3.887,107.6,0
M02189,Type_19,74.91,1.94,216.3,12.71,2.474,521.0,0
M02190,Type_25,53.2,2.48,218.4,16.39,3.222,436.6,0
M02191,Type_14,65.51,3.02,206.2,15.22,2.825,853.5,0
M02192,Type_08,77.9,1.2,229.9,13.49,2.791,389.7,0
M02193,Type_18,59.23,1.31,223.4,15.01,3.018,770.9,0
M02194,Type_12,78.86,3.89,219.6,15.34,3.032,654.7,0
M02195,Type_02,69.88,1.43,224.9,19.62,3.971,473.2,0
M02196,Type_17,57.95,1.55,218.8,13.54,2.666,786.4,0
M02197,Type_05,57.79,1.24,214.5,15.69,3.029,177.7,0
M02198,Type_04,69.78,2.47,222.9,11.53,2.313,178.1,0
M02199,Type_13,64.27,0.42,216.4,43.16,8.406,517.0,1
M02200,Type_09,51.84,1.99,214.9,16.54,3.199,893.7,0
M02201,Type_05,59.81,2.41,216.2,16.62,3.234,227.5,0
M02202,Type_12,59.73,1.48,226.8,14.82,3.025,474.6,0
M02203,Type_17,57.7,1.65,222.3,19.04,3.809,971.2,0
M02204,Type_04,65.01,3.61,214.3,16.78,3.236,261.8,0
M02205,Type_25,67.83,0.53,216.3,13.26,2.581,565.6,0
M02206,Type_21,50.25,2.67,215.0,10.41,2.014,88.6,0
M02207,Type_19,64.22,3.37,218.5,13.64,2.682,416.9,0
M02208,Type_23,67.93,4.18,219.7,18.01,3.561,182.7,0
M02209,Type_11,61.89,1.25,221.7,17.12,3.416,749.4,0
M02210,Type_04,78.19,2.06,218.3,17.45,3.428,377.1,0
M02211,Type_15,52.17,3.11,220.9,14.29,2.841,731.5,0
M02212,Type_02,48.1,2.62,222.2,15.34,3.068,552.4,0
M02213,Type_06,62.0,1.81,208.7,15.75,2.958,374.7,0
M02214,Type_01,76.51,1.91,203.1,20.83,3.808,636.4,1
M02215,Type_11,66.77,2.39,214.8,15.75,3.045,130.2,0
M02216,Type_16,82.82,1.26,223.2,9.39,1.886,899.3,0
M02217,Type_06,57.02,0.1,219.8,13.74,2.718,250.2,0
M02218,Type_23,63.85,2.91,214.4,12.15,2.344,128.3,0
M02219,Type_12,64.24,1.65,214.5,14.83,2.863,986.5,0
M02220,Type_23,58.34,0.1,213.8,16.64,3.202,503.2,0
M02221,Type_13,68.82,0.99,220.7,14.17,2.815,673.0,0
M02222,Type_19,76.11,2.66,227.8,14.69,3.012,831.0,0
M02223,Type_11,57.03,1.43,216.4,14.3,2.785,142.5,0
M02224,Type_05,64.15,1.79,220.0,16.99,3.364,438.5,0
M02225,Type_14,63.37,2.17,222.9,8.29,1.663,426.2,0
M02226,Type_07,67.4,2.95,231.4,16.17,3.368,703.2,0
M02227,Type_20,68.44,0.21,223.4,14.41,2.897,466.0,0
M02228,Type_02,66.24,1.09,224.1,18.36,3.703,957.3,0
M02229,Type_04,61.31,3.02,216.9,16.81,3.281,542.1,0
M02230,Type_11,61.72,2.56,244.9,14.6,3.218,386.2,1
M02231,Type_18,59.09,0.33,229.0,21.79,4.491,719.3,0
M02232,Type_04,60.32,3.1,215.1,14.92,2.888,585.7,0
M02233,Type_09,71.77,2.16,221.7,19.76,3.943,181.9,0
M02234,Type_07,62.02,1.35,232.1,7.99,1.669,567.9,1
M02235,Type_14,60.67,1.19,218.5,18.61,3.66,870.1,0
M02236,Type_22,63.24,0.52,220.6,16.05,3.187,74.6,0
M02237,Type_13,57.13,1.73,227.6,12.84,2.63,308.5,0
M02238,Type_16,49.56,1.78,212.9,14.87,2.849,426.7,0
M02239,Type_10,72.22,1.81,227.4,13.58,2.779,178.5,0
M02240,Type_21,84.27,3.19,222.3,17.95,3.591,536.4,1
M02241,Type_16,56.33,3.61,213.3,4.74,0.91,667.2,1
M02242,Type_24,68.34,3.16,219.3,18.28,3.608,579.9,0
M02243,Type_12,67.01,2.45,224.3,14.55,2.937,260.9,0
M02244,Type_02,64.71,2.72,210.6,16.11,3.053,152.7,0
M02245,Type_11,74.77,0.85,216.3,15.24,2.967,655.7,0
M02246,Type_12,65.02,0.11,209.0,19.76,3.717,272.6,0
M02247,Type_15,64.98,0.92,224.7,14.77,2.987,749.2,0
M02248,Type_20,67.28,2.45,215.2,16.08,3.114,826.7,0
M02249,Type_08,55.85,2.03,211.4,14.18,2.698,409.8,0
M02250,Type_11,49.48,2.08,223.0,50.06,10.047,673.4,1
M02251,Type_05,66.31,0.88,224.7,9.28,1.877,324.7,1
M02252,Type_17,67.29,2.23,218.3,15.4,3.026,705.8,0
M02253,Type_06,70.77,0.95,214.2,12.45,2.4,786.2,0
M02254,Type_23,68.64,4.04,217.3,20.46,4.001,620.3,0
M02255,Type_05,63.18,0.44,219.0,13.79,2.718,639.9,0
M02256,Type_15,62.01,0.51,220.6,10.79,2.142,614.5,0
M02257,Type_24,64.74,2.18,218.1,9.43,1.851,918.7,0
M02258,Type_16,76.09,2.48,215.6,17.55,3.405,795.1,0
M02259,Type_10,69.11,2.65,211.8,18.17,3.464,694.2,0
M02260,Type_18,69.15,2.2,223.0,14.63,2.936,582.6,0
M02261,Type_22,78.08,2.65,215.4,11.17,2.165,919.4,0
M02262,Type_03,87.33,1.89,219.7,5.93,1.173,540.9,1
M02263,Type_02,51.04,2.56,225.5,20.32,4.124,786.0,0
M02264,Type_09,67.91,2.34,216.2,14.97,2.913,686.5,0
M02265,Type_15,72.59,1.21,227.8,17.87,3.664,397.7,0
M02266,Type_03,83.38,2.1,220.4,16.37,3.247,658.7,1
M02267,Type_04,85.16,1.64,221.2,14.76,2.938,776.8,1
M02268,Type_22,74.96,0.21,228.6,21.18,4.358,911.1,0
M02269,Type_12,84.35,3.24,220.9,13.72,2.728,415.1,0
M02270,Type_15,72.53,2.06,220.7,13.69,2.719,386.8,0
M02271,Type_06,49.89,2.38,212.9,11.19,2.144,697.9,0
M02272,Type_14,54.35,1.3,225.5,15.19,3.083,711.6,0
M02273,Type_12,65.67,2.77,232.2,19.86,4.15,981.0,0
M02274,Type_12,69.6,2.13,232.2,14.36,3.001,672.8,0
M02275,Type_04,73.07,1.26,223.1,16.7,3.353,254.8,0
M02276,Type_18,65.42,1.74,217.4,10.81,2.115,729.1,0
M02277,Type_02,68.1,2.46,218.6,15.27,3.004,212.3,0
M02278,Type_17,50.44,1.39,217.1,15.77,3.081,190.5,0
M02279,Type_07,65.06,2.87,211.8,10.69,2.038,546.5,0
M02280,Type_16,65.07,2.63,225.3,16.82,3.411,485.3,0
M02281,Type_09,69.86,2.14,219.4,13.34,2.634,482.7,0
M02282,Type_14,58.26,1.42,224.3,16.12,3.254,325.9,0
M02283,Type_12,85.74,3.07,220.7,16.21,3.22,276.1,0
M02284,Type_10,68.23,1.61,223.6,12.52,2.52,290.5,0
M02285,Type_11,72.57,0.1,216.5,14.62,2.849,531.4,0
M02286,Type_19,80.9,3.85,226.8,12.28,2.507,416.0,0
M02287,Type_04,80.75,2.59,214.1,11.7,2.254,225.1,0
M02288,Type_12,51.55,1.85,217.0,19.59,3.826,393.9,0
M02289,Type_02,69.58,0.7,227.1,12.94,2.645,79.6,0
M02290,Type_25,56.81,1.41,219.4,9.88,1.951,483.1,0
M02291,Type_21,56.29,1.27,225.0,14.28,2.892,392.1,0
M02292,Type_22,65.72,2.02,225.1,16.48,3.339,187.2,0
M02293,Type_16,66.6,0.75,211.3,16.01,3.045,637.5,0
M02294,Type_09,61.42,2.55,215.3,14.15,2.742,957.2,0
M02295,Type_16,84.44,1.89,229.2,13.59,2.803,261.9,0
M02296,Type_14,60.11,1.34,226.0,4.3,0.875,693.9,1
M02297,Type_03,65.91,0.86,213.7,15.85,3.048,929.8,0
M02298,Type_15,46.24,2.16,223.3,15.25,3.065,700.3,0
M02299,Type_04,80.26,2.57,216.5,12.07,2.352,472.9,0
M02300,Type_04,59.13,1.69,220.1,16.27,3.223,636.7,0
M02301,Type_21,62.44,2.77,214.1,15.35,2.958,785.3,0
M02302,Type_20,66.8,2.4,216.9,20.49,4.0,494.4,0
M02303,Type_14,58.33,0.73,221.8,16.71,3.336,138.7,0
M02304,Type_11,75.78,1.34,228.7,12.76,2.626,366.7,0
M02305,Type_22,54.92,2.75,220.9,14.47,2.877,427.2,0
M02306,Type_08,53.38,1.16,237.2,12.92,2.758,882.8,1
M02307,Type_09,61.55,2.63,200.0,9.69,1.744,711.0,1
M02308,Type_06,87.74,3.91,210.8,15.38,2.918,155.4,1
M02309,Type_11,59.59,4.01,223.7,13.68,2.754,555.6,0
M02310,Type_02,77.51,2.68,220.2,10.69,2.119,229.4,0
M02311,Type_24,42.57,1.44,225.6,15.43,3.133,305.5,0
M02312,Type_16,53.21,2.24,220.6,15.99,3.175,298.2,0
M02313,Type_04,67.22,2.81,213.1,13.92,2.67,99.9,0
M02314,Type_18,52.87,2.08,223.3,18.43,3.704,70.5,0
M02315,Type_04,70.64,2.67,219.5,15.2,3.003,479.1,0
M02316,Type_03,68.87,0.98,218.4,10.2,2.005,731.1,0
M02317,Type_11,65.75,1.6,224.6,15.55,3.143,132.1,0
M02318,Type_17,71.43,3.56,220.5,14.44,2.866,835.8,0
M02319,Type_04,80.73,2.45,222.6,12.54,2.512,919.3,0
M02320,Type_08,72.78,2.92,222.3,16.35,3.271,135.6,0
M02321,Type_10,76.22,0.6,220.1,16.41,3.251,293.9,0
M02322,Type_15,67.32,0.7,218.9,21.39,4.214,186.1,0
M02323,Type_10,72.21,1.94,206.2,14.86,2.758,113.8,0
M02324,Type_18,65.86,1.96,229.8,14.41,2.98,837.8,0
M02325,Type_02,51.2,2.15,213.2,18.17,3.486,629.1,0
M02326,Type_21,70.56,2.05,217.0,16.36,3.195,481.5,0
M02327,Type_09,62.23,2.38,216.2,8.87,1.726,725.3,1
M02328,Type_06,69.74,2.11,226.4,18.23,3.715,800.2,0
M02329,Type_08,59.7,2.53,213.0,16.42,3.148,822.6,0
M02330,Type_06,64.62,0.57,222.9,18.74,3.759,474.2,0
M02331,Type_09,69.29,1.25,216.9,16.31,3.184,830.6,0
M02332,Type_02,56.62,2.56,221.5,17.01,3.391,548.0,0
M02333,Type_04,79.75,0.48,219.0,20.25,3.991,329.1,0
M02334,Type_08,51.1,0.14,213.7,14.82,2.85,420.6,0
M02335,Type_23,60.48,4.64,221.7,17.61,3.514,867.5,0
M02336,Type_15,76.25,1.71,220.3,19.49,3.864,579.6,0
M02337,Type_01,49.27,3.6,239.0,15.85,3.409,915.8,1
M02338,Type_11,72.66,1.24,223.2,16.38,3.29,730.4,0
M02339,Type_06,80.82,1.93,229.1,9.91,2.043,860.3,0
M02340,Type_18,47.72,1.68,229.5,16.07,3.319,211.2,0
M02341,Type_15,66.44,1.74,219.1,14.76,2.911,304.5,0
M02342,Type_17,58.02,0.11,225.8,17.73,3.603,358.1,0
M02343,Type_02,65.32,3.62,220.1,13.67,2.708,858.7,0
M02344,Type_22,71.96,2.9,221.2,11.87,2.363,996.9,0
M02345,Type_25,62.63,1.61,220.0,7.58,1.501,512.7,1
M02346,Type_23,62.45,1.43,217.4,18.51,3.622,896.4,0
M02347,Type_22,69.36,1.16,220.1,16.01,3.171,434.1,0
M02348,Type_15,68.24,0.95,210.5,19.81,3.753,153.2,0
M02349,Type_03,93.99,2.13,229.7,15.46,3.196,736.1,1
M02350,Type_20,79.62,1.03,219.3,9.65,1.905,601.9,0
M02351,Type_24,61.92,1.55,200.0,13.16,2.369,967.7,1
M02352,Type_20,76.79,2.25,224.3,11.48,2.317,810.4,0
M02353,Type_13,55.7,2.0,233.8,14.31,3.011,183.3,0
M02354,Type_06,80.24,3.9,219.9,15.97,3.161,905.6,0
M02355,Type_20,62.35,0.28,224.0,18.53,3.736,336.2,0
M02356,Type_25,57.35,3.98,223.8,19.68,3.964,977.5,0
M02357,Type_04,62.06,1.3,215.6,41.43,8.039,445.2,1
M02358,Type_07,75.06,2.93,219.7,11.07,2.189,955.2,0
M02359,Type_23,53.84,1.09,221.1,17.93,3.568,986.8,0
M02360,Type_09,65.69,2.22,227.8,12.98,2.661,378.5,0
M02361,Type_06,59.42,0.1,222.0,18.98,3.792,759.2,0
M02362,Type_12,70.56,0.1,221.1,9.52,1.894,457.9,0
M02363,Type_24,78.07,3.17,219.3,14.5,2.862,317.1,0
M02364,Type_04,50.63,3.93,217.2,17.53,3.427,614.3,0
M02365,Type_03,90.15,1.79,226.0,17.25,3.509,380.4,1
M02366,Type_25,76.84,2.3,223.4,16.34,3.285,237.1,0
M02367,Type_02,79.47,1.55,216.3,17.2,3.348,214.5,0
M02368,Type_08,74.77,2.17,233.3,14.08,2.956,149.6,0
M02369,Type_03,66.29,3.25,214.4,15.8,3.049,705.0,0
M02370,Type_11,103.39,1.73,212.2,16.22,3.098,208.9,1
M02371,Type_05,64.36,0.48,221.3,12.86,2.561,744.7,0
M02372,Type_18,63.94,2.83,210.7,17.66,3.349,815.8,0
M02373,Type_23,51.71,3.02,215.1,17.24,3.337,129.1,0
M02374,Type_01,56.73,1.2,225.2,14.82,3.004,338.4,0
M02375,Type_19,61.82,2.64,222.8,15.8,3.168,534.9,0
M02376,Type_17,64.77,1.72,215.6,12.67,2.458,515.8,0
M02377,Type_17,70.29,3.11,240.9,13.06,2.832,780.4,1
M02378,Type_05,51.47,3.02,219.6,11.82,2.336,314.9,0
M02379,Type_08,56.48,3.36,219.3,18.2,3.592,891.1,0
M02380,Type_17,41.58,0.1,226.2,9.98,2.032,166.7,0
M02381,Type_17,45.79,1.54,222.4,12.53,2.508,237.6,0
M02382,Type_18,55.28,3.23,217.1,12.39,2.421,937.5,0
M02383,Type_05,79.21,10.32,216.7,17.24,3.362,119.1,1
M02384,Type_12,71.2,1.26,216.7,12.64,2.465,56.4,0
M02385,Type_17,62.03,1.52,218.8,16.28,3.206,224.4,0
M02386,Type_18,63.97,2.54,222.3,16.64,3.329,142.8,0
M02387,Type_09,74.58,2.91,219.8,15.61,3.088,974.7,0
M02388,Type_13,64.8,0.46,218.1,15.57,3.056,322.2,0
M02389,Type_22,62.52,0.1,219.8,17.68,3.497,243.2,0
M02390,Type_16,74.85,2.36,227.8,10.67,2.188,686.8,0
M02391,Type_24,52.92,1.6,244.4,19.27,4.239,378.9,1
M02392,Type_22,69.01,2.67,212.2,18.08,3.453,429.4,0
M02393,Type_10,48.61,1.4,228.5,11.66,2.398,979.4,0
M02394,Type_13,49.9,2.29,219.0,42.73,8.422,802.3,1
M02395,Type_18,50.04,1.16,217.5,13.4,2.623,113.0,0
M02396,Type_13,66.15,1.87,220.0,13.02,2.578,298.3,0
M02397,Type_04,89.97,9.39,252.3,43.76,9.937,460.5,1
M02398,Type_13,75.89,2.56,229.2,14.96,3.086,304.9,0
M02399,Type_20,72.32,2.25,217.7,14.2,2.782,593.9,0
M02400,Type_01,67.15,0.95,225.7,17.0,3.453,398.3,0
M02401,Type_01,53.63,1.58,222.5,18.73,3.751,677.9,0
M02402,Type_18,59.92,2.4,213.4,18.0,3.457,101.8,0
M02403,Type_07,65.66,2.79,221.8,18.43,3.679,379.7,0
M02404,Type_16,53.39,3.62,222.5,15.34,3.072,232.1,0
M02405,Type_17,78.12,0.37,223.2,14.85,2.983,728.9,0
M02406,Type_03,68.79,1.18,218.2,15.43,3.03,311.8,0
M02407,Type_24,88.62,10.78,234.0,53.39,11.244,117.0,1
M02408,Type_02,72.14,1.85,219.3,14.41,2.844,694.6,0
M02409,Type_15,54.54,1.78,220.2,8.0,1.585,528.1,0
M02410,Type_14,62.26,1.49,224.3,17.73,3.579,827.4,0
M02411,Type_17,46.97,2.75,217.0,14.68,2.867,528.3,0
M02412,Type_11,58.03,2.36,214.0,13.51,2.602,465.8,0
M02413,Type_06,65.12,2.35,218.3,17.58,3.454,525.3,0
M02414,Type_13,72.1,1.28,220.2,10.83,2.146,830.9,0
M02415,Type_01,73.91,0.99,227.6,18.62,3.814,864.6,0
M02416,Type_12,70.7,2.43,219.1,17.77,3.504,977.2,0
M02417,Type_10,63.24,1.64,200.0,15.12,2.722,362.7,1
M02418,Type_07,82.93,1.32,214.1,17.0,3.276,972.6,0
M02419,Type_15,69.88,2.5,223.8,10.6,2.135,533.9,0
M02420,Type_25,84.48,2.93,232.1,13.38,2.795,410.6,0
M02421,Type_19,85.21,2.32,245.5,16.31,3.604,671.8,1
M02422,Type_04,78.68,2.11,216.6,1.34,0.261,567.1,1
M02423,Type_19,64.55,1.98,218.7,10.23,2.014,259.0,0
M02424,Type_12,87.06,3.87,219.6,17.76,3.51,251.1,0
M02425,Type_16,70.43,0.81,225.5,14.29,2.9,543.6,0
M02426,Type_25,70.91,1.36,217.4,12.89,2.522,384.3,0
M02427,Type_04,59.41,3.31,222.3,14.34,2.869,974.6,0
M02428,Type_23,60.75,4.16,226.0,4.14,0.842,414.0,1
M02429,Type_18,63.44,2.6,226.9,16.8,3.431,376.8,0
M02430,Type_04,82.95,2.65,227.4,18.95,3.878,613.8,1
M02431,Type_19,54.1,0.69,222.8,12.8,2.567,114.2,0
M02432,Type_23,60.26,1.27,225.4,17.59,3.568,679.8,0
M02433,Type_14,53.53,2.58,211.8,15.11,2.88,232.0,0
M02434,Type_01,70.62,0.83,221.3,13.48,2.685,554.8,0
M02435,Type_04,71.46,2.07,220.8,15.87,3.154,355.7,0
M02436,Type_14,76.47,0.55,214.5,11.24,2.17,216.2,0
M02437,Type_19,48.08,1.79,210.7,13.03,2.471,278.2,0
M02438,Type_05,68.82,2.18,218.4,11.44,2.249,992.0,0
M02439,Type_23,76.8,3.04,216.2,20.05,3.901,126.8,0
M02440,Type_24,58.92,2.58,218.8,12.85,2.53,787.4,0
M02441,Type_02,68.38,0.1,222.6,16.13,3.231,999.5,0
M02442,Type_02,77.46,1.67,228.8,14.75,3.037,586.6,0
M02443,Type_14,52.5,1.41,217.6,10.05,1.968,849.5,0
M02444,Type_09,56.98,1.3,216.4,12.81,2.495,623.7,0
M02445,Type_17,49.22,2.94,218.3,11.01,2.163,342.7,0
M02446,Type_15,64.06,1.43,227.0,16.57,3.385,795.6,0
M02447,Type_12,65.65,0.45,217.6,15.26,2.989,791.9,0
M02448,Type_12,66.01,1.31,214.2,15.61,3.009,714.1,0
M02449,Type_10,71.77,1.47,227.2,14.64,2.994,773.9,0
M02450,Type_04,76.3,2.71,228.6,12.76,2.625,404.8,0
M02451,Type_19,57.04,0.1,222.4,15.6,3.122,195.8,0
M02452,Type_02,52.23,0.57,214.5,7.98,1.541,194.4,1
M02453,Type_08,59.4,1.17,220.0,12.36,2.447,643.1,0
M02454,Type_15,72.77,11.57,213.1,15.31,2.936,168.8,1
M02455,Type_16,64.66,2.66,218.2,14.0,2.749,396.3,0
M02456,Type_11,53.8,2.11,231.2,18.46,3.841,803.4,0
M02457,Type_11,77.9,1.37,208.6,17.29,3.246,143.6,0
M02458,Type_09,64.43,1.36,205.5,18.16,3.359,386.7,0
M02459,Type_02,69.3,1.65,216.9,14.41,2.813,462.9,0
M02460,Type_10,59.64,0.75,215.5,16.18,3.138,221.5,0
M02461,Type_11,73.21,3.33,217.3,15.54,3.039,896.7,0
M02462,Type_22,68.99,2.81,217.7,15.67,3.07,52.0,0
M02463,Type_21,66.52,2.24,215.4,18.45,3.577,53.1,0
M02464,Type_16,53.93,2.96,226.4,15.26,3.109,588.6,0
M02465,Type_17,81.31,1.65,218.2,17.87,3.509,370.6,0
M02466,Type_09,69.62,1.34,213.3,19.21,3.688,791.5,0
M02467,Type_20,54.48,0.32,222.8,15.8,3.168,452.6,0
M02468,Type_11,63.3,0.1,220.4,10.49,2.081,669.4,0
M02469,Type_14,52.19,0.88,221.6,19.19,3.827,977.0,0
M02470,Type_20,81.15,3.39,225.9,15.04,3.058,965.7,0
M02471,Type_13,66.95,3.32,222.8,11.95,2.396,538.2,0
M02472,Type_14,77.08,2.98,215.6,14.68,2.849,370.3,0
M02473,Type_22,57.29,1.74,217.1,13.65,2.667,958.6,0
M02474,Type_13,67.82,1.78,221.4,16.55,3.298,106.6,0
M02475,Type_15,72.77,1.32,222.8,10.93,2.192,746.2,0
M02476,Type_08,64.49,1.39,212.9,14.74,2.824,475.1,0
M02477,Type_11,60.82,1.11,224.9,19.73,3.994,235.9,0
M02478,Type_14,67.85,3.12,222.2,13.62,2.724,947.5,0
M02479,Type_18,43.87,3.29,200.0,18.52,3.334,783.3,1
M02480,Type_22,62.29,2.39,217.2,12.0,2.346,387.9,0
M02481,Type_23,74.5,2.53,222.6,11.3,2.264,972.9,0
M02482,Type_17,71.88,1.47,216.2,23.44,4.561,285.7,0
M02483,Type_05,62.61,2.6,217.8,47.57,9.325,743.0,1
M02484,Type_21,63.13,2.87,213.3,13.87,2.663,184.4,0
M02485,Type_06,68.82,4.47,200.0,14.07,2.533,507.9,1
M02486,Type_04,87.25,1.1,220.7,16.17,3.212,714.7,1
M02487,Type_08,90.11,1.91,217.8,14.9,2.921,482.9,0
M02488,Type_08,52.41,0.92,223.0,55.91,11.221,667.7,1
M02489,Type_18,50.91,2.96,209.8,12.79,2.415,906.4,0
M02490,Type_04,61.08,3.42,225.2,17.93,3.634,930.5,0
M02491,Type_21,78.63,1.48,213.7,14.24,2.739,149.3,0
M02492,Type_20,60.21,0.75,222.1,15.74,3.146,715.3,0
M02493,Type_12,49.11,2.18,222.9,12.5,2.508,827.5,0
M02494,Type_09,58.61,1.62,212.9,9.22,1.767,312.6,0
M02495,Type_21,54.65,2.65,227.7,13.58,2.783,170.3,0
M02496,Type_03,45.08,0.57,206.1,18.35,3.404,875.1,1
M02497,Type_13,73.3,1.76,225.5,11.62,2.358,491.0,0
M02498,Type_04,57.44,1.7,213.9,14.57,2.805,456.8,0
M02499,Type_12,51.01,4.45,219.3,17.3,3.415,476.1,0
M02500,Type_06,56.65,3.96,225.6,15.83,3.214,774.1,0
M02501,Type_10,71.08,2.93,233.5,16.54,3.476,778.0,0
M02502,Type_15,49.5,2.31,221.2,13.07,2.602,414.7,0
M02503,Type_18,72.93,2.22,223.1,18.93,3.801,675.3,0
M02504,Type_17,61.65,1.74,213.2,13.39,2.569,96.3,0
M02505,Type_03,72.11,0.48,226.1,19.51,3.97,299.4,0
M02506,Type_11,52.13,3.32,228.5,13.54,2.785,896.7,0
M02507,Type_14,67.3,1.12,213.8,11.26,2.167,621.1,0
M02508,Type_25,69.54,1.82,219.0,14.02,2.763,482.2,0
M02509,Type_10,68.58,3.29,213.8,10.56,2.032,532.3,0
M02510,Type_25,72.23,1.89,222.7,5.33,1.068,993.7,1
M02511,Type_16,68.89,0.92,215.6,12.37,2.4,704.3,0
M02512,Type_11,49.77,2.75,230.3,15.58,3.229,707.9,0
M02513,Type_15,49.94,0.1,211.9,8.96,1.709,643.5,0
M02514,Type_25,62.34,1.27,217.1,15.57,3.042,645.5,0
M02515,Type_10,61.79,2.4,240.2,17.53,3.79,868.4,1
M02516,Type_05,77.87,0.75,224.3,16.78,3.387,670.5,0
M02517,Type_20,82.31,1.72,221.0,15.19,3.021,651.0,0
M02518,Type_12,59.25,1.4,223.2,14.74,2.961,254.7,0
M02519,Type_15,78.25,1.42,219.5,17.63,3.483,660.7,0
M02520,Type_18,68.42,1.88,220.7,18.38,3.651,947.1,0
M02521,Type_19,65.11,3.66,218.1,9.36,1.837,97.8,0
M02522,Type_13,41.67,1.66,214.5,13.0,2.51,199.2,0
M02523,Type_23,70.82,0.23,218.4,16.32,3.208,655.8,0
M02524,Type_10,70.79,1.76,216.2,9.26,1.802,542.4,0
M02525,Type_04,83.15,1.3,225.9,15.46,3.143,246.7,1
M02526,Type_18,111.96,6.38,244.2,48.2,10.593,395.5,1
M02527,Type_22,48.65,0.61,220.5,23.14,4.592,456.3,0
M02528,Type_23,55.61,4.62,217.9,13.28,2.604,514.2,0
M02529,Type_02,70.0,4.01,211.8,12.3,2.345,230.4,0
M02530,Type_02,60.1,1.33,216.8,15.19,2.964,390.2,0
M02531,Type_19,76.05,1.69,220.5,15.94,3.163,682.6,0
M02532,Type_15,70.31,2.31,216.0,15.49,3.011,641.5,0
M02533,Type_23,72.54,2.45,218.6,12.64,2.487,599.2,0
M02534,Type_17,77.09,1.61,225.3,20.16,4.088,573.2,0
M02535,Type_12,52.49,3.15,216.4,10.72,2.088,361.5,0
M02536,Type_11,55.63,3.45,223.2,17.46,3.507,193.9,0
M02537,Type_09,53.4,1.7,222.5,36.45,7.299,315.9,1
M02538,Type_21,60.24,1.76,222.5,13.11,2.625,918.7,0
M02539,Type_07,60.55,0.22,222.8,11.87,2.38,719.2,0
M02540,Type_19,57.83,1.52,217.9,9.59,1.881,169.6,0
M02541,Type_13,57.87,0.1,222.2,17.75,3.55,926.8,0
M02542,Type_24,66.22,2.43,219.0,16.31,3.215,939.7,0
M02543,Type_12,66.95,3.84,220.1,14.26,2.825,161.1,0
M02544,Type_24,53.35,1.53,214.4,16.38,3.161,758.9,0
M02545,Type_11,67.59,1.9,224.6,8.63,1.744,409.2,0
M02546,Type_04,67.3,3.16,222.9,14.91,2.991,813.1,0
M02547,Type_25,67.97,3.52,216.1,22.58,4.392,992.6,0
M02548,Type_25,48.34,0.99,218.5,13.55,2.665,185.1,0
M02549,Type_07,47.09,1.33,228.1,15.35,3.151,992.8,0
M02550,Type_20,49.01,2.73,214.3,13.94,2.689,468.3,0
M02551,Type_03,59.54,1.23,224.8,13.68,2.768,741.1,0
M02552,Type_25,53.03,2.5,217.3,14.85,2.904,459.4,0
M02553,Type_23,61.18,0.83,220.0,16.9,3.346,340.3,0
M02554,Type_19,68.33,1.95,214.0,12.39,2.386,154.0,0
M02555,Type_23,67.81,4.01,220.3,18.85,3.737,501.6,0
M02556,Type_20,81.63,2.5,218.6,16.59,3.264,122.9,0
M02557,Type_16,47.66,0.24,219.1,16.79,3.311,555.7,0
M02558,Type_25,68.75,3.35,221.1,14.95,2.975,157.8,0
M02559,Type_13,75.64,0.91,225.5,12.42,2.521,773.7,0
M02560,Type_17,70.78,1.47,215.9,12.62,2.452,656.7,0
M02561,Type_22,61.34,0.82,216.2,16.02,3.117,358.9,0
M02562,Type_21,49.5,2.27,214.2,18.36,3.539,449.0,0
M02563,Type_20,73.36,0.94,216.7,18.06,3.522,393.2,0
M02564,Type_10,66.23,3.59,223.2,17.59,3.533,592.7,0
M02565,Type_25,68.5,2.68,220.3,13.74,2.724,241.8,0
M02566,Type_21,67.56,0.83,225.7,19.67,3.996,124.1,0
M02567,Type_09,62.14,2.41,212.9,15.21,2.914,635.2,0
M02568,Type_19,68.23,1.91,217.9,13.62,2.671,869.1,0
M02569,Type_02,72.94,3.05,214.2,14.23,2.743,580.2,0
M02570,Type_22,54.21,3.48,215.6,38.32,7.436,486.3,1
M02571,Type_19,69.45,3.23,216.2,9.78,1.903,601.9,0
M02572,Type_06,81.67,3.14,219.3,15.55,3.069,404.4,0
M02573,Type_21,43.68,0.44,218.1,14.19,2.785,969.4,0
M02574,Type_15,83.31,1.98,224.6,10.95,2.213,565.6,0
M02575,Type_04,63.46,2.08,223.5,12.14,2.442,227.8,0
M02576,Type_18,45.71,1.1,214.6,12.76,2.464,913.3,0
M02577,Type_08,52.96,1.25,217.8,6.92,1.356,982.7,1
M02578,Type_25,81.97,1.88,226.9,18.12,3.7,902.0,0
M02579,Type_01,52.7,1.45,222.1,14.71,2.94,773.4,0
M02580,Type_17,67.66,0.21,224.4,17.0,3.433,830.6,0
M02581,Type_11,73.56,1.81,223.2,12.88,2.587,614.7,0
M02582,Type_08,55.78,2.8,219.2,14.91,2.941,881.0,0
M02583,Type_21,65.33,0.22,227.2,21.71,4.439,757.3,0
M02584,Type_18,55.17,0.91,224.6,17.82,3.602,404.6,0
M02585,Type_17,57.48,0.94,223.0,12.59,2.527,660.2,0
M02586,Type_11,74.31,1.26,219.9,4.7,0.93,496.2,1
M02587,Type_22,66.94,0.88,224.4,15.44,3.118,126.6,0
M02588,Type_14,48.59,2.47,226.0,16.37,3.33,873.5,0
M02589,Type_16,110.71,7.9,237.6,55.38,11.842,136.4,1
M02590,Type_07,64.07,1.36,222.8,41.8,8.382,700.3,1
M02591,Type_21,67.14,1.04,217.5,17.07,3.341,647.5,0
M02592,Type_24,60.53,2.72,220.4,17.97,3.565,313.3,0
M02593,Type_13,56.76,3.02,224.0,21.18,4.27,992.6,0
M02594,Type_10,60.45,2.55,222.1,14.18,2.834,147.5,0
M02595,Type_04,69.43,2.11,222.5,13.55,2.713,425.0,0
M02596,Type_21,73.04,1.78,216.5,15.21,2.964,442.6,0
M02597,Type_15,60.36,0.74,221.9,8.4,1.678,100.0,0
M02598,Type_17,63.14,2.42,213.1,13.14,2.52,908.1,0
M02599,Type_16,65.19,3.06,224.1,14.13,2.85,980.5,0
M02600,Type_08,76.64,1.15,215.4,52.23,10.125,341.9,1
M02601,Type_14,76.58,3.22,224.3,12.77,2.578,873.9,0
M02602,Type_21,54.68,2.14,224.4,16.83,3.399,407.3,0
M02603,Type_06,55.1,2.3,216.6,18.0,3.509,272.6,0
M02604,Type_03,69.21,3.57,225.1,16.33,3.308,749.1,0
M02605,Type_10,74.77,2.2,214.1,17.07,3.289,887.4,0
M02606,Type_23,75.9,0.65,221.5,16.52,3.293,386.3,0
M02607,Type_25,69.41,1.76,213.4,13.64,2.62,708.6,0
M02608,Type_19,62.07,0.1,211.8,15.96,3.042,504.5,0
M02609,Type_19,69.29,3.0,222.2,16.29,3.258,794.7,0
M02610,Type_15,61.23,0.74,218.7,39.32,7.739,522.9,1
M02611,Type_03,72.42,2.48,229.5,12.23,2.526,103.9,0
M02612,Type_09,59.78,3.84,218.8,17.23,3.393,958.1,0
M02613,Type_21,64.69,1.35,228.5,15.41,3.169,149.5,0
M02614,Type_11,52.99,1.46,225.4,14.98,3.039,65.7,0
M02615,Type_24,58.03,2.76,209.2,15.05,2.834,670.1,0
M02616,Type_14,75.82,2.85,219.9,14.17,2.804,308.1,0
M02617,Type_21,54.32,9.17,220.8,10.43,2.073,353.7,1
M02618,Type_16,66.6,0.1,222.6,14.98,3.001,641.2,0
M02619,Type_10,81.63,1.97,222.0,19.74,3.944,430.1,0
M02620,Type_10,64.54,0.1,225.4,14.55,2.952,261.7,0
M02621,Type_16,49.93,0.25,219.0,9.45,1.863,598.4,0
M02622,Type_03,72.09,3.4,217.1,16.9,3.302,412.5,0
M02623,Type_05,53.72,1.57,228.3,14.03,2.883,463.3,0
M02624,Type_23,80.62,2.75,218.5,14.78,2.906,463.5,0
M02625,Type_04,53.43,3.06,217.5,11.12,2.177,643.0,0
M02626,Type_12,57.42,3.04,221.1,14.82,2.949,539.4,0
M02627,Type_22,64.95,0.32,217.2,17.18,3.358,623.1,0
M02628,Type_19,61.96,1.92,217.7,17.59,3.446,688.7,0
M02629,Type_07,78.76,2.6,217.8,12.2,2.391,226.0,0
M02630,Type_18,59.76,2.95,219.1,11.28,2.224,424.7,0
M02631,Type_17,81.73,1.7,217.1,18.11,3.539,315.4,0
M02632,Type_17,67.7,2.53,221.7,17.65,3.522,437.7,0
M02633,Type_24,67.91,0.1,211.4,12.12,2.306,463.4,0
M02634,Type_10,66.04,0.75,222.4,19.19,3.841,434.6,0
M02635,Type_03,62.58,1.53,226.5,16.34,3.331,448.3,0
M02636,Type_24,74.52,1.27,231.8,16.44,3.43,139.3,1
M02637,Type_04,68.91,1.99,220.3,13.55,2.687,154.2,0
M02638,Type_02,74.29,2.7,213.9,18.17,3.498,580.7,0
M02639,Type_14,59.79,2.1,216.7,11.75,2.292,837.0,0
M02640,Type_04,62.52,0.18,221.1,13.81,2.748,865.3,0
M02641,Type_14,48.53,7.93,213.9,17.26,3.323,597.5,1
M02642,Type_25,69.12,0.75,225.8,18.34,3.727,426.3,0
M02643,Type_24,56.98,3.08,200.0,18.86,3.395,72.2,1
M02644,Type_10,69.17,2.09,214.6,14.23,2.748,836.0,0
M02645,Type_08,59.05,2.65,210.1,20.08,3.797,842.1,0
M02646,Type_01,51.98,1.42,223.1,17.45,3.504,444.1,0
M02647,Type_01,81.03,1.97,219.9,13.77,2.725,531.3,0
M02648,Type_12,55.66,3.52,200.0,16.1,2.898,702.1,1
M02649,Type_25,64.63,1.5,216.8,13.71,2.675,840.6,0
M02650,Type_11,64.95,1.63,225.2,17.38,3.523,811.7,0
M02651,Type_01,71.33,7.08,224.4,13.08,2.642,872.8,1
M02652,Type_08,58.62,0.96,216.2,16.61,3.232,267.4,0
M02653,Type_14,52.15,1.02,220.9,14.42,2.867,927.7,0
M02654,Type_05,77.19,2.07,220.1,12.81,2.538,634.4,0
M02655,Type_09,57.13,2.75,221.2,16.51,3.287,312.8,0
M02656,Type_19,73.39,1.67,222.0,11.01,2.2,355.7,0
M02657,Type_08,75.16,2.4,218.3,13.24,2.601,602.0,0
M02658,Type_11,61.99,2.06,211.7,9.88,1.882,696.6,0
M02659,Type_04,69.95,1.5,224.4,14.45,2.918,747.2,0
M02660,Type_24,65.62,2.71,214.4,19.28,3.72,207.9,0
M02661,Type_05,63.21,2.26,221.6,14.77,2.946,938.7,0
M02662,Type_24,81.55,1.85,222.7,16.8,3.367,537.1,1
M02663,Type_23,71.96,2.35,220.9,18.36,3.65,730.8,0
M02664,Type_23,59.65,3.18,213.7,19.93,3.833,82.5,0
M02665,Type_13,56.11,1.06,222.1,18.01,3.6,709.0,0
M02666,Type_20,69.12,1.75,214.4,15.11,2.916,683.4,0
M02667,Type_04,82.42,3.68,217.4,14.1,2.759,581.6,1
M02668,Type_24,78.21,2.46,228.9,19.16,3.947,976.3,0
M02669,Type_23,62.64,0.97,214.1,16.77,3.231,701.1,0
M02670,Type_03,63.58,10.61,217.0,20.2,3.945,903.2,1
M02671,Type_12,69.61,0.95,226.1,12.32,2.507,780.9,0
M02672,Type_01,59.52,2.92,215.4,10.29,1.995,571.0,0
M02673,Type_22,57.05,2.35,223.7,13.91,2.801,52.8,0
M02674,Type_19,54.24,2.0,221.8,10.68,2.132,117.7,0
M02675,Type_15,55.78,2.97,220.8,16.12,3.203,596.1,0
M02676,Type_10,78.3,3.59,211.6,13.51,2.573,847.5,0
M02677,Type_11,75.97,1.79,222.1,19.13,3.824,466.0,0
M02678,Type_20,71.76,2.26,222.5,12.75,2.553,711.0,0
M02679,Type_09,70.67,2.17,214.4,17.3,3.338,914.4,0
M02680,Type_12,68.24,0.7,221.3,16.38,3.262,805.6,0
M02681,Type_07,66.51,0.1,218.7,19.15,3.769,90.0,0
M02682,Type_23,71.83,2.07,215.7,13.85,2.689,557.0,0
M02683,Type_16,71.48,0.97,229.5,15.09,3.117,403.6,0
M02684,Type_21,67.59,2.79,214.6,14.0,2.704,194.8,0
M02685,Type_07,57.71,2.27,217.1,9.45,1.846,291.8,0
M02686,Type_01,79.21,1.87,221.9,14.79,2.954,174.2,0
M02687,Type_13,58.42,0.56,216.4,11.8,2.298,161.0,0
M02688,Type_04,70.35,1.87,227.9,17.2,3.528,982.1,0
M02689,Type_19,43.5,3.33,223.4,17.21,3.46,608.2,0
M02690,Type_21,45.63,3.78,215.7,13.49,2.619,901.6,0
M02691,Type_12,61.3,2.06,225.1,16.52,3.347,548.7,0
M02692,Type_17,67.67,1.86,215.3,16.46,3.189,754.7,0
M02693,Type_13,85.86,2.86,216.3,14.32,2.788,863.9,0
M02694,Type_08,53.56,2.28,215.9,12.67,2.462,300.2,0
M02695,Type_05,75.37,3.03,218.8,10.83,2.133,141.5,0
M02696,Type_11,61.03,2.06,209.2,8.47,1.595,769.4,1
M02697,Type_25,71.29,2.45,223.7,14.01,2.821,558.5,0
M02698,Type_02,79.38,0.1,219.6,14.18,2.803,122.2,0
M02699,Type_15,49.66,1.0,219.4,12.81,2.529,118.7,0
M02700,Type_10,55.28,2.41,206.1,8.63,1.601,702.3,0
M02701,Type_16,68.31,3.13,222.0,12.37,2.472,392.8,0
M02702,Type_02,49.59,4.0,211.6,16.94,3.226,307.2,0
M02703,Type_25,59.29,1.88,225.3,13.17,2.67,684.5,0
M02704,Type_18,56.55,0.42,219.1,8.64,1.704,310.1,1
M02705,Type_04,58.02,2.04,220.9,15.39,3.06,593.8,0
M02706,Type_25,80.44,1.74,213.0,15.19,2.912,750.1,0
M02707,Type_14,48.87,3.32,218.6,17.47,3.437,301.1,0
M02708,Type_07,62.98,1.33,222.3,14.45,2.891,731.1,0
M02709,Type_15,60.7,1.1,228.5,9.59,1.972,981.1,0
M02710,Type_13,59.89,1.41,226.8,14.82,3.025,190.5,0
M02711,Type_06,67.71,3.61,224.9,19.06,3.858,376.8,0
M02712,Type_03,58.96,1.6,227.2,55.7,11.39,461.7,1
M02713,Type_22,78.26,1.06,218.8,17.71,3.487,659.9,0
M02714,Type_13,60.88,2.17,224.4,14.68,2.965,750.7,0
M02715,Type_25,71.21,2.76,217.1,17.18,3.357,559.4,0
M02716,Type_09,58.79,2.93,218.1,15.88,3.117,992.2,0
M02717,Type_24,62.32,1.77,216.9,13.31,2.598,174.1,0
M02718,Type_21,51.71,3.42,219.9,17.14,3.392,850.6,0
M02719,Type_16,79.74,2.81,213.5,16.85,3.238,495.2,0
M02720,Type_24,45.74,0.1,222.0,12.4,2.478,253.0,0
M02721,Type_20,85.42,3.49,229.9,15.24,3.153,416.9,0
M02722,Type_25,70.21,2.07,222.3,14.52,2.905,337.1,0
M02723,Type_11,84.23,1.35,213.5,14.21,2.73,367.9,0
M02724,Type_17,66.56,2.79,220.9,14.32,2.847,792.1,0
M02725,Type_24,70.71,1.28,215.2,17.19,3.329,956.3,0
M02726,Type_11,47.83,0.28,221.3,12.61,2.512,290.4,0
M02727,Type_03,56.1,1.34,216.0,17.58,3.418,630.6,0
M02728,Type_19,82.47,0.71,220.3,18.45,3.658,356.7,0
M02729,Type_19,63.52,1.76,220.4,15.41,3.057,811.0,0
M02730,Type_09,41.42,2.58,216.2,17.84,3.471,703.4,0
M02731,Type_22,62.52,2.55,220.5,11.55,2.292,481.6,0
M02732,Type_19,63.13,1.51,215.4,16.33,3.166,539.0,0
M02733,Type_20,72.74,3.36,212.5,11.3,2.161,710.6,0
M02734,Type_06,70.78,1.19,211.0,17.63,3.348,133.5,0
M02735,Type_15,63.37,2.32,222.5,18.46,3.697,257.9,0
M02736,Type_16,66.91,3.73,219.7,15.02,2.97,178.6,0
M02737,Type_18,69.25,3.21,222.3,17.91,3.583,627.0,0
M02738,Type_14,79.37,1.57,218.8,13.36,2.631,488.4,0
M02739,Type_02,68.83,3.41,227.4,16.89,3.457,63.5,0
M02740,Type_10,60.74,1.23,215.3,14.05,2.722,859.8,0
M02741,Type_20,75.21,1.44,214.8,13.23,2.558,970.8,0
M02742,Type_23,69.74,1.47,213.8,14.17,2.727,817.2,0
M02743,Type_14,63.08,0.57,200.2,20.79,3.746,169.6,1
M02744,Type_15,78.72,2.63,222.0,16.27,3.251,452.9,0
M02745,Type_05,49.66,3.71,218.4,13.31,2.616,478.0,0
M02746,Type_25,52.89,0.86,224.4,16.38,3.308,211.7,0
M02747,Type_04,67.55,0.2,220.4,21.14,4.193,717.8,0
M02748,Type_12,56.96,4.73,214.6,9.18,1.773,201.7,1
M02749,Type_10,55.02,1.48,223.9,16.35,3.295,318.7,0
M02750,Type_23,68.73,3.28,211.0,16.65,3.162,621.0,0
M02751,Type_04,84.14,2.46,212.6,15.16,2.901,392.6,1
M02752,Type_09,64.98,2.75,220.6,18.16,3.605,628.2,0
M02753,Type_24,60.98,2.2,219.4,17.59,3.473,930.7,0
M02754,Type_15,52.54,1.87,224.5,12.95,2.617,231.6,0
M02755,Type_01,68.28,2.8,219.1,10.1,1.992,312.2,0
M02756,Type_22,53.67,0.18,214.3,16.85,3.25,277.3,0
M02757,Type_23,53.25,0.29,225.0,20.27,4.105,776.2,0
M02758,Type_22,69.43,1.27,216.5,15.0,2.923,877.2,0
M02759,Type_25,56.89,3.02,218.8,12.05,2.373,102.0,0
M02760,Type_17,81.06,4.29,223.8,14.75,2.971,982.2,0
M02761,Type_23,62.06,0.1,216.3,15.32,2.982,267.4,0
M02762,Type_10,66.84,0.75,222.7,18.53,3.714,531.7,0
M02763,Type_25,62.24,0.1,218.5,21.86,4.299,89.1,0
M02764,Type_24,76.24,2.09,223.8,22.79,4.59,107.0,0
M02765,Type_11,72.73,3.31,226.7,12.82,2.616,343.1,0
M02766,Type_04,86.42,2.17,215.0,17.37,3.361,79.2,1
M02767,Type_05,77.36,1.33,224.5,16.44,3.322,620.2,0
M02768,Type_01,64.92,2.44,221.8,25.37,5.064,143.3,0
M02769,Type_05,70.24,0.35,220.2,7.77,1.54,805.6,1
M02770,Type_19,75.76,1.48,217.7,19.11,3.744,299.0,0
M02771,Type_17,68.43,2.71,227.1,18.9,3.863,261.8,0
M02772,Type_02,75.96,2.2,200.0,16.19,2.914,103.5,1
M02773,Type_03,65.79,1.34,217.3,11.42,2.233,951.8,0
M02774,Type_15,80.31,0.6,213.7,14.71,2.829,185.9,0
M02775,Type_08,61.96,0.42,219.5,14.67,2.898,846.8,0
M02776,Type_10,93.13,0.98,213.8,17.19,3.308,572.2,0
M02777,Type_05,61.02,1.15,222.2,5.85,1.17,314.3,1
M02778,Type_14,64.25,0.44,221.4,13.66,2.722,252.8,0
M02779,Type_17,69.49,2.59,231.3,17.19,3.578,78.1,0
M02780,Type_02,61.71,2.57,222.4,18.28,3.659,797.0,0
M02781,Type_23,61.99,2.04,215.6,17.31,3.359,143.3,0
M02782,Type_10,59.88,1.86,217.3,11.55,2.259,597.1,0
M02783,Type_25,67.28,0.84,237.2,14.77,3.153,143.1,1
M02784,Type_12,53.99,1.68,220.9,13.07,2.598,342.9,0
M02785,Type_16,69.23,1.89,223.2,18.77,3.771,419.8,0
M02786,Type_19,64.18,3.01,222.2,10.38,2.076,624.4,0
M02787,Type_23,54.93,2.71,216.5,19.19,3.739,364.4,0
M02788,Type_25,57.6,1.38,218.4,17.81,3.501,718.7,0
M02789,Type_15,62.92,2.91,220.6,17.26,3.427,357.4,0
M02790,Type_13,70.28,1.76,220.5,17.5,3.473,237.1,0
M02791,Type_15,48.89,2.27,221.0,14.19,2.822,98.5,0
M02792,Type_01,64.35,4.09,215.4,20.61,3.995,153.0,0
M02793,Type_25,114.58,10.33,244.5,47.35,10.419,849.7,1
M02794,Type_20,73.68,1.42,227.6,13.41,2.747,51.4,0
M02795,Type_19,61.72,1.93,218.7,13.99,2.754,504.9,0
M02796,Type_24,58.89,1.82,210.2,18.9,3.576,477.2,0
M02797,Type_07,76.28,1.95,227.8,11.64,2.386,503.5,0
M02798,Type_03,50.73,1.02,214.4,16.59,3.201,894.9,0
M02799,Type_01,64.77,2.68,213.8,17.13,3.296,132.6,0
M02800,Type_17,64.53,1.21,215.0,14.59,2.823,767.5,0
M02801,Type_17,61.06,0.14,227.7,14.35,2.941,721.2,0
M02802,Type_14,58.12,0.85,225.0,10.15,2.055,470.5,0
M02803,Type_13,66.62,1.55,219.8,14.03,2.775,806.2,0
M02804,Type_17,54.85,0.88,217.2,17.05,3.333,988.4,0
M02805,Type_17,63.35,2.28,228.6,19.99,4.113,823.3,0
M02806,Type_20,61.15,3.6,221.7,14.76,2.945,994.8,0
M02807,Type_02,82.28,1.88,211.6,15.25,2.904,717.8,1
M02808,Type_06,84.1,1.57,227.4,15.55,3.182,85.1,0
M02809,Type_06,66.85,0.87,219.0,19.62,3.867,126.5,0
M02810,Type_22,60.53,0.1,219.7,16.96,3.354,928.2,0
M02811,Type_06,68.74,1.61,226.0,18.91,3.846,365.5,0
M02812,Type_25,80.14,3.43,218.9,15.35,3.024,867.4,0
M02813,Type_07,65.68,2.41,223.2,12.87,2.585,866.0,0
M02814,Type_14,66.64,1.26,223.0,14.19,2.848,524.1,0
M02815,Type_12,69.75,1.01,220.2,15.92,3.155,76.9,0
M02816,Type_18,74.73,0.36,201.7,14.69,2.667,136.5,1
M02817,Type_03,50.12,2.34,221.3,9.69,1.93,758.6,0
M02818,Type_12,62.58,1.12,224.6,15.13,3.058,894.5,0
M02819,Type_08,75.74,0.35,217.2,16.14,3.155,711.1,0
M02820,Type_16,79.84,2.4,215.4,18.7,3.625,216.8,0
M02821,Type_18,83.77,2.07,219.6,8.48,1.676,556.0,1
M02822,Type_09,75.39,4.42,227.0,13.54,2.766,872.0,0
M02823,Type_09,73.85,3.37,215.8,13.61,2.643,836.1,0
M02824,Type_23,50.2,2.19,225.1,15.92,3.225,733.2,0
M02825,Type_06,59.09,2.35,210.4,15.57,2.948,251.4,0
M02826,Type_10,69.35,2.63,223.4,14.31,2.877,362.6,0
M02827,Type_18,69.03,2.65,218.4,16.98,3.338,806.7,0
M02828,Type_14,56.14,2.51,222.5,16.64,3.332,645.3,0
M02829,Type_18,80.41,0.34,219.3,20.81,4.107,268.6,0
M02830,Type_16,66.31,2.02,227.4,17.19,3.518,425.2,0
M02831,Type_06,68.79,1.98,217.4,17.77,3.477,866.9,0
M02832,Type_22,61.52,0.1,217.4,10.57,2.068,592.9,0
M02833,Type_20,113.98,3.44,210.3,15.57,2.947,913.1,1
M02834,Type_16,54.74,0.7,218.9,17.22,3.393,693.9,0
M02835,Type_01,59.62,0.56,217.8,14.39,2.821,841.3,0
M02836,Type_04,44.53,3.36,211.3,14.09,2.679,413.9,0
M02837,Type_09,61.07,1.32,217.8,11.74,2.301,152.0,0
M02838,Type_14,76.44,4.14,213.5,15.56,2.99,650.0,0
M02839,Type_02,61.88,1.3,219.0,6.37,1.256,402.3,1
M02840,Type_09,70.56,2.16,235.4,17.26,3.657,619.8,0
M02841,Type_10,55.48,0.52,217.8,16.45,3.225,816.4,0
M02842,Type_08,58.45,1.91,219.5,14.02,2.77,390.6,0
M02843,Type_17,75.92,1.89,225.0,5.89,1.193,351.9,1
M02844,Type_17,44.81,1.9,221.8,12.69,2.533,369.3,0
M02845,Type_04,85.78,1.82,224.9,17.96,3.635,333.3,1
M02846,Type_14,73.63,2.95,227.0,17.75,3.626,506.8,0
M02847,Type_25,53.14,1.39,221.1,17.03,3.389,405.6,0
M02848,Type_22,69.64,2.0,212.9,19.3,3.698,742.7,0
M02849,Type_15,79.75,1.48,218.6,14.95,2.941,521.6,0
M02850,Type_22,75.93,1.17,225.1,21.6,4.376,368.7,0
M02851,Type_08,68.35,2.83,220.3,16.32,3.236,246.6,0
M02852,Type_14,75.31,1.54,221.6,13.34,2.661,657.1,0
M02853,Type_21,71.36,2.37,222.9,14.66,2.941,965.4,0
M02854,Type_10,50.52,1.84,220.3,9.56,1.895,324.0,0
M02855,Type_17,60.22,2.72,214.4,14.19,2.738,164.6,0
M02856,Type_22,67.74,0.61,221.8,20.71,4.134,779.0,0
M02857,Type_25,43.47,0.49,220.9,15.83,3.147,706.9,0
M02858,Type_15,64.69,2.67,224.7,15.21,3.076,599.9,0
M02859,Type_24,84.64,0.73,216.0,19.43,3.777,378.8,1
M02860,Type_07,69.04,0.68,227.9,14.85,3.046,479.2,0
M02861,Type_06,71.54,1.42,226.1,18.12,3.687,280.6,0
M02862,Type_13,63.5,1.68,217.6,18.99,3.719,109.0,0
M02863,Type_08,67.64,2.38,219.0,15.81,3.116,474.6,0
M02864,Type_21,58.85,0.55,219.1,16.07,3.169,668.7,0
M02865,Type_10,66.42,1.16,218.7,14.63,2.88,837.4,0
M02866,Type_15,49.72,1.39,210.7,15.67,2.972,328.3,0
M02867,Type_18,61.01,2.68,224.1,10.53,2.124,668.6,0
M02868,Type_09,73.31,2.62,227.2,10.88,2.225,375.6,0
M02869,Type_01,59.52,2.07,224.1,13.22,2.666,973.9,0
M02870,Type_13,50.05,2.62,215.3,17.93,3.474,683.4,0
M02871,Type_17,62.27,1.48,223.1,17.41,3.496,103.0,0
M02872,Type_18,58.65,2.61,217.1,13.71,2.679,893.8,0
M02873,Type_12,69.74,3.08,224.2,12.41,2.504,624.7,0
M02874,Type_06,61.14,0.42,241.6,12.53,2.725,612.2,1
M02875,Type_11,47.32,0.1,223.5,16.39,3.297,530.2,0
M02876,Type_14,46.62,0.29,224.8,14.94,3.023,301.2,0
M02877,Type_23,62.4,3.09,228.5,13.51,2.778,696.3,0
M02878,Type_09,64.97,1.0,224.4,8.17,1.65,561.1,1
M02879,Type_22,58.56,4.3,228.1,12.17,2.498,162.6,0
M02880,Type_19,48.71,0.86,223.7,15.57,3.135,696.3,0
M02881,Type_07,72.24,2.17,218.6,11.76,2.314,413.6,0
M02882,Type_17,52.1,4.46,212.4,14.94,2.856,879.1,0
M02883,Type_19,64.75,2.5,225.3,55.82,11.319,501.2,1
M02884,Type_04,66.96,2.48,223.3,19.03,3.824,421.2,0
M02885,Type_11,56.03,0.8,212.3,10.7,2.044,936.0,0
M02886,Type_13,75.21,1.92,220.6,17.31,3.437,218.2,0
M02887,Type_15,77.91,1.4,217.1,17.77,3.472,882.3,0
M02888,Type_13,62.61,2.93,213.6,15.81,3.039,464.1,0
M02889,Type_13,64.73,0.74,216.3,16.47,3.206,396.7,0
M02890,Type_20,84.38,0.49,215.1,14.48,2.803,135.6,0
M02891,Type_14,67.96,3.12,226.6,19.21,3.918,435.7,0
M02892,Type_25,68.01,2.16,219.2,12.65,2.496,346.3,0
M02893,Type_17,70.26,3.39,224.5,15.5,3.132,177.2,0
M02894,Type_11,65.89,0.1,211.7,14.72,2.805,949.5,0
M02895,Type_02,83.12,3.28,226.3,17.44,3.552,582.0,1
M02896,Type_06,76.55,0.46,218.7,20.96,4.126,571.3,0
M02897,Type_04,54.27,1.18,214.2,18.34,3.536,279.7,0
M02898,Type_20,61.78,1.79,221.4,15.9,3.168,954.0,0
M02899,Type_03,61.42,1.85,224.5,8.75,1.768,840.7,0
M02900,Type_19,54.8,1.16,217.2,15.15,2.962,228.8,0
M02901,Type_16,75.39,3.19,214.7,17.35,3.353,545.1,0
M02902,Type_02,70.81,2.23,215.4,16.85,3.267,150.2,0
M02903,Type_23,71.57,1.46,224.8,11.96,2.42,413.7,0
M02904,Type_25,65.23,3.82,220.9,16.19,3.219,509.9,0
M02905,Type_06,58.87,1.75,209.2,17.28,3.253,71.7,0
M02906,Type_02,63.69,3.52,218.2,13.18,2.588,73.2,0
M02907,Type_15,66.71,2.12,223.2,12.53,2.517,923.4,0
M02908,Type_19,51.62,2.07,213.8,11.96,2.301,288.0,0
M02909,Type_06,66.31,2.45,215.2,17.37,3.364,399.2,0
M02910,Type_01,76.61,2.01,217.6,15.67,3.069,895.0,0
M02911,Type_12,58.94,2.63,218.5,13.2,2.596,382.5,0
M02912,Type_15,75.01,1.51,227.5,15.8,3.235,690.2,0
M02913,Type_14,53.67,0.7,222.2,16.37,3.274,740.4,0
M02914,Type_09,44.64,3.6,230.3,14.46,2.997,465.1,0
M02915,Type_03,47.13,1.8,217.2,9.07,1.773,230.1,0
M02916,Type_11,76.26,3.06,218.6,12.29,2.418,641.8,0
M02917,Type_20,59.31,3.71,220.7,16.4,3.258,792.4,0
M02918,Type_10,56.38,0.1,224.6,19.39,3.919,209.8,0
M02919,Type_14,73.89,2.48,227.4,18.09,3.702,362.5,0
M02920,Type_20,56.1,2.89,211.6,12.91,2.459,501.1,0
M02921,Type_06,69.7,3.07,221.8,12.04,2.403,776.4,0
M02922,Type_11,75.13,3.39,217.8,19.48,3.818,314.5,0
M02923,Type_11,54.05,1.26,213.8,19.36,3.725,83.3,0
M02924,Type_16,37.62,1.33,219.6,20.36,4.024,399.5,0
M02925,Type_14,70.95,1.49,216.8,17.69,3.452,413.3,0
M02926,Type_08,68.58,4.31,224.7,11.08,2.241,104.0,0
M02927,Type_18,68.47,1.07,216.2,8.72,1.697,147.4,1
M02928,Type_08,47.46,3.52,223.6,16.15,3.25,214.2,0
M02929,Type_20,74.42,0.69,216.4,39.66,7.724,896.9,1
M02930,Type_20,72.99,3.72,211.1,18.33,3.483,162.3,0
M02931,Type_11,76.43,2.8,219.9,15.17,3.002,293.5,0
M02932,Type_12,69.91,0.9,221.2,17.09,3.402,614.8,0
M02933,Type_12,71.03,0.95,218.6,9.66,1.901,636.5,0
M02934,Type_05,78.7,1.47,232.9,14.7,3.081,621.6,0
M02935,Type_23,60.65,0.1,212.5,17.21,3.291,118.3,0
M02936,Type_07,78.84,1.93,220.0,37.65,7.455,897.0,1
M02937,Type_19,53.02,2.2,222.6,16.4,3.286,404.4,0
M02938,Type_01,78.47,3.18,216.0,11.26,2.189,107.5,0
M02939,Type_18,67.49,2.3,214.5,16.49,3.183,608.3,0
M02940,Type_22,74.39,2.03,225.1,12.97,2.628,295.8,0
M02941,Type_20,44.99,0.59,222.4,14.06,2.814,347.2,0
M02942,Type_23,67.17,2.34,215.1,16.2,3.136,281.2,0
M02943,Type_03,81.96,0.9,221.2,22.52,4.483,554.3,1
M02944,Type_13,74.5,3.06,220.2,13.17,2.61,318.4,0
M02945,Type_25,76.79,2.18,218.5,11.38,2.238,218.6,0
M02946,Type_14,117.1,10.0,238.1,54.97,11.78,948.9,1
M02947,Type_02,51.32,2.65,213.3,16.23,3.116,339.7,0
M02948,Type_01,48.02,3.69,227.3,14.53,2.972,192.9,0
M02949,Type_12,64.2,1.68,218.5,8.56,1.683,544.9,0
M02950,Type_03,71.33,1.47,221.8,14.85,2.964,888.5,0
M02951,Type_10,65.12,3.78,226.6,18.32,3.736,698.6,0
M02952,Type_03,68.75,2.29,225.8,13.25,2.693,808.6,0
M02953,Type_16,93.31,2.37,217.1,14.21,2.776,721.4,0
M02954,Type_19,68.43,2.0,219.5,15.66,3.094,413.7,0
M02955,Type_08,88.02,0.45,220.8,12.4,2.464,799.4,0
M02956,Type_20,40.59,2.71,221.3,14.42,2.872,205.7,0
M02957,Type_09,66.59,1.5,226.4,14.14,2.881,252.2,0
M02958,Type_15,71.49,2.61,218.4,13.89,2.73,443.2,0
M02959,Type_19,66.0,2.34,224.9,13.23,2.678,790.1,0
M02960,Type_15,66.05,0.7,211.8,10.88,2.074,676.8,0
M02961,Type_14,56.5,0.1,210.2,14.57,2.756,516.8,0
M02962,Type_20,68.37,0.88,219.3,11.67,2.303,431.8,0
M02963,Type_24,67.06,2.14,218.9,17.24,3.396,303.5,0
M02964,Type_07,61.18,0.41,226.8,20.22,4.127,894.5,0
M02965,Type_06,56.36,0.38,214.3,14.18,2.735,952.8,0
M02966,Type_15,60.99,0.52,225.3,19.08,3.869,715.9,0
M02967,Type_14,76.8,1.7,220.4,12.37,2.454,810.1,0
M02968,Type_23,80.46,0.44,202.3,13.85,2.522,880.1,0
M02969,Type_25,114.18,9.59,243.4,43.18,9.459,344.8,1
M02970,Type_10,63.77,2.24,216.3,11.59,2.256,921.5,0
M02971,Type_10,58.1,1.68,223.2,13.1,2.632,977.2,0
M02972,Type_07,88.07,3.29,208.2,14.21,2.663,862.4,0
M02973,Type_05,58.87,0.91,227.7,8.48,1.738,175.1,1
M02974,Type_11,68.49,2.12,212.2,18.03,3.443,353.3,0
M02975,Type_06,57.06,2.72,225.5,22.7,4.607,674.8,0
M02976,Type_21,63.95,0.39,216.4,15.55,3.029,966.4,0
M02977,Type_10,62.72,3.77,229.5,16.73,3.456,367.8,0
M02978,Type_17,80.12,1.61,216.9,13.62,2.659,747.4,0
M02979,Type_22,73.69,0.1,217.3,9.98,1.952,868.4,0
M02980,Type_13,67.92,1.21,219.7,15.07,2.98,756.2,0
M02981,Type_05,124.21,2.13,223.6,17.92,3.606,439.8,1
M02982,Type_17,55.73,2.71,221.6,21.65,4.318,955.3,0
M02983,Type_13,74.52,1.9,222.4,11.4,2.282,948.1,0
M02984,Type_21,59.91,2.36,222.6,17.17,3.44,815.6,0
M02985,Type_22,52.78,0.96,224.8,13.62,2.756,425.1,0
M02986,Type_15,52.25,3.32,220.7,15.78,3.134,487.6,0
M02987,Type_15,53.52,1.91,216.3,12.02,2.34,477.5,0
M02988,Type_07,61.24,5.17,224.9,14.23,2.88,707.1,0
M02989,Type_16,55.12,3.45,218.6,17.98,3.537,219.8,0
M02990,Type_10,68.17,2.71,226.7,16.57,3.381,217.1,0
M02991,Type_11,75.94,2.8,214.5,10.52,2.031,893.5,0
M02992,Type_22,85.07,4.63,216.8,19.39,3.783,313.9,0
M02993,Type_23,51.86,2.1,211.6,18.07,3.441,346.5,0
M02994,Type_10,76.47,0.91,211.7,14.76,2.812,546.4,0
M02995,Type_22,67.41,1.66,217.2,17.24,3.37,436.1,0
M02996,Type_01,62.69,2.14,221.1,19.69,3.918,447.3,0
M02997,Type_20,73.16,3.61,210.9,14.25,2.705,62.0,0
M02998,Type_03,70.98,3.47,218.5,15.64,3.076,236.3,0
M02999,Type_25,70.32,1.27,222.4,13.6,2.722,597.3,0
M03000,Type_25,66.53,0.79,217.6,13.77,2.697,148.7,0
M03001,Type_05,70.47,0.65,217.9,13.02,2.553,940.4,0
M03002,Type_14,66.29,1.28,214.4,19.5,3.763,138.2,0
M03003,Type_12,85.57,2.93,225.3,19.06,3.865,510.1,0
M03004,Type_25,61.16,2.39,219.1,13.59,2.68,996.0,0
M03005,Type_05,63.81,2.7,220.3,17.12,3.394,706.4,0
M03006,Type_08,87.26,3.06,218.2,16.91,3.321,833.4,0
M03007,Type_05,50.34,3.02,226.7,10.78,2.199,352.2,0
M03008,Type_21,72.23,1.86,221.2,10.39,2.068,152.5,0
M03009,Type_21,85.6,11.45,245.8,46.79,10.351,385.9,1
M03010,Type_13,62.64,2.29,220.3,15.52,3.077,669.3,0
M03011,Type_11,73.21,3.17,222.1,51.22,10.238,600.2,1
M03012,Type_13,108.06,2.79,221.5,18.1,3.608,942.4,1
M03013,Type_05,64.28,2.28,216.9,17.37,3.391,494.6,0
M03014,Type_07,72.19,1.9,216.3,13.53,2.634,101.4,0
M03015,Type_13,71.36,2.85,222.8,11.94,2.394,540.3,0
M03016,Type_19,58.11,0.1,214.4,10.65,2.055,848.5,0
M03017,Type_19,61.15,1.56,217.7,17.5,3.429,167.9,0
M03018,Type_21,82.34,0.65,224.2,14.73,2.972,427.5,0
M03019,Type_06,50.74,1.23,221.1,10.9,2.169,719.4,0
M03020,Type_11,50.37,1.55,220.2,17.37,3.442,341.6,0
M03021,Type_12,55.37,0.6,224.7,13.6,2.75,367.4,0
M03022,Type_14,53.59,2.82,213.5,20.37,3.914,894.7,0
M03023,Type_05,90.23,3.25,212.4,18.14,3.468,127.7,0
M03024,Type_04,55.51,2.95,223.1,11.95,2.399,409.7,0
M03025,Type_25,82.14,0.1,222.1,13.14,2.627,854.4,0
M03026,Type_25,63.5,1.8,225.6,10.75,2.183,229.4,0
M03027,Type_19,71.77,2.72,213.5,14.81,2.846,666.6,0
M03028,Type_16,67.12,1.65,220.6,9.77,1.94,330.2,0
M03029,Type_09,71.41,0.45,225.0,10.12,2.049,978.1,0
M03030,Type_16,54.53,2.04,216.4,15.94,3.104,671.0,0
M03031,Type_06,55.41,1.95,219.1,12.45,2.455,919.3,0
M03032,Type_08,66.0,2.59,221.8,9.78,1.952,399.0,1
M03033,Type_23,58.82,2.7,223.8,14.76,2.973,920.2,0
M03034,Type_11,57.18,1.84,224.7,13.68,2.767,903.2,0
M03035,Type_19,55.94,2.96,224.9,14.52,2.939,79.6,0
M03036,Type_09,75.88,1.98,229.7,12.89,2.665,173.3,0
M03037,Type_02,57.46,2.78,238.0,11.66,2.498,98.4,1
M03038,Type_17,41.94,2.34,213.7,12.63,2.429,176.0,0
M03039,Type_02,76.61,2.77,219.8,14.7,2.908,961.8,0
M03040,Type_13,71.31,1.89,215.8,16.47,3.199,878.9,0
M03041,Type_18,66.43,2.91,229.6,12.54,2.591,87.6,0
M03042,Type_16,85.91,0.32,210.7,19.4,3.679,594.8,0
M03043,Type_01,58.22,0.1,220.3,22.31,4.423,765.5,0
M03044,Type_02,44.48,1.28,214.8,11.92,2.304,433.6,0
M03045,Type_05,64.84,2.18,212.6,12.44,2.38,137.5,0
M03046,Type_07,63.96,2.0,221.6,13.73,2.738,721.6,0
M03047,Type_16,60.63,1.4,218.5,10.56,2.077,537.0,0
M03048,Type_19,73.14,3.51,219.7,12.62,2.495,975.9,0
M03049,Type_25,53.11,1.68,221.8,15.62,3.118,562.3,0
M03050,Type_24,61.51,2.8,227.2,13.42,2.744,482.7,0
M03051,Type_13,50.0,2.82,212.4,15.55,2.973,594.5,0
M03052,Type_25,69.53,2.33,218.5,17.31,3.404,546.5,0
M03053,Type_11,65.95,1.8,211.8,16.03,3.056,553.7,0
M03054,Type_20,51.88,1.12,221.9,18.83,3.761,466.8,0
M03055,Type_25,81.35,3.13,224.4,8.49,1.715,748.5,1
M03056,Type_25,66.19,1.08,222.6,21.62,4.331,210.1,0
M03057,Type_16,65.36,3.09,217.0,15.46,3.019,931.7,0
M03058,Type_05,64.21,2.46,226.3,20.95,4.267,301.1,0
M03059,Type_14,97.95,2.41,227.3,15.9,3.253,848.7,0
M03060,Type_24,67.88,2.53,220.2,14.27,2.828,656.8,0
M03061,Type_11,52.37,0.34,222.6,11.45,2.294,50.3,0
M03062,Type_14,53.39,2.65,213.4,13.57,2.606,584.8,0
M03063,Type_07,78.21,10.34,212.9,21.48,4.116,651.8,1
M03064,Type_19,66.56,0.94,217.1,13.53,2.644,718.9,0
M03065,Type_05,51.31,1.32,218.4,13.91,2.734,599.8,0
M03066,Type_05,57.14,1.8,211.2,17.17,3.264,515.8,0
M03067,Type_05,56.79,0.48,217.0,20.63,4.029,99.3,0
M03068,Type_11,66.97,1.67,217.5,21.35,4.179,65.3,0
M03069,Type_06,54.94,1.07,218.2,13.02,2.557,563.2,0
M03070,Type_15,58.73,2.52,222.7,16.98,3.403,150.4,0
M03071,Type_24,73.82,0.7,216.0,19.14,3.721,559.8,0
M03072,Type_23,69.39,2.7,223.2,17.18,3.451,168.8,0
M03073,Type_15,66.29,0.54,216.7,20.77,4.051,747.2,0
M03074,Type_05,64.32,11.0,223.4,12.83,2.58,989.1,1
M03075,Type_21,83.3,2.9,216.9,10.34,2.018,701.4,0
M03076,Type_17,65.16,2.82,209.3,17.42,3.281,705.4,0
M03077,Type_02,58.82,1.8,218.9,17.41,3.43,493.1,0
M03078,Type_07,65.09,3.02,222.1,11.24,2.247,993.0,0
M03079,Type_18,64.82,2.07,226.0,11.62,2.364,833.5,0
M03080,Type_11,76.22,1.12,222.4,16.01,3.205,732.3,0
M03081,Type_03,56.0,2.48,224.8,9.53,1.928,405.3,0
M03082,Type_23,67.87,0.76,216.3,19.07,3.712,848.8,0
M03083,Type_08,82.55,1.97,218.1,19.58,3.843,57.8,0
M03084,Type_11,66.06,1.02,225.6,12.57,2.552,224.2,0
M03085,Type_16,68.55,3.7,219.4,16.46,3.25,128.7,0
M03086,Type_01,60.16,1.42,221.1,10.18,2.026,129.6,0
M03087,Type_24,66.98,2.53,221.6,2.93,0.584,608.3,1
M03088,Type_05,82.44,1.24,216.3,20.93,4.074,814.9,0
M03089,Type_05,56.7,1.9,221.1,14.65,2.915,794.5,0
M03090,Type_03,68.73,2.83,212.2,13.65,2.607,362.9,0
M03091,Type_12,58.79,0.61,216.0,14.0,2.722,713.2,0
M03092,Type_14,51.11,1.24,219.1,12.43,2.451,495.3,0
M03093,Type_08,45.89,2.8,216.9,15.39,3.004,425.4,0
M03094,Type_02,63.72,0.8,240.6,17.14,3.711,230.2,1
M03095,Type_10,84.28,0.7,200.0,17.64,3.175,179.9,1
M03096,Type_23,83.32,1.47,217.8,14.06,2.756,783.8,0
M03097,Type_05,55.95,1.44,225.3,12.12,2.458,477.6,0
M03098,Type_02,70.58,2.88,221.3,19.14,3.812,840.5,0
M03099,Type_24,57.46,2.72,217.7,20.61,4.038,985.9,0
M03100,Type_07,46.23,1.38,231.0,20.14,4.187,329.4,0
M03101,Type_23,69.43,2.13,215.6,9.54,1.851,839.2,0
M03102,Type_11,71.51,2.86,218.9,20.35,4.009,597.3,0
M03103,Type_05,69.72,2.06,221.8,15.18,3.03,531.0,0
M03104,Type_25,64.93,2.92,219.7,13.87,2.743,858.4,0
M03105,Type_15,72.0,1.16,223.3,19.89,3.997,789.4,0
M03106,Type_02,75.44,2.15,225.4,11.84,2.402,284.6,0
M03107,Type_05,36.97,2.27,227.9,13.89,2.849,690.1,0
M03108,Type_15,59.64,2.66,217.7,14.37,2.816,869.1,0
M03109,Type_16,68.27,3.62,226.4,12.92,2.633,371.5,0
M03110,Type_07,64.1,0.34,215.4,15.92,3.086,295.2,0
M03111,Type_12,63.9,1.08,222.9,19.78,3.968,973.3,0
M03112,Type_23,60.39,2.34,217.9,18.84,3.695,425.8,0
M03113,Type_23,63.35,0.69,218.8,13.09,2.578,684.7,0
M03114,Type_10,54.63,1.5,228.1,15.01,3.081,368.4,0
M03115,Type_06,88.97,2.08,214.7,11.87,2.294,385.5,1
M03116,Type_10,68.28,2.36,216.0,9.84,1.913,261.7,0
M03117,Type_07,68.37,2.81,210.7,18.5,3.508,904.5,0
M03118,Type_08,60.23,3.0,219.1,17.13,3.378,123.2,0
M03119,Type_10,56.33,3.27,211.5,13.77,2.621,913.4,0
M03120,Type_20,70.5,2.7,218.2,1.44,0.283,187.8,1
M03121,Type_16,71.95,1.48,215.4,19.71,3.821,452.5,0
M03122,Type_03,73.71,3.35,222.8,15.08,3.024,122.1,0
M03123,Type_10,48.71,3.07,224.3,15.38,3.105,782.7,0
M03124,Type_04,59.36,2.3,227.8,14.3,2.932,801.6,0
M03125,Type_19,79.78,3.05,217.5,14.38,2.815,814.6,0
M03126,Type_24,57.46,2.8,225.6,13.56,2.753,858.1,0
M03127,Type_17,55.42,3.45,220.1,10.11,2.003,386.7,0
M03128,Type_01,47.33,1.03,216.2,8.65,1.683,344.5,0
M03129,Type_11,63.51,1.8,214.8,13.67,2.643,137.9,0
M03130,Type_11,72.43,1.72,220.2,16.87,3.343,945.7,0
M03131,Type_23,71.29,3.91,216.9,17.88,3.49,964.4,0
M03132,Type_08,65.7,0.85,221.6,18.52,3.694,458.0,0
M03133,Type_15,66.75,2.08,219.5,15.0,2.963,796.2,0
M03134,Type_22,68.88,0.1,219.8,14.48,2.864,676.2,0
M03135,Type_20,59.89,2.92,222.3,18.2,3.641,970.1,0
M03136,Type_13,61.44,1.35,217.6,18.62,3.647,799.2,0
M03137,Type_02,61.17,1.04,210.5,16.25,3.079,88.7,0
M03138,Type_24,51.18,1.78,218.8,16.56,3.261,71.4,0
M03139,Type_23,46.32,2.02,228.2,12.2,2.506,335.1,0
M03140,Type_18,67.96,1.68,225.4,14.12,2.864,743.1,0
M03141,Type_19,78.77,2.01,217.3,17.37,3.397,908.7,0
M03142,Type_16,62.85,2.11,218.9,15.11,2.977,529.7,0
M03143,Type_22,68.09,0.67,216.5,4.88,0.951,341.7,1
M03144,Type_20,53.84,2.47,223.5,15.5,3.118,966.3,0
M03145,Type_17,83.31,2.48,219.1,17.83,3.516,881.3,0
M03146,Type_06,69.11,0.1,218.9,18.08,3.562,911.1,0
M03147,Type_20,63.24,2.0,222.0,15.04,3.005,317.1,0
M03148,Type_20,73.71,0.66,226.6,12.7,2.59,530.8,0
M03149,Type_13,80.39,0.1,221.5,16.65,3.319,155.5,0
M03150,Type_15,63.96,1.97,215.5,15.06,2.921,719.5,0
M03151,Type_17,59.38,1.45,221.2,11.55,2.299,820.1,0
M03152,Type_09,52.54,2.68,214.7,18.08,3.494,435.5,0
M03153,Type_14,43.84,2.85,222.3,10.71,2.143,573.5,0
M03154,Type_12,45.4,2.68,226.8,13.45,2.745,475.5,0
M03155,Type_10,70.84,2.84,218.1,16.82,3.302,632.3,0
M03156,Type_05,71.41,1.89,217.5,10.75,2.104,914.0,0
M03157,Type_15,58.67,2.36,215.4,15.38,2.982,535.3,0
M03158,Type_14,66.52,1.89,217.5,11.19,2.19,970.0,0
M03159,Type_21,47.66,1.16,217.3,17.47,3.417,610.8,0
M03160,Type_03,42.15,0.8,229.4,8.83,1.823,369.9,0
M03161,Type_02,68.6,0.68,222.7,12.74,2.553,676.6,0
M03162,Type_14,49.13,1.69,230.8,16.92,3.515,161.9,1
M03163,Type_21,61.63,2.63,227.6,13.39,2.743,738.3,0
M03164,Type_08,56.81,1.99,222.1,7.21,1.441,658.4,1
M03165,Type_11,74.15,1.05,225.3,16.07,3.259,644.5,0
M03166,Type_15,56.02,1.63,212.1,16.68,3.184,697.4,0
M03167,Type_07,69.87,2.77,217.5,15.69,3.071,412.9,0
M03168,Type_12,65.5,3.15,216.1,18.28,3.555,481.5,0
M03169,Type_24,74.1,3.65,215.8,17.16,3.333,583.7,0
M03170,Type_20,59.12,2.98,220.0,15.82,3.132,302.6,0
M03171,Type_20,72.61,0.56,212.0,19.48,3.717,570.5,0
M03172,Type_19,57.38,1.8,222.0,20.68,4.132,127.9,0
M03173,Type_20,76.47,1.94,216.3,2.32,0.452,844.0,1
M03174,Type_18,64.01,1.35,218.5,11.69,2.299,452.4,0
M03175,Type_10,69.8,1.39,221.4,18.17,3.621,421.0,0
M03176,Type_25,70.82,0.82,220.6,21.17,4.203,193.3,0
M03177,Type_10,66.12,1.24,214.7,13.79,2.665,289.6,0
M03178,Type_02,66.29,3.5,216.1,7.3,1.42,565.0,1
M03179,Type_10,117.64,6.96,246.3,55.92,12.396,203.0,1
M03180,Type_23,68.74,2.47,220.3,13.02,2.581,166.9,0
M03181,Type_16,71.55,3.32,219.5,16.55,3.269,364.5,0
M03182,Type_24,59.55,1.23,224.9,15.18,3.073,578.8,0
M03183,Type_23,70.52,3.1,217.5,14.02,2.744,654.7,0
M03184,Type_22,73.96,2.28,215.8,11.11,2.158,987.3,0
M03185,Type_15,73.83,1.55,216.8,13.3,2.595,107.0,0
M03186,Type_05,121.98,3.06,219.2,14.49,2.859,63.7,1
M03187,Type_01,48.42,0.1,218.6,15.62,3.073,675.0,0
M03188,Type_23,75.11,1.21,221.1,15.32,3.049,257.7,0
M03189,Type_24,66.82,1.79,215.8,11.83,2.298,870.1,0
M03190,Type_17,71.85,1.1,231.9,18.3,3.819,715.1,0
M03191,Type_01,62.37,1.51,225.0,11.95,2.42,964.9,0
M03192,Type_16,108.47,8.86,241.2,56.75,12.319,779.2,1
M03193,Type_09,33.9,2.85,218.1,14.11,2.77,754.4,0
M03194,Type_06,77.68,1.59,216.9,13.18,2.573,746.4,0
M03195,Type_08,68.38,1.32,212.1,14.15,2.701,602.7,0
M03196,Type_24,89.29,0.19,223.1,16.97,3.407,497.6,1
M03197,Type_21,52.49,2.01,226.5,10.49,2.138,432.0,0
M03198,Type_13,71.39,0.46,222.2,15.16,3.032,438.9,0
M03199,Type_08,61.17,2.06,217.0,10.78,2.105,883.3,0
M03200,Type_08,85.57,1.14,215.0,18.19,3.52,524.0,0
M03201,Type_06,68.48,1.32,220.2,21.0,4.162,282.3,0
M03202,Type_05,66.76,2.58,216.8,10.27,2.004,444.7,0
M03203,Type_06,73.61,1.05,216.2,18.13,3.528,577.0,0
M03204,Type_14,69.72,1.71,223.5,18.63,3.747,989.3,0
M03205,Type_13,62.9,2.05,221.2,21.24,4.228,191.2,0
M03206,Type_22,74.13,3.01,219.7,17.13,3.387,396.0,0
M03207,Type_10,58.71,2.87,223.8,15.37,3.096,442.9,0
M03208,Type_19,58.71,2.65,213.6,12.07,2.32,507.1,0
M03209,Type_03,49.52,2.94,210.4,13.74,2.602,921.7,0
M03210,Type_16,57.83,2.04,219.0,19.37,3.818,97.1,0
M03211,Type_21,70.72,2.49,220.6,16.8,3.335,259.0,0
M03212,Type_08,68.6,2.32,214.4,7.68,1.482,878.4,1
M03213,Type_13,61.78,2.08,227.9,8.8,1.805,398.5,0
M03214,Type_19,42.75,2.12,212.9,13.07,2.504,819.4,0
M03215,Type_25,87.84,0.1,211.7,23.27,4.434,917.6,0
M03216,Type_05,62.96,2.15,221.3,16.1,3.207,283.2,0
M03217,Type_22,67.75,5.31,217.0,15.19,2.967,91.5,0
M03218,Type_14,71.23,0.48,224.9,15.48,3.133,811.5,0
M03219,Type_18,56.17,1.37,242.4,11.45,2.498,441.8,1
M03220,Type_13,68.65,6.78,222.4,15.67,3.137,523.1,1
M03221,Type_12,60.9,6.34,224.1,12.78,2.578,179.1,1
M03222,Type_09,57.84,1.41,226.8,16.84,3.437,347.5,0
M03223,Type_14,49.31,2.66,225.9,8.85,1.799,792.2,0
M03224,Type_08,76.32,2.28,221.5,13.92,2.775,836.2,0
M03225,Type_04,78.96,3.03,215.8,16.47,3.199,985.3,0
M03226,Type_21,66.93,2.05,227.9,14.53,2.98,976.5,0
M03227,Type_24,62.89,3.86,223.8,14.31,2.882,623.7,0
M03228,Type_09,63.22,1.34,216.9,13.4,2.616,598.8,0
M03229,Type_25,59.85,1.28,222.8,18.28,3.666,920.8,0
M03230,Type_07,68.04,2.82,214.8,13.3,2.571,721.0,0
M03231,Type_24,56.37,1.78,223.7,16.18,3.258,588.0,0
M03232,Type_18,71.06,3.51,212.2,20.83,3.978,482.8,0
M03233,Type_08,68.44,0.93,217.0,16.9,3.301,680.3,0
M03234,Type_23,47.57,2.33,224.4,15.49,3.128,559.4,0
M03235,Type_07,42.42,2.03,222.7,17.0,3.407,162.6,0
M03236,Type_04,66.28,2.82,222.0,14.76,2.949,362.6,0
M03237,Type_02,56.69,3.38,217.1,16.97,3.316,747.8,0
M03238,Type_06,70.67,2.42,216.8,13.29,2.593,244.3,0
M03239,Type_02,54.08,2.13,212.6,14.02,2.683,284.2,0
M03240,Type_13,61.9,0.1,217.5,17.93,3.51,310.0,0
M03241,Type_09,52.9,1.94,226.0,12.2,2.481,568.2,0
M03242,Type_12,63.78,3.12,226.3,14.51,2.955,666.5,0
M03243,Type_03,64.71,2.35,222.4,11.5,2.302,756.8,0
M03244,Type_02,57.57,0.76,215.5,12.49,2.422,908.4,0
M03245,Type_02,89.69,2.69,231.2,15.6,3.246,543.3,1
M03246,Type_24,57.13,2.47,220.0,13.87,2.746,734.0,0
M03247,Type_19,58.72,2.85,220.2,18.7,3.706,392.6,0
M03248,Type_13,67.82,2.57,216.5,19.16,3.733,800.1,0
M03249,Type_16,75.3,1.44,225.3,19.32,3.918,828.3,0
M03250,Type_16,46.16,1.86,220.9,17.02,3.384,746.4,0
M03251,Type_04,62.02,1.94,222.3,21.38,4.277,962.7,0
M03252,Type_19,53.99,0.1,223.5,15.34,3.086,216.5,0
M03253,Type_16,64.82,1.55,204.3,16.52,3.038,669.7,1
M03254,Type_21,87.25,0.69,213.6,10.21,1.963,904.9,1
M03255,Type_24,67.34,0.94,227.7,17.35,3.556,477.1,0
M03256,Type_06,54.27,0.1,221.0,18.61,3.702,523.1,0
M03257,Type_08,57.26,2.09,213.4,18.33,3.52,190.2,0
M03258,Type_13,73.2,1.92,227.1,18.16,3.712,494.9,0
M03259,Type_15,76.96,3.99,225.6,15.9,3.228,242.9,0
M03260,Type_24,83.98,0.16,228.8,20.48,4.217,415.5,1
M03261,Type_14,49.06,2.3,224.0,12.22,2.464,360.0,0
M03262,Type_09,59.17,2.78,229.5,14.7,3.036,811.8,0
M03263,Type_21,49.0,1.98,223.5,13.33,2.681,856.8,0
M03264,Type_05,56.44,1.77,225.5,19.14,3.884,293.3,0
M03265,Type_04,58.75,2.77,227.9,14.07,2.886,619.1,0
M03266,Type_10,75.31,2.61,222.0,15.37,3.071,290.9,0
M03267,Type_21,41.67,2.32,218.6,16.89,3.323,592.7,0
M03268,Type_02,72.79,1.65,212.9,13.55,2.596,840.4,0
M03269,Type_08,54.42,4.1,232.0,15.84,3.307,380.1,0
M03270,Type_10,55.01,0.71,219.1,12.16,2.398,853.6,0
M03271,Type_11,59.96,2.53,214.5,12.47,2.407,339.0,0
M03272,Type_01,59.4,3.4,234.1,17.13,3.609,568.9,1
M03273,Type_16,65.68,2.56,220.7,11.44,2.272,54.6,0
M03274,Type_24,71.33,2.47,218.8,22.86,4.502,124.6,0
M03275,Type_23,56.88,1.53,219.6,19.39,3.832,507.0,0
M03276,Type_08,69.98,2.21,224.7,13.01,2.631,100.3,0
M03277,Type_04,68.13,3.73,226.0,17.27,3.513,187.5,0
M03278,Type_17,71.83,1.61,219.2,20.61,4.066,883.4,0
M03279,Type_17,59.84,1.42,213.5,20.01,3.845,577.6,0
M03280,Type_11,66.51,1.24,219.2,5.47,1.079,323.0,1
M03281,Type_13,71.02,2.2,214.6,13.35,2.578,132.0,0
M03282,Type_14,71.09,3.46,215.3,14.84,2.876,757.4,0
M03283,Type_08,61.1,2.74,221.5,21.39,4.264,889.5,0
M03284,Type_10,71.91,2.57,218.9,18.2,3.586,650.5,0
M03285,Type_10,69.69,1.52,223.2,13.57,2.726,197.3,0
M03286,Type_16,65.26,1.23,218.1,14.92,2.929,213.2,0
M03287,Type_20,58.08,1.23,235.0,17.38,3.676,255.1,1
M03288,Type_18,71.19,1.68,214.8,13.43,2.596,989.2,0
M03289,Type_17,61.33,2.22,223.6,15.4,3.099,811.9,0
M03290,Type_07,58.59,4.28,219.7,6.1,1.206,685.0,1
M03291,Type_16,75.92,0.1,221.9,21.35,4.264,56.0,0
M03292,Type_07,79.85,1.44,223.3,11.09,2.229,101.3,0
M03293,Type_16,64.01,2.78,214.1,18.16,3.499,375.9,0
M03294,Type_19,66.35,1.66,218.7,12.93,2.545,819.9,0
M03295,Type_13,82.01,1.38,218.9,23.2,4.571,924.3,0
M03296,Type_12,60.94,1.37,219.7,16.06,3.176,199.2,0
M03297,Type_03,64.44,0.81,221.4,15.92,3.172,303.1,0
M03298,Type_01,69.72,3.66,224.1,10.93,2.204,221.9,0
M03299,Type_20,65.2,0.1,214.7,18.42,3.559,870.4,0
M03300,Type_15,74.33,1.23,224.7,8.71,1.761,910.0,0
M03301,Type_18,118.77,5.85,249.9,49.82,11.205,67.0,1
M03302,Type_14,60.17,1.56,225.1,11.59,2.348,970.4,0
M03303,Type_19,70.67,1.6,221.5,15.9,3.17,328.8,0
M03304,Type_17,68.74,0.22,225.3,16.07,3.259,644.3,0
M03305,Type_21,72.63,1.82,216.2,19.34,3.763,480.0,0
M03306,Type_23,101.4,1.13,216.1,16.98,3.302,184.9,1
M03307,Type_24,67.66,1.6,219.4,17.77,3.509,551.7,0
M03308,Type_01,60.02,1.95,210.4,17.69,3.35,398.0,0
M03309,Type_23,98.27,12.37,250.6,54.98,12.4,61.8,1
M03310,Type_01,68.28,1.38,222.6,15.55,3.115,678.0,0
M03311,Type_24,68.78,2.92,224.2,15.72,3.172,688.2,0
M03312,Type_02,60.88,0.34,214.4,17.61,3.398,770.4,0
M03313,Type_16,108.61,7.48,236.5,54.45,11.59,517.3,1
M03314,Type_18,67.41,2.31,230.8,14.31,2.972,663.8,0
M03315,Type_17,90.49,2.84,220.3,16.06,3.184,272.0,1
M03316,Type_02,68.35,2.01,222.1,20.48,4.094,216.5,0
M03317,Type_03,73.67,2.27,226.3,13.85,2.821,174.7,0
M03318,Type_05,62.45,0.71,221.3,13.52,2.693,997.7,0
M03319,Type_12,56.72,1.99,221.4,12.86,2.562,357.1,0
M03320,Type_25,80.51,2.01,221.9,19.45,3.884,472.3,0
M03321,Type_13,73.97,1.51,227.0,15.93,3.254,145.4,0
M03322,Type_01,57.06,0.49,212.2,20.23,3.864,761.9,0
M03323,Type_02,63.02,2.32,216.9,15.52,3.03,956.7,0
M03324,Type_15,76.2,2.25,223.2,15.09,3.031,583.1,0
M03325,Type_08,74.33,3.25,218.1,13.8,2.709,485.5,0
M03326,Type_17,68.31,2.39,220.1,12.3,2.437,130.1,0
M03327,Type_04,57.69,2.44,220.1,12.42,2.46,491.7,0
M03328,Type_07,70.28,1.74,220.2,13.94,2.763,455.2,0
M03329,Type_13,68.0,3.29,222.7,17.2,3.447,536.0,0
M03330,Type_11,62.64,1.54,221.8,15.36,3.066,372.4,0
M03331,Type_22,83.53,1.55,222.8,21.82,4.375,986.8,0
M03332,Type_17,59.24,1.97,225.5,16.24,3.296,722.4,0
M03333,Type_19,74.06,0.3,219.5,13.12,2.592,755.8,0
M03334,Type_25,86.06,1.11,226.8,16.5,3.368,487.4,0
M03335,Type_03,58.35,0.69,209.9,11.89,2.246,636.1,1
M03336,Type_09,78.3,2.68,224.7,12.16,2.459,554.9,0
M03337,Type_15,57.17,1.73,220.3,15.85,3.143,796.4,0
M03338,Type_13,59.86,2.49,241.3,16.36,3.553,596.6,1
M03339,Type_06,67.16,2.62,220.9,10.65,2.117,307.2,0
M03340,Type_03,73.08,0.68,227.1,14.33,2.929,892.0,0
M03341,Type_21,75.34,3.14,215.6,16.25,3.153,479.7,0
M03342,Type_15,94.51,1.5,223.9,16.86,3.397,731.8,0
M03343,Type_16,65.59,1.46,218.6,15.16,2.983,596.5,0
M03344,Type_16,64.02,1.62,217.6,15.01,2.94,757.0,0
M03345,Type_13,70.25,2.61,220.1,14.97,2.965,698.5,0
M03346,Type_18,66.25,3.37,215.1,15.72,3.043,801.1,0
M03347,Type_17,55.77,2.23,222.5,14.22,2.848,674.0,0
M03348,Type_20,76.93,1.67,230.5,17.15,3.558,677.3,1
M03349,Type_03,46.88,2.66,220.2,20.58,4.079,468.8,0
M03350,Type_19,69.7,1.88,217.4,15.04,2.943,446.8,0
M03351,Type_22,62.15,3.05,224.6,9.33,1.886,221.7,0
M03352,Type_21,48.37,1.66,216.6,14.31,2.79,634.4,0
M03353,Type_16,63.21,2.58,219.5,18.41,3.637,58.1,0
M03354,Type_04,69.7,2.41,219.6,15.72,3.107,342.3,0
M03355,Type_03,71.43,3.96,218.6,11.57,2.276,301.8,0
M03356,Type_24,54.58,3.38,224.8,19.27,3.899,916.3,0
M03357,Type_10,62.92,2.04,225.5,14.61,2.965,175.3,0
M03358,Type_05,64.63,1.2,215.0,12.28,2.376,383.4,0
M03359,Type_04,63.6,2.16,219.1,18.76,3.699,972.2,0
M03360,Type_10,71.58,2.68,229.4,13.88,2.866,216.2,0
M03361,Type_13,58.47,1.61,218.8,12.27,2.416,268.9,0
M03362,Type_03,90.09,0.45,220.0,15.55,3.079,521.8,1
M03363,Type_16,48.3,1.12,227.8,16.13,3.307,165.8,0
M03364,Type_07,60.65,3.02,232.5,16.39,3.43,870.8,1
M03365,Type_24,65.95,0.1,218.3,14.63,2.874,284.5,0
M03366,Type_08,71.63,2.33,220.7,17.06,3.389,277.5,0
M03367,Type_24,67.53,2.39,221.9,20.46,4.086,488.7,0
M03368,Type_12,56.12,2.75,215.7,13.7,2.66,941.3,0
M03369,Type_17,59.75,1.8,228.5,17.59,3.617,409.0,0
M03370,Type_06,66.77,2.75,218.8,17.75,3.495,238.7,0
M03371,Type_18,53.07,1.39,216.5,14.59,2.843,59.6,0
M03372,Type_02,59.0,0.81,214.8,15.09,2.917,793.3,0
M03373,Type_01,67.53,2.01,224.3,13.83,2.792,776.4,0
M03374,Type_19,63.55,3.27,222.9,17.95,3.601,130.4,0
M03375,Type_20,49.39,0.35,210.1,16.37,3.095,473.1,0
M03376,Type_13,54.38,1.7,221.4,15.69,3.126,455.3,0
M03377,Type_07,59.53,1.43,224.4,15.7,3.171,690.6,0
M03378,Type_04,70.65,2.99,221.1,16.52,3.287,831.5,0
M03379,Type_19,107.87,8.79,243.5,50.87,11.148,700.0,1
M03380,Type_25,118.94,11.31,237.4,44.36,9.478,89.9,1
M03381,Type_12,78.12,2.29,213.5,11.67,2.242,413.7,0
M03382,Type_16,54.93,2.08,221.9,15.71,3.137,858.2,0
M03383,Type_02,75.48,1.05,222.5,14.76,2.956,294.2,0
M03384,Type_12,63.57,1.72,222.0,20.51,4.098,879.0,0
M03385,Type_14,63.27,2.4,226.0,16.12,3.279,652.6,0
M03386,Type_19,51.9,3.76,215.3,19.09,3.699,290.9,0
M03387,Type_11,70.63,3.07,224.8,14.31,2.895,671.9,0
M03388,Type_16,53.15,1.0,221.4,19.37,3.86,966.6,0
M03389,Type_22,74.52,3.76,217.0,13.16,2.57,807.7,0
M03390,Type_04,67.49,2.18,220.5,18.29,3.63,675.6,0
M03391,Type_19,59.73,2.1,213.3,16.11,3.093,57.3,0
M03392,Type_25,78.01,3.77,218.5,13.56,2.667,714.5,0
M03393,Type_24,55.68,2.89,226.8,15.74,3.213,747.7,0
M03394,Type_02,73.67,2.21,223.1,13.98,2.807,281.2,0
M03395,Type_19,66.08,1.22,224.1,16.35,3.298,777.1,0
M03396,Type_07,65.74,2.8,211.8,12.56,2.394,805.7,0
M03397,Type_06,63.89,1.49,225.9,19.45,3.954,834.0,0
M03398,Type_25,71.91,1.55,221.2,13.91,2.769,257.6,0
M03399,Type_13,65.0,3.95,218.8,10.45,2.058,718.4,0
M03400,Type_19,62.2,0.61,223.9,14.57,2.936,530.1,0
M03401,Type_13,57.33,0.25,228.5,19.64,4.039,113.3,0
M03402,Type_08,68.0,2.9,221.8,17.19,3.431,741.6,0
M03403,Type_22,55.64,3.45,222.7,14.32,2.87,965.1,0
M03404,Type_05,52.1,1.55,224.1,15.51,3.128,139.6,0
M03405,Type_23,77.89,1.61,226.2,7.54,1.535,481.0,0
M03406,Type_25,62.82,1.17,218.4,18.57,3.65,754.2,0
M03407,Type_22,64.33,1.63,224.5,13.54,2.736,485.9,0
M03408,Type_12,49.86,3.8,216.9,14.34,2.799,833.2,0
M03409,Type_11,58.93,2.03,218.5,16.43,3.231,576.8,0
M03410,Type_10,72.48,2.27,230.5,15.87,3.292,575.9,0
M03411,Type_24,51.76,3.01,227.0,16.51,3.373,377.6,0
M03412,Type_22,66.18,3.16,213.2,20.28,3.891,749.4,0
M03413,Type_05,62.89,2.23,223.5,14.05,2.826,904.6,0
M03414,Type_19,51.46,1.7,226.9,10.64,2.173,921.4,0
M03415,Type_11,73.65,0.63,216.1,14.14,2.75,934.3,0
M03416,Type_01,55.04,2.29,209.1,15.83,2.979,75.5,0
M03417,Type_06,54.79,2.03,222.6,13.84,2.773,660.7,0
M03418,Type_18,51.74,2.67,216.3,10.13,1.972,68.4,0
M03419,Type_09,70.11,0.86,214.0,18.18,3.501,463.7,0
M03420,Type_18,72.95,1.99,210.6,15.17,2.875,979.7,0
M03421,Type_14,68.02,3.32,215.6,15.39,2.986,477.1,0
M03422,Type_25,50.92,1.99,221.8,12.89,2.573,356.5,0
M03423,Type_22,66.03,2.75,216.9,16.38,3.198,573.6,0
M03424,Type_25,79.1,0.9,223.2,12.95,2.601,253.4,0
M03425,Type_23,60.32,2.47,217.2,14.12,2.76,789.9,0
M03426,Type_06,46.09,2.42,220.2,18.7,3.706,949.4,0
M03427,Type_15,72.37,1.37,222.4,17.25,3.453,435.8,0
M03428,Type_07,92.09,9.63,225.0,15.62,3.163,394.4,1
M03429,Type_24,74.22,3.37,218.2,20.61,4.047,133.2,0
M03430,Type_22,62.5,2.72,213.7,13.27,2.552,779.6,0
M03431,Type_24,70.79,2.18,211.2,14.69,2.792,890.9,0
M03432,Type_20,48.93,2.0,217.9,16.67,3.269,307.1,0
M03433,Type_02,87.84,2.33,221.4,13.61,2.712,725.8,1
M03434,Type_09,45.94,2.91,229.4,13.51,2.789,668.5,0
M03435,Type_02,68.22,1.75,221.3,13.71,2.731,459.1,0
M03436,Type_22,54.92,2.45,217.2,17.44,3.409,255.7,0
M03437,Type_22,78.3,2.47,231.4,19.09,3.976,365.9,0
M03438,Type_07,81.35,1.33,219.6,14.78,2.921,991.9,0
M03439,Type_25,58.63,3.52,223.6,15.94,3.208,941.6,0
M03440,Type_07,69.6,0.57,223.4,15.64,3.145,657.6,0
M03441,Type_16,61.3,1.43,221.9,11.48,2.293,692.9,0
M03442,Type_20,70.87,1.94,221.5,14.78,2.946,976.5,0
M03443,Type_01,81.63,1.54,219.0,11.72,2.31,203.4,0
M03444,Type_03,47.99,2.02,216.8,22.22,4.336,823.7,0
M03445,Type_09,70.21,0.82,211.4,21.9,4.167,962.9,0
M03446,Type_11,51.25,3.45,219.4,19.4,3.831,237.6,0
M03447,Type_06,69.55,2.7,214.9,17.63,3.41,163.9,0
M03448,Type_13,64.69,1.53,223.5,13.54,2.724,497.9,0
M03449,Type_11,59.27,1.75,225.9,17.74,3.607,139.8,0
M03450,Type_15,52.98,1.37,222.0,11.51,2.3,150.3,0
M03451,Type_13,59.15,1.08,223.5,19.0,3.822,816.1,0
M03452,Type_17,61.24,0.21,212.1,14.16,2.703,95.0,0
M03453,Type_17,58.38,1.94,222.2,14.8,2.96,823.4,0
M03454,Type_22,44.85,2.38,221.8,15.55,3.104,619.8,0
M03455,Type_20,68.13,2.09,223.7,14.91,3.002,288.8,0
M03456,Type_13,78.08,2.59,226.8,14.31,2.921,691.6,0
M03457,Type_05,72.05,0.87,226.9,12.9,2.634,666.2,0
M03458,Type_25,61.5,0.86,219.5,11.51,2.274,713.3,0
M03459,Type_10,54.92,3.15,226.8,15.95,3.256,350.7,0
M03460,Type_24,61.07,1.72,218.4,12.03,2.365,365.0,0
M03461,Type_04,65.65,2.87,224.8,15.96,3.229,950.2,0
M03462,Type_08,77.01,2.22,219.7,18.41,3.64,655.0,0
M03463,Type_12,71.52,2.5,212.3,16.83,3.216,796.8,0
M03464,Type_08,75.38,0.1,215.6,18.3,3.551,541.6,0
M03465,Type_03,65.39,4.18,227.2,15.75,3.221,293.9,0
M03466,Type_22,61.17,2.27,225.4,12.31,2.497,824.7,0
M03467,Type_19,73.42,3.11,218.3,15.55,3.055,774.1,0
M03468,Type_13,61.29,2.13,218.7,17.6,3.464,604.9,0
M03469,Type_17,63.17,2.12,218.2,17.36,3.409,328.5,0
M03470,Type_12,85.71,3.22,219.0,16.12,3.177,601.7,0
M03471,Type_07,64.34,2.06,222.1,16.57,3.312,116.2,0
M03472,Type_24,65.56,1.19,220.8,20.93,4.159,732.1,0
M03473,Type_04,55.33,2.2,251.6,11.82,2.677,616.7,1
M03474,Type_23,72.12,0.68,218.9,19.26,3.794,509.2,0
M03475,Type_16,52.82,0.88,217.7,18.52,3.629,73.3,0
M03476,Type_19,46.35,4.2,222.0,15.18,3.033,993.9,0
M03477,Type_10,52.6,3.08,217.1,12.97,2.534,373.5,0
M03478,Type_15,52.92,2.93,213.9,19.44,3.742,829.5,0
M03479,Type_24,62.03,3.46,222.9,16.64,3.338,50.1,0
M03480,Type_10,57.03,1.93,213.6,17.66,3.395,878.2,0
M03481,Type_18,51.49,0.7,208.0,13.74,2.572,92.6,0
M03482,Type_12,52.46,2.21,217.3,12.02,2.351,908.1,0
M03483,Type_11,61.38,2.72,224.7,14.66,2.965,952.3,0
M03484,Type_14,60.51,2.62,218.8,17.35,3.417,935.0,0
M03485,Type_01,63.09,0.96,223.3,14.47,2.908,630.9,0
M03486,Type_12,58.91,0.64,216.8,17.64,3.442,795.7,0
M03487,Type_04,62.37,1.99,215.2,16.5,3.196,253.0,0
M03488,Type_14,86.7,2.47,223.3,15.95,3.205,913.8,0
M03489,Type_05,70.11,1.37,223.8,19.82,3.992,957.1,0
M03490,Type_23,57.39,0.97,222.2,13.13,2.626,607.1,0
M03491,Type_06,66.79,2.78,225.9,17.46,3.55,260.8,0
M03492,Type_18,64.62,1.93,222.7,14.92,2.99,359.8,0
M03493,Type_16,61.19,2.38,215.0,14.49,2.804,500.8,0
M03494,Type_01,63.8,1.69,217.2,16.22,3.171,949.5,0
M03495,Type_20,98.51,2.09,227.9,20.92,4.291,269.6,0
M03496,Type_22,87.0,1.63,219.8,13.27,2.625,196.2,0
M03497,Type_01,67.85,2.15,220.0,12.38,2.451,372.7,0
M03498,Type_16,75.51,1.53,216.2,14.89,2.897,531.4,0
M03499,Type_01,67.8,1.17,217.0,11.75,2.295,217.7,0
M03500,Type_25,79.5,1.95,225.7,19.04,3.868,257.2,0
M03501,Type_19,58.92,1.67,213.4,13.05,2.506,640.4,0
M03502,Type_12,57.9,3.18,214.5,13.77,2.658,979.8,0
M03503,Type_10,88.65,0.35,221.2,11.62,2.313,221.4,0
M03504,Type_13,71.13,1.69,222.4,4.83,0.967,136.8,1
M03505,Type_10,69.91,1.32,214.9,15.89,3.073,614.6,0
M03506,Type_15,62.23,0.16,216.9,11.31,2.208,209.4,0
M03507,Type_14,70.05,0.65,219.2,13.93,2.748,835.8,0
M03508,Type_09,71.54,1.68,218.6,14.46,2.845,252.2,0
M03509,Type_21,62.11,2.22,222.4,15.72,3.147,568.3,0
M03510,Type_21,70.66,2.69,228.3,17.94,3.686,901.7,0
M03511,Type_04,71.42,1.86,224.3,12.56,2.535,587.1,0
M03512,Type_11,49.22,2.61,220.4,16.67,3.307,156.3,0
M03513,Type_03,50.73,3.26,215.1,14.3,2.768,941.4,0
M03514,Type_01,67.97,2.36,215.1,9.67,1.872,361.6,0
M03515,Type_15,68.11,2.36,220.0,16.0,3.168,498.9,0
M03516,Type_03,61.37,2.52,219.5,15.3,3.023,165.4,0
M03517,Type_06,53.08,12.28,218.8,14.43,2.842,159.9,1
M03518,Type_12,72.17,1.44,200.0,16.16,2.909,962.1,1
M03519,Type_17,61.68,1.48,220.7,17.22,3.42,194.6,0
M03520,Type_14,60.08,1.6,216.7,11.46,2.235,984.5,0
M03521,Type_23,66.49,3.3,218.6,17.53,3.449,628.0,0
M03522,Type_21,76.21,1.05,214.0,25.58,4.927,650.8,0
M03523,Type_08,52.37,1.62,219.7,15.03,2.972,726.0,0
M03524,Type_13,55.55,1.67,215.8,15.46,3.003,224.5,0
M03525,Type_24,61.98,2.78,220.9,58.14,11.559,581.6,1
M03526,Type_01,67.52,2.46,236.3,16.48,3.505,849.2,1
M03527,Type_25,72.19,3.15,230.2,11.08,2.296,523.6,0
M03528,Type_25,65.95,1.89,219.6,12.98,2.565,687.2,0
M03529,Type_20,59.26,1.83,232.4,12.91,2.7,328.3,1
M03530,Type_04,53.53,0.44,223.8,11.38,2.292,640.1,0
M03531,Type_22,77.21,1.41,218.4,12.38,2.433,423.0,0
M03532,Type_06,50.73,1.3,226.6,13.38,2.729,799.9,0
M03533,Type_23,63.96,0.99,225.4,14.64,2.97,559.7,0
M03534,Type_20,69.5,1.69,216.7,15.5,3.023,353.9,0
M03535,Type_05,66.2,2.55,223.5,16.74,3.367,542.1,0
M03536,Type_10,77.97,1.75,221.9,17.15,3.425,519.7,0
M03537,Type_15,63.04,1.29,215.7,11.88,2.306,696.0,0
M03538,Type_04,66.62,1.84,247.2,17.0,3.782,70.7,1
M03539,Type_14,75.01,2.81,220.6,19.76,3.923,494.8,0
M03540,Type_24,42.39,1.27,222.7,17.02,3.411,785.7,0
M03541,Type_13,64.22,5.41,221.5,13.87,2.765,935.7,1
M03542,Type_15,70.29,3.18,226.0,15.89,3.232,685.9,0
M03543,Type_25,68.83,3.29,215.8,9.79,1.901,446.1,0
M03544,Type_23,55.34,1.82,218.6,17.23,3.39,432.2,0
M03545,Type_07,59.55,3.06,212.5,16.47,3.15,836.7,0
M03546,Type_01,56.67,0.1,220.6,12.84,2.549,447.7,0
M03547,Type_04,58.42,2.39,222.5,13.01,2.605,713.8,0
M03548,Type_23,64.8,2.0,215.7,17.69,3.434,52.1,0
M03549,Type_17,47.59,3.47,216.7,13.79,2.689,186.1,0
M03550,Type_09,61.53,1.46,217.8,10.34,2.027,334.0,0
M03551,Type_13,79.42,1.96,223.0,12.55,2.519,736.0,0
M03552,Type_21,48.64,2.88,218.8,13.01,2.562,753.5,0
M03553,Type_06,70.57,2.69,220.1,20.5,4.061,519.4,0
M03554,Type_13,59.72,2.72,217.5,13.94,2.729,673.5,0
M03555,Type_18,73.59,3.32,222.3,14.61,2.923,699.8,0
M03556,Type_08,72.39,0.98,218.3,16.27,3.197,258.3,0
M03557,Type_02,75.29,2.81,213.1,13.33,2.557,765.5,0
M03558,Type_24,62.42,0.74,224.6,16.13,3.261,903.5,0
M03559,Type_15,66.83,2.56,213.2,16.24,3.116,274.5,0
M03560,Type_02,57.92,3.04,215.3,10.17,1.971,330.5,0
M03561,Type_25,59.76,2.54,219.0,11.37,2.241,710.7,0
M03562,Type_12,71.69,2.5,224.4,18.17,3.67,961.6,0
M03563,Type_20,75.0,1.22,209.3,16.6,3.127,719.5,0
M03564,Type_15,75.07,2.75,227.7,15.88,3.254,245.6,0
M03565,Type_01,58.55,3.62,220.2,20.27,4.017,193.7,0
M03566,Type_23,56.39,3.15,224.4,16.79,3.391,693.3,0
M03567,Type_09,53.43,3.0,222.0,13.63,2.723,984.1,0
M03568,Type_23,76.93,0.45,220.6,17.71,3.516,52.6,0
M03569,Type_19,77.23,1.81,227.2,14.21,2.906,623.4,0
M03570,Type_05,78.93,0.78,214.9,16.08,3.11,762.1,0
M03571,Type_19,69.9,3.32,220.5,12.36,2.453,814.9,0
M03572,Type_24,66.44,1.62,224.2,22.85,4.611,567.0,0
M03573,Type_08,64.59,1.62,227.1,20.35,4.159,432.2,0
M03574,Type_07,78.79,2.33,211.1,13.87,2.635,706.7,0
M03575,Type_09,57.7,2.53,219.9,16.71,3.307,805.4,0
M03576,Type_11,75.26,1.93,218.8,17.58,3.462,482.4,0
M03577,Type_22,65.07,2.29,224.6,20.31,4.105,979.5,0
M03578,Type_21,69.31,1.68,222.1,13.0,2.599,431.1,0
M03579,Type_17,60.88,2.37,224.6,14.54,2.939,163.6,0
M03580,Type_18,78.24,2.79,210.1,10.92,2.065,559.6,0
M03581,Type_21,66.14,2.69,217.4,16.89,3.305,620.8,0
M03582,Type_07,61.41,1.23,215.5,14.64,2.839,889.8,0
M03583,Type_09,76.99,2.01,222.7,13.26,2.658,171.2,0
M03584,Type_04,61.12,1.46,225.9,19.01,3.865,781.2,0
M03585,Type_11,59.03,2.05,209.6,15.78,2.977,455.9,0
M03586,Type_09,75.48,3.25,225.6,33.03,6.706,995.7,1
M03587,Type_25,70.06,1.99,219.5,16.83,3.325,591.2,0
M03588,Type_10,69.6,1.49,223.5,14.22,2.86,545.9,0
M03589,Type_04,72.04,1.26,205.9,11.53,2.137,599.4,1
M03590,Type_16,77.79,1.21,222.2,17.05,3.41,287.2,0
M03591,Type_18,61.55,1.12,224.9,12.69,2.569,765.0,0
M03592,Type_05,60.88,1.76,214.8,15.12,2.923,815.4,0
M03593,Type_08,75.55,3.73,226.4,21.82,4.446,157.4,0
M03594,Type_12,65.09,0.86,220.9,18.13,3.604,592.5,0
M03595,Type_11,76.04,3.38,217.5,10.93,2.14,981.4,0
M03596,Type_15,70.88,1.88,212.5,13.94,2.666,818.3,0
M03597,Type_23,65.39,2.28,223.2,12.36,2.483,54.2,0
M03598,Type_08,56.27,2.27,222.0,16.29,3.255,212.1,0
M03599,Type_24,74.04,0.69,227.6,16.27,3.333,356.5,0
M03600,Type_15,76.19,1.25,218.9,13.92,2.742,201.7,0
M03601,Type_11,75.54,0.6,218.2,17.65,3.466,844.6,0
M03602,Type_13,82.52,2.03,231.9,14.45,3.016,223.5,0
M03603,Type_17,67.31,1.94,222.1,16.28,3.254,121.4,0
M03604,Type_15,56.01,1.96,223.9,23.92,4.82,528.5,0
M03605,Type_25,78.06,3.2,214.4,10.56,2.038,717.1,0
M03606,Type_19,72.53,2.34,218.8,16.04,3.159,164.4,0
M03607,Type_22,72.39,3.02,219.1,15.42,3.041,656.6,0
M03608,Type_22,70.23,4.14,225.9,17.02,3.46,738.0,0
M03609,Type_22,83.47,2.22,228.2,21.24,4.362,506.0,0
M03610,Type_07,66.47,3.48,211.4,21.11,4.016,88.9,0
M03611,Type_20,66.31,1.49,227.3,20.17,4.126,922.7,0
M03612,Type_07,90.48,4.32,214.6,15.5,2.994,174.9,0
M03613,Type_23,57.08,1.93,216.3,16.52,3.216,238.3,0
M03614,Type_08,75.44,4.43,221.7,11.32,2.259,819.8,0
M03615,Type_14,70.78,1.52,222.0,12.54,2.505,596.8,0
M03616,Type_14,62.28,0.1,221.8,16.53,3.3,772.4,0
M03617,Type_18,59.42,2.57,227.8,15.13,3.102,275.8,0
M03618,Type_17,67.63,1.35,226.4,12.61,2.569,621.9,0
M03619,Type_25,54.87,2.16,226.4,15.62,3.183,419.8,0
M03620,Type_16,72.2,1.22,217.5,15.05,2.946,325.5,0
M03621,Type_14,51.61,3.32,222.5,12.56,2.515,430.4,0
M03622,Type_08,68.29,2.22,219.3,18.33,3.618,513.5,0
M03623,Type_06,62.93,0.18,222.4,13.44,2.69,300.4,0
M03624,Type_23,69.48,2.78,221.7,15.78,3.149,459.5,0
M03625,Type_07,85.26,2.59,218.2,7.82,1.536,595.0,1
M03626,Type_08,61.42,2.68,225.0,17.85,3.615,557.4,0
M03627,Type_06,47.56,2.69,219.2,13.67,2.697,84.0,0
M03628,Type_05,65.48,0.38,217.5,48.44,9.482,137.6,1
M03629,Type_14,77.32,2.86,219.7,13.04,2.578,550.0,0
M03630,Type_07,70.71,0.1,230.1,12.08,2.502,570.3,0
M03631,Type_08,51.69,0.61,223.5,15.49,3.116,124.6,0
M03632,Type_03,61.69,0.75,225.2,2.41,0.488,703.6,1
M03633,Type_02,65.25,4.03,223.7,14.1,2.839,946.7,0
M03634,Type_18,67.94,1.29,218.2,20.63,4.051,238.2,0
M03635,Type_21,46.21,2.24,221.4,16.32,3.252,944.0,0
M03636,Type_18,71.37,1.52,223.9,13.53,2.726,263.5,0
M03637,Type_24,58.33,1.35,231.7,11.99,2.5,462.8,1
M03638,Type_05,73.0,2.83,223.3,18.96,3.81,519.9,0
M03639,Type_19,69.62,1.88,219.0,13.9,2.74,863.7,0
M03640,Type_22,64.59,1.24,223.9,13.88,2.797,337.4,0
M03641,Type_08,60.25,0.1,215.1,16.92,3.276,458.4,0
M03642,Type_22,66.3,2.7,210.8,16.65,3.159,95.0,0
M03643,Type_25,54.72,1.63,221.0,22.8,4.535,213.3,0
M03644,Type_17,48.61,2.2,220.1,9.15,1.813,225.9,1
M03645,Type_18,65.0,1.35,212.2,10.63,2.03,279.0,0
M03646,Type_07,67.84,2.02,238.1,14.66,3.141,924.6,1
M03647,Type_07,54.05,1.85,221.2,14.61,2.909,323.8,0
M03648,Type_18,75.6,1.61,226.8,20.01,4.084,626.4,0
M03649,Type_23,55.49,2.33,219.5,21.14,4.176,610.1,0
M03650,Type_16,63.55,3.24,225.3,11.63,2.358,649.8,0
M03651,Type_23,76.91,2.34,213.7,13.68,2.631,359.8,0
M03652,Type_10,65.07,0.58,221.9,18.03,3.601,717.3,0
M03653,Type_19,62.82,8.84,218.2,15.33,3.011,763.3,1
M03654,Type_25,55.95,1.47,216.9,21.81,4.258,94.6,0
M03655,Type_18,48.93,2.38,218.9,21.98,4.33,313.0,0
M03656,Type_17,66.68,1.58,200.0,14.17,2.551,919.4,1
M03657,Type_12,77.72,3.71,200.4,20.66,3.726,811.0,1
M03658,Type_06,62.38,2.01,218.4,19.9,3.912,540.6,0
M03659,Type_07,64.5,1.87,226.4,21.0,4.279,343.2,0
M03660,Type_11,53.28,1.98,217.2,13.75,2.688,330.5,0
M03661,Type_07,59.21,0.71,218.0,19.73,3.871,387.6,0
M03662,Type_21,64.75,1.88,215.8,8.12,1.577,472.2,1
M03663,Type_18,60.26,2.73,222.1,15.77,3.152,934.6,0
M03664,Type_20,62.21,3.61,224.0,14.92,3.008,658.8,0
M03665,Type_07,60.92,1.25,224.0,14.18,2.859,157.3,0
M03666,Type_10,53.32,1.63,227.4,11.48,2.349,743.1,0
M03667,Type_03,65.55,3.07,223.7,12.75,2.567,382.9,0
M03668,Type_15,66.97,5.3,217.8,17.96,3.521,421.6,0
M03669,Type_15,52.03,1.68,220.6,15.86,3.149,716.4,0
M03670,Type_07,58.47,2.88,224.2,10.74,2.167,808.7,0
M03671,Type_01,61.23,1.08,213.3,19.44,3.732,860.1,0
M03672,Type_10,69.61,1.33,211.0,10.4,1.975,91.2,0
M03673,Type_02,60.14,3.31,217.3,12.45,2.435,232.6,0
M03674,Type_17,60.54,1.91,222.0,18.94,3.784,81.7,0
M03675,Type_11,64.3,1.12,216.8,14.15,2.761,857.9,0
M03676,Type_23,55.91,2.84,211.1,14.6,2.774,546.9,0
M03677,Type_14,62.78,1.57,215.4,14.24,2.761,733.0,0
M03678,Type_12,65.08,1.51,223.6,16.04,3.228,279.3,0
M03679,Type_19,79.27,3.4,216.8,12.74,2.486,732.7,0
M03680,Type_07,39.16,1.59,221.1,16.59,3.301,89.1,0
M03681,Type_21,71.89,1.48,223.0,13.75,2.76,359.0,0
M03682,Type_17,65.66,3.03,218.0,15.56,3.053,563.3,0
M03683,Type_23,55.94,0.78,219.5,17.2,3.398,672.1,0
M03684,Type_09,78.08,0.1,215.9,7.16,1.391,83.4,1
M03685,Type_13,69.81,2.81,210.7,17.33,3.286,458.5,0
M03686,Type_10,64.05,4.93,224.1,12.78,2.578,176.5,1
M03687,Type_10,82.01,0.1,221.1,15.39,3.062,171.5,0
M03688,Type_12,62.75,1.5,227.6,13.76,2.819,983.2,0
M03689,Type_05,67.92,2.21,219.0,12.08,2.381,177.9,0
M03690,Type_10,56.84,2.38,230.1,13.04,2.7,494.9,0
M03691,Type_02,62.91,2.69,226.4,14.55,2.965,320.6,0
M03692,Type_24,92.31,1.65,221.2,12.09,2.407,216.2,1
M03693,Type_24,83.57,0.1,220.1,11.79,2.335,856.8,1
M03694,Type_16,57.3,2.62,223.2,15.25,3.063,782.4,0
M03695,Type_10,74.22,0.1,217.0,12.29,2.4,822.2,0
M03696,Type_09,62.09,2.59,219.7,12.4,2.452,729.3,0
M03697,Type_24,66.05,2.12,214.0,14.39,2.772,741.8,0
M03698,Type_12,77.09,2.41,222.5,8.96,1.794,954.0,0
M03699,Type_15,64.88,1.39,223.7,2.99,0.602,829.6,1
M03700,Type_09,60.91,1.68,223.2,12.44,2.499,490.1,0
M03701,Type_21,58.2,1.35,213.2,16.01,3.072,485.5,0
M03702,Type_05,55.83,2.16,213.5,15.53,2.984,485.2,0
M03703,Type_14,53.79,1.94,213.8,5.64,1.085,850.6,1
M03704,Type_21,85.62,3.06,215.5,16.59,3.218,321.2,1
M03705,Type_23,69.55,1.63,242.1,12.53,2.73,660.9,1
M03706,Type_09,71.37,0.64,217.2,9.15,1.789,270.0,0
M03707,Type_10,55.28,1.37,218.4,13.79,2.711,711.7,0
M03708,Type_02,52.92,2.25,219.9,13.16,2.604,777.7,0
M03709,Type_19,75.29,1.22,217.2,19.88,3.886,474.4,0
M03710,Type_09,64.48,1.26,226.0,12.91,2.626,690.1,0
M03711,Type_09,57.39,0.59,226.4,19.35,3.943,683.1,0
M03712,Type_19,77.7,4.06,221.2,18.86,3.755,998.0,0
M03713,Type_14,75.64,1.22,217.3,17.55,3.432,86.4,0
M03714,Type_10,49.62,3.9,224.1,13.53,2.729,973.8,0
M03715,Type_11,64.09,1.03,220.8,8.75,1.739,334.8,0
M03716,Type_01,73.26,2.45,228.2,14.06,2.888,909.5,0
M03717,Type_03,70.95,1.95,221.8,16.26,3.246,214.0,0
M03718,Type_16,69.37,0.68,224.9,8.07,1.633,761.0,0
M03719,Type_06,60.95,2.17,222.9,13.37,2.682,871.3,0
M03720,Type_05,52.62,2.12,225.2,16.98,3.442,557.2,0
M03721,Type_09,57.49,1.23,223.4,14.84,2.984,711.2,0
M03722,Type_23,65.32,2.47,221.9,16.28,3.251,680.0,0
M03723,Type_02,78.5,2.49,222.4,10.13,2.028,213.4,0
M03724,Type_25,73.69,3.09,212.3,19.05,3.64,388.1,0
M03725,Type_13,64.2,2.52,224.6,14.38,2.907,525.0,0
M03726,Type_12,72.1,2.67,219.0,12.81,2.525,691.9,0
M03727,Type_12,45.86,1.8,220.0,18.17,3.598,394.5,0
M03728,Type_08,58.35,2.38,222.5,17.2,3.444,87.5,0
M03729,Type_09,64.03,2.73,221.6,17.77,3.544,255.9,0
M03730,Type_21,65.97,2.16,224.7,11.33,2.291,90.8,0
M03731,Type_10,70.82,2.01,217.1,15.14,2.958,335.4,0
M03732,Type_19,52.76,2.0,216.0,19.78,3.845,248.8,0
M03733,Type_10,89.28,2.52,225.3,16.88,3.423,699.0,0
M03734,Type_09,59.19,2.67,215.8,20.02,3.888,203.5,0
M03735,Type_21,39.65,2.82,216.2,12.84,2.498,56.0,0
M03736,Type_13,73.52,2.41,222.7,14.23,2.852,972.2,0
M03737,Type_18,82.53,2.66,211.4,12.16,2.314,513.7,0
M03738,Type_08,63.67,2.21,223.2,14.18,2.848,964.6,0
M03739,Type_23,72.96,1.41,223.3,12.49,2.51,562.3,0
M03740,Type_01,42.18,2.11,215.4,15.56,3.016,972.2,0
M03741,Type_25,60.27,4.29,221.2,16.84,3.353,113.7,0
M03742,Type_14,66.22,2.42,217.3,13.34,2.609,453.6,0
M03743,Type_17,59.37,1.16,223.2,20.33,4.084,878.7,0
M03744,Type_19,47.37,3.98,226.2,12.67,2.579,860.9,0
M03745,Type_10,59.36,1.06,216.5,18.14,3.535,544.8,0
M03746,Type_07,70.28,0.45,225.4,17.7,3.591,52.2,0
M03747,Type_12,63.27,2.95,218.7,15.3,3.011,488.6,0
M03748,Type_03,66.59,1.72,219.8,19.07,3.772,82.9,0
M03749,Type_06,72.93,1.96,222.8,23.12,4.636,94.8,0
M03750,Type_17,65.43,1.03,224.4,19.41,3.92,357.0,0
M03751,Type_07,54.66,1.05,216.5,11.41,2.223,258.1,0
M03752,Type_23,48.23,2.15,228.5,15.43,3.173,610.9,0
M03753,Type_16,69.83,2.28,219.6,10.18,2.012,295.7,0
M03754,Type_24,83.45,12.56,239.0,56.36,12.123,581.5,1
M03755,Type_05,43.87,3.31,215.6,20.82,4.04,628.2,0
M03756,Type_04,61.52,2.43,226.6,12.41,2.531,807.4,0
M03757,Type_24,79.07,3.85,218.5,14.93,2.936,554.3,0
M03758,Type_18,79.84,0.4,221.8,8.12,1.621,425.7,1
M03759,Type_24,67.75,3.87,219.3,18.03,3.559,308.4,0
M03760,Type_08,56.81,0.85,229.4,16.07,3.318,109.4,0
M03761,Type_12,50.58,1.89,212.0,12.21,2.33,812.9,0
M03762,Type_06,55.44,2.56,219.0,14.37,2.832,571.4,0
M03763,Type_08,75.68,1.66,223.2,10.92,2.194,794.0,0
M03764,Type_18,69.48,1.68,215.1,17.85,3.456,941.8,0
M03765,Type_23,55.99,3.37,224.5,14.72,2.974,64.5,0
M03766,Type_18,68.34,2.48,222.0,15.59,3.115,711.6,0
M03767,Type_02,63.46,0.56,221.0,14.63,2.91,466.3,0
M03768,Type_10,62.53,2.24,216.8,13.86,2.704,764.1,0
M03769,Type_16,65.2,2.34,219.0,13.0,2.562,417.3,0
M03770,Type_25,51.83,1.49,218.5,15.47,3.042,663.5,0
M03771,Type_16,112.98,2.08,227.5,16.73,3.425,573.0,1
M03772,Type_09,70.15,1.28,211.5,16.9,3.217,474.4,0
M03773,Type_23,66.84,1.8,217.9,10.68,2.094,892.8,0
M03774,Type_22,51.8,1.92,218.2,13.94,2.738,374.8,0
M03775,Type_01,39.86,2.11,224.0,16.74,3.375,70.4,0
M03776,Type_21,76.37,1.18,229.4,15.8,3.262,86.1,0
M03777,Type_15,65.72,0.44,219.1,14.38,2.836,406.1,0
M03778,Type_10,58.59,1.93,216.2,15.37,2.991,354.1,0
M03779,Type_08,81.16,0.93,223.9,10.64,2.144,66.4,0
M03780,Type_02,49.87,0.23,226.2,13.36,2.72,383.2,0
M03781,Type_20,64.81,2.64,200.0,15.14,2.725,178.2,1
M03782,Type_21,69.28,1.57,223.0,17.45,3.502,608.1,0
M03783,Type_06,64.66,2.19,224.0,19.95,4.022,731.8,0
M03784,Type_03,44.99,1.89,213.5,18.43,3.541,393.7,0
M03785,Type_11,44.08,1.52,216.6,19.97,3.893,868.2,0
M03786,Type_07,67.18,2.42,218.8,13.99,2.755,925.0,0
M03787,Type_03,86.47,10.54,249.9,58.81,13.227,637.4,1
M03788,Type_19,61.81,1.83,223.6,14.92,3.003,402.0,0
M03789,Type_13,72.19,3.57,217.3,13.58,2.656,542.9,0
M03790,Type_12,73.01,0.72,221.0,12.64,2.514,86.9,0
M03791,Type_01,54.8,2.41,206.4,16.36,3.039,622.8,1
M03792,Type_20,64.0,2.28,232.4,9.49,1.985,364.5,1
M03793,Type_07,62.95,3.04,214.0,15.63,3.01,737.6,0
M03794,Type_15,55.1,0.79,214.9,18.05,3.491,495.0,0
M03795,Type_02,72.94,3.37,218.5,14.71,2.893,814.8,0
M03796,Type_24,62.5,4.47,228.1,14.17,2.909,872.1,0
M03797,Type_25,67.54,10.56,215.1,12.64,2.447,409.1,1
M03798,Type_13,52.35,0.1,223.5,10.99,2.211,632.3,0
M03799,Type_22,64.61,2.83,219.6,11.75,2.322,223.7,0
M03800,Type_04,64.33,2.38,223.4,18.0,3.619,118.4,0
M03801,Type_01,57.16,1.2,210.9,9.53,1.809,741.1,0
M03802,Type_09,79.85,1.94,214.3,11.7,2.257,623.9,0
M03803,Type_09,58.94,0.66,224.8,14.11,2.855,633.6,0
M03804,Type_24,77.07,1.69,215.0,16.27,3.148,439.0,0
M03805,Type_16,72.43,2.74,217.3,17.98,3.516,535.0,0
M03806,Type_11,85.6,0.8,220.7,13.76,2.733,980.1,0
M03807,Type_15,66.56,1.46,220.6,13.5,2.68,545.9,0
M03808,Type_06,51.2,2.93,224.4,17.69,3.573,881.9,0
M03809,Type_13,43.28,0.95,221.5,18.14,3.616,825.7,0
M03810,Type_18,61.98,1.74,222.7,16.4,3.287,907.3,0
M03811,Type_03,56.27,3.73,214.9,16.51,3.193,87.6,0
M03812,Type_12,73.7,1.16,221.2,16.52,3.289,588.0,0
M03813,Type_09,124.14,5.3,241.7,34.44,7.492,126.6,1
M03814,Type_25,61.57,1.9,226.7,13.05,2.663,162.7,0
M03815,Type_12,83.89,2.55,219.8,18.05,3.571,552.2,0
M03816,Type_14,77.11,3.04,225.2,15.84,3.21,444.9,0
M03817,Type_22,35.7,3.08,229.9,14.08,2.913,943.8,0
M03818,Type_20,70.2,4.15,224.5,19.57,3.954,424.0,0
M03819,Type_18,65.59,2.67,215.2,19.36,3.75,891.7,0
M03820,Type_18,51.46,1.94,215.1,14.79,2.863,934.1,0
M03821,Type_23,62.93,3.18,221.1,18.31,3.644,260.5,0
M03822,Type_14,66.17,1.89,217.7,10.33,2.024,550.9,0
M03823,Type_08,78.77,2.59,217.9,11.5,2.255,784.3,0
M03824,Type_18,70.03,1.59,214.2,14.18,2.734,133.5,0
M03825,Type_17,60.17,2.46,215.5,13.36,2.591,464.0,0
M03826,Type_22,84.51,2.88,214.2,10.67,2.057,247.4,0
M03827,Type_18,84.4,2.32,216.8,14.59,2.847,707.0,0
M03828,Type_07,59.83,3.34,217.3,15.15,2.963,61.7,0
M03829,Type_18,66.79,2.06,224.2,14.97,3.021,530.6,0
M03830,Type_03,79.32,0.95,212.3,4.02,0.768,797.5,1
M03831,Type_12,67.91,2.43,216.7,16.88,3.292,318.2,0
M03832,Type_16,75.93,1.07,215.7,11.25,2.184,535.1,0
M03833,Type_22,69.9,2.63,217.1,13.02,2.544,294.6,0
M03834,Type_06,75.75,3.09,226.7,16.0,3.264,87.3,0
M03835,Type_02,76.36,2.26,222.3,16.23,3.247,572.2,0
M03836,Type_05,47.52,1.56,223.3,14.41,2.896,279.2,0
M03837,Type_08,61.3,2.74,220.3,15.74,3.121,613.0,0
M03838,Type_02,60.28,1.77,230.8,13.71,2.848,805.8,0
M03839,Type_14,53.53,2.09,218.6,17.73,3.488,107.7,0
M03840,Type_22,62.18,2.09,227.1,15.32,3.131,392.7,0
M03841,Type_08,61.18,1.64,220.5,12.51,2.483,943.3,0
M03842,Type_16,65.14,3.44,219.9,15.85,3.137,226.3,0
M03843,Type_16,59.6,3.04,224.0,17.67,3.562,505.6,0
M03844,Type_09,54.82,3.15,223.8,8.53,1.718,215.4,1
M03845,Type_21,63.04,2.08,221.7,15.21,3.035,945.6,0
M03846,Type_17,80.03,3.16,221.7,20.7,4.13,327.0,0
M03847,Type_25,75.54,1.99,222.3,15.06,3.013,109.1,0
M03848,Type_09,52.58,2.27,220.5,17.85,3.542,566.4,0
M03849,Type_09,65.88,2.31,219.9,15.21,3.01,690.9,0
M03850,Type_25,81.86,0.91,220.8,8.7,1.729,678.3,0
M03851,Type_22,60.51,3.91,221.0,16.07,3.196,289.0,0
M03852,Type_13,79.11,0.4,221.3,15.25,3.037,584.3,0
M03853,Type_13,77.67,1.63,219.8,17.48,3.458,980.6,0
M03854,Type_13,53.49,1.06,219.5,16.78,3.315,395.2,0
M03855,Type_24,57.49,2.46,223.2,13.32,2.676,925.5,0
M03856,Type_16,62.83,2.32,224.3,14.04,2.834,974.1,0
M03857,Type_20,74.75,3.02,223.1,12.97,2.604,243.8,0
M03858,Type_19,60.69,1.27,217.6,14.94,2.926,701.5,0
M03859,Type_17,69.2,1.3,217.5,9.22,1.805,786.1,1
M03860,Type_10,89.93,2.11,212.5,15.64,2.991,836.9,0
M03861,Type_18,65.63,2.98,250.0,8.22,1.849,620.4,1
M03862,Type_01,51.18,1.39,231.7,16.99,3.543,784.4,1
M03863,Type_01,52.28,2.22,217.3,12.76,2.495,387.2,0
M03864,Type_12,52.36,1.78,222.7,13.69,2.744,542.5,0
M03865,Type_02,57.62,2.23,214.0,17.33,3.338,605.1,0
M03866,Type_20,48.83,1.54,219.6,13.23,2.615,653.0,0
M03867,Type_08,64.41,0.57,217.6,15.73,3.081,732.7,0
M03868,Type_11,58.71,0.5,219.0,13.92,2.744,239.0,0
M03869,Type_20,76.52,0.5,209.7,12.79,2.414,533.1,0
M03870,Type_11,83.2,2.03,223.5,13.16,2.647,629.6,0
M03871,Type_04,50.72,1.42,214.6,10.37,2.003,168.8,0
M03872,Type_05,69.11,2.16,224.2,14.49,2.924,151.2,0
M03873,Type_08,62.84,1.95,212.5,14.87,2.844,607.3,0
M03874,Type_08,67.53,3.19,220.8,13.96,2.774,282.9,0
M03875,Type_05,79.29,2.58,218.4,19.25,3.784,134.8,0
M03876,Type_11,102.01,1.77,221.0,6.83,1.358,149.3,1
M03877,Type_11,55.53,1.17,212.5,17.95,3.433,840.0,0
M03878,Type_04,56.9,1.72,214.7,15.06,2.91,477.6,0
M03879,Type_11,70.64,3.61,225.8,15.59,3.168,634.6,0
M03880,Type_06,68.23,2.85,221.1,14.09,2.804,524.5,0
M03881,Type_06,78.88,1.43,215.7,10.77,2.091,128.0,0
M03882,Type_20,81.74,2.56,223.5,14.19,2.854,525.8,0
M03883,Type_05,68.67,1.79,219.7,17.18,3.397,71.0,0
M03884,Type_20,57.6,2.23,220.0,11.4,2.257,980.0,0
M03885,Type_19,75.19,2.55,223.4,19.87,3.995,431.5,0
M03886,Type_23,57.04,2.56,216.8,17.19,3.354,806.3,0
M03887,Type_24,68.9,1.76,223.8,13.97,2.814,897.0,0
M03888,Type_21,70.04,3.9,221.5,18.59,3.706,253.9,0
M03889,Type_07,47.54,1.74,220.4,35.91,7.123,982.6,1
M03890,Type_06,72.76,0.67,214.7,13.08,2.527,471.7,0
M03891,Type_09,71.43,1.01,227.0,15.6,3.187,846.3,0
M03892,Type_09,67.13,1.12,219.6,12.8,2.53,862.0,0
M03893,Type_17,53.12,0.22,219.1,8.47,1.67,611.1,1
M03894,Type_03,60.53,1.78,220.5,14.12,2.802,545.8,0
M03895,Type_25,64.68,3.15,228.4,19.17,3.941,423.9,0
M03896,Type_08,76.77,1.45,222.6,12.73,2.55,375.7,0
M03897,Type_15,63.67,2.58,218.3,15.24,2.994,177.9,0
M03898,Type_13,73.34,0.42,221.6,18.23,3.636,660.2,0
M03899,Type_02,59.95,2.79,212.2,11.67,2.229,564.6,0
M03900,Type_24,71.23,0.71,215.9,21.48,4.174,286.6,0
M03901,Type_03,63.78,3.13,213.7,13.37,2.571,798.2,0
M03902,Type_14,62.27,0.23,225.8,10.98,2.231,276.8,0
M03903,Type_09,44.72,3.77,221.9,16.28,3.251,236.3,0
M03904,Type_22,65.5,2.71,217.3,12.5,2.445,199.9,0
M03905,Type_04,77.75,2.35,221.8,17.16,3.425,999.5,0
M03906,Type_23,75.25,3.95,221.1,3.64,0.724,973.7,1
M03907,Type_11,63.25,2.08,244.6,16.44,3.619,624.4,1
M03908,Type_20,57.68,3.2,219.5,15.9,3.141,759.3,0
M03909,Type_22,114.77,8.59,248.1,41.07,9.171,876.4,1
M03910,Type_20,68.06,2.19,219.9,15.46,3.06,782.1,0
M03911,Type_07,74.99,0.1,212.3,19.7,3.764,470.8,0
M03912,Type_12,66.6,2.06,218.8,17.49,3.444,450.5,0
M03913,Type_15,53.22,1.69,222.2,15.34,3.068,838.4,0
M03914,Type_17,71.29,0.68,221.6,12.41,2.475,489.6,0
M03915,Type_13,48.52,3.81,221.5,15.49,3.088,462.8,0
M03916,Type_13,76.56,1.71,225.0,20.42,4.135,913.1,0
M03917,Type_19,63.35,2.6,213.3,11.73,2.252,994.3,0
M03918,Type_18,71.74,2.18,221.0,14.28,2.84,579.9,0
M03919,Type_06,73.18,2.27,225.0,14.55,2.946,680.1,0
M03920,Type_21,69.66,3.18,214.2,19.07,3.676,636.7,0
M03921,Type_14,78.07,2.16,226.4,14.54,2.963,614.8,0
M03922,Type_05,57.18,1.39,220.0,18.79,3.72,141.2,0
M03923,Type_10,76.32,2.39,218.5,10.13,1.992,344.7,0
M03924,Type_12,70.1,0.7,219.6,3.66,0.723,719.3,1
M03925,Type_06,65.36,2.97,200.0,9.03,1.625,554.4,1
M03926,Type_24,70.84,2.88,230.3,16.13,3.343,999.3,0
M03927,Type_23,66.26,2.06,216.8,11.32,2.209,856.7,0
M03928,Type_14,92.01,0.45,221.9,13.99,2.794,411.8,0
M03929,Type_09,71.03,1.1,211.8,14.03,2.674,874.8,0
M03930,Type_06,80.43,0.84,228.7,16.08,3.31,994.3,0
M03931,Type_03,66.27,0.93,225.6,16.45,3.34,323.6,0
M03932,Type_09,61.13,0.1,219.5,18.58,3.67,407.8,0
M03933,Type_14,72.44,3.32,223.6,8.09,1.628,441.6,0
M03934,Type_08,57.14,2.75,222.7,16.6,3.327,452.4,0
M03935,Type_05,71.08,1.77,229.5,14.77,3.051,915.5,0
M03936,Type_05,83.06,3.53,214.7,13.63,2.634,840.3,0
M03937,Type_16,61.93,3.59,211.5,14.18,2.699,435.4,0
M03938,Type_08,63.29,1.86,221.0,20.29,4.036,414.0,0
M03939,Type_06,68.49,0.1,221.3,14.66,2.92,583.9,0
M03940,Type_24,74.67,1.04,221.5,15.67,3.124,748.3,0
M03941,Type_02,84.26,8.25,248.1,44.53,9.943,303.8,1
M03942,Type_01,74.69,2.25,229.1,11.83,2.439,176.0,0
M03943,Type_18,43.17,2.07,217.0,12.51,2.443,944.5,0
M03944,Type_10,73.75,0.1,210.9,18.18,3.451,651.8,0
M03945,Type_01,71.61,3.2,216.7,11.49,2.241,278.1,0
M03946,Type_15,63.17,2.31,222.5,19.37,3.879,345.8,0
M03947,Type_08,68.58,0.1,224.4,18.87,3.811,461.4,0
M03948,Type_05,65.21,3.48,219.2,10.83,2.137,421.8,0
M03949,Type_09,70.13,2.66,227.1,15.09,3.084,960.7,0
M03950,Type_06,71.71,1.38,228.3,18.12,3.723,719.3,0
M03951,Type_14,62.85,1.32,221.0,15.68,3.119,53.1,0
M03952,Type_01,68.23,2.5,220.2,12.03,2.384,953.6,0
M03953,Type_03,80.88,3.41,222.3,11.95,2.391,628.1,1
M03954,Type_11,76.72,2.38,214.8,13.15,2.542,333.4,0
M03955,Type_02,73.59,2.18,218.4,16.13,3.171,546.4,0
M03956,Type_22,70.15,2.58,220.0,18.56,3.675,380.9,0
M03957,Type_05,46.85,2.13,219.4,17.45,3.446,184.4,0
M03958,Type_08,68.49,0.98,221.4,17.73,3.533,918.4,0
M03959,Type_15,62.21,2.23,219.8,11.59,2.293,108.3,0
M03960,Type_01,93.72,2.37,210.4,14.41,2.729,874.6,0
M03961,Type_01,69.54,2.16,202.0,18.8,3.418,318.0,1
M03962,Type_05,48.58,2.47,209.2,14.47,2.724,779.5,0
M03963,Type_12,68.03,3.48,223.0,13.36,2.681,717.0,0
M03964,Type_09,64.96,3.44,216.0,15.24,2.963,244.0,0
M03965,Type_05,43.79,1.0,241.6,15.56,3.383,792.6,1
M03966,Type_20,66.74,1.83,224.2,12.33,2.488,331.5,0
M03967,Type_06,72.62,4.06,222.2,13.99,2.798,382.4,0
M03968,Type_02,59.79,4.7,223.0,12.67,2.543,86.9,0
M03969,Type_03,49.36,2.08,222.2,12.53,2.506,449.4,0
M03970,Type_22,58.13,0.31,214.3,11.56,2.23,682.3,0
M03971,Type_02,66.18,1.73,226.6,14.68,2.994,713.1,0
M03972,Type_05,56.7,2.1,225.9,19.78,4.021,223.0,0
M03973,Type_17,50.89,1.96,213.0,13.21,2.532,855.8,0
M03974,Type_22,78.68,2.48,222.1,13.87,2.772,592.4,0
M03975,Type_12,69.0,3.05,224.9,16.18,3.275,620.0,0
M03976,Type_10,61.25,1.39,222.0,23.38,4.671,234.8,0
M03977,Type_16,54.63,1.02,224.6,18.82,3.804,925.2,0
M03978,Type_15,52.54,3.68,211.3,17.91,3.406,423.5,0
M03979,Type_22,64.02,2.15,220.2,10.2,2.021,531.7,0
M03980,Type_07,71.85,3.38,217.3,12.59,2.462,233.5,0
M03981,Type_05,64.53,2.48,212.0,11.35,2.166,623.4,0
M03982,Type_11,47.52,0.41,220.3,22.03,4.368,435.4,0
M03983,Type_10,62.87,2.66,220.0,14.44,2.859,769.2,0
M03984,Type_14,61.82,1.42,234.1,15.88,3.346,320.1,1
M03985,Type_12,57.13,1.24,214.7,17.99,3.476,805.9,0
M03986,Type_17,54.67,1.74,224.7,14.6,2.953,878.8,0
M03987,Type_01,60.83,1.5,223.8,11.89,2.395,636.1,0
M03988,Type_18,57.7,2.46,218.6,12.53,2.465,380.5,0
M03989,Type_03,50.42,2.16,224.9,16.66,3.372,903.6,0
M03990,Type_07,109.99,1.28,232.2,15.59,3.258,716.8,1
M03991,Type_01,65.31,3.13,244.4,13.81,3.038,219.8,1
M03992,Type_18,58.44,0.1,200.2,13.74,2.476,412.0,1
M03993,Type_05,63.62,2.14,227.2,13.32,2.724,531.4,0
M03994,Type_25,69.05,1.37,221.6,16.03,3.197,897.1,0
M03995,Type_10,58.47,3.08,222.1,13.75,2.748,509.6,0
M03996,Type_18,67.0,2.8,229.5,50.16,10.361,819.9,1
M03997,Type_04,61.56,2.25,217.7,13.28,2.602,260.6,0
M03998,Type_17,60.21,2.27,223.2,11.36,2.282,125.5,0
M03999,Type_10,58.47,1.66,219.9,12.73,2.519,713.7,0
M04000,Type_24,62.4,1.74,224.6,10.85,2.193,81.0,0
M04001,Type_20,62.56,2.66,220.6,13.39,2.658,157.9,0
M04002,Type_16,46.29,1.67,224.5,11.84,2.392,168.3,0
M04003,Type_20,57.83,3.48,220.8,15.28,3.036,743.3,0
M04004,Type_14,52.86,2.87,224.4,16.49,3.33,201.4,0
M04005,Type_21,61.6,10.74,218.1,13.25,2.601,66.5,1
M04006,Type_17,76.83,1.47,230.0,17.01,3.521,594.1,0
M04007,Type_17,52.61,1.6,214.9,19.49,3.77,314.2,0
M04008,Type_03,77.44,1.59,233.2,14.83,3.113,97.3,0
M04009,Type_18,61.98,1.5,219.7,8.2,1.621,854.5,1
M04010,Type_07,64.45,2.57,227.0,13.62,2.783,660.0,0
M04011,Type_20,78.52,1.66,215.2,15.0,2.905,714.6,0
M04012,Type_16,63.06,1.73,226.2,13.53,2.754,130.6,0
M04013,Type_16,66.94,1.01,218.5,12.49,2.456,548.7,0
M04014,Type_19,63.26,2.84,216.0,7.14,1.388,828.9,1
M04015,Type_05,73.72,1.88,222.6,13.5,2.705,366.0,0
M04016,Type_01,83.17,0.6,219.3,13.58,2.68,641.3,0
M04017,Type_24,48.59,2.27,221.4,15.74,3.136,982.1,0
M04018,Type_16,53.89,2.7,209.3,15.49,2.918,874.5,0
M04019,Type_17,64.49,2.25,218.8,15.22,2.997,962.1,0
M04020,Type_11,60.37,1.94,213.1,15.01,2.879,987.3,0
M04021,Type_03,68.68,1.59,211.4,20.28,3.858,368.3,0
M04022,Type_20,69.23,2.82,213.0,10.8,2.07,493.7,0
M04023,Type_21,67.77,2.32,224.2,11.9,2.401,953.2,0
M04024,Type_21,59.19,2.09,227.0,9.51,1.943,941.9,1
M04025,Type_01,88.52,1.85,225.9,15.47,3.145,751.6,0
M04026,Type_11,61.91,2.18,216.8,18.69,3.647,703.3,0
M04027,Type_07,71.74,3.13,217.9,11.36,2.228,506.2,0
M04028,Type_21,55.74,2.14,223.7,17.61,3.545,155.6,0
M04029,Type_15,54.3,1.49,220.3,14.43,2.861,133.5,0
M04030,Type_16,69.12,1.1,217.9,13.87,2.72,278.4,0
M04031,Type_13,76.53,2.59,230.0,16.25,3.364,616.4,0
M04032,Type_01,72.9,2.21,216.6,12.2,2.378,766.1,0
M04033,Type_12,61.29,3.38,224.1,13.51,2.725,858.5,0
M04034,Type_08,64.06,1.93,216.9,14.37,2.805,861.7,0
M04035,Type_24,60.58,2.4,213.2,14.68,2.817,861.6,0
M04036,Type_25,64.98,2.71,218.0,19.12,3.751,623.3,0
M04037,Type_21,75.49,2.21,225.8,15.18,3.085,210.1,0
M04038,Type_05,58.68,3.05,229.6,17.04,3.521,629.1,0
M04039,Type_05,75.91,2.52,220.6,16.55,3.286,820.4,0
M04040,Type_09,68.69,1.01,224.3,17.33,3.498,209.2,0
M04041,Type_25,64.37,2.87,227.4,16.74,3.426,964.8,0
M04042,Type_05,83.45,3.37,219.2,8.46,1.669,440.6,1
M04043,Type_03,76.09,2.17,214.5,9.82,1.896,529.2,0
M04044,Type_10,74.13,1.09,217.7,16.54,3.241,761.2,0
M04045,Type_04,48.38,2.53,221.3,18.9,3.764,679.3,0
M04046,Type_18,75.5,3.1,225.8,13.25,2.693,160.5,0
M04047,Type_04,36.97,1.14,217.6,15.92,3.118,960.7,0
M04048,Type_20,75.69,2.66,215.5,2.75,0.533,259.4,1
M04049,Type_11,57.64,1.7,221.8,14.34,2.863,978.2,0
M04050,Type_19,75.26,1.84,228.0,17.29,3.548,724.1,0
M04051,Type_14,67.99,0.34,230.1,12.88,2.667,530.5,0
M04052,Type_11,63.97,1.93,215.2,5.09,0.986,563.1,1
M04053,Type_20,76.39,1.86,221.1,13.07,2.601,951.3,0
M04054,Type_05,60.88,1.62,222.4,9.67,1.936,688.5,0
M04055,Type_18,79.42,1.19,224.9,13.14,2.66,838.3,0
M04056,Type_17,62.2,0.71,222.4,22.64,4.532,795.7,0
M04057,Type_23,65.96,2.62,225.0,11.35,2.298,568.4,0
M04058,Type_02,42.12,3.26,222.5,14.7,2.944,921.7,0
M04059,Type_17,60.55,0.68,224.4,15.0,3.029,771.3,0
M04060,Type_01,111.93,6.39,239.2,53.33,11.481,638.7,1
M04061,Type_24,72.86,1.72,223.7,16.4,3.302,196.7,0
M04062,Type_16,54.71,1.49,216.3,12.77,2.486,80.1,0
M04063,Type_21,81.12,3.45,225.2,12.14,2.461,570.5,0
M04064,Type_18,63.6,1.31,216.4,10.6,2.064,927.4,0
M04065,Type_09,79.03,2.99,227.8,13.73,2.815,900.1,0
M04066,Type_17,64.02,0.8,211.3,15.18,2.887,386.7,0
M04067,Type_24,40.53,1.33,218.9,17.41,3.43,183.0,0
M04068,Type_20,57.87,1.57,215.4,13.62,2.64,826.7,0
M04069,Type_19,56.43,1.99,223.1,15.8,3.172,196.8,0
M04070,Type_11,73.34,0.95,221.1,21.01,4.181,421.4,0
M04071,Type_22,57.88,1.42,232.3,15.04,3.144,54.6,0
M04072,Type_15,76.89,2.8,219.6,13.03,2.575,624.7,0
M04073,Type_20,51.29,3.13,218.2,9.76,1.917,602.1,0
M04074,Type_02,81.88,1.01,222.2,14.68,2.936,648.2,1
M04075,Type_03,83.86,9.05,246.6,51.9,11.519,192.6,1
M04076,Type_12,64.95,1.65,219.9,20.66,4.089,775.3,0
M04077,Type_06,84.27,1.73,226.6,15.36,3.133,332.7,0
M04078,Type_25,68.8,2.74,211.8,16.25,3.098,924.9,0
M04079,Type_18,67.5,2.14,218.9,17.87,3.521,961.4,0
M04080,Type_10,67.61,1.91,221.2,10.5,2.09,336.5,0
M04081,Type_18,50.01,1.84,218.7,17.3,3.405,276.3,0
M04082,Type_24,64.74,1.94,226.6,19.36,3.948,882.5,0
M04083,Type_13,60.72,2.03,218.8,11.54,2.272,551.9,0
M04084,Type_11,56.23,3.71,220.8,16.07,3.193,677.5,0
M04085,Type_03,44.35,3.45,226.3,20.64,4.204,183.4,0
M04086,Type_24,61.43,1.74,222.2,15.9,3.18,278.2,0
M04087,Type_20,49.3,2.0,219.8,10.03,1.984,404.8,0
M04088,Type_02,88.48,0.37,225.3,12.36,2.506,137.2,1
M04089,Type_07,59.54,2.17,219.4,14.51,2.865,163.2,0
M04090,Type_02,56.83,5.52,231.8,15.99,3.336,256.2,1
M04091,Type_03,60.41,2.75,226.1,16.55,3.368,399.4,0
M04092,Type_07,77.86,2.17,215.7,11.3,2.194,349.6,0
M04093,Type_16,70.78,1.54,219.6,17.46,3.451,783.8,0
M04094,Type_11,56.69,2.3,221.7,10.87,2.169,250.1,0
M04095,Type_19,57.46,2.05,212.8,8.99,1.722,262.1,0
M04096,Type_06,76.34,1.74,224.9,18.42,3.728,541.7,0
M04097,Type_13,55.67,1.37,224.9,10.6,2.146,669.3,0
M04098,Type_18,79.94,0.83,220.1,12.21,2.419,863.6,0
M04099,Type_20,52.59,0.59,220.4,17.66,3.503,402.9,0
M04100,Type_10,52.32,1.99,219.4,14.51,2.865,521.2,0
M04101,Type_02,68.91,2.27,214.5,15.59,3.01,700.2,0
M04102,Type_02,62.7,4.16,215.5,22.28,4.321,271.3,0
M04103,Type_22,76.0,1.81,221.8,10.46,2.088,756.1,0
M04104,Type_03,66.48,8.93,218.4,19.33,3.8,167.0,1
M04105,Type_06,66.65,1.0,220.8,19.0,3.776,301.4,0
M04106,Type_19,53.39,8.58,220.6,16.9,3.355,542.2,1
M04107,Type_06,74.3,0.77,222.3,13.61,2.723,458.2,0
M04108,Type_03,65.27,2.16,213.7,17.99,3.46,968.7,0
M04109,Type_25,75.14,1.52,219.1,20.27,3.997,649.6,0
M04110,Type_14,66.93,2.08,224.2,14.97,3.021,481.7,0
M04111,Type_12,65.39,1.21,215.4,18.47,3.581,334.2,0
M04112,Type_25,60.85,1.06,219.6,11.1,2.194,345.3,0
M04113,Type_02,69.96,1.97,233.0,15.4,3.229,528.0,0
M04114,Type_23,77.49,1.71,214.1,11.92,2.297,793.0,0
M04115,Type_12,61.92,3.15,216.7,16.88,3.292,749.3,0
M04116,Type_05,80.03,2.42,219.4,6.26,1.236,441.1,1
M04117,Type_23,68.19,2.88,218.3,53.35,10.482,880.9,1
M04118,Type_09,38.87,1.45,207.1,17.99,3.353,903.0,0
M04119,Type_10,68.86,3.34,222.5,18.16,3.637,617.7,0
M04120,Type_04,71.28,0.1,219.9,11.08,2.193,549.7,0
M04121,Type_19,74.97,2.43,237.6,15.0,3.208,864.0,0
M04122,Type_01,71.62,1.96,218.0,14.96,2.935,153.9,0
M04123,Type_17,75.46,1.53,225.3,11.87,2.407,889.5,0
M04124,Type_16,64.56,2.24,216.4,18.28,3.56,673.3,0
M04125,Type_15,62.48,1.56,224.6,12.93,2.614,427.0,0
M04126,Type_02,64.25,0.78,213.8,20.3,3.906,734.3,0
M04127,Type_19,71.98,3.21,216.8,12.24,2.388,977.4,0
M04128,Type_23,59.48,1.1,217.2,16.55,3.235,259.9,0
M04129,Type_23,76.04,1.3,221.3,14.11,2.81,977.1,0
M04130,Type_25,63.68,1.68,219.3,12.45,2.457,799.7,0
M04131,Type_22,66.65,0.66,223.8,12.13,2.443,790.4,0
M04132,Type_12,65.72,2.21,225.5,13.74,2.789,789.8,0
M04133,Type_06,58.88,3.84,223.1,11.28,2.265,505.6,0
M04134,Type_11,53.52,2.76,222.8,13.46,2.699,212.4,0
M04135,Type_14,62.12,1.64,217.7,10.25,2.008,359.1,0
M04136,Type_13,62.93,4.2,224.3,17.32,3.496,549.0,0
M04137,Type_01,99.49,1.4,212.7,4.08,0.781,947.4,1
M04138,Type_11,66.49,1.0,218.7,16.16,3.181,881.1,0
M04139,Type_08,68.18,11.63,220.4,11.56,2.293,981.9,1
M04140,Type_05,50.07,2.81,213.9,18.54,3.569,503.8,0
M04141,Type_01,64.12,0.73,217.5,15.06,2.948,345.3,0
M04142,Type_08,68.87,1.43,224.7,15.21,3.076,418.0,0
M04143,Type_19,67.64,1.75,222.7,19.55,3.918,640.7,0
M04144,Type_05,68.75,3.89,219.1,10.59,2.088,643.2,0
M04145,Type_18,70.15,0.4,222.4,18.26,3.655,554.5,0
M04146,Type_09,53.09,3.58,218.6,12.05,2.371,350.6,0
M04147,Type_04,75.68,1.95,225.2,16.38,3.32,56.9,0
M04148,Type_14,67.55,0.83,200.0,19.64,3.535,301.1,1
M04149,Type_05,78.88,3.32,217.8,15.75,3.087,537.9,0
M04150,Type_06,46.45,2.43,225.6,10.85,2.203,254.7,0
M04151,Type_24,60.24,2.5,218.2,12.07,2.37,959.4,0
M04152,Type_19,74.28,1.3,212.3,20.4,3.898,840.0,0
M04153,Type_18,49.11,3.65,232.0,14.88,3.107,660.4,0
M04154,Type_20,59.1,2.29,228.8,19.86,4.09,375.2,0
M04155,Type_06,60.52,2.49,207.2,13.75,2.564,659.5,0
M04156,Type_14,61.67,1.68,230.1,11.26,2.332,459.5,0
M04157,Type_13,83.0,0.32,233.6,13.2,2.775,642.1,0
M04158,Type_11,70.78,2.26,212.0,16.74,3.194,941.8,0
M04159,Type_25,64.85,1.43,223.2,12.86,2.583,322.6,0
M04160,Type_04,63.64,0.6,223.2,7.44,1.495,812.7,0
M04161,Type_11,53.32,2.05,220.3,14.18,2.811,585.2,0
M04162,Type_25,59.61,2.72,222.4,11.29,2.26,76.2,0
M04163,Type_05,69.57,2.08,227.0,15.03,3.071,386.9,0
M04164,Type_06,55.71,1.43,223.2,13.43,2.698,853.8,0
M04165,Type_11,63.04,0.57,221.4,11.24,2.24,191.0,0
M04166,Type_23,68.93,1.9,226.9,19.36,3.954,367.4,0
M04167,Type_12,52.49,3.25,220.4,11.2,2.222,448.6,0
M04168,Type_03,56.75,1.75,215.5,11.83,2.294,878.1,0
M04169,Type_16,47.89,2.21,217.6,10.14,1.986,524.5,0
M04170,Type_10,56.91,0.83,213.9,15.59,3.001,979.1,0
M04171,Type_21,65.62,1.87,224.2,15.85,3.198,186.7,0
M04172,Type_19,76.2,2.49,232.2,15.04,3.143,617.3,0
M04173,Type_10,38.12,2.14,218.2,9.34,1.834,259.1,0
M04174,Type_18,70.62,2.36,227.4,12.65,2.589,588.8,0
M04175,Type_10,67.97,2.81,222.7,14.25,2.856,121.7,0
M04176,Type_24,53.75,1.29,223.4,12.63,2.539,402.4,0
M04177,Type_14,65.17,1.14,214.0,14.61,2.814,741.2,0
M04178,Type_10,85.56,1.59,222.1,18.58,3.714,631.4,0
M04179,Type_22,64.82,1.2,209.2,15.09,2.841,901.2,0
M04180,Type_22,68.62,7.29,236.3,18.05,3.839,652.0,1
M04181,Type_20,76.18,1.97,219.9,14.19,2.808,726.2,0
M04182,Type_09,73.38,2.94,218.4,9.5,1.867,140.0,0
M04183,Type_12,66.27,2.36,219.8,12.31,2.435,537.7,0
M04184,Type_24,65.62,2.65,222.0,16.8,3.357,62.4,0
M04185,Type_17,76.07,1.72,209.6,13.53,2.552,403.4,0
M04186,Type_09,64.57,2.6,219.8,14.31,2.831,164.3,0
M04187,Type_02,70.98,1.65,224.9,16.94,3.429,540.9,0
M04188,Type_06,67.85,1.86,225.5,16.29,3.306,171.4,0
M04189,Type_01,48.4,2.96,221.5,16.22,3.233,287.9,0
M04190,Type_02,83.04,2.01,217.2,17.13,3.349,348.0,1
M04191,Type_11,100.2,1.0,230.2,14.43,2.99,343.0,1
M04192,Type_24,59.97,1.05,228.5,11.05,2.272,124.7,0
M04193,Type_24,68.57,1.95,217.9,13.73,2.693,167.5,0
M04194,Type_02,61.82,2.51,211.4,13.17,2.506,455.1,0
M04195,Type_12,75.0,1.1,216.2,14.78,2.876,73.9,0
M04196,Type_21,68.31,3.05,213.1,18.42,3.533,967.4,0
M04197,Type_20,62.22,1.51,219.7,10.83,2.141,227.9,0
M04198,Type_10,75.54,1.7,223.2,15.73,3.16,401.7,0
M04199,Type_05,69.87,1.33,215.8,10.99,2.134,560.7,0
M04200,Type_11,80.37,2.17,210.4,16.03,3.035,728.5,0
M04201,Type_20,68.5,2.29,212.3,13.59,2.597,548.2,0
M04202,Type_04,78.38,1.16,222.8,14.89,2.986,748.0,0
M04203,Type_01,66.65,2.22,223.2,17.22,3.459,250.7,0
M04204,Type_18,67.37,2.29,223.6,21.65,4.357,361.9,0
M04205,Type_21,49.44,0.31,220.7,13.89,2.759,523.9,0
M04206,Type_09,69.3,0.1,218.3,15.86,3.116,490.7,0
M04207,Type_06,65.73,3.72,221.4,10.44,2.08,592.2,0
M04208,Type_05,56.89,2.01,227.5,15.11,3.094,454.2,0
M04209,Type_15,92.91,1.61,216.3,9.09,1.77,976.6,0
M04210,Type_05,82.56,2.22,224.1,16.98,3.425,456.3,0
M04211,Type_24,72.62,2.59,222.7,11.74,2.353,242.5,0
M04212,Type_21,67.28,1.45,215.5,13.58,2.634,798.4,0
M04213,Type_04,71.57,1.88,226.5,7.91,1.612,82.3,0
M04214,Type_24,67.28,2.93,218.6,18.16,3.573,600.3,0
M04215,Type_21,61.02,2.78,218.1,20.51,4.026,448.7,0
M04216,Type_16,63.92,2.22,222.7,13.15,2.636,746.6,0
M04217,Type_06,74.59,1.7,227.4,18.95,3.878,843.8,0
M04218,Type_24,90.49,10.4,235.9,58.2,12.356,309.9,1
M04219,Type_11,59.27,2.06,218.2,11.13,2.186,574.7,0
M04220,Type_12,54.02,2.81,218.6,19.24,3.785,752.9,0
M04221,Type_15,77.54,3.17,225.0,8.26,1.673,294.3,0
M04222,Type_20,72.31,1.69,229.4,10.59,2.186,559.6,0
M04223,Type_23,70.62,2.4,233.5,20.56,4.321,235.7,0
M04224,Type_02,60.93,2.25,216.9,16.11,3.145,715.9,0
M04225,Type_09,68.64,1.51,214.8,19.76,3.82,562.3,0
M04226,Type_01,70.2,2.47,219.7,13.91,2.75,599.7,0
M04227,Type_01,59.76,1.13,223.5,12.83,2.581,153.2,0
M04228,Type_13,51.64,1.59,225.7,15.43,3.134,957.4,0
M04229,Type_07,53.88,2.2,225.4,13.61,2.761,819.6,0
M04230,Type_24,52.62,0.65,218.7,10.65,2.096,914.1,0
M04231,Type_16,80.69,3.78,213.3,13.38,2.569,750.7,0
M04232,Type_10,57.13,1.64,215.9,50.86,9.883,323.4,1
M04233,Type_07,64.37,3.19,219.2,16.71,3.297,116.0,0
M04234,Type_10,73.35,2.16,218.2,13.99,2.747,805.7,0
M04235,Type_23,55.08,3.47,240.4,15.3,3.31,493.2,1
M04236,Type_04,76.46,1.15,224.4,22.18,4.479,901.6,0
M04237,Type_01,63.24,2.38,216.5,13.32,2.595,531.8,0
M04238,Type_17,58.35,3.89,225.5,14.07,2.856,378.2,0
M04239,Type_24,64.44,3.38,220.5,19.01,3.773,391.8,0
M04240,Type_11,67.1,2.42,218.9,8.75,1.724,284.1,0
M04241,Type_04,38.18,3.91,212.9,19.74,3.782,498.8,0
M04242,Type_25,60.19,1.59,224.3,10.08,2.035,334.8,0
M04243,Type_03,70.77,0.76,213.4,6.68,1.283,521.7,0
M04244,Type_10,66.97,0.58,226.8,15.97,3.26,148.5,0
M04245,Type_23,58.07,0.1,205.4,13.56,2.507,892.4,0
M04246,Type_17,94.82,8.47,249.6,49.38,11.093,482.3,1
M04247,Type_19,75.72,2.39,214.3,18.74,3.614,773.0,0
M04248,Type_12,41.61,2.32,223.8,18.67,3.761,815.4,0
M04249,Type_17,47.65,0.69,214.2,14.52,2.799,902.3,0
M04250,Type_18,56.38,1.04,220.8,48.69,9.676,796.1,1
M04251,Type_12,57.37,1.36,213.6,13.38,2.572,719.9,0
M04252,Type_19,60.61,0.73,225.1,14.15,2.867,251.4,0
M04253,Type_11,55.96,2.02,220.5,17.22,3.417,777.1,0
M04254,Type_06,64.49,2.92,214.5,15.73,3.037,509.1,0
M04255,Type_24,58.26,2.9,219.3,11.77,2.323,663.7,0
M04256,Type_13,66.44,2.37,215.1,14.01,2.712,98.8,0
M04257,Type_06,67.68,2.79,223.0,15.1,3.031,234.8,0
M04258,Type_22,70.76,1.73,216.9,17.89,3.492,328.2,0
M04259,Type_10,42.4,1.56,218.3,12.87,2.529,672.8,0
M04260,Type_09,61.93,3.01,218.1,18.62,3.655,428.4,0
M04261,Type_21,54.02,2.4,215.9,45.85,8.909,985.0,1
M04262,Type_15,62.91,1.45,226.7,15.79,3.222,112.7,0
M04263,Type_25,71.21,2.51,223.7,18.39,3.702,189.3,0
M04264,Type_19,53.74,0.1,212.9,13.59,2.604,377.0,0
M04265,Type_16,64.27,1.04,217.0,13.71,2.678,760.4,0
M04266,Type_06,66.36,1.77,215.6,11.84,2.297,343.8,0
M04267,Type_13,90.26,3.13,224.8,15.05,3.045,189.9,0
M04268,Type_12,78.0,0.6,215.1,15.66,3.032,821.4,0
M04269,Type_25,54.94,2.04,217.6,16.43,3.218,114.9,0
M04270,Type_01,70.92,1.42,215.4,52.0,10.081,158.7,1
M04271,Type_11,58.39,2.32,217.5,15.22,2.979,74.1,0
M04272,Type_17,63.9,2.13,217.7,16.94,3.319,295.5,0
M04273,Type_24,73.23,0.65,221.9,12.21,2.438,623.8,0
M04274,Type_07,77.33,2.07,225.2,12.5,2.534,472.0,0
M04275,Type_07,56.38,2.42,216.3,42.46,8.266,387.8,1
M04276,Type_14,48.13,2.71,225.7,14.8,3.006,364.7,0
M04277,Type_25,68.48,1.89,217.8,17.37,3.405,883.7,0
M04278,Type_09,79.61,1.5,212.2,21.09,4.028,735.5,0
M04279,Type_05,65.15,2.78,227.1,14.97,3.06,888.2,0
M04280,Type_02,55.6,2.04,224.6,12.73,2.573,779.5,0
M04281,Type_06,80.74,1.95,221.8,11.3,2.256,850.7,0
M04282,Type_03,87.78,2.64,218.5,20.02,3.937,968.2,1
M04283,Type_13,47.01,1.85,218.2,15.48,3.04,741.9,0
M04284,Type_05,121.2,1.79,218.2,20.56,4.038,481.8,1
M04285,Type_10,72.56,1.72,226.5,11.59,2.363,889.4,0
M04286,Type_23,66.33,3.86,226.3,17.89,3.644,976.8,0
M04287,Type_19,104.35,2.01,222.9,11.64,2.335,848.7,1
M04288,Type_09,76.27,0.62,228.3,16.87,3.466,642.2,0
M04289,Type_20,58.18,1.91,209.8,14.32,2.704,954.8,0
M04290,Type_11,71.84,1.64,221.9,15.9,3.175,559.9,0
M04291,Type_16,54.58,0.22,226.1,13.78,2.804,445.7,0
M04292,Type_02,59.53,1.73,217.7,16.27,3.188,467.5,0
M04293,Type_02,56.36,0.1,218.9,20.9,4.118,570.3,0
M04294,Type_20,58.1,2.24,214.4,15.2,2.933,148.3,0
M04295,Type_21,86.36,1.59,228.4,11.39,2.341,363.3,1
M04296,Type_21,72.96,0.1,210.2,7.68,1.453,74.9,1
M04297,Type_07,69.82,2.15,220.2,13.01,2.578,187.0,0
M04298,Type_07,57.17,3.06,224.9,13.82,2.797,240.9,0
M04299,Type_20,74.66,3.73,219.4,13.28,2.622,55.6,0
M04300,Type_11,60.44,3.02,217.3,13.98,2.734,201.1,0
M04301,Type_15,71.56,3.23,223.4,17.17,3.452,939.4,0
M04302,Type_07,52.62,1.79,224.8,16.45,3.328,651.2,0
M04303,Type_21,71.52,2.0,218.8,19.15,3.771,356.5,0
M04304,Type_18,51.8,2.38,213.0,14.45,2.77,944.7,0
M04305,Type_08,73.0,2.18,226.1,14.18,2.885,724.3,0
M04306,Type_14,59.0,3.49,221.4,15.64,3.116,136.9,0
M04307,Type_10,68.5,2.7,226.6,10.73,2.188,468.4,0
M04308,Type_24,87.37,1.89,219.1,14.35,2.83,802.9,1
M04309,Type_13,60.08,2.17,212.8,15.97,3.059,192.9,0
M04310,Type_19,74.74,0.84,215.3,15.75,3.052,953.3,0
M04311,Type_25,69.56,1.44,225.0,13.51,2.736,182.7,0
M04312,Type_16,70.65,1.41,220.2,16.51,3.272,625.7,0
M04313,Type_23,51.92,1.59,223.0,11.71,2.35,783.5,0
M04314,Type_09,55.53,2.37,219.1,14.38,2.836,773.9,0
M04315,Type_04,77.44,3.97,218.1,16.99,3.335,79.9,0
M04316,Type_20,86.37,0.78,224.3,14.42,2.911,284.6,0
M04317,Type_11,63.18,3.69,231.3,15.19,3.162,275.2,0
M04318,Type_05,64.78,3.58,228.0,13.51,2.772,225.9,0
M04319,Type_02,68.85,2.84,209.6,17.59,3.318,525.7,0
M04320,Type_02,88.89,1.54,222.8,13.7,2.747,810.2,1
M04321,Type_11,69.2,3.14,220.0,15.3,3.029,570.3,0
M04322,Type_02,60.53,2.69,207.6,10.18,1.902,293.8,0
M04323,Type_03,69.53,3.69,219.0,16.34,3.221,789.3,0
M04324,Type_20,65.04,3.37,223.3,17.11,3.439,509.8,0
M04325,Type_04,71.98,3.64,227.4,10.81,2.212,590.7,0
M04326,Type_18,56.74,2.92,218.7,20.38,4.011,416.7,0
M04327,Type_08,58.55,0.88,222.1,14.76,2.95,657.0,0
M04328,Type_17,47.03,3.13,214.1,12.2,2.351,963.7,0
M04329,Type_03,55.42,2.94,229.7,15.37,3.177,625.1,0
M04330,Type_16,54.96,3.4,223.7,15.81,3.183,179.8,0
M04331,Type_24,71.52,2.07,216.0,16.37,3.182,741.8,0
M04332,Type_21,77.13,2.23,227.3,16.19,3.312,679.8,0
M04333,Type_10,67.09,6.6,218.9,20.11,3.962,364.2,1
M04334,Type_16,73.78,2.53,221.4,17.55,3.497,107.0,0
M04335,Type_05,61.85,1.95,219.3,18.82,3.715,339.2,0
M04336,Type_14,67.37,2.15,217.8,12.74,2.497,430.0,0
M04337,Type_15,69.03,1.94,216.2,17.41,3.388,101.2,0
M04338,Type_22,48.98,1.09,221.9,13.6,2.716,413.9,0
M04339,Type_01,58.11,1.44,226.8,16.76,3.421,254.0,0
M04340,Type_16,80.2,0.3,229.4,9.94,2.052,629.3,0
M04341,Type_10,62.25,1.59,218.8,16.87,3.322,671.9,0
M04342,Type_15,45.01,1.06,222.7,13.34,2.674,445.5,0
M04343,Type_09,54.43,1.22,216.6,13.85,2.7,463.4,0
M04344,Type_06,52.03,1.61,216.7,16.96,3.308,666.4,0
M04345,Type_25,62.94,3.75,214.3,18.62,3.591,497.3,0
M04346,Type_02,56.7,0.9,212.9,14.16,2.713,961.7,0
M04347,Type_22,69.54,0.98,219.4,3.18,0.628,787.3,1
M04348,Type_25,78.35,3.29,216.5,13.64,2.658,797.8,0
M04349,Type_08,66.76,1.79,200.0,14.59,2.626,503.3,1
M04350,Type_16,72.68,2.39,224.6,12.21,2.468,85.9,0
M04351,Type_25,70.53,2.36,236.4,15.3,3.255,387.2,1
M04352,Type_01,87.46,0.63,224.2,18.27,3.687,918.5,0
M04353,Type_04,67.35,1.02,220.9,14.78,2.938,725.7,0
M04354,Type_16,74.03,0.96,218.0,9.09,1.783,674.1,0
M04355,Type_22,51.0,1.58,215.9,11.19,2.174,962.8,0
M04356,Type_17,79.9,1.58,216.1,12.08,2.349,750.4,0
M04357,Type_15,55.22,2.36,222.0,15.52,3.101,858.3,0
M04358,Type_21,57.31,3.02,221.2,17.57,3.498,480.9,0
M04359,Type_03,76.67,0.67,226.0,17.21,3.501,550.3,0
M04360,Type_17,63.54,1.57,224.6,12.19,2.464,916.0,0
M04361,Type_17,72.72,2.28,241.9,15.48,3.37,811.2,1
M04362,Type_01,61.63,4.51,224.9,16.23,3.285,723.4,0
M04363,Type_25,49.11,2.84,222.2,11.89,2.378,160.3,0
M04364,Type_06,61.16,1.38,226.6,10.59,2.16,777.0,0
M04365,Type_16,49.46,3.23,215.1,21.69,4.199,105.7,0
M04366,Type_05,56.79,1.66,219.2,7.71,1.521,141.1,1
M04367,Type_04,72.2,1.99,215.3,14.29,2.769,907.6,0
M04368,Type_15,62.57,1.01,225.7,11.68,2.373,73.7,0
M04369,Type_10,60.3,1.03,216.7,9.93,1.937,710.4,0
M04370,Type_22,73.3,0.1,228.7,9.82,2.021,800.0,0
M04371,Type_18,70.6,3.41,225.1,16.18,3.278,210.5,0
M04372,Type_14,60.97,2.07,223.6,13.2,2.656,474.4,0
M04373,Type_11,79.21,2.13,218.2,13.42,2.635,636.8,0
M04374,Type_25,78.44,4.17,218.5,9.19,1.807,396.6,0
M04375,Type_04,85.15,10.68,245.6,39.9,8.819,513.2,1
M04376,Type_18,55.88,0.1,229.2,15.62,3.222,610.2,0
M04377,Type_16,66.71,2.52,224.6,19.26,3.893,742.2,0
M04378,Type_19,78.33,0.9,221.3,9.1,1.812,405.1,0
M04379,Type_18,83.74,2.96,224.0,17.28,3.484,557.7,0
M04380,Type_19,46.45,1.31,215.2,13.81,2.675,813.8,0
M04381,Type_25,72.4,2.85,215.5,13.57,2.632,874.5,0
M04382,Type_11,56.41,4.01,215.6,7.19,1.395,302.8,1
M04383,Type_22,85.47,2.26,208.2,17.11,3.206,882.4,0
M04384,Type_03,60.97,0.78,221.1,15.6,3.104,910.4,0
M04385,Type_19,57.45,0.63,215.9,16.36,3.179,59.1,0
M04386,Type_24,60.62,2.99,217.3,11.16,2.183,535.8,0
M04387,Type_18,71.62,1.78,214.5,16.07,3.102,846.3,0
M04388,Type_21,80.75,2.93,217.6,17.37,3.402,611.0,0
M04389,Type_16,80.22,2.21,219.4,13.43,2.652,181.6,0
M04390,Type_12,57.03,2.49,225.1,16.74,3.391,829.2,0
M04391,Type_01,73.17,2.06,226.1,12.3,2.503,325.6,0
M04392,Type_25,113.93,1.5,228.5,12.7,2.612,59.9,1
M04393,Type_07,80.46,2.4,227.2,16.54,3.382,678.8,0
M04394,Type_15,58.47,1.2,224.2,17.74,3.58,835.5,0
M04395,Type_16,59.9,9.47,218.4,21.13,4.153,983.6,1
M04396,Type_24,70.38,1.5,225.4,13.82,2.804,828.1,0
M04397,Type_23,88.0,0.43,213.6,14.05,2.701,582.8,0
M04398,Type_15,65.69,0.71,217.9,17.75,3.481,695.7,0
M04399,Type_14,53.13,1.37,225.9,9.47,1.925,617.7,0
M04400,Type_09,122.45,3.61,215.5,11.8,2.289,819.0,1
M04401,Type_11,74.39,1.68,221.0,20.38,4.054,127.5,0
M04402,Type_09,76.85,2.44,226.9,15.25,3.114,876.5,0
M04403,Type_19,69.53,3.04,246.6,18.22,4.044,416.0,1
M04404,Type_23,52.62,2.93,218.7,3.79,0.746,967.7,1
M04405,Type_17,58.14,2.72,211.1,13.86,2.633,323.8,0
M04406,Type_11,63.73,0.65,221.7,51.45,10.266,836.8,1
M04407,Type_17,94.39,2.85,218.1,20.97,4.116,173.1,1
M04408,Type_10,51.22,1.03,220.9,20.31,4.038,169.2,0
M04409,Type_07,73.96,1.36,229.6,12.86,2.657,704.0,0
M04410,Type_03,63.77,2.52,220.3,13.63,2.702,999.3,0
M04411,Type_17,59.9,3.04,209.9,18.87,3.565,804.6,0
M04412,Type_14,77.57,2.66,220.3,10.68,2.118,152.6,0
M04413,Type_06,87.48,1.74,217.9,9.41,1.845,114.4,1
M04414,Type_05,60.96,2.56,230.3,16.26,3.37,888.2,0
M04415,Type_20,63.15,3.04,212.5,15.19,2.905,181.0,0
M04416,Type_11,71.55,2.25,214.6,15.42,2.978,737.1,0
M04417,Type_16,43.94,1.29,225.2,12.01,2.434,341.8,0
M04418,Type_18,118.94,6.95,252.6,48.19,10.956,244.1,1
M04419,Type_03,60.31,3.45,215.7,4.9,0.951,585.9,1
M04420,Type_09,64.6,2.5,228.8,12.12,2.496,276.3,0
M04421,Type_24,62.84,1.67,218.0,12.36,2.425,309.6,0
M04422,Type_21,60.08,2.9,216.7,16.73,3.263,776.1,0
M04423,Type_10,46.12,1.42,227.0,15.7,3.208,794.2,0
M04424,Type_20,89.44,0.78,234.5,15.05,3.176,928.7,1
M04425,Type_09,50.83,0.64,216.6,19.74,3.848,630.6,0
M04426,Type_18,69.44,2.04,212.0,14.85,2.833,916.7,0
M04427,Type_19,80.43,3.33,220.5,6.05,1.201,653.1,1
M04428,Type_18,80.68,1.5,219.8,13.45,2.661,288.6,0
M04429,Type_05,58.65,1.79,216.6,22.15,4.318,130.3,0
M04430,Type_12,63.01,2.59,219.9,14.1,2.791,428.8,0
M04431,Type_19,46.32,1.05,229.9,11.54,2.388,676.1,0
M04432,Type_18,60.43,1.75,222.8,12.14,2.434,432.7,0
M04433,Type_01,59.25,1.87,223.8,13.09,2.637,153.0,0
M04434,Type_14,76.61,1.85,217.4,20.47,4.005,607.3,0
M04435,Type_12,49.41,0.73,224.7,14.06,2.843,700.1,0
M04436,Type_08,54.56,2.66,222.8,12.38,2.482,509.4,0
M04437,Type_14,75.5,3.85,219.4,20.89,4.125,168.5,0
M04438,Type_07,77.39,1.94,218.9,12.91,2.543,688.3,0
M04439,Type_12,66.02,1.1,215.5,11.93,2.314,695.5,0
M04440,Type_11,68.27,1.73,212.0,11.87,2.265,256.3,0
M04441,Type_24,66.72,2.71,226.6,10.55,2.152,891.1,0
M04442,Type_16,72.9,1.53,211.9,13.69,2.611,965.1,0
M04443,Type_21,76.41,1.8,221.9,12.77,2.55,107.0,0
M04444,Type_12,51.1,4.61,224.0,15.92,3.209,598.1,1
M04445,Type_20,78.16,2.02,216.2,12.49,2.43,342.3,0
M04446,Type_02,78.71,4.88,226.9,20.81,4.25,814.2,0
M04447,Type_04,74.21,3.0,226.5,20.2,4.118,687.9,0
M04448,Type_18,73.38,1.57,219.1,16.77,3.307,654.8,0
M04449,Type_08,67.69,1.51,217.7,15.9,3.115,894.2,0
M04450,Type_08,60.98,2.55,224.4,13.62,2.751,980.5,0
M04451,Type_05,69.34,3.81,217.7,10.52,2.061,125.2,0
M04452,Type_23,60.2,12.08,222.2,13.09,2.618,738.7,1
M04453,Type_10,66.28,1.81,215.9,13.26,2.577,981.2,0
M04454,Type_04,78.44,1.88,215.8,15.91,3.09,604.0,0
M04455,Type_14,68.93,1.51,224.4,14.07,2.842,614.5,0
M04456,Type_17,67.24,1.9,222.9,13.98,2.805,307.1,0
M04457,Type_21,78.71,2.85,211.9,12.8,2.441,413.7,0
M04458,Type_01,61.72,2.17,223.6,16.93,3.407,853.0,0
M04459,Type_10,73.08,1.83,223.9,15.31,3.085,369.4,0
M04460,Type_21,48.83,3.34,208.0,19.05,3.566,77.2,1
M04461,Type_09,62.74,3.66,214.2,8.63,1.664,390.2,1
M04462,Type_17,80.62,1.09,218.4,14.61,2.872,526.7,0
M04463,Type_07,60.42,1.35,221.1,15.21,3.027,658.7,0
M04464,Type_05,65.16,2.15,211.7,10.18,1.94,866.4,0
M04465,Type_20,43.75,1.71,215.3,15.19,2.943,742.6,0
M04466,Type_05,50.73,1.35,222.7,12.46,2.497,692.7,0
M04467,Type_04,66.19,2.5,214.6,11.89,2.296,762.2,0
M04468,Type_03,58.93,3.03,221.5,18.52,3.692,422.0,0
M04469,Type_07,72.01,2.57,216.9,19.76,3.857,303.0,0
M04470,Type_02,52.55,4.09,207.1,17.31,3.226,929.0,0
M04471,Type_07,60.82,0.62,221.9,15.22,3.04,559.3,0
M04472,Type_21,85.27,2.86,218.8,19.0,3.741,928.3,1
M04473,Type_20,62.88,0.85,212.7,19.74,3.779,278.7,0
M04474,Type_06,63.89,4.01,215.9,12.58,2.444,906.3,0
M04475,Type_19,44.04,1.53,219.0,18.96,3.737,344.5,0
M04476,Type_04,54.49,1.16,221.9,16.95,3.385,997.4,0
M04477,Type_10,66.19,1.51,217.0,16.73,3.267,115.2,0
M04478,Type_09,75.2,2.22,215.4,15.49,3.003,983.4,0
M04479,Type_17,72.68,3.13,238.1,13.71,2.938,913.0,1
M04480,Type_18,64.78,2.13,213.6,15.83,3.043,659.2,0
M04481,Type_03,62.25,1.15,227.0,15.71,3.21,440.9,0
M04482,Type_08,59.23,1.32,222.1,13.08,2.615,290.9,0
M04483,Type_25,65.54,3.19,206.6,16.67,3.1,349.5,1
M04484,Type_18,58.57,1.6,221.0,10.99,2.186,64.1,0
M04485,Type_18,72.62,0.93,225.7,12.53,2.545,773.2,0
M04486,Type_21,60.66,4.24,227.2,6.64,1.358,427.2,1
M04487,Type_24,61.29,2.31,221.2,14.76,2.938,826.7,0
M04488,Type_14,70.03,2.7,220.0,19.01,3.764,866.0,0
M04489,Type_09,67.92,1.91,213.6,17.23,3.312,743.2,0
M04490,Type_06,59.13,1.07,218.2,16.33,3.207,955.2,0
M04491,Type_18,57.85,0.94,227.7,16.24,3.328,197.9,0
M04492,Type_10,87.4,6.19,218.3,11.57,2.273,958.8,1
M04493,Type_02,67.42,0.99,220.4,15.36,3.047,70.5,0
M04494,Type_19,60.5,3.75,232.0,11.85,2.474,694.4,0
M04495,Type_07,70.72,2.72,219.9,15.59,3.085,982.6,0
M04496,Type_15,63.44,1.11,220.8,13.14,2.611,316.0,0
M04497,Type_01,49.16,1.81,221.5,16.91,3.371,196.0,0
M04498,Type_13,67.02,1.3,223.6,11.38,2.29,107.1,0
M04499,Type_14,56.21,3.48,222.6,17.1,3.426,313.2,0
M04500,Type_02,73.25,1.96,223.2,14.13,2.838,673.5,0
M04501,Type_11,59.54,1.43,217.3,10.67,2.087,651.3,0
M04502,Type_01,74.3,3.42,229.4,14.29,2.95,389.7,0
M04503,Type_09,72.97,3.89,219.4,12.03,2.375,565.2,0
M04504,Type_09,71.11,4.07,214.0,16.87,3.249,842.9,0
M04505,Type_22,73.38,2.12,222.5,13.32,2.667,437.9,0
M04506,Type_10,56.87,1.81,217.4,15.65,3.062,477.1,0
M04507,Type_21,66.09,2.84,219.4,18.02,3.558,779.3,0
M04508,Type_18,62.0,2.24,213.2,16.49,3.164,223.2,0
M04509,Type_22,59.44,1.34,227.2,12.22,2.499,498.2,0
M04510,Type_02,70.06,2.05,215.5,18.99,3.683,73.2,0
M04511,Type_10,60.45,2.77,217.6,14.46,2.832,479.4,0
M04512,Type_23,51.19,0.6,221.7,15.14,3.021,612.7,0
M04513,Type_21,91.45,1.23,226.9,12.51,2.555,781.9,1
M04514,Type_09,78.98,1.7,226.2,17.49,3.561,83.1,0
M04515,Type_03,67.08,0.1,211.9,13.69,2.611,816.7,0
M04516,Type_03,60.15,1.65,217.1,12.7,2.481,800.3,0
M04517,Type_10,76.79,2.79,232.8,16.31,3.417,927.4,0
M04518,Type_02,65.6,1.51,228.8,12.92,2.66,459.1,0
M04519,Type_11,69.3,1.11,223.8,17.33,3.491,690.0,0
M04520,Type_21,64.39,2.92,218.3,18.28,3.591,715.4,0
M04521,Type_03,63.22,4.04,213.4,16.43,3.156,524.1,0
M04522,Type_06,51.27,1.2,214.8,12.82,2.478,919.7,0
M04523,Type_03,51.96,1.71,219.2,14.07,2.776,274.4,0
M04524,Type_25,55.66,1.19,218.1,14.89,2.923,335.8,0
M04525,Type_21,61.34,1.64,218.4,18.48,3.632,480.1,0
M04526,Type_07,117.33,9.41,241.1,37.6,8.159,657.5,1
M04527,Type_03,73.12,2.3,219.0,12.69,2.501,593.1,0
M04528,Type_20,78.77,1.42,222.3,12.71,2.543,399.7,0
M04529,Type_14,58.63,3.55,218.4,21.58,4.242,413.9,0
M04530,Type_06,92.01,11.12,235.9,43.43,9.221,306.4,1
M04531,Type_14,55.96,1.14,214.8,18.32,3.542,614.9,0
M04532,Type_08,51.89,4.02,219.6,14.44,2.854,691.9,0
M04533,Type_25,60.01,1.97,219.0,10.81,2.131,786.3,0
M04534,Type_25,65.98,3.22,212.6,14.84,2.839,477.1,0
M04535,Type_07,58.48,1.79,218.3,13.67,2.686,236.3,0
M04536,Type_08,79.82,2.08,216.1,18.48,3.594,940.9,0
M04537,Type_06,67.65,2.39,218.0,11.9,2.335,936.6,0
M04538,Type_18,55.13,1.85,220.3,15.43,3.059,339.2,0
M04539,Type_25,77.52,0.57,220.1,15.68,3.106,365.0,0
M04540,Type_24,63.53,2.04,220.7,20.81,4.133,651.5,0
M04541,Type_18,78.77,2.24,206.7,19.64,3.654,696.6,1
M04542,Type_03,71.05,2.25,216.2,12.16,2.366,484.0,0
M04543,Type_07,51.82,1.87,225.9,14.45,2.938,232.3,0
M04544,Type_01,76.83,3.2,222.8,22.71,4.554,96.3,0
M04545,Type_23,63.28,1.37,227.0,18.09,3.696,149.3,0
M04546,Type_09,65.59,1.27,227.6,14.94,3.06,769.2,0
M04547,Type_15,54.49,2.96,222.7,10.28,2.06,542.9,0
M04548,Type_09,61.19,0.79,223.4,14.57,2.929,205.9,0
M04549,Type_22,64.67,3.57,220.3,14.65,2.905,288.4,0
M04550,Type_18,64.3,0.5,219.9,16.21,3.208,747.7,0
M04551,Type_20,63.91,0.1,230.9,11.83,2.458,866.3,1
M04552,Type_16,76.54,3.11,212.6,16.2,3.1,986.9,0
M04553,Type_23,46.71,1.99,217.5,14.28,2.795,370.6,0
M04554,Type_05,64.2,3.13,218.1,13.6,2.67,698.4,0
M04555,Type_04,66.27,2.07,214.8,13.69,2.647,663.9,0
M04556,Type_09,65.35,2.32,222.2,10.4,2.08,911.4,0
M04557,Type_04,57.25,2.29,215.4,12.73,2.468,648.7,0
M04558,Type_25,55.49,1.56,219.2,12.06,2.379,813.1,0
M04559,Type_18,65.02,2.28,251.3,16.83,3.806,821.6,1
M04560,Type_09,75.53,6.9,216.8,13.89,2.71,99.1,1
M04561,Type_05,73.79,1.07,219.5,15.09,2.981,934.7,0
M04562,Type_09,57.03,1.69,216.6,15.4,3.002,423.5,0
M04563,Type_17,55.3,2.24,225.4,16.23,3.292,360.0,0
M04564,Type_05,59.46,2.64,218.4,22.05,4.334,316.6,0
M04565,Type_16,70.13,1.14,214.2,14.18,2.734,304.7,0
M04566,Type_17,72.62,3.12,227.9,14.27,2.927,708.3,0
M04567,Type_23,75.3,1.76,215.7,14.74,2.861,774.9,0
M04568,Type_14,69.38,3.41,221.9,14.26,2.848,757.9,0
M04569,Type_24,58.18,1.69,223.9,15.28,3.079,123.4,0
M04570,Type_14,55.76,1.14,222.5,10.91,2.185,422.6,0
M04571,Type_24,52.78,2.64,229.1,10.09,2.08,961.5,0
M04572,Type_19,67.06,1.13,219.9,16.73,3.311,866.4,0
M04573,Type_24,74.63,2.99,225.6,12.03,2.443,306.2,0
M04574,Type_15,76.4,1.74,212.7,14.5,2.776,593.3,0
M04575,Type_21,56.56,0.23,219.8,15.25,3.017,709.9,0
M04576,Type_05,70.05,1.44,211.4,10.71,2.038,651.6,0
M04577,Type_22,47.75,2.75,223.8,11.91,2.399,671.2,0
M04578,Type_18,77.37,2.43,232.3,11.19,2.339,642.2,0
M04579,Type_03,53.1,1.38,214.1,17.24,3.322,210.2,0
M04580,Type_06,61.98,0.96,217.8,13.7,2.685,75.3,0
M04581,Type_22,58.32,2.01,220.5,16.25,3.225,359.8,0
M04582,Type_09,53.79,2.87,221.0,16.33,3.248,162.1,0
M04583,Type_22,63.43,1.28,218.0,13.79,2.706,845.6,0
M04584,Type_04,59.63,1.04,217.8,16.95,3.323,689.3,0
M04585,Type_23,78.98,0.81,216.3,12.17,2.369,68.5,0
M04586,Type_03,49.57,2.31,221.5,11.51,2.295,119.4,0
M04587,Type_06,40.9,0.58,219.5,14.49,2.862,934.9,0
M04588,Type_19,61.54,1.67,219.1,14.72,2.903,453.3,0
M04589,Type_15,54.47,3.49,224.6,13.56,2.741,56.4,0
M04590,Type_06,71.52,4.1,219.2,8.5,1.677,460.5,0
M04591,Type_20,77.19,2.98,227.5,18.28,3.743,684.0,0
M04592,Type_19,72.56,1.5,216.5,12.83,2.5,691.1,0
M04593,Type_03,60.29,3.86,206.5,17.0,3.159,936.6,1
M04594,Type_16,67.02,2.78,215.3,14.08,2.728,403.0,0
M04595,Type_17,45.91,4.04,219.9,18.83,3.727,198.4,0
M04596,Type_20,74.19,2.2,221.2,15.06,2.998,673.8,0
M04597,Type_25,50.27,0.88,224.7,13.77,2.785,699.0,0
M04598,Type_08,62.56,2.59,213.0,11.65,2.233,501.9,0
M04599,Type_24,42.88,1.3,213.0,15.9,3.048,575.5,0
M04600,Type_10,52.95,0.96,221.9,15.63,3.121,390.1,0
M04601,Type_25,76.36,0.1,226.4,11.22,2.286,556.6,0
M04602,Type_10,61.24,1.12,225.7,19.88,4.038,892.3,0
M04603,Type_02,66.46,2.77,212.8,10.58,2.026,225.7,0
M04604,Type_01,53.42,2.05,217.2,58.53,11.441,215.9,1
M04605,Type_09,61.83,3.28,215.4,18.76,3.637,820.2,0
M04606,Type_20,68.86,2.87,212.9,11.48,2.2,397.6,0
M04607,Type_14,57.73,2.42,219.2,18.38,3.626,340.1,0
M04608,Type_14,73.64,1.82,231.7,20.98,4.375,407.0,1
M04609,Type_24,56.24,1.53,223.9,17.09,3.444,655.2,0
M04610,Type_22,80.93,2.49,224.0,7.98,1.609,656.3,0
M04611,Type_22,62.3,3.12,224.2,17.21,3.473,327.9,0
M04612,Type_13,65.02,1.84,213.5,14.33,2.754,424.5,0
M04613,Type_13,72.15,1.06,225.6,16.74,3.399,863.5,0
M04614,Type_04,62.15,2.25,220.1,16.46,3.261,55.7,0
M04615,Type_12,65.43,1.78,200.0,15.89,2.86,551.0,1
M04616,Type_06,82.19,3.26,212.8,17.21,3.296,116.4,0
M04617,Type_10,57.98,2.2,200.0,15.03,2.705,807.5,1
M04618,Type_13,57.48,7.38,219.1,15.99,3.153,319.8,1
M04619,Type_20,73.87,2.56,223.6,17.33,3.487,97.8,0
M04620,Type_22,60.77,3.0,225.9,12.93,2.629,152.3,0
M04621,Type_09,58.72,2.25,221.2,15.57,3.1,150.3,0
M04622,Type_25,46.61,2.05,219.6,16.31,3.224,779.1,0
M04623,Type_13,74.14,1.86,214.0,14.88,2.866,446.6,0
M04624,Type_14,74.95,3.57,211.4,15.72,2.991,103.3,0
M04625,Type_11,61.8,1.98,215.3,16.96,3.286,776.5,0
M04626,Type_03,73.56,2.95,208.7,12.48,2.344,811.5,1
M04627,Type_08,77.53,2.56,221.1,9.59,1.908,527.4,1
M04628,Type_14,74.54,1.69,223.8,11.86,2.389,133.9,0
M04629,Type_17,58.43,0.78,216.5,13.76,2.681,195.4,0
M04630,Type_07,77.73,3.63,214.5,20.66,3.988,239.3,0
M04631,Type_19,56.45,2.13,214.5,19.38,3.741,67.4,0
M04632,Type_03,58.71,0.37,215.2,11.64,2.254,547.5,0
M04633,Type_24,77.19,3.37,219.1,9.73,1.919,564.7,0
M04634,Type_10,75.6,3.14,218.2,13.63,2.677,94.4,0
M04635,Type_13,51.36,2.0,227.5,16.77,3.434,684.6,0
M04636,Type_03,71.35,1.94,210.1,14.63,2.766,326.7,0
M04637,Type_19,74.77,1.35,231.6,14.43,3.008,478.9,0
M04638,Type_20,89.85,3.25,223.5,19.22,3.866,458.2,0
M04639,Type_14,64.21,1.52,215.9,13.12,2.549,958.6,0
M04640,Type_11,68.69,0.1,216.3,13.98,2.721,746.1,0
M04641,Type_25,65.05,1.66,218.6,18.4,3.62,933.0,0
M04642,Type_21,51.06,1.1,217.2,13.14,2.569,560.0,0
M04643,Type_09,53.91,1.58,214.3,16.67,3.215,795.9,0
M04644,Type_24,62.16,1.59,217.0,15.41,3.01,553.5,0
M04645,Type_02,69.4,1.05,224.9,10.81,2.188,593.4,0
M04646,Type_25,65.13,2.99,218.1,17.68,3.47,284.7,0
M04647,Type_24,66.65,0.65,213.3,20.62,3.958,538.3,0
M04648,Type_12,67.79,2.1,214.1,22.03,4.245,236.7,0
M04649,Type_18,64.31,2.84,214.4,11.14,2.15,86.4,0
M04650,Type_14,63.35,1.19,227.8,19.95,4.09,893.7,0
M04651,Type_08,61.82,3.46,217.8,20.71,4.06,374.1,0
M04652,Type_14,66.15,3.12,222.1,18.48,3.694,781.6,0
M04653,Type_25,68.2,1.45,216.2,14.94,2.907,145.5,0
M04654,Type_25,76.66,2.3,224.6,14.08,2.846,560.4,0
M04655,Type_20,55.66,2.51,215.1,16.34,3.163,688.9,0
M04656,Type_02,50.99,3.2,222.1,15.48,3.094,131.6,0
M04657,Type_05,58.78,2.81,220.6,9.53,1.892,201.2,0
M04658,Type_10,63.02,2.7,227.9,12.59,2.582,623.6,0
M04659,Type_02,39.33,3.57,222.4,14.66,2.934,210.1,0
M04660,Type_20,112.39,8.77,240.0,42.6,9.202,97.7,1
M04661,Type_24,57.63,1.02,225.7,15.25,3.098,299.6,0
M04662,Type_18,60.03,1.46,215.7,14.55,2.825,490.2,0
M04663,Type_24,63.69,2.55,219.7,17.43,3.446,143.8,0
M04664,Type_23,64.58,2.04,221.2,16.68,3.321,866.3,0
M04665,Type_19,87.02,0.1,218.5,17.94,3.528,319.9,0
M04666,Type_13,66.08,0.73,223.3,17.67,3.551,563.0,0
M04667,Type_15,89.47,0.46,223.9,17.37,3.5,558.3,0
M04668,Type_17,68.72,2.54,217.7,12.85,2.518,169.8,0
M04669,Type_11,70.92,0.89,212.2,57.26,10.936,979.4,1
M04670,Type_12,85.78,1.43,218.3,17.1,3.36,814.3,0
M04671,Type_18,55.05,2.07,219.9,18.29,3.62,543.8,0
M04672,Type_15,58.37,2.71,221.4,15.12,3.013,735.2,0
M04673,Type_05,71.02,2.73,221.3,18.16,3.617,470.4,0
M04674,Type_10,61.33,1.84,222.2,11.53,2.306,848.6,0
M04675,Type_16,57.21,2.02,214.2,54.89,10.582,163.4,1
M04676,Type_17,68.4,3.42,218.8,13.1,2.58,950.4,0
M04677,Type_09,57.08,1.63,213.1,20.62,3.955,995.4,0
M04678,Type_07,61.34,2.12,216.8,15.41,3.007,940.5,0
M04679,Type_17,56.01,2.38,222.3,10.33,2.067,916.6,0
M04680,Type_07,58.99,0.62,219.6,17.79,3.516,195.8,0
M04681,Type_21,68.5,0.95,224.0,15.42,3.109,291.2,0
M04682,Type_18,66.08,1.94,228.5,15.69,3.227,920.7,0
M04683,Type_01,54.15,4.26,217.9,13.03,2.555,901.7,0
M04684,Type_09,51.17,2.77,223.4,39.67,7.976,248.3,1
M04685,Type_17,57.05,1.65,216.9,11.6,2.264,536.6,0
M04686,Type_22,59.6,3.67,214.1,14.51,2.796,866.7,0
M04687,Type_23,64.63,1.56,227.3,14.05,2.874,830.9,0
M04688,Type_13,74.57,2.13,218.2,15.99,3.14,236.5,0
M04689,Type_15,65.38,2.13,211.1,17.17,3.262,585.7,0
M04690,Type_24,72.09,1.2,216.2,15.1,2.938,280.8,0
M04691,Type_14,63.8,0.17,224.8,16.02,3.241,851.3,0
M04692,Type_03,63.69,2.59,221.2,15.38,3.062,799.3,0
M04693,Type_13,60.79,1.54,212.1,14.55,2.777,437.6,0
M04694,Type_10,117.68,1.42,218.4,13.26,2.606,319.4,1
M04695,Type_17,60.47,3.99,221.6,15.03,2.998,985.1,0
M04696,Type_16,72.48,2.59,226.6,12.08,2.464,70.2,0
M04697,Type_15,59.18,1.29,221.4,13.07,2.604,628.3,0
M04698,Type_14,50.99,2.96,223.9,20.89,4.21,602.5,0
M04699,Type_11,58.06,2.83,227.6,12.18,2.495,553.7,0
M04700,Type_08,65.54,0.1,215.9,20.09,3.904,176.6,0
M04701,Type_21,70.42,2.83,213.3,11.25,2.16,928.2,0
M04702,Type_18,76.48,2.19,219.9,12.81,2.535,221.6,0
M04703,Type_24,64.0,2.83,221.7,18.24,3.639,798.2,0
M04704,Type_05,73.84,2.1,225.0,8.27,1.675,818.4,1
M04705,Type_17,54.42,1.06,219.9,15.74,3.115,940.2,0
M04706,Type_17,58.89,2.89,225.4,18.48,3.749,881.9,0
M04707,Type_20,50.96,3.51,226.8,16.93,3.456,885.1,0
M04708,Type_14,53.29,1.78,223.4,11.09,2.23,564.8,0
M04709,Type_11,50.49,3.53,216.2,55.39,10.778,255.2,1
M04710,Type_14,69.82,1.75,219.4,16.87,3.331,371.0,0
M04711,Type_17,40.41,1.14,224.0,13.61,2.744,707.8,0
M04712,Type_25,76.86,0.71,223.9,12.1,2.438,408.7,0
M04713,Type_01,71.48,1.41,222.9,15.57,3.123,272.4,0
M04714,Type_05,85.99,0.98,224.2,12.19,2.46,664.8,0
M04715,Type_25,68.49,2.64,209.3,39.85,7.507,317.9,1
M04716,Type_10,62.38,3.06,225.4,14.77,2.996,872.9,0
M04717,Type_12,65.62,2.23,224.1,16.81,3.39,893.7,0
M04718,Type_13,54.42,2.16,215.7,10.72,2.081,968.4,0
M04719,Type_20,86.72,3.09,213.6,13.05,2.509,760.4,0
M04720,Type_10,67.87,1.64,219.6,14.71,2.907,571.2,0
M04721,Type_24,68.25,0.39,223.5,16.35,3.289,987.7,0
M04722,Type_18,95.04,0.23,218.5,17.4,3.422,770.7,0
M04723,Type_09,53.17,1.28,220.2,9.09,1.801,251.0,1
M04724,Type_10,52.23,3.16,229.6,13.45,2.779,898.4,0
M04725,Type_23,76.4,2.0,224.6,16.29,3.293,527.9,0
M04726,Type_22,73.84,1.85,217.4,3.06,0.599,589.8,1
M04727,Type_21,61.19,0.1,202.7,12.98,2.368,375.6,1
M04728,Type_13,57.06,2.1,219.5,12.12,2.394,542.2,0
M04729,Type_02,59.72,1.1,212.5,14.21,2.718,564.1,0
M04730,Type_14,54.21,0.28,214.9,17.64,3.412,79.8,0
M04731,Type_19,74.47,3.54,225.2,11.03,2.236,567.3,0
M04732,Type_11,76.19,2.57,239.2,7.54,1.623,120.9,1
M04733,Type_24,69.1,1.45,223.1,16.3,3.273,492.8,0
M04734,Type_02,77.17,3.54,215.0,16.73,3.237,61.1,0
M04735,Type_17,72.03,2.96,220.7,14.54,2.888,485.3,0
M04736,Type_13,77.2,1.07,214.2,14.57,2.809,518.8,0
M04737,Type_24,74.81,2.3,220.9,17.44,3.467,594.5,0
M04738,Type_20,69.76,1.96,216.3,14.98,2.916,318.0,0
M04739,Type_13,66.69,2.9,220.6,14.31,2.841,756.1,0
M04740,Type_16,69.88,1.55,219.8,15.73,3.112,763.4,0
M04741,Type_14,51.85,1.94,217.7,15.58,3.053,475.1,0
M04742,Type_08,61.36,2.4,226.3,16.36,3.332,892.4,0
M04743,Type_17,63.49,1.3,224.0,11.65,2.349,230.2,0
M04744,Type_12,63.43,3.63,219.2,10.82,2.135,939.7,0
M04745,Type_07,73.15,2.5,219.7,15.85,3.134,528.2,0
M04746,Type_04,66.78,2.54,221.8,15.39,3.072,734.7,0
M04747,Type_18,68.24,3.18,245.9,14.35,3.176,122.4,1
M04748,Type_16,60.61,1.45,211.3,10.72,2.039,426.3,0
M04749,Type_15,51.39,2.17,217.5,13.45,2.633,601.6,0
M04750,Type_19,53.99,1.09,223.7,17.27,3.477,969.9,0
M04751,Type_24,67.75,2.33,222.3,12.67,2.535,243.2,0
M04752,Type_19,62.7,2.89,222.2,16.87,3.374,172.2,0
M04753,Type_24,61.74,1.69,216.7,16.7,3.257,56.2,0
M04754,Type_19,54.7,1.8,216.4,15.05,2.931,848.5,0
M04755,Type_05,54.06,2.45,226.2,7.92,1.612,140.5,1
M04756,Type_01,61.23,1.42,223.6,13.65,2.747,162.2,0
M04757,Type_06,70.17,2.2,224.9,15.14,3.064,628.4,0
M04758,Type_12,70.03,1.98,226.3,15.06,3.067,225.3,0
M04759,Type_18,51.61,0.59,219.7,16.25,3.213,603.9,0
M04760,Type_05,63.26,2.87,218.6,17.34,3.411,873.6,0
M04761,Type_04,60.12,1.08,214.1,20.99,4.045,521.3,0
M04762,Type_19,61.81,2.93,224.3,10.64,2.148,587.3,0
M04763,Type_23,70.28,1.92,215.3,17.58,3.406,773.4,0
M04764,Type_07,55.39,2.73,216.0,14.36,2.792,425.7,0
M04765,Type_02,65.38,1.66,223.2,16.95,3.405,462.4,0
M04766,Type_20,68.26,1.9,223.6,19.52,3.928,481.5,0
M04767,Type_21,63.28,1.45,209.6,15.76,2.973,259.4,0
M04768,Type_12,51.66,2.14,218.9,19.24,3.79,826.0,0
M04769,Type_14,65.46,2.06,215.5,12.56,2.436,820.9,0
M04770,Type_25,69.34,2.04,226.6,14.79,3.016,700.2,0
M04771,Type_25,53.76,1.81,220.5,19.32,3.834,661.2,0
M04772,Type_25,71.14,2.22,225.1,13.8,2.796,719.8,0
M04773,Type_20,65.53,1.44,218.4,16.15,3.174,597.7,0
M04774,Type_04,64.7,1.66,220.2,13.8,2.735,672.3,0
M04775,Type_14,76.69,1.91,220.8,20.25,4.024,577.2,0
M04776,Type_04,55.63,2.14,216.0,16.48,3.204,208.5,0
M04777,Type_24,62.98,1.35,222.1,14.27,2.852,93.4,0
M04778,Type_10,58.71,1.89,221.1,15.18,3.021,812.3,0
M04779,Type_04,50.4,2.71,226.2,19.26,3.921,792.6,0
M04780,Type_20,50.08,1.24,228.5,16.34,3.36,681.1,0
M04781,Type_12,59.74,1.25,220.2,14.48,2.87,678.2,0
M04782,Type_01,61.95,3.06,220.8,16.57,3.293,543.6,0
M04783,Type_09,51.08,2.04,210.1,15.0,2.836,222.4,0
M04784,Type_24,72.3,2.03,218.7,11.43,2.25,665.4,0
M04785,Type_05,60.9,0.99,219.4,11.54,2.279,984.8,0
M04786,Type_12,64.92,1.31,220.5,19.25,3.82,912.8,0
M04787,Type_24,66.42,4.07,226.6,19.33,3.942,140.7,0
M04788,Type_10,73.53,2.27,211.8,11.36,2.165,606.1,0
M04789,Type_25,69.29,1.52,222.0,12.38,2.474,332.9,0
M04790,Type_12,64.82,2.14,213.7,17.84,3.431,999.9,0
M04791,Type_13,54.67,2.37,224.6,18.09,3.657,593.8,0
M04792,Type_07,59.79,4.02,214.4,11.61,2.24,501.2,0
M04793,Type_17,56.07,2.0,223.0,16.93,3.398,749.1,0
M04794,Type_11,71.63,3.53,218.9,13.84,2.727,911.9,0
M04795,Type_25,51.14,2.34,226.1,17.2,3.5,468.2,0
M04796,Type_24,54.79,2.05,226.5,18.39,3.749,63.5,0
M04797,Type_22,93.0,1.83,225.3,14.21,2.881,734.5,0
M04798,Type_07,63.64,1.23,214.4,19.0,3.666,362.4,0
M04799,Type_05,71.64,2.48,211.4,15.22,2.896,208.0,0
M04800,Type_22,74.42,1.66,220.6,20.99,4.167,823.1,0
M04801,Type_03,67.0,2.78,229.3,16.12,3.327,837.0,0
M04802,Type_07,77.11,1.37,219.1,12.44,2.453,933.1,0
M04803,Type_02,68.31,1.73,223.5,18.6,3.741,564.0,0
M04804,Type_21,64.83,3.0,217.2,11.5,2.248,544.6,0
M04805,Type_13,41.7,2.1,222.5,11.66,2.335,158.6,0
M04806,Type_07,64.88,0.1,213.7,15.0,2.885,149.2,0
M04807,Type_14,63.79,0.7,217.9,18.29,3.587,541.4,0
M04808,Type_03,55.22,3.96,224.3,22.68,4.578,978.5,0
M04809,Type_24,73.77,0.99,210.8,17.41,3.303,505.6,0
M04810,Type_10,60.33,1.92,216.6,13.22,2.577,228.4,0
M04811,Type_02,64.62,1.48,201.7,11.4,2.069,400.0,1
M04812,Type_01,70.99,1.88,219.2,18.91,3.731,404.0,0
M04813,Type_04,68.74,1.48,222.0,13.18,2.633,259.2,0
M04814,Type_10,72.19,3.66,222.0,15.83,3.163,249.3,0
M04815,Type_01,67.66,2.33,219.4,13.57,2.68,394.0,0
M04816,Type_03,61.27,0.27,216.1,18.77,3.651,115.0,0
M04817,Type_11,60.12,0.16,226.3,13.66,2.782,429.8,0
M04818,Type_25,81.86,1.06,216.0,10.53,2.047,494.8,0
M04819,Type_07,66.07,2.66,223.3,16.75,3.366,104.4,0
M04820,Type_03,66.32,2.07,218.3,18.86,3.705,287.4,0
M04821,Type_23,59.94,1.42,208.0,10.38,1.943,59.8,0
M04822,Type_11,63.52,2.37,219.5,14.65,2.894,618.2,0
M04823,Type_11,62.83,1.55,221.4,15.23,3.035,565.9,0
M04824,Type_20,68.43,0.1,217.6,15.51,3.037,696.0,0
M04825,Type_17,49.97,1.02,217.1,11.83,2.311,574.6,0
M04826,Type_11,52.47,1.59,228.8,20.89,4.302,286.3,0
M04827,Type_07,63.45,2.52,216.2,12.04,2.343,793.8,0
M04828,Type_11,67.01,1.71,220.7,13.58,2.697,353.1,0
M04829,Type_23,54.22,1.51,222.9,11.59,2.325,526.3,0
M04830,Type_07,70.34,1.66,217.4,13.17,2.577,828.1,0
M04831,Type_09,78.22,1.75,226.5,16.17,3.296,573.9,0
M04832,Type_12,45.73,2.0,224.1,13.21,2.664,938.6,0
M04833,Type_20,64.4,0.99,219.6,10.35,2.046,180.1,0
M04834,Type_21,85.81,0.42,222.8,22.58,4.528,426.1,1
M04835,Type_04,72.29,0.98,210.4,13.56,2.568,829.5,0
M04836,Type_14,59.93,2.75,216.8,20.07,3.916,138.7,0
M04837,Type_09,66.67,2.2,224.1,20.89,4.213,590.8,0
M04838,Type_18,64.32,3.34,217.8,18.36,3.599,71.3,0
M04839,Type_01,58.55,1.21,217.0,12.7,2.48,80.9,0
M04840,Type_11,67.54,2.76,215.4,14.14,2.741,943.5,0
M04841,Type_19,57.55,1.21,217.5,15.75,3.083,831.2,0
M04842,Type_02,82.03,1.71,216.7,11.79,2.299,229.4,1
M04843,Type_18,69.31,1.63,213.7,14.59,2.806,252.9,0
M04844,Type_10,65.83,2.74,221.8,10.31,2.058,752.0,0
M04845,Type_02,57.59,3.36,228.0,9.42,1.933,340.8,0
M04846,Type_15,74.9,1.69,221.9,19.05,3.804,541.1,0
M04847,Type_06,73.59,0.53,224.6,15.28,3.089,604.7,0
M04848,Type_10,65.14,2.27,229.6,16.73,3.457,418.6,0
M04849,Type_15,106.95,10.83,235.2,45.43,9.617,408.5,1
M04850,Type_05,48.31,1.56,221.8,14.29,2.853,918.8,0
M04851,Type_10,62.02,2.18,246.3,13.41,2.973,572.2,1
M04852,Type_23,55.67,1.95,216.3,19.48,3.792,686.8,0
M04853,Type_01,67.84,3.01,219.9,10.84,2.145,188.6,0
M04854,Type_09,70.74,0.1,214.0,12.48,2.404,933.3,0
M04855,Type_11,75.79,2.22,217.3,13.4,2.621,581.7,0
M04856,Type_09,64.49,1.53,215.1,10.38,2.009,459.4,0
M04857,Type_21,74.97,2.19,214.8,13.58,2.625,825.3,0
M04858,Type_15,67.98,0.7,212.0,15.0,2.862,427.4,0
M04859,Type_01,53.75,0.64,219.2,19.6,3.867,864.3,0
M04860,Type_02,84.48,3.15,214.1,13.28,2.559,428.1,1
M04861,Type_12,69.51,1.72,226.8,19.13,3.905,965.0,0
M04862,Type_04,69.24,2.43,218.0,10.7,2.099,312.4,0
M04863,Type_19,68.71,2.2,216.7,14.89,2.904,458.7,0
M04864,Type_17,63.62,2.95,212.3,16.42,3.137,64.6,0
M04865,Type_03,81.32,1.66,217.9,15.52,3.044,375.3,1
M04866,Type_10,63.01,1.69,222.7,20.61,4.131,393.1,0
M04867,Type_23,63.83,2.16,221.0,20.62,4.101,750.8,0
M04868,Type_05,49.35,2.61,225.0,14.31,2.898,479.2,0
M04869,Type_04,71.67,3.25,224.1,18.18,3.667,154.2,0
M04870,Type_04,56.98,2.83,223.3,12.67,2.546,664.0,0
M04871,Type_16,70.53,1.07,220.0,13.5,2.673,379.9,0
M04872,Type_11,65.41,0.64,215.4,18.28,3.544,65.3,0
M04873,Type_08,52.71,1.81,200.0,18.26,3.287,958.1,1
M04874,Type_19,55.27,2.51,226.3,15.74,3.206,599.4,0
M04875,Type_22,79.49,1.22,226.6,16.8,3.426,598.6,0
M04876,Type_02,56.0,1.49,219.5,14.59,2.882,907.2,0
M04877,Type_06,62.49,1.9,215.2,14.7,2.847,784.8,0
M04878,Type_09,75.92,2.89,201.1,11.85,2.145,775.1,1
M04879,Type_19,72.5,1.62,228.2,14.27,2.931,754.8,0
M04880,Type_02,72.27,0.9,225.0,15.31,3.1,651.5,0
M04881,Type_22,59.01,2.38,221.0,17.57,3.495,153.4,0
M04882,Type_06,58.25,1.6,213.6,18.8,3.614,620.0,0
M04883,Type_05,68.01,1.97,215.1,12.09,2.341,498.6,0
M04884,Type_19,68.06,0.94,222.4,18.59,3.721,567.9,0
M04885,Type_17,65.8,3.06,217.5,17.22,3.371,681.0,0
M04886,Type_22,64.74,1.64,225.2,15.32,3.105,282.0,0
M04887,Type_13,41.62,1.61,216.0,9.42,1.831,958.3,0
M04888,Type_17,87.05,6.59,237.7,49.75,10.643,507.9,1
M04889,Type_01,74.17,1.75,213.5,12.44,2.39,662.1,0
M04890,Type_21,67.32,2.39,225.5,13.15,2.669,397.7,0
M04891,Type_17,70.24,2.27,213.9,11.04,2.125,395.4,0
M04892,Type_14,69.11,0.83,215.5,15.84,3.072,611.4,0
M04893,Type_17,70.14,0.1,211.5,17.61,3.352,463.0,0
M04894,Type_20,61.24,3.49,221.4,14.33,2.855,689.6,0
M04895,Type_05,71.7,11.02,225.0,14.16,2.867,382.3,1
M04896,Type_13,51.6,0.98,216.4,15.02,2.925,549.4,0
M04897,Type_09,56.09,2.63,216.1,13.76,2.676,819.6,0
M04898,Type_10,67.57,3.85,224.6,17.15,3.467,986.3,0
M04899,Type_01,49.43,2.81,222.7,15.34,3.075,904.1,0
M04900,Type_07,70.53,2.39,218.9,14.61,2.878,795.7,0
M04901,Type_14,64.86,0.91,223.8,19.46,3.92,945.3,0
M04902,Type_12,83.83,2.86,211.9,13.61,2.596,809.5,0
M04903,Type_05,42.67,0.54,222.4,14.14,2.83,149.8,0
M04904,Type_04,56.92,4.32,226.1,14.32,2.914,494.5,0
M04905,Type_04,68.96,1.25,223.5,14.86,2.989,304.9,0
M04906,Type_19,64.79,0.89,227.3,13.31,2.723,108.7,0
M04907,Type_15,71.94,2.57,221.7,12.66,2.526,551.5,0
M04908,Type_04,68.76,2.18,220.4,12.41,2.462,195.1,0
M04909,Type_10,71.94,2.68,200.0,12.45,2.241,281.2,1
M04910,Type_03,67.85,3.21,207.9,14.47,2.707,295.6,1
M04911,Type_15,57.0,1.09,203.0,18.17,3.32,459.9,1
M04912,Type_17,80.77,3.72,226.0,5.89,1.198,742.4,1
M04913,Type_12,63.55,1.85,225.3,7.62,1.545,679.8,0
M04914,Type_14,59.15,2.23,221.3,19.23,3.83,156.0,0
M04915,Type_09,67.74,1.44,212.3,16.39,3.132,72.8,0
M04916,Type_12,54.74,1.98,211.9,4.42,0.843,522.3,1
M04917,Type_04,65.52,0.97,217.4,11.51,2.252,174.2,0
M04918,Type_11,54.28,1.92,216.3,11.84,2.305,800.8,0
M04919,Type_16,47.07,2.04,213.9,14.1,2.714,832.6,0
M04920,Type_11,70.7,2.83,226.2,17.57,3.577,970.2,0
M04921,Type_13,53.32,3.23,227.2,14.36,2.936,994.5,0
M04922,Type_17,46.84,1.03,221.0,15.48,3.079,69.2,0
M04923,Type_15,56.28,0.38,225.8,11.05,2.246,897.2,0
M04924,Type_21,65.33,3.02,220.4,18.62,3.693,635.1,0
M04925,Type_07,52.62,0.96,225.4,14.13,2.866,188.3,0
M04926,Type_12,51.99,2.73,220.6,15.78,3.133,380.1,0
M04927,Type_18,64.97,2.87,216.3,16.36,3.185,167.6,0
M04928,Type_13,57.62,1.85,221.6,22.34,4.455,810.6,0
M04929,Type_21,76.75,11.35,214.8,18.25,3.528,747.5,1
M04930,Type_25,61.9,0.57,224.0,41.69,8.405,78.1,1
M04931,Type_10,68.44,2.29,222.2,16.43,3.286,419.0,0
M04932,Type_12,74.73,0.85,219.2,15.43,3.044,783.6,0
M04933,Type_17,71.9,1.79,228.3,18.55,3.811,971.7,0
M04934,Type_03,56.71,1.88,216.8,13.45,2.624,739.0,0
M04935,Type_07,61.93,0.68,221.0,14.6,2.904,410.6,0
M04936,Type_19,64.16,3.41,221.0,7.27,1.446,673.2,1
M04937,Type_02,63.74,2.56,221.7,13.58,2.71,911.9,0
M04938,Type_14,124.5,0.79,212.9,14.7,2.817,104.0,1
M04939,Type_21,67.87,1.56,216.5,13.31,2.593,398.5,0
M04940,Type_12,61.98,2.49,220.0,15.95,3.158,551.2,0
M04941,Type_09,72.92,3.0,221.1,20.51,4.081,416.2,0
M04942,Type_02,66.73,1.17,232.3,12.85,2.687,686.0,0
M04943,Type_06,50.01,1.18,221.2,5.12,1.019,456.7,1
M04944,Type_06,66.83,1.75,223.1,14.86,2.984,898.8,0
M04945,Type_19,74.16,3.36,219.1,11.23,2.214,651.7,0
M04946,Type_09,68.71,2.5,215.0,17.88,3.46,237.8,0
M04947,Type_05,55.64,1.17,217.1,12.62,2.466,77.2,0
M04948,Type_04,64.64,2.02,223.3,18.65,3.748,835.1,0
M04949,Type_19,60.49,2.05,223.8,10.66,2.147,882.1,0
M04950,Type_02,64.58,1.85,224.4,14.04,2.836,802.4,0
M04951,Type_09,46.27,2.56,216.4,17.52,3.412,68.0,0
M04952,Type_18,69.42,2.78,219.9,7.52,1.488,506.9,1
M04953,Type_19,70.5,1.93,220.7,10.34,2.054,894.0,0
M04954,Type_02,49.51,3.59,222.1,13.47,2.693,988.5,0
M04955,Type_06,64.29,3.51,228.0,16.01,3.285,420.7,0
M04956,Type_19,82.79,0.82,226.8,12.15,2.48,207.2,0
M04957,Type_03,57.46,3.38,219.1,16.5,3.254,340.3,0
M04958,Type_02,60.88,1.33,213.9,19.43,3.74,173.4,0
M04959,Type_11,71.65,1.22,213.3,19.14,3.674,299.2,0
M04960,Type_22,72.75,1.76,220.2,15.24,3.02,377.3,0
M04961,Type_21,79.71,1.63,218.1,10.41,2.043,678.3,0
M04962,Type_10,58.96,2.96,220.9,18.21,3.62,788.4,0
M04963,Type_19,43.94,2.44,221.9,13.4,2.676,917.7,0
M04964,Type_04,69.21,2.85,213.4,12.19,2.341,657.7,0
M04965,Type_24,48.96,1.53,215.4,19.46,3.773,840.6,0
M04966,Type_15,46.23,3.19,218.3,16.37,3.216,298.7,0
M04967,Type_09,53.54,1.13,221.5,15.18,3.026,889.8,0
M04968,Type_04,71.86,2.5,217.1,18.15,3.546,757.9,0
M04969,Type_05,68.12,2.32,215.7,15.18,2.947,870.5,0
M04970,Type_03,66.14,1.18,213.4,12.36,2.374,792.9,0
M04971,Type_16,72.57,0.94,219.7,20.16,3.986,439.4,0
M04972,Type_08,68.56,1.75,226.6,17.48,3.565,625.2,0
M04973,Type_09,56.0,1.58,224.4,13.11,2.648,308.8,0
M04974,Type_10,46.67,2.68,218.6,20.17,3.968,364.4,0
M04975,Type_19,56.06,1.84,222.2,20.31,4.062,182.7,0
M04976,Type_17,47.3,0.93,218.5,13.48,2.651,300.0,0
M04977,Type_17,60.5,1.5,211.9,10.31,1.966,988.1,0
M04978,Type_01,68.13,1.67,222.0,16.77,3.351,318.0,0
M04979,Type_13,69.84,2.59,227.1,11.5,2.35,973.4,0
M04980,Type_23,77.15,0.65,218.1,15.23,2.989,754.6,0
M04981,Type_16,77.43,2.08,222.8,17.51,3.511,866.7,0
M04982,Type_05,52.12,0.1,220.0,18.73,3.709,958.8,0
M04983,Type_16,61.67,1.17,213.5,16.28,3.128,784.8,0
M04984,Type_20,81.9,2.28,218.9,14.9,2.935,642.2,0
M04985,Type_13,72.99,2.22,222.7,16.56,3.319,545.8,0
M04986,Type_18,118.72,5.81,249.0,52.67,11.803,599.8,1
M04987,Type_16,59.86,0.58,221.4,21.38,4.26,777.4,0
M04988,Type_15,59.61,0.1,217.1,19.68,3.845,624.4,0
M04989,Type_20,53.75,2.2,220.8,15.96,3.172,754.4,0
M04990,Type_11,66.87,0.66,220.5,16.34,3.243,989.2,0
M04991,Type_05,71.63,3.16,219.7,13.54,2.677,396.2,0
M04992,Type_06,52.08,0.35,222.1,14.79,2.956,501.3,0
M04993,Type_08,64.94,4.05,222.5,11.19,2.241,415.3,0
M04994,Type_06,58.34,3.88,212.2,16.28,3.109,323.6,0
M04995,Type_18,76.05,2.13,221.7,12.81,2.556,125.8,0
M04996,Type_01,70.19,3.52,224.6,17.17,3.471,585.5,0
M04997,Type_21,79.59,1.47,222.1,15.18,3.034,245.3,0
M04998,Type_05,73.41,2.94,219.6,13.36,2.64,413.2,0
M04999,Type_12,58.72,1.8,220.9,17.18,3.416,678.0,0
M05000,Type_22,73.58,1.34,212.8,14.42,2.762,840.5,0
M05001,Type_10,57.94,1.86,220.5,13.34,2.647,664.5,0
M05002,Type_20,111.21,0.5,219.0,14.78,2.913,911.3,1
M05003,Type_20,54.26,3.32,211.3,10.75,2.044,263.2,0
M05004,Type_20,70.35,4.31,217.9,19.16,3.757,925.6,0
M05005,Type_09,69.87,1.57,216.8,17.75,3.463,249.9,0
M05006,Type_23,81.92,1.36,217.2,16.52,3.229,368.1,0
M05007,Type_24,68.09,1.75,223.9,18.07,3.641,387.9,0
M05008,Type_01,63.84,0.88,212.7,17.24,3.3,352.9,0
M05009,Type_24,68.22,1.88,226.5,15.68,3.196,884.3,0
M05010,Type_12,67.82,2.56,223.7,17.51,3.525,886.9,0
M05011,Type_02,92.3,4.04,223.5,14.24,2.864,601.7,1
M05012,Type_24,58.77,1.3,215.4,13.63,2.642,595.1,0
M05013,Type_01,52.2,2.55,220.0,9.89,1.958,168.5,0
M05014,Type_09,38.51,1.3,216.8,14.66,2.86,646.9,0
M05015,Type_09,68.28,2.45,216.1,18.76,3.649,963.5,0
M05016,Type_16,58.74,1.58,227.1,17.74,3.626,587.5,0
M05017,Type_21,71.87,3.02,221.0,12.37,2.46,145.3,0
M05018,Type_18,58.55,4.35,219.7,15.83,3.13,70.6,1
M05019,Type_16,63.27,3.46,220.6,14.99,2.976,915.9,0
M05020,Type_11,53.95,1.71,216.4,18.14,3.533,411.7,0
M05021,Type_07,67.9,2.23,216.8,11.0,2.146,745.4,0
M05022,Type_23,75.37,2.32,219.3,15.73,3.105,206.9,0
M05023,Type_11,77.79,2.46,213.0,14.39,2.759,631.9,0
M05024,Type_18,69.53,0.43,221.9,14.95,2.986,444.8,0
M05025,Type_04,59.82,2.37,215.0,12.68,2.454,114.3,0
M05026,Type_02,75.84,2.84,221.4,16.31,3.25,410.0,0
M05027,Type_15,49.21,2.01,211.9,10.77,2.054,517.4,0
M05028,Type_12,64.1,3.46,220.5,14.84,2.945,469.5,0
M05029,Type_12,62.39,2.87,217.5,16.45,3.22,324.9,0
M05030,Type_22,77.87,1.98,226.3,13.34,2.717,328.1,0
M05031,Type_21,65.09,1.17,220.5,20.63,4.094,676.8,0
M05032,Type_09,78.27,1.22,219.1,17.17,3.386,816.5,0
M05033,Type_03,71.53,3.64,223.2,13.87,2.786,508.5,0
M05034,Type_24,80.19,0.27,222.1,14.68,2.934,513.3,0
M05035,Type_12,57.66,0.25,216.3,12.26,2.387,138.6,0
M05036,Type_05,58.22,1.83,227.5,19.07,3.905,907.1,0
M05037,Type_18,68.0,2.22,222.4,20.36,4.075,242.6,0
M05038,Type_17,61.96,1.17,222.4,15.17,3.036,674.3,0
M05039,Type_22,61.66,2.12,221.8,15.91,3.176,506.9,0
M05040,Type_11,65.44,2.35,221.3,7.91,1.575,494.2,1
M05041,Type_09,79.13,1.2,205.0,18.08,3.336,614.7,0
M05042,Type_01,66.99,0.91,222.8,11.47,2.3,355.7,0
M05043,Type_22,46.18,3.43,224.6,45.19,9.135,373.6,1
M05044,Type_13,111.74,0.85,215.8,17.51,3.401,517.2,1
M05045,Type_20,83.59,0.27,223.7,13.39,2.696,190.4,0
M05046,Type_25,120.44,0.5,227.6,17.08,3.499,146.1,1
M05047,Type_01,78.61,1.84,224.6,15.67,3.168,693.6,0
M05048,Type_15,51.88,2.41,217.0,14.07,2.748,871.1,0
M05049,Type_18,45.55,1.57,221.6,11.73,2.339,452.2,0
M05050,Type_02,65.59,2.25,215.7,5.55,1.077,572.7,1
M05051,Type_03,38.65,1.83,223.0,11.01,2.21,567.1,0
M05052,Type_07,63.05,2.66,225.0,15.11,3.06,845.5,0
M05053,Type_25,63.76,1.6,217.9,10.32,2.024,57.1,0
M05054,Type_16,63.99,1.26,214.4,9.87,1.905,661.0,0
M05055,Type_13,65.88,1.65,218.8,15.33,3.019,856.2,0
M05056,Type_01,72.15,2.54,216.4,17.81,3.469,955.7,0
M05057,Type_21,68.61,2.32,212.5,18.24,3.488,109.2,0
M05058,Type_19,87.29,1.84,214.0,11.52,2.219,273.4,0
M05059,Type_22,48.87,2.53,219.5,15.53,3.068,245.4,0
M05060,Type_03,75.61,2.22,241.7,17.9,3.894,999.0,1
M05061,Type_09,64.39,2.07,210.5,38.54,7.301,580.5,1
M05062,Type_24,52.74,11.21,207.6,15.28,2.855,881.9,1
M05063,Type_22,62.02,1.62,249.0,18.83,4.22,106.0,1
M05064,Type_01,79.9,2.61,229.0,12.17,2.508,906.9,0
M05065,Type_06,52.08,2.09,216.4,17.28,3.365,630.5,0
M05066,Type_14,59.85,2.11,210.7,13.5,2.56,889.0,0
M05067,Type_23,81.66,2.08,215.5,17.43,3.381,364.7,0
M05068,Type_22,55.28,1.75,222.5,17.68,3.54,53.8,0
M05069,Type_15,71.81,2.25,228.9,12.89,2.655,941.1,0
M05070,Type_23,74.96,2.55,222.0,9.93,1.984,582.7,0
M05071,Type_10,56.07,2.79,209.7,12.62,2.382,518.8,0
M05072,Type_05,86.79,0.73,213.7,7.95,1.529,964.6,1
M05073,Type_03,84.88,9.13,246.4,56.84,12.605,442.3,1
M05074,Type_14,54.95,1.8,222.9,4.16,0.835,695.1,1
M05075,Type_02,57.88,2.49,224.7,15.5,3.135,232.1,0
M05076,Type_11,47.88,2.71,228.5,15.43,3.173,527.2,0
M05077,Type_25,73.71,3.08,204.7,15.45,2.846,932.8,1
M05078,Type_14,64.57,0.42,226.3,9.05,1.843,724.1,0
M05079,Type_19,60.76,1.59,227.9,16.62,3.409,805.5,0
M05080,Type_16,74.81,0.51,222.6,14.64,2.933,429.0,0
M05081,Type_18,70.32,1.77,218.4,11.31,2.223,875.2,0
M05082,Type_12,59.71,0.1,220.3,15.94,3.16,941.2,0
M05083,Type_16,82.99,0.49,223.2,16.33,3.28,389.2,0
M05084,Type_11,67.8,2.94,212.7,13.74,2.63,668.0,0
M05085,Type_07,62.35,1.61,225.3,17.39,3.526,94.2,0
M05086,Type_02,69.54,2.95,221.5,16.12,3.214,93.3,0
M05087,Type_24,83.6,1.8,218.3,12.76,2.507,827.5,1
M05088,Type_25,67.65,1.85,218.0,9.77,1.917,732.4,0
M05089,Type_23,95.93,1.88,225.5,14.97,3.038,552.3,1
M05090,Type_22,68.66,2.76,222.5,4.47,0.895,61.1,1
M05091,Type_19,62.62,1.57,218.2,12.56,2.467,322.3,0
M05092,Type_09,54.69,2.67,219.7,10.89,2.153,912.6,0
M05093,Type_06,66.95,1.66,213.3,20.49,3.933,642.9,0
M05094,Type_01,65.98,2.99,225.3,18.38,3.727,340.1,0
M05095,Type_05,55.44,0.65,224.4,9.49,1.917,574.5,0
M05096,Type_01,63.53,1.08,218.3,14.55,2.859,334.8,0
M05097,Type_23,60.92,2.99,228.8,17.94,3.694,123.5,0
M05098,Type_04,54.37,2.68,214.7,18.5,3.575,964.6,0
M05099,Type_13,64.19,0.1,219.3,14.76,2.913,676.8,0
M05100,Type_08,68.15,1.55,225.4,13.13,2.664,868.1,0
M05101,Type_12,66.45,3.98,217.3,14.88,2.91,185.2,0
M05102,Type_18,63.34,2.73,224.1,11.84,2.388,695.2,0
M05103,Type_24,76.8,2.23,219.6,13.11,2.591,95.3,0
M05104,Type_17,79.19,8.7,217.4,18.39,3.598,514.6,1
M05105,Type_12,81.27,2.02,235.4,11.73,2.485,248.2,1
M05106,Type_23,72.27,1.28,222.7,18.45,3.698,486.8,0
M05107,Type_15,53.79,2.6,210.8,16.33,3.098,591.4,0
M05108,Type_24,74.2,0.93,225.5,15.73,3.192,99.2,0
M05109,Type_03,48.28,0.37,217.3,15.5,3.031,885.2,0
M05110,Type_21,68.54,0.29,228.1,14.64,3.005,721.1,0
M05111,Type_15,103.49,2.14,217.3,22.93,4.484,352.6,1
M05112,Type_02,59.14,1.99,200.0,14.33,2.579,481.5,1
M05113,Type_03,69.28,2.54,225.5,20.07,4.073,838.3,0
M05114,Type_08,61.07,1.87,222.5,19.77,3.959,853.5,0
M05115,Type_18,44.46,1.46,219.1,16.19,3.193,237.9,0
M05116,Type_20,70.98,2.25,219.5,16.05,3.171,258.7,0
M05117,Type_25,48.71,1.44,214.7,16.9,3.266,635.6,0
M05118,Type_14,58.15,1.26,225.8,18.37,3.733,687.9,0
M05119,Type_05,67.02,2.36,214.6,20.06,3.874,441.1,0
M05120,Type_10,67.71,2.19,221.3,21.01,4.185,123.2,0
M05121,Type_11,72.96,1.43,223.3,13.57,2.727,430.3,0
M05122,Type_18,67.99,1.12,230.2,14.23,2.948,586.2,0
M05123,Type_21,69.37,2.24,219.8,20.23,4.002,999.2,0
M05124,Type_05,52.24,1.19,230.5,15.02,3.116,255.8,0
M05125,Type_04,46.09,2.57,223.0,12.18,2.445,782.5,0
M05126,Type_03,55.63,2.64,214.7,12.72,2.458,163.6,0
M05127,Type_03,59.55,2.27,218.0,8.59,1.685,245.2,0
M05128,Type_18,61.19,1.22,200.0,11.12,2.002,730.5,1
M05129,Type_19,56.58,1.24,215.4,16.08,3.117,121.7,0
M05130,Type_11,70.34,3.46,222.0,9.81,1.96,586.5,0
M05131,Type_01,84.73,1.58,221.3,13.33,2.655,92.9,0
M05132,Type_09,54.2,0.87,219.8,13.97,2.764,313.2,0
M05133,Type_08,51.36,1.18,218.2,12.91,2.535,481.2,0
M05134,Type_10,40.61,3.0,212.5,12.5,2.391,404.5,0
M05135,Type_03,57.98,2.93,222.3,10.07,2.015,509.9,0
M05136,Type_03,48.65,3.49,210.4,9.71,1.839,856.7,0
M05137,Type_12,70.73,3.38,229.3,20.85,4.303,636.4,0
M05138,Type_02,63.27,0.1,225.0,18.1,3.665,812.9,0
M05139,Type_16,64.46,3.62,218.3,16.04,3.151,584.8,0
M05140,Type_07,65.23,1.59,215.5,8.54,1.656,612.3,1
M05141,Type_14,59.39,1.81,224.9,18.16,3.676,103.5,0
M05142,Type_14,59.02,2.88,222.5,13.37,2.677,583.1,0
M05143,Type_12,61.03,2.94,230.6,11.98,2.486,677.8,0
M05144,Type_04,61.15,1.69,217.0,11.16,2.18,192.9,0
M05145,Type_20,77.92,0.58,208.9,17.47,3.285,554.3,0
M05146,Type_02,52.78,2.06,224.1,14.27,2.878,117.1,0
M05147,Type_17,57.99,1.62,218.0,15.07,2.957,867.0,0
M05148,Type_01,58.14,3.61,213.1,18.26,3.502,376.2,0
M05149,Type_08,56.77,1.87,216.5,12.93,2.519,401.7,0
M05150,Type_06,41.1,0.5,222.6,18.16,3.638,721.8,0
M05151,Type_24,57.04,3.16,221.7,15.2,3.033,187.6,0
M05152,Type_07,54.05,3.8,220.0,14.49,2.869,946.5,0
M05153,Type_11,51.69,1.99,217.8,11.53,2.26,650.3,0
M05154,Type_01,78.53,1.7,223.0,16.24,3.259,982.2,0
M05155,Type_16,69.19,1.94,217.7,16.74,3.28,740.6,0
M05156,Type_10,84.96,2.06,218.8,18.09,3.562,735.7,0
M05157,Type_09,87.31,1.18,215.0,14.2,2.748,888.8,0
M05158,Type_21,59.39,1.99,222.0,13.53,2.703,617.4,0
M05159,Type_09,74.73,3.48,220.8,14.93,2.967,713.3,0
M05160,Type_18,68.98,2.34,224.1,11.74,2.368,979.4,0
M05161,Type_10,85.9,3.74,220.3,12.48,2.474,144.6,0
M05162,Type_07,111.26,10.87,242.0,36.28,7.902,565.9,1
M05163,Type_23,56.26,2.3,219.6,13.37,2.642,243.3,0
M05164,Type_17,88.59,3.06,233.3,15.17,3.185,671.0,1
M05165,Type_21,60.21,1.77,218.8,11.2,2.206,181.7,0
M05166,Type_21,69.96,1.02,212.0,19.51,3.723,186.9,0
M05167,Type_13,52.86,2.69,217.9,12.21,2.395,180.8,0
M05168,Type_20,61.73,1.89,216.5,18.4,3.585,628.9,0
M05169,Type_23,66.17,1.18,220.8,16.09,3.197,795.2,0
M05170,Type_15,69.21,2.53,212.4,18.84,3.601,435.3,0
M05171,Type_14,70.89,0.57,223.6,14.89,2.996,421.1,0
M05172,Type_25,48.57,1.61,228.1,11.9,2.443,493.1,0
M05173,Type_22,41.3,2.35,221.3,15.77,3.141,516.2,0
M05174,Type_21,65.07,3.62,225.1,14.22,2.881,573.8,0
M05175,Type_14,54.6,2.58,218.0,19.6,3.846,415.6,0
M05176,Type_25,43.67,1.69,229.2,11.87,2.449,110.4,0
M05177,Type_19,56.99,1.78,228.4,13.24,2.722,263.8,0
M05178,Type_11,58.9,1.34,218.9,15.46,3.046,733.6,0
M05179,Type_09,79.04,1.51,215.6,15.88,3.081,321.8,0
M05180,Type_12,70.1,1.21,219.8,11.43,2.261,438.3,0
M05181,Type_18,67.79,1.85,219.8,15.25,3.017,620.8,0
M05182,Type_15,75.78,1.85,223.5,11.52,2.317,308.2,0
M05183,Type_20,69.55,3.18,221.6,13.28,2.649,687.3,0
M05184,Type_16,57.13,1.6,227.0,18.98,3.878,414.5,0
M05185,Type_10,60.27,0.43,214.9,14.55,2.814,720.9,0
M05186,Type_02,48.22,2.97,211.8,13.75,2.621,782.7,0
M05187,Type_21,66.34,2.86,226.7,15.19,3.099,913.9,0
M05188,Type_13,69.99,1.97,219.4,16.73,3.304,224.0,0
M05189,Type_13,77.1,3.32,217.3,15.8,3.09,792.6,0
M05190,Type_24,54.51,1.31,224.6,13.39,2.707,314.8,0
M05191,Type_13,56.11,1.94,229.3,18.73,3.865,782.2,0
M05192,Type_22,70.66,1.58,211.3,17.24,3.279,739.3,0
M05193,Type_05,75.99,3.11,221.9,15.35,3.066,225.4,0
M05194,Type_09,66.69,1.19,217.9,15.0,2.942,235.7,0
M05195,Type_10,57.83,2.52,219.5,13.43,2.653,81.2,0
M05196,Type_03,59.36,1.27,220.9,20.08,3.992,390.7,0
M05197,Type_11,65.6,1.57,222.1,16.68,3.334,614.1,0
M05198,Type_21,76.05,0.42,216.9,14.08,2.749,853.4,0
M05199,Type_14,69.52,2.95,218.7,13.4,2.638,893.0,0
M05200,Type_09,71.62,1.88,217.2,12.63,2.469,619.3,0
M05201,Type_18,74.23,2.14,227.6,17.55,3.595,692.4,0
M05202,Type_15,63.29,2.42,222.7,16.7,3.347,160.9,0
M05203,Type_15,74.01,0.71,214.6,14.3,2.762,884.5,0
M05204,Type_01,53.36,1.59,220.0,13.7,2.713,213.3,0
M05205,Type_17,79.93,0.53,216.7,17.28,3.37,324.7,0
M05206,Type_08,50.28,2.87,213.0,19.46,3.73,337.7,0
M05207,Type_07,78.49,1.0,223.8,13.15,2.649,248.4,0
M05208,Type_18,66.42,2.73,219.6,14.51,2.868,63.9,0
M05209,Type_25,76.88,0.89,220.1,18.18,3.601,529.2,0
M05210,Type_23,57.7,1.64,222.7,17.37,3.481,675.4,0
M05211,Type_06,78.99,3.9,217.6,13.56,2.656,932.1,0
M05212,Type_07,62.72,2.44,219.6,14.47,2.86,136.9,0
M05213,Type_24,88.86,10.82,235.6,57.09,12.105,797.3,1
M05214,Type_08,68.8,2.65,217.4,18.38,3.596,940.4,0
M05215,Type_24,81.2,1.96,224.6,14.94,3.02,701.0,1
M05216,Type_14,75.28,0.61,221.9,14.16,2.828,582.9,0
M05217,Type_08,60.88,0.77,206.3,14.7,2.729,586.3,0
M05218,Type_02,63.61,2.11,206.7,9.45,1.758,101.2,0
M05219,Type_11,70.6,1.51,211.1,11.63,2.21,593.5,0
M05220,Type_05,66.33,2.78,223.4,18.38,3.695,238.5,0
M05221,Type_05,60.23,1.09,223.6,16.88,3.397,496.7,0
M05222,Type_02,61.36,3.19,223.1,17.59,3.532,802.0,0
M05223,Type_01,55.44,0.53,222.7,15.13,3.033,618.0,0
M05224,Type_19,59.43,0.6,215.2,10.49,2.032,670.8,0
M05225,Type_03,60.27,1.87,239.7,17.3,3.732,390.8,1
M05226,Type_12,70.4,2.11,209.4,12.88,2.427,186.2,0
M05227,Type_22,64.71,0.84,218.4,16.66,3.275,506.3,0
M05228,Type_21,56.58,2.83,200.0,10.01,1.802,593.8,1
M05229,Type_02,57.86,3.91,214.7,6.55,1.266,876.0,1
M05230,Type_07,74.55,3.17,212.3,13.91,2.658,794.5,0
M05231,Type_15,50.07,0.65,218.6,6.17,1.214,800.5,0
M05232,Type_22,66.26,0.64,224.6,15.04,3.04,869.0,0
M05233,Type_07,54.91,2.78,221.4,22.18,4.42,374.0,0
M05234,Type_17,64.38,2.44,210.1,16.19,3.061,998.1,0
M05235,Type_10,59.27,2.66,216.3,13.29,2.587,998.0,0
M05236,Type_01,41.94,2.24,224.8,14.94,3.023,226.5,0
M05237,Type_08,65.82,1.32,218.0,14.69,2.882,55.2,0
M05238,Type_07,53.48,2.0,217.5,15.77,3.087,231.9,0
M05239,Type_21,57.15,1.6,227.1,14.31,2.925,969.6,0
M05240,Type_01,56.49,1.32,219.2,17.95,3.541,218.9,0
M05241,Type_16,51.25,2.6,230.7,16.95,3.519,921.0,0
M05242,Type_21,71.16,1.52,216.4,16.16,3.147,800.1,0
M05243,Type_14,78.82,3.82,215.8,12.65,2.457,656.7,0
M05244,Type_06,86.19,10.67,239.6,44.76,9.652,113.3,1
M05245,Type_23,53.6,1.86,209.9,10.51,1.985,738.5,0
M05246,Type_15,51.36,1.58,218.8,14.89,2.932,101.5,0
M05247,Type_12,63.22,1.81,221.9,13.51,2.698,948.1,0
M05248,Type_22,67.78,0.49,244.3,9.53,2.095,319.7,1
M05249,Type_22,59.82,0.1,223.3,14.98,3.011,644.3,0
M05250,Type_02,49.08,3.01,218.4,17.26,3.393,999.8,0
M05251,Type_13,80.95,1.47,221.7,5.6,1.117,448.0,1
M05252,Type_16,82.69,2.72,221.7,15.88,3.169,532.8,0
M05253,Type_09,58.65,5.07,211.9,11.03,2.104,289.8,1
M05254,Type_12,56.49,3.27,217.7,17.37,3.403,272.3,0
M05255,Type_11,89.02,3.39,212.5,13.71,2.622,267.4,0
M05256,Type_13,51.2,1.6,217.8,16.78,3.289,327.7,0
M05257,Type_02,59.92,3.89,217.3,14.54,2.844,812.7,0
M05258,Type_07,70.78,2.39,226.6,22.35,4.558,123.7,0
M05259,Type_14,57.4,2.65,226.4,14.79,3.014,866.2,0
M05260,Type_25,69.12,2.63,217.9,12.97,2.544,973.9,0
M05261,Type_03,81.31,3.77,222.4,12.97,2.596,90.9,1
M05262,Type_13,54.83,1.68,225.3,15.76,3.196,603.2,0
M05263,Type_04,76.97,0.44,223.7,16.81,3.384,623.3,0
M05264,Type_16,75.12,8.57,222.0,16.89,3.375,309.9,1
M05265,Type_25,73.31,2.35,219.2,15.08,2.975,183.2,0
M05266,Type_07,64.5,2.51,214.5,16.06,3.1,794.1,0
M05267,Type_06,59.38,2.29,214.4,10.34,1.995,731.1,0
M05268,Type_03,61.37,3.55,214.2,8.72,1.681,90.2,0
M05269,Type_12,65.56,1.24,216.1,15.65,3.044,889.6,0
M05270,Type_08,64.86,2.38,223.8,12.81,2.58,603.4,0
M05271,Type_08,89.48,1.65,212.0,12.61,2.406,338.2,0
M05272,Type_07,54.64,2.57,214.7,12.92,2.497,966.5,0
M05273,Type_13,76.92,0.14,212.9,11.21,2.148,988.6,0
M05274,Type_12,53.69,0.56,224.3,14.67,2.961,829.4,0
M05275,Type_12,72.25,1.94,230.6,18.81,3.904,554.9,0
M05276,Type_15,71.39,0.1,216.1,18.89,3.674,725.7,0
M05277,Type_05,61.19,1.28,217.6,12.21,2.391,985.8,0
M05278,Type_16,69.77,0.71,223.7,20.22,4.071,832.1,0
M05279,Type_25,78.48,1.33,220.3,14.57,2.889,667.3,0
M05280,Type_06,64.05,2.14,213.5,12.84,2.467,351.6,0
M05281,Type_15,60.06,1.13,213.1,16.43,3.151,93.4,0
M05282,Type_16,74.62,0.31,226.7,16.54,3.375,343.5,0
M05283,Type_21,70.22,1.55,213.6,22.19,4.266,57.2,0
M05284,Type_05,128.57,3.32,221.4,14.25,2.839,539.3,1
M05285,Type_25,59.15,0.2,217.3,13.08,2.558,539.0,0
M05286,Type_04,62.25,1.82,224.6,14.38,2.907,845.3,0
M05287,Type_09,80.18,2.4,229.2,15.7,3.239,565.3,0
M05288,Type_11,75.76,1.31,212.3,16.43,3.139,833.8,0
M05289,Type_08,73.69,1.18,221.8,16.9,3.374,399.5,0
M05290,Type_01,56.47,2.01,222.8,17.79,3.567,660.7,0
M05291,Type_19,65.99,3.29,221.8,18.43,3.679,763.8,0
M05292,Type_23,66.14,0.61,221.7,15.81,3.155,799.0,0
M05293,Type_01,67.54,2.2,219.9,11.57,2.29,172.5,0
M05294,Type_16,70.81,2.73,226.3,15.84,3.226,737.6,0
M05295,Type_10,68.0,1.64,219.9,11.28,2.232,298.9,0
M05296,Type_12,75.47,3.18,224.4,12.59,2.543,876.7,0
M05297,Type_25,62.46,1.81,223.9,17.06,3.438,765.4,0
M05298,Type_15,72.14,3.02,220.8,13.77,2.736,918.3,0
M05299,Type_03,67.21,0.68,222.2,11.55,2.31,177.0,0
M05300,Type_16,60.95,2.11,225.3,16.09,3.263,450.6,0
M05301,Type_06,73.81,1.33,214.7,12.49,2.413,242.8,0
M05302,Type_19,48.61,2.23,225.2,15.39,3.119,405.8,0
M05303,Type_25,88.15,3.18,215.1,19.31,3.738,672.4,0
M05304,Type_02,68.97,3.54,215.1,16.23,3.142,832.1,0
M05305,Type_15,60.21,3.39,217.4,14.58,2.853,323.9,0
M05306,Type_04,70.75,3.52,218.5,15.85,3.117,434.2,0
M05307,Type_09,63.94,2.04,221.6,8.41,1.677,822.8,1
M05308,Type_05,69.89,2.15,215.3,17.84,3.457,76.7,0
M05309,Type_03,67.47,3.04,222.1,10.76,2.151,602.7,0
M05310,Type_14,50.14,3.46,217.5,18.94,3.708,197.3,0
M05311,Type_16,48.7,2.55,216.7,14.29,2.787,153.5,0
M05312,Type_17,46.21,2.1,217.7,14.47,2.835,209.1,0
M05313,Type_18,62.96,2.41,215.9,10.66,2.071,632.8,0
M05314,Type_22,71.44,1.93,210.0,19.45,3.676,74.3,0
M05315,Type_07,67.43,1.42,220.5,17.76,3.524,876.1,0
M05316,Type_10,61.53,0.73,219.2,15.15,2.989,370.6,0
M05317,Type_15,64.45,2.04,223.6,22.54,4.536,95.8,0
M05318,Type_14,43.15,0.1,218.2,16.58,3.256,630.0,0
M05319,Type_11,74.75,2.85,226.1,17.68,3.598,839.9,0
M05320,Type_05,45.72,1.8,216.2,15.58,3.032,539.8,0
M05321,Type_22,50.3,1.82,222.3,9.94,1.989,701.6,0
M05322,Type_17,58.11,1.02,219.9,10.9,2.157,100.8,0
M05323,Type_09,58.61,1.23,222.3,13.04,2.609,807.6,0
M05324,Type_17,60.69,2.52,219.7,15.06,2.978,808.6,0
M05325,Type_05,74.87,1.19,212.9,22.46,4.304,774.6,0
M05326,Type_12,72.48,0.33,224.2,13.03,2.629,856.5,0
M05327,Type_18,66.43,1.74,226.1,17.84,3.63,54.8,0
M05328,Type_06,58.68,1.08,214.1,11.49,2.214,519.3,0
M05329,Type_05,70.54,1.69,227.3,21.82,4.464,57.8,0
M05330,Type_03,54.35,1.43,219.5,17.28,3.414,297.5,0
M05331,Type_21,69.78,0.52,221.8,21.63,4.318,536.3,0
M05332,Type_02,68.1,2.58,216.4,14.24,2.773,313.5,0
M05333,Type_08,75.53,2.31,218.1,10.0,1.963,529.2,0
M05334,Type_24,54.49,2.42,220.8,13.93,2.768,971.3,0
M05335,Type_10,59.01,1.2,211.5,13.78,2.623,859.0,0
M05336,Type_13,52.08,1.24,221.1,15.13,3.011,159.1,0
M05337,Type_19,62.74,2.45,216.9,14.48,2.827,870.3,0
M05338,Type_19,82.1,3.58,218.6,5.19,1.021,814.3,1
M05339,Type_14,75.26,2.72,219.6,19.45,3.844,132.2,0
M05340,Type_15,80.1,2.18,222.3,16.0,3.201,88.0,0
M05341,Type_21,62.13,0.83,214.7,15.52,2.999,852.5,0
M05342,Type_08,64.31,1.61,224.0,14.36,2.895,901.6,0
M05343,Type_05,47.31,2.37,216.8,15.25,2.976,56.3,0
M05344,Type_08,80.92,1.76,220.7,15.87,3.152,661.7,0
M05345,Type_16,68.22,1.8,218.4,15.84,3.114,530.3,0
M05346,Type_08,75.97,2.22,217.4,13.44,2.63,256.7,0
M05347,Type_13,74.09,1.05,209.8,15.22,2.874,790.1,0
M05348,Type_14,68.19,4.04,222.5,18.51,3.707,563.5,0
M05349,Type_20,71.0,1.53,220.8,17.96,3.569,489.1,0
M05350,Type_13,65.47,3.24,221.0,16.33,3.248,162.0,0
M05351,Type_06,64.49,0.83,217.7,17.01,3.333,920.9,0
M05352,Type_05,65.02,2.72,220.0,10.81,2.14,286.2,0
M05353,Type_15,48.45,0.36,229.0,15.13,3.118,662.8,0
M05354,Type_14,75.06,1.12,222.6,16.61,3.328,703.2,0
M05355,Type_01,84.52,3.8,212.6,10.21,1.954,312.2,0
M05356,Type_22,88.57,2.57,228.7,11.75,2.419,851.1,0
M05357,Type_20,63.18,0.1,219.5,16.99,3.356,316.3,0
M05358,Type_05,62.37,3.1,217.6,11.45,2.242,500.2,0
M05359,Type_24,49.75,2.49,212.9,8.8,1.686,777.5,0
M05360,Type_03,66.09,0.1,211.2,16.96,3.224,132.5,0
M05361,Type_22,79.83,1.67,222.5,18.6,3.725,313.4,0
M05362,Type_15,72.96,2.73,220.0,12.15,2.406,394.9,0
M05363,Type_17,44.47,1.94,219.0,16.03,3.16,224.0,0
M05364,Type_17,64.79,2.36,221.0,18.87,3.753,876.9,0
M05365,Type_23,98.86,2.39,209.2,18.18,3.423,261.3,1
M05366,Type_20,90.84,2.38,215.8,3.66,0.711,157.8,1
M05367,Type_11,71.03,2.73,225.2,13.83,2.803,634.2,0
M05368,Type_11,80.64,6.97,227.4,15.88,3.25,605.8,1
M05369,Type_12,65.1,2.94,221.8,14.54,2.902,354.3,0
M05370,Type_07,88.82,2.29,215.2,11.93,2.311,314.5,0
M05371,Type_20,77.74,2.62,229.4,14.78,3.051,590.4,0
M05372,Type_21,77.58,2.09,217.2,12.82,2.506,240.3,0
M05373,Type_05,61.29,2.57,213.0,15.24,2.922,190.1,0
M05374,Type_02,69.12,2.1,220.3,17.23,3.416,332.8,0
M05375,Type_25,67.07,1.99,231.3,11.51,2.396,515.8,0
M05376,Type_12,54.83,0.74,222.8,14.07,2.821,838.5,0
M05377,Type_06,73.25,2.62,214.7,14.59,2.819,865.4,0
M05378,Type_23,62.55,3.36,215.0,13.86,2.682,178.2,0
M05379,Type_20,67.78,0.1,217.3,13.06,2.554,51.9,0
M05380,Type_22,62.99,3.39,217.6,13.33,2.611,83.6,0
M05381,Type_18,61.81,3.0,214.3,14.52,2.8,320.0,0
M05382,Type_05,68.13,2.35,217.3,18.72,3.661,103.1,0
M05383,Type_02,60.46,3.47,220.7,16.49,3.275,674.4,0
M05384,Type_08,66.58,2.09,215.2,13.31,2.578,527.9,0
M05385,Type_15,51.6,2.75,215.3,21.77,4.218,100.1,0
M05386,Type_14,57.64,4.21,219.4,15.74,3.108,361.7,0
M05387,Type_02,52.4,2.49,227.9,14.76,3.027,312.7,0
M05388,Type_09,65.41,2.12,217.1,15.34,2.997,234.1,0
M05389,Type_01,76.83,2.43,219.2,16.3,3.216,427.5,0
M05390,Type_14,71.06,2.99,222.0,16.83,3.363,574.9,0
M05391,Type_06,79.02,3.7,219.2,14.73,2.906,71.6,0
M05392,Type_10,59.64,0.39,221.7,20.54,4.098,905.2,0
M05393,Type_19,72.76,2.68,218.8,11.0,2.166,471.5,0
M05394,Type_20,52.7,1.17,215.1,17.79,3.444,318.6,0
M05395,Type_19,57.35,2.18,221.1,14.92,2.969,161.3,0
M05396,Type_16,59.31,3.31,216.1,14.35,2.791,729.6,0
M05397,Type_08,68.71,2.94,216.0,16.98,3.301,323.4,0
M05398,Type_21,81.95,2.47,222.0,13.13,2.623,361.0,0
M05399,Type_20,74.07,1.71,224.9,17.78,3.599,195.9,0
M05400,Type_07,57.32,0.77,226.9,14.72,3.006,336.3,0
M05401,Type_20,52.61,0.41,222.8,12.96,2.599,773.3,0
M05402,Type_17,57.67,2.79,237.8,15.4,3.296,561.3,1
M05403,Type_24,76.68,0.91,215.6,12.26,2.379,470.4,0
M05404,Type_22,50.04,2.56,225.7,11.83,2.403,873.8,0
M05405,Type_08,41.54,3.13,215.6,11.58,2.247,268.4,0
M05406,Type_04,55.27,2.44,229.5,13.32,2.751,863.6,0
M05407,Type_13,57.95,3.17,222.9,14.56,2.921,867.2,0
M05408,Type_01,67.13,0.1,200.0,13.97,2.515,853.1,1
M05409,Type_12,59.15,1.92,218.0,14.02,2.751,480.2,0
M05410,Type_19,66.05,2.33,248.8,14.7,3.292,705.8,1
M05411,Type_16,70.12,2.03,218.3,11.87,2.332,235.0,0
M05412,Type_06,63.75,1.83,214.9,16.17,3.127,665.4,0
M05413,Type_09,61.26,2.68,215.7,17.97,3.489,134.6,0
M05414,Type_13,54.3,3.08,227.3,12.98,2.655,177.7,0
M05415,Type_16,64.75,2.47,212.6,12.25,2.344,938.3,0
M05416,Type_16,82.16,1.89,206.0,11.13,2.064,290.3,1
M05417,Type_24,69.29,1.42,213.2,15.06,2.89,574.4,0
M05418,Type_10,71.5,2.07,222.6,14.6,2.925,936.4,0
M05419,Type_24,64.39,2.21,222.4,12.75,2.552,993.1,0
M05420,Type_20,45.1,3.18,226.2,10.62,2.162,95.6,0
M05421,Type_08,63.19,11.64,214.3,11.57,2.232,912.1,1
M05422,Type_11,41.82,1.5,224.4,17.59,3.552,204.9,0
M05423,Type_18,68.08,5.89,224.1,17.19,3.467,965.2,1
M05424,Type_05,67.27,4.36,222.3,8.64,1.729,745.6,1
M05425,Type_14,65.84,1.14,218.4,12.78,2.512,305.2,0
M05426,Type_03,55.44,2.57,213.7,13.04,2.508,429.2,0
M05427,Type_24,65.31,1.92,212.6,19.82,3.792,681.5,0
M05428,Type_08,53.11,0.96,215.2,15.82,3.064,608.6,0
M05429,Type_13,71.73,1.36,223.1,13.64,2.739,639.5,0
M05430,Type_24,67.46,3.86,226.5,16.48,3.359,769.5,0
M05431,Type_22,77.77,3.15,226.0,13.79,2.805,466.4,0
M05432,Type_17,61.85,0.14,241.0,11.42,2.477,329.8,1
M05433,Type_02,61.98,3.12,220.5,16.33,3.241,747.0,0
M05434,Type_14,55.2,2.49,229.2,12.58,2.595,987.8,0
M05435,Type_03,79.97,2.99,218.4,17.59,3.457,810.3,0
M05436,Type_02,72.14,1.21,209.3,13.12,2.471,572.0,0
M05437,Type_06,67.85,2.97,221.5,11.19,2.231,859.2,0
M05438,Type_08,75.28,1.6,226.3,12.65,2.576,211.7,0
M05439,Type_21,60.5,1.1,223.8,11.66,2.349,513.9,0
M05440,Type_22,64.12,2.25,219.0,8.97,1.768,700.8,0
M05441,Type_22,57.4,0.1,221.5,18.93,3.774,51.3,0
M05442,Type_23,78.81,1.8,223.0,19.54,3.922,479.8,0
M05443,Type_22,72.49,0.1,218.8,15.18,2.989,673.5,0
M05444,Type_08,67.72,3.13,211.5,12.5,2.379,473.0,0
M05445,Type_20,62.17,1.82,224.7,16.37,3.311,867.7,0
M05446,Type_13,67.96,2.8,212.2,15.54,2.968,734.3,0
M05447,Type_12,66.8,2.11,222.5,4.07,0.815,526.3,1
M05448,Type_12,100.49,1.57,221.1,16.77,3.337,874.6,1
M05449,Type_14,66.78,2.02,224.6,19.72,3.986,282.7,0
M05450,Type_02,70.76,1.82,212.0,17.3,3.301,134.8,0
M05451,Type_22,74.79,0.36,218.6,15.22,2.994,482.8,0
M05452,Type_18,60.06,3.73,213.3,12.72,2.442,762.0,0
M05453,Type_03,62.24,1.63,220.2,14.63,2.899,553.5,0
M05454,Type_14,54.81,1.21,200.6,16.39,2.959,593.7,1
M05455,Type_25,64.89,0.52,226.2,18.27,3.719,554.3,0
M05456,Type_17,56.49,0.95,224.9,13.04,2.639,868.7,0
M05457,Type_04,50.3,1.98,219.6,19.33,3.82,236.2,0
M05458,Type_20,64.62,0.9,226.7,15.55,3.173,594.7,0
M05459,Type_14,70.71,2.38,223.1,12.75,2.56,118.8,0
M05460,Type_02,75.35,2.78,215.4,15.7,3.044,456.5,0
M05461,Type_03,56.5,2.87,221.4,10.38,2.068,444.2,0
M05462,Type_11,67.47,2.69,215.7,11.48,2.229,249.8,0
M05463,Type_12,68.97,2.3,216.7,10.61,2.069,88.9,0
M05464,Type_10,70.7,3.68,222.7,17.1,3.427,117.4,0
M05465,Type_25,54.74,1.62,230.5,13.14,2.726,767.4,0
M05466,Type_10,57.93,2.63,225.0,17.04,3.451,307.1,0
M05467,Type_09,81.39,0.57,229.6,16.08,3.323,754.5,0
M05468,Type_17,73.1,2.61,225.2,11.01,2.232,696.7,0
M05469,Type_17,62.72,0.76,219.6,13.96,2.759,477.5,0
M05470,Type_10,59.23,1.94,220.0,13.84,2.74,860.7,0
M05471,Type_07,65.59,1.86,222.7,16.55,3.317,541.3,0
M05472,Type_12,63.36,2.52,226.8,2.65,0.541,829.3,1
M05473,Type_16,48.29,0.42,219.7,16.46,3.255,645.6,0
M05474,Type_09,49.22,0.1,219.5,13.99,2.764,363.6,0
M05475,Type_18,62.09,1.42,227.6,18.53,3.796,863.9,0
M05476,Type_02,57.09,3.59,229.5,7.83,1.617,621.1,1
M05477,Type_20,72.72,2.49,215.4,37.59,7.287,573.0,1
M05478,Type_15,66.66,4.08,223.1,14.97,3.006,497.6,0
M05479,Type_13,59.06,0.24,230.8,14.91,3.097,354.4,0
M05480,Type_07,66.37,1.79,226.6,15.9,3.243,831.9,0
M05481,Type_05,72.45,1.74,224.9,20.15,4.079,349.0,0
M05482,Type_20,53.81,0.1,218.6,12.59,2.477,683.5,0
M05483,Type_01,61.19,0.58,223.8,14.4,2.9,419.7,0
M05484,Type_10,58.84,0.56,219.8,12.93,2.558,854.8,0
M05485,Type_05,57.11,2.34,216.6,10.26,2.0,450.4,0
M05486,Type_14,67.49,1.76,222.3,16.52,3.305,215.3,0
M05487,Type_09,58.94,2.2,219.2,13.48,2.659,262.9,0
M05488,Type_18,49.16,3.41,217.3,15.78,3.086,492.1,0
M05489,Type_23,69.71,1.83,215.8,10.64,2.067,424.9,0
M05490,Type_24,72.85,0.98,221.7,14.96,2.985,815.9,0
M05491,Type_21,65.26,2.93,222.3,7.52,1.505,689.8,1
M05492,Type_08,67.59,1.93,219.2,8.62,1.701,760.5,1
M05493,Type_14,54.09,1.77,200.0,13.93,2.507,106.5,1
M05494,Type_11,66.42,2.53,225.8,10.89,2.213,151.3,0
M05495,Type_05,77.24,2.92,214.5,19.68,3.799,916.1,0
M05496,Type_19,83.95,3.4,221.2,14.67,2.921,258.7,0
M05497,Type_10,55.32,0.91,227.0,16.1,3.289,70.4,0
M05498,Type_15,53.12,0.44,220.5,12.23,2.427,90.3,0
M05499,Type_05,78.14,0.3,221.8,19.09,3.811,306.2,0
M05500,Type_22,53.11,3.72,224.2,13.88,2.801,647.4,0
M05501,Type_06,92.13,1.05,214.7,10.36,2.002,522.7,1
M05502,Type_25,51.72,0.1,215.7,15.08,2.927,80.7,0
M05503,Type_14,67.19,2.94,231.4,14.61,3.043,399.7,1
M05504,Type_03,61.25,2.69,214.4,13.61,2.626,835.4,0
M05505,Type_23,56.44,1.82,219.6,15.24,3.012,911.1,0
M05506,Type_11,65.82,2.68,211.1,6.39,1.214,969.2,1
M05507,Type_09,83.86,3.15,220.2,17.65,3.498,486.5,0
M05508,Type_18,70.9,0.1,223.0,11.01,2.21,799.9,0
M05509,Type_05,69.5,2.36,216.9,14.5,2.831,146.8,0
M05510,Type_11,76.53,4.6,215.9,17.95,3.488,570.3,0
M05511,Type_07,68.13,1.88,221.4,14.69,2.927,356.8,0
M05512,Type_09,118.84,6.84,242.0,35.64,7.762,510.5,1
M05513,Type_19,71.65,1.31,217.1,16.58,3.24,884.1,0
M05514,Type_16,58.71,9.43,224.9,16.19,3.277,292.4,1
M05515,Type_24,72.21,2.86,218.3,10.27,2.018,987.7,0
M05516,Type_15,69.18,2.26,213.7,16.7,3.212,893.7,0
M05517,Type_17,56.55,2.25,219.1,15.2,2.997,295.8,0
M05518,Type_12,75.03,1.66,223.3,17.07,3.431,484.8,0
M05519,Type_23,47.03,2.04,217.4,20.15,3.943,388.8,0
M05520,Type_18,75.44,0.93,220.6,13.86,2.752,825.8,0
M05521,Type_20,60.93,1.51,221.0,21.48,4.272,243.0,0
M05522,Type_13,67.81,3.04,211.8,5.45,1.039,827.7,1
M05523,Type_19,70.94,0.47,216.0,14.19,2.759,70.4,0
M05524,Type_13,74.41,2.67,228.2,16.5,3.389,321.7,0
M05525,Type_02,63.1,2.64,220.2,11.84,2.346,627.4,0
M05526,Type_07,49.45,2.98,213.6,13.02,2.503,499.1,0
M05527,Type_06,84.68,2.28,223.1,14.57,2.926,712.6,1
M05528,Type_04,57.62,2.0,225.9,16.19,3.292,133.7,0
M05529,Type_13,72.27,1.65,220.8,16.27,3.233,525.6,0
M05530,Type_25,84.38,3.08,218.0,18.68,3.665,463.3,0
M05531,Type_18,73.73,0.53,227.3,15.44,3.159,761.1,0
M05532,Type_13,75.36,2.13,210.6,11.66,2.21,774.8,0
M05533,Type_17,83.1,1.71,222.1,14.06,2.81,832.4,0
M05534,Type_24,75.56,3.2,215.1,15.45,2.991,645.9,0
M05535,Type_13,61.35,0.1,220.6,18.94,3.76,917.8,0
M05536,Type_20,60.77,1.86,225.1,14.95,3.029,238.3,0
M05537,Type_23,67.35,1.84,214.9,15.57,3.011,189.6,0
M05538,Type_02,60.83,2.85,218.7,13.32,2.622,328.0,0
M05539,Type_06,93.26,10.74,233.6,48.39,10.174,132.3,1
M05540,Type_08,85.15,1.27,215.6,13.56,2.631,349.3,0
M05541,Type_04,81.41,2.36,214.6,10.77,2.08,609.1,0
M05542,Type_09,76.27,2.38,218.5,14.25,2.802,926.9,0
M05543,Type_25,25.95,2.62,222.8,15.9,3.188,183.4,0
M05544,Type_18,38.85,3.74,225.4,17.05,3.459,82.7,0
M05545,Type_03,75.24,1.95,218.2,12.36,2.427,430.4,0
M05546,Type_10,70.37,2.89,227.6,15.36,3.146,288.9,0
M05547,Type_24,52.94,3.53,217.0,17.03,3.326,290.1,0
M05548,Type_08,88.0,3.76,229.3,14.55,3.003,339.0,0
M05549,Type_18,72.14,0.88,223.2,20.2,4.058,172.8,0
M05550,Type_01,66.39,2.58,217.3,16.98,3.321,80.9,0
M05551,Type_16,50.18,2.43,216.2,10.2,1.985,84.7,0
M05552,Type_17,62.83,1.18,229.0,12.46,2.568,316.2,0
M05553,Type_06,63.12,0.63,213.2,15.6,2.993,199.3,0
M05554,Type_06,72.84,2.4,213.7,13.94,2.681,480.8,0
M05555,Type_10,58.0,1.34,226.3,2.68,0.546,228.3,1
M05556,Type_07,50.27,1.09,218.9,14.66,2.888,952.1,0
M05557,Type_09,50.51,0.7,216.1,8.83,1.717,753.0,1
M05558,Type_20,55.24,2.19,223.5,17.33,3.486,448.6,0
M05559,Type_06,63.46,0.96,218.1,11.16,2.191,871.0,0
M05560,Type_14,67.88,1.17,220.5,15.62,3.1,596.5,0
M05561,Type_16,63.69,1.91,218.9,9.83,1.937,652.3,0
M05562,Type_14,116.21,1.25,222.1,18.17,3.632,757.1,1
M05563,Type_21,56.44,1.82,222.4,15.57,3.116,867.2,0
M05564,Type_05,47.63,2.68,227.3,17.25,3.529,431.8,0
M05565,Type_24,63.18,1.8,217.6,16.2,3.173,243.8,0
M05566,Type_06,84.1,2.06,224.3,9.18,1.853,997.4,0
M05567,Type_11,52.42,0.53,214.3,15.39,2.968,593.4,0
M05568,Type_02,85.75,1.26,216.8,14.41,2.812,525.0,1
M05569,Type_18,49.41,3.54,221.0,18.1,3.6,376.4,0
M05570,Type_07,62.98,1.05,210.9,35.67,6.771,131.5,1
M05571,Type_10,58.79,1.86,220.2,18.5,3.666,437.2,0
M05572,Type_22,83.8,2.02,218.0,15.5,3.041,573.1,0
M05573,Type_15,102.92,9.8,247.5,43.47,9.683,704.1,1
M05574,Type_07,57.14,1.15,220.7,16.82,3.341,576.0,0
M05575,Type_08,84.09,2.59,223.5,22.42,4.51,706.2,0
M05576,Type_03,80.44,3.64,223.0,18.81,3.775,781.7,1
M05577,Type_11,65.88,0.48,220.9,15.92,3.165,696.9,0
M05578,Type_05,57.04,2.39,215.5,17.41,3.377,311.5,0
M05579,Type_19,58.62,1.85,217.5,11.04,2.161,690.9,0
M05580,Type_01,71.57,1.39,222.2,11.18,2.236,532.0,0
M05581,Type_10,65.5,2.36,213.7,17.13,3.295,692.7,0
M05582,Type_20,65.68,3.02,216.0,9.85,1.915,704.3,0
M05583,Type_24,44.71,0.86,221.5,17.47,3.483,870.5,0
M05584,Type_14,56.64,3.53,217.0,19.64,3.836,285.3,0
M05585,Type_24,57.88,1.75,225.5,12.65,2.567,881.7,0
M05586,Type_17,60.98,1.39,218.6,14.65,2.882,327.5,0
M05587,Type_09,89.84,1.94,211.8,12.77,2.434,170.7,0
M05588,Type_19,85.3,0.53,200.0,14.08,2.534,647.3,1
M05589,Type_17,67.77,1.01,221.2,17.01,3.386,168.0,0
M05590,Type_22,69.35,1.68,222.0,16.9,3.377,744.6,0
M05591,Type_12,70.95,0.74,213.8,17.02,3.275,141.7,0
M05592,Type_03,68.87,2.58,216.0,8.98,1.746,82.3,0
M05593,Type_02,51.08,1.22,244.6,12.69,2.794,444.4,1
M05594,Type_17,65.01,2.25,223.5,14.82,2.981,537.6,0
M05595,Type_12,64.39,0.59,224.6,17.64,3.566,136.2,0
M05596,Type_15,54.73,1.17,225.5,16.1,3.267,109.9,0
M05597,Type_03,71.37,2.56,216.5,17.14,3.34,866.8,0
M05598,Type_03,71.71,2.71,222.7,13.03,2.612,89.5,0
M05599,Type_11,62.45,1.74,215.1,18.18,3.519,909.6,0
M05600,Type_23,64.94,1.49,223.3,18.02,3.621,834.8,0
M05601,Type_01,59.71,3.43,222.2,13.99,2.798,863.3,0
M05602,Type_13,58.74,2.0,225.5,16.38,3.324,194.0,0
M05603,Type_06,65.55,2.26,216.3,11.47,2.233,954.9,0
M05604,Type_02,56.48,1.96,225.3,14.75,2.991,175.0,0
M05605,Type_08,65.03,2.78,216.1,13.87,2.698,409.1,0
M05606,Type_16,43.81,2.0,218.7,13.75,2.706,846.9,0
M05607,Type_03,54.97,1.49,221.5,11.13,2.219,615.0,0
M05608,Type_04,63.41,3.0,200.0,9.09,1.636,813.8,1
M05609,Type_18,59.89,1.54,209.4,12.41,2.339,640.3,0
M05610,Type_01,55.7,1.48,223.5,13.65,2.746,985.9,0
M05611,Type_10,64.14,1.39,223.3,15.24,3.063,667.1,0
M05612,Type_19,49.15,2.12,219.8,22.05,4.362,424.1,0
M05613,Type_05,63.85,1.13,229.4,15.2,3.138,78.8,0
M05614,Type_04,66.03,0.96,214.1,19.32,3.723,815.7,0
M05615,Type_11,48.73,1.13,216.0,23.78,4.623,341.7,0
M05616,Type_09,52.74,1.44,215.3,36.54,7.08,523.6,1
M05617,Type_10,58.82,1.86,212.9,14.12,2.706,333.2,0
M05618,Type_12,75.79,2.46,231.0,17.06,3.547,377.5,0
M05619,Type_19,68.06,1.03,216.2,15.52,3.02,113.7,0
M05620,Type_06,65.67,2.52,227.8,15.7,3.219,81.7,0
M05621,Type_14,116.78,8.71,240.1,54.79,11.84,780.8,1
M05622,Type_09,58.68,7.2,212.9,7.79,1.493,351.0,1
M05623,Type_17,70.07,0.68,215.9,12.88,2.503,584.5,0
M05624,Type_17,55.68,1.92,237.3,13.41,2.864,795.0,1
M05625,Type_05,60.94,2.32,219.1,16.28,3.21,196.3,0
M05626,Type_18,53.65,0.97,222.6,15.91,3.187,385.7,0
M05627,Type_12,65.68,3.07,226.6,15.72,3.206,434.0,0
M05628,Type_10,60.3,1.29,214.4,13.86,2.674,835.2,0
M05629,Type_09,61.2,1.46,219.1,13.57,2.676,60.5,0
M05630,Type_25,73.45,1.86,212.3,9.76,1.865,199.3,0
M05631,Type_11,61.35,2.46,219.9,16.49,3.264,543.6,0
M05632,Type_21,71.98,2.77,225.8,15.0,3.048,495.2,0
M05633,Type_17,82.13,2.02,224.7,14.82,2.997,630.9,0
M05634,Type_19,105.53,1.18,221.9,20.35,4.064,405.3,1
M05635,Type_23,55.81,1.82,224.9,16.23,3.285,798.5,0
M05636,Type_18,65.6,2.27,224.8,12.5,2.529,810.1,0
M05637,Type_05,68.58,1.71,222.6,14.53,2.911,545.9,0
M05638,Type_05,70.43,3.01,224.4,18.16,3.668,172.8,0
M05639,Type_14,76.07,1.66,223.2,14.73,2.959,431.8,0
M05640,Type_23,75.37,2.09,227.6,17.02,3.486,780.5,0
M05641,Type_22,68.54,3.33,219.6,10.05,1.986,558.8,0
M05642,Type_21,59.93,2.73,212.3,13.4,2.56,156.1,0
M05643,Type_11,80.52,2.78,223.2,14.36,2.885,480.7,0
M05644,Type_21,70.82,2.28,214.7,9.69,1.872,453.5,1
M05645,Type_16,82.36,2.34,214.9,14.58,2.82,785.8,0
M05646,Type_18,59.39,3.26,216.0,13.34,2.593,871.7,0
M05647,Type_01,57.29,1.69,224.7,15.91,3.217,416.8,0
M05648,Type_15,66.61,3.26,211.5,16.37,3.116,566.9,0
M05649,Type_02,78.12,2.04,220.2,16.84,3.337,871.8,0
M05650,Type_03,71.7,2.92,219.0,18.32,3.611,756.8,0
M05651,Type_08,51.78,1.83,216.8,9.29,1.813,456.9,1
M05652,Type_25,44.9,1.72,220.5,16.51,3.276,979.3,0
M05653,Type_04,54.6,1.61,225.2,12.04,2.44,553.9,0
M05654,Type_08,65.14,2.06,219.9,17.32,3.428,237.3,0
M05655,Type_22,55.27,1.94,212.6,15.51,2.968,807.0,0
M05656,Type_22,47.16,3.52,215.8,15.37,2.985,727.6,0
M05657,Type_08,73.17,3.78,215.0,17.54,3.394,304.7,0
M05658,Type_12,76.86,2.85,223.6,10.88,2.189,998.4,0
M05659,Type_13,57.18,3.83,215.6,13.82,2.682,514.3,0
M05660,Type_09,65.0,2.97,223.5,14.49,2.915,83.6,0
M05661,Type_08,59.54,4.57,221.1,14.12,2.81,278.5,0
M05662,Type_05,56.26,2.23,219.0,14.16,2.791,382.2,0
M05663,Type_04,68.43,1.71,217.1,9.2,1.798,493.8,0
M05664,Type_03,56.87,3.42,237.3,15.77,3.368,405.8,1
M05665,Type_05,66.45,3.54,221.9,13.42,2.68,396.8,0
M05666,Type_04,52.74,1.84,216.6,9.96,1.942,734.1,0
M05667,Type_18,59.39,1.49,215.8,19.17,3.723,653.8,0
M05668,Type_13,70.62,2.29,216.0,14.53,2.825,55.0,0
M05669,Type_21,52.68,1.84,218.2,17.7,3.476,240.5,0
M05670,Type_24,54.91,1.44,221.8,15.55,3.104,834.0,0
M05671,Type_20,89.85,2.87,222.9,14.84,2.977,618.7,0
M05672,Type_08,71.63,11.09,215.4,19.56,3.792,879.2,1
M05673,Type_18,64.21,2.08,218.5,16.58,3.26,656.1,0
M05674,Type_11,60.66,2.6,220.5,16.23,3.221,903.1,0
M05675,Type_25,68.85,2.75,221.5,11.91,2.374,235.3,0
M05676,Type_23,60.17,2.48,241.3,8.66,1.881,856.3,1
M05677,Type_13,76.02,4.25,218.3,15.0,2.947,272.0,0
M05678,Type_02,67.81,2.64,220.2,13.62,2.699,171.3,0
M05679,Type_06,43.26,4.0,227.1,9.86,2.015,733.4,0
M05680,Type_10,59.66,1.19,214.0,9.47,1.824,988.8,0
M05681,Type_12,48.55,1.91,222.4,15.57,3.116,450.0,0
M05682,Type_04,55.64,2.29,217.5,11.64,2.279,628.5,0
M05683,Type_09,63.88,2.13,217.9,11.12,2.181,231.7,0
M05684,Type_07,54.86,3.54,215.0,15.67,3.032,840.6,0
M05685,Type_07,69.49,1.79,213.2,15.36,2.947,515.6,0
M05686,Type_18,63.56,0.65,217.4,17.84,3.491,260.4,0
M05687,Type_01,78.67,0.27,224.9,13.63,2.759,788.5,0
M05688,Type_02,65.34,2.07,218.4,16.25,3.194,315.7,0
M05689,Type_14,69.89,1.97,218.4,17.98,3.534,405.4,0
M05690,Type_01,57.52,1.5,215.5,16.97,3.291,60.0,0
M05691,Type_12,81.86,2.66,219.1,15.43,3.043,699.6,0
M05692,Type_04,62.27,1.87,220.1,13.28,2.631,925.0,0
M05693,Type_15,71.46,1.53,220.3,12.82,2.542,932.4,0
M05694,Type_18,71.15,1.03,219.1,20.62,4.066,306.7,0
M05695,Type_19,66.25,2.43,221.5,16.77,3.343,986.4,0
M05696,Type_18,46.86,1.84,224.1,13.98,2.82,468.1,0
M05697,Type_10,33.78,1.66,213.7,12.18,2.343,308.5,0
M05698,Type_05,75.48,1.99,220.1,10.64,2.108,512.7,0
M05699,Type_20,91.65,2.06,222.5,8.45,1.692,543.0,0
M05700,Type_09,71.61,2.27,212.7,15.03,2.877,257.5,0
M05701,Type_21,42.96,1.59,221.4,7.73,1.54,174.8,1
M05702,Type_09,60.46,2.25,202.2,17.57,3.197,806.9,1
M05703,Type_14,68.33,2.26,221.7,15.06,3.005,882.7,0
M05704,Type_17,36.08,0.77,216.0,12.27,2.385,69.9,0
M05705,Type_16,73.5,1.34,200.0,15.86,2.855,114.2,1
M05706,Type_20,73.31,1.93,206.0,12.13,2.249,636.9,1
M05707,Type_08,57.82,2.43,217.6,16.7,3.271,378.0,0
M05708,Type_11,68.37,1.56,218.7,12.68,2.496,430.7,0
M05709,Type_17,51.68,1.34,231.6,15.51,3.233,828.4,0
M05710,Type_14,63.34,2.57,219.2,14.14,2.79,135.7,0
M05711,Type_15,66.3,3.33,218.9,15.56,3.065,524.3,0
M05712,Type_11,53.7,3.1,215.6,18.86,3.66,257.6,0
M05713,Type_16,64.5,1.53,229.1,15.35,3.165,654.3,0
M05714,Type_09,55.76,2.13,227.5,12.46,2.551,412.5,0
M05715,Type_22,83.16,2.61,224.0,17.0,3.427,194.2,0
M05716,Type_20,57.73,0.1,219.5,7.29,1.44,984.7,0
M05717,Type_24,65.7,2.02,226.7,13.96,2.848,310.9,0
M05718,Type_20,80.01,1.48,220.1,17.14,3.395,958.3,0
M05719,Type_19,55.79,2.5,213.7,17.72,3.408,196.3,0
M05720,Type_11,70.75,1.45,223.6,15.9,3.2,693.4,0
M05721,Type_15,72.93,2.56,215.1,9.89,1.915,779.2,0
M05722,Type_07,76.5,1.77,217.5,15.23,2.981,958.3,0
M05723,Type_07,62.16,1.85,218.8,13.19,2.597,504.1,0
M05724,Type_14,75.99,4.17,225.1,14.59,2.956,820.6,0
M05725,Type_16,72.11,2.1,217.2,14.66,2.866,251.4,0
M05726,Type_19,66.79,8.05,228.0,17.41,3.573,430.6,1
M05727,Type_21,77.01,1.7,213.3,12.77,2.451,669.9,0
M05728,Type_04,75.45,1.87,219.5,17.91,3.538,542.1,0
M05729,Type_09,68.14,1.14,220.4,12.85,2.549,782.2,0
M05730,Type_24,66.74,2.98,212.4,16.65,3.183,465.0,0
M05731,Type_17,73.12,0.27,219.1,15.25,3.007,700.4,0
M05732,Type_16,58.62,3.06,224.5,13.47,2.722,657.5,0
M05733,Type_12,52.68,2.65,213.2,10.42,1.999,565.9,0
M05734,Type_18,77.23,1.89,213.8,18.2,3.502,623.2,0
M05735,Type_01,63.9,2.36,226.3,19.23,3.917,415.7,0
M05736,Type_19,48.31,4.2,209.7,15.13,2.855,828.9,0
M05737,Type_24,80.6,2.29,219.1,16.61,3.275,543.9,0
M05738,Type_14,55.77,2.75,219.2,19.1,3.768,696.5,0
M05739,Type_18,60.15,3.41,217.4,12.15,2.377,767.8,0
M05740,Type_11,38.82,3.18,213.0,13.17,2.525,534.7,0
M05741,Type_09,68.16,2.09,221.1,13.04,2.595,943.0,0
M05742,Type_25,73.73,3.15,218.9,12.94,2.549,724.3,0
M05743,Type_20,81.48,3.33,218.9,15.83,3.119,833.0,0
M05744,Type_17,62.68,0.1,215.9,19.52,3.793,295.4,0
M05745,Type_24,79.88,3.4,225.5,19.12,3.88,805.9,0
M05746,Type_13,56.87,0.1,203.6,16.34,2.994,168.4,0
M05747,Type_22,58.96,1.24,221.9,17.6,3.515,545.0,0
M05748,Type_08,60.14,2.28,215.4,14.63,2.836,203.8,0
M05749,Type_17,55.8,2.47,223.6,12.76,2.568,832.3,0
M05750,Type_02,82.95,7.37,240.6,42.28,9.155,817.7,1
M05751,Type_04,70.11,2.42,216.3,13.8,2.686,514.5,0
M05752,Type_07,74.58,2.71,218.0,13.93,2.733,226.9,0
M05753,Type_16,88.48,0.84,223.6,9.71,1.954,923.5,0
M05754,Type_01,83.43,1.16,231.8,12.08,2.52,526.8,1
M05755,Type_22,60.67,3.48,221.9,12.16,2.428,743.5,0
M05756,Type_23,52.52,3.65,221.6,16.97,3.384,755.4,0
M05757,Type_04,62.82,0.48,223.9,19.1,3.849,626.1,0
M05758,Type_15,64.25,1.13,219.5,10.52,2.078,550.6,0
M05759,Type_23,56.09,1.95,221.5,19.75,3.937,935.2,0
M05760,Type_02,70.49,2.34,220.5,10.33,2.05,256.7,0
M05761,Type_22,57.2,1.94,218.7,2.77,0.545,718.1,1
M05762,Type_14,87.41,3.6,222.7,14.43,2.892,938.9,0
M05763,Type_10,63.98,1.8,216.9,15.51,3.028,382.3,0
M05764,Type_15,74.35,2.1,215.0,17.1,3.309,803.8,0
M05765,Type_02,64.43,1.21,226.8,15.51,3.166,172.0,0
M05766,Type_12,77.35,1.23,221.9,14.02,2.8,305.6,0
M05767,Type_01,74.12,1.28,214.7,15.97,3.086,71.8,0
M05768,Type_06,70.1,2.41,215.0,12.93,2.502,842.5,0
M05769,Type_25,57.76,3.75,215.2,21.48,4.16,428.4,0
M05770,Type_09,59.51,2.9,224.6,18.48,3.736,572.7,0
M05771,Type_23,69.11,2.61,213.9,13.42,2.583,200.5,0
M05772,Type_10,61.41,2.37,222.0,17.96,3.588,837.8,0
M05773,Type_14,73.92,0.99,220.4,8.49,1.684,50.4,0
M05774,Type_04,63.68,0.82,215.9,12.19,2.369,246.2,0
M05775,Type_13,63.42,0.96,216.0,8.8,1.711,204.3,0
M05776,Type_09,121.35,7.19,248.9,34.11,7.641,960.0,1
M05777,Type_23,53.27,1.47,220.2,13.5,2.675,724.3,0
M05778,Type_22,63.23,1.11,218.1,4.83,0.948,883.5,1
M05779,Type_14,68.37,0.72,218.3,14.36,2.821,418.6,0
M05780,Type_22,59.48,2.22,224.3,14.16,2.858,505.1,0
M05781,Type_19,61.12,1.66,222.0,19.43,3.882,949.3,0
M05782,Type_25,69.36,0.74,215.5,16.14,3.13,367.0,0
M05783,Type_05,73.2,1.52,235.4,14.18,3.004,971.5,0
M05784,Type_02,85.92,3.13,218.3,12.52,2.46,803.8,1
M05785,Type_24,52.55,2.07,215.9,13.23,2.571,580.4,0
M05786,Type_20,70.39,2.08,222.2,14.44,2.888,357.3,0
M05787,Type_14,68.09,4.61,219.0,48.03,9.467,357.1,1
M05788,Type_07,56.18,1.68,216.9,17.07,3.332,198.8,0
M05789,Type_06,67.79,2.76,224.0,14.5,2.923,248.8,0
M05790,Type_15,72.38,2.41,222.3,9.3,1.861,338.9,0
M05791,Type_06,61.12,2.97,213.2,20.28,3.891,762.8,0
M05792,Type_09,42.77,0.71,200.0,15.74,2.833,673.2,1
M05793,Type_22,81.87,1.22,219.7,12.86,2.543,75.3,0
M05794,Type_07,76.04,1.45,227.4,12.81,2.622,594.0,0
M05795,Type_02,69.66,3.44,224.4,17.9,3.615,607.8,0
M05796,Type_22,67.02,3.22,218.4,17.08,3.357,352.3,0
M05797,Type_07,61.35,2.48,224.4,13.65,2.757,251.9,0
M05798,Type_23,69.22,1.57,200.0,15.28,2.75,436.6,1
M05799,Type_23,66.26,1.11,225.4,15.05,3.053,594.0,0
M05800,Type_24,60.07,3.32,217.7,19.8,3.879,897.0,0
M05801,Type_11,70.43,2.55,223.8,18.45,3.716,590.3,0
M05802,Type_18,67.98,0.92,222.5,6.63,1.328,747.9,1
M05803,Type_05,78.48,1.18,212.9,11.36,2.177,842.1,0
M05804,Type_24,50.77,1.3,218.3,12.51,2.458,427.8,0
M05805,Type_20,60.53,0.79,214.4,13.56,2.617,657.2,0
M05806,Type_19,67.18,0.42,230.3,15.18,3.146,618.1,0
M05807,Type_17,56.49,1.65,216.7,14.41,2.81,836.7,0
M05808,Type_20,66.04,1.66,217.0,13.69,2.674,834.2,0
M05809,Type_25,61.38,2.55,225.7,13.03,2.647,661.2,0
M05810,Type_01,69.27,1.58,219.0,17.11,3.372,545.8,0
M05811,Type_16,59.73,2.96,218.7,11.83,2.328,614.7,0
M05812,Type_01,50.59,7.08,215.2,10.91,2.113,143.3,1
M05813,Type_23,68.12,2.65,226.5,15.39,3.137,92.4,0
M05814,Type_01,59.43,2.75,223.4,14.43,2.901,421.0,0
M05815,Type_22,73.28,0.89,224.7,15.68,3.171,248.2,0
M05816,Type_25,67.6,0.1,218.7,18.25,3.592,756.2,0
M05817,Type_18,73.47,2.38,212.8,52.25,10.007,560.9,1
M05818,Type_16,55.57,0.23,215.7,14.82,2.877,259.5,0
M05819,Type_06,52.58,0.71,229.7,18.08,3.738,191.5,0
M05820,Type_21,76.35,2.42,220.8,16.51,3.281,257.2,0
M05821,Type_16,71.43,3.5,217.9,17.1,3.353,876.6,0
M05822,Type_24,52.36,2.16,223.4,13.88,2.791,127.1,0
M05823,Type_20,61.47,2.85,215.9,11.96,2.324,867.2,0
M05824,Type_20,78.64,0.87,219.1,3.63,0.716,583.7,1
M05825,Type_06,65.74,1.58,221.3,17.18,3.422,772.4,0
M05826,Type_24,73.83,1.57,215.2,11.68,2.262,635.0,0
M05827,Type_21,83.87,1.14,220.2,16.03,3.177,88.2,1
M05828,Type_07,52.95,2.85,220.4,14.23,2.823,394.1,0
M05829,Type_02,61.96,1.39,214.8,16.74,3.236,164.1,0
M05830,Type_07,75.89,2.52,225.1,15.23,3.085,465.5,0
M05831,Type_10,54.59,3.02,219.8,13.37,2.645,990.7,0
M05832,Type_07,58.55,1.06,217.2,14.99,2.93,976.7,0
M05833,Type_04,54.41,4.08,217.5,19.47,3.811,157.9,0
M05834,Type_18,67.14,2.83,215.2,16.76,3.246,867.0,0
M05835,Type_09,58.33,2.8,218.6,18.91,3.72,96.9,0
M05836,Type_22,62.23,1.64,221.9,10.82,2.161,716.4,0
M05837,Type_15,66.75,1.61,215.9,16.79,3.262,826.1,0
M05838,Type_22,64.3,3.36,216.1,18.21,3.542,242.5,0
M05839,Type_05,70.03,1.7,222.0,13.05,2.607,924.6,0
M05840,Type_09,86.4,3.23,213.9,15.17,2.92,258.9,0
M05841,Type_05,77.98,2.21,217.4,15.61,3.054,799.4,0
M05842,Type_17,65.73,2.85,214.2,14.91,2.874,457.7,0
M05843,Type_04,70.51,2.02,220.1,14.75,2.922,470.6,0
M05844,Type_04,63.99,3.07,219.5,10.93,2.159,880.5,0
M05845,Type_09,63.38,1.64,237.4,13.1,2.799,269.0,0
M05846,Type_21,69.79,1.8,225.8,13.1,2.662,727.5,0
M05847,Type_05,77.9,0.81,220.5,12.27,2.435,570.7,0
M05848,Type_14,51.32,0.69,214.5,12.76,2.463,844.6,0
M05849,Type_01,65.51,2.99,211.0,13.06,2.48,974.8,0
M05850,Type_08,68.89,0.66,217.8,14.76,2.893,846.4,0
M05851,Type_17,60.21,3.43,208.4,15.15,2.842,333.4,0
M05852,Type_02,65.21,0.97,223.1,23.94,4.807,970.2,0
M05853,Type_14,65.53,1.41,218.2,10.14,1.991,424.2,0
M05854,Type_17,67.52,3.06,215.9,18.46,3.587,652.0,0
M05855,Type_13,72.13,1.09,221.2,10.43,2.076,373.2,0
M05856,Type_21,37.66,1.47,228.3,14.58,2.996,775.6,0
M05857,Type_10,62.38,1.73,225.7,11.26,2.287,947.7,0
M05858,Type_10,65.45,1.94,226.6,13.9,2.835,572.5,0
M05859,Type_02,57.0,3.34,215.8,13.24,2.571,582.3,0
M05860,Type_22,71.74,2.9,224.3,14.73,2.974,393.8,0
M05861,Type_24,84.04,1.72,219.4,18.0,3.554,142.8,1
M05862,Type_01,80.25,2.55,220.9,16.7,3.32,777.4,0
M05863,Type_19,66.2,2.99,216.0,14.48,2.815,545.5,0
M05864,Type_08,68.43,2.69,225.4,17.58,3.566,321.3,0
M05865,Type_13,60.34,3.15,220.0,16.62,3.291,893.9,0
M05866,Type_09,66.94,1.31,200.7,13.92,2.514,515.7,1
M05867,Type_21,65.19,1.72,222.9,16.62,3.334,462.3,0
M05868,Type_24,63.81,1.99,216.9,15.85,3.094,511.7,0
M05869,Type_01,63.41,2.58,222.8,10.21,2.047,68.6,0
M05870,Type_03,56.81,2.07,216.9,12.25,2.391,238.1,0
M05871,Type_24,61.25,2.23,232.5,13.18,2.758,668.3,1
M05872,Type_03,63.0,1.64,218.5,16.08,3.162,750.3,0
M05873,Type_03,63.02,2.22,226.0,17.82,3.625,575.0,0
M05874,Type_16,58.14,1.47,209.2,8.56,1.612,316.3,0
M05875,Type_09,56.49,3.54,223.4,20.47,4.116,439.7,0
M05876,Type_22,71.34,4.21,220.9,17.28,3.435,553.4,0
M05877,Type_21,74.21,0.66,223.4,14.27,2.869,325.4,0
M05878,Type_05,58.61,1.4,222.1,16.89,3.376,51.1,0
M05879,Type_14,65.21,2.77,219.9,22.67,4.487,219.8,0
M05880,Type_09,58.81,3.0,219.1,18.12,3.573,689.9,0
M05881,Type_03,76.76,0.6,228.2,19.04,3.91,589.8,0
M05882,Type_17,63.54,4.36,210.1,13.67,2.585,361.5,0
M05883,Type_19,48.57,0.71,223.3,11.94,2.4,378.1,0
M05884,Type_08,107.07,10.41,247.2,59.24,13.18,635.6,1
M05885,Type_19,99.77,0.1,222.4,14.87,2.976,987.2,1
M05886,Type_18,76.69,1.92,221.7,18.22,3.635,84.8,0
M05887,Type_06,70.91,1.02,228.3,11.53,2.369,806.6,0
M05888,Type_09,57.91,1.62,217.9,37.05,7.266,175.1,1
M05889,Type_15,79.38,2.64,210.6,12.97,2.458,926.9,0
M05890,Type_24,54.51,2.52,220.8,9.92,1.971,834.1,0
M05891,Type_11,63.75,2.07,212.9,16.96,3.25,231.5,0
M05892,Type_07,68.17,2.1,220.4,11.58,2.297,831.2,0
M05893,Type_12,50.25,3.11,220.6,15.61,3.099,386.6,0
M05894,Type_04,63.85,2.76,215.0,9.86,1.908,803.8,0
M05895,Type_18,54.65,3.34,216.1,14.76,2.871,977.2,0
M05896,Type_08,74.29,3.52,218.8,12.8,2.521,181.4,0
M05897,Type_08,65.59,1.09,219.8,16.25,3.215,271.0,0
M05898,Type_02,54.28,0.98,209.4,20.28,3.822,808.0,0
M05899,Type_15,66.6,0.48,217.5,10.89,2.132,503.9,0
M05900,Type_19,64.13,2.99,217.7,16.06,3.147,310.9,0
M05901,Type_17,74.01,1.07,221.1,17.32,3.447,407.0,0
M05902,Type_22,69.25,2.3,216.3,14.55,2.832,571.0,0
M05903,Type_01,68.94,4.96,224.2,17.29,3.489,60.2,1
M05904,Type_18,67.47,0.53,221.2,9.77,1.945,210.1,1
M05905,Type_09,54.37,2.27,221.5,14.3,2.851,782.8,0
M05906,Type_14,67.17,1.5,217.4,15.84,3.099,631.2,0
M05907,Type_01,67.29,1.39,215.5,9.01,1.747,116.4,0
M05908,Type_08,68.06,2.99,222.1,21.28,4.254,406.5,0
M05909,Type_17,46.9,1.1,220.4,18.62,3.693,481.0,0
M05910,Type_07,67.61,2.03,217.1,11.13,2.175,608.0,0
M05911,Type_11,54.35,3.93,224.5,16.07,3.247,105.7,0
M05912,Type_12,82.33,0.3,219.7,13.36,2.642,959.8,0
M05913,Type_18,57.28,1.9,219.0,10.9,2.148,201.1,0
M05914,Type_22,71.92,2.08,219.0,9.45,1.863,969.1,0
M05915,Type_04,53.47,2.03,211.3,15.12,2.875,499.6,0
M05916,Type_06,80.04,1.48,224.7,10.64,2.152,106.9,0
M05917,Type_23,71.03,3.14,222.4,13.01,2.604,690.9,0
M05918,Type_20,54.54,1.83,214.0,17.12,3.297,792.2,0
M05919,Type_19,85.49,0.9,211.0,10.59,2.011,397.5,0
M05920,Type_08,84.9,0.88,218.0,12.47,2.447,139.9,0
M05921,Type_18,64.79,1.68,224.0,11.69,2.357,996.1,0
M05922,Type_19,40.68,1.17,216.9,17.18,3.354,954.6,0
M05923,Type_12,68.99,0.59,216.3,13.21,2.572,123.3,0
M05924,Type_01,69.9,0.36,212.7,18.61,3.563,954.5,0
M05925,Type_19,53.66,3.06,221.0,12.45,2.476,883.2,0
M05926,Type_17,59.55,2.61,221.8,15.5,3.094,693.3,0
M05927,Type_05,60.87,4.08,219.9,17.28,3.42,305.9,0
M05928,Type_04,66.68,3.55,217.0,19.14,3.738,364.4,0
M05929,Type_05,77.55,1.24,217.3,12.52,2.449,537.8,0
M05930,Type_06,66.02,1.75,218.8,15.35,3.023,515.9,0
M05931,Type_16,69.42,1.53,218.5,16.55,3.255,256.6,0
M05932,Type_04,66.47,0.4,227.9,14.75,3.025,859.3,0
M05933,Type_13,72.34,3.05,211.1,7.02,1.334,774.5,1
M05934,Type_04,59.68,0.72,212.5,14.35,2.744,325.5,0
M05935,Type_01,68.21,2.28,216.2,16.12,3.137,984.0,0
M05936,Type_10,59.56,3.61,218.1,18.63,3.657,170.3,0
M05937,Type_21,62.81,4.82,220.5,14.56,2.889,864.1,0
M05938,Type_04,34.73,0.1,223.6,21.26,4.278,284.9,0
M05939,Type_10,65.25,0.1,221.9,13.92,2.78,245.3,0
M05940,Type_03,64.2,1.55,230.8,17.69,3.675,349.7,0
M05941,Type_02,68.32,1.32,212.1,13.31,2.541,622.8,0
M05942,Type_20,50.48,1.25,224.2,13.61,2.746,338.8,0
M05943,Type_09,51.33,2.01,224.9,19.08,3.862,848.7,0
M05944,Type_08,62.17,0.54,229.3,9.17,1.892,278.4,1
M05945,Type_07,64.01,2.82,222.5,13.62,2.727,113.4,0
M05946,Type_20,59.53,2.64,217.8,14.41,2.825,892.9,0
M05947,Type_21,82.56,2.57,218.1,14.14,2.776,977.8,0
M05948,Type_08,65.66,1.17,219.7,14.11,2.79,983.8,0
M05949,Type_19,61.68,2.69,214.4,17.74,3.423,222.1,0
M05950,Type_08,70.22,1.32,216.8,13.93,2.718,591.0,0
M05951,Type_17,59.29,2.32,221.7,18.02,3.596,361.8,0
M05952,Type_21,59.83,2.72,222.0,12.29,2.456,841.5,0
M05953,Type_10,88.2,1.34,221.2,17.68,3.52,64.3,0
M05954,Type_21,78.34,2.09,220.6,12.78,2.537,221.5,0
M05955,Type_19,69.45,1.95,220.5,15.76,3.128,160.7,0
M05956,Type_11,66.96,1.83,229.6,12.0,2.48,386.4,0
M05957,Type_23,59.82,3.32,221.4,15.8,3.148,144.8,0
M05958,Type_18,68.34,1.5,212.0,13.91,2.654,440.2,0
M05959,Type_15,60.75,0.76,219.1,12.06,2.378,188.2,0
M05960,Type_22,69.48,1.68,219.4,14.84,2.93,886.8,0
M05961,Type_10,70.96,2.82,219.7,12.0,2.373,170.7,0
M05962,Type_01,70.18,1.58,227.5,12.09,2.475,776.1,0
M05963,Type_24,69.93,2.32,212.2,17.42,3.327,740.2,0
M05964,Type_01,85.02,1.24,216.1,13.52,2.63,525.2,0
M05965,Type_25,74.25,1.25,224.1,15.77,3.181,437.4,0
M05966,Type_05,60.41,1.11,210.9,20.02,3.8,279.9,0
M05967,Type_03,76.06,2.15,220.3,13.38,2.653,400.9,0
M05968,Type_08,74.18,1.35,219.4,16.06,3.171,408.3,0
M05969,Type_03,61.87,2.17,223.4,13.18,2.65,856.3,0
M05970,Type_03,65.75,2.23,220.7,14.01,2.783,302.3,0
M05971,Type_19,61.3,1.36,215.9,55.4,10.765,791.0,1
M05972,Type_22,59.18,1.77,220.0,18.85,3.732,364.4,0
M05973,Type_02,48.23,3.87,214.8,15.19,2.937,545.9,0
M05974,Type_12,74.71,1.23,222.4,12.7,2.542,784.5,0
M05975,Type_16,77.25,1.31,220.6,15.7,3.117,901.6,0
M05976,Type_20,78.53,2.21,217.5,16.1,3.152,959.6,0
M05977,Type_25,48.93,1.52,224.1,12.67,2.555,346.4,0
M05978,Type_10,63.34,1.22,221.2,14.94,2.974,274.6,0
M05979,Type_09,64.12,1.67,219.5,16.91,3.341,837.6,0
M05980,Type_19,85.24,1.82,213.1,13.08,2.509,455.2,0
M05981,Type_06,69.67,2.8,208.0,3.74,0.7,270.0,1
M05982,Type_07,48.99,3.31,219.4,10.18,2.01,543.9,0
M05983,Type_15,46.53,2.85,200.0,9.5,1.71,970.8,1
M05984,Type_03,61.51,2.19,217.5,11.98,2.345,443.2,0
M05985,Type_16,63.44,1.89,216.4,19.51,3.8,799.0,0
M05986,Type_09,64.85,2.96,220.3,20.13,3.991,292.7,0
M05987,Type_07,74.77,0.92,219.9,15.44,3.056,191.7,0
M05988,Type_09,84.2,2.8,219.2,19.21,3.79,812.9,0
M05989,Type_22,68.75,2.61,224.3,13.98,2.822,149.3,0
M05990,Type_15,42.03,2.71,218.1,12.72,2.497,642.4,0
M05991,Type_10,67.11,0.53,228.2,19.53,4.011,823.5,0
M05992,Type_04,63.76,0.1,218.4,13.51,2.656,164.0,0
M05993,Type_18,64.38,1.19,220.8,17.01,3.38,622.9,0
M05994,Type_17,58.1,2.88,224.5,14.7,2.97,107.3,0
M05995,Type_07,66.9,1.99,211.5,14.04,2.673,259.0,0
M05996,Type_13,75.14,0.95,230.5,17.15,3.558,160.8,0
M05997,Type_01,84.68,1.23,223.8,17.96,3.618,929.5,0
M05998,Type_01,47.64,0.24,218.9,11.19,2.205,567.3,0
M05999,Type_16,85.55,2.13,216.3,6.43,1.252,967.9,1
M06000,Type_23,48.99,3.08,223.4,15.0,3.016,270.9,0
M06001,Type_13,65.75,2.21,212.9,19.04,3.648,382.7,0
M06002,Type_04,62.76,0.56,221.6,16.29,3.249,640.0,0
M06003,Type_16,60.92,2.19,215.0,13.46,2.605,153.3,0
M06004,Type_16,55.65,0.82,221.1,19.93,3.966,818.3,0
M06005,Type_06,63.16,1.71,221.6,12.54,2.501,575.4,0
M06006,Type_10,64.08,1.2,228.3,13.59,2.792,760.8,0
M06007,Type_19,99.67,1.01,220.9,19.01,3.779,633.5,1
M06008,Type_25,65.53,0.1,224.9,15.08,3.052,725.7,0
M06009,Type_17,55.68,1.53,227.3,15.95,3.263,270.3,0
M06010,Type_05,68.78,2.16,219.4,14.98,2.958,589.5,0
M06011,Type_19,66.01,3.74,224.9,12.35,2.5,84.8,0
M06012,Type_06,47.2,2.27,225.3,19.52,3.958,376.7,0
M06013,Type_03,59.44,2.0,212.5,16.91,3.234,946.2,0
M06014,Type_14,51.59,2.1,227.3,15.22,3.114,74.0,0
M06015,Type_07,67.94,1.5,232.6,11.01,2.305,666.0,1
M06016,Type_05,78.1,0.98,210.4,15.71,2.975,167.5,0
M06017,Type_01,73.71,1.37,219.6,12.74,2.518,387.9,0
M06018,Type_23,74.03,2.11,215.7,11.71,2.273,611.7,0
M06019,Type_16,74.2,1.35,217.7,15.87,3.109,856.0,0
M06020,Type_12,69.57,2.21,220.2,16.96,3.361,159.1,0
M06021,Type_07,60.76,3.38,217.5,13.33,2.609,802.8,0
M06022,Type_17,82.84,2.8,215.4,10.06,1.95,814.4,0
M06023,Type_13,47.14,2.27,217.9,10.26,2.012,228.5,0
M06024,Type_09,58.51,1.66,220.2,18.07,3.581,842.7,0
M06025,Type_18,71.85,2.34,221.7,9.3,1.856,688.0,1
M06026,Type_06,59.82,1.18,217.1,20.32,3.97,807.1,0
M06027,Type_18,67.53,2.11,216.1,13.15,2.558,103.3,0
M06028,Type_09,62.12,2.62,231.2,5.54,1.153,369.8,1
M06029,Type_14,61.35,1.31,220.8,13.46,2.675,765.4,0
M06030,Type_23,67.83,2.97,224.7,15.17,3.068,946.2,0
M06031,Type_02,62.72,1.75,224.4,17.7,3.575,950.5,0
M06032,Type_12,79.88,3.13,219.0,10.88,2.144,486.3,0
M06033,Type_15,61.16,0.81,227.2,8.6,1.759,530.2,0
M06034,Type_22,71.32,3.23,216.7,13.47,2.627,104.6,0
M06035,Type_24,78.36,2.26,232.0,10.1,2.109,650.9,1
M06036,Type_22,61.49,3.15,226.3,15.27,3.11,880.1,0
M06037,Type_22,65.71,1.46,222.7,14.96,2.998,354.9,0
M06038,Type_09,58.77,1.93,224.7,19.45,3.933,469.8,0
M06039,Type_15,62.58,1.66,226.3,15.08,3.071,630.8,0
M06040,Type_10,43.44,3.04,222.6,13.78,2.761,894.4,0
M06041,Type_04,73.11,0.81,220.5,19.7,3.909,332.1,0
M06042,Type_12,71.08,2.37,208.9,18.88,3.55,812.9,0
M06043,Type_25,69.47,2.05,219.5,15.12,2.987,98.9,0
M06044,Type_16,78.69,3.28,225.8,9.71,1.973,295.5,0
M06045,Type_05,60.35,0.56,218.0,16.16,3.171,718.8,0
M06046,Type_16,68.1,2.29,227.8,15.63,3.204,357.2,0
M06047,Type_11,64.26,2.52,216.2,19.95,3.882,195.6,0
M06048,Type_11,65.32,2.17,220.6,14.29,2.837,84.6,0
M06049,Type_24,58.63,1.67,220.2,9.21,1.825,702.0,0
M06050,Type_23,66.51,2.73,225.9,15.66,3.184,871.3,0
M06051,Type_01,63.78,0.83,222.4,16.78,3.359,301.8,0
M06052,Type_02,58.09,1.99,217.2,13.95,2.727,763.6,0
M06053,Type_15,52.83,0.87,223.9,19.49,3.927,782.0,0
M06054,Type_04,64.64,1.84,221.1,16.78,3.339,846.5,0
M06055,Type_02,54.6,1.25,227.6,16.78,3.437,863.6,0
M06056,Type_11,71.9,3.22,219.2,7.94,1.566,263.7,1
M06057,Type_25,53.72,2.89,218.3,21.13,4.151,877.7,0
M06058,Type_03,57.88,2.2,200.0,15.34,2.761,629.0,1
M06059,Type_11,78.82,3.08,214.8,15.36,2.969,682.0,0
M06060,Type_11,61.55,3.1,220.7,14.6,2.9,144.0,0
M06061,Type_06,61.94,0.29,216.3,16.61,3.233,357.5,0
M06062,Type_23,67.26,3.21,219.6,12.58,2.486,995.7,0
M06063,Type_20,77.36,1.92,211.8,9.28,1.769,780.1,0
M06064,Type_10,72.58,1.81,218.2,13.8,2.71,531.2,0
M06065,Type_04,58.62,2.19,211.0,6.53,1.24,984.4,0
M06066,Type_07,70.5,1.69,223.0,17.03,3.418,419.0,0
M06067,Type_10,72.19,0.8,218.6,16.63,3.272,339.6,0
M06068,Type_19,70.32,2.61,227.4,12.64,2.587,679.7,0
M06069,Type_08,61.97,1.27,228.5,12.54,2.579,870.3,0
M06070,Type_04,42.0,2.69,221.0,42.49,8.451,274.8,1
M06071,Type_23,55.18,2.45,219.3,15.36,3.032,514.1,0
M06072,Type_08,59.12,1.15,220.4,13.7,2.718,535.8,0
M06073,Type_16,60.14,1.36,218.4,13.71,2.695,956.7,0
M06074,Type_01,80.09,2.82,223.6,14.08,2.833,285.6,0
M06075,Type_05,37.85,2.76,215.4,16.68,3.234,452.6,0
M06076,Type_01,78.73,1.75,229.3,21.37,4.41,962.6,0
M06077,Type_17,95.2,0.5,216.0,18.96,3.686,954.6,1
M06078,Type_13,81.31,1.53,225.9,12.97,2.637,200.9,0
M06079,Type_11,68.9,1.28,222.2,16.02,3.204,627.6,0
M06080,Type_23,64.29,1.43,232.7,22.5,4.712,920.8,0
M06081,Type_18,73.71,2.6,216.2,13.26,2.58,440.4,0
M06082,Type_05,65.55,2.82,223.8,19.3,3.887,677.6,0
M06083,Type_11,58.24,3.48,220.4,20.04,3.975,746.3,0
M06084,Type_19,84.74,3.65,217.6,16.43,3.218,345.9,0
M06085,Type_21,72.24,2.09,219.5,17.16,3.39,467.7,0
M06086,Type_05,47.21,2.36,217.6,18.53,3.629,228.2,0
M06087,Type_11,54.48,0.81,219.4,17.67,3.489,70.5,0
M06088,Type_17,66.25,2.36,225.0,9.58,1.94,313.0,0
M06089,Type_17,55.35,2.03,215.1,52.11,10.088,777.2,1
M06090,Type_19,59.79,0.75,222.2,15.23,3.046,899.5,0
M06091,Type_12,81.64,1.83,223.2,10.14,2.037,738.8,0
M06092,Type_24,68.36,1.19,214.8,18.08,3.495,188.9,0
M06093,Type_09,88.43,1.59,220.8,17.99,3.575,106.8,0
M06094,Type_09,74.09,2.55,221.9,17.87,3.569,772.6,0
M06095,Type_24,62.23,1.64,228.4,14.19,2.917,488.4,0
M06096,Type_02,59.63,3.31,222.0,18.27,3.65,765.0,0
M06097,Type_02,56.38,1.23,214.8,8.36,1.616,300.0,1
M06098,Type_13,71.75,2.84,226.4,10.35,2.109,858.3,0
M06099,Type_14,62.1,2.88,219.7,12.6,2.491,510.4,0
M06100,Type_22,45.34,1.86,224.0,15.88,3.201,267.4,0
M06101,Type_11,54.13,1.96,218.2,13.02,2.557,255.0,0
M06102,Type_25,60.0,1.55,225.5,9.88,2.005,429.1,0
M06103,Type_02,56.1,1.64,219.7,13.73,2.715,155.2,0
M06104,Type_18,64.89,1.34,223.3,18.92,3.802,317.2,0
M06105,Type_12,56.1,1.9,200.9,13.29,2.403,883.3,1
M06106,Type_25,62.67,1.64,218.6,16.58,3.262,929.2,0
M06107,Type_21,73.21,1.73,229.8,18.17,3.758,842.5,0
M06108,Type_08,72.75,1.37,221.1,12.88,2.563,543.5,0
M06109,Type_22,59.8,0.46,227.1,13.47,2.753,461.2,0
M06110,Type_10,57.19,1.35,223.9,9.33,1.88,202.6,0
M06111,Type_09,55.15,1.32,220.6,16.07,3.191,908.5,0
M06112,Type_13,71.34,3.1,224.4,11.43,2.308,613.9,0
M06113,Type_02,50.16,1.89,226.0,15.4,3.132,585.2,0
M06114,Type_19,82.05,3.45,216.0,11.69,2.273,762.8,0
M06115,Type_07,66.73,2.92,218.4,13.03,2.561,156.3,0
M06116,Type_13,58.44,1.02,211.0,11.65,2.212,572.1,0
M06117,Type_12,52.44,2.92,227.0,12.8,2.615,899.3,0
M06118,Type_10,81.45,1.83,215.7,22.73,4.413,396.4,0
M06119,Type_13,46.35,1.29,226.2,17.06,3.473,344.7,0
M06120,Type_13,48.24,0.94,220.7,18.08,3.591,844.8,0
M06121,Type_13,70.58,1.96,217.9,12.91,2.532,954.9,0
M06122,Type_23,70.44,2.78,215.2,8.87,1.718,449.3,0
M06123,Type_17,62.56,3.94,223.5,13.27,2.669,815.1,0
M06124,Type_06,62.28,1.58,220.4,12.22,2.424,648.4,0
M06125,Type_25,62.51,2.85,214.8,10.94,2.115,730.9,0
M06126,Type_09,56.2,0.99,209.6,14.35,2.707,517.3,0
M06127,Type_21,70.72,1.4,214.7,16.93,3.271,114.4,0
M06128,Type_17,62.34,2.98,217.7,19.9,3.899,670.6,0
M06129,Type_15,62.23,1.51,227.4,13.98,2.861,793.3,0
M06130,Type_21,77.46,2.95,213.7,14.41,2.771,956.6,0
M06131,Type_17,77.21,2.03,221.5,14.47,2.885,396.8,0
M06132,Type_17,80.84,2.26,224.0,15.62,3.149,70.0,0
M06133,Type_15,69.45,1.86,219.9,17.96,3.554,80.0,0
M06134,Type_21,64.55,1.42,214.1,12.93,2.491,961.2,0
M06135,Type_24,81.57,4.27,218.0,13.09,2.568,65.7,1
M06136,Type_08,86.68,3.32,219.1,16.67,3.287,761.8,0
M06137,Type_03,70.99,2.16,225.8,11.33,2.302,132.8,0
M06138,Type_13,68.36,1.03,213.5,19.58,3.762,344.4,0
M06139,Type_22,79.94,1.63,218.2,2.84,0.558,798.6,1
M06140,Type_22,71.75,2.4,218.9,14.71,2.898,224.3,0
M06141,Type_11,54.49,0.73,219.6,19.38,3.83,830.9,0
M06142,Type_06,77.62,3.26,214.7,13.94,2.694,662.8,0
M06143,Type_09,65.16,2.7,221.6,13.78,2.748,514.8,0
M06144,Type_25,57.31,2.4,210.6,13.31,2.523,909.5,0
M06145,Type_23,58.01,2.42,216.2,13.74,2.674,831.9,0
M06146,Type_05,72.76,1.52,218.6,16.92,3.329,167.5,0
M06147,Type_01,61.77,3.84,213.9,19.12,3.681,366.3,0
M06148,Type_13,73.28,0.25,223.9,16.45,3.315,770.2,0
M06149,Type_05,72.78,0.1,216.8,15.26,2.978,267.7,0
M06150,Type_01,77.16,2.65,220.0,14.54,2.879,157.4,0
M06151,Type_25,78.51,2.99,226.0,15.68,3.189,743.1,0
M06152,Type_12,80.99,1.13,222.5,17.89,3.582,990.2,0
M06153,Type_16,85.93,1.55,215.4,19.08,3.699,228.0,0
M06154,Type_21,82.92,1.72,215.7,42.53,8.256,507.1,1
M06155,Type_18,54.18,1.38,224.1,16.61,3.35,355.4,0
M06156,Type_14,60.0,2.45,223.7,17.84,3.592,679.1,0
M06157,Type_11,67.39,1.94,200.5,19.86,3.584,532.4,1
M06158,Type_11,54.82,1.53,202.4,18.96,3.454,126.4,1
M06159,Type_17,65.68,2.87,221.4,14.56,2.901,440.6,0
M06160,Type_03,60.82,0.91,223.9,8.57,1.727,702.5,0
M06161,Type_06,64.19,2.06,218.1,13.77,2.703,943.8,0
M06162,Type_15,71.02,1.92,226.6,13.47,2.747,144.3,0
M06163,Type_06,57.38,1.81,219.2,14.93,2.945,288.6,0
M06164,Type_22,56.29,2.4,218.0,15.67,3.074,403.2,0
M06165,Type_03,69.06,3.07,221.5,15.12,3.014,555.7,0
M06166,Type_22,54.61,1.85,220.7,39.18,7.782,664.5,1
M06167,Type_12,57.66,0.32,211.6,16.46,3.135,283.9,0
M06168,Type_18,64.63,1.46,222.8,13.99,2.805,530.5,0
M06169,Type_08,62.4,1.53,227.1,17.72,3.622,228.3,0
M06170,Type_20,75.67,2.04,221.0,18.7,3.719,549.7,0
M06171,Type_19,59.29,1.84,228.7,16.71,3.439,596.2,0
M06172,Type_16,59.88,1.47,216.6,15.19,2.961,241.6,0
M06173,Type_03,66.07,2.47,214.9,10.91,2.11,549.7,0
M06174,Type_15,91.05,0.87,224.3,18.03,3.64,894.9,0
M06175,Type_21,67.14,2.31,228.8,18.29,3.766,570.1,0
M06176,Type_19,69.38,1.51,216.3,15.13,2.945,718.5,0
M06177,Type_24,60.91,2.47,224.4,13.27,2.68,369.5,0
M06178,Type_10,53.51,3.17,226.9,15.4,3.145,527.2,0
M06179,Type_17,67.13,1.28,221.0,12.53,2.492,121.2,0
M06180,Type_13,48.74,1.91,228.3,15.93,3.273,772.3,0
M06181,Type_02,73.02,1.58,218.0,15.55,3.051,459.8,0
M06182,Type_16,83.21,2.2,223.9,14.72,2.966,853.8,0
M06183,Type_10,54.18,3.3,222.1,17.69,3.536,626.7,0
M06184,Type_14,65.79,4.01,215.5,10.26,1.99,971.2,0
M06185,Type_24,47.87,2.85,223.5,12.16,2.446,978.8,0
M06186,Type_05,48.82,1.99,222.3,12.46,2.493,225.6,0
M06187,Type_07,65.97,1.25,225.8,16.01,3.254,443.5,0
M06188,Type_12,103.79,5.58,246.9,36.77,8.171,378.4,1
M06189,Type_16,69.59,2.33,213.9,18.26,3.515,487.8,0
M06190,Type_16,54.99,1.75,223.5,18.74,3.77,160.5,0
M06191,Type_12,63.06,0.78,214.4,19.81,3.823,285.9,0
M06192,Type_20,70.22,2.54,215.8,13.34,2.591,247.6,0
M06193,Type_05,73.62,2.04,220.9,11.73,2.332,659.9,0
M06194,Type_04,65.2,3.63,218.0,17.11,3.357,151.6,0
M06195,Type_20,69.67,2.95,212.6,12.62,2.415,683.8,0
M06196,Type_14,80.63,0.94,216.4,16.21,3.157,700.0,0
M06197,Type_25,82.63,1.79,223.6,14.64,2.946,338.7,0
M06198,Type_02,60.08,1.32,225.9,15.03,3.056,637.4,0
M06199,Type_20,68.67,1.2,215.6,16.46,3.194,167.4,0
M06200,Type_23,66.52,1.71,220.5,13.46,2.671,527.3,0
M06201,Type_17,56.0,3.63,222.1,13.38,2.675,560.2,0
M06202,Type_03,51.37,2.73,229.5,14.31,2.956,460.5,0
M06203,Type_09,64.98,2.08,220.6,13.08,2.597,296.6,0
M06204,Type_13,104.83,6.4,251.1,46.45,10.497,727.4,1
M06205,Type_15,56.46,1.34,220.4,18.01,3.572,657.2,0
M06206,Type_15,67.53,2.84,217.7,9.19,1.801,805.8,0
M06207,Type_09,55.47,0.86,221.1,21.39,4.256,637.7,0
M06208,Type_13,64.83,0.1,228.0,16.97,3.482,503.1,0
M06209,Type_09,62.11,1.48,224.5,14.28,2.885,443.4,0
M06210,Type_05,57.32,1.17,218.7,11.99,2.36,963.3,0
M06211,Type_13,47.4,1.9,214.2,14.17,2.732,166.8,0
M06212,Type_15,69.43,1.6,225.0,16.4,3.321,768.4,0
M06213,Type_08,58.27,0.66,216.9,19.73,3.851,496.0,0
M06214,Type_01,74.63,3.58,223.9,15.75,3.174,59.7,0
M06215,Type_10,55.92,1.56,211.8,17.5,3.336,469.0,0
M06216,Type_04,75.96,0.82,218.2,20.59,4.043,625.0,0
M06217,Type_15,62.9,0.75,218.0,19.14,3.755,768.5,0
M06218,Type_12,78.32,1.69,212.6,12.55,2.401,77.9,0
M06219,Type_08,54.87,2.41,200.0,17.53,3.155,472.3,1
M06220,Type_05,56.45,0.24,222.3,17.38,3.477,457.4,0
M06221,Type_09,76.81,1.88,216.7,20.18,3.936,161.3,0
M06222,Type_08,71.85,1.74,225.7,12.81,2.602,61.4,0
M06223,Type_08,72.71,1.71,222.1,11.63,2.325,282.0,0
M06224,Type_18,68.37,1.91,219.3,15.12,2.984,210.6,0
M06225,Type_06,44.27,0.76,220.5,15.47,3.07,556.6,0
M06226,Type_20,70.85,9.02,223.7,18.88,3.801,170.1,1
M06227,Type_24,75.65,1.08,216.7,11.82,2.305,115.7,0
M06228,Type_20,56.01,4.49,214.0,15.61,3.006,753.2,0
M06229,Type_11,54.93,3.33,206.5,13.38,2.487,59.0,0
M06230,Type_23,70.78,3.7,224.4,17.14,3.462,128.9,0
M06231,Type_17,60.81,2.32,219.3,13.55,2.674,552.6,0
M06232,Type_01,70.93,0.71,219.4,11.31,2.233,583.6,0
M06233,Type_05,60.0,3.67,219.3,17.24,3.403,353.5,0
M06234,Type_14,67.14,2.27,217.3,9.69,1.895,401.4,0
M06235,Type_14,57.69,3.28,240.7,18.41,3.988,199.5,1
M06236,Type_12,53.88,1.56,223.3,15.83,3.181,832.4,0
M06237,Type_07,72.95,0.1,220.2,12.19,2.416,392.9,0
M06238,Type_09,68.62,1.97,229.6,12.8,2.645,89.8,0
M06239,Type_24,71.97,1.14,214.1,18.23,3.513,365.9,0
M06240,Type_02,81.61,3.15,218.8,18.5,3.643,496.8,1
M06241,Type_12,78.92,3.6,211.0,19.89,3.777,982.1,0
M06242,Type_02,65.18,2.85,215.6,13.89,2.695,72.6,0
M06243,Type_12,54.98,0.1,222.6,10.31,2.066,746.6,0
M06244,Type_10,67.13,1.61,211.8,10.01,1.908,188.7,0
M06245,Type_16,51.46,2.9,223.7,14.0,2.819,642.1,0
M06246,Type_08,57.63,2.32,224.3,19.22,3.88,751.6,0
M06247,Type_04,82.84,1.76,222.4,13.49,2.7,969.1,1
M06248,Type_15,73.14,3.27,220.4,18.31,3.632,229.9,0
M06249,Type_09,60.9,3.61,219.9,13.4,2.652,850.8,0
M06250,Type_13,71.96,1.81,216.8,15.08,2.942,411.5,0
M06251,Type_03,59.76,1.86,216.9,16.34,3.19,334.5,0
M06252,Type_24,72.33,1.19,220.8,13.81,2.744,399.9,0
M06253,Type_14,48.38,1.83,228.0,17.32,3.554,514.1,0
M06254,Type_07,58.1,0.75,214.8,39.6,7.655,669.7,1
M06255,Type_18,77.21,1.79,219.4,12.87,2.541,446.3,0
M06256,Type_16,76.04,1.3,217.6,16.22,3.177,401.3,0
M06257,Type_07,70.14,3.02,214.4,11.06,2.134,387.1,0
M06258,Type_09,57.12,3.05,222.7,11.83,2.371,173.8,0
M06259,Type_07,64.0,2.43,221.4,14.04,2.798,449.3,0
M06260,Type_20,71.45,4.11,213.2,9.45,1.813,557.5,0
M06261,Type_09,64.69,2.44,215.7,15.25,2.96,748.2,0
M06262,Type_13,49.24,1.08,216.4,7.83,1.525,173.1,0
M06263,Type_09,64.87,2.95,223.7,13.27,2.672,534.3,0
M06264,Type_25,58.28,1.43,216.0,12.31,2.393,768.2,0
M06265,Type_24,71.41,2.16,220.8,15.1,3.001,683.9,0
M06266,Type_05,46.81,0.99,212.3,15.71,3.002,839.3,0
M06267,Type_20,70.49,2.29,220.8,11.02,2.19,57.2,0
M06268,Type_09,74.86,1.43,215.7,17.94,3.483,989.1,0
M06269,Type_20,55.85,0.88,224.6,11.63,2.351,248.6,0
M06270,Type_14,70.07,3.08,218.9,15.03,2.961,791.4,0
M06271,Type_16,64.13,2.1,218.8,14.21,2.798,385.9,0
M06272,Type_23,60.73,3.13,213.2,7.75,1.487,213.9,0
M06273,Type_16,41.29,0.41,218.2,10.39,2.04,597.1,0
M06274,Type_18,71.76,2.76,219.2,23.29,4.595,230.2,0
M06275,Type_18,52.94,6.07,220.9,13.72,2.728,192.7,1
M06276,Type_15,45.83,0.95,210.9,12.45,2.363,599.7,0
M06277,Type_04,54.41,0.29,220.6,12.38,2.458,747.3,0
M06278,Type_02,62.06,1.21,229.2,46.15,9.52,974.1,1
M06279,Type_24,71.73,4.14,216.7,13.61,2.654,955.9,0
M06280,Type_09,76.95,2.86,214.1,16.59,3.197,537.9,0
M06281,Type_17,78.24,2.41,220.4,16.22,3.217,870.9,0
M06282,Type_14,64.56,3.2,217.2,10.16,1.986,695.8,0
M06283,Type_18,80.14,4.28,215.5,17.28,3.351,423.6,0
M06284,Type_15,52.55,3.1,214.3,11.27,2.174,61.6,0
M06285,Type_10,72.28,2.41,228.4,14.32,2.944,850.4,0
M06286,Type_01,74.55,1.21,219.2,15.11,2.981,300.0,0
M06287,Type_06,57.47,3.94,226.1,15.04,3.06,486.3,0
M06288,Type_11,59.8,1.67,224.2,16.34,3.297,500.2,0
M06289,Type_02,78.6,3.74,219.5,12.43,2.456,998.7,0
M06290,Type_13,65.94,0.85,215.9,15.74,3.058,418.4,0
M06291,Type_15,67.65,3.1,217.4,16.86,3.299,135.8,0
M06292,Type_18,77.94,2.53,223.6,14.16,2.85,214.4,0
M06293,Type_02,73.21,4.15,222.2,22.37,4.474,341.5,0
M06294,Type_14,65.81,1.64,215.9,16.5,3.206,400.5,0
M06295,Type_06,60.41,2.5,218.8,44.13,8.69,107.9,1
M06296,Type_22,56.03,0.11,222.4,19.66,3.935,451.7,0
M06297,Type_25,57.75,1.64,223.9,9.46,1.906,80.3,0
M06298,Type_11,76.8,2.51,215.4,8.31,1.611,68.5,1
M06299,Type_13,65.25,3.27,227.8,16.35,3.352,662.5,0
M06300,Type_04,60.78,2.11,221.3,17.83,3.551,558.6,0
M06301,Type_21,59.05,1.86,210.4,46.65,8.834,59.4,1
M06302,Type_13,62.02,2.88,212.4,13.57,2.594,791.3,0
M06303,Type_22,54.91,1.98,216.2,16.84,3.277,162.5,0
M06304,Type_17,50.88,3.78,200.0,17.24,3.103,866.9,1
M06305,Type_03,53.93,1.38,220.8,11.63,2.311,888.4,0
M06306,Type_10,63.56,2.51,218.1,14.49,2.844,985.3,0
M06307,Type_14,69.38,3.98,220.0,15.35,3.039,964.9,0
M06308,Type_05,61.34,1.92,218.8,16.76,3.3,230.4,0
M06309,Type_09,49.78,2.52,217.3,8.53,1.668,467.2,1
M06310,Type_21,80.23,1.79,214.3,19.17,3.697,256.7,0
M06311,Type_08,72.22,2.86,220.1,20.61,4.083,623.7,0
M06312,Type_24,47.35,1.74,215.8,13.17,2.558,454.7,0
M06313,Type_06,54.26,0.7,213.2,14.35,2.753,295.8,0
M06314,Type_10,69.41,3.08,226.9,3.25,0.664,304.7,1
M06315,Type_23,69.03,0.85,222.1,15.96,3.19,461.3,0
M06316,Type_14,79.96,3.0,220.9,10.23,2.034,938.7,0
M06317,Type_05,53.25,2.37,222.5,10.78,2.159,874.9,0
M06318,Type_04,54.68,1.81,219.1,18.03,3.555,382.4,0
M06319,Type_16,54.73,1.35,201.5,14.89,2.7,529.5,1
M06320,Type_03,55.19,0.1,221.9,15.46,3.088,894.6,0
M06321,Type_02,65.57,1.53,218.6,19.29,3.795,115.0,0
M06322,Type_02,81.21,1.18,214.5,13.86,2.676,896.1,1
M06323,Type_20,73.88,2.33,220.5,11.71,2.324,476.9,0
M06324,Type_02,75.22,0.1,217.3,14.34,2.804,563.0,0
M06325,Type_25,54.18,0.56,213.5,6.34,1.218,445.2,1
M06326,Type_07,58.83,2.61,214.4,13.71,2.645,96.6,0
M06327,Type_20,57.65,0.34,236.9,15.52,3.309,860.2,1
M06328,Type_02,75.53,2.3,225.6,12.17,2.471,330.6,0
M06329,Type_12,65.27,3.71,224.5,14.48,2.926,506.6,0
M06330,Type_13,75.05,1.94,225.4,14.42,2.925,691.5,0
M06331,Type_19,66.37,2.85,200.0,19.14,3.445,298.4,1
M06332,Type_06,68.82,3.99,219.3,11.11,2.193,713.4,0
M06333,Type_10,63.86,4.26,226.4,17.03,3.47,229.2,0
M06334,Type_17,52.53,1.91,224.1,9.38,1.892,106.9,0
M06335,Type_12,56.23,1.48,220.6,17.07,3.389,690.1,0
M06336,Type_11,59.12,2.28,221.2,16.14,3.213,762.7,0
M06337,Type_24,74.03,3.41,216.0,18.85,3.664,964.9,0
M06338,Type_10,63.22,2.88,216.7,12.51,2.44,824.7,0
M06339,Type_05,68.9,1.52,228.0,15.97,3.277,664.6,0
M06340,Type_20,63.93,1.75,223.7,14.07,2.833,596.2,0
M06341,Type_03,51.76,1.19,217.9,12.68,2.487,980.9,0
M06342,Type_01,70.21,1.8,226.9,11.82,2.414,949.1,0
M06343,Type_07,61.6,3.46,218.6,14.67,2.886,563.1,0
M06344,Type_07,75.71,4.88,227.8,10.73,2.2,559.7,0
M06345,Type_07,53.42,3.52,221.9,16.9,3.375,834.9,0
M06346,Type_13,65.82,3.3,217.0,16.38,3.199,268.4,0
M06347,Type_23,59.46,1.4,215.1,15.48,2.997,819.7,0
M06348,Type_05,72.44,2.18,224.0,16.09,3.244,235.2,0
M06349,Type_13,57.44,2.26,215.3,12.67,2.455,414.8,0
M06350,Type_11,63.19,3.28,218.2,11.17,2.194,950.8,0
M06351,Type_21,74.54,2.45,218.7,11.02,2.169,187.5,0
M06352,Type_02,42.81,3.28,220.6,21.06,4.181,946.7,0
M06353,Type_02,85.03,3.52,214.0,13.71,2.641,352.4,1
M06354,Type_24,53.05,1.75,218.3,11.38,2.236,97.3,0
M06355,Type_11,64.09,1.58,222.7,14.31,2.868,744.9,0
M06356,Type_07,60.24,2.11,221.1,12.08,2.404,342.1,0
M06357,Type_13,67.01,0.35,215.1,12.97,2.511,219.6,0
M06358,Type_06,65.35,2.41,220.4,5.04,1.0,538.1,1
M06359,Type_15,70.23,1.39,212.5,18.13,3.467,544.9,0
M06360,Type_04,72.26,2.36,221.0,15.98,3.178,977.2,0
M06361,Type_16,74.99,2.39,226.9,13.03,2.661,448.9,0
M06362,Type_22,66.5,3.0,213.6,11.85,2.278,221.2,0
M06363,Type_06,58.81,3.74,220.0,19.0,3.762,998.7,0
M06364,Type_04,58.55,1.91,229.9,11.66,2.413,536.1,0
M06365,Type_22,64.45,2.18,223.1,15.16,3.044,335.9,0
M06366,Type_25,65.27,2.59,220.2,14.63,2.899,279.7,0
M06367,Type_23,70.55,2.04,205.2,17.76,3.28,238.3,0
M06368,Type_22,66.58,1.4,243.1,9.81,2.146,386.9,1
M06369,Type_05,63.16,0.35,215.8,14.39,2.795,509.8,0
M06370,Type_03,71.72,2.57,211.6,11.03,2.101,446.3,0
M06371,Type_14,59.99,2.19,219.9,15.13,2.994,811.8,0
M06372,Type_04,69.73,2.62,214.4,14.26,2.752,602.9,0
M06373,Type_12,80.42,1.53,219.2,15.22,3.003,827.8,0
M06374,Type_11,67.63,2.06,223.4,11.96,2.405,787.1,0
M06375,Type_11,74.14,0.1,217.8,15.14,2.968,144.2,0
M06376,Type_24,63.21,2.06,210.2,17.91,3.388,98.1,0
M06377,Type_20,64.74,2.88,223.5,11.64,2.341,305.7,0
M06378,Type_03,50.84,1.71,214.7,10.67,2.062,139.2,0
M06379,Type_07,69.84,0.1,221.9,11.59,2.315,348.7,0
M06380,Type_11,65.63,2.2,220.1,15.38,3.047,823.4,0
M06381,Type_16,71.17,3.0,224.0,15.3,3.084,453.8,0
M06382,Type_16,114.49,8.0,243.3,49.54,10.848,534.7,1
M06383,Type_10,57.57,1.67,225.8,12.13,2.465,574.9,0
M06384,Type_03,55.49,3.07,220.5,15.77,3.13,259.2,0
M06385,Type_25,41.9,2.4,218.2,16.6,3.26,740.1,0
M06386,Type_24,53.96,0.83,221.2,16.72,3.329,747.9,0
M06387,Type_17,59.99,2.86,218.8,17.24,3.395,903.2,0
M06388,Type_15,56.86,3.47,209.7,21.83,4.12,870.5,1
M06389,Type_10,57.87,1.77,224.3,7.44,1.502,499.3,0
M06390,Type_02,71.96,0.73,218.9,12.59,2.48,337.7,0
M06391,Type_11,55.75,0.97,218.0,14.28,2.802,741.4,0
M06392,Type_16,72.77,1.38,212.6,23.19,4.437,590.2,0
M06393,Type_24,52.95,2.64,213.0,13.5,2.588,580.8,0
M06394,Type_11,60.26,3.16,227.5,56.72,11.613,80.0,1
M06395,Type_05,62.58,3.41,217.2,15.49,3.028,836.5,0
M06396,Type_06,63.82,1.03,224.2,16.0,3.228,141.9,0
M06397,Type_21,68.63,2.49,215.0,18.78,3.634,300.1,0
M06398,Type_14,72.46,1.53,230.4,17.87,3.706,500.4,1
M06399,Type_01,65.01,2.19,214.4,12.91,2.491,663.2,0
M06400,Type_13,110.5,6.58,242.1,45.21,9.851,876.2,1
M06401,Type_11,65.78,1.2,216.7,12.13,2.366,488.8,0
M06402,Type_25,69.43,4.58,219.4,12.65,2.498,901.7,0
M06403,Type_08,66.04,1.01,222.5,16.05,3.214,792.6,0
M06404,Type_24,72.66,2.38,218.1,12.4,2.434,787.7,0
M06405,Type_08,65.92,0.26,212.2,16.17,3.088,72.1,0
M06406,Type_23,79.96,1.92,225.9,14.41,2.93,792.1,0
M06407,Type_10,76.92,2.81,215.2,14.2,2.75,83.1,0
M06408,Type_11,59.58,2.21,214.4,17.88,3.45,355.2,0
M06409,Type_24,78.09,3.53,212.2,16.8,3.208,175.7,0
M06410,Type_04,64.17,2.06,222.3,9.69,1.939,964.2,0
M06411,Type_14,73.4,1.88,223.9,14.48,2.918,227.0,0
M06412,Type_17,49.0,1.04,217.6,17.12,3.353,700.1,0
M06413,Type_11,64.3,0.73,223.4,15.68,3.153,176.6,0
M06414,Type_16,58.15,0.32,216.9,15.42,3.01,852.3,0
M06415,Type_07,83.23,1.09,216.0,17.78,3.456,135.8,0
M06416,Type_15,67.59,1.04,225.4,22.12,4.487,930.5,0
M06417,Type_06,64.73,2.74,222.1,14.32,2.862,738.1,0
M06418,Type_18,55.33,0.59,223.9,14.6,2.942,360.8,0
M06419,Type_19,77.19,0.92,223.9,7.49,1.509,775.6,1
M06420,Type_16,71.31,1.07,215.3,14.35,2.781,175.4,0
M06421,Type_21,83.87,1.57,218.7,11.43,2.25,314.6,1
M06422,Type_08,72.75,1.28,224.0,16.14,3.254,556.5,0
M06423,Type_08,61.85,2.32,212.5,11.24,2.15,652.0,0
M06424,Type_11,52.87,3.8,221.0,10.41,2.071,809.1,0
M06425,Type_19,42.36,1.66,200.0,13.28,2.39,433.0,1
M06426,Type_07,59.23,2.36,216.3,16.04,3.123,392.6,0
M06427,Type_06,82.54,2.78,216.9,12.25,2.391,173.0,0
M06428,Type_02,78.96,1.73,216.5,13.65,2.66,267.9,0
M06429,Type_18,71.18,2.77,219.6,15.81,3.125,122.5,0
M06430,Type_17,73.23,2.2,201.7,13.25,2.405,667.2,1
M06431,Type_07,64.27,10.43,227.8,13.22,2.71,590.7,1
M06432,Type_25,47.88,1.95,217.9,13.4,2.628,165.2,0
M06433,Type_25,81.42,2.17,224.8,11.17,2.26,310.4,0
M06434,Type_11,64.87,1.51,223.2,12.03,2.417,134.7,0
M06435,Type_07,71.95,1.95,227.9,23.81,4.884,699.6,0
M06436,Type_14,55.06,2.6,221.4,17.61,3.509,209.0,0
M06437,Type_05,82.46,0.1,224.9,18.98,3.842,479.6,0
M06438,Type_09,49.82,2.1,206.9,13.78,2.566,147.1,0
M06439,Type_16,58.4,0.1,216.3,19.57,3.81,66.5,0
M06440,Type_16,57.12,2.83,217.0,15.13,2.955,823.7,0
M06441,Type_09,77.46,1.95,213.6,14.37,2.762,743.5,0
M06442,Type_23,52.5,0.37,227.8,14.09,2.889,799.8,0
M06443,Type_18,68.68,3.2,227.0,12.27,2.507,311.5,0
M06444,Type_19,86.39,0.1,218.8,15.66,3.084,947.2,0
M06445,Type_03,82.98,2.12,219.4,17.17,3.39,924.4,1
M06446,Type_02,82.76,1.45,220.7,15.16,3.011,463.2,1
M06447,Type_19,65.72,1.9,221.8,13.77,2.749,954.3,0
M06448,Type_19,65.99,1.29,218.9,14.2,2.798,661.9,0
M06449,Type_22,63.68,2.19,212.4,15.22,2.909,666.5,0
M06450,Type_23,101.96,0.85,226.5,15.71,3.202,234.1,1
M06451,Type_22,73.69,3.09,219.3,18.1,3.572,847.5,0
M06452,Type_01,65.72,1.18,222.0,12.76,2.549,781.2,0
M06453,Type_09,62.31,1.85,214.6,18.57,3.587,747.4,0
M06454,Type_04,63.49,2.38,216.1,17.0,3.306,633.0,0
M06455,Type_04,56.2,1.69,222.5,11.2,2.243,134.3,0
M06456,Type_15,80.29,2.61,220.0,18.61,3.685,556.4,0
M06457,Type_05,76.53,1.4,240.4,16.4,3.548,599.7,1
M06458,Type_07,70.13,0.7,224.0,21.42,4.318,273.6,0
M06459,Type_13,107.55,6.59,242.5,45.63,9.959,475.5,1
M06460,Type_04,65.08,0.97,224.7,10.07,2.036,545.4,0
M06461,Type_20,52.34,1.97,225.8,18.01,3.66,163.2,0
M06462,Type_16,67.3,3.44,219.4,19.85,3.92,262.3,0
M06463,Type_14,63.27,1.52,224.6,15.51,3.135,702.4,0
M06464,Type_21,62.41,2.95,219.2,15.48,3.054,183.6,0
M06465,Type_24,64.06,0.95,219.6,13.13,2.595,956.8,0
M06466,Type_21,56.37,1.2,212.5,10.97,2.098,632.6,0
M06467,Type_03,78.8,2.11,225.7,14.42,2.929,432.9,0
M06468,Type_03,60.58,1.22,219.2,16.75,3.304,382.9,0
M06469,Type_13,66.78,3.3,218.4,45.39,8.922,435.7,1
M06470,Type_02,70.02,1.65,212.3,14.81,2.83,61.5,0
M06471,Type_06,56.1,3.04,217.9,16.49,3.234,544.2,0
M06472,Type_01,73.35,2.03,215.2,13.16,2.549,340.9,0
M06473,Type_10,62.71,2.21,221.3,11.66,2.322,439.8,0
M06474,Type_23,63.88,3.37,232.0,13.01,2.716,974.4,0
M06475,Type_13,64.39,1.61,223.8,12.25,2.467,456.2,0
M06476,Type_11,82.35,1.5,219.7,16.39,3.241,94.0,0
M06477,Type_24,57.1,2.01,222.3,7.48,1.497,305.4,0
M06478,Type_18,77.35,2.85,215.8,18.14,3.523,842.7,0
M06479,Type_18,73.52,3.25,221.1,13.3,2.647,740.9,0
M06480,Type_19,52.95,0.1,223.8,51.19,10.311,470.0,1
M06481,Type_04,39.66,0.38,217.5,14.28,2.795,749.0,0
M06482,Type_17,71.57,3.51,229.2,11.36,2.343,215.5,0
M06483,Type_07,71.14,2.53,226.3,6.18,1.259,152.9,1
M06484,Type_24,53.88,2.1,221.4,13.39,2.668,562.2,0
M06485,Type_16,84.42,1.78,220.9,14.99,2.98,524.6,0
M06486,Type_25,72.66,0.7,215.5,13.99,2.713,768.4,0
M06487,Type_22,62.14,0.55,222.9,17.61,3.533,682.5,0
M06488,Type_08,81.61,2.34,216.5,16.69,3.252,964.3,0
M06489,Type_21,59.49,0.1,221.0,16.28,3.238,582.6,0
M06490,Type_19,52.34,2.95,209.8,11.81,2.23,783.7,0
M06491,Type_25,44.52,2.12,225.6,12.41,2.52,628.8,0
M06492,Type_15,85.97,1.5,224.6,12.22,2.47,759.6,0
M06493,Type_09,66.04,0.1,242.3,15.4,3.358,839.5,1
M06494,Type_25,58.97,2.01,219.8,11.67,2.309,557.3,0
M06495,Type_04,59.94,3.24,221.1,10.04,1.998,268.0,0
M06496,Type_21,69.56,4.59,210.3,13.52,2.559,952.6,0
M06497,Type_01,48.87,0.1,221.0,20.87,4.151,636.4,0
M06498,Type_19,50.66,2.63,211.8,15.08,2.875,813.9,0
M06499,Type_24,62.23,0.1,218.9,17.02,3.353,602.3,0
M06500,Type_17,63.82,0.74,217.3,14.17,2.771,245.9,0
M06501,Type_09,56.8,2.33,219.2,18.98,3.744,981.7,0
M06502,Type_01,49.61,0.75,222.9,13.09,2.626,549.5,0
M06503,Type_10,92.67,2.0,244.9,12.14,2.676,827.9,1
M06504,Type_12,45.25,3.46,211.0,11.9,2.26,744.3,0
M06505,Type_02,46.46,0.47,221.6,21.54,4.296,972.4,0
M06506,Type_10,63.97,2.48,219.8,52.45,10.376,396.1,1
M06507,Type_08,62.92,2.63,243.2,15.34,3.358,382.8,1
M06508,Type_16,61.94,2.61,216.6,18.27,3.562,550.2,0
M06509,Type_25,60.67,2.34,217.1,12.47,2.437,829.5,0
M06510,Type_23,100.97,12.61,241.6,55.29,12.022,141.9,1
M06511,Type_24,91.35,1.21,221.1,15.25,3.035,129.8,1
M06512,Type_10,71.53,3.02,216.0,18.61,3.618,607.5,0
M06513,Type_01,54.76,2.17,221.1,15.28,3.041,262.9,0
M06514,Type_19,103.97,2.71,228.8,10.61,2.185,568.8,1
M06515,Type_18,67.31,4.05,242.9,19.09,4.173,531.1,1
M06516,Type_19,41.56,1.63,230.1,15.6,3.231,670.6,0
M06517,Type_05,52.22,2.26,211.3,16.85,3.204,923.0,0
M06518,Type_18,67.25,1.86,222.8,16.4,3.289,604.1,0
M06519,Type_22,62.25,4.0,220.6,17.5,3.474,278.0,0
M06520,Type_14,63.43,0.98,220.8,3.28,0.652,329.1,1
M06521,Type_04,64.26,1.95,224.9,18.76,3.797,422.3,0
M06522,Type_02,72.84,1.03,216.3,15.83,3.082,443.8,0
M06523,Type_05,64.09,2.38,213.0,14.32,2.745,298.5,0
M06524,Type_13,59.93,1.9,216.0,20.59,4.003,937.7,0
M06525,Type_08,70.38,2.65,219.2,13.46,2.655,542.1,0
M06526,Type_06,65.75,0.76,215.1,14.37,2.782,128.7,0
M06527,Type_25,61.62,2.79,224.1,15.91,3.209,850.9,0
M06528,Type_17,65.38,1.98,221.0,10.52,2.092,821.9,0
M06529,Type_06,67.97,10.31,222.7,12.81,2.568,602.0,1
M06530,Type_03,80.2,0.1,212.2,9.66,1.845,892.1,1
M06531,Type_12,65.84,0.7,214.8,16.51,3.192,529.0,0
M06532,Type_01,72.29,2.79,213.3,16.14,3.098,75.5,0
M06533,Type_03,66.68,3.03,222.1,14.83,2.964,849.6,0
M06534,Type_08,72.7,1.45,215.8,12.32,2.393,540.3,0
M06535,Type_18,74.17,2.14,214.3,12.62,2.434,786.0,0
M06536,Type_14,59.03,3.89,226.0,11.43,2.325,55.9,0
M06537,Type_05,71.63,3.61,220.6,18.43,3.659,104.3,0
M06538,Type_07,67.84,4.66,224.7,10.98,2.22,824.5,0
M06539,Type_05,73.23,1.64,226.9,5.68,1.16,143.2,1
M06540,Type_22,61.57,2.93,217.2,15.25,2.981,434.3,0
M06541,Type_24,59.46,11.85,221.1,14.51,2.887,823.7,1
M06542,Type_01,58.54,0.99,212.0,9.96,1.9,570.4,0
M06543,Type_04,70.3,1.81,229.0,12.44,2.564,157.3,0
M06544,Type_15,67.64,1.27,220.1,12.37,2.45,979.8,0
M06545,Type_05,60.8,3.29,217.0,17.13,3.345,857.6,0
M06546,Type_10,63.9,2.4,224.3,17.42,3.517,203.8,0
M06547,Type_09,73.82,2.78,220.2,16.04,3.179,305.3,0
M06548,Type_01,71.48,2.73,218.1,10.82,2.124,56.8,0
M06549,Type_04,51.57,1.35,202.9,12.12,2.213,797.3,1
M06550,Type_25,81.26,2.63,216.0,16.76,3.258,804.1,0
M06551,Type_18,45.28,1.74,214.5,14.0,2.703,508.7,0
M06552,Type_12,56.39,2.52,217.1,8.25,1.612,223.4,0
M06553,Type_17,66.82,1.34,216.3,11.56,2.25,545.3,0
M06554,Type_14,56.82,1.7,214.9,12.2,2.36,383.3,0
M06555,Type_05,69.11,2.62,220.5,9.92,1.969,335.2,0
M06556,Type_25,80.04,2.04,224.4,15.95,3.221,228.0,0
M06557,Type_07,80.38,3.3,220.7,13.45,2.672,941.5,0
M06558,Type_21,63.17,2.83,213.4,17.68,3.396,508.9,0
M06559,Type_09,67.32,1.41,229.5,15.28,3.156,826.8,0
M06560,Type_05,75.2,3.18,214.0,16.71,3.218,119.2,0
M06561,Type_01,72.71,0.79,220.4,14.13,2.803,90.5,0
M06562,Type_21,63.98,4.68,215.1,12.5,2.42,151.2,0
M06563,Type_06,85.39,1.55,225.3,15.35,3.113,155.7,1
M06564,Type_21,48.31,1.74,222.2,15.57,3.114,798.8,0
M06565,Type_10,47.61,2.72,214.6,20.18,3.898,703.6,0
M06566,Type_12,38.68,5.36,222.6,14.71,2.947,426.7,1
M06567,Type_18,61.13,2.58,217.8,11.54,2.262,259.3,0
M06568,Type_01,65.79,2.98,219.7,14.72,2.911,182.1,0
M06569,Type_04,54.27,2.29,216.5,13.05,2.543,57.9,0
M06570,Type_07,83.85,3.31,222.1,15.52,3.102,406.2,0
M06571,Type_15,48.35,12.18,221.1,15.93,3.17,170.8,1
M06572,Type_02,65.94,1.33,235.2,5.88,1.245,498.8,1
M06573,Type_06,58.61,12.32,217.3,14.92,2.918,443.1,1
M06574,Type_07,52.47,2.63,215.2,13.66,2.646,242.6,0
M06575,Type_16,54.23,2.58,217.9,16.0,3.138,838.4,0
M06576,Type_14,49.88,1.23,218.6,15.41,3.032,882.4,0
M06577,Type_20,61.62,3.07,219.0,15.75,3.104,152.8,0
M06578,Type_04,71.97,0.38,218.7,10.69,2.104,595.3,0
M06579,Type_21,64.75,1.35,220.3,13.95,2.766,367.1,0
M06580,Type_14,57.31,2.3,217.3,14.48,2.832,487.6,0
M06581,Type_01,74.87,2.53,221.1,7.59,1.51,245.8,0
M06582,Type_03,92.56,1.03,225.0,13.87,2.809,411.3,1
M06583,Type_03,69.56,2.7,212.8,6.57,1.258,117.3,0
M06584,Type_11,63.72,2.55,223.6,17.41,3.504,736.0,0
M06585,Type_15,70.9,1.32,224.6,9.4,1.9,892.8,0
M06586,Type_15,72.75,2.37,228.1,16.24,3.334,762.2,0
M06587,Type_02,75.58,1.2,222.6,12.87,2.578,991.1,0
M06588,Type_09,69.65,0.68,216.2,16.31,3.174,485.1,0
M06589,Type_22,78.54,1.77,219.0,12.72,2.507,752.0,0
M06590,Type_04,59.21,1.8,222.9,16.77,3.364,178.6,0
M06591,Type_21,60.41,2.24,225.6,13.61,2.763,526.7,0
M06592,Type_08,67.07,1.74,224.3,18.39,3.712,984.2,0
M06593,Type_21,67.45,3.46,224.9,16.54,3.348,509.4,0
M06594,Type_18,58.66,2.38,226.2,16.85,3.43,836.0,0
M06595,Type_04,63.51,2.2,217.4,13.35,2.612,758.1,0
M06596,Type_14,66.71,1.93,217.6,10.57,2.07,634.3,0
M06597,Type_17,65.76,3.24,221.7,16.84,3.36,108.4,0
M06598,Type_07,84.11,0.85,228.2,10.85,2.228,241.4,0
M06599,Type_12,61.78,3.21,220.1,12.74,2.524,602.5,0
M06600,Type_20,67.21,1.42,222.9,8.5,1.705,239.9,0
M06601,Type_01,78.34,2.31,219.4,14.08,2.78,488.8,0
M06602,Type_21,42.88,3.56,234.5,14.57,3.075,477.0,1
M06603,Type_11,73.54,1.32,222.7,11.83,2.371,740.0,0
M06604,Type_16,55.65,1.11,219.2,18.91,3.731,914.6,0
M06605,Type_11,72.3,1.47,222.2,18.85,3.77,563.9,0
M06606,Type_02,80.38,1.28,222.6,11.6,2.324,559.0,1
M06607,Type_01,51.77,2.99,211.0,18.66,3.544,521.3,0
M06608,Type_24,54.93,1.2,209.1,18.64,3.508,471.2,0
M06609,Type_08,65.38,2.03,222.2,14.49,2.898,184.7,0
M06610,Type_03,69.87,1.72,207.8,14.44,2.701,909.1,1
M06611,Type_02,47.46,1.7,216.8,17.33,3.381,281.5,0
M06612,Type_07,72.43,1.79,222.6,18.13,3.632,797.5,0
M06613,Type_18,68.66,1.41,218.7,15.96,3.141,582.7,0
M06614,Type_13,74.83,2.53,218.5,14.34,2.82,811.6,0
M06615,Type_23,74.04,1.46,200.0,18.9,3.402,834.9,1
M06616,Type_23,55.71,0.9,217.4,16.86,3.299,312.2,0
M06617,Type_02,51.4,2.96,222.3,18.88,3.777,679.6,0
M06618,Type_02,63.02,1.14,219.8,15.38,3.042,117.8,0
M06619,Type_21,76.15,0.78,209.8,13.81,2.608,382.3,0
M06620,Type_15,52.76,2.35,222.3,17.81,3.563,855.2,0
M06621,Type_23,59.22,1.74,219.2,14.18,2.797,558.1,0
M06622,Type_01,70.08,1.52,218.4,12.52,2.461,489.3,0
M06623,Type_23,52.67,3.53,226.1,17.34,3.529,928.0,0
M06624,Type_16,83.37,0.88,218.6,17.01,3.347,316.3,0
M06625,Type_08,73.53,3.05,222.3,19.63,3.927,111.6,0
M06626,Type_13,54.92,1.87,224.1,13.98,2.82,664.0,0
M06627,Type_16,61.71,2.11,210.7,16.25,3.081,322.9,0
M06628,Type_06,63.87,1.57,211.8,14.71,2.804,217.7,0
M06629,Type_08,55.39,1.63,224.6,15.21,3.075,186.0,0
M06630,Type_22,86.44,3.65,216.9,13.01,2.54,586.5,0
M06631,Type_10,84.78,1.4,221.1,9.41,1.872,574.4,0
M06632,Type_02,64.74,1.49,227.0,16.13,3.295,675.3,0
M06633,Type_11,65.01,1.72,226.9,11.11,2.269,157.4,0
M06634,Type_01,67.26,3.04,221.8,6.99,1.395,55.5,0
M06635,Type_12,67.34,2.79,223.7,15.46,3.113,875.4,0
M06636,Type_19,66.0,1.73,219.2,12.42,2.45,482.3,0
M06637,Type_14,67.36,1.14,219.7,12.74,2.519,406.6,0
M06638,Type_24,64.91,5.62,220.6,21.04,4.177,678.5,0
M06639,Type_05,97.07,1.05,219.7,16.74,3.31,188.1,0
M06640,Type_20,65.45,2.03,222.3,18.26,3.653,735.5,0
M06641,Type_09,63.14,2.32,218.2,11.91,2.339,985.1,0
M06642,Type_14,118.4,7.88,243.2,53.95,11.809,623.1,1
M06643,Type_17,53.39,2.02,224.5,20.79,4.201,108.0,0
M06644,Type_24,58.73,3.68,213.9,12.23,2.354,516.8,0
M06645,Type_11,81.55,3.32,221.8,14.42,2.879,705.5,0
M06646,Type_02,71.06,1.32,221.5,15.34,3.058,83.2,0
M06647,Type_12,61.15,0.1,226.0,14.97,3.045,261.2,0
M06648,Type_22,69.03,3.32,222.8,14.51,2.91,924.7,0
M06649,Type_11,77.7,1.78,215.8,12.98,2.521,383.2,0
M06650,Type_02,70.53,1.65,222.7,15.17,3.041,64.7,0
M06651,Type_13,69.62,2.51,222.6,17.13,3.432,812.3,0
M06652,Type_09,65.57,2.58,225.7,16.47,3.346,361.7,0
M06653,Type_06,67.74,1.12,225.9,14.24,2.895,824.5,0
M06654,Type_16,82.5,3.86,217.6,15.86,3.106,759.0,0
M06655,Type_19,59.18,3.76,221.5,13.55,2.701,935.6,0
M06656,Type_11,70.32,1.31,213.7,14.31,2.752,648.9,0
M06657,Type_22,111.86,7.14,239.9,42.92,9.267,258.0,1
M06658,Type_13,67.27,1.54,229.1,12.38,2.553,830.1,0
M06659,Type_02,85.72,8.38,245.8,41.59,9.201,913.8,1
M06660,Type_24,59.69,2.33,218.5,18.51,3.64,98.5,0
M06661,Type_10,68.64,3.98,217.1,17.3,3.38,598.9,0
M06662,Type_17,53.83,2.43,209.5,15.64,2.949,284.3,0
M06663,Type_12,62.71,0.98,230.0,17.55,3.633,161.4,0
M06664,Type_12,59.25,3.14,229.4,11.44,2.362,287.6,0
M06665,Type_21,62.61,2.37,216.3,10.87,2.116,657.7,0
M06666,Type_08,59.21,2.37,221.0,18.35,3.65,991.2,0
M06667,Type_14,69.29,2.13,210.5,14.91,2.825,637.2,0
M06668,Type_06,77.07,1.48,224.3,14.79,2.986,197.3,0
M06669,Type_15,89.26,1.2,224.3,15.07,3.042,133.4,0
M06670,Type_22,83.73,2.38,216.1,13.66,2.657,719.8,0
M06671,Type_14,64.88,2.9,218.8,10.49,2.066,992.2,0
M06672,Type_19,65.32,0.19,218.3,18.36,3.607,386.7,0
M06673,Type_07,56.77,2.72,218.4,14.44,2.838,521.6,0
M06674,Type_04,63.02,3.1,223.0,11.91,2.39,317.1,0
M06675,Type_22,68.3,0.87,218.1,18.59,3.649,947.0,0
M06676,Type_03,54.18,0.83,224.4,13.13,2.652,735.7,0
M06677,Type_18,72.4,2.01,222.3,19.55,3.911,791.4,0
M06678,Type_05,61.4,1.46,224.1,14.23,2.87,865.3,0
M06679,Type_20,59.63,1.65,214.9,14.21,2.748,920.2,0
M06680,Type_25,61.31,2.1,219.2,14.38,2.837,710.8,0
M06681,Type_25,57.77,2.75,228.4,12.7,2.611,86.7,0
M06682,Type_12,72.82,2.72,220.4,15.76,3.126,139.6,0
M06683,Type_21,60.2,1.03,221.3,14.99,2.986,72.1,0
M06684,Type_08,59.58,1.61,231.0,15.66,3.256,316.9,0
M06685,Type_13,70.38,0.57,228.1,19.13,3.927,869.7,0
M06686,Type_02,74.39,1.21,210.4,12.74,2.412,249.9,0
M06687,Type_03,50.46,1.57,221.3,11.91,2.372,421.7,0
M06688,Type_05,77.0,4.46,229.3,20.2,4.169,349.8,0
M06689,Type_24,76.86,2.96,208.0,20.67,3.869,431.2,0
M06690,Type_07,70.75,3.3,214.6,12.03,2.323,132.6,0
M06691,Type_07,61.4,2.81,222.3,14.4,2.881,788.0,0
M06692,Type_11,97.87,2.39,215.5,18.86,3.658,968.6,1
M06693,Type_20,47.69,2.33,221.1,2.49,0.495,943.9,1
M06694,Type_02,73.9,2.91,228.3,12.89,2.649,410.9,0
M06695,Type_14,69.83,3.5,225.2,18.33,3.715,711.8,0
M06696,Type_11,86.27,1.47,229.1,13.89,2.864,252.7,0
M06697,Type_09,61.54,1.93,210.4,14.36,2.719,216.9,0
M06698,Type_20,76.55,1.13,215.8,17.88,3.473,355.6,0
M06699,Type_07,63.61,3.06,225.9,8.44,1.716,376.9,1
M06700,Type_21,59.87,2.42,218.3,15.79,3.102,316.8,0
M06701,Type_21,43.04,1.11,220.6,16.64,3.304,97.5,0
M06702,Type_20,62.81,1.53,228.6,16.7,3.436,107.2,0
M06703,Type_14,73.84,2.4,215.9,16.28,3.163,794.1,0
M06704,Type_17,94.82,7.34,242.8,51.55,11.265,328.8,1
M06705,Type_13,83.29,3.71,242.8,17.87,3.905,891.1,1
M06706,Type_18,78.31,2.52,223.6,18.11,3.644,524.0,0
M06707,Type_01,111.77,3.4,215.6,15.47,3.002,474.4,1
M06708,Type_22,58.45,1.37,222.4,15.1,3.022,612.2,0
M06709,Type_11,63.72,2.67,222.2,15.93,3.186,971.4,0
M06710,Type_25,64.33,0.87,212.4,16.21,3.099,999.3,0
M06711,Type_06,64.7,0.66,216.0,16.29,3.167,398.8,0
M06712,Type_18,59.17,0.25,222.1,15.04,3.006,514.8,0
M06713,Type_15,79.53,2.13,218.4,12.05,2.369,831.4,0
M06714,Type_01,61.78,1.29,220.8,14.2,2.822,676.5,0
M06715,Type_01,65.07,2.66,212.3,4.85,0.927,70.2,1
M06716,Type_12,49.47,1.85,200.0,11.45,2.061,445.0,1
M06717,Type_22,66.83,1.83,214.8,15.84,3.062,141.4,0
M06718,Type_25,68.46,2.28,230.0,15.8,3.271,616.6,0
M06719,Type_08,53.73,1.63,215.8,17.47,3.393,487.9,0
M06720,Type_25,85.44,0.11,214.7,14.44,2.79,472.1,0
M06721,Type_14,57.28,1.46,213.5,13.86,2.663,58.1,0
M06722,Type_24,58.09,2.8,224.1,8.12,1.638,880.5,0
M06723,Type_13,59.89,1.22,212.5,11.04,2.111,942.7,0
M06724,Type_13,70.26,1.81,223.3,13.3,2.673,917.0,0
M06725,Type_20,58.71,0.9,220.5,14.45,2.868,632.5,0
M06726,Type_22,52.15,0.1,212.0,12.05,2.299,734.8,0
M06727,Type_01,60.24,3.17,226.5,58.1,11.844,841.2,1
M06728,Type_08,75.82,0.1,213.4,22.67,4.354,904.8,0
M06729,Type_08,64.19,1.33,230.6,19.18,3.981,318.2,0
M06730,Type_19,72.4,9.04,223.7,19.44,3.914,523.8,1
M06731,Type_10,61.8,2.38,214.0,17.38,3.347,539.6,0
M06732,Type_14,63.11,1.52,237.7,18.56,3.971,915.5,1
M06733,Type_13,76.3,2.35,220.7,15.0,2.979,622.7,0
M06734,Type_25,68.84,0.88,220.5,15.42,3.06,815.0,0
M06735,Type_04,61.07,3.94,219.5,17.69,3.495,695.8,0
M06736,Type_07,59.15,1.65,209.8,15.07,2.846,549.4,0
M06737,Type_13,54.92,0.72,217.8,8.61,1.688,243.6,0
M06738,Type_16,72.56,2.91,241.5,16.99,3.693,952.8,1
M06739,Type_10,65.13,1.65,216.4,20.42,3.977,107.0,0
M06740,Type_24,68.93,0.1,224.9,17.34,3.51,604.9,0
M06741,Type_07,61.91,0.86,221.7,12.97,2.588,311.1,0
M06742,Type_10,62.79,1.62,217.5,17.51,3.428,363.2,0
M06743,Type_11,58.25,2.82,215.9,16.91,3.286,794.5,0
M06744,Type_17,51.22,3.18,207.3,17.62,3.287,645.5,0
M06745,Type_18,55.59,1.47,227.3,13.16,2.692,457.5,0
M06746,Type_23,58.26,2.08,222.4,13.91,2.784,156.9,0
M06747,Type_08,78.63,3.01,216.6,14.46,2.819,847.9,0
M06748,Type_20,85.95,3.66,203.5,14.08,2.579,624.1,1
M06749,Type_18,70.49,1.22,221.7,11.05,2.205,177.3,0
M06750,Type_14,64.08,0.1,225.7,15.85,3.22,876.8,0
M06751,Type_02,55.65,2.57,221.5,15.08,3.006,637.6,0
M06752,Type_04,69.99,0.68,220.9,11.38,2.262,437.4,0
M06753,Type_07,62.13,2.1,200.0,18.01,3.242,684.5,1
M06754,Type_01,75.53,2.71,220.3,14.05,2.786,846.6,0
M06755,Type_21,66.39,0.63,219.3,15.96,3.15,916.2,0
M06756,Type_17,63.56,2.27,221.2,12.64,2.516,301.2,0
M06757,Type_03,57.59,2.8,218.1,19.29,3.786,533.4,0
M06758,Type_14,52.83,2.73,218.3,16.2,3.183,870.0,0
M06759,Type_17,73.2,2.19,225.2,15.85,3.212,924.5,0
M06760,Type_02,61.7,1.24,216.0,14.7,2.858,248.5,0
M06761,Type_17,66.16,2.21,220.1,16.71,3.31,154.6,0
M06762,Type_18,59.91,2.13,212.0,12.77,2.437,386.1,0
M06763,Type_12,65.5,3.21,218.6,12.7,2.499,517.3,0
M06764,Type_22,60.8,2.59,221.4,14.42,2.873,884.4,0
M06765,Type_20,60.53,2.44,215.0,17.72,3.429,963.6,0
M06766,Type_20,71.57,3.66,218.4,16.39,3.222,140.8,0
M06767,Type_18,69.46,4.02,210.4,17.45,3.304,204.9,0
M06768,Type_01,52.74,0.11,220.3,13.4,2.657,464.8,0
M06769,Type_05,60.78,2.91,220.4,12.25,2.43,491.4,0
M06770,Type_22,54.57,1.52,222.5,20.42,4.089,190.3,0
M06771,Type_21,64.76,0.63,225.3,11.65,2.362,346.7,0
M06772,Type_23,71.96,2.34,222.5,19.05,3.815,598.0,0
M06773,Type_06,67.28,1.89,221.2,13.74,2.735,949.1,0
M06774,Type_19,64.36,2.64,226.3,17.49,3.562,598.9,0
M06775,Type_25,47.82,2.07,228.7,13.9,2.861,722.9,0
M06776,Type_09,69.51,1.1,226.5,19.18,3.91,968.2,0
M06777,Type_11,66.28,1.18,219.6,17.59,3.476,133.9,0
M06778,Type_15,74.22,4.27,223.6,13.4,2.697,895.9,0
M06779,Type_14,67.91,2.96,221.5,13.93,2.777,560.9,0
M06780,Type_18,71.89,2.48,226.4,18.64,3.798,391.9,0
M06781,Type_13,79.94,2.44,226.8,18.32,3.739,745.7,0
M06782,Type_23,69.38,1.55,220.9,14.03,2.789,423.2,0
M06783,Type_06,64.35,0.3,224.4,14.72,2.973,162.3,0
M06784,Type_01,58.64,3.21,228.7,15.49,3.188,909.8,0
M06785,Type_15,60.08,1.88,216.8,13.14,2.564,55.5,0
M06786,Type_05,58.02,1.44,227.1,12.43,2.541,572.5,0
M06787,Type_04,53.85,2.26,215.6,17.86,3.466,342.7,0
M06788,Type_25,69.71,2.05,220.2,13.44,2.664,756.1,0
M06789,Type_13,63.01,2.08,216.6,19.48,3.797,942.2,0
M06790,Type_14,69.0,3.72,231.1,20.23,4.208,534.7,1
M06791,Type_10,70.61,3.79,223.3,21.87,4.395,581.2,0
M06792,Type_17,64.99,2.73,214.7,18.17,3.511,468.7,0
M06793,Type_16,59.41,2.57,226.2,6.96,1.417,555.4,1
M06794,Type_22,64.69,4.31,214.6,15.62,3.017,431.2,0
M06795,Type_20,60.42,2.72,230.7,15.54,3.227,956.8,1
M06796,Type_24,77.12,1.64,221.1,57.72,11.486,909.5,1
M06797,Type_10,72.08,0.76,211.4,15.08,2.869,760.3,0
M06798,Type_07,72.24,0.1,218.0,18.19,3.569,768.3,0
M06799,Type_14,76.75,1.7,222.5,9.96,1.994,643.8,0
M06800,Type_13,64.52,3.61,217.3,12.37,2.419,508.2,0
M06801,Type_17,79.56,3.45,217.6,12.54,2.456,460.7,0
M06802,Type_08,64.32,2.38,225.6,13.73,2.788,792.5,0
M06803,Type_10,44.64,2.09,225.1,10.65,2.158,477.2,0
M06804,Type_06,61.86,2.7,226.9,14.21,2.902,652.0,0
M06805,Type_16,74.94,1.09,208.2,11.98,2.245,234.1,0
M06806,Type_11,67.48,2.07,214.5,11.36,2.193,736.7,0
M06807,Type_05,52.97,2.36,214.0,14.22,2.739,57.7,0
M06808,Type_08,68.71,0.1,218.2,18.91,3.714,635.6,0
M06809,Type_03,69.24,3.0,223.7,21.29,4.286,159.6,0
M06810,Type_22,49.17,2.35,221.5,17.41,3.471,893.5,0
M06811,Type_18,72.25,4.02,229.5,18.13,3.745,610.3,0
M06812,Type_16,54.31,1.25,227.9,16.15,3.313,977.3,0
M06813,Type_14,77.09,3.74,240.8,15.64,3.39,666.3,1
M06814,Type_13,45.68,2.78,222.7,15.71,3.149,200.9,0
M06815,Type_14,54.25,3.64,215.6,12.76,2.476,147.1,0
M06816,Type_15,47.54,2.08,225.1,15.75,3.191,418.6,0
M06817,Type_25,55.22,2.18,211.9,15.22,2.903,226.6,0
M06818,Type_01,76.13,3.22,220.9,15.44,3.07,406.4,0
M06819,Type_15,55.5,2.63,224.1,7.73,1.559,831.2,0
M06820,Type_23,54.44,0.19,225.4,15.48,3.14,851.1,0
M06821,Type_20,77.31,0.89,215.3,17.24,3.341,855.2,0
M06822,Type_24,71.87,2.07,212.1,20.78,3.967,827.8,0
M06823,Type_02,62.68,2.63,221.3,16.95,3.376,77.3,0
M06824,Type_22,73.74,3.55,221.9,19.83,3.96,622.4,0
M06825,Type_02,65.26,4.62,214.4,15.45,2.981,193.2,0
M06826,Type_23,61.01,1.4,226.2,14.79,3.011,366.6,0
M06827,Type_04,48.13,1.73,227.2,13.35,2.73,328.3,0
M06828,Type_20,57.01,1.96,239.8,11.16,2.409,434.5,1
M06829,Type_15,47.84,2.01,225.6,15.11,3.068,832.0,0
M06830,Type_10,67.87,1.93,210.1,10.79,2.04,495.8,0
M06831,Type_24,73.23,3.41,221.4,16.02,3.192,513.0,0
M06832,Type_10,61.25,2.6,220.7,20.82,4.135,841.0,0
M06833,Type_04,68.01,2.37,221.1,15.22,3.029,104.2,0
M06834,Type_12,65.6,3.21,219.1,14.61,2.881,950.5,0
M06835,Type_08,78.85,0.1,219.8,18.49,3.658,837.4,0
M06836,Type_07,58.83,2.88,207.3,13.66,2.549,338.9,0
M06837,Type_25,81.92,3.79,219.9,9.14,1.809,614.3,0
M06838,Type_03,68.53,1.89,222.7,16.59,3.325,571.4,0
M06839,Type_08,105.45,12.07,238.2,55.79,11.96,177.7,1
M06840,Type_13,57.4,2.09,224.9,15.18,3.073,309.3,0
M06841,Type_06,71.72,3.39,232.3,14.92,3.119,294.9,1
M06842,Type_16,57.86,2.83,223.5,13.12,2.639,858.4,0
M06843,Type_24,81.6,1.65,217.7,17.16,3.362,272.0,1
M06844,Type_06,62.07,1.17,206.8,14.48,2.695,606.2,0
M06845,Type_07,62.18,0.1,219.8,14.32,2.833,609.1,0
M06846,Type_09,58.54,0.87,218.7,14.9,2.933,519.6,0
M06847,Type_12,48.24,2.56,214.1,13.82,2.663,380.7,0
M06848,Type_01,68.77,7.17,219.4,17.38,3.432,411.5,1
M06849,Type_19,81.52,2.4,222.8,16.82,3.373,407.6,0
M06850,Type_01,79.61,3.05,220.1,11.27,2.232,172.8,0
M06851,Type_22,63.2,3.08,221.2,24.51,4.879,68.6,0
M06852,Type_14,69.35,2.66,230.4,47.92,9.937,690.0,1
M06853,Type_07,63.25,2.15,231.2,16.76,3.487,603.3,0
M06854,Type_06,61.18,3.32,218.4,25.06,4.926,462.3,0
M06855,Type_08,54.19,2.01,221.3,17.68,3.521,123.2,0
M06856,Type_22,58.9,1.38,214.8,15.58,3.012,314.0,0
M06857,Type_13,80.98,1.53,223.7,16.67,3.356,981.9,0
M06858,Type_09,65.35,3.41,219.8,15.72,3.11,777.8,0
M06859,Type_05,83.48,3.37,213.0,17.78,3.408,174.4,0
M06860,Type_03,72.11,1.84,223.6,18.94,3.811,691.7,0
M06861,Type_24,59.52,2.58,225.6,17.8,3.614,510.3,0
M06862,Type_02,71.6,2.8,217.0,21.07,4.115,165.6,0
M06863,Type_23,77.05,1.63,218.9,18.43,3.631,251.7,0
M06864,Type_14,62.9,1.3,218.1,15.73,3.088,185.8,0
M06865,Type_12,74.83,1.38,222.7,15.42,3.091,855.3,0
M06866,Type_02,60.27,2.33,220.6,20.27,4.024,514.9,0
M06867,Type_14,74.76,0.27,220.8,12.55,2.494,428.8,0
M06868,Type_16,59.64,1.25,214.1,12.96,2.497,835.1,0
M06869,Type_13,65.64,2.39,214.6,16.24,3.137,325.6,0
M06870,Type_24,66.34,11.38,217.7,17.38,3.405,549.1,1
M06871,Type_21,69.84,1.01,211.6,10.66,2.03,695.9,0
M06872,Type_21,51.12,2.67,218.8,15.0,2.954,179.6,0
M06873,Type_23,72.51,3.1,219.5,15.88,3.137,470.7,0
M06874,Type_21,48.36,1.06,223.0,12.79,2.567,714.0,0
M06875,Type_03,51.3,2.11,226.9,13.19,2.694,795.7,0
M06876,Type_25,58.5,1.32,218.6,17.9,3.522,752.3,0
M06877,Type_02,44.37,1.51,225.3,15.13,3.068,108.6,0
M06878,Type_21,57.18,1.07,217.5,21.54,4.216,543.7,0
M06879,Type_11,56.17,2.64,225.2,16.1,3.263,550.3,0
M06880,Type_12,76.37,1.72,220.0,11.06,2.19,181.0,0
M06881,Type_08,62.79,2.32,220.0,20.18,3.996,240.0,0
M06882,Type_20,68.4,1.24,214.2,11.13,2.146,951.3,0
M06883,Type_24,72.41,1.63,223.3,16.8,3.376,913.2,0
M06884,Type_16,70.34,1.44,222.7,14.03,2.812,238.0,0
M06885,Type_01,61.3,1.65,213.1,14.61,2.802,210.2,0
M06886,Type_08,66.32,3.57,216.4,7.7,1.5,140.5,1
M06887,Type_06,61.5,4.55,230.3,18.14,3.76,670.7,0
M06888,Type_09,79.97,1.67,209.8,10.93,2.064,970.7,0
M06889,Type_23,65.45,2.62,225.0,16.88,3.418,453.4,0
M06890,Type_07,56.94,1.64,212.6,15.8,3.023,125.5,0
M06891,Type_15,55.62,3.23,224.2,18.05,3.642,766.3,0
M06892,Type_21,67.93,1.21,219.8,14.1,2.789,549.2,0
M06893,Type_22,74.93,2.02,213.3,42.41,8.141,271.8,1
M06894,Type_21,89.44,1.4,222.5,45.18,9.047,259.7,1
M06895,Type_10,64.61,2.22,229.5,20.64,4.263,624.2,0
M06896,Type_03,59.54,2.91,219.5,11.04,2.181,418.4,0
M06897,Type_18,66.88,0.51,221.4,15.63,3.114,815.1,0
M06898,Type_19,81.47,0.98,216.3,10.5,2.044,183.2,0
M06899,Type_15,73.4,1.99,213.9,19.76,3.804,754.1,0
M06900,Type_09,68.43,0.64,215.6,17.24,3.345,287.3,0
M06901,Type_07,74.67,0.78,230.8,17.85,3.708,156.8,0
M06902,Type_09,57.53,2.5,219.9,17.94,3.551,690.1,0
M06903,Type_03,65.33,2.05,220.8,16.47,3.273,82.0,0
M06904,Type_10,63.32,1.63,218.2,15.24,2.993,680.5,0
M06905,Type_20,79.1,1.32,224.7,17.15,3.468,950.0,0
M06906,Type_17,61.17,2.03,216.5,12.1,2.358,510.6,0
M06907,Type_11,62.82,0.1,220.2,10.87,2.154,213.3,0
M06908,Type_23,48.8,1.35,226.1,12.04,2.45,837.8,0
M06909,Type_17,68.47,3.11,227.5,14.73,3.016,105.1,0
M06910,Type_04,81.02,2.93,220.6,15.24,3.026,891.7,0
M06911,Type_18,64.12,3.24,217.9,15.8,3.099,447.5,0
M06912,Type_16,78.19,2.51,216.2,15.76,3.067,492.9,0
M06913,Type_16,49.69,0.95,216.8,14.18,2.767,848.7,0
M06914,Type_25,80.34,2.21,223.6,15.41,3.101,741.5,0
M06915,Type_15,60.93,0.85,212.5,15.48,2.961,627.7,0
M06916,Type_01,73.16,2.64,217.5,12.47,2.441,419.0,0
M06917,Type_12,103.61,1.17,216.0,20.31,3.948,691.2,1
M06918,Type_09,79.04,1.56,215.2,15.61,3.023,199.3,0
M06919,Type_06,64.43,1.8,227.8,46.99,9.634,524.1,1
M06920,Type_18,68.22,2.16,215.1,11.69,2.263,666.9,0
M06921,Type_21,57.03,3.39,220.4,19.01,3.771,378.5,0
M06922,Type_09,74.48,2.72,221.6,14.52,2.896,124.6,0
M06923,Type_13,47.01,2.91,219.0,13.03,2.568,131.8,0
M06924,Type_05,69.42,2.9,220.7,9.67,1.921,180.6,0
M06925,Type_23,76.41,1.39,223.3,9.26,1.861,600.3,0
M06926,Type_15,57.92,2.6,212.2,14.21,2.714,280.5,0
M06927,Type_05,66.96,1.89,217.1,15.37,3.003,413.0,0
M06928,Type_18,65.25,2.51,225.0,10.7,2.167,284.2,0
M06929,Type_19,51.88,1.51,217.6,49.95,9.782,531.0,1
M06930,Type_22,54.12,0.1,226.1,17.28,3.516,903.0,0
M06931,Type_23,97.61,1.33,214.5,20.48,3.954,190.2,1
M06932,Type_11,74.76,1.84,226.2,16.0,3.257,793.2,0
M06933,Type_15,61.77,0.66,230.3,17.69,3.667,860.9,0
M06934,Type_15,74.68,0.1,223.0,18.52,3.717,903.8,0
M06935,Type_14,65.72,1.24,215.8,11.67,2.267,814.9,0
M06936,Type_23,61.01,0.67,225.4,9.37,1.901,206.3,0
M06937,Type_25,77.76,2.77,218.6,12.26,2.412,584.3,0
M06938,Type_21,77.14,2.11,223.0,15.09,3.029,170.5,0
M06939,Type_11,51.48,2.08,219.6,15.78,3.119,985.3,0
M06940,Type_12,69.13,2.42,217.8,11.96,2.344,503.3,0
M06941,Type_24,53.16,3.45,212.7,18.34,3.511,473.6,0
M06942,Type_15,42.5,0.98,219.2,9.39,1.852,283.3,0
M06943,Type_08,71.85,3.9,220.0,17.91,3.546,465.8,0
M06944,Type_12,47.06,1.26,225.9,19.82,4.03,583.3,0
M06945,Type_25,46.37,1.09,220.9,11.38,2.262,578.4,0
M06946,Type_10,74.16,0.52,219.0,15.12,2.98,267.2,0
M06947,Type_17,52.88,2.88,224.2,21.67,4.373,106.1,0
M06948,Type_01,67.12,0.1,223.8,20.11,4.051,612.3,0
M06949,Type_02,57.0,3.86,221.4,14.72,2.933,289.7,0
M06950,Type_18,78.52,1.7,224.8,12.31,2.491,813.7,0
M06951,Type_18,51.29,2.64,226.9,13.34,2.724,133.8,0
M06952,Type_04,56.92,2.28,218.1,13.49,2.648,375.4,0
M06953,Type_06,56.81,2.55,217.6,13.46,2.636,764.0,0
M06954,Type_17,72.06,3.35,210.9,12.62,2.395,563.3,0
M06955,Type_23,49.9,3.36,212.7,10.85,2.077,676.8,0
M06956,Type_16,61.93,1.49,212.3,15.01,2.868,606.1,0
M06957,Type_12,91.13,3.92,228.5,18.8,3.866,783.9,0
M06958,Type_24,70.07,1.72,225.2,15.58,3.158,635.1,0
M06959,Type_11,75.3,2.13,222.7,12.91,2.588,751.7,0
M06960,Type_11,66.43,7.35,220.0,17.02,3.37,902.8,1
M06961,Type_03,80.06,0.65,216.2,20.14,3.919,988.1,0
M06962,Type_01,80.56,2.23,228.2,17.24,3.541,744.6,0
M06963,Type_14,59.62,0.71,222.2,17.58,3.516,435.1,0
M06964,Type_07,58.86,3.48,217.1,14.96,2.923,486.8,0
M06965,Type_16,64.32,3.25,213.2,14.64,2.809,467.4,0
M06966,Type_18,52.54,0.72,217.2,16.33,3.192,473.2,0
M06967,Type_17,56.71,2.65,223.0,16.91,3.394,151.2,0
M06968,Type_15,73.44,1.59,214.2,20.68,3.987,283.5,0
M06969,Type_18,54.89,1.29,233.6,14.03,2.95,525.1,0
M06970,Type_23,66.67,1.91,217.5,18.94,3.708,634.6,0
M06971,Type_18,81.51,1.63,223.2,16.13,3.24,483.1,0
M06972,Type_13,71.61,2.41,215.7,14.45,2.805,946.9,0
M06973,Type_23,66.37,2.2,215.7,13.43,2.607,220.0,0
M06974,Type_08,72.58,1.02,225.2,17.27,3.5,934.6,0
M06975,Type_24,59.99,0.1,220.3,14.75,2.924,661.3,0
M06976,Type_11,60.76,1.8,221.8,12.05,2.405,64.4,0
M06977,Type_13,62.26,2.72,218.6,15.17,2.985,802.1,0
M06978,Type_03,60.01,2.2,216.8,13.09,2.554,898.3,0
M06979,Type_02,68.63,2.68,225.5,13.88,2.817,658.2,0
M06980,Type_25,73.35,1.62,220.4,17.57,3.485,781.2,0
M06981,Type_12,66.31,3.02,219.0,15.54,3.063,312.2,0
M06982,Type_13,66.73,0.87,218.2,22.1,4.34,569.8,0
M06983,Type_04,64.45,3.64,213.7,14.13,2.718,701.0,0
M06984,Type_07,63.16,1.38,226.3,15.49,3.155,857.4,0
M06985,Type_21,75.61,2.28,221.0,14.2,2.824,979.6,0
M06986,Type_11,68.65,2.54,225.0,51.96,10.522,634.1,1
M06987,Type_12,53.6,2.51,221.7,8.97,1.79,358.9,0
M06988,Type_07,67.1,2.58,221.8,19.04,3.801,909.9,0
M06989,Type_20,72.95,2.11,215.8,11.93,2.317,849.4,0
M06990,Type_10,69.86,3.29,221.5,11.24,2.241,314.8,0
M06991,Type_11,69.07,2.56,215.9,14.87,2.889,290.4,0
M06992,Type_18,61.55,2.22,219.8,16.6,3.284,240.7,0
M06993,Type_08,80.07,1.22,205.6,15.77,2.918,617.7,0
M06994,Type_19,62.57,2.64,216.9,16.74,3.268,123.0,0
M06995,Type_08,77.61,3.99,223.8,20.78,4.186,173.1,0
M06996,Type_03,69.23,1.94,223.8,16.29,3.281,914.3,0
M06997,Type_24,71.12,1.13,223.6,19.53,3.93,159.7,0
M06998,Type_10,71.22,1.71,222.6,12.18,2.44,85.2,0
M06999,Type_17,46.61,0.47,221.5,14.73,2.936,285.5,0
M07000,Type_11,64.83,2.14,213.0,19.32,3.704,974.0,0
M07001,Type_02,81.16,7.98,217.0,14.36,2.805,100.5,1
M07002,Type_19,79.8,1.94,229.4,22.47,4.639,275.0,0
M07003,Type_13,72.9,3.31,219.9,19.66,3.891,915.5,0
M07004,Type_11,56.06,1.67,216.6,14.13,2.755,670.9,0
M07005,Type_25,65.29,0.52,215.4,18.76,3.637,823.4,0
M07006,Type_01,116.23,2.36,215.1,18.7,3.62,885.3,1
M07007,Type_12,55.61,1.65,222.1,14.91,2.98,824.0,0
M07008,Type_23,71.38,1.36,217.0,15.09,2.947,369.8,0
M07009,Type_03,51.1,1.37,223.1,19.29,3.873,920.4,0
M07010,Type_11,69.01,2.14,219.3,16.51,3.259,667.1,0
M07011,Type_08,70.42,0.37,220.3,16.05,3.182,70.6,0
M07012,Type_05,75.16,1.54,221.7,11.71,2.336,819.7,0
M07013,Type_11,81.78,3.85,224.7,14.3,2.892,113.5,0
M07014,Type_16,48.24,0.97,213.2,20.07,3.851,739.1,0
M07015,Type_21,71.17,10.0,218.6,16.39,3.225,448.9,1
M07016,Type_10,74.65,3.76,223.3,10.96,2.203,923.3,0
M07017,Type_16,85.23,1.5,223.5,17.17,3.454,111.2,0
M07018,Type_06,49.87,1.53,223.5,16.56,3.331,470.3,0
M07019,Type_19,61.69,4.68,217.7,14.2,2.782,236.3,0
M07020,Type_18,67.05,1.83,216.4,13.17,2.565,115.8,0
M07021,Type_14,59.45,2.14,220.2,17.68,3.504,520.3,0
M07022,Type_13,67.73,8.1,221.8,21.38,4.268,73.7,1
M07023,Type_25,57.77,1.83,210.7,15.19,2.88,411.9,0
M07024,Type_06,65.54,2.95,217.4,18.07,3.536,668.9,0
M07025,Type_18,57.21,1.14,219.3,11.43,2.256,271.9,0
M07026,Type_03,87.38,9.12,239.1,52.44,11.285,217.3,1
M07027,Type_02,53.98,2.04,224.6,12.57,2.541,772.0,0
M07028,Type_21,77.53,1.67,218.1,17.48,3.431,142.7,0
M07029,Type_07,72.22,1.52,202.6,19.2,3.501,545.1,1
M07030,Type_11,56.95,1.7,216.9,11.5,2.245,196.8,0
M07031,Type_20,79.97,1.42,241.9,12.56,2.734,876.7,1
M07032,Type_20,50.18,0.97,223.5,17.99,3.619,920.0,0
M07033,Type_25,75.22,2.66,220.5,10.39,2.062,445.3,0
M07034,Type_08,80.99,3.03,218.5,18.51,3.64,848.6,0
M07035,Type_24,58.84,2.43,216.5,14.71,2.866,689.6,0
M07036,Type_05,58.33,0.38,223.4,15.61,3.139,753.2,0
M07037,Type_25,82.37,3.26,217.2,14.2,2.776,260.2,0
M07038,Type_12,51.25,1.25,220.1,19.41,3.845,80.9,0
M07039,Type_22,64.95,2.34,210.2,14.65,2.771,353.0,0
M07040,Type_14,76.24,1.61,218.5,12.28,2.415,923.9,0
M07041,Type_24,60.46,1.09,211.6,17.14,3.264,880.1,0
M07042,Type_18,72.53,2.57,211.3,16.44,3.126,291.5,0
M07043,Type_13,63.11,2.84,220.8,17.72,3.521,317.6,0
M07044,Type_09,62.72,2.78,200.0,13.71,2.468,77.6,1
M07045,Type_16,57.76,3.72,219.0,19.73,3.889,647.8,0
M07046,Type_13,59.69,2.81,230.6,14.35,2.978,760.0,0
M07047,Type_17,79.23,1.89,222.1,13.81,2.76,817.4,0
M07048,Type_22,77.48,4.48,215.6,14.87,2.885,694.6,0
M07049,Type_23,62.17,0.55,214.2,16.6,3.2,895.7,0
M07050,Type_22,62.63,2.09,224.8,16.66,3.371,777.9,0
M07051,Type_25,47.5,1.96,221.7,10.35,2.065,308.9,0
M07052,Type_04,84.17,1.46,210.7,12.37,2.346,393.2,1
M07053,Type_14,64.31,1.7,217.9,15.25,2.991,584.8,0
M07054,Type_21,74.32,2.12,211.0,13.4,2.545,398.8,0
M07055,Type_09,39.56,2.34,219.7,7.38,1.459,465.2,1
M07056,Type_16,64.29,0.1,216.7,14.04,2.738,507.4,0
M07057,Type_11,68.87,2.13,215.0,14.77,2.858,322.5,0
M07058,Type_21,92.64,1.84,218.8,18.22,3.588,888.6,1
M07059,Type_02,60.57,3.99,218.1,17.95,3.523,114.4,0
M07060,Type_04,67.54,3.13,220.5,19.59,3.888,939.5,0
M07061,Type_20,56.11,1.36,200.0,18.06,3.251,151.7,1
M07062,Type_17,94.24,2.71,217.5,15.05,2.946,827.4,1
M07063,Type_23,61.02,2.36,219.7,11.96,2.365,315.0,0
M07064,Type_09,60.4,3.66,216.7,15.94,3.109,135.6,0
M07065,Type_06,52.25,0.93,212.9,14.58,2.794,709.2,0
M07066,Type_24,62.49,4.58,219.0,14.86,2.929,690.7,0
M07067,Type_24,61.46,1.35,222.7,12.69,2.543,616.3,0
M07068,Type_05,88.77,2.66,222.8,16.09,3.226,555.1,0
M07069,Type_20,61.01,2.58,219.2,12.59,2.484,216.8,0
M07070,Type_24,69.06,2.04,213.2,19.46,3.734,510.9,0
M07071,Type_13,65.31,2.84,217.7,15.97,3.129,716.0,0
M07072,Type_09,65.53,1.19,220.6,17.36,3.447,220.6,0
M07073,Type_05,46.89,0.4,220.4,10.28,2.039,685.2,0
M07074,Type_22,69.2,1.81,218.6,17.35,3.413,231.7,0
M07075,Type_14,62.11,0.77,223.7,13.62,2.742,446.0,0
M07076,Type_08,78.78,2.56,223.7,19.33,3.892,832.9,0
M07077,Type_23,76.86,0.64,219.9,16.18,3.202,72.3,0
M07078,Type_12,76.52,0.1,229.1,17.11,3.528,215.4,0
M07079,Type_18,52.86,2.59,221.8,16.54,3.302,942.4,0
M07080,Type_02,47.99,0.7,218.8,26.76,5.27,674.8,0
M07081,Type_05,44.57,1.08,215.6,13.65,2.649,694.7,0
M07082,Type_16,60.41,1.53,212.9,11.94,2.288,686.4,0
M07083,Type_02,53.98,1.4,219.2,9.97,1.967,486.8,0
M07084,Type_18,56.45,2.78,213.6,18.69,3.593,263.3,0
M07085,Type_18,44.82,2.17,217.1,13.86,2.708,699.4,0
M07086,Type_04,60.52,1.02,231.3,15.56,3.239,514.4,0
M07087,Type_09,58.05,0.38,220.4,15.73,3.12,388.8,0
M07088,Type_04,46.1,2.26,242.9,15.31,3.347,614.4,1
M07089,Type_07,55.67,0.82,217.3,15.37,3.006,821.3,0
M07090,Type_05,53.29,0.98,217.6,16.92,3.314,378.3,0
M07091,Type_17,61.87,2.21,218.3,20.42,4.012,999.6,0
M07092,Type_21,63.45,2.77,205.5,14.26,2.637,387.1,1
M07093,Type_25,71.81,2.11,222.8,18.25,3.659,887.3,0
M07094,Type_11,43.17,0.26,219.8,10.54,2.085,897.5,0
M07095,Type_15,69.17,2.96,227.6,14.96,3.064,849.5,0
M07096,Type_04,62.61,2.64,218.0,13.89,2.725,399.9,0
M07097,Type_22,76.94,1.71,217.8,15.47,3.032,975.4,0
M07098,Type_09,69.98,2.72,216.7,18.76,3.659,368.2,0
M07099,Type_20,66.66,0.29,214.3,20.15,3.886,770.2,0
M07100,Type_19,88.83,3.59,222.3,9.26,1.853,559.7,0
M07101,Type_23,73.35,3.11,225.4,15.5,3.144,127.2,0
M07102,Type_19,71.05,3.25,225.7,24.77,5.032,748.9,0
M07103,Type_06,61.3,0.12,219.1,20.76,4.094,421.4,0
M07104,Type_17,57.93,2.31,212.3,13.22,2.526,216.5,0
M07105,Type_07,59.89,2.87,225.5,15.59,3.164,748.1,0
M07106,Type_05,65.62,0.86,216.9,17.2,3.358,833.1,0
M07107,Type_06,59.95,0.66,225.3,17.26,3.5,992.1,0
M07108,Type_07,65.74,2.81,227.4,12.57,2.573,937.5,0
M07109,Type_12,70.96,1.8,223.0,14.68,2.946,183.5,0
M07110,Type_09,60.08,3.31,223.1,17.55,3.524,729.0,0
M07111,Type_01,46.45,3.87,222.6,12.16,2.436,381.0,0
M07112,Type_18,49.17,0.97,223.0,10.13,2.033,286.6,0
M07113,Type_14,122.04,0.77,222.4,16.23,3.249,974.3,1
M07114,Type_05,61.05,2.32,216.2,7.45,1.45,576.8,1
M07115,Type_17,78.82,0.33,219.8,11.35,2.245,865.1,0
M07116,Type_25,57.37,3.32,219.9,18.04,3.57,209.8,0
M07117,Type_05,61.59,1.02,224.7,12.01,2.429,739.2,0
M07118,Type_22,63.04,0.95,218.2,12.57,2.468,65.0,0
M07119,Type_07,54.84,2.31,219.5,36.84,7.278,968.6,1
M07120,Type_24,79.76,1.53,221.7,7.77,1.55,456.3,0
M07121,Type_18,69.2,0.94,215.0,13.82,2.674,443.9,0
M07122,Type_17,54.63,3.23,212.7,16.56,3.17,630.4,0
M07123,Type_04,55.89,3.57,219.8,14.59,2.886,736.2,0
M07124,Type_14,63.85,3.18,222.7,13.89,2.784,586.0,0
M07125,Type_24,60.87,2.17,220.1,14.28,2.829,826.6,0
M07126,Type_02,57.05,0.1,216.0,13.66,2.656,722.1,0
M07127,Type_14,58.36,2.2,222.8,17.27,3.463,666.8,0
M07128,Type_15,81.54,2.84,221.3,19.3,3.844,303.5,0
M07129,Type_10,52.72,1.57,217.7,13.23,2.592,547.8,0
M07130,Type_18,70.59,2.45,223.8,13.84,2.788,336.1,0
M07131,Type_20,82.02,1.96,219.8,17.99,3.559,933.3,0
M07132,Type_20,65.29,3.48,219.4,14.19,2.802,971.0,0
M07133,Type_19,79.76,3.45,225.6,15.44,3.135,656.6,0
M07134,Type_24,66.57,1.43,218.8,14.48,2.851,379.5,0
M07135,Type_06,84.2,1.99,217.8,15.79,3.095,613.0,0
M07136,Type_16,43.59,3.44,219.7,16.1,3.183,365.4,0
M07137,Type_04,63.23,0.43,220.4,21.91,4.346,597.8,0
M07138,Type_01,37.75,2.98,225.0,14.91,3.019,677.7,0
M07139,Type_08,76.18,2.05,229.4,9.82,2.027,484.6,1
M07140,Type_03,66.23,0.84,200.0,13.11,2.36,476.3,1
M07141,Type_08,48.25,2.99,215.2,15.07,2.919,216.5,0
M07142,Type_21,85.32,0.25,215.5,14.25,2.764,223.4,1
M07143,Type_22,73.25,1.94,226.4,11.42,2.327,423.5,0
M07144,Type_19,47.39,2.78,222.8,11.65,2.336,813.7,0
M07145,Type_24,72.94,0.5,215.8,11.78,2.288,847.8,0
M07146,Type_17,48.62,0.1,224.2,12.21,2.464,300.8,0
M07147,Type_21,76.4,2.48,221.1,14.32,2.85,623.2,0
M07148,Type_17,70.12,0.66,215.5,16.6,3.22,215.8,0
M07149,Type_16,75.89,0.76,222.8,13.15,2.637,735.3,0
M07150,Type_14,70.6,1.3,221.6,11.69,2.331,861.6,0
M07151,Type_11,63.6,0.95,235.2,16.05,3.397,160.0,1
M07152,Type_11,79.39,3.13,225.8,13.68,2.78,969.7,0
M07153,Type_19,65.5,9.47,225.4,13.21,2.68,509.1,1
M07154,Type_03,60.5,1.73,222.3,12.64,2.529,354.1,0
M07155,Type_22,81.54,2.07,220.0,16.29,3.225,217.1,0
M07156,Type_22,78.17,1.63,220.3,18.15,3.599,574.9,0
M07157,Type_21,51.47,2.82,217.4,15.18,2.97,710.9,0
M07158,Type_22,59.91,0.1,226.9,12.46,2.544,464.7,0
M07159,Type_25,68.58,1.02,220.4,13.6,2.698,179.7,0
M07160,Type_21,72.97,1.01,224.9,11.45,2.318,718.9,0
M07161,Type_06,66.07,2.88,214.9,15.02,2.905,106.7,0
M07162,Type_02,76.59,1.44,217.4,45.83,8.967,483.7,1
M07163,Type_08,83.18,0.1,212.8,11.3,2.164,590.0,0
M07164,Type_03,49.67,2.19,204.6,14.41,2.653,375.6,1
M07165,Type_09,68.18,0.75,216.4,14.12,2.75,260.0,0
M07166,Type_25,79.66,2.07,218.2,12.87,2.527,720.1,0
M07167,Type_03,76.18,1.95,221.6,18.57,3.704,559.7,0
M07168,Type_07,61.18,1.3,218.0,21.91,4.299,682.0,0
M07169,Type_14,79.89,2.75,220.8,12.5,2.484,832.0,0
M07170,Type_23,55.57,3.35,218.0,18.45,3.62,331.4,0
M07171,Type_24,66.41,2.75,216.6,16.96,3.306,423.8,0
M07172,Type_25,67.86,2.61,223.0,18.85,3.783,106.1,0
M07173,Type_07,63.23,2.09,206.9,17.59,3.275,744.0,0
M07174,Type_10,58.24,3.53,221.6,17.66,3.522,276.3,0
M07175,Type_04,65.09,2.13,221.3,18.78,3.74,179.5,0
M07176,Type_14,82.27,3.96,225.3,12.24,2.482,285.1,0
M07177,Type_23,68.5,2.6,221.5,17.03,3.395,997.3,0
M07178,Type_13,64.15,1.6,222.9,18.48,3.707,694.9,0
M07179,Type_06,62.07,0.1,219.8,15.04,2.975,921.6,0
M07180,Type_13,68.41,1.21,224.6,14.11,2.852,318.5,0
M07181,Type_05,72.0,1.31,216.5,19.96,3.889,913.3,0
M07182,Type_07,58.84,1.0,223.5,17.36,3.492,556.7,0
M07183,Type_23,78.39,3.78,222.2,15.26,3.052,778.8,0
M07184,Type_12,68.52,1.67,218.0,17.89,3.51,335.2,0
M07185,Type_19,58.52,2.04,216.9,16.73,3.266,583.1,0
M07186,Type_16,52.81,2.09,222.7,13.61,2.728,627.1,0
M07187,Type_05,74.35,0.77,211.5,15.19,2.891,228.9,0
M07188,Type_14,60.82,2.07,222.1,14.29,2.856,105.6,0
M07189,Type_14,58.34,2.43,221.6,16.08,3.207,727.2,0
M07190,Type_08,63.62,2.37,221.3,14.66,2.92,983.4,0
M07191,Type_04,85.41,3.26,207.9,4.1,0.767,875.1,1
M07192,Type_14,55.57,3.17,212.5,16.82,3.217,128.1,0
M07193,Type_23,57.27,1.45,211.8,12.97,2.472,421.7,0
M07194,Type_24,54.54,1.0,220.6,16.6,3.296,256.0,0
M07195,Type_20,62.6,0.56,212.8,14.57,2.79,352.6,0
M07196,Type_25,63.18,2.03,222.6,14.8,2.965,83.4,0
M07197,Type_08,58.25,2.88,221.6,15.25,3.041,451.0,0
M07198,Type_03,43.46,3.27,210.2,14.26,2.698,870.8,0
M07199,Type_05,70.69,1.77,227.9,15.1,3.097,747.7,0
M07200,Type_18,62.84,1.94,219.0,9.64,1.9,277.4,1
M07201,Type_02,64.83,1.31,218.7,16.61,3.269,744.3,0
M07202,Type_05,64.23,4.73,214.2,16.33,3.148,939.5,0
M07203,Type_16,47.07,1.67,220.9,12.48,2.481,674.0,0
M07204,Type_15,68.22,2.52,208.4,15.92,2.986,198.5,1
M07205,Type_24,48.35,2.01,219.3,13.93,2.749,576.7,0
M07206,Type_18,65.55,0.81,226.9,8.7,1.777,588.2,1
M07207,Type_12,54.36,1.53,208.8,17.29,3.249,103.8,0
M07208,Type_12,73.32,2.87,223.4,14.41,2.897,646.8,0
M07209,Type_11,64.45,1.87,219.0,20.26,3.993,162.8,0
M07210,Type_13,65.0,1.09,226.4,11.88,2.421,259.1,0
M07211,Type_03,68.54,1.04,223.8,9.92,1.998,320.6,0
M07212,Type_07,76.99,2.82,216.7,15.13,2.951,604.0,0
M07213,Type_02,78.71,3.5,220.8,9.27,1.842,513.7,1
M07214,Type_05,81.87,2.01,220.3,17.66,3.501,333.6,0
M07215,Type_13,63.88,3.52,220.3,8.39,1.663,929.0,0
M07216,Type_25,47.09,0.1,216.8,17.88,3.489,844.1,0
M07217,Type_03,79.71,0.95,225.7,17.58,3.571,520.1,0
M07218,Type_18,71.27,1.29,213.6,14.23,2.736,642.7,0
M07219,Type_04,64.02,0.66,220.2,10.46,2.073,483.6,0
M07220,Type_12,57.09,1.85,221.1,39.87,7.934,230.4,1
M07221,Type_17,41.61,2.88,225.6,18.19,3.693,232.5,0
M07222,Type_01,54.09,2.47,221.1,19.76,3.932,876.6,0
M07223,Type_02,65.06,1.72,217.6,12.44,2.436,948.8,0
M07224,Type_21,72.12,2.38,214.5,12.73,2.458,196.6,0
M07225,Type_20,82.19,2.44,220.8,16.71,3.321,900.6,0
M07226,Type_24,65.28,2.69,226.7,15.23,3.107,422.9,0
M07227,Type_18,62.9,3.15,222.4,11.6,2.322,348.1,0
M07228,Type_15,73.77,2.84,218.2,14.78,2.902,854.0,0
M07229,Type_03,63.08,0.49,215.1,15.52,3.005,122.5,0
M07230,Type_03,56.17,0.68,222.1,16.74,3.346,673.6,0
M07231,Type_08,69.6,1.36,221.6,15.96,3.183,910.0,0
M07232,Type_20,44.37,2.72,217.8,13.85,2.715,798.0,0
M07233,Type_09,82.97,1.87,215.7,15.39,2.988,584.5,0
M07234,Type_16,75.43,3.0,222.6,19.69,3.945,260.7,0
M07235,Type_05,76.79,2.3,210.3,18.29,3.462,536.7,0
M07236,Type_25,77.37,1.99,217.6,15.47,3.03,614.4,0
M07237,Type_10,57.2,1.53,218.1,14.81,2.907,83.0,0
M07238,Type_05,69.63,0.1,223.2,17.24,3.463,96.8,0
M07239,Type_15,78.25,1.56,214.7,21.83,4.218,128.6,0
M07240,Type_08,60.63,3.29,212.3,13.6,2.599,974.1,0
M07241,Type_08,74.62,1.19,223.9,13.57,2.734,333.0,0
M07242,Type_08,70.02,2.88,227.8,13.68,2.805,365.8,0
M07243,Type_22,53.43,1.13,222.1,17.67,3.532,860.1,0
M07244,Type_25,70.96,3.3,213.5,13.91,2.673,726.1,0
M07245,Type_25,72.74,4.62,214.8,17.32,3.348,419.6,0
M07246,Type_25,61.29,0.69,225.2,18.27,3.703,904.9,0
M07247,Type_08,55.54,0.86,229.2,13.27,2.737,619.7,0
M07248,Type_08,42.93,0.86,220.9,18.8,3.738,322.7,0
M07249,Type_16,71.86,2.99,222.4,16.89,3.381,150.0,0
M07250,Type_11,65.89,5.2,217.4,17.15,3.356,540.7,0
M07251,Type_15,58.57,3.91,210.2,10.26,1.941,57.0,0
M07252,Type_08,52.49,0.78,219.7,10.95,2.165,126.8,0
M07253,Type_23,82.91,3.55,225.4,15.64,3.173,86.3,0
M07254,Type_11,56.06,4.85,208.8,14.84,2.789,575.2,0
M07255,Type_02,73.47,2.73,224.1,6.84,1.38,898.2,1
M07256,Type_03,63.59,1.38,220.3,22.32,4.425,77.3,0
M07257,Type_23,69.52,3.28,221.6,20.71,4.13,417.9,0
M07258,Type_01,63.15,0.76,221.2,13.79,2.745,443.3,0
M07259,Type_17,56.89,1.33,227.0,17.97,3.671,964.3,0
M07260,Type_15,46.78,1.3,217.5,16.73,3.275,496.6,0
M07261,Type_10,46.96,2.63,209.4,11.89,2.241,780.8,0
M07262,Type_21,73.48,2.72,229.1,20.15,4.155,956.3,0
M07263,Type_11,63.46,3.62,218.1,13.76,2.701,389.4,0
M07264,Type_16,71.74,1.81,222.5,6.53,1.308,931.5,1
M07265,Type_07,62.13,2.1,221.4,10.01,1.995,366.4,0
M07266,Type_03,65.34,2.96,220.8,16.55,3.289,487.2,0
M07267,Type_01,72.91,2.33,222.1,12.19,2.437,871.7,0
M07268,Type_19,79.73,2.86,222.3,15.55,3.111,135.0,0
M07269,Type_17,59.96,0.73,235.3,14.61,3.094,504.3,1
M07270,Type_11,67.21,1.35,213.3,11.03,2.117,475.2,0
M07271,Type_20,56.8,1.48,224.3,17.49,3.531,441.2,0
M07272,Type_08,48.96,2.38,228.9,21.77,4.485,717.2,0
M07273,Type_02,59.87,1.72,216.8,11.7,2.283,650.2,0
M07274,Type_11,56.34,3.18,228.5,17.59,3.617,519.7,0
M07275,Type_18,66.83,1.01,216.8,17.91,3.495,247.8,0
M07276,Type_11,56.33,2.84,217.2,15.02,2.936,315.4,0
M07277,Type_20,65.47,2.63,217.4,12.02,2.352,576.2,0
M07278,Type_15,58.54,0.75,220.6,12.8,2.541,658.1,0
M07279,Type_10,60.03,0.9,250.4,15.12,3.407,507.3,1
M07280,Type_13,80.21,0.63,224.8,16.01,3.239,299.7,0
M07281,Type_10,66.41,1.91,220.5,10.75,2.133,795.7,0
M07282,Type_18,54.36,1.4,218.2,14.87,2.92,448.5,0
M07283,Type_06,60.39,0.52,218.1,18.65,3.661,908.8,0
M07284,Type_08,55.77,1.83,222.6,18.1,3.626,170.2,0
M07285,Type_18,55.78,1.02,225.2,13.9,2.817,139.0,0
M07286,Type_15,62.85,0.62,226.0,14.53,2.955,126.7,0
M07287,Type_02,79.85,2.26,222.2,24.0,4.8,719.8,0
M07288,Type_12,47.16,1.66,216.2,10.67,2.076,748.5,0
M07289,Type_06,58.21,2.02,223.9,13.86,2.793,826.8,0
M07290,Type_08,59.65,1.38,215.3,18.15,3.517,278.2,0
M07291,Type_22,66.37,1.95,222.8,16.36,3.281,856.4,0
M07292,Type_12,57.48,0.91,214.2,14.77,2.847,273.0,0
M07293,Type_21,74.23,4.57,223.1,12.51,2.512,616.7,0
M07294,Type_10,55.46,0.27,212.7,14.86,2.845,909.9,0
M07295,Type_16,63.34,4.89,220.2,15.98,3.167,117.7,0
M07296,Type_07,77.23,3.3,219.2,24.98,4.928,472.0,0
M07297,Type_20,55.87,0.94,222.9,14.34,2.877,124.7,0
M07298,Type_02,72.56,2.05,223.0,13.8,2.77,291.1,0
M07299,Type_04,57.75,2.8,202.4,13.48,2.456,930.3,1
M07300,Type_11,57.84,1.62,216.3,12.94,2.519,914.3,0
M07301,Type_16,77.09,1.7,220.2,20.25,4.013,143.3,0
M07302,Type_10,116.19,6.47,243.6,55.25,12.113,879.8,1
M07303,Type_02,54.26,3.22,220.0,15.47,3.063,383.4,0
M07304,Type_12,81.42,2.7,211.3,15.49,2.946,986.2,0
M07305,Type_01,73.68,2.45,217.5,12.62,2.47,68.0,0
M07306,Type_19,76.79,1.28,227.8,12.33,2.528,311.7,0
M07307,Type_17,52.82,1.58,221.8,13.23,2.641,848.7,0
M07308,Type_11,39.51,2.37,222.2,16.0,3.2,822.1,0
M07309,Type_05,72.76,2.5,219.0,17.7,3.489,92.5,0
M07310,Type_15,96.69,0.98,224.8,18.8,3.804,643.8,0
M07311,Type_24,43.55,2.34,218.9,12.34,2.431,96.0,0
M07312,Type_04,73.76,1.41,218.4,12.83,2.522,211.9,0
M07313,Type_11,81.6,2.25,220.2,13.64,2.703,77.2,0
M07314,Type_22,57.37,2.19,225.6,17.43,3.539,470.6,0
M07315,Type_20,80.0,2.87,230.6,15.59,3.236,947.4,1
M07316,Type_15,106.15,10.46,242.4,42.15,9.195,522.9,1
M07317,Type_19,74.46,1.9,213.0,17.2,3.297,491.3,0
M07318,Type_06,59.66,1.61,220.1,13.95,2.763,856.6,0
M07319,Type_08,50.38,1.19,224.0,10.56,2.129,544.5,0
M07320,Type_25,73.82,3.39,215.1,16.78,3.248,308.4,0
M07321,Type_25,74.63,0.1,219.6,18.17,3.591,439.2,0
M07322,Type_04,70.15,2.43,225.2,16.01,3.245,917.4,0
M07323,Type_15,44.75,1.73,229.4,16.1,3.324,461.9,0
M07324,Type_12,52.31,2.24,218.6,18.88,3.714,946.7,0
M07325,Type_08,52.95,2.77,215.1,13.49,2.612,177.6,0
M07326,Type_15,79.5,3.07,221.4,17.47,3.481,823.8,0
M07327,Type_11,59.98,2.12,222.5,17.26,3.456,395.7,0
M07328,Type_05,125.46,10.69,252.4,41.59,9.448,632.6,1
M07329,Type_05,56.47,1.47,218.8,16.17,3.184,138.9,0
M07330,Type_17,71.12,1.37,213.0,17.46,3.347,294.6,0
M07331,Type_13,50.44,1.81,220.5,7.24,1.437,499.4,1
M07332,Type_07,113.62,3.21,216.5,13.9,2.708,680.0,1
M07333,Type_15,48.1,3.06,216.3,12.64,2.461,851.6,0
M07334,Type_25,82.4,3.13,207.9,10.04,1.879,986.4,1
M07335,Type_10,78.49,0.8,220.5,16.05,3.185,53.4,0
M07336,Type_03,70.72,2.02,211.3,10.6,2.016,549.4,0
M07337,Type_11,67.23,1.9,223.2,16.52,3.319,583.3,0
M07338,Type_15,44.66,0.42,222.5,15.85,3.174,296.7,0
M07339,Type_09,63.87,0.48,227.2,14.46,2.957,195.4,0
M07340,Type_05,71.99,3.39,226.6,18.68,3.81,933.6,0
M07341,Type_04,60.87,2.38,217.4,22.32,4.367,903.8,0
M07342,Type_19,85.95,1.66,213.6,18.46,3.549,416.8,0
M07343,Type_23,63.48,1.66,217.4,12.29,2.405,226.9,0
M07344,Type_06,88.25,1.3,211.2,14.5,2.756,468.0,1
M07345,Type_19,43.57,2.3,217.5,11.66,2.282,743.8,0
M07346,Type_07,59.35,0.17,217.1,17.13,3.347,936.3,0
M07347,Type_19,67.63,1.72,220.6,16.13,3.202,167.6,0
M07348,Type_16,82.18,2.1,216.7,14.19,2.767,475.8,0
M07349,Type_21,72.39,1.65,228.0,18.27,3.749,951.9,0
M07350,Type_17,49.71,1.26,221.6,11.88,2.369,851.3,0
M07351,Type_17,60.9,2.67,227.4,17.27,3.534,265.2,0
M07352,Type_05,50.11,1.12,209.3,11.34,2.136,614.9,0
M07353,Type_11,68.67,2.47,221.5,15.54,3.098,206.9,0
M07354,Type_21,59.19,0.65,224.6,16.82,3.4,728.8,0
M07355,Type_12,85.69,1.88,224.3,14.2,2.867,244.3,0
M07356,Type_17,59.3,1.26,221.5,14.87,2.964,894.8,0
M07357,Type_05,57.19,2.27,217.9,16.98,3.33,571.7,0
M07358,Type_15,56.26,2.07,213.5,15.51,2.98,858.6,0
M07359,Type_03,55.14,2.11,215.1,15.01,2.906,104.3,0
M07360,Type_18,38.15,2.02,216.4,17.99,3.504,916.2,0
M07361,Type_10,70.87,0.1,226.1,15.87,3.229,55.4,0
M07362,Type_13,58.06,2.87,228.4,17.2,3.536,891.1,0
M07363,Type_03,71.57,1.84,215.0,13.24,2.562,944.5,0
M07364,Type_08,62.49,3.54,217.0,11.02,2.152,458.1,0
M07365,Type_08,62.42,4.23,227.9,21.47,4.404,955.4,0
M07366,Type_08,68.0,1.37,221.5,11.29,2.251,517.8,0
M07367,Type_02,66.31,1.59,210.1,15.72,2.972,290.6,0
M07368,Type_05,70.05,3.32,221.8,12.35,2.465,368.1,0
M07369,Type_18,77.09,3.54,224.0,9.3,1.875,135.8,1
M07370,Type_19,49.1,1.7,226.7,17.43,3.556,705.9,0
M07371,Type_03,55.72,1.47,224.3,11.49,2.319,436.6,0
M07372,Type_21,63.87,3.78,217.2,10.15,1.984,804.9,0
M07373,Type_21,68.41,2.08,220.8,17.33,3.444,670.8,0
M07374,Type_14,82.5,2.94,215.8,14.27,2.772,956.0,0
M07375,Type_22,71.26,2.19,215.0,15.46,2.992,740.1,0
M07376,Type_22,55.21,1.9,223.1,19.93,4.002,453.9,0
M07377,Type_01,46.86,1.45,224.4,18.25,3.686,929.5,0
M07378,Type_21,52.76,2.21,224.0,13.72,2.766,632.3,0
M07379,Type_02,53.23,0.1,217.8,10.76,2.109,666.3,0
M07380,Type_01,58.74,2.33,224.8,15.76,3.189,959.1,0
M07381,Type_21,70.88,0.77,225.2,8.64,1.751,276.4,1
M07382,Type_02,48.35,2.22,219.6,18.18,3.593,746.5,0
M07383,Type_14,72.32,2.86,219.0,13.6,2.681,228.8,0
M07384,Type_17,60.03,3.97,220.6,9.3,1.846,874.6,0
M07385,Type_04,44.87,2.88,226.9,15.53,3.171,172.3,0
M07386,Type_21,83.27,3.67,219.0,14.37,2.832,631.2,0
M07387,Type_22,69.4,2.47,218.8,44.37,8.737,99.5,1
M07388,Type_04,63.71,1.63,233.0,13.34,2.797,663.0,0
M07389,Type_22,64.19,0.1,230.6,21.87,4.539,447.0,0
M07390,Type_05,59.55,1.74,220.1,13.17,2.609,120.6,0
M07391,Type_24,46.24,0.29,217.8,15.21,2.981,565.4,0
M07392,Type_22,62.5,3.18,214.9,13.59,2.628,984.3,0
M07393,Type_20,72.09,3.21,211.2,10.5,1.996,997.9,0
M07394,Type_11,79.25,4.44,216.3,11.16,2.173,489.2,0
M07395,Type_09,58.4,1.21,211.6,15.49,2.95,421.2,0
M07396,Type_23,48.58,3.9,224.4,16.09,3.25,924.4,0
M07397,Type_21,50.92,1.26,213.0,14.37,2.755,349.8,0
M07398,Type_03,55.86,0.1,213.9,16.66,3.207,306.6,0
M07399,Type_21,61.3,3.35,221.3,19.38,3.86,509.0,0
M07400,Type_07,63.24,1.12,223.3,12.03,2.418,223.3,0
M07401,Type_12,59.48,1.36,223.1,19.34,3.883,995.9,0
M07402,Type_18,64.76,0.1,202.2,17.22,3.134,716.5,1
M07403,Type_22,73.58,1.65,214.9,10.23,1.979,348.7,0
M07404,Type_10,64.79,1.24,220.3,12.99,2.576,90.7,0
M07405,Type_05,69.84,2.15,219.5,11.88,2.347,472.0,0
M07406,Type_22,87.09,3.28,227.6,16.47,3.374,361.2,0
M07407,Type_24,53.96,3.24,227.6,10.54,2.159,462.8,0
M07408,Type_19,72.51,1.74,227.8,14.61,2.995,938.3,0
M07409,Type_08,60.63,4.21,218.9,14.9,2.935,895.6,0
M07410,Type_16,71.75,2.17,218.8,11.09,2.184,109.2,0
M07411,Type_15,76.36,0.1,213.3,15.45,2.966,341.0,0
M07412,Type_25,69.04,4.11,219.3,12.06,2.38,492.2,0
M07413,Type_11,95.85,7.95,236.5,55.56,11.826,769.0,1
M07414,Type_20,59.13,1.64,222.9,16.58,3.326,856.3,0
M07415,Type_16,62.89,1.22,200.0,15.74,2.833,155.7,1
M07416,Type_11,53.13,1.38,219.6,18.46,3.648,924.0,0
M07417,Type_05,69.95,2.58,227.7,14.47,2.965,209.2,0
M07418,Type_05,71.52,1.34,209.3,14.98,2.822,670.9,0
M07419,Type_24,57.01,2.66,213.8,11.03,2.122,741.7,0
M07420,Type_04,57.14,0.69,224.8,19.25,3.895,759.9,0
M07421,Type_06,75.51,2.18,220.1,13.58,2.69,967.0,0
M07422,Type_09,117.79,5.27,250.0,35.04,7.884,954.1,1
M07423,Type_25,46.84,1.96,217.4,16.62,3.252,231.2,0
M07424,Type_19,75.47,1.14,218.6,19.52,3.84,715.6,0
M07425,Type_13,51.87,1.76,217.3,10.71,2.095,431.3,0
M07426,Type_05,66.71,2.02,226.4,20.04,4.083,409.9,0
M07427,Type_18,69.16,1.41,212.3,53.39,10.201,931.7,1
M07428,Type_25,61.85,0.99,226.1,16.19,3.295,803.4,0
M07429,Type_13,60.96,0.7,219.4,4.32,0.853,858.7,1
M07430,Type_21,80.84,0.74,227.7,11.77,2.412,974.0,0
M07431,Type_05,61.04,2.46,215.7,18.67,3.624,216.5,0
M07432,Type_18,57.29,2.0,217.7,9.85,1.93,339.8,0
M07433,Type_06,62.98,2.6,222.7,16.76,3.359,686.3,0
M07434,Type_25,67.42,2.14,212.3,18.93,3.617,479.2,0
M07435,Type_11,69.98,2.19,221.0,12.92,2.57,363.3,0
M07436,Type_09,82.44,2.58,207.9,15.74,2.945,421.9,0
M07437,Type_16,66.53,2.45,224.0,13.37,2.695,446.3,0
M07438,Type_25,59.04,2.04,227.3,13.35,2.731,402.7,0
M07439,Type_10,66.19,1.52,223.8,11.56,2.328,404.0,0
M07440,Type_23,68.57,1.47,214.1,12.96,2.497,831.2,0
M07441,Type_16,57.49,2.65,213.0,22.32,4.279,810.4,0
M07442,Type_04,68.4,2.65,218.9,20.4,4.019,898.4,0
M07443,Type_18,58.25,1.4,218.7,15.08,2.968,847.2,0
M07444,Type_14,70.28,2.72,221.7,12.39,2.472,749.4,0
M07445,Type_01,66.41,2.02,218.1,18.13,3.559,659.4,0
M07446,Type_10,83.8,2.04,229.3,9.71,2.004,767.3,0
M07447,Type_23,73.41,2.68,219.6,16.06,3.174,715.1,0
M07448,Type_04,57.66,1.92,222.1,12.93,2.585,564.1,0
M07449,Type_08,59.56,2.11,240.6,19.54,4.231,247.7,1
M07450,Type_01,67.15,2.24,207.6,11.72,2.19,390.0,1
M07451,Type_08,75.02,3.08,219.9,10.29,2.036,223.0,0
M07452,Type_12,74.76,0.1,219.2,12.09,2.385,127.7,0
M07453,Type_01,52.49,1.24,223.3,14.38,2.89,72.9,0
M07454,Type_15,57.62,0.21,218.3,12.88,2.531,319.4,0
M07455,Type_01,67.64,2.21,222.0,16.85,3.367,394.5,0
M07456,Type_06,74.92,1.78,226.3,13.35,2.719,459.3,0
M07457,Type_21,59.21,2.65,220.0,15.39,3.047,995.8,0
M07458,Type_14,43.81,1.96,222.6,13.52,2.709,593.0,0
M07459,Type_15,68.5,2.49,228.6,11.58,2.382,313.4,0
M07460,Type_17,56.03,2.81,222.9,13.26,2.66,186.9,0
M07461,Type_25,61.79,3.38,221.4,14.7,2.929,796.1,0
M07462,Type_13,69.38,1.75,223.8,11.59,2.334,713.0,0
M07463,Type_24,60.57,0.47,221.3,17.19,3.424,821.5,0
M07464,Type_01,69.12,2.51,214.2,18.89,3.642,346.5,0
M07465,Type_01,51.1,1.67,224.4,14.79,2.987,55.2,0
M07466,Type_18,59.94,2.82,222.0,15.36,3.069,603.6,0
M07467,Type_15,66.0,1.2,212.4,18.8,3.594,392.2,0
M07468,Type_12,60.35,1.41,224.5,16.73,3.38,133.3,0
M07469,Type_15,68.15,2.29,215.8,12.08,2.346,488.7,0
M07470,Type_03,68.68,2.69,224.1,12.16,2.453,705.0,0
M07471,Type_21,63.9,2.94,218.3,15.98,3.14,368.1,0
M07472,Type_20,59.49,3.72,226.6,15.4,3.141,806.2,0
M07473,Type_11,78.77,3.93,213.4,13.06,2.508,871.1,0
M07474,Type_11,61.86,0.41,221.9,17.09,3.413,414.4,0
M07475,Type_14,74.23,1.66,227.5,8.82,1.806,678.3,0
M07476,Type_24,52.05,2.18,228.6,15.33,3.154,352.5,0
M07477,Type_19,74.12,2.95,218.2,14.16,2.781,105.5,0
M07478,Type_07,72.06,0.82,219.5,14.75,2.914,634.6,0
M07479,Type_21,68.12,1.25,215.5,19.09,3.703,243.5,0
M07480,Type_19,61.39,2.03,222.1,16.15,3.228,484.6,0
M07481,Type_22,116.27,1.76,224.7,14.99,3.031,813.6,1
M07482,Type_16,42.97,2.27,215.8,15.13,2.939,854.0,0
M07483,Type_12,73.93,1.12,216.7,19.81,3.864,197.9,0
M07484,Type_23,67.21,1.73,223.8,13.95,2.81,852.9,0
M07485,Type_10,67.65,0.78,226.1,9.35,1.903,325.4,0
M07486,Type_24,67.07,0.94,200.0,12.23,2.201,563.4,1
M07487,Type_25,75.15,0.45,244.1,13.98,3.071,928.7,1
M07488,Type_07,67.52,2.42,211.5,20.56,3.914,191.1,0
M07489,Type_22,68.94,2.84,214.9,23.69,4.582,891.0,0
M07490,Type_24,68.41,3.17,217.2,11.0,2.15,363.4,0
M07491,Type_22,75.88,0.81,230.1,14.43,2.988,242.7,0
M07492,Type_08,66.13,4.24,227.2,13.2,2.699,459.0,0
M07493,Type_01,69.07,2.47,222.9,16.17,3.244,161.4,0
M07494,Type_20,76.04,1.86,223.6,14.88,2.994,302.3,0
M07495,Type_03,73.26,1.94,218.8,15.49,3.05,888.8,0
M07496,Type_01,76.8,3.54,220.3,11.71,2.322,680.2,0
M07497,Type_17,58.59,0.96,221.8,11.17,2.23,550.0,0
M07498,Type_12,63.93,1.76,222.2,13.81,2.762,401.3,0
M07499,Type_12,66.67,2.18,210.0,14.93,2.822,922.8,0
M07500,Type_20,60.21,1.67,230.0,17.52,3.627,342.7,0
M07501,Type_04,65.7,1.92,219.6,10.69,2.113,129.5,0
M07502,Type_12,74.95,3.82,225.6,14.76,2.997,753.5,0
M07503,Type_07,54.59,3.25,227.3,13.62,2.786,569.2,0
M07504,Type_20,66.91,2.91,226.5,17.63,3.594,693.0,0
M07505,Type_03,86.19,5.11,220.1,17.29,3.425,291.2,1
M07506,Type_25,63.09,0.1,213.4,9.1,1.748,856.6,0
M07507,Type_04,53.26,3.4,223.5,11.79,2.372,649.4,0
M07508,Type_12,57.64,3.36,223.8,7.29,1.468,897.6,0
M07509,Type_07,55.13,2.25,213.3,16.52,3.171,421.0,0
M07510,Type_19,49.9,3.0,217.4,54.97,10.755,995.4,1
M07511,Type_22,63.65,1.07,221.6,12.06,2.405,132.5,0
M07512,Type_21,59.53,2.12,222.4,8.78,1.757,856.1,1
M07513,Type_15,63.71,10.64,226.4,15.05,3.067,918.8,1
M07514,Type_08,56.83,1.33,224.2,12.8,2.583,916.3,0
M07515,Type_09,73.79,0.75,221.7,14.4,2.873,327.6,0
M07516,Type_22,59.72,2.56,217.4,17.28,3.381,564.1,0
M07517,Type_14,59.26,0.1,226.9,13.33,2.722,797.4,0
M07518,Type_25,56.09,1.82,227.8,13.5,2.768,534.1,0
M07519,Type_16,82.02,2.25,216.3,21.74,4.232,986.7,0
M07520,Type_19,56.87,2.54,219.0,8.98,1.77,693.6,0
M07521,Type_04,54.71,1.91,217.5,19.08,3.735,959.0,0
M07522,Type_20,49.04,3.07,214.9,12.36,2.391,744.3,0
M07523,Type_18,69.11,0.1,218.3,16.27,3.197,392.2,0
M07524,Type_03,77.16,1.61,222.5,11.09,2.221,175.0,0
M07525,Type_06,56.34,0.1,210.8,12.85,2.438,399.6,0
M07526,Type_18,69.36,3.3,214.2,16.84,3.246,826.5,0
M07527,Type_25,68.25,1.33,212.4,18.27,3.492,832.8,0
M07528,Type_12,67.55,4.26,226.8,13.85,2.827,924.0,0
M07529,Type_09,77.75,1.94,221.7,14.46,2.885,860.0,0
M07530,Type_03,66.15,0.75,215.0,15.92,3.081,147.9,0
M07531,Type_09,51.59,0.44,226.9,13.83,2.824,612.4,0
M07532,Type_09,68.8,2.61,219.3,18.68,3.687,446.3,0
M07533,Type_21,69.03,0.9,213.7,20.25,3.895,422.8,0
M07534,Type_23,68.54,1.22,215.4,17.84,3.458,138.2,0
M07535,Type_20,59.35,2.04,217.2,21.01,4.107,82.9,0
M07536,Type_12,80.47,1.57,221.3,12.16,2.422,361.8,0
M07537,Type_16,53.87,1.28,215.7,11.5,2.232,521.2,0
M07538,Type_21,55.09,2.25,220.7,18.09,3.593,906.2,0
M07539,Type_12,44.21,0.94,221.1,15.49,3.082,491.2,0
M07540,Type_15,57.37,1.8,231.9,9.63,2.01,439.1,0
M07541,Type_05,65.29,3.72,223.2,14.24,2.861,349.2,0
M07542,Type_20,57.16,3.07,218.1,16.54,3.247,504.4,0
M07543,Type_02,64.96,1.95,216.3,9.24,1.799,63.0,1
M07544,Type_22,57.74,1.52,223.9,19.51,3.931,361.3,0
M07545,Type_03,61.79,2.91,220.6,7.02,1.394,341.2,0
M07546,Type_13,73.85,2.92,219.0,11.61,2.288,340.0,0
M07547,Type_20,69.39,0.27,218.3,12.8,2.515,952.9,0
M07548,Type_01,75.78,1.84,221.8,21.62,4.316,168.6,0
M07549,Type_02,43.16,2.58,226.4,11.07,2.256,534.5,0
M07550,Type_10,62.12,3.15,222.3,12.01,2.403,904.7,0
M07551,Type_06,70.78,2.73,215.7,18.55,3.601,249.6,0
M07552,Type_06,73.96,0.37,220.2,15.07,2.987,558.3,0
M07553,Type_05,84.04,2.54,215.7,10.15,1.97,247.2,0
M07554,Type_14,54.2,2.7,224.9,15.85,3.208,722.0,0
M07555,Type_03,70.55,2.07,231.3,15.34,3.193,230.6,0
M07556,Type_13,56.05,3.68,225.5,15.45,3.136,806.3,0
M07557,Type_12,57.7,1.94,222.7,19.53,3.914,224.4,0
M07558,Type_06,45.35,1.58,216.9,12.08,2.358,185.5,0
M07559,Type_09,64.1,1.8,224.9,18.22,3.688,526.7,0
M07560,Type_15,67.7,2.9,218.2,16.55,3.25,780.9,0
M07561,Type_02,75.49,0.83,217.4,14.29,2.796,499.6,0
M07562,Type_11,66.46,1.95,214.8,19.65,3.799,559.2,0
M07563,Type_20,50.7,2.12,223.3,19.22,3.863,462.8,0
M07564,Type_16,72.34,1.7,226.3,14.92,3.039,912.7,0
M07565,Type_25,92.29,2.83,219.9,21.14,4.184,134.8,0
M07566,Type_08,56.54,2.14,220.5,19.93,3.955,256.0,0
M07567,Type_09,68.92,1.0,220.9,16.64,3.308,436.9,0
M07568,Type_01,54.43,2.37,218.4,13.45,2.644,239.2,0
M07569,Type_20,62.73,3.66,218.6,10.08,1.983,601.1,0
M07570,Type_16,70.31,3.0,219.8,13.2,2.611,459.5,0
M07571,Type_17,67.06,3.79,228.2,11.18,2.296,494.9,0
M07572,Type_06,68.8,1.51,221.3,13.87,2.762,744.3,0
M07573,Type_02,53.01,1.86,214.5,15.91,3.071,892.1,0
M07574,Type_08,79.41,1.58,228.3,11.55,2.373,617.2,0
M07575,Type_19,39.28,3.17,215.8,12.99,2.523,806.0,0
M07576,Type_02,77.59,1.81,220.5,14.18,2.814,850.9,0
M07577,Type_23,71.17,2.52,212.5,12.03,2.301,823.9,0
M07578,Type_01,67.14,3.16,226.7,16.56,3.379,526.0,0
M07579,Type_01,66.89,0.1,227.0,18.1,3.698,217.3,0
M07580,Type_15,54.6,0.47,224.8,15.85,3.207,532.8,0
M07581,Type_16,58.86,0.73,219.5,19.93,3.937,997.5,0
M07582,Type_25,72.9,1.81,225.5,16.04,3.255,657.0,0
M07583,Type_17,57.14,2.41,211.0,15.14,2.875,271.4,0
M07584,Type_04,52.05,1.0,211.2,12.9,2.452,431.3,0
M07585,Type_07,69.88,0.97,208.7,11.86,2.228,725.0,0
M07586,Type_05,65.76,1.29,223.2,12.25,2.461,641.4,0
M07587,Type_05,66.34,2.57,216.8,14.04,2.739,56.8,0
M07588,Type_16,48.89,1.78,213.6,20.46,3.933,219.5,0
M07589,Type_19,58.74,2.64,223.5,18.84,3.79,596.4,0
M07590,Type_04,72.56,3.77,215.6,18.51,3.592,541.6,0
M07591,Type_03,50.92,0.76,217.4,16.04,3.138,369.1,0
M07592,Type_16,78.03,2.32,218.6,16.02,3.152,121.7,0
M07593,Type_17,58.31,2.3,226.9,48.14,9.831,524.3,1
M07594,Type_21,65.68,2.27,218.0,16.79,3.294,255.0,0
M07595,Type_04,66.09,3.09,215.5,21.38,4.147,358.3,0
M07596,Type_21,68.35,0.1,222.4,10.78,2.158,314.1,0
M07597,Type_22,75.2,3.55,219.2,11.62,2.292,79.6,0
M07598,Type_13,54.97,1.47,224.6,43.91,8.876,581.4,1
M07599,Type_01,68.94,1.73,220.8,11.4,2.265,810.6,0
M07600,Type_20,50.83,0.43,215.7,19.27,3.741,280.7,0
M07601,Type_13,58.54,1.6,221.1,5.59,1.112,151.4,1
M07602,Type_22,59.37,1.97,226.5,18.12,3.694,801.8,0
M07603,Type_10,52.7,1.33,216.0,16.48,3.204,408.6,0
M07604,Type_22,70.89,3.15,227.6,14.08,2.884,355.8,0
M07605,Type_11,70.14,3.26,213.7,15.17,2.918,844.5,0
M07606,Type_11,69.78,2.11,222.6,15.4,3.085,941.3,0
M07607,Type_02,61.16,0.8,220.8,16.45,3.269,887.3,0
M07608,Type_24,87.31,3.1,217.5,11.73,2.296,260.2,1
M07609,Type_08,72.12,0.92,224.4,17.27,3.488,524.9,0
M07610,Type_14,66.47,0.36,215.1,14.26,2.761,764.5,0
M07611,Type_23,63.37,0.1,219.1,9.1,1.794,305.4,0
M07612,Type_17,85.38,1.74,217.8,16.08,3.152,836.6,0
M07613,Type_04,56.61,2.42,225.2,16.59,3.362,273.6,0
M07614,Type_12,77.3,1.01,222.7,11.11,2.227,895.4,0
M07615,Type_04,65.09,2.94,220.3,15.3,3.034,426.0,0
M07616,Type_25,57.75,1.02,225.2,10.39,2.106,974.2,0
M07617,Type_18,65.13,1.79,212.1,13.69,2.613,886.8,0
M07618,Type_20,55.86,2.53,221.1,10.1,2.01,364.2,0
M07619,Type_16,67.02,3.35,215.5,18.37,3.563,761.7,0
M07620,Type_08,54.18,2.61,222.0,16.56,3.309,912.2,0
M07621,Type_02,59.64,1.91,222.9,20.83,4.179,347.4,0
M07622,Type_25,63.49,1.89,221.8,12.5,2.495,172.8,0
M07623,Type_02,77.57,0.2,200.0,11.24,2.023,430.1,1
M07624,Type_03,61.66,1.66,217.6,20.69,4.052,977.3,0
M07625,Type_12,72.86,1.7,221.1,15.66,3.116,390.0,0
M07626,Type_01,73.24,1.45,234.5,14.53,3.067,361.0,1
M07627,Type_21,60.1,1.49,219.1,21.13,4.167,431.5,0
M07628,Type_06,82.85,2.56,216.3,18.81,3.662,596.9,0
M07629,Type_10,62.45,1.1,215.6,13.37,2.594,481.5,0
M07630,Type_05,82.47,1.12,200.0,18.29,3.292,577.4,1
M07631,Type_02,61.68,4.55,225.4,14.16,2.872,343.5,0
M07632,Type_04,50.02,1.81,229.5,15.82,3.268,342.4,0
M07633,Type_23,82.08,11.77,219.1,16.88,3.329,766.5,1
M07634,Type_01,61.34,1.31,216.5,12.38,2.412,569.7,0
M07635,Type_23,66.67,1.34,224.4,14.67,2.963,258.3,0
M07636,Type_13,59.5,1.35,222.9,14.33,2.875,856.8,0
M07637,Type_18,41.8,2.38,225.7,11.72,2.381,977.8,0
M07638,Type_16,58.55,2.52,221.3,14.81,2.95,786.9,0
M07639,Type_03,70.86,1.69,217.3,13.25,2.591,893.8,0
M07640,Type_09,77.34,2.07,219.9,13.6,2.692,116.4,0
M07641,Type_24,71.9,3.2,223.5,11.63,2.339,974.9,0
M07642,Type_15,74.61,0.72,223.7,15.69,3.159,364.0,0
M07643,Type_05,59.02,0.22,223.6,17.46,3.514,821.2,0
M07644,Type_17,73.08,1.83,200.0,15.6,2.808,782.2,1
M07645,Type_23,76.49,2.92,215.3,17.78,3.445,100.5,0
M07646,Type_11,60.1,1.9,219.3,15.5,3.059,89.2,0
M07647,Type_06,53.33,0.77,217.5,13.6,2.662,571.9,0
M07648,Type_06,51.4,0.81,223.7,20.27,4.081,424.9,0
M07649,Type_21,69.51,1.86,219.8,11.0,2.176,603.5,0
M07650,Type_03,66.22,1.36,221.8,14.85,2.964,481.6,0
M07651,Type_12,68.95,1.82,226.6,11.28,2.3,157.5,0
M07652,Type_13,75.1,2.53,220.5,17.98,3.568,564.3,0
M07653,Type_14,61.77,2.49,230.7,14.36,2.982,698.0,1
M07654,Type_14,60.73,1.92,218.3,11.17,2.195,412.7,0
M07655,Type_23,91.91,3.07,222.2,11.05,2.21,903.9,0
M07656,Type_22,51.53,2.16,214.0,3.98,0.767,72.8,1
M07657,Type_13,66.33,0.75,223.3,13.87,2.787,112.4,0
M07658,Type_18,61.63,1.35,215.9,12.45,2.419,716.0,0
M07659,Type_20,76.93,2.42,213.9,11.46,2.206,859.7,0
M07660,Type_03,32.62,2.05,214.5,11.66,2.251,781.3,0
M07661,Type_01,68.94,2.39,219.2,20.34,4.013,254.6,0
M07662,Type_13,59.38,1.67,218.2,16.01,3.144,986.5,0
M07663,Type_18,56.96,6.14,217.7,13.52,2.649,536.2,1
M07664,Type_08,72.16,2.34,214.0,16.61,3.199,987.1,0
M07665,Type_13,62.1,3.74,208.5,21.06,3.952,392.6,0
M07666,Type_15,76.23,3.1,214.8,13.68,2.645,186.8,0
M07667,Type_22,74.37,1.49,200.0,17.76,3.197,507.4,1
M07668,Type_10,49.27,3.96,227.9,10.99,2.254,658.3,0
M07669,Type_10,59.51,1.72,216.5,16.79,3.272,695.1,0
M07670,Type_15,59.72,1.88,223.7,8.62,1.735,67.6,0
M07671,Type_11,67.61,2.01,215.6,14.51,2.816,200.5,0
M07672,Type_25,52.17,0.63,225.1,12.82,2.597,53.4,0
M07673,Type_16,68.33,1.28,224.0,14.88,3.0,149.9,0
M07674,Type_07,72.76,1.33,211.3,18.91,3.596,53.6,0
M07675,Type_15,57.83,2.49,213.8,39.91,7.679,322.7,1
M07676,Type_23,48.09,1.74,214.4,16.82,3.246,631.1,0
M07677,Type_09,121.85,6.58,243.4,38.71,8.48,296.0,1
M07678,Type_21,61.54,2.95,221.7,16.49,3.29,305.0,0
M07679,Type_20,80.15,1.69,219.1,11.77,2.321,627.1,0
M07680,Type_23,45.97,1.2,224.8,18.76,3.796,473.3,0
M07681,Type_15,73.82,1.99,219.4,18.47,3.647,94.4,0
M07682,Type_19,61.11,3.7,224.5,10.06,2.033,484.5,0
M07683,Type_06,67.55,2.29,224.8,13.38,2.707,380.1,0
M07684,Type_17,78.3,2.78,225.7,16.84,3.421,176.6,0
M07685,Type_01,115.17,7.66,236.1,54.85,11.655,531.5,1
M07686,Type_04,65.0,0.1,216.4,14.67,2.857,725.1,0
M07687,Type_23,49.18,0.1,219.6,16.1,3.182,266.2,0
M07688,Type_18,58.03,1.75,224.4,23.73,4.793,735.6,0
M07689,Type_12,101.2,2.25,219.0,21.36,4.21,931.7,1
M07690,Type_08,66.32,1.06,214.0,10.93,2.105,989.1,0
M07691,Type_18,85.18,2.05,225.6,12.38,2.514,583.0,0
M07692,Type_06,42.23,2.63,216.2,14.31,2.784,698.2,0
M07693,Type_22,58.21,0.93,233.2,13.85,2.907,931.9,0
M07694,Type_03,66.94,1.93,226.7,14.6,2.979,577.4,0
M07695,Type_23,56.52,1.14,223.7,14.6,2.939,763.0,0
M07696,Type_06,62.86,2.54,221.5,15.94,3.178,767.4,0
M07697,Type_21,52.5,2.61,221.4,18.67,3.72,668.2,0
M07698,Type_11,58.97,1.14,228.1,16.25,3.336,757.4,0
M07699,Type_17,69.27,1.9,238.3,18.68,4.006,282.5,1
M07700,Type_21,59.32,1.85,220.3,11.93,2.365,690.9,0
M07701,Type_25,62.26,0.1,211.7,15.22,2.9,789.4,0
M07702,Type_03,56.75,1.16,218.3,18.15,3.566,953.2,0
M07703,Type_04,76.48,1.84,227.1,16.83,3.44,851.3,0
M07704,Type_20,57.29,1.4,221.0,9.91,1.971,381.8,0
M07705,Type_17,58.08,1.6,223.3,21.64,4.349,877.3,0
M07706,Type_06,59.49,3.89,219.1,9.47,1.867,528.5,0
M07707,Type_05,49.39,1.76,221.6,16.99,3.388,407.4,0
M07708,Type_16,62.83,3.15,209.1,14.43,2.716,711.4,0
M07709,Type_07,64.12,0.91,222.5,11.78,2.359,87.1,0
M07710,Type_11,69.29,1.27,222.3,13.08,2.617,485.1,0
M07711,Type_23,54.47,2.02,222.4,16.41,3.285,913.5,0
M07712,Type_15,65.71,1.72,220.8,18.17,3.611,795.8,0
M07713,Type_17,65.92,3.67,210.3,16.61,3.144,860.3,0
M07714,Type_17,65.79,3.09,220.2,14.75,2.923,626.8,0
M07715,Type_23,52.61,2.56,226.1,10.56,2.149,992.8,0
M07716,Type_17,56.27,1.34,219.8,14.91,2.949,232.7,0
M07717,Type_24,57.85,1.05,220.9,17.92,3.563,637.3,0
M07718,Type_03,67.76,1.66,216.3,16.12,3.138,491.8,0
M07719,Type_03,61.2,1.93,220.7,12.01,2.386,832.1,0
M07720,Type_02,45.32,1.91,222.6,17.41,3.488,158.8,0
M07721,Type_16,77.79,2.99,209.4,17.58,3.313,514.9,0
M07722,Type_22,61.57,1.54,218.0,11.03,2.164,965.7,0
M07723,Type_08,52.18,1.66,225.2,12.03,2.438,146.6,0
M07724,Type_25,71.98,1.86,223.4,15.1,3.036,925.9,0
M07725,Type_15,61.34,2.21,215.6,13.29,2.579,407.6,0
M07726,Type_16,81.06,3.7,215.7,49.55,9.619,772.8,1
M07727,Type_05,70.61,1.72,219.6,16.61,3.283,872.3,0
M07728,Type_05,56.9,2.15,226.7,9.83,2.006,380.1,0
M07729,Type_09,65.56,1.91,224.9,16.94,3.429,63.0,0
M07730,Type_22,44.01,2.07,215.5,16.51,3.202,200.6,0
M07731,Type_06,69.44,2.77,219.4,17.65,3.485,768.0,0
M07732,Type_15,39.49,2.16,216.0,15.96,3.103,273.6,0
M07733,Type_24,57.42,0.62,218.3,16.11,3.165,286.5,0
M07734,Type_11,44.99,1.42,221.8,15.0,2.994,754.0,0
M07735,Type_22,58.22,2.21,221.7,12.36,2.466,356.2,0
M07736,Type_25,66.7,2.93,223.4,11.82,2.377,370.6,0
M07737,Type_04,71.13,2.59,216.4,18.56,3.615,860.6,0
M07738,Type_15,68.99,2.31,224.1,11.79,2.378,762.0,0
M07739,Type_12,61.25,2.11,208.2,11.3,2.117,600.8,0
M07740,Type_24,87.44,3.15,214.1,11.22,2.162,415.5,1
M07741,Type_18,44.6,5.28,221.6,16.0,3.191,319.6,1
M07742,Type_01,57.98,1.36,220.3,17.0,3.371,416.7,0
M07743,Type_14,67.69,2.67,228.2,13.59,2.791,867.4,0
M07744,Type_01,60.65,1.22,224.3,16.32,3.295,264.1,0
M07745,Type_09,54.64,2.23,220.4,21.06,4.177,826.6,0
M07746,Type_01,67.44,1.28,222.9,15.24,3.057,616.8,0
M07747,Type_13,72.36,2.38,220.9,14.9,2.962,266.7,0
M07748,Type_18,74.14,2.99,215.9,14.77,2.87,146.9,0
M07749,Type_11,63.3,2.59,216.3,14.54,2.831,167.4,0
M07750,Type_21,68.45,3.11,236.8,15.8,3.367,812.9,1
M07751,Type_22,56.29,1.85,214.3,10.03,1.934,624.8,0
M07752,Type_24,65.13,2.59,225.6,58.35,11.847,206.6,1
M07753,Type_06,66.35,1.57,222.7,15.91,3.189,517.0,0
M07754,Type_07,42.28,1.53,217.9,16.47,3.23,266.3,0
M07755,Type_18,76.99,2.59,200.0,17.41,3.134,468.9,1
M07756,Type_19,81.87,2.7,222.1,16.73,3.344,466.0,0
M07757,Type_15,70.73,3.57,223.4,6.06,1.218,773.1,0
M07758,Type_07,83.33,1.98,215.9,12.88,2.503,317.3,0
M07759,Type_25,77.08,2.54,224.4,12.61,2.547,483.3,0
M07760,Type_05,64.39,1.83,216.3,17.15,3.339,994.8,0
M07761,Type_18,76.34,1.33,217.1,13.02,2.544,727.1,0
M07762,Type_23,55.35,3.86,215.3,18.82,3.647,480.0,0
M07763,Type_18,59.23,1.94,227.0,17.87,3.651,255.4,0
M07764,Type_02,56.68,2.97,218.2,17.12,3.362,88.2,0
M07765,Type_19,71.01,2.26,208.7,9.95,1.869,891.3,0
M07766,Type_07,59.29,2.16,220.9,18.69,3.716,813.0,0
M07767,Type_18,69.02,1.93,234.2,14.33,3.02,472.6,0
M07768,Type_04,40.63,0.98,217.6,18.53,3.629,902.8,0
M07769,Type_06,94.19,1.2,219.2,16.7,3.295,493.8,1
M07770,Type_16,65.88,2.14,227.9,14.23,2.919,517.1,0
M07771,Type_16,91.18,1.46,219.1,11.78,2.323,180.4,0
M07772,Type_08,59.71,2.13,236.6,20.0,4.259,479.1,1
M07773,Type_18,63.01,1.39,209.9,17.45,3.296,229.5,0
M07774,Type_04,63.33,2.78,226.1,16.53,3.364,166.2,0
M07775,Type_13,59.09,0.1,218.0,13.25,2.6,82.4,0
M07776,Type_08,106.83,0.38,228.7,13.38,2.754,885.6,1
M07777,Type_25,44.35,3.0,226.5,17.76,3.62,529.2,0
M07778,Type_25,65.04,1.63,221.2,21.89,4.358,751.2,0
M07779,Type_16,68.9,1.07,220.1,13.4,2.654,53.4,0
M07780,Type_19,77.59,0.86,212.2,10.58,2.021,798.9,0
M07781,Type_20,68.22,2.19,218.7,13.08,2.575,245.1,0
M07782,Type_07,72.23,1.43,215.3,17.3,3.352,795.5,0
M07783,Type_19,95.11,1.32,217.0,17.59,3.435,957.9,0
M07784,Type_03,81.74,9.67,249.4,58.59,13.151,55.8,1
M07785,Type_03,66.98,1.31,224.4,14.93,3.015,216.2,0
M07786,Type_13,50.84,0.1,222.0,14.33,2.863,228.9,0
M07787,Type_09,117.71,5.17,250.9,33.08,7.47,977.8,1
M07788,Type_14,51.63,0.27,226.0,15.49,3.151,208.9,0
M07789,Type_04,90.45,2.11,216.5,11.39,2.219,915.8,1
M07790,Type_12,58.19,0.97,228.0,16.76,3.439,676.7,0
M07791,Type_11,65.65,2.19,212.9,14.52,2.782,758.4,0
M07792,Type_20,67.98,1.31,223.3,18.59,3.736,130.1,0
M07793,Type_17,59.78,0.62,223.1,16.66,3.345,215.1,0
M07794,Type_23,67.0,2.73,218.0,12.41,2.435,934.5,0
M07795,Type_19,93.86,1.31,223.3,16.44,3.304,728.0,0
M07796,Type_21,62.12,3.14,219.4,12.93,2.553,709.8,0
M07797,Type_21,48.08,2.7,215.4,19.09,3.701,799.5,0
M07798,Type_04,63.35,1.52,207.6,12.83,2.397,866.6,1
M07799,Type_20,59.88,2.4,222.0,15.39,3.075,475.2,0
M07800,Type_23,53.53,1.42,217.7,17.59,3.446,245.2,0
M07801,Type_02,53.2,2.0,211.5,16.35,3.112,333.5,0
M07802,Type_06,45.52,1.08,223.4,15.44,3.104,987.2,0
M07803,Type_01,78.86,3.86,220.9,13.66,2.716,235.3,0
M07804,Type_02,68.08,2.1,215.3,13.38,2.593,423.6,0
M07805,Type_17,57.63,2.68,221.9,16.74,3.343,465.1,0
M07806,Type_06,55.53,1.4,222.0,18.0,3.596,829.7,0
M07807,Type_08,79.0,2.83,210.4,17.31,3.278,724.9,0
M07808,Type_04,72.25,1.99,216.2,16.26,3.164,460.1,0
M07809,Type_02,64.4,3.37,220.7,16.08,3.194,700.6,0
M07810,Type_05,88.4,2.31,217.6,19.21,3.762,213.6,0
M07811,Type_01,57.16,0.1,223.2,13.47,2.706,815.4,0
M07812,Type_07,78.65,0.96,214.3,12.76,2.461,94.3,0
M07813,Type_17,63.17,1.26,211.1,23.81,4.524,900.3,0
M07814,Type_15,68.76,1.58,225.5,13.1,2.659,704.8,0
M07815,Type_19,69.47,0.49,217.6,19.19,3.758,244.5,0
M07816,Type_17,81.95,1.81,200.0,11.95,2.151,549.4,1
M07817,Type_10,116.19,6.02,237.7,53.65,11.477,824.1,1
M07818,Type_12,82.46,2.44,219.5,4.26,0.842,644.0,1
M07819,Type_03,65.58,1.85,217.9,17.85,3.501,212.5,0
M07820,Type_20,75.19,1.75,218.7,15.66,3.082,79.6,0
M07821,Type_03,68.04,3.19,216.4,12.42,2.419,604.6,0
M07822,Type_01,78.72,1.35,228.6,14.56,2.996,230.0,0
M07823,Type_25,70.72,3.01,214.1,17.43,3.359,732.5,0
M07824,Type_22,60.88,1.88,227.2,21.13,4.321,723.8,0
M07825,Type_23,63.97,1.98,218.5,15.94,3.135,805.7,0
M07826,Type_19,71.5,2.31,224.4,16.6,3.353,360.6,0
M07827,Type_24,76.4,1.46,226.0,3.18,0.647,404.9,1
M07828,Type_06,49.86,1.83,211.3,13.52,2.571,430.6,0
M07829,Type_12,74.5,2.67,221.4,24.92,4.966,875.8,0
M07830,Type_19,74.96,0.76,218.3,13.92,2.735,347.3,0
M07831,Type_22,67.54,2.41,214.9,3.45,0.667,858.5,1
M07832,Type_22,58.74,2.52,223.5,14.35,2.887,860.1,0
M07833,Type_16,61.88,0.1,219.7,17.13,3.387,799.5,0
M07834,Type_11,75.7,1.77,225.4,18.68,3.789,988.5,0
M07835,Type_11,55.61,2.22,222.1,13.67,2.732,146.9,0
M07836,Type_19,77.93,2.12,223.6,14.79,2.976,199.3,0
M07837,Type_10,66.74,1.55,217.2,12.61,2.465,497.7,0
M07838,Type_02,57.77,2.58,220.8,11.7,2.325,248.8,0
M07839,Type_01,85.43,1.43,220.6,13.53,2.686,114.3,0
M07840,Type_02,74.45,2.13,226.0,15.8,3.214,919.1,0
M07841,Type_01,65.59,1.84,225.2,14.24,2.886,205.2,0
M07842,Type_14,65.77,0.6,214.1,13.41,2.584,923.4,0
M07843,Type_05,55.06,1.06,215.1,11.98,2.319,555.2,0
M07844,Type_23,102.29,0.47,226.5,17.26,3.518,504.5,1
M07845,Type_12,63.72,2.57,218.8,17.47,3.44,402.3,0
M07846,Type_11,58.72,3.41,223.9,14.6,2.942,142.5,0
M07847,Type_09,84.0,2.52,216.5,17.18,3.348,409.7,0
M07848,Type_03,52.67,2.26,219.8,17.16,3.395,859.3,0
M07849,Type_17,73.83,3.45,222.5,12.94,2.591,179.1,0
M07850,Type_03,74.85,2.0,217.8,14.45,2.832,479.1,0
M07851,Type_02,59.32,1.98,221.5,21.35,4.256,200.0,0
M07852,Type_22,58.47,1.52,221.5,10.29,2.051,207.1,0
M07853,Type_13,50.59,2.55,211.5,12.08,2.299,928.0,0
M07854,Type_09,60.74,2.24,215.1,14.43,2.794,353.7,0
M07855,Type_24,55.13,2.13,217.8,16.82,3.297,355.0,0
M07856,Type_07,57.66,2.79,238.5,12.8,2.748,433.4,1
M07857,Type_08,105.92,11.05,239.5,55.45,11.952,547.7,1
M07858,Type_17,57.16,2.72,225.5,13.02,2.642,901.8,0
M07859,Type_05,79.26,0.92,218.0,19.21,3.769,562.6,0
M07860,Type_16,63.26,1.3,228.2,15.93,3.272,679.4,0
M07861,Type_12,79.16,1.61,212.4,12.71,2.43,764.7,0
M07862,Type_05,52.9,1.91,219.6,12.67,2.504,526.1,0
M07863,Type_20,64.22,2.42,214.3,17.34,3.344,696.4,0
M07864,Type_15,67.13,3.15,217.4,13.91,2.722,637.9,0
M07865,Type_16,72.67,1.39,215.6,18.07,3.506,176.0,0
M07866,Type_14,52.33,2.35,221.2,14.77,2.94,676.4,0
M07867,Type_01,61.35,2.12,215.2,14.79,2.865,702.9,0
M07868,Type_19,58.18,1.8,221.7,9.29,1.854,276.6,0
M07869,Type_04,67.74,0.1,225.7,12.27,2.492,729.4,0
M07870,Type_14,71.69,3.37,213.4,12.97,2.491,571.6,0
M07871,Type_19,61.97,1.49,225.8,12.12,2.463,843.7,0
M07872,Type_21,62.05,0.73,215.2,15.47,2.996,595.3,0
M07873,Type_17,57.26,0.67,216.6,15.17,2.957,161.5,0
M07874,Type_22,51.22,0.61,229.5,21.23,4.385,113.3,0
M07875,Type_15,73.57,2.26,219.9,12.6,2.494,375.7,0
M07876,Type_02,62.82,1.61,219.4,16.14,3.187,664.0,0
M07877,Type_20,68.51,3.08,212.5,14.52,2.777,493.2,0
M07878,Type_21,73.41,3.02,223.1,17.13,3.44,660.9,0
M07879,Type_15,87.42,1.78,213.2,14.91,2.861,674.4,0
M07880,Type_07,53.3,0.98,216.8,14.19,2.769,646.7,0
M07881,Type_02,62.77,1.69,217.8,16.04,3.144,155.4,0
M07882,Type_02,51.8,0.17,216.6,16.11,3.14,776.6,0
M07883,Type_12,58.22,1.43,220.9,16.81,3.342,110.6,0
M07884,Type_19,64.87,1.65,216.4,11.17,2.175,173.7,0
M07885,Type_08,66.19,2.44,216.6,12.05,2.349,183.4,0
M07886,Type_17,39.53,1.06,227.5,14.62,2.993,523.9,0
M07887,Type_15,78.92,2.26,224.3,15.18,3.064,906.8,0
M07888,Type_19,55.14,2.19,215.0,16.09,3.113,882.8,0
M07889,Type_14,121.02,1.1,216.3,8.31,1.618,483.4,1
M07890,Type_03,57.9,2.61,221.6,4.68,0.933,974.8,1
M07891,Type_22,53.63,4.86,216.1,12.62,2.454,951.5,0
M07892,Type_04,61.22,3.04,223.7,2.73,0.55,386.1,1
M07893,Type_10,59.72,1.42,221.9,16.88,3.371,283.3,0
M07894,Type_20,74.02,1.04,215.2,11.94,2.313,849.9,0
M07895,Type_22,69.35,2.15,227.8,17.9,3.67,441.5,0
M07896,Type_03,75.18,2.17,213.5,14.61,2.807,870.4,0
M07897,Type_03,67.92,1.81,211.6,21.24,4.045,560.7,0
M07898,Type_08,59.81,2.81,222.9,18.8,3.771,327.5,0
M07899,Type_03,69.94,3.19,221.1,14.02,2.79,815.3,0
M07900,Type_06,66.02,3.31,223.0,16.93,3.398,769.8,0
M07901,Type_04,59.24,0.18,214.6,22.27,4.301,274.3,0
M07902,Type_06,59.44,3.63,223.1,14.37,2.885,54.3,0
M07903,Type_01,60.94,1.43,225.5,11.37,2.308,625.1,0
M07904,Type_11,69.32,0.78,218.5,22.28,4.381,199.9,0
M07905,Type_05,69.35,1.8,220.1,15.47,3.064,805.2,0
M07906,Type_20,66.99,0.52,223.4,14.72,2.96,771.4,0
M07907,Type_03,84.43,0.47,224.2,14.07,2.839,396.5,1
M07908,Type_03,74.0,0.95,214.9,22.15,4.284,721.2,0
M07909,Type_15,53.14,1.25,219.2,13.28,2.62,505.6,0
M07910,Type_07,61.27,2.06,211.3,38.02,7.23,350.5,1
M07911,Type_14,67.78,3.01,214.5,16.24,3.135,230.6,0
M07912,Type_14,73.23,0.85,224.6,13.89,2.808,321.1,0
M07913,Type_17,57.47,1.52,214.6,14.94,2.886,451.8,0
M07914,Type_03,68.74,1.58,219.2,14.83,2.926,142.5,0
M07915,Type_12,62.68,2.25,222.5,16.64,3.332,948.4,0
M07916,Type_20,91.57,2.3,219.5,18.22,3.599,467.0,0
M07917,Type_23,66.8,1.22,219.0,15.05,2.966,98.0,0
M07918,Type_16,108.2,8.47,246.6,50.73,11.259,989.9,1
M07919,Type_20,76.77,1.1,224.1,14.02,2.828,971.9,0
M07920,Type_14,64.53,0.54,217.5,12.98,2.541,983.9,0
M07921,Type_16,64.61,2.48,214.0,13.55,2.61,947.9,0
M07922,Type_25,56.14,2.35,224.3,14.17,2.86,678.9,0
M07923,Type_25,60.4,1.7,210.3,17.16,3.248,146.7,0
M07924,Type_08,59.39,2.62,216.7,14.68,2.863,326.0,0
M07925,Type_14,49.61,0.1,217.6,19.22,3.764,104.7,0
M07926,Type_22,112.66,0.84,215.8,17.74,3.445,536.1,1
M07927,Type_10,81.62,2.6,217.4,14.68,2.872,966.8,0
M07928,Type_24,66.74,2.44,222.0,9.94,1.986,566.4,0
M07929,Type_12,66.54,2.44,215.5,21.95,4.257,610.6,0
M07930,Type_14,121.57,0.98,226.5,21.75,4.434,588.9,1
M07931,Type_20,72.12,2.74,215.6,13.14,2.55,802.7,0
M07932,Type_03,59.05,1.44,219.7,13.39,2.648,309.5,0
M07933,Type_13,69.85,0.1,211.2,13.37,2.541,876.3,0
M07934,Type_08,74.19,4.09,215.3,15.79,3.06,791.3,0
M07935,Type_13,74.67,2.46,221.4,49.54,9.871,677.3,1
M07936,Type_03,59.31,2.44,226.1,13.03,2.651,585.3,0
M07937,Type_10,52.26,0.62,224.3,17.14,3.46,451.7,0
M07938,Type_07,72.53,0.75,216.9,15.86,3.096,790.3,0
M07939,Type_25,77.98,0.8,220.3,13.11,2.599,639.2,0
M07940,Type_03,66.54,2.96,217.3,11.38,2.226,419.3,0
M07941,Type_23,62.32,2.23,213.1,10.0,1.918,393.3,0
M07942,Type_15,54.29,2.63,210.9,13.62,2.585,424.2,0
M07943,Type_25,59.54,1.76,224.3,13.02,2.628,914.1,0
M07944,Type_01,54.59,2.69,224.0,12.3,2.48,562.5,0
M07945,Type_08,46.57,2.25,222.1,13.49,2.697,277.4,0
M07946,Type_23,48.33,2.56,218.7,12.69,2.498,395.4,0
M07947,Type_19,56.98,3.23,222.2,15.22,3.044,52.3,0
M07948,Type_21,74.05,0.92,218.9,11.91,2.346,686.8,0
M07949,Type_14,61.12,2.62,225.3,15.21,3.084,725.3,0
M07950,Type_21,72.2,1.29,215.6,12.84,2.491,87.5,0
M07951,Type_10,56.23,2.35,216.0,17.28,3.359,234.9,0
M07952,Type_13,69.99,2.57,218.7,18.71,3.683,977.5,0
M07953,Type_09,72.45,3.35,224.3,15.15,3.058,254.8,0
M07954,Type_03,67.31,3.85,214.2,10.23,1.972,746.5,0
M07955,Type_12,62.1,1.43,218.1,17.41,3.417,882.0,0
M07956,Type_01,68.18,1.54,222.0,18.57,3.71,574.7,0
M07957,Type_21,55.01,1.97,209.8,20.99,3.963,596.6,0
M07958,Type_22,79.25,2.48,213.8,15.81,3.042,693.0,0
M07959,Type_10,52.4,1.64,223.3,13.36,2.685,818.1,0
M07960,Type_13,65.06,3.09,215.0,17.7,3.425,973.3,0
M07961,Type_16,75.16,2.97,215.7,9.64,1.871,990.8,0
M07962,Type_19,67.36,1.17,209.5,15.63,2.947,873.6,0
M07963,Type_24,77.22,2.04,218.5,14.2,2.792,117.4,0
M07964,Type_10,74.72,3.26,220.6,13.43,2.666,370.2,0
M07965,Type_21,70.53,0.1,224.8,14.27,2.887,735.7,0
M07966,Type_12,66.04,2.91,210.7,11.37,2.156,502.7,0
M07967,Type_25,67.28,2.31,226.7,13.73,2.801,456.2,0
M07968,Type_14,58.94,0.83,215.3,14.75,2.858,436.3,0
M07969,Type_09,51.78,3.7,224.5,16.47,3.328,498.6,0
M07970,Type_20,82.58,2.64,218.8,14.02,2.761,389.0,0
M07971,Type_16,60.67,1.38,225.6,21.08,4.28,426.7,0
M07972,Type_10,56.21,2.04,218.2,17.44,3.425,66.7,0
M07973,Type_12,73.24,7.48,214.2,11.29,2.176,723.6,1
M07974,Type_18,46.31,5.91,222.4,13.75,2.752,643.9,1
M07975,Type_23,66.56,1.7,220.9,11.1,2.207,499.2,0
M07976,Type_23,69.11,1.42,214.2,17.49,3.372,997.9,0
M07977,Type_21,57.65,3.27,219.1,15.98,3.151,676.0,0
M07978,Type_24,75.04,0.68,223.5,15.31,3.08,749.8,0
M07979,Type_13,74.06,1.84,211.7,17.96,3.422,536.8,0
M07980,Type_08,59.84,2.31,221.2,13.98,2.783,366.9,0
M07981,Type_23,57.64,0.15,217.6,15.64,3.063,252.2,0
M07982,Type_17,64.66,2.39,224.5,16.44,3.322,96.0,0
M07983,Type_21,64.33,2.83,218.8,12.68,2.497,689.5,0
M07984,Type_18,118.34,5.0,247.0,47.66,10.595,223.4,1
M07985,Type_14,59.56,3.12,220.3,13.5,2.677,535.7,0
M07986,Type_08,70.07,1.76,213.4,15.25,2.929,793.5,0
M07987,Type_03,74.54,3.22,221.1,13.68,2.722,671.0,0
M07988,Type_25,85.95,2.61,217.7,12.31,2.412,301.4,0
M07989,Type_16,79.68,1.76,225.0,15.0,3.038,511.2,0
M07990,Type_15,66.66,0.78,215.3,12.58,2.438,243.7,0
M07991,Type_02,75.18,0.77,228.0,16.98,3.484,522.6,0
M07992,Type_14,58.39,1.09,224.1,15.65,3.156,761.6,0
M07993,Type_01,49.57,1.13,221.2,16.8,3.345,269.9,0
M07994,Type_23,61.78,1.51,219.7,15.53,3.071,438.1,0
M07995,Type_05,66.65,1.97,214.9,15.39,2.977,428.2,0
M07996,Type_19,43.9,2.36,226.8,16.46,3.36,140.9,0
M07997,Type_23,78.31,2.36,215.3,16.47,3.191,524.8,0
M07998,Type_04,79.78,1.87,220.1,13.35,2.645,758.1,0
M07999,Type_20,68.35,1.79,215.6,15.47,3.002,160.1,0
M08000,Type_02,62.44,2.86,223.8,12.08,2.433,176.1,0
M08001,Type_17,61.7,1.62,224.7,15.61,3.157,805.6,0
M08002,Type_03,70.78,2.49,216.9,11.67,2.278,813.4,0
M08003,Type_04,62.64,4.32,200.0,19.02,3.424,336.7,1
M08004,Type_19,62.29,2.79,216.5,14.95,2.913,555.0,0
M08005,Type_25,63.56,0.1,222.1,16.8,3.358,881.0,0
M08006,Type_02,55.28,1.32,216.1,13.19,2.565,899.8,0
M08007,Type_17,76.51,1.6,215.8,11.89,2.309,921.1,0
M08008,Type_22,50.09,1.93,212.7,18.76,3.591,774.8,0
M08009,Type_13,106.39,7.96,248.3,42.92,9.591,191.1,1
M08010,Type_21,81.66,1.08,215.3,45.88,8.89,746.0,1
M08011,Type_24,78.34,3.94,239.1,16.02,3.447,991.6,1
M08012,Type_24,69.74,2.72,228.1,11.93,2.449,515.1,0
M08013,Type_21,52.17,1.85,223.7,17.69,3.562,980.8,0
M08014,Type_18,40.74,2.6,219.5,47.37,9.358,286.5,1
M08015,Type_14,48.58,2.43,226.9,18.37,3.751,818.6,0
M08016,Type_03,55.1,2.08,227.5,15.86,3.247,885.1,0
M08017,Type_19,81.32,1.73,221.1,15.52,3.088,437.0,0
M08018,Type_12,74.75,0.92,215.0,17.16,3.32,528.1,0
M08019,Type_25,121.17,10.6,245.0,47.4,10.452,435.4,1
M08020,Type_15,76.56,3.6,221.6,12.1,2.413,332.2,0
M08021,Type_03,66.43,2.61,217.3,17.94,3.509,993.8,0
M08022,Type_21,76.97,1.31,213.4,14.63,2.81,674.6,0
M08023,Type_05,87.08,1.87,226.8,7.94,1.621,960.2,1
M08024,Type_01,64.13,1.47,223.6,14.98,3.015,129.9,0
M08025,Type_20,61.5,0.84,221.9,11.82,2.361,396.6,0
M08026,Type_22,55.0,3.08,242.1,12.98,2.828,542.6,1
M08027,Type_22,72.93,3.2,211.2,14.88,2.828,333.8,0
M08028,Type_03,66.57,2.68,221.7,17.21,3.434,878.2,0
M08029,Type_11,67.58,0.1,224.6,13.41,2.711,907.3,0
M08030,Type_24,66.92,2.09,228.3,13.31,2.735,691.2,0
M08031,Type_16,76.33,1.4,228.2,19.35,3.974,97.6,0
M08032,Type_01,55.08,3.16,217.9,17.18,3.369,247.2,0
M08033,Type_14,62.01,1.23,221.3,14.95,2.978,772.3,0
M08034,Type_07,48.52,2.02,211.5,14.24,2.711,187.7,0
M08035,Type_01,116.75,7.22,244.0,57.34,12.592,690.5,1
M08036,Type_08,79.5,2.47,230.4,11.22,2.327,400.8,0
M08037,Type_25,73.61,3.07,217.1,15.76,3.079,789.1,0
M08038,Type_20,72.61,4.31,227.2,18.07,3.695,585.2,0
M08039,Type_19,68.97,2.27,220.7,14.45,2.87,729.1,0
M08040,Type_17,45.29,2.96,218.4,19.78,3.888,834.4,0
M08041,Type_21,58.95,1.72,231.2,15.14,3.15,951.2,1
M08042,Type_09,54.07,1.05,215.7,16.38,3.18,504.0,0
M08043,Type_01,44.72,0.98,219.6,14.47,2.86,504.1,0
M08044,Type_16,84.61,1.44,222.3,18.09,3.619,618.4,0
M08045,Type_11,58.41,3.13,211.5,11.89,2.263,556.7,0
M08046,Type_05,71.45,1.45,223.2,13.76,2.764,702.5,0
M08047,Type_10,68.75,0.75,200.0,14.2,2.556,404.6,1
M08048,Type_03,61.78,2.7,224.3,18.71,3.777,415.1,0
M08049,Type_07,67.53,0.81,218.0,16.33,3.204,238.1,0
M08050,Type_16,51.29,0.98,220.6,16.87,3.349,385.4,0
M08051,Type_06,59.8,0.1,218.6,21.63,4.255,671.9,0
M08052,Type_02,76.09,1.55,230.3,16.14,3.345,299.3,0
M08053,Type_17,55.1,2.12,218.5,13.59,2.672,986.5,0
M08054,Type_15,63.25,2.63,216.2,22.19,4.318,490.2,0
M08055,Type_13,59.42,2.67,214.1,20.11,3.875,633.6,0
M08056,Type_16,58.87,1.87,223.0,16.8,3.372,701.4,0
M08057,Type_16,58.65,4.21,222.2,18.76,3.752,437.2,0
M08058,Type_22,56.26,2.76,214.0,16.83,3.241,511.5,0
M08059,Type_06,64.65,0.1,219.8,10.2,2.018,106.0,0
M08060,Type_01,80.59,2.13,217.6,16.4,3.212,860.8,0
M08061,Type_11,76.45,2.78,220.8,17.6,3.497,842.5,0
M08062,Type_01,54.9,2.85,218.7,13.77,2.71,872.1,0
M08063,Type_08,58.28,0.78,219.6,13.03,2.575,596.6,0
M08064,Type_09,62.9,2.53,220.0,18.24,3.612,790.8,0
M08065,Type_10,72.9,2.19,217.4,18.57,3.633,544.0,0
M08066,Type_10,61.36,2.28,216.6,17.48,3.408,418.1,0
M08067,Type_12,50.58,0.25,221.5,12.18,2.428,335.6,0
M08068,Type_01,54.38,2.63,219.8,19.03,3.765,720.0,0
M08069,Type_14,70.74,3.41,211.7,12.35,2.353,146.6,0
M08070,Type_19,85.22,1.68,211.1,18.74,3.56,120.6,0
M08071,Type_22,113.22,8.0,239.1,44.73,9.625,363.4,1
M08072,Type_03,65.79,1.35,215.7,15.17,2.945,198.8,0
M08073,Type_11,61.34,1.34,218.4,9.68,1.903,110.1,0
M08074,Type_02,63.38,3.22,225.3,13.96,2.831,549.6,0
M08075,Type_06,73.53,1.91,218.3,9.32,1.831,162.7,0
M08076,Type_23,67.44,3.62,214.6,14.88,2.874,132.2,0
M08077,Type_21,76.92,1.38,230.7,12.95,2.689,611.1,0
M08078,Type_14,73.63,3.79,216.6,18.22,3.552,788.0,0
M08079,Type_24,59.08,2.09,226.5,10.33,2.106,837.4,0
M08080,Type_22,54.93,1.41,224.5,13.57,2.742,110.2,0
M08081,Type_10,71.01,3.06,217.5,13.18,2.58,302.1,0
M08082,Type_10,78.12,2.08,211.2,10.54,2.003,189.4,0
M08083,Type_22,79.06,2.92,223.0,16.94,3.4,912.7,0
M08084,Type_19,33.94,2.16,210.3,17.79,3.367,895.2,0
M08085,Type_18,54.16,2.16,220.3,12.7,2.518,422.8,0
M08086,Type_21,49.39,2.17,220.6,18.77,3.727,579.2,0
M08087,Type_07,80.03,2.89,221.2,17.9,3.564,243.1,0
M08088,Type_25,71.19,2.21,219.7,17.0,3.361,409.6,0
M08089,Type_10,68.46,1.49,220.1,17.76,3.518,899.2,0
M08090,Type_20,76.07,0.9,209.5,13.81,2.604,688.3,0
M08091,Type_21,67.86,2.82,214.4,14.17,2.734,955.3,0
M08092,Type_08,64.06,3.77,218.2,13.94,2.738,849.4,0
M08093,Type_19,52.23,3.59,207.8,16.77,3.136,927.7,0
M08094,Type_24,63.97,2.95,220.8,22.28,4.427,108.0,0
M08095,Type_06,58.24,1.69,219.1,14.8,2.918,78.6,0
M08096,Type_09,66.45,2.95,227.2,17.79,3.638,59.7,0
M08097,Type_07,113.26,1.3,218.6,17.11,3.366,525.9,1
M08098,Type_15,65.83,3.12,216.8,9.31,1.817,908.2,0
M08099,Type_17,57.91,1.63,214.7,18.64,3.602,804.3,0
M08100,Type_19,77.08,4.01,222.3,18.0,3.601,419.3,0
M08101,Type_11,83.45,2.24,218.3,11.89,2.336,249.9,0
M08102,Type_20,62.85,1.19,220.0,15.44,3.057,799.2,0
M08103,Type_25,65.76,3.07,216.6,16.96,3.306,862.8,0
M08104,Type_13,113.2,6.23,245.9,46.4,10.269,893.3,1
M08105,Type_12,60.04,1.58,221.4,18.22,3.631,697.1,0
M08106,Type_01,58.48,1.18,221.3,10.26,2.043,272.9,0
M08107,Type_22,63.73,1.33,210.5,4.53,0.858,323.3,1
M08108,Type_20,53.46,0.52,217.7,18.68,3.66,759.5,0
M08109,Type_11,48.82,3.06,236.7,15.32,3.264,423.2,1
M08110,Type_05,128.1,11.9,246.8,44.24,9.827,131.8,1
M08111,Type_14,56.21,0.92,217.8,18.05,3.538,713.8,0
M08112,Type_03,75.36,0.32,222.6,18.47,3.7,849.2,0
M08113,Type_08,71.15,0.1,225.7,11.7,2.377,872.2,0
M08114,Type_21,62.18,2.57,222.9,12.36,2.48,55.0,0
M08115,Type_03,75.56,2.92,222.8,14.46,2.9,914.2,0
M08116,Type_09,71.82,2.21,213.4,14.73,2.829,285.7,0
M08117,Type_18,60.99,3.28,220.3,15.1,2.994,203.1,0
M08118,Type_13,66.7,1.47,228.6,18.48,3.802,174.3,0
M08119,Type_22,113.4,8.75,244.2,45.33,9.963,822.5,1
M08120,Type_07,73.21,0.52,220.2,18.13,3.593,298.7,0
M08121,Type_03,67.42,3.8,225.0,20.05,4.06,407.7,0
M08122,Type_02,64.1,0.95,214.8,11.37,2.198,442.3,0
M08123,Type_01,50.23,3.33,215.2,17.01,3.294,981.0,0
M08124,Type_07,52.29,1.59,218.7,16.3,3.208,183.3,0
M08125,Type_03,70.04,3.6,215.4,15.92,3.086,991.6,0
M08126,Type_06,71.56,2.12,240.9,16.8,3.642,563.7,1
M08127,Type_07,68.36,2.29,215.2,18.35,3.554,813.3,0
M08128,Type_22,88.4,1.89,219.1,14.55,2.869,838.7,0
M08129,Type_11,50.61,2.03,217.9,9.73,1.908,536.5,0
M08130,Type_01,68.57,1.71,212.7,16.02,3.067,680.1,0
M08131,Type_02,75.58,0.84,223.2,15.31,3.075,852.3,0
M08132,Type_23,56.97,2.5,248.0,6.14,1.37,915.1,1
M08133,Type_02,80.46,1.57,209.5,20.52,3.869,151.9,1
M08134,Type_12,63.43,3.63,221.1,15.65,3.114,90.9,0
M08135,Type_19,59.93,4.57,230.1,4.56,0.944,534.9,1
M08136,Type_02,60.05,1.14,220.4,11.32,2.245,150.9,0
M08137,Type_10,66.54,0.64,215.8,13.36,2.595,698.5,0
M08138,Type_24,67.47,1.75,219.7,17.01,3.363,207.1,0
M08139,Type_03,56.91,3.3,226.6,15.87,3.237,943.6,0
M08140,Type_23,58.51,1.17,223.5,22.02,4.429,543.8,0
M08141,Type_23,72.0,1.81,226.1,15.99,3.254,104.5,0
M08142,Type_12,53.82,1.62,213.1,13.12,2.516,271.2,0
M08143,Type_11,55.13,3.45,218.4,16.75,3.292,120.5,0
M08144,Type_05,69.45,1.25,216.2,10.14,1.973,415.8,0
M08145,Type_16,79.03,2.26,222.9,16.99,3.408,401.3,0
M08146,Type_19,53.36,1.65,225.1,15.08,3.055,943.5,0
M08147,Type_25,57.54,1.41,217.5,15.34,3.003,395.5,0
M08148,Type_22,84.16,1.12,215.5,17.04,3.305,638.2,0
M08149,Type_13,54.23,1.97,222.6,10.38,2.08,721.0,0
M08150,Type_25,70.94,2.7,212.0,13.16,2.511,431.5,0
M08151,Type_15,77.23,1.86,222.2,13.8,2.76,434.9,0
M08152,Type_25,72.77,1.74,215.5,44.26,8.584,298.9,1
M08153,Type_14,66.82,1.52,220.1,12.21,2.419,296.0,0
M08154,Type_04,60.55,1.9,217.7,12.79,2.506,685.5,0
M08155,Type_08,75.14,1.9,225.4,12.93,2.623,443.6,0
M08156,Type_07,71.22,1.61,216.8,18.37,3.584,105.4,0
M08157,Type_21,66.83,2.36,228.5,11.56,2.377,168.1,0
M08158,Type_25,67.03,0.1,231.5,15.05,3.136,608.1,0
M08159,Type_17,68.73,0.93,220.0,9.62,1.905,809.3,0
M08160,Type_03,57.14,1.57,218.6,21.54,4.238,270.8,0
M08161,Type_11,74.19,2.09,229.7,13.88,2.869,462.9,0
M08162,Type_05,70.45,2.15,215.9,11.48,2.231,128.2,0
M08163,Type_13,73.55,1.37,215.7,15.08,2.927,153.9,0
M08164,Type_15,81.17,1.4,220.4,16.23,3.219,459.5,0
M08165,Type_12,84.34,2.47,217.5,15.0,2.936,558.6,0
M08166,Type_12,66.04,2.58,231.3,15.24,3.173,158.1,0
M08167,Type_22,57.62,1.05,209.4,13.92,2.623,823.7,0
M08168,Type_10,62.3,2.11,220.1,14.29,2.831,584.1,0
M08169,Type_20,69.74,2.49,200.0,16.05,2.889,933.5,1
M08170,Type_21,60.09,2.68,219.3,11.28,2.226,623.9,0
M08171,Type_12,64.02,0.23,218.6,13.32,2.621,827.7,0
M08172,Type_01,79.68,1.37,217.4,24.71,4.835,485.0,0
M08173,Type_14,67.15,2.27,218.2,13.66,2.683,934.5,0
M08174,Type_11,66.41,1.2,219.2,10.67,2.105,160.0,0
M08175,Type_10,48.64,3.37,223.9,17.01,3.428,611.2,0
M08176,Type_18,42.59,1.19,200.0,14.72,2.65,803.9,1
M08177,Type_10,70.36,2.79,219.4,18.65,3.683,625.5,0
M08178,Type_02,62.91,1.84,218.1,19.66,3.859,539.2,0
M08179,Type_06,56.46,3.18,229.1,13.33,2.749,523.4,0
M08180,Type_20,65.81,2.26,220.6,17.05,3.385,604.5,0
M08181,Type_20,72.08,2.74,216.1,14.54,2.828,919.2,0
M08182,Type_25,59.96,2.1,219.8,16.82,3.327,286.8,0
M08183,Type_16,60.52,3.24,216.7,11.54,2.251,724.5,0
M08184,Type_21,91.31,0.41,213.0,13.69,2.624,944.2,1
M08185,Type_08,52.92,3.24,230.4,14.56,3.019,159.0,0
M08186,Type_20,61.64,1.99,217.4,12.07,2.362,54.1,0
M08187,Type_17,48.11,1.65,227.3,16.95,3.467,988.2,0
M08188,Type_09,52.55,2.25,221.9,13.66,2.728,335.6,0
M08189,Type_17,69.02,2.29,214.6,16.37,3.162,748.1,0
M08190,Type_11,88.29,1.21,216.0,16.54,3.215,870.7,0
M08191,Type_02,61.34,7.39,214.0,15.38,2.962,822.6,1
M08192,Type_11,35.76,1.25,213.3,13.02,2.499,607.1,0
M08193,Type_23,69.54,2.34,214.1,13.78,2.655,661.6,0
M08194,Type_02,64.43,2.68,224.0,17.05,3.437,553.2,0
M08195,Type_14,50.65,0.1,226.8,10.65,2.174,141.1,0
M08196,Type_23,78.84,2.54,212.3,19.44,3.714,513.2,0
M08197,Type_23,78.56,3.83,224.3,20.0,4.037,579.1,0
M08198,Type_02,68.25,3.65,224.1,15.67,3.16,230.7,0
M08199,Type_16,62.54,1.23,213.3,15.24,2.926,127.8,0
M08200,Type_24,60.79,2.18,224.4,18.14,3.664,802.2,0
M08201,Type_15,49.25,1.85,222.5,19.7,3.945,392.0,0
M08202,Type_11,74.66,1.89,216.9,11.95,2.333,293.9,0
M08203,Type_03,78.61,0.1,219.9,14.75,2.919,921.7,0
M08204,Type_12,65.6,1.23,218.5,15.05,2.96,289.3,0
M08205,Type_09,64.2,2.29,227.6,18.9,3.871,495.6,0
M08206,Type_02,64.87,1.97,224.6,18.65,3.77,362.9,0
M08207,Type_17,67.65,4.23,220.6,14.91,2.96,537.3,0
M08208,Type_09,73.04,2.69,224.7,17.4,3.519,187.2,0
M08209,Type_15,66.36,1.28,215.9,13.75,2.672,556.1,0
M08210,Type_02,65.13,2.84,217.9,15.07,2.955,464.9,0
M08211,Type_15,73.19,1.38,219.4,15.74,3.108,72.7,0
M08212,Type_08,104.96,11.94,246.5,58.95,13.078,901.6,1
M08213,Type_07,54.3,1.29,211.7,13.14,2.504,933.2,0
M08214,Type_24,68.41,2.01,223.1,20.82,4.18,254.5,0
M08215,Type_18,66.99,1.04,221.0,11.99,2.385,872.5,0
M08216,Type_24,63.62,0.1,217.2,16.87,3.298,455.5,0
M08217,Type_06,79.7,1.46,217.2,13.88,2.713,699.3,0
M08218,Type_14,68.12,3.09,200.0,15.02,2.704,662.3,1
M08219,Type_11,78.71,3.13,226.7,16.06,3.277,580.2,0
M08220,Type_04,63.13,3.78,225.8,15.23,3.095,305.1,0
M08221,Type_07,65.47,0.98,214.1,16.96,3.268,952.6,0
M08222,Type_12,49.48,2.15,219.2,7.72,1.523,76.2,0
M08223,Type_15,66.11,1.93,224.7,18.04,3.648,979.7,0
M08224,Type_18,53.93,2.53,226.6,15.56,3.173,359.5,0
M08225,Type_21,58.35,2.23,219.9,13.96,2.763,518.9,0
M08226,Type_10,118.88,5.69,248.8,49.52,11.089,667.2,1
M08227,Type_22,57.89,2.18,213.5,15.39,2.957,982.1,0
M08228,Type_01,49.69,2.96,203.9,15.19,2.788,873.9,1
M08229,Type_25,47.52,10.5,227.6,11.2,2.294,182.8,1
M08230,Type_24,64.49,2.87,228.1,13.32,2.734,412.3,0
M08231,Type_11,71.18,1.5,225.0,13.75,2.784,429.4,0
M08232,Type_10,57.42,0.61,222.1,18.17,3.632,786.7,0
M08233,Type_06,67.64,4.28,220.5,15.35,3.046,186.8,0
M08234,Type_19,77.25,1.82,252.4,15.52,3.526,469.8,1
M08235,Type_14,67.04,3.59,220.2,15.71,3.113,283.0,0
M08236,Type_10,72.15,1.03,212.7,13.16,2.519,73.3,0
M08237,Type_10,69.63,0.7,218.7,14.33,2.821,284.3,0
M08238,Type_12,73.46,1.29,218.7,11.43,2.25,845.1,0
M08239,Type_01,70.73,1.54,223.5,14.93,3.003,522.8,0
M08240,Type_15,50.76,0.1,221.2,44.54,8.867,806.3,1
M08241,Type_03,76.3,5.27,226.1,19.8,4.029,572.6,0
M08242,Type_18,72.77,1.67,200.0,16.37,2.947,265.7,1
M08243,Type_10,57.75,1.53,219.2,13.24,2.612,468.1,0
M08244,Type_10,61.35,3.71,227.2,19.99,4.088,673.6,0
M08245,Type_06,79.22,2.59,220.3,17.69,3.507,817.8,0
M08246,Type_22,71.12,1.87,220.0,10.92,2.162,997.9,0
M08247,Type_22,65.7,1.9,211.1,18.39,3.494,881.7,0
M08248,Type_12,78.03,2.51,218.7,13.72,2.701,376.7,0
M08249,Type_21,57.64,2.24,214.7,12.72,2.458,297.2,0
M08250,Type_06,65.29,2.99,218.1,8.92,1.751,319.3,0
M08251,Type_14,122.91,8.22,241.6,48.33,10.509,423.0,1
M08252,Type_17,61.88,2.29,222.5,15.93,3.19,362.6,0
M08253,Type_18,69.47,2.51,221.8,13.61,2.717,455.2,0
M08254,Type_09,63.3,0.1,213.3,15.87,3.047,680.9,0
M08255,Type_18,71.68,2.46,224.3,18.21,3.676,788.8,0
M08256,Type_22,58.17,0.89,223.2,15.35,3.084,638.1,0
M08257,Type_23,47.28,3.01,227.7,14.42,2.955,194.1,0
M08258,Type_02,60.07,0.77,214.4,13.51,2.607,284.3,0
M08259,Type_07,59.72,1.7,223.0,14.9,2.99,522.7,0
M08260,Type_02,86.29,7.96,239.5,47.34,10.204,194.4,1
M08261,Type_21,73.15,2.05,219.3,12.26,2.42,76.7,0
M08262,Type_01,65.16,3.25,223.3,10.47,2.104,947.6,0
M08263,Type_22,68.25,1.91,214.0,7.32,1.41,828.3,0
M08264,Type_03,61.2,1.83,221.3,8.65,1.723,897.9,0
M08265,Type_15,69.51,2.37,228.2,16.64,3.418,590.6,0
M08266,Type_19,60.98,1.52,216.0,15.49,3.011,659.4,0
M08267,Type_23,72.87,3.27,224.2,14.46,2.918,231.8,0
M08268,Type_15,54.72,1.88,210.0,15.82,2.99,987.7,0
M08269,Type_13,80.02,0.27,215.9,14.01,2.722,709.2,0
M08270,Type_24,83.36,3.78,217.8,14.12,2.768,723.3,1
M08271,Type_13,47.74,2.74,205.0,42.85,7.906,737.4,1
M08272,Type_13,77.04,0.85,225.9,9.86,2.005,82.3,0
M08273,Type_07,57.92,3.16,208.4,9.54,1.789,740.8,0
M08274,Type_12,45.5,1.76,217.8,19.32,3.787,776.1,0
M08275,Type_11,68.41,1.42,223.0,16.18,3.247,775.7,0
M08276,Type_03,81.14,8.93,244.7,54.44,11.989,197.4,1
M08277,Type_05,61.69,1.7,211.3,18.22,3.465,786.8,0
M08278,Type_11,68.92,1.52,223.7,17.7,3.564,591.2,0
M08279,Type_09,42.0,4.74,214.9,13.65,2.64,747.4,1
M08280,Type_17,71.86,6.99,223.9,13.03,2.626,194.7,1
M08281,Type_21,78.34,0.7,217.4,14.86,2.908,252.2,0
M08282,Type_17,82.32,1.56,224.3,11.98,2.418,594.5,0
M08283,Type_07,52.31,2.37,217.7,16.57,3.247,847.3,0
M08284,Type_01,60.89,1.78,243.9,15.24,3.345,289.5,1
M08285,Type_06,52.14,1.66,221.6,12.77,2.547,196.6,0
M08286,Type_25,66.32,2.26,226.7,10.06,2.053,925.0,0
M08287,Type_06,66.62,1.68,215.1,20.32,3.934,987.9,0
M08288,Type_19,51.85,2.79,225.0,13.14,2.661,378.0,0
M08289,Type_19,65.56,1.79,219.4,14.41,2.845,622.8,0
M08290,Type_15,81.09,2.77,223.3,15.92,3.199,341.4,0
M08291,Type_15,67.42,1.7,218.8,11.39,2.243,697.3,0
M08292,Type_09,57.4,2.51,229.5,14.5,2.995,116.5,0
M08293,Type_05,61.01,0.75,218.4,14.23,2.797,572.2,0
M08294,Type_17,85.37,2.4,218.8,13.34,2.627,489.8,0
M08295,Type_18,62.87,2.79,225.3,15.85,3.214,75.0,0
M08296,Type_01,73.06,1.69,222.7,19.66,3.94,530.9,0
M08297,Type_01,78.36,1.97,232.2,11.1,2.32,629.0,1
M08298,Type_09,62.59,2.28,210.3,18.47,3.496,506.4,0
M08299,Type_17,66.17,1.07,215.9,13.72,2.666,103.9,0
M08300,Type_08,56.0,3.48,216.5,10.76,2.097,307.0,0
M08301,Type_16,69.76,1.86,218.7,15.53,3.057,733.5,0
M08302,Type_18,63.67,1.61,219.4,20.01,3.951,633.1,0
M08303,Type_03,58.91,0.27,215.2,17.34,3.358,198.7,0
M08304,Type_03,68.07,2.9,222.1,13.55,2.709,784.2,0
M08305,Type_21,69.3,0.74,226.2,15.76,3.208,107.9,0
M08306,Type_09,61.68,1.25,228.1,16.1,3.305,624.0,0
M08307,Type_23,66.08,1.92,219.2,17.52,3.456,789.8,0
M08308,Type_04,51.35,3.41,216.0,18.37,3.571,67.1,0
M08309,Type_03,77.51,2.99,219.5,14.26,2.817,360.2,0
M08310,Type_02,58.61,2.6,230.1,15.75,3.262,147.2,0
M08311,Type_16,52.81,1.56,221.1,10.92,2.173,699.1,0
M08312,Type_10,120.19,3.07,213.2,12.68,2.433,727.6,1
M08313,Type_22,68.74,1.63,221.2,13.28,2.644,593.2,0
M08314,Type_20,68.79,1.94,211.9,20.46,3.902,165.9,0
M08315,Type_23,71.72,1.94,221.6,12.16,2.425,284.4,0
M08316,Type_08,67.36,2.44,212.0,19.25,3.673,564.1,0
M08317,Type_14,83.8,2.23,200.0,11.76,2.117,908.6,1
M08318,Type_09,61.38,1.85,218.8,13.41,2.641,485.0,0
M08319,Type_24,50.54,1.53,220.0,12.42,2.459,201.4,0
M08320,Type_14,122.9,8.96,242.7,49.73,10.863,298.0,1
M08321,Type_20,55.08,1.9,219.8,15.4,3.046,185.1,0
M08322,Type_18,68.98,0.69,213.7,19.98,3.843,213.8,0
M08323,Type_24,61.26,0.57,220.7,19.44,3.861,231.6,0
M08324,Type_03,65.31,0.67,219.1,12.77,2.518,614.3,0
M08325,Type_07,51.77,2.37,220.1,13.48,2.67,866.4,0
M08326,Type_24,62.26,2.88,220.9,18.84,3.746,240.7,0
M08327,Type_13,45.14,2.0,223.4,16.96,3.41,674.3,0
M08328,Type_08,61.18,0.9,223.3,14.36,2.886,571.2,0
M08329,Type_02,52.26,2.54,229.7,15.66,3.237,870.5,0
M08330,Type_23,67.26,2.23,230.9,13.83,2.874,162.4,0
M08331,Type_09,79.25,1.47,228.9,13.71,2.824,700.6,0
M08332,Type_08,65.46,2.13,226.2,10.47,2.131,675.2,0
M08333,Type_22,78.19,0.93,221.6,16.77,3.345,252.5,0
M08334,Type_14,66.49,2.4,215.3,14.73,2.854,467.9,0
M08335,Type_16,62.54,0.7,219.2,15.9,3.137,954.7,0
M08336,Type_09,60.61,2.24,218.5,13.97,2.747,963.9,0
M08337,Type_02,71.68,3.59,221.9,15.09,3.014,500.4,0
M08338,Type_17,57.97,0.41,209.5,21.75,4.101,530.5,0
M08339,Type_15,78.61,1.73,231.6,17.5,3.648,765.0,0
M08340,Type_02,70.17,1.41,215.3,14.28,2.767,436.7,0
M08341,Type_19,67.79,0.1,212.5,16.5,3.156,237.6,0
M08342,Type_15,84.6,1.42,217.1,21.0,4.103,880.6,0
M08343,Type_20,65.45,0.91,219.4,35.52,7.014,719.9,1
M08344,Type_19,77.33,2.04,218.6,15.66,3.081,181.9,0
M08345,Type_12,62.96,0.1,220.4,17.59,3.489,543.6,0
M08346,Type_08,67.2,2.68,229.3,10.6,2.188,163.3,0
M08347,Type_13,77.97,2.46,219.7,10.51,2.078,382.3,0
M08348,Type_20,57.62,1.02,212.2,16.92,3.231,844.9,0
M08349,Type_13,80.1,2.06,212.9,13.01,2.493,225.6,0
M08350,Type_10,74.45,0.63,229.4,14.83,3.062,926.7,0
M08351,Type_02,60.28,3.57,222.7,12.03,2.411,146.0,0
M08352,Type_17,61.47,1.67,212.6,15.1,2.889,949.1,0
M08353,Type_22,71.56,2.43,200.0,15.73,2.831,690.2,1
M08354,Type_21,53.93,0.65,218.4,12.83,2.522,300.7,0
M08355,Type_23,82.57,3.97,227.8,14.77,3.028,50.4,0
M08356,Type_04,66.66,2.64,222.0,20.95,4.186,682.8,0
M08357,Type_14,54.46,2.67,216.0,19.19,3.731,722.3,0
M08358,Type_14,85.13,3.18,220.0,13.3,2.633,326.7,0
M08359,Type_08,72.77,2.18,218.2,20.73,4.071,874.7,0
M08360,Type_16,63.47,2.38,216.4,14.63,2.849,312.0,0
M08361,Type_17,90.99,1.89,228.6,14.73,3.031,429.9,1
M08362,Type_07,73.67,2.06,216.1,14.53,2.826,544.7,0
M08363,Type_13,45.04,2.08,215.9,16.69,3.243,265.6,0
M08364,Type_07,57.09,0.82,222.8,16.08,3.224,423.7,0
M08365,Type_25,69.11,2.37,228.1,16.57,3.402,136.2,0
M08366,Type_04,78.86,1.83,220.7,22.24,4.418,56.5,0
M08367,Type_13,73.14,1.45,223.3,11.49,2.309,334.6,0
M08368,Type_25,72.61,2.73,219.6,9.14,1.806,646.6,0
M08369,Type_06,67.68,2.07,223.9,16.34,3.293,63.3,0
M08370,Type_24,72.13,3.15,226.5,16.56,3.376,125.2,0
M08371,Type_16,52.34,2.04,222.1,15.26,3.05,986.7,0
M08372,Type_24,69.59,1.32,225.4,15.48,3.14,904.0,0
M08373,Type_17,60.37,2.76,221.4,14.96,2.981,323.6,0
M08374,Type_18,72.94,3.04,223.4,13.16,2.646,338.6,0
M08375,Type_07,75.97,1.22,215.0,17.23,3.334,555.3,0
M08376,Type_18,57.05,1.91,218.6,16.92,3.329,363.9,0
M08377,Type_19,67.48,0.53,216.6,17.7,3.45,686.1,0
M08378,Type_08,76.98,4.53,220.0,10.87,2.152,389.9,0
M08379,Type_14,61.36,1.55,217.4,12.58,2.461,185.4,0
M08380,Type_15,61.01,2.53,217.1,13.87,2.71,894.3,0
M08381,Type_05,68.99,1.19,222.3,16.07,3.215,76.6,0
M08382,Type_21,59.28,2.69,217.9,12.17,2.387,720.7,0
M08383,Type_03,88.24,1.24,218.6,14.28,2.809,354.2,1
M08384,Type_10,51.73,1.69,227.0,19.17,3.916,835.2,0
M08385,Type_22,66.7,1.56,219.4,12.13,2.395,901.0,0
M08386,Type_02,75.69,4.34,235.3,14.83,3.141,176.6,1
M08387,Type_07,60.74,3.68,219.3,9.9,1.954,669.7,0
M08388,Type_25,72.84,2.37,221.5,16.86,3.361,906.9,0
M08389,Type_18,69.04,1.98,226.5,11.27,2.297,522.9,0
M08390,Type_10,69.38,2.48,239.3,11.72,2.524,751.3,1
M08391,Type_15,65.96,1.95,219.0,16.42,3.236,533.7,0
M08392,Type_02,54.49,0.77,217.8,9.64,1.89,961.4,0
M08393,Type_08,54.34,2.2,219.8,17.81,3.523,544.1,0
M08394,Type_21,79.1,3.13,214.6,17.05,3.293,426.5,0
M08395,Type_18,84.73,0.97,244.8,11.6,2.556,788.8,1
M08396,Type_23,73.32,1.27,224.6,14.48,2.927,122.0,0
M08397,Type_16,35.01,1.88,219.5,16.0,3.161,869.5,0
M08398,Type_08,69.84,2.55,222.9,15.37,3.083,135.5,0
M08399,Type_12,61.69,2.18,214.3,16.52,3.186,277.6,0
M08400,Type_20,72.81,0.79,218.2,17.96,3.527,258.0,0
M08401,Type_21,50.73,0.1,215.2,12.99,2.516,651.9,0
M08402,Type_05,71.71,1.02,227.7,13.21,2.707,677.5,0
M08403,Type_07,62.3,1.4,218.5,17.75,3.491,599.9,0
M08404,Type_17,64.95,2.28,216.2,14.51,2.823,703.2,0
M08405,Type_07,67.88,1.97,219.1,22.93,4.522,161.2,0
M08406,Type_02,60.61,2.91,215.0,17.93,3.469,657.4,0
M08407,Type_09,59.64,0.82,217.9,17.18,3.369,480.0,0
M08408,Type_07,68.12,1.98,225.5,16.71,3.391,922.7,0
M08409,Type_20,56.3,2.97,219.1,10.99,2.167,583.6,0
M08410,Type_11,92.49,2.93,219.5,13.66,2.699,570.5,0
M08411,Type_10,53.11,1.63,225.9,13.24,2.692,202.8,0
M08412,Type_10,64.14,0.27,212.2,14.87,2.84,411.8,0
M08413,Type_23,65.85,3.37,221.0,13.63,2.711,53.1,0
M08414,Type_21,89.43,11.29,244.9,46.03,10.145,357.5,1
M08415,Type_12,70.32,3.02,224.2,18.71,3.775,540.9,0
M08416,Type_06,51.34,2.74,214.9,13.88,2.685,409.7,0
M08417,Type_14,55.35,5.14,225.3,14.54,2.948,235.6,0
M08418,Type_05,62.68,3.15,218.8,17.63,3.472,712.8,0
M08419,Type_14,80.01,0.88,212.1,16.45,3.14,654.2,0
M08420,Type_05,79.48,0.84,232.2,16.76,3.503,94.9,0
M08421,Type_14,74.12,1.36,219.0,13.21,2.604,833.0,0
M08422,Type_15,57.87,2.9,214.3,14.62,2.82,671.9,0
M08423,Type_11,70.79,1.73,220.8,6.82,1.355,762.8,1
M08424,Type_21,62.88,1.71,219.5,15.72,3.105,989.5,0
M08425,Type_02,60.97,1.89,221.6,14.13,2.818,259.4,0
M08426,Type_18,75.45,1.13,230.0,13.55,2.805,299.1,0
M08427,Type_04,56.46,1.74,221.5,19.9,3.967,863.2,0
M08428,Type_11,71.29,0.84,223.8,52.58,10.591,356.6,1
M08429,Type_11,93.12,1.66,216.1,18.64,3.625,596.4,0
M08430,Type_20,75.97,3.24,214.6,12.05,2.327,514.6,0
M08431,Type_18,60.7,3.31,212.8,17.28,3.309,493.7,0
M08432,Type_10,48.62,1.96,221.4,2.9,0.578,456.8,1
M08433,Type_05,70.0,3.07,222.0,9.84,1.966,588.2,0
M08434,Type_21,58.51,2.79,230.3,18.49,3.832,245.3,0
M08435,Type_08,63.96,3.4,223.2,11.58,2.326,470.5,0
M08436,Type_04,67.05,2.61,225.6,12.45,2.528,359.5,0
M08437,Type_17,53.46,2.59,228.4,17.33,3.562,322.7,0
M08438,Type_24,66.79,2.52,216.8,15.54,3.032,883.4,0
M08439,Type_08,51.69,3.7,225.7,18.21,3.699,179.6,0
M08440,Type_16,65.3,2.59,220.6,14.92,2.962,855.4,0
M08441,Type_05,60.57,1.62,230.0,11.63,2.407,78.3,0
M08442,Type_13,57.34,3.43,222.5,11.12,2.227,975.7,0
M08443,Type_16,50.6,1.49,211.9,15.32,2.922,177.4,0
M08444,Type_16,65.74,2.54,216.8,6.05,1.18,303.2,1
M08445,Type_12,56.14,1.59,221.1,11.67,2.322,287.2,0
M08446,Type_12,60.7,1.98,242.7,13.79,3.012,224.3,1
M08447,Type_21,63.56,1.93,218.8,20.0,3.938,744.6,0
M08448,Type_07,53.9,1.69,218.7,11.65,2.293,498.0,0
M08449,Type_21,59.17,2.96,222.5,18.46,3.697,892.5,0
M08450,Type_24,79.69,2.83,226.3,19.26,3.923,312.3,0
M08451,Type_12,64.21,2.83,216.8,13.71,2.675,139.0,0
M08452,Type_06,47.46,4.03,223.9,22.27,4.488,58.6,0
M08453,Type_05,85.87,1.54,216.7,20.33,3.965,977.1,0
M08454,Type_13,65.66,0.1,221.1,14.01,2.788,257.4,0
M08455,Type_23,62.88,1.24,217.1,11.64,2.274,267.2,0
M08456,Type_10,68.31,2.09,227.1,51.82,10.591,154.8,1
M08457,Type_01,76.33,0.8,224.4,14.4,2.908,734.1,0
M08458,Type_18,65.01,0.31,227.8,12.45,2.552,326.2,0
M08459,Type_25,83.8,2.37,218.5,15.15,2.979,177.7,0
M08460,Type_04,78.81,2.34,219.6,15.98,3.158,812.8,0
M08461,Type_08,66.97,1.94,224.7,14.73,2.979,710.7,0
M08462,Type_11,72.61,2.56,216.7,15.91,3.103,165.2,0
M08463,Type_05,74.5,0.84,220.1,15.7,3.11,889.3,0
M08464,Type_21,49.84,0.98,214.1,9.66,1.861,261.0,1
M08465,Type_17,60.35,2.13,211.5,16.68,3.175,641.1,0
M08466,Type_12,69.57,3.32,222.7,18.3,3.668,835.6,0
M08467,Type_16,57.13,1.38,221.7,15.27,3.047,538.7,0
M08468,Type_02,61.84,2.03,214.4,16.36,3.157,481.5,0
M08469,Type_06,65.33,2.44,215.1,12.9,2.497,968.7,0
M08470,Type_16,53.17,1.05,217.0,14.92,2.914,923.0,0
M08471,Type_22,54.72,2.99,217.9,12.75,2.5,202.2,0
M08472,Type_16,73.56,4.24,224.5,16.12,3.257,769.7,0
M08473,Type_19,69.17,2.06,215.3,23.53,4.559,993.7,0
M08474,Type_15,56.81,1.05,224.0,11.27,2.272,343.7,0
M08475,Type_14,66.76,3.29,227.4,17.12,3.504,521.2,0
M08476,Type_04,72.75,1.42,213.2,9.0,1.727,64.4,0
M08477,Type_01,46.59,2.2,216.9,16.98,3.315,620.4,0
M08478,Type_20,49.08,4.02,231.9,13.06,2.726,656.3,1
M08479,Type_13,71.82,0.55,211.5,21.53,4.098,966.7,0
M08480,Type_01,66.68,0.44,220.1,5.64,1.117,382.8,1
M08481,Type_14,76.24,2.18,219.5,16.64,3.287,991.0,0
M08482,Type_05,67.71,2.53,215.3,20.36,3.945,732.9,0
M08483,Type_02,74.14,0.1,217.2,14.0,2.737,946.6,0
M08484,Type_09,74.8,2.09,217.4,13.82,2.704,737.8,0
M08485,Type_25,56.12,1.59,218.7,15.31,3.013,504.2,0
M08486,Type_01,55.67,1.39,205.2,16.01,2.957,969.5,1
M08487,Type_08,51.53,2.34,227.7,24.95,5.113,921.5,0
M08488,Type_13,58.07,2.39,200.0,12.71,2.288,621.0,1
M08489,Type_21,72.09,1.18,225.4,14.77,2.996,199.5,0
M08490,Type_13,56.86,1.07,215.7,16.5,3.203,635.3,0
M08491,Type_09,64.5,2.27,221.9,19.5,3.894,820.4,0
M08492,Type_25,74.21,1.41,215.9,11.98,2.328,300.2,0
M08493,Type_04,77.22,2.79,217.9,22.02,4.318,336.5,0
M08494,Type_19,58.38,3.14,222.3,17.32,3.465,943.0,0
M08495,Type_20,57.98,3.52,220.9,12.25,2.435,244.1,0
M08496,Type_01,72.93,1.3,218.1,16.5,3.239,156.5,0
M08497,Type_17,78.68,1.85,221.1,12.99,2.585,940.7,0
M08498,Type_23,79.14,2.29,213.6,11.62,2.234,383.3,0
M08499,Type_24,55.93,0.79,223.4,8.08,1.625,960.4,0
M08500,Type_20,65.81,0.61,219.0,19.61,3.865,599.9,0
M08501,Type_08,65.31,1.41,221.5,21.93,4.372,93.0,0
M08502,Type_17,54.48,2.6,218.0,13.07,2.564,108.3,0
M08503,Type_16,64.17,0.34,218.4,13.58,2.669,831.0,0
M08504,Type_12,74.95,1.93,227.4,18.33,3.751,635.9,0
M08505,Type_13,47.6,3.4,219.3,22.72,4.484,693.4,0
M08506,Type_17,54.79,1.8,219.2,11.4,2.249,274.4,0
M08507,Type_21,71.51,2.63,218.7,10.59,2.084,728.9,0
M08508,Type_21,64.75,2.35,217.9,13.1,2.569,235.1,0
M08509,Type_17,61.65,2.56,215.8,16.86,3.275,270.9,0
M08510,Type_15,59.64,3.38,222.5,9.72,1.946,171.0,0
M08511,Type_25,118.29,1.17,220.6,9.09,1.805,983.6,1
M08512,Type_24,70.3,0.18,214.9,16.33,3.158,566.5,0
M08513,Type_23,74.98,3.14,218.9,15.87,3.127,700.5,0
M08514,Type_21,67.33,2.36,217.1,16.43,3.21,213.4,0
M08515,Type_11,64.65,0.38,219.0,8.5,1.675,231.4,0
M08516,Type_09,65.5,1.98,219.9,16.41,3.248,379.5,0
M08517,Type_03,57.0,0.1,220.1,16.75,3.318,109.5,0
M08518,Type_21,51.0,3.23,214.3,12.4,2.392,641.5,0
M08519,Type_14,64.78,3.26,218.7,11.28,2.22,60.4,0
M08520,Type_22,57.07,2.83,211.3,17.28,3.286,543.8,0
M08521,Type_22,68.56,2.05,212.1,13.58,2.592,240.3,0
M08522,Type_18,56.43,2.3,234.4,10.81,2.28,856.9,0
M08523,Type_23,68.05,0.55,223.2,11.73,2.356,747.6,0
M08524,Type_03,59.03,3.45,219.5,12.6,2.489,693.4,0
M08525,Type_22,69.34,0.47,214.6,17.59,3.397,881.4,0
M08526,Type_18,68.44,2.8,225.5,13.59,2.758,636.5,0
M08527,Type_18,72.07,2.96,216.9,16.69,3.258,567.6,0
M08528,Type_21,67.96,0.51,220.4,18.87,3.743,417.7,0
M08529,Type_15,64.65,3.7,225.8,11.63,2.363,524.6,0
M08530,Type_07,50.67,2.15,222.2,15.37,3.074,932.7,0
M08531,Type_23,83.11,1.84,220.4,11.61,2.303,932.9,0
M08532,Type_17,63.02,3.14,216.2,13.57,2.64,940.4,0
M08533,Type_25,83.39,0.31,216.1,19.92,3.874,731.5,0
M08534,Type_18,62.53,2.13,200.0,18.86,3.395,483.9,1
M08535,Type_22,69.46,1.51,200.0,15.76,2.837,782.4,1
M08536,Type_21,79.3,2.15,224.8,13.38,2.707,554.8,0
M08537,Type_21,78.79,1.93,217.8,21.09,4.134,590.7,0
M08538,Type_01,63.34,0.25,218.6,12.49,2.457,706.1,0
M08539,Type_22,54.9,2.55,214.3,14.83,2.86,962.6,0
M08540,Type_14,57.24,1.39,218.4,17.65,3.469,383.9,0
M08541,Type_17,78.52,1.78,218.3,15.97,3.138,628.4,0
M08542,Type_03,63.76,1.0,229.5,14.7,3.036,192.8,0
M08543,Type_19,59.14,1.91,217.7,20.35,3.987,616.3,0
M08544,Type_24,66.47,0.69,215.7,20.75,4.028,654.7,0
M08545,Type_09,55.64,0.53,226.6,13.12,2.676,810.5,0
M08546,Type_08,83.95,1.43,219.3,18.13,3.578,115.7,0
M08547,Type_04,70.86,1.27,226.4,20.27,4.13,701.8,0
M08548,Type_17,54.07,0.84,216.0,14.73,2.864,783.9,0
M08549,Type_24,68.54,3.22,214.7,14.88,2.875,565.1,0
M08550,Type_17,66.53,1.37,215.5,17.72,3.437,285.4,0
M08551,Type_18,68.0,1.5,218.1,17.04,3.345,928.1,0
M08552,Type_02,67.27,2.03,216.2,10.24,1.992,244.0,0
M08553,Type_10,91.47,0.67,225.7,17.21,3.496,964.9,0
M08554,Type_12,68.5,2.52,223.9,12.28,2.475,138.7,0
M08555,Type_18,79.68,1.35,218.3,19.94,3.918,470.6,0
M08556,Type_18,72.75,2.61,222.7,14.82,2.97,431.9,0
M08557,Type_11,69.6,1.97,212.1,13.77,2.629,711.0,0
M08558,Type_13,72.58,2.47,218.7,10.04,1.976,144.5,0
M08559,Type_03,65.34,0.1,217.9,11.62,2.279,151.6,0
M08560,Type_10,119.56,2.04,217.2,16.23,3.173,654.4,1
M08561,Type_05,67.07,2.87,207.6,16.39,3.062,731.3,0
M08562,Type_07,62.2,10.27,229.2,10.19,2.102,867.7,1
M08563,Type_11,83.39,2.6,211.1,14.01,2.662,283.2,0
M08564,Type_04,49.13,1.99,213.6,11.92,2.292,123.3,0
M08565,Type_03,69.95,1.82,220.7,17.13,3.403,94.4,0
M08566,Type_07,73.98,1.48,223.0,18.3,3.673,680.4,0
M08567,Type_20,62.07,2.87,214.8,18.34,3.545,850.0,0
M08568,Type_15,88.48,1.81,220.3,13.57,2.691,614.0,0
M08569,Type_17,90.69,8.48,242.3,47.23,10.299,844.8,1
M08570,Type_16,71.39,0.94,211.3,19.86,3.777,628.1,0
M08571,Type_14,69.97,0.72,219.0,18.27,3.601,368.6,0
M08572,Type_10,59.71,1.61,219.8,18.28,3.616,160.4,0
M08573,Type_11,72.23,2.25,221.2,18.59,3.701,316.1,0
M08574,Type_25,76.0,1.36,222.0,17.99,3.594,241.4,0
M08575,Type_23,98.7,2.46,221.9,12.15,2.426,868.9,1
M08576,Type_01,61.01,3.0,215.5,18.85,3.656,229.2,0
M08577,Type_14,117.41,9.86,238.6,51.5,11.059,146.2,1
M08578,Type_19,83.88,2.49,225.5,12.95,2.628,824.0,0
M08579,Type_19,81.06,1.61,221.9,13.77,2.75,401.9,0
M08580,Type_14,71.23,1.26,219.5,20.7,4.089,670.2,0
M08581,Type_01,66.98,1.47,227.4,22.29,4.562,159.1,0
M08582,Type_21,55.13,0.89,222.3,12.76,2.553,984.6,0
M08583,Type_05,54.29,2.68,218.1,12.95,2.542,397.9,0
M08584,Type_06,61.24,1.97,221.1,10.81,2.151,360.4,0
M08585,Type_15,70.36,0.72,221.7,17.15,3.422,367.9,0
M08586,Type_06,81.92,2.83,213.8,13.99,2.692,847.1,0
M08587,Type_25,55.08,1.49,230.7,13.07,2.714,268.3,0
M08588,Type_02,68.84,2.22,219.1,13.43,2.648,444.8,0
M08589,Type_10,44.05,2.68,221.1,16.59,3.301,136.2,0
M08590,Type_05,66.12,2.85,219.5,10.75,2.124,563.5,0
M08591,Type_07,50.42,2.89,243.7,20.06,4.4,158.5,1
M08592,Type_17,61.99,3.12,222.1,17.86,3.57,869.5,0
M08593,Type_11,72.01,4.23,215.7,6.94,1.347,673.6,1
M08594,Type_10,60.61,1.44,216.1,13.68,2.661,678.4,0
M08595,Type_24,77.35,2.01,216.4,21.99,4.283,285.2,0
M08596,Type_21,70.89,3.05,219.6,11.69,2.31,596.3,0
M08597,Type_06,53.03,1.51,218.9,18.35,3.615,689.8,0
M08598,Type_25,57.65,1.36,219.1,16.13,3.181,563.2,0
M08599,Type_07,71.21,2.52,213.8,8.73,1.68,276.3,1
M08600,Type_13,56.67,0.1,216.1,17.23,3.351,352.7,0
M08601,Type_06,54.04,3.55,210.7,19.92,3.777,975.2,0
M08602,Type_08,61.51,1.85,221.3,19.86,3.956,153.8,0
M08603,Type_21,75.26,5.13,223.8,15.84,3.19,273.8,0
M08604,Type_02,70.53,2.15,221.9,15.31,3.058,780.1,0
M08605,Type_14,70.38,1.16,213.6,15.61,3.001,237.6,0
M08606,Type_08,79.56,2.11,200.2,13.77,2.481,364.1,1
M08607,Type_15,64.09,0.1,213.9,13.8,2.657,180.3,0
M08608,Type_12,48.15,2.32,214.4,15.98,3.084,202.3,0
M08609,Type_02,61.56,3.93,220.7,13.7,2.721,956.5,0
M08610,Type_13,59.21,2.17,223.7,16.43,3.308,373.4,0
M08611,Type_20,49.65,1.9,221.9,11.22,2.241,746.3,0
M08612,Type_01,38.28,2.77,211.9,10.74,2.048,209.1,0
M08613,Type_19,77.09,2.1,224.2,15.86,3.2,990.5,0
M08614,Type_09,58.88,1.02,217.4,13.69,2.679,496.3,0
M08615,Type_04,44.71,2.11,226.3,14.45,2.943,633.2,0
M08616,Type_22,69.74,1.47,224.1,12.8,2.582,798.6,0
M08617,Type_20,43.49,1.05,220.3,14.6,2.895,213.4,0
M08618,Type_16,74.16,1.49,200.0,20.01,3.602,456.5,1
M08619,Type_09,44.46,2.43,220.1,12.44,2.464,727.8,0
M08620,Type_07,75.16,2.53,221.4,5.36,1.068,733.9,1
M08621,Type_17,92.44,1.04,215.6,14.12,2.74,210.6,1
M08622,Type_04,71.96,1.71,221.6,13.7,2.732,881.9,0
M08623,Type_20,72.23,0.42,233.4,20.28,4.26,701.9,1
M08624,Type_13,75.56,1.88,215.0,14.39,2.784,361.0,0
M08625,Type_17,73.17,2.28,221.5,12.84,2.56,319.7,0
M08626,Type_17,67.22,2.63,207.8,16.93,3.166,654.3,0
M08627,Type_17,61.19,3.95,200.0,17.07,3.073,892.2,1
M08628,Type_25,68.03,3.33,222.4,15.43,3.088,133.5,0
M08629,Type_09,80.08,1.98,218.6,15.23,2.996,906.5,0
M08630,Type_08,60.04,2.17,220.1,16.73,3.314,850.9,0
M08631,Type_06,58.95,2.69,220.3,20.03,3.971,540.4,0
M08632,Type_15,60.55,2.49,222.2,12.17,2.434,956.4,0
M08633,Type_17,68.0,0.94,215.4,15.44,2.993,315.6,0
M08634,Type_25,78.21,2.42,217.1,20.53,4.011,382.9,0
M08635,Type_09,85.07,1.2,226.7,22.39,4.568,201.8,0
M08636,Type_12,68.81,2.68,221.3,13.23,2.635,228.6,0
M08637,Type_21,64.71,1.35,223.5,11.85,2.384,270.5,0
M08638,Type_16,53.3,0.1,221.0,16.81,3.344,156.4,0
M08639,Type_04,80.49,0.1,228.2,11.84,2.432,302.6,0
M08640,Type_24,71.1,0.57,218.8,11.44,2.253,542.7,0
M08641,Type_11,75.12,2.47,223.8,10.53,2.121,982.8,0
M08642,Type_11,49.44,1.88,215.5,12.65,2.453,603.1,0
M08643,Type_19,53.35,3.5,220.1,15.52,3.074,743.6,0
M08644,Type_25,64.95,2.41,223.8,14.49,2.919,370.7,0
M08645,Type_01,76.22,1.34,213.8,12.08,2.324,994.2,0
M08646,Type_25,62.24,3.03,219.0,9.91,1.953,554.5,0
M08647,Type_19,48.02,2.3,212.0,17.35,3.31,584.6,0
M08648,Type_05,51.84,3.07,223.1,13.82,2.775,758.6,0
M08649,Type_16,62.66,0.1,219.0,16.61,3.274,961.8,0
M08650,Type_15,68.12,1.93,223.8,14.92,3.005,187.4,0
M08651,Type_23,57.01,1.32,222.7,19.97,4.003,232.4,0
M08652,Type_07,36.95,0.59,209.3,10.51,1.98,533.6,0
M08653,Type_20,49.85,2.03,220.0,12.99,2.572,250.5,0
M08654,Type_14,67.78,1.08,229.4,15.17,3.132,299.1,0
M08655,Type_06,76.42,1.91,235.2,18.89,3.999,598.7,1
M08656,Type_15,74.95,3.45,221.8,12.97,2.589,894.2,0
M08657,Type_09,74.84,3.14,210.3,11.22,2.124,279.7,0
M08658,Type_25,53.37,2.55,212.1,17.83,3.404,756.1,0
M08659,Type_17,60.73,2.7,224.3,18.51,3.737,824.6,0
M08660,Type_22,69.91,0.31,221.3,11.6,2.31,270.2,0
M08661,Type_25,71.72,1.7,201.1,22.24,4.025,509.5,1
M08662,Type_18,47.84,0.85,217.4,15.82,3.095,274.0,0
M08663,Type_15,55.83,0.86,222.1,16.2,3.238,250.6,0
M08664,Type_03,69.32,1.64,217.3,10.27,2.009,818.5,0
M08665,Type_03,78.78,2.06,217.8,12.58,2.466,986.1,0
M08666,Type_18,84.5,2.07,225.7,12.38,2.515,83.4,0
M08667,Type_04,47.46,3.74,227.9,18.21,3.735,788.5,0
M08668,Type_07,54.0,2.46,225.7,16.72,3.396,680.5,0
M08669,Type_02,69.06,2.28,214.4,14.08,2.717,861.3,0
M08670,Type_06,53.7,2.24,208.3,14.12,2.647,287.9,0
M08671,Type_16,70.28,3.93,227.1,18.09,3.697,609.1,0
M08672,Type_09,77.9,0.71,225.9,12.49,2.539,715.1,0
M08673,Type_09,46.9,1.97,223.9,13.22,2.664,842.2,0
M08674,Type_02,65.42,0.97,218.6,11.45,2.253,314.4,0
M08675,Type_07,69.47,2.91,218.8,19.08,3.757,305.3,0
M08676,Type_25,69.08,1.63,225.4,10.9,2.211,700.9,0
M08677,Type_08,69.32,1.59,213.1,18.92,3.629,958.6,0
M08678,Type_09,60.56,3.32,219.7,16.03,3.17,985.9,0
M08679,Type_18,51.88,0.32,213.4,14.98,2.877,975.2,0
M08680,Type_14,49.22,3.03,229.1,17.51,3.61,988.2,0
M08681,Type_19,66.07,2.62,221.9,15.39,3.074,214.4,0
M08682,Type_03,66.66,1.93,222.8,15.95,3.198,903.0,0
M08683,Type_18,69.43,1.78,217.4,16.17,3.164,139.4,0
M08684,Type_14,71.84,2.6,216.2,11.79,2.294,395.8,0
M08685,Type_05,72.09,1.26,212.3,13.0,2.484,862.1,0
M08686,Type_18,56.63,0.67,212.3,4.85,0.927,512.4,1
M08687,Type_08,61.01,0.83,216.0,17.47,3.396,747.0,0
M08688,Type_14,119.69,0.1,224.6,13.65,2.759,856.8,1
M08689,Type_19,66.23,8.87,229.6,15.55,3.213,536.7,1
M08690,Type_15,72.92,2.9,220.8,20.63,4.1,448.6,0
M08691,Type_08,69.67,1.64,228.2,15.36,3.155,136.2,0
M08692,Type_17,59.79,5.59,212.1,19.4,3.703,284.8,0
M08693,Type_15,69.84,1.51,222.0,12.19,2.436,810.1,0
M08694,Type_08,70.13,0.71,222.0,14.59,2.915,900.5,0
M08695,Type_23,71.9,4.32,222.5,17.71,3.546,555.1,0
M08696,Type_22,73.06,3.91,219.1,18.01,3.551,311.8,0
M08697,Type_19,58.83,2.19,224.0,12.53,2.526,712.5,0
M08698,Type_19,71.28,8.78,219.7,15.14,2.994,702.8,1
M08699,Type_21,66.67,1.24,218.2,14.5,2.848,870.0,0
M08700,Type_06,66.08,1.64,221.7,15.8,3.153,584.3,0
M08701,Type_20,67.19,4.25,214.0,15.29,2.945,624.4,0
M08702,Type_19,60.33,0.86,216.9,17.56,3.428,875.2,0
M08703,Type_22,62.09,2.3,219.1,13.91,2.743,481.8,0
M08704,Type_24,61.42,2.53,223.0,18.4,3.693,174.6,0
M08705,Type_15,65.02,2.54,219.8,9.01,1.782,247.8,0
M08706,Type_23,54.03,1.63,217.6,9.93,1.945,587.5,0
M08707,Type_01,58.07,3.99,215.4,11.36,2.202,719.4,0
M08708,Type_20,74.81,1.17,226.6,10.05,2.05,885.0,0
M08709,Type_22,82.85,1.78,217.4,13.3,2.602,420.0,0
M08710,Type_06,68.32,3.46,219.3,15.52,3.063,892.3,0
M08711,Type_07,57.32,3.32,208.9,10.54,1.982,69.1,0
M08712,Type_19,78.78,2.62,227.1,22.09,4.515,734.4,0
M08713,Type_08,55.78,3.64,213.6,16.34,3.141,221.4,0
M08714,Type_01,62.68,2.94,217.2,52.85,10.331,694.7,1
M08715,Type_06,58.21,3.1,215.3,17.58,3.406,419.3,0
M08716,Type_10,55.98,0.7,225.3,14.4,2.92,958.2,0
M08717,Type_18,113.61,6.76,245.5,50.23,11.098,620.7,1
M08718,Type_09,74.92,3.58,225.5,10.97,2.226,446.0,0
M08719,Type_15,83.93,3.37,226.3,13.6,2.77,436.6,0
M08720,Type_03,69.58,3.03,220.8,15.18,3.017,772.5,0
M08721,Type_15,56.7,1.65,218.4,16.34,3.212,580.2,0
M08722,Type_01,51.01,2.36,220.8,19.25,3.825,279.7,0
M08723,Type_20,60.32,2.17,224.6,15.32,3.097,943.4,0
M08724,Type_10,54.03,2.65,228.4,16.07,3.303,353.9,0
M08725,Type_10,68.49,1.96,224.6,13.71,2.771,934.0,0
M08726,Type_08,64.59,4.39,225.7,12.56,2.551,78.8,0
M08727,Type_13,63.66,1.66,213.9,13.67,2.632,273.9,0
M08728,Type_16,68.74,2.18,223.4,21.18,4.258,645.5,0
M08729,Type_24,55.13,2.07,219.4,8.31,1.641,842.7,0
M08730,Type_12,66.26,0.62,222.1,20.98,4.194,230.0,0
M08731,Type_11,58.02,1.01,219.2,18.6,3.669,740.8,0
M08732,Type_23,64.52,3.37,228.3,14.16,2.909,489.0,0
M08733,Type_12,70.59,1.27,220.3,12.96,2.57,891.3,0
M08734,Type_18,58.22,2.85,214.0,16.58,3.193,382.3,0
M08735,Type_17,67.77,1.86,222.2,16.39,3.278,341.8,0
M08736,Type_01,78.01,2.64,225.0,16.78,3.398,709.6,0
M08737,Type_13,73.65,3.05,209.7,14.25,2.689,992.4,0
M08738,Type_02,57.4,1.99,222.9,14.08,2.825,644.8,0
M08739,Type_16,115.58,7.88,247.0,52.01,11.562,546.1,1
M08740,Type_20,67.39,1.44,224.7,40.03,8.095,286.7,1
M08741,Type_09,60.15,3.29,222.1,16.56,3.31,863.6,0
M08742,Type_06,71.58,2.25,214.1,15.7,3.025,404.6,0
M08743,Type_19,50.16,1.47,221.4,16.15,3.218,953.6,0
M08744,Type_22,56.29,2.75,211.5,13.37,2.545,853.8,0
M08745,Type_15,50.74,1.76,224.2,16.57,3.343,579.0,0
M08746,Type_04,64.81,0.91,219.0,19.15,3.774,892.5,0
M08747,Type_11,65.99,3.43,219.0,17.56,3.461,973.1,0
M08748,Type_08,64.94,0.56,220.5,12.35,2.451,288.9,0
M08749,Type_10,62.49,1.89,225.3,19.72,3.999,982.5,0
M08750,Type_13,68.49,1.93,221.3,15.78,3.143,998.4,0
M08751,Type_15,66.53,1.04,223.8,11.78,2.373,874.4,0
M08752,Type_25,63.73,1.3,227.3,12.12,2.479,945.1,0
M08753,Type_12,44.89,1.98,213.3,10.5,2.016,550.2,0
M08754,Type_02,69.58,2.3,216.5,16.26,3.168,441.2,0
M08755,Type_18,79.6,1.9,213.9,15.28,2.942,474.8,0
M08756,Type_23,61.07,1.28,216.4,14.94,2.91,689.2,0
M08757,Type_03,65.9,1.99,219.7,22.36,4.421,328.7,0
M08758,Type_19,72.41,2.84,224.4,11.07,2.236,686.3,0
M08759,Type_14,73.62,2.79,221.3,16.8,3.346,559.4,0
M08760,Type_19,75.43,2.82,214.2,8.76,1.689,976.9,0
M08761,Type_16,74.77,1.85,221.4,10.35,2.062,892.3,0
M08762,Type_13,62.26,1.15,216.3,5.37,1.045,67.8,1
M08763,Type_16,63.04,2.03,222.7,10.1,2.024,842.5,0
M08764,Type_01,46.9,1.66,213.1,17.39,3.335,131.4,0
M08765,Type_25,80.94,4.8,218.5,20.46,4.023,849.3,0
M08766,Type_21,68.62,1.83,220.2,15.12,2.996,192.1,0
M08767,Type_24,61.01,3.7,220.0,11.07,2.192,299.2,0
M08768,Type_17,64.08,2.49,200.0,10.57,1.903,238.3,1
M08769,Type_25,54.89,0.22,225.0,11.43,2.315,643.6,0
M08770,Type_13,51.99,2.67,227.0,15.97,3.263,878.8,0
M08771,Type_01,63.51,2.26,218.8,17.33,3.413,416.0,0
M08772,Type_01,60.46,3.05,219.0,12.27,2.418,195.8,0
M08773,Type_22,68.03,2.09,221.8,15.65,3.124,143.1,0
M08774,Type_15,77.71,3.37,221.7,18.78,3.747,606.4,0
M08775,Type_22,61.51,1.42,217.8,15.93,3.123,124.8,0
M08776,Type_15,71.38,1.88,219.6,13.68,2.704,403.2,0
M08777,Type_08,77.6,2.47,228.7,12.49,2.571,556.9,0
M08778,Type_13,59.46,2.04,215.8,12.38,2.404,810.5,0
M08779,Type_07,79.8,2.17,218.4,14.0,2.752,468.7,0
M08780,Type_10,57.01,1.65,217.5,10.92,2.138,999.9,0
M08781,Type_21,66.79,1.98,221.1,15.44,3.072,661.6,0
M08782,Type_18,60.14,0.97,226.4,22.55,4.595,297.1,0
M08783,Type_15,54.39,1.78,218.8,21.04,4.143,962.4,0
M08784,Type_14,64.84,3.07,222.4,16.28,3.259,492.3,0
M08785,Type_08,54.21,2.29,222.6,13.77,2.759,389.9,0
M08786,Type_08,70.65,1.89,220.1,6.83,1.353,61.1,1
M08787,Type_11,69.13,2.0,223.9,13.31,2.682,934.2,0
M08788,Type_23,64.77,1.24,223.0,16.32,3.275,349.5,0
M08789,Type_07,59.71,1.33,218.5,18.44,3.626,225.7,0
M08790,Type_10,65.74,2.78,220.3,17.72,3.513,606.5,0
M08791,Type_19,68.37,1.78,212.6,15.7,3.004,765.8,0
M08792,Type_10,68.98,2.3,218.4,15.23,2.994,314.6,0
M08793,Type_08,71.46,1.72,229.0,13.85,2.854,432.7,0
M08794,Type_07,81.13,1.21,222.1,13.71,2.74,456.4,0
M08795,Type_24,68.66,3.05,218.2,17.88,3.511,630.7,0
M08796,Type_01,66.94,0.24,220.5,16.49,3.272,313.8,0
M08797,Type_24,68.28,2.02,226.1,15.32,3.117,305.9,0
M08798,Type_08,63.72,0.1,209.6,10.54,1.988,539.9,0
M08799,Type_21,68.99,0.47,219.9,14.89,2.947,201.1,0
M08800,Type_01,65.87,1.49,219.0,15.2,2.996,859.2,0
M08801,Type_23,62.41,2.19,215.5,12.68,2.459,218.2,0
M08802,Type_03,70.54,1.3,216.1,14.29,2.779,806.1,0
M08803,Type_10,66.27,4.72,216.8,15.06,2.939,523.4,1
M08804,Type_08,74.75,1.94,219.9,18.2,3.602,223.5,0
M08805,Type_18,66.34,3.81,221.0,15.23,3.029,407.7,0
M08806,Type_15,55.96,2.98,220.8,15.58,3.096,626.5,0
M08807,Type_22,75.71,1.53,217.3,11.12,2.175,342.8,0
M08808,Type_23,46.83,0.9,221.3,21.74,4.33,239.4,0
M08809,Type_09,49.81,2.33,220.4,17.61,3.493,866.6,0
M08810,Type_23,60.65,0.36,215.7,17.42,3.382,294.0,0
M08811,Type_23,72.4,2.48,222.6,14.14,2.833,600.4,0
M08812,Type_10,62.04,1.89,210.1,14.46,2.734,409.1,0
M08813,Type_12,72.7,1.9,220.8,17.33,3.444,989.0,0
M08814,Type_04,67.99,3.09,227.8,16.76,3.436,243.1,0
M08815,Type_22,38.38,2.27,210.9,13.98,2.654,260.7,0
M08816,Type_06,72.73,2.31,207.8,11.59,2.168,491.4,0
M08817,Type_10,54.27,2.17,214.0,18.26,3.517,875.9,0
M08818,Type_06,57.88,2.44,221.8,13.7,2.735,419.4,0
M08819,Type_06,52.72,0.26,215.3,11.14,2.159,250.7,0
M08820,Type_06,59.19,0.98,216.6,14.47,2.821,705.6,0
M08821,Type_14,80.85,1.74,222.2,8.08,1.616,413.6,0
M08822,Type_18,55.72,2.7,228.1,15.98,3.281,814.2,0
M08823,Type_25,69.85,2.33,216.9,9.6,1.874,749.1,0
M08824,Type_18,67.2,2.0,218.7,13.79,2.714,907.5,0
M08825,Type_17,70.29,2.3,216.4,11.93,2.323,819.7,0
M08826,Type_07,43.38,2.6,225.8,15.79,3.209,951.0,0
M08827,Type_17,60.93,1.23,218.3,12.76,2.507,997.5,0
M08828,Type_23,49.52,0.1,227.7,18.7,3.832,295.8,0
M08829,Type_12,49.95,2.94,219.8,14.99,2.965,619.3,0
M08830,Type_16,77.17,1.25,214.4,16.32,3.149,243.2,0
M08831,Type_06,71.5,2.87,219.8,13.8,2.73,566.8,0
M08832,Type_17,63.09,2.49,223.5,13.52,2.72,687.8,0
M08833,Type_12,66.29,2.63,218.7,11.92,2.346,718.7,0
M08834,Type_23,78.3,1.61,200.0,13.36,2.405,541.3,1
M08835,Type_03,72.04,1.72,219.5,13.29,2.625,572.2,0
M08836,Type_25,69.45,2.0,222.7,13.58,2.722,879.4,0
M08837,Type_07,73.59,1.87,223.6,16.63,3.347,614.9,0
M08838,Type_19,55.98,2.83,214.6,16.24,3.137,817.5,0
M08839,Type_09,66.2,1.55,221.6,12.96,2.585,620.3,0
M08840,Type_05,46.26,11.55,223.8,12.77,2.572,941.3,1
M08841,Type_23,104.48,2.2,227.6,18.11,3.71,237.1,1
M08842,Type_10,63.06,1.45,216.1,11.19,2.176,657.9,0
M08843,Type_21,71.88,2.64,219.9,15.91,3.149,530.6,0
M08844,Type_16,71.18,0.62,219.8,13.86,2.742,317.6,0
M08845,Type_17,52.85,1.78,218.1,19.24,3.777,592.8,0
M08846,Type_13,38.13,2.33,216.3,13.88,2.702,690.0,0
M08847,Type_02,71.97,4.34,231.3,22.37,4.657,919.3,0
M08848,Type_12,51.4,2.26,224.8,18.95,3.834,369.2,0
M08849,Type_23,79.02,2.58,216.5,17.0,3.312,894.5,0
M08850,Type_01,69.17,2.04,216.2,13.26,2.58,331.5,0
M08851,Type_11,103.91,1.17,218.9,12.24,2.411,687.4,1
M08852,Type_15,68.15,0.43,225.8,11.06,2.248,820.1,0
M08853,Type_18,64.09,1.68,220.4,9.61,1.906,891.6,1
M08854,Type_12,55.75,2.23,225.4,13.39,2.716,488.6,0
M08855,Type_21,75.05,2.23,213.5,15.8,3.036,672.9,0
M08856,Type_17,82.02,1.19,221.6,16.62,3.315,393.4,0
M08857,Type_08,72.25,2.03,218.8,14.11,2.779,78.6,0
M08858,Type_09,83.42,2.59,228.7,16.41,3.378,271.2,0
M08859,Type_19,51.59,1.26,232.7,16.57,3.47,627.8,0
M08860,Type_25,57.86,2.11,220.0,17.95,3.554,249.5,0
M08861,Type_09,76.58,3.12,213.6,14.31,2.751,422.1,0
M08862,Type_15,61.95,2.24,224.8,12.68,2.565,566.8,0
M08863,Type_12,88.37,3.26,222.9,17.14,3.438,672.0,0
M08864,Type_07,84.02,1.65,212.3,18.91,3.613,703.6,0
M08865,Type_19,71.16,1.01,226.3,12.27,2.499,90.0,0
M08866,Type_14,122.63,10.31,240.3,48.08,10.398,420.1,1
M08867,Type_16,80.71,2.85,216.2,11.86,2.308,886.4,0
M08868,Type_17,88.85,3.03,216.9,11.68,2.28,699.5,1
M08869,Type_24,67.13,1.28,214.3,3.68,0.71,786.9,1
M08870,Type_21,50.57,2.17,230.2,8.85,1.834,332.5,1
M08871,Type_18,68.18,2.89,227.2,15.37,3.143,989.7,0
M08872,Type_15,64.83,2.6,224.2,19.56,3.947,436.6,0
M08873,Type_25,53.31,3.09,221.3,17.15,3.416,55.7,0
M08874,Type_09,89.52,1.96,215.7,17.77,3.45,108.6,0
M08875,Type_14,66.1,2.77,225.1,12.74,2.581,625.5,0
M08876,Type_03,88.83,9.65,244.7,55.24,12.166,289.5,1
M08877,Type_17,55.29,1.74,245.0,14.97,3.301,490.3,1
M08878,Type_16,55.74,1.39,234.3,15.66,3.302,312.5,1
M08879,Type_18,64.07,1.91,224.8,17.14,3.468,325.1,0
M08880,Type_06,83.77,1.25,220.0,14.73,2.917,238.8,0
M08881,Type_20,63.48,2.63,207.7,20.43,3.819,379.4,0
M08882,Type_08,63.58,1.55,215.5,18.67,3.621,323.5,0
M08883,Type_10,99.72,0.93,217.1,11.35,2.218,141.8,0
M08884,Type_22,51.86,1.73,224.2,16.08,3.245,260.0,0
M08885,Type_23,62.65,3.46,228.1,12.1,2.484,630.3,0
M08886,Type_18,78.64,2.09,218.8,17.73,3.491,655.2,0
M08887,Type_09,65.49,0.1,222.3,16.25,3.251,675.9,0
M08888,Type_07,75.95,2.74,220.4,16.12,3.198,141.8,0
M08889,Type_25,62.53,2.64,221.7,13.52,2.698,161.8,0
M08890,Type_18,67.59,2.07,217.8,17.62,3.454,53.1,0
M08891,Type_08,54.46,1.48,226.3,15.37,3.13,593.1,0
M08892,Type_16,59.7,2.5,226.9,15.63,3.192,452.6,0
M08893,Type_22,68.56,0.22,224.6,11.7,2.365,813.4,0
M08894,Type_21,76.46,1.98,226.0,15.08,3.067,300.5,0
M08895,Type_01,78.11,1.95,214.9,15.83,3.062,568.6,0
M08896,Type_07,67.58,1.33,220.1,18.76,3.716,559.0,0
M08897,Type_21,68.25,1.46,219.7,14.49,2.865,681.4,0
M08898,Type_02,65.67,1.51,224.3,17.19,3.47,301.6,0
M08899,Type_15,72.04,1.4,222.4,12.24,2.45,348.9,0
M08900,Type_24,58.0,1.75,229.2,14.52,2.995,681.4,0
M08901,Type_12,66.06,0.96,223.2,13.09,2.63,783.7,0
M08902,Type_06,67.09,1.47,220.9,16.21,3.223,751.9,0
M08903,Type_22,58.46,0.37,220.1,19.9,3.942,302.5,0
M08904,Type_04,67.81,3.24,215.6,8.2,1.591,783.7,0
M08905,Type_11,44.05,1.27,224.6,14.45,2.921,956.8,0
M08906,Type_07,71.93,0.1,220.8,13.13,2.609,191.8,0
M08907,Type_21,49.72,3.46,219.8,16.76,3.315,764.3,0
M08908,Type_19,64.5,2.83,213.2,11.82,2.268,351.7,0
M08909,Type_12,93.71,1.77,218.2,16.98,3.335,411.9,0
M08910,Type_20,79.36,2.1,218.9,13.67,2.693,604.2,0
M08911,Type_01,65.7,1.49,214.5,15.69,3.029,577.0,0
M08912,Type_02,79.58,1.94,221.5,11.1,2.213,245.8,0
M08913,Type_04,75.09,0.98,223.2,13.15,2.642,662.5,0
M08914,Type_07,74.06,2.69,215.8,11.44,2.222,884.3,0
M08915,Type_03,69.21,2.35,217.8,14.11,2.766,66.4,0
M08916,Type_11,66.86,3.3,222.2,19.84,3.968,936.4,0
M08917,Type_15,80.08,2.48,215.7,14.86,2.885,773.9,0
M08918,Type_11,72.75,1.02,222.1,15.65,3.128,504.4,0
M08919,Type_18,57.73,1.59,221.0,19.14,3.807,589.8,0
M08920,Type_01,47.5,3.18,221.3,12.85,2.559,439.8,0
M08921,Type_04,75.91,1.54,225.1,12.61,2.555,188.6,0
M08922,Type_24,44.43,0.9,221.6,13.86,2.764,128.8,0
M08923,Type_23,67.15,1.59,200.0,14.91,2.684,108.8,1
M08924,Type_13,68.98,1.56,218.0,13.84,2.715,793.9,0
M08925,Type_23,73.4,0.89,222.1,20.19,4.036,373.3,0
M08926,Type_06,52.86,2.21,219.5,14.95,2.953,512.5,0
M08927,Type_08,56.9,2.12,219.3,13.85,2.734,420.4,0
M08928,Type_04,65.97,3.15,228.7,14.19,2.921,861.3,0
M08929,Type_16,51.83,3.51,218.4,12.01,2.361,621.3,0
M08930,Type_13,51.64,1.03,222.7,15.07,3.02,900.2,0
M08931,Type_12,80.69,2.4,217.4,14.83,2.902,788.8,0
M08932,Type_25,58.43,1.02,229.7,10.39,2.148,293.2,0
M08933,Type_14,62.01,2.0,221.3,21.08,4.199,458.4,0
M08934,Type_11,75.42,2.34,225.6,17.71,3.596,644.1,0
M08935,Type_23,68.84,2.57,244.3,16.92,3.72,650.8,1
M08936,Type_04,51.91,2.19,216.4,13.13,2.557,734.4,0
M08937,Type_03,58.2,1.88,220.7,55.53,11.03,212.4,1
M08938,Type_03,71.8,2.3,212.4,14.94,2.856,53.9,0
M08939,Type_19,46.72,1.59,222.3,16.66,3.333,838.7,0
M08940,Type_08,61.34,0.95,214.7,13.82,2.67,832.4,0
M08941,Type_02,60.62,3.47,224.0,14.84,2.992,458.7,0
M08942,Type_07,66.34,2.01,214.9,12.37,2.392,722.3,0
M08943,Type_09,64.02,2.18,216.5,13.42,2.615,579.9,0
M08944,Type_03,74.8,3.21,218.3,10.44,2.051,464.0,0
M08945,Type_25,70.5,2.54,219.9,10.63,2.104,474.9,0
M08946,Type_09,48.07,0.92,220.5,14.13,2.804,643.5,0
M08947,Type_01,85.95,1.3,227.7,17.92,3.672,423.6,0
M08948,Type_25,66.31,2.68,219.4,11.99,2.368,908.8,0
M08949,Type_16,76.95,0.85,220.2,11.53,2.285,57.6,0
M08950,Type_07,66.24,2.27,211.6,19.0,3.618,998.1,0
M08951,Type_19,61.56,1.03,217.5,16.7,3.269,354.2,0
M08952,Type_03,64.54,3.42,220.4,14.67,2.91,82.9,0
M08953,Type_06,65.17,1.27,214.2,18.72,3.609,682.9,0
M08954,Type_23,48.16,0.83,216.0,13.67,2.657,897.2,0
M08955,Type_25,53.65,4.42,227.2,16.65,3.405,437.1,0
M08956,Type_18,68.48,2.39,214.9,13.46,2.603,776.7,0
M08957,Type_24,55.87,0.15,209.3,13.46,2.535,66.5,0
M08958,Type_23,73.7,2.86,216.4,10.45,2.035,668.4,0
M08959,Type_17,80.83,0.6,219.8,15.91,3.147,74.1,0
M08960,Type_09,67.25,1.06,251.8,16.58,3.757,459.0,1
M08961,Type_06,56.86,1.43,218.0,13.1,2.57,51.0,0
M08962,Type_20,67.11,1.93,215.8,13.07,2.538,108.3,0
M08963,Type_08,80.86,3.04,220.2,15.21,3.014,168.4,0
M08964,Type_08,61.95,1.68,218.3,18.01,3.538,774.8,0
M08965,Type_17,49.88,1.46,218.9,24.91,4.908,276.5,0
M08966,Type_08,55.84,2.44,221.7,10.88,2.171,162.4,0
M08967,Type_06,55.17,3.81,222.6,13.31,2.667,438.2,0
M08968,Type_23,68.84,3.1,226.8,21.45,4.378,956.8,0
M08969,Type_14,61.98,0.83,218.2,17.8,3.496,679.0,0
M08970,Type_19,63.33,1.86,215.3,12.58,2.438,518.5,0
M08971,Type_04,65.28,0.53,226.1,13.29,2.704,813.2,0
M08972,Type_19,58.27,3.49,216.2,19.12,3.72,123.7,0
M08973,Type_05,60.41,0.49,208.4,16.88,3.166,210.7,0
M08974,Type_06,64.71,2.11,217.0,17.33,3.385,120.5,0
M08975,Type_14,69.81,0.1,216.9,11.82,2.307,112.3,0
M08976,Type_16,45.32,2.77,219.8,16.09,3.183,176.6,0
M08977,Type_19,68.6,2.11,215.8,13.84,2.688,716.5,0
M08978,Type_12,57.34,3.36,223.1,15.66,3.144,260.7,0
M08979,Type_23,61.86,1.37,221.0,15.58,3.099,317.6,0
M08980,Type_14,50.81,1.42,229.9,16.76,3.468,537.9,0
M08981,Type_10,75.68,3.55,222.5,14.35,2.874,278.8,0
M08982,Type_03,72.81,1.62,219.2,13.3,2.624,133.3,0
M08983,Type_04,67.39,2.34,225.1,19.68,3.987,178.5,0
M08984,Type_25,42.49,1.16,219.9,19.48,3.855,886.9,0
M08985,Type_01,78.17,1.86,211.8,19.61,3.738,852.6,0
M08986,Type_04,54.38,2.68,219.7,12.58,2.487,873.2,0
M08987,Type_25,63.65,1.78,222.0,12.99,2.595,938.0,0
M08988,Type_21,71.09,2.2,221.3,19.65,3.914,792.9,0
M08989,Type_07,60.35,2.93,225.7,22.43,4.556,813.4,0
M08990,Type_03,61.45,2.47,214.3,9.29,1.792,85.0,0
M08991,Type_22,47.75,2.87,210.5,15.61,2.957,700.6,0
M08992,Type_05,79.17,1.72,215.1,17.86,3.458,640.6,0
M08993,Type_17,69.04,1.18,223.4,16.69,3.356,652.4,0
M08994,Type_13,68.44,1.06,214.9,19.68,3.806,115.0,0
M08995,Type_03,65.05,1.75,222.6,13.39,2.683,397.0,0
M08996,Type_04,62.69,1.74,217.7,15.1,2.959,363.5,0
M08997,Type_14,73.98,0.93,214.6,12.47,2.408,177.2,0
M08998,Type_25,73.05,10.17,217.5,19.02,3.723,241.1,1
M08999,Type_04,71.34,1.63,212.1,11.23,2.144,583.9,0
M09000,Type_17,66.34,1.16,214.8,11.81,2.283,542.7,0
M09001,Type_23,53.16,0.5,210.9,11.85,2.249,421.3,0
M09002,Type_11,60.85,3.49,214.9,17.43,3.371,528.0,0
M09003,Type_23,65.08,0.1,221.9,16.04,3.203,335.2,0
M09004,Type_21,65.35,2.24,218.7,17.46,3.437,754.2,0
M09005,Type_11,64.3,2.32,228.3,17.13,3.52,809.6,0
M09006,Type_01,65.12,0.76,225.1,18.17,3.681,221.6,0
M09007,Type_05,65.53,2.29,228.7,47.34,9.744,955.7,1
M09008,Type_04,63.98,2.14,219.4,9.31,1.838,624.9,0
M09009,Type_10,52.03,1.46,223.9,15.49,3.121,926.9,0
M09010,Type_09,75.41,1.63,224.3,17.35,3.502,704.2,0
M09011,Type_08,73.97,0.78,227.5,20.77,4.253,997.6,0
M09012,Type_15,65.4,1.01,219.4,17.75,3.505,689.8,0
M09013,Type_25,74.95,2.43,221.7,15.69,3.131,471.7,0
M09014,Type_15,56.12,2.46,213.6,15.75,3.028,248.4,0
M09015,Type_23,49.78,1.47,227.2,15.5,3.169,218.4,0
M09016,Type_18,60.87,1.72,211.3,23.55,4.479,686.3,0
M09017,Type_14,51.31,2.43,211.6,19.78,3.767,648.7,0
M09018,Type_06,61.76,1.74,215.4,12.5,2.423,814.3,0
M09019,Type_09,68.5,1.81,222.3,20.43,4.087,348.7,0
M09020,Type_04,64.16,0.64,241.2,16.3,3.538,490.6,1
M09021,Type_05,73.78,0.7,217.2,14.75,2.883,922.6,0
M09022,Type_13,63.76,2.46,220.2,17.63,3.494,949.1,0
M09023,Type_25,57.35,2.81,211.3,15.63,2.972,341.5,0
M09024,Type_08,38.34,3.24,214.8,12.89,2.492,132.2,0
M09025,Type_21,68.42,1.32,220.1,14.52,2.876,618.4,0
M09026,Type_18,74.6,0.81,222.8,17.88,3.585,770.6,0
M09027,Type_18,74.61,1.2,224.3,16.55,3.341,59.0,0
M09028,Type_12,64.31,1.67,214.9,14.12,2.731,276.6,0
M09029,Type_11,71.86,3.36,220.5,10.11,2.006,604.9,0
M09030,Type_19,66.02,1.56,215.8,19.55,3.797,841.3,0
M09031,Type_09,61.12,1.93,224.3,9.61,1.94,51.4,0
M09032,Type_03,62.97,1.8,215.6,16.32,3.167,920.9,0
M09033,Type_19,54.43,2.91,227.7,14.3,2.93,661.0,0
M09034,Type_14,60.75,3.29,222.6,13.93,2.791,640.6,0
M09035,Type_17,65.64,2.55,217.6,15.93,3.12,608.7,0
M09036,Type_16,71.65,2.0,220.8,16.42,3.263,140.2,0
M09037,Type_01,50.16,1.27,220.4,13.02,2.583,359.8,0
M09038,Type_06,47.47,2.58,220.5,18.59,3.689,361.4,0
M09039,Type_06,62.99,3.38,211.3,14.78,2.811,937.5,0
M09040,Type_25,57.6,1.83,225.0,18.89,3.825,500.9,0
M09041,Type_06,58.65,1.61,222.1,13.09,2.617,134.0,0
M09042,Type_17,46.41,2.19,215.6,51.21,9.937,537.8,1
M09043,Type_05,64.7,0.8,241.2,13.8,2.996,822.2,1
M09044,Type_16,80.27,2.58,220.2,8.87,1.758,738.0,0
M09045,Type_17,70.33,3.2,221.6,13.06,2.605,280.5,0
M09046,Type_19,57.23,1.37,223.0,14.94,2.998,834.2,0
M09047,Type_10,77.29,0.83,243.7,16.31,3.577,51.9,1
M09048,Type_12,91.87,0.79,218.9,13.48,2.656,782.1,0
M09049,Type_03,62.51,3.42,219.3,13.75,2.714,203.7,0
M09050,Type_08,52.58,3.78,220.7,14.16,2.813,955.0,0
M09051,Type_21,60.07,0.36,216.5,12.92,2.517,990.6,0
M09052,Type_08,72.34,2.14,224.5,15.32,3.095,882.7,0
M09053,Type_20,72.77,2.91,224.2,15.03,3.033,659.4,0
M09054,Type_24,65.41,1.63,221.2,11.58,2.305,141.6,0
M09055,Type_10,119.2,0.1,215.3,11.18,2.166,802.1,1
M09056,Type_15,60.75,2.46,216.8,13.64,2.661,429.4,0
M09057,Type_02,66.15,0.99,225.8,16.8,3.414,691.2,0
M09058,Type_14,65.14,1.38,215.6,14.26,2.767,969.5,0
M09059,Type_19,55.1,3.5,212.0,8.22,1.568,677.9,1
M09060,Type_25,56.49,1.94,217.3,18.06,3.532,613.8,0
M09061,Type_09,65.68,2.97,225.8,18.44,3.747,562.1,0
M09062,Type_03,64.28,3.56,234.9,18.98,4.013,533.5,0
M09063,Type_08,85.02,1.46,212.9,12.43,2.382,250.4,0
M09064,Type_15,76.62,2.6,219.2,8.48,1.673,332.4,0
M09065,Type_01,70.72,1.18,222.7,10.69,2.143,998.0,0
M09066,Type_20,65.46,2.51,223.7,18.02,3.628,520.0,0
M09067,Type_02,80.66,2.32,209.1,19.46,3.662,739.8,1
M09068,Type_15,59.36,2.37,222.9,15.88,3.186,643.6,0
M09069,Type_06,80.79,1.77,221.5,23.02,4.589,299.1,0
M09070,Type_08,104.11,1.16,221.5,15.61,3.112,288.8,1
M09071,Type_01,74.28,1.9,216.4,20.52,3.996,147.8,0
M09072,Type_05,49.28,0.1,227.3,12.88,2.635,838.7,0
M09073,Type_07,50.92,3.77,212.8,14.14,2.708,716.1,0
M09074,Type_07,58.57,3.05,218.1,12.66,2.485,331.4,0
M09075,Type_15,68.43,1.14,217.5,15.99,3.13,393.6,0
M09076,Type_16,60.85,1.36,219.4,17.53,3.461,823.7,0
M09077,Type_02,71.59,2.92,225.2,45.22,9.165,595.3,1
M09078,Type_20,64.71,1.51,225.5,16.79,3.408,394.3,0
M09079,Type_09,71.78,2.25,215.4,17.1,3.315,765.4,0
M09080,Type_06,56.45,1.65,217.5,15.27,2.989,235.0,0
M09081,Type_10,71.03,1.58,218.9,13.48,2.656,656.1,0
M09082,Type_19,74.09,2.68,211.8,17.98,3.427,220.0,0
M09083,Type_22,65.48,2.84,234.0,13.83,2.913,870.0,0
M09084,Type_24,64.77,2.29,223.8,19.7,3.968,983.7,0
M09085,Type_10,54.28,1.8,219.6,14.48,2.862,831.0,0
M09086,Type_02,65.86,3.81,226.6,14.01,2.857,81.5,0
M09087,Type_23,76.44,3.18,220.9,15.1,3.002,445.5,0
M09088,Type_07,59.46,1.64,218.7,11.7,2.303,270.4,0
M09089,Type_15,54.67,2.71,226.1,15.07,3.067,213.3,0
M09090,Type_13,49.12,1.46,225.9,14.75,2.999,799.4,0
M09091,Type_19,67.38,3.02,220.1,14.45,2.862,541.2,0
M09092,Type_01,66.14,2.22,218.6,11.96,2.353,607.1,0
M09093,Type_23,76.08,3.33,213.8,19.27,3.708,571.5,0
M09094,Type_19,58.73,2.75,220.6,20.63,4.096,93.6,0
M09095,Type_06,65.19,0.1,219.1,16.04,3.163,666.4,0
M09096,Type_14,48.2,2.43,213.4,10.69,2.053,204.4,0
M09097,Type_05,61.27,1.75,217.2,16.81,3.286,321.1,0
M09098,Type_11,67.06,1.22,219.1,12.91,2.546,491.4,0
M09099,Type_10,71.38,0.49,217.4,14.61,2.859,553.1,0
M09100,Type_01,71.05,2.29,225.5,15.27,3.099,286.2,0
M09101,Type_04,62.36,3.12,223.1,15.47,3.106,910.5,0
M09102,Type_07,67.03,1.46,217.6,18.4,3.603,81.7,0
M09103,Type_24,54.09,1.93,226.9,7.47,1.525,243.8,0
M09104,Type_25,53.19,1.54,212.6,18.94,3.624,744.1,0
M09105,Type_23,55.3,2.99,218.3,17.15,3.369,404.6,0
M09106,Type_13,73.6,2.18,240.9,21.68,4.7,340.5,1
M09107,Type_20,53.83,1.68,226.8,11.99,2.447,209.4,0
M09108,Type_22,76.8,1.4,212.6,3.41,0.652,588.6,1
M09109,Type_08,58.98,3.18,217.5,13.54,2.65,914.9,0
M09110,Type_22,71.61,2.47,220.8,12.35,2.454,839.6,0
M09111,Type_02,54.78,3.01,212.1,12.77,2.438,732.5,0
M09112,Type_06,79.01,2.67,216.0,17.31,3.365,783.7,0
M09113,Type_10,68.23,2.21,212.1,11.46,2.188,194.3,0
M09114,Type_07,116.54,1.5,226.3,18.01,3.668,727.4,1
M09115,Type_07,114.0,1.1,224.7,13.45,2.72,920.2,1
M09116,Type_22,71.39,2.02,223.3,12.8,2.572,377.7,0
M09117,Type_18,57.98,2.84,221.0,12.79,2.544,655.1,0
M09118,Type_11,58.2,0.86,226.2,15.13,3.08,869.3,0
M09119,Type_18,77.04,6.43,217.7,17.69,3.466,677.9,1
M09120,Type_14,70.9,0.78,227.4,13.75,2.814,240.5,0
M09121,Type_25,63.21,2.5,216.9,16.37,3.196,918.0,0
M09122,Type_01,70.53,2.63,220.3,16.0,3.172,494.3,0
M09123,Type_17,61.36,0.71,221.4,13.74,2.738,966.5,0
M09124,Type_21,54.85,1.49,220.6,17.14,3.403,370.7,0
M09125,Type_20,81.88,2.44,219.6,15.2,3.004,749.7,0
M09126,Type_15,66.64,2.41,219.3,16.53,3.263,537.4,0
M09127,Type_01,58.06,1.99,220.4,13.24,2.626,947.8,0
M09128,Type_18,55.06,1.67,213.1,14.53,2.787,828.0,0
M09129,Type_17,71.21,3.21,224.1,18.36,3.703,395.7,0
M09130,Type_11,68.48,2.73,210.2,15.24,2.883,451.4,0
M09131,Type_14,44.25,2.62,217.1,12.52,2.446,392.5,0
M09132,Type_17,81.85,2.06,216.3,11.46,2.231,521.8,0
M09133,Type_16,74.56,1.79,208.0,22.44,4.201,946.9,0
M09134,Type_07,53.19,2.27,213.2,15.94,3.059,142.4,0
M09135,Type_02,53.17,4.04,200.0,11.86,2.135,865.1,1
M09136,Type_13,64.9,2.35,221.8,16.18,3.23,631.9,0
M09137,Type_18,70.7,1.69,219.4,12.86,2.539,427.4,0
M09138,Type_18,67.36,1.11,229.8,10.71,2.215,307.5,0
M09139,Type_25,55.32,1.52,224.0,15.36,3.097,563.5,0
M09140,Type_07,36.64,0.25,225.1,19.82,4.015,946.3,0
M09141,Type_12,69.69,2.26,217.8,13.91,2.727,844.8,0
M09142,Type_01,80.44,2.01,225.3,23.85,4.836,837.4,0
M09143,Type_22,68.65,0.88,229.9,8.6,1.779,799.7,0
M09144,Type_10,66.12,0.3,221.2,18.0,3.583,624.5,0
M09145,Type_12,70.01,1.42,216.1,12.11,2.355,847.7,0
M09146,Type_07,75.64,2.69,222.3,20.76,4.153,574.8,0
M09147,Type_09,52.34,1.42,222.3,18.55,3.711,268.7,0
M09148,Type_13,60.02,2.1,224.5,12.78,2.582,864.5,0
M09149,Type_01,63.7,1.68,222.3,16.54,3.309,198.1,0
M09150,Type_14,72.87,3.41,231.8,16.84,3.513,760.0,1
M09151,Type_07,46.21,3.06,224.0,21.0,4.234,275.3,0
M09152,Type_25,72.61,2.09,225.0,16.66,3.374,785.9,0
M09153,Type_09,67.53,3.3,218.0,15.9,3.12,594.7,0
M09154,Type_17,55.67,2.24,221.6,21.06,4.2,76.7,0
M09155,Type_11,68.04,3.55,219.8,11.74,2.322,324.7,0
M09156,Type_19,88.3,0.95,225.2,15.85,3.212,845.5,0
M09157,Type_19,108.08,2.68,214.6,11.28,2.179,367.3,1
M09158,Type_06,61.82,2.72,221.8,14.82,2.958,76.0,0
M09159,Type_03,57.32,0.97,225.2,16.16,3.275,195.2,0
M09160,Type_10,77.39,1.0,220.9,14.46,2.875,835.0,0
M09161,Type_04,38.38,2.43,217.5,16.19,3.169,675.8,0
M09162,Type_05,56.58,1.24,212.8,15.53,2.974,516.0,0
M09163,Type_05,67.86,1.71,226.7,17.89,3.65,706.2,0
M09164,Type_13,55.22,2.64,217.9,13.44,2.636,724.2,0
M09165,Type_01,61.63,0.31,218.7,17.44,3.433,570.2,0
M09166,Type_22,69.48,2.42,210.8,19.0,3.605,148.1,0
M09167,Type_16,69.31,2.14,211.1,13.05,2.479,649.4,0
M09168,Type_16,55.97,2.7,214.3,10.86,2.095,405.0,0
M09169,Type_18,68.6,4.86,225.9,15.07,3.064,680.5,1
M09170,Type_11,65.26,1.05,226.5,9.53,1.943,104.7,0
M09171,Type_12,63.39,1.65,218.5,10.83,2.13,234.0,0
M09172,Type_05,57.43,1.06,218.0,15.27,2.996,960.1,0
M09173,Type_04,67.55,1.84,218.6,14.2,2.794,596.9,0
M09174,Type_01,69.34,1.56,218.1,16.68,3.274,307.7,0
M09175,Type_16,76.43,2.2,220.6,10.38,2.061,261.1,0
M09176,Type_17,48.09,2.61,244.1,12.02,2.641,403.1,1
M09177,Type_02,79.8,1.27,231.6,11.4,2.376,612.1,0
M09178,Type_15,83.22,2.8,237.7,12.57,2.689,51.7,1
M09179,Type_19,53.27,4.7,211.9,15.29,2.916,206.3,0
M09180,Type_23,63.29,2.4,226.9,13.69,2.796,327.9,0
M09181,Type_09,73.82,1.76,217.4,15.05,2.945,368.9,0
M09182,Type_08,59.9,2.3,219.2,10.03,1.979,623.7,0
M09183,Type_09,82.69,0.41,219.7,19.52,3.86,934.3,0
M09184,Type_15,62.81,4.06,221.7,14.99,2.991,746.1,0
M09185,Type_21,67.15,1.04,219.9,13.72,2.715,675.1,0
M09186,Type_05,52.8,3.41,224.4,11.62,2.347,81.7,0
M09187,Type_04,65.97,2.17,226.8,18.85,3.848,477.9,0
M09188,Type_07,51.91,1.14,226.3,16.91,3.444,350.3,0
M09189,Type_05,63.66,1.51,219.3,18.29,3.61,195.9,0
M09190,Type_12,48.13,2.22,219.8,12.55,2.483,690.4,0
M09191,Type_20,57.3,1.39,213.6,14.07,2.705,885.1,0
M09192,Type_06,64.47,2.45,217.2,15.26,2.983,755.9,0
M09193,Type_21,51.01,2.07,224.0,6.83,1.377,100.8,1
M09194,Type_05,63.66,2.14,221.7,12.38,2.47,362.9,0
M09195,Type_21,78.33,3.75,217.6,15.98,3.13,832.2,0
M09196,Type_01,46.51,1.22,222.6,10.93,2.19,294.3,0
M09197,Type_02,65.68,1.55,224.6,16.21,3.277,478.9,0
M09198,Type_09,62.87,1.75,211.7,15.66,2.984,320.4,0
M09199,Type_01,60.82,2.24,226.0,13.3,2.705,445.8,0
M09200,Type_04,63.23,1.73,219.3,17.9,3.533,97.9,0
M09201,Type_01,56.87,1.06,221.4,13.43,2.676,150.1,0
M09202,Type_20,74.28,1.93,221.4,12.18,2.427,575.4,0
M09203,Type_03,63.22,2.25,220.4,18.68,3.705,318.5,0
M09204,Type_18,68.19,3.15,212.7,8.75,1.675,88.9,1
M09205,Type_11,54.45,0.79,208.4,6.16,1.155,180.1,1
M09206,Type_17,56.69,1.83,226.9,15.22,3.108,156.6,0
M09207,Type_16,59.6,1.57,226.4,11.47,2.337,870.8,0
M09208,Type_19,72.76,2.54,214.6,16.19,3.127,460.5,0
M09209,Type_14,70.0,4.58,216.9,18.55,3.621,231.3,0
M09210,Type_20,80.05,0.1,228.4,20.31,4.175,437.3,0
M09211,Type_10,66.31,1.77,221.3,19.0,3.784,132.7,0
M09212,Type_24,53.58,1.28,219.1,14.13,2.786,327.1,0
M09213,Type_14,56.65,3.03,220.6,14.31,2.841,653.0,0
M09214,Type_20,67.75,2.68,219.7,18.13,3.585,452.4,0
M09215,Type_21,59.73,1.34,230.2,19.77,4.096,323.1,0
M09216,Type_23,41.93,0.37,222.0,15.49,3.095,294.0,0
M09217,Type_25,82.06,1.31,221.1,16.89,3.361,365.3,0
M09218,Type_16,60.6,7.51,221.8,11.93,2.381,979.0,1
M09219,Type_24,66.68,0.76,218.8,19.64,3.868,371.2,0
M09220,Type_02,69.42,0.5,220.8,9.89,1.965,353.0,0
M09221,Type_09,52.77,3.14,220.3,14.04,2.784,808.9,0
M09222,Type_16,58.25,3.34,215.0,11.79,2.281,319.6,0
M09223,Type_25,55.94,3.54,211.1,16.43,3.122,969.8,0
M09224,Type_01,58.85,3.34,216.3,13.93,2.712,545.8,0
M09225,Type_23,69.99,1.2,219.1,15.32,3.021,524.7,0
M09226,Type_14,54.72,0.38,219.3,15.28,3.016,583.5,0
M09227,Type_17,41.39,1.8,220.9,19.16,3.809,892.9,0
M09228,Type_12,53.11,1.94,231.3,15.2,3.164,931.2,0
M09229,Type_17,72.79,0.96,217.3,19.02,3.72,165.3,0
M09230,Type_12,76.41,1.45,215.7,10.55,2.048,315.8,0
M09231,Type_16,72.74,2.75,241.6,16.6,3.61,915.0,1
M09232,Type_09,64.22,2.9,243.5,12.9,2.827,858.5,1
M09233,Type_07,60.6,1.86,225.7,13.14,2.669,59.0,0
M09234,Type_13,79.58,2.42,213.0,14.34,2.749,194.3,0
M09235,Type_24,85.45,11.26,241.0,53.5,11.604,433.0,1
M09236,Type_19,47.25,1.78,222.2,12.47,2.494,86.1,0
M09237,Type_21,74.08,0.46,221.8,12.51,2.497,685.2,0
M09238,Type_04,80.71,0.94,226.5,16.03,3.268,696.7,0
M09239,Type_13,76.0,0.93,213.5,17.15,3.295,910.1,0
M09240,Type_23,51.3,1.63,223.3,15.19,3.053,420.2,0
M09241,Type_04,72.87,2.25,210.6,15.67,2.97,690.7,0
M09242,Type_21,61.67,1.06,218.5,14.44,2.84,795.5,0
M09243,Type_21,60.31,1.62,226.6,11.61,2.368,919.7,0
M09244,Type_18,68.59,1.66,231.5,19.42,4.046,220.0,0
M09245,Type_20,54.13,3.67,222.7,17.04,3.415,892.4,0
M09246,Type_25,67.91,2.73,212.8,13.96,2.674,569.7,0
M09247,Type_02,86.21,1.45,224.6,15.05,3.042,173.2,1
M09248,Type_16,115.66,1.39,223.8,16.45,3.313,58.4,1
M09249,Type_03,59.8,2.32,218.7,14.43,2.84,998.3,0
M09250,Type_17,51.49,2.91,212.4,18.99,3.63,195.4,0
M09251,Type_07,80.4,1.45,220.3,18.09,3.587,887.1,0
M09252,Type_06,81.54,3.06,221.3,10.74,2.139,455.0,0
M09253,Type_14,60.94,0.49,220.2,15.45,3.062,226.5,0
M09254,Type_22,82.57,3.01,216.3,13.92,2.71,178.8,0
M09255,Type_17,67.75,1.8,217.9,17.37,3.406,454.3,0
M09256,Type_20,68.47,2.67,213.0,2.86,0.548,110.0,1
M09257,Type_04,53.87,1.98,218.4,8.24,1.62,905.8,0
M09258,Type_24,56.68,3.39,226.3,14.34,2.921,164.5,0
M09259,Type_05,71.99,0.1,212.5,17.24,3.297,696.1,0
M09260,Type_08,62.16,2.36,218.4,16.6,3.263,620.8,0
M09261,Type_05,56.64,2.27,225.1,11.17,2.263,957.9,0
M09262,Type_08,65.62,2.55,227.8,15.72,3.223,595.2,0
M09263,Type_14,59.0,1.44,219.2,17.05,3.364,846.3,0
M09264,Type_16,56.65,2.32,220.1,12.35,2.446,276.7,0
M09265,Type_17,91.76,2.53,216.8,15.94,3.11,661.9,1
M09266,Type_22,63.33,2.19,225.0,15.54,3.147,410.8,0
M09267,Type_03,58.36,2.24,221.5,16.32,3.253,324.5,0
M09268,Type_10,58.68,3.44,217.2,18.27,3.571,873.1,0
M09269,Type_15,53.92,2.08,222.6,16.7,3.346,151.7,0
M09270,Type_16,55.03,2.42,219.7,17.27,3.415,421.8,0
M09271,Type_10,67.48,0.47,220.3,9.63,1.909,578.8,0
M09272,Type_06,64.11,2.85,200.0,16.02,2.884,70.2,1
M09273,Type_25,58.42,2.22,217.9,15.73,3.085,457.5,0
M09274,Type_23,61.94,0.9,215.1,18.8,3.639,871.0,0
M09275,Type_10,60.69,2.05,219.5,14.73,2.91,549.8,0
M09276,Type_07,58.04,1.95,218.9,14.03,2.764,443.4,0
M09277,Type_23,83.75,1.34,213.8,12.11,2.33,512.8,0
M09278,Type_21,50.45,1.36,218.6,11.71,2.304,975.0,0
M09279,Type_22,58.61,0.74,239.4,21.98,4.736,970.2,1
M09280,Type_18,57.76,1.22,219.0,15.11,2.978,742.4,0
M09281,Type_25,63.34,1.89,217.1,12.39,2.421,488.0,0
M09282,Type_22,114.82,0.56,224.4,14.36,2.9,288.5,1
M09283,Type_03,55.15,2.04,220.6,14.91,2.96,167.7,0
M09284,Type_12,63.35,2.4,206.7,13.92,2.59,580.0,0
M09285,Type_10,70.43,2.79,220.5,6.97,1.383,80.4,0
M09286,Type_03,72.73,2.0,221.1,15.85,3.154,251.5,0
M09287,Type_03,63.36,1.21,218.6,15.2,2.99,251.3,0
M09288,Type_19,66.81,2.1,223.9,13.06,2.632,984.6,0
M09289,Type_06,70.7,3.27,229.1,18.29,3.771,858.1,0
M09290,Type_09,61.98,1.97,210.7,15.66,2.97,969.3,0
M09291,Type_02,79.06,2.24,223.7,8.76,1.764,81.7,1
M09292,Type_03,74.81,3.22,226.1,14.98,3.048,475.8,0
M09293,Type_02,57.54,1.78,227.6,21.04,4.31,977.3,0
M09294,Type_05,63.5,2.35,200.0,17.6,3.168,838.7,1
M09295,Type_14,79.84,0.5,217.3,19.57,3.827,924.1,0
M09296,Type_19,59.31,2.0,224.5,13.67,2.762,780.6,0
M09297,Type_16,51.95,2.01,220.3,11.83,2.346,127.1,0
M09298,Type_11,61.81,3.85,215.7,17.98,3.49,736.8,0
M09299,Type_08,70.5,1.8,223.9,16.33,3.291,256.2,0
M09300,Type_02,67.94,1.53,224.6,10.39,2.1,960.1,0
M09301,Type_20,75.43,0.8,218.3,12.56,2.468,918.0,0
M09302,Type_13,44.07,0.1,217.5,11.71,2.292,246.3,0
M09303,Type_13,110.34,7.06,245.8,49.6,10.973,314.2,1
M09304,Type_08,70.94,0.86,225.7,15.69,3.187,523.6,0
M09305,Type_08,72.01,3.76,212.9,5.55,1.063,389.2,1
M09306,Type_17,64.13,3.11,220.9,9.44,1.877,343.1,0
M09307,Type_06,83.77,1.92,223.5,10.49,2.11,136.6,0
M09308,Type_05,69.94,2.89,225.2,14.94,3.028,53.8,0
M09309,Type_22,65.7,2.63,218.4,16.14,3.172,329.3,0
M09310,Type_11,65.21,2.62,221.8,17.97,3.587,521.8,0
M09311,Type_12,64.07,3.07,224.1,17.19,3.467,853.3,0
M09312,Type_20,60.89,1.23,217.6,13.58,2.66,216.0,0
M09313,Type_19,56.57,2.15,223.1,13.06,2.622,140.5,0
M09314,Type_19,63.63,3.96,217.7,14.31,2.804,667.6,0
M09315,Type_19,79.88,2.96,216.1,15.71,3.055,330.6,0
M09316,Type_15,83.32,4.06,220.5,12.32,2.445,421.4,0
M09317,Type_12,71.28,2.1,211.3,11.28,2.145,891.4,0
M09318,Type_09,47.61,1.12,225.3,16.01,3.246,212.7,0
M09319,Type_03,57.93,3.2,212.4,15.16,2.898,619.4,0
M09320,Type_19,62.07,1.63,221.6,15.52,3.095,572.7,0
M09321,Type_12,61.91,1.07,214.0,10.9,2.099,738.4,0
M09322,Type_10,53.47,2.38,217.8,16.21,3.177,676.3,0
M09323,Type_22,62.29,1.65,218.4,13.3,2.614,483.2,0
M09324,Type_07,67.28,2.91,225.3,15.96,3.236,366.0,0
M09325,Type_04,79.21,3.25,220.1,17.58,3.482,257.7,0
M09326,Type_13,80.05,3.41,223.8,13.12,2.643,486.8,0
M09327,Type_03,78.58,0.1,223.1,15.91,3.195,943.7,0
M09328,Type_06,70.7,1.2,225.8,7.86,1.597,901.2,0
M09329,Type_06,83.9,2.5,222.6,17.53,3.512,909.2,0
M09330,Type_02,50.77,3.04,220.2,13.37,2.65,844.3,0
M09331,Type_12,71.71,0.81,221.5,21.82,4.35,677.4,0
M09332,Type_15,102.16,12.16,244.8,42.09,9.273,141.4,1
M09333,Type_13,71.55,2.45,219.6,15.57,3.077,660.3,0
M09334,Type_16,50.06,0.1,215.8,12.86,2.498,352.9,0
M09335,Type_15,81.45,2.23,222.6,13.91,2.787,717.1,0
M09336,Type_03,77.48,0.1,225.8,12.54,2.548,942.7,0
M09337,Type_18,50.73,1.62,215.7,14.6,2.834,915.7,0
M09338,Type_02,60.65,0.99,220.1,13.29,2.633,278.7,0
M09339,Type_19,64.6,3.26,214.9,16.28,3.149,644.3,0
M09340,Type_02,57.45,1.99,224.3,11.35,2.291,84.7,0
M09341,Type_06,52.6,2.42,223.8,13.34,2.687,433.2,0
M09342,Type_07,63.28,2.04,225.6,13.81,2.804,319.4,0
M09343,Type_07,63.1,0.1,224.2,12.55,2.532,901.5,0
M09344,Type_05,70.85,2.56,223.8,12.85,2.588,756.9,0
M09345,Type_22,49.68,1.17,211.0,20.54,3.901,454.4,0
M09346,Type_24,72.11,0.33,210.3,10.48,1.984,127.0,0
M09347,Type_01,79.47,3.52,213.2,11.87,2.278,656.7,0
M09348,Type_09,50.01,0.1,214.2,14.19,2.736,215.4,0
M09349,Type_08,54.29,2.36,222.3,12.59,2.519,527.6,0
M09350,Type_04,71.96,1.52,216.8,20.72,4.043,601.8,0
M09351,Type_10,62.1,0.63,220.0,23.13,4.58,834.5,0
M09352,Type_07,61.35,2.3,223.4,13.74,2.763,610.6,0
M09353,Type_01,68.89,1.98,216.2,13.01,2.531,181.9,0
M09354,Type_04,77.52,1.5,218.8,12.2,2.402,479.5,0
M09355,Type_17,52.58,0.81,224.9,15.52,3.141,130.5,0
M09356,Type_18,78.16,3.29,221.1,13.47,2.68,527.0,0
M09357,Type_21,67.51,5.33,226.3,16.43,3.346,221.2,0
M09358,Type_13,60.98,1.46,200.0,13.6,2.448,621.6,1
M09359,Type_10,63.77,2.39,219.8,17.64,3.49,146.6,0
M09360,Type_18,60.82,1.76,217.5,9.92,1.942,666.4,0
M09361,Type_04,54.4,3.66,221.8,12.2,2.435,254.5,0
M09362,Type_04,82.81,10.6,248.7,43.61,9.761,133.6,1
M09363,Type_07,53.91,2.13,227.4,13.49,2.761,562.5,0
M09364,Type_21,55.78,2.81,217.4,14.84,2.904,408.9,0
M09365,Type_25,71.74,2.45,221.5,15.5,3.09,597.3,0
M09366,Type_01,64.27,0.52,216.7,2.88,0.562,723.3,1
M09367,Type_17,62.19,4.07,224.5,10.89,2.2,231.3,0
M09368,Type_06,58.65,0.98,223.4,15.69,3.155,875.9,0
M09369,Type_03,48.33,2.46,218.6,12.25,2.41,890.7,0
M09370,Type_16,61.29,2.87,218.3,12.06,2.369,929.5,0
M09371,Type_02,56.63,1.97,220.9,18.86,3.75,836.7,0
M09372,Type_11,70.01,2.64,217.1,19.35,3.781,311.9,0
M09373,Type_25,68.13,2.38,230.6,11.57,2.401,278.8,0
M09374,Type_17,55.76,0.58,216.0,14.35,2.79,878.4,0
M09375,Type_08,83.17,2.83,214.3,59.2,11.418,182.8,1
M09376,Type_18,65.44,3.34,208.9,15.67,2.946,313.1,0
M09377,Type_16,63.27,0.39,220.4,13.68,2.714,308.1,0
M09378,Type_15,77.67,1.02,218.3,16.77,3.295,962.3,0
M09379,Type_12,37.42,0.1,218.1,41.65,8.175,626.5,1
M09380,Type_14,58.79,5.07,220.9,14.95,2.972,977.8,0
M09381,Type_18,68.62,1.82,214.1,13.83,2.665,626.5,0
M09382,Type_08,67.05,2.54,221.3,8.44,1.681,407.8,1
M09383,Type_21,60.42,2.82,221.5,17.58,3.505,91.3,0
M09384,Type_07,48.77,1.34,226.4,15.01,3.058,425.0,0
M09385,Type_03,68.04,1.15,212.4,16.05,3.068,663.2,0
M09386,Type_12,56.91,1.12,224.2,17.02,3.434,800.9,0
M09387,Type_20,72.56,1.45,215.4,19.48,3.776,58.0,0
M09388,Type_13,64.9,0.78,227.2,16.25,3.323,545.7,0
M09389,Type_17,58.18,2.68,219.6,15.36,3.036,231.2,0
M09390,Type_12,71.94,3.65,212.1,14.67,2.8,931.5,0
M09391,Type_08,57.15,2.3,217.3,10.29,2.012,321.5,0
M09392,Type_06,66.52,2.59,221.4,18.19,3.625,822.6,0
M09393,Type_22,60.41,2.23,225.1,14.86,3.01,259.0,0
M09394,Type_03,55.82,2.98,222.6,18.13,3.632,164.0,0
M09395,Type_13,55.73,4.07,219.0,18.08,3.564,144.8,0
M09396,Type_02,65.92,2.97,222.3,13.81,2.763,200.7,0
M09397,Type_16,61.33,2.42,231.2,15.81,3.29,197.9,0
M09398,Type_13,56.71,0.61,220.2,17.11,3.391,132.0,0
M09399,Type_10,53.46,2.68,214.8,17.47,3.377,438.1,0
M09400,Type_14,83.75,1.91,229.2,10.9,2.248,237.8,0
M09401,Type_01,60.97,2.21,207.6,12.34,2.306,778.4,1
M09402,Type_19,77.73,0.84,218.9,15.92,3.136,658.5,0
M09403,Type_06,63.16,0.42,210.5,14.88,2.819,144.1,0
M09404,Type_25,63.73,2.56,220.7,16.58,3.293,170.9,0
M09405,Type_20,71.93,0.18,223.2,12.64,2.539,653.4,0
M09406,Type_18,66.71,1.26,218.0,14.02,2.751,810.0,0
M09407,Type_05,70.13,1.43,225.3,18.17,3.684,714.5,0
M09408,Type_03,68.28,9.32,222.0,11.5,2.298,525.5,1
M09409,Type_12,60.18,1.8,216.2,13.2,2.568,221.1,0
M09410,Type_16,114.34,7.74,235.7,51.97,11.024,524.8,1
M09411,Type_06,65.81,1.66,222.1,10.24,2.047,83.5,0
M09412,Type_05,58.23,2.0,214.4,17.72,3.419,859.6,0
M09413,Type_17,63.32,0.1,226.5,15.87,3.235,199.9,0
M09414,Type_24,87.96,11.55,236.8,57.06,12.161,791.7,1
M09415,Type_13,72.25,1.54,214.4,19.47,3.757,738.0,0
M09416,Type_10,66.46,3.34,227.9,18.37,3.768,169.0,0
M09417,Type_17,56.62,2.5,220.6,12.68,2.517,451.0,0
M09418,Type_14,70.38,2.38,218.2,14.14,2.777,452.8,0
M09419,Type_07,70.62,3.66,228.6,14.58,3.0,389.3,0
M09420,Type_13,80.27,2.07,214.9,12.08,2.336,50.0,0
M09421,Type_18,58.96,1.39,216.2,13.58,2.642,120.2,0
M09422,Type_18,51.82,1.79,215.4,16.17,3.135,859.5,0
M09423,Type_19,67.93,2.11,215.2,14.77,2.861,107.2,0
M09424,Type_13,43.64,2.01,212.6,14.98,2.866,149.0,0
M09425,Type_02,61.32,1.88,221.4,15.46,3.081,53.5,0
M09426,Type_15,74.65,1.77,227.6,16.45,3.37,403.4,0
M09427,Type_18,82.23,3.03,213.1,15.01,2.879,233.6,0
M09428,Type_04,73.6,1.86,223.4,1.36,0.273,635.7,1
M09429,Type_23,43.03,3.2,224.0,22.62,4.56,246.8,0
M09430,Type_17,70.38,3.63,213.5,13.7,2.632,763.4,0
M09431,Type_03,54.68,1.82,221.4,11.83,2.357,545.9,0
M09432,Type_11,54.96,0.65,212.6,14.33,2.742,190.2,0
M09433,Type_20,59.61,2.1,221.6,11.64,2.321,906.1,0
M09434,Type_11,69.06,2.68,215.7,16.81,3.263,950.0,0
M09435,Type_01,80.55,2.44,207.5,18.32,3.421,622.5,1
M09436,Type_20,56.65,3.65,217.4,10.4,2.035,682.3,0
M09437,Type_11,64.34,2.0,223.5,16.35,3.289,276.0,0
M09438,Type_03,47.12,2.13,223.3,11.76,2.363,329.1,0
M09439,Type_03,58.53,0.85,218.6,10.93,2.15,813.2,0
M09440,Type_18,72.39,1.62,229.9,12.66,2.619,313.0,0
M09441,Type_03,59.98,2.02,219.3,18.35,3.622,580.2,0
M09442,Type_24,69.69,0.73,226.9,14.98,3.059,312.7,0
M09443,Type_22,70.38,0.1,220.9,15.82,3.145,373.9,0
M09444,Type_03,60.98,2.4,214.9,14.0,2.708,241.7,0
M09445,Type_01,88.3,2.34,219.1,13.12,2.587,350.6,0
M09446,Type_21,73.09,3.58,226.3,17.19,3.501,108.0,0
M09447,Type_14,69.81,9.73,221.1,13.79,2.744,482.0,1
M09448,Type_14,56.37,0.65,223.7,8.81,1.774,861.3,0
M09449,Type_14,78.53,2.13,216.4,19.51,3.8,556.4,0
M09450,Type_03,59.93,1.32,226.5,15.26,3.111,897.3,0
M09451,Type_06,82.42,1.05,216.8,13.76,2.685,387.5,0
M09452,Type_25,63.33,1.95,228.6,14.04,2.889,978.4,0
M09453,Type_14,62.31,1.18,228.1,17.26,3.543,59.9,0
M09454,Type_11,76.2,0.48,222.6,13.9,2.785,832.3,0
M09455,Type_19,45.22,1.76,219.0,15.77,3.108,414.3,0
M09456,Type_16,51.98,1.42,221.5,15.95,3.18,374.0,0
M09457,Type_11,62.39,2.92,224.5,15.59,3.15,789.3,0
M09458,Type_05,60.74,0.1,216.3,13.4,2.609,548.3,0
M09459,Type_04,70.16,1.15,216.2,10.02,1.95,866.8,0
M09460,Type_16,78.64,0.6,217.7,12.94,2.535,929.0,0
M09461,Type_08,56.67,2.54,214.9,13.13,2.539,542.4,0
M09462,Type_01,72.3,2.23,226.3,13.52,2.754,375.8,0
M09463,Type_16,66.2,1.44,218.4,16.67,3.277,411.0,0
M09464,Type_12,66.77,1.85,223.5,14.4,2.897,789.8,0
M09465,Type_12,76.92,2.89,215.5,17.97,3.485,766.1,0
M09466,Type_08,78.55,1.03,224.0,15.77,3.179,510.8,0
M09467,Type_15,64.01,1.88,225.2,18.2,3.689,937.6,0
M09468,Type_20,71.94,1.36,226.6,13.48,2.749,579.2,0
M09469,Type_17,50.87,1.58,219.2,12.61,2.488,797.8,0
M09470,Type_11,65.08,1.58,225.5,13.69,2.778,330.1,0
M09471,Type_16,62.92,3.66,218.3,17.38,3.415,81.8,0
M09472,Type_15,56.99,3.0,227.5,17.91,3.667,887.1,0
M09473,Type_04,56.73,2.29,222.5,17.38,3.48,108.2,0
M09474,Type_18,51.36,2.37,218.9,18.04,3.554,773.4,0
M09475,Type_18,77.28,1.14,222.9,12.02,2.411,791.4,0
M09476,Type_13,80.55,0.42,220.7,12.16,2.415,419.5,0
M09477,Type_04,61.26,1.97,213.6,15.03,2.889,759.6,0
M09478,Type_25,120.73,2.69,225.1,13.6,2.755,201.0,1
M09479,Type_11,53.18,2.46,223.9,11.22,2.261,875.6,0
M09480,Type_05,46.66,1.46,214.9,13.13,2.539,508.6,0
M09481,Type_09,42.04,2.02,223.1,16.84,3.381,723.5,0
M09482,Type_19,76.52,3.82,215.2,16.19,3.136,930.2,0
M09483,Type_05,45.71,1.03,222.0,16.75,3.347,592.7,0
M09484,Type_10,70.09,2.78,215.0,17.59,3.404,324.4,0
M09485,Type_19,57.1,3.08,200.0,15.8,2.844,953.5,1
M09486,Type_23,69.35,2.05,218.5,15.98,3.142,538.4,0
M09487,Type_06,51.98,2.68,218.7,18.04,3.551,313.7,0
M09488,Type_23,57.83,3.23,222.6,16.09,3.223,938.6,0
M09489,Type_19,38.39,1.96,218.8,14.18,2.792,736.6,0
M09490,Type_05,79.66,1.47,217.2,17.1,3.343,689.7,0
M09491,Type_06,79.21,1.16,224.5,19.95,4.031,392.7,0
M09492,Type_12,39.87,2.91,218.9,12.25,2.413,535.3,0
M09493,Type_11,74.13,2.54,224.9,11.77,2.382,577.1,0
M09494,Type_09,56.11,0.1,225.3,14.33,2.906,733.3,0
M09495,Type_01,69.06,2.41,214.5,20.51,3.959,52.2,0
M09496,Type_13,64.98,2.65,212.4,12.22,2.336,697.1,0
M09497,Type_19,89.67,1.74,216.9,23.41,4.57,785.7,0
M09498,Type_19,62.09,5.01,214.3,17.79,3.431,133.5,0
M09499,Type_22,80.56,2.42,221.6,15.22,3.035,203.5,0
M09500,Type_07,65.21,1.11,214.6,21.08,4.071,106.6,0
M09501,Type_14,62.39,1.26,220.1,18.15,3.595,751.4,0
M09502,Type_05,54.02,2.36,223.6,12.62,2.54,314.4,0
M09503,Type_19,65.03,2.09,214.5,15.69,3.029,364.2,0
M09504,Type_20,56.0,0.73,215.3,17.03,3.3,269.1,0
M09505,Type_22,66.77,2.26,223.6,14.4,2.898,243.8,0
M09506,Type_05,58.31,2.64,214.8,8.97,1.734,304.2,1
M09507,Type_11,58.22,4.19,223.5,16.72,3.363,847.5,0
M09508,Type_15,66.27,0.1,208.8,15.66,2.943,138.3,1
M09509,Type_21,73.16,2.6,213.9,15.02,2.892,717.3,0
M09510,Type_24,78.7,1.43,222.6,13.86,2.777,147.1,0
M09511,Type_05,50.88,2.84,210.0,18.5,3.497,207.4,0
M09512,Type_06,67.14,2.93,220.9,12.34,2.453,680.9,0
M09513,Type_22,51.91,1.53,219.2,13.42,2.647,104.7,0
M09514,Type_02,65.94,0.45,219.6,13.13,2.595,807.5,0
M09515,Type_05,66.83,2.58,224.4,18.55,3.746,124.0,0
M09516,Type_15,72.49,0.48,222.8,19.1,3.83,657.1,0
M09517,Type_15,102.33,10.15,235.4,41.33,8.756,261.3,1
M09518,Type_14,62.32,1.06,229.9,17.37,3.594,391.6,0
M09519,Type_09,59.53,1.19,212.1,17.93,3.423,131.1,0
M09520,Type_12,38.91,2.07,212.5,15.78,3.018,579.9,0
M09521,Type_16,69.38,1.55,223.8,19.46,3.92,900.4,0
M09522,Type_21,67.67,2.27,218.9,12.89,2.539,894.1,0
M09523,Type_09,121.23,1.34,223.2,9.39,1.886,867.2,1
M09524,Type_05,56.16,1.84,217.4,15.3,2.994,219.1,0
M09525,Type_23,79.38,3.22,213.3,18.85,3.619,279.0,0
M09526,Type_22,62.95,1.69,225.5,14.88,3.02,216.6,0
M09527,Type_10,67.29,0.95,220.7,18.3,3.635,976.4,0
M09528,Type_03,66.23,2.2,219.8,16.99,3.361,316.2,0
M09529,Type_05,77.3,1.34,219.2,19.31,3.809,588.4,0
M09530,Type_13,72.11,2.43,210.1,18.27,3.455,187.5,0
M09531,Type_21,70.41,1.87,219.6,13.88,2.743,534.4,0
M09532,Type_02,57.05,2.87,225.4,11.25,2.282,378.1,0
M09533,Type_01,58.94,0.6,218.3,16.16,3.175,211.4,0
M09534,Type_19,63.29,1.06,216.9,14.55,2.84,125.6,0
M09535,Type_21,78.6,4.28,218.8,15.27,3.007,869.7,0
M09536,Type_08,60.6,2.01,222.7,13.14,2.634,516.1,0
M09537,Type_18,70.14,3.6,214.2,12.55,2.419,396.8,0
M09538,Type_13,56.71,3.87,216.1,16.41,3.192,327.2,0
M09539,Type_08,68.63,0.1,215.0,4.84,0.937,882.2,1
M09540,Type_05,74.61,1.94,219.3,12.31,2.43,802.6,0
M09541,Type_02,69.19,1.05,224.6,13.28,2.684,826.0,0
M09542,Type_07,59.57,1.39,212.3,11.59,2.215,126.8,0
M09543,Type_16,55.05,1.94,228.2,16.98,3.487,301.8,0
M09544,Type_10,64.99,2.16,216.1,12.12,2.357,435.2,0
M09545,Type_25,73.28,3.17,215.2,14.11,2.733,209.3,0
M09546,Type_16,66.96,2.72,211.9,13.05,2.489,140.4,0
M09547,Type_24,59.2,0.87,214.5,17.16,3.313,976.6,0
M09548,Type_17,68.12,2.96,225.0,16.7,3.382,485.6,0
M09549,Type_01,74.14,3.23,226.3,13.54,2.758,808.7,0
M09550,Type_13,80.32,1.74,222.4,18.35,3.673,916.5,0
M09551,Type_12,65.95,3.51,213.9,10.38,1.998,605.7,0
M09552,Type_19,41.14,0.53,221.2,13.52,2.692,107.5,0
M09553,Type_23,53.31,2.1,219.4,10.63,2.099,231.1,0
M09554,Type_06,74.02,2.11,218.7,15.85,3.12,57.5,0
M09555,Type_19,66.13,2.0,225.4,17.02,3.453,371.3,0
M09556,Type_05,58.23,0.46,228.3,13.54,2.782,527.7,0
M09557,Type_23,73.05,2.11,220.6,14.56,2.891,74.3,0
M09558,Type_06,63.46,3.94,212.7,14.57,2.789,956.1,0
M09559,Type_03,75.05,1.15,225.4,10.5,2.13,956.4,0
M09560,Type_12,57.67,2.37,218.6,17.24,3.392,357.6,0
M09561,Type_24,41.97,0.1,218.6,17.81,3.504,652.5,0
M09562,Type_18,74.71,2.55,208.1,14.42,2.701,264.9,0
M09563,Type_12,72.62,3.21,217.7,13.16,2.578,326.4,0
M09564,Type_14,57.07,2.33,224.3,19.82,4.001,458.1,0
M09565,Type_01,80.07,4.45,216.8,20.04,3.91,51.8,0
M09566,Type_17,74.12,2.83,225.4,12.94,2.625,303.1,0
M09567,Type_04,59.29,2.1,241.4,18.53,4.026,711.4,1
M09568,Type_14,63.38,3.64,214.9,19.44,3.76,444.2,0
M09569,Type_05,65.05,4.22,222.9,17.87,3.585,165.9,0
M09570,Type_05,76.57,2.37,218.1,13.12,2.575,488.4,0
M09571,Type_01,69.24,3.41,221.0,12.86,2.558,901.4,0
M09572,Type_21,46.69,2.35,224.8,11.22,2.27,141.7,0
M09573,Type_12,59.62,1.67,210.6,12.55,2.379,712.8,0
M09574,Type_14,76.83,1.32,220.4,16.22,3.217,72.7,0
M09575,Type_18,66.32,0.1,213.5,16.92,3.251,513.8,0
M09576,Type_16,63.05,1.05,213.0,15.47,2.966,270.3,0
M09577,Type_19,84.69,1.76,215.0,11.85,2.293,115.7,0
M09578,Type_04,64.32,0.91,218.6,16.75,3.295,455.8,0
M09579,Type_16,73.69,1.0,226.2,12.37,2.518,498.1,0
M09580,Type_10,71.42,1.09,220.1,14.05,2.783,673.6,0
M09581,Type_14,72.2,0.55,219.9,15.64,3.095,430.7,0
M09582,Type_02,68.13,2.42,224.1,16.3,3.288,707.6,0
M09583,Type_21,79.32,1.55,219.5,15.71,3.104,411.9,0
M09584,Type_12,77.71,1.48,208.4,14.62,2.742,144.2,0
M09585,Type_04,67.07,2.49,221.7,15.06,3.005,393.0,0
M09586,Type_20,59.64,1.41,212.5,14.82,2.834,245.1,0
M09587,Type_12,64.83,3.17,214.1,13.63,2.626,323.0,0
M09588,Type_10,79.81,0.62,232.3,18.42,3.851,375.0,0
M09589,Type_25,51.39,1.65,233.7,16.55,3.481,656.0,1
M09590,Type_14,58.09,1.48,216.6,23.92,4.663,258.6,0
M09591,Type_21,58.23,1.25,220.3,21.31,4.225,315.0,0
M09592,Type_09,64.49,2.54,218.2,10.2,2.003,262.9,0
M09593,Type_15,68.64,0.13,216.3,42.88,8.347,703.5,1
M09594,Type_07,63.32,0.84,220.4,15.94,3.162,123.5,0
M09595,Type_22,63.95,2.17,218.1,13.93,2.734,241.4,0
M09596,Type_11,74.49,0.43,217.1,14.49,2.831,652.6,0
M09597,Type_25,71.19,0.17,214.5,20.94,4.042,352.4,0
M09598,Type_06,85.88,3.43,219.5,14.67,2.898,210.3,1
M09599,Type_11,86.72,0.69,228.1,16.38,3.363,150.4,0
M09600,Type_09,58.64,3.22,224.5,10.92,2.206,355.5,0
M09601,Type_06,72.07,2.62,221.9,19.24,3.842,86.7,0
M09602,Type_10,80.07,1.69,219.4,16.91,3.339,971.5,0
M09603,Type_14,78.1,2.02,222.1,15.91,3.18,914.4,0
M09604,Type_09,44.52,3.02,223.3,16.36,3.288,206.7,0
M09605,Type_22,63.01,1.18,224.6,13.31,2.69,841.2,0
M09606,Type_18,48.65,0.78,219.1,15.22,3.001,722.2,0
M09607,Type_14,55.21,2.61,219.0,13.97,2.753,475.4,0
M09608,Type_18,77.66,1.83,215.4,20.96,4.063,336.5,0
M09609,Type_11,60.65,3.46,216.7,10.38,2.024,118.4,0
M09610,Type_20,69.61,3.41,227.6,11.77,2.411,759.7,0
M09611,Type_04,74.27,2.52,222.0,1.39,0.278,63.5,1
M09612,Type_01,72.14,0.22,216.4,15.43,3.005,587.3,0
M09613,Type_21,64.12,0.1,217.3,46.16,9.028,113.6,1
M09614,Type_10,63.91,1.77,200.0,17.13,3.083,992.2,1
M09615,Type_11,61.63,2.77,235.4,15.38,3.258,143.9,1
M09616,Type_03,64.69,2.87,217.3,14.89,2.912,535.0,0
M09617,Type_14,72.13,2.66,215.9,15.23,2.959,506.9,0
M09618,Type_02,64.38,3.64,224.4,13.6,2.747,471.9,0
M09619,Type_21,58.83,2.41,217.0,16.65,3.252,314.6,0
M09620,Type_23,62.79,1.28,216.3,19.85,3.864,887.2,0
M09621,Type_08,75.75,1.26,222.3,11.51,2.303,534.8,0
M09622,Type_11,68.9,2.49,211.5,12.53,2.385,884.9,0
M09623,Type_24,55.45,2.45,220.4,12.76,2.531,84.9,0
M09624,Type_17,70.2,1.25,220.8,14.92,2.965,610.9,0
M09625,Type_19,54.55,1.79,223.3,18.63,3.744,827.5,0
M09626,Type_24,58.81,0.92,213.3,18.48,3.548,680.7,0
M09627,Type_21,71.09,1.97,219.0,13.78,2.716,462.2,0
M09628,Type_15,52.32,1.2,223.3,14.83,2.98,657.0,0
M09629,Type_16,40.23,1.55,213.6,16.35,3.143,958.6,0
M09630,Type_20,62.46,2.06,224.9,11.7,2.368,261.0,0
M09631,Type_20,68.71,2.21,212.8,16.38,3.137,276.7,0
M09632,Type_01,76.69,3.86,225.2,17.05,3.456,657.1,0
M09633,Type_14,70.33,1.37,225.2,15.34,3.109,173.0,0
M09634,Type_06,57.58,1.42,224.6,17.71,3.58,966.7,0
M09635,Type_11,83.9,3.34,210.6,15.54,2.945,594.6,0
M09636,Type_08,76.23,1.44,208.8,12.32,2.315,289.6,0
M09637,Type_08,57.74,1.01,221.7,8.37,1.67,525.7,1
M09638,Type_16,63.54,2.52,216.8,17.03,3.323,624.4,0
M09639,Type_05,124.2,1.44,223.9,19.28,3.885,114.6,1
M09640,Type_16,65.3,2.58,223.9,17.31,3.488,254.0,0
M09641,Type_01,54.04,2.26,219.7,9.94,1.965,391.4,0
M09642,Type_18,37.06,2.29,224.3,18.16,3.666,953.5,0
M09643,Type_25,42.43,2.31,218.9,8.17,1.61,795.0,1
M09644,Type_23,57.32,1.09,219.6,21.18,4.186,769.5,0
M09645,Type_05,51.2,3.39,219.5,18.51,3.657,953.8,0
M09646,Type_10,64.23,1.62,216.7,17.71,3.454,570.9,0
M09647,Type_17,63.05,2.52,216.2,16.47,3.205,420.1,0
M09648,Type_22,53.64,1.76,224.0,19.37,3.905,869.7,0
M09649,Type_11,91.68,3.69,224.0,17.7,3.568,536.6,0
M09650,Type_21,63.52,2.86,212.3,12.1,2.312,79.3,0
M09651,Type_18,64.14,3.6,217.1,19.09,3.73,821.5,0
M09652,Type_04,55.38,1.68,215.9,13.38,2.6,598.9,0
M09653,Type_07,73.59,1.99,220.5,11.1,2.203,770.8,0
M09654,Type_23,53.22,0.84,220.7,13.85,2.751,324.1,0
M09655,Type_03,55.73,0.1,215.2,16.12,3.122,512.1,0
M09656,Type_08,81.72,1.17,225.5,15.22,3.089,445.2,0
M09657,Type_20,56.64,1.74,221.4,15.31,3.051,98.3,0
M09658,Type_09,67.98,1.94,232.2,15.59,3.258,274.4,0
M09659,Type_10,40.97,3.15,220.2,14.22,2.818,900.4,0
M09660,Type_21,51.85,1.13,222.9,48.96,9.822,754.1,1
M09661,Type_22,71.36,2.07,218.7,13.95,2.746,398.8,0
M09662,Type_06,64.41,1.55,212.9,14.48,2.775,653.5,0
M09663,Type_08,67.9,1.61,217.2,17.59,3.438,191.8,0
M09664,Type_20,63.58,3.92,218.1,14.61,2.868,138.8,0
M09665,Type_01,63.33,2.49,220.5,13.48,2.675,642.7,0
M09666,Type_06,90.76,10.65,235.3,40.97,8.676,166.4,1
M09667,Type_24,78.01,1.98,223.7,17.9,3.604,252.3,0
M09668,Type_20,71.41,0.35,220.2,13.77,2.729,516.8,0
M09669,Type_06,80.04,1.42,223.1,16.13,3.239,782.6,0
M09670,Type_09,79.21,2.9,226.1,14.78,3.008,723.1,0
M09671,Type_11,61.56,1.79,208.3,13.52,2.535,572.9,0
M09672,Type_22,70.44,1.41,216.2,16.41,3.193,409.6,0
M09673,Type_07,62.54,2.07,219.2,14.47,2.855,172.6,0
M09674,Type_07,72.48,2.3,221.0,16.27,3.236,493.4,0
M09675,Type_18,53.65,1.91,219.9,14.53,2.876,109.3,0
M09676,Type_22,60.28,3.31,212.4,13.16,2.516,990.2,0
M09677,Type_20,61.37,1.93,223.9,13.3,2.68,235.3,0
M09678,Type_23,67.87,1.63,244.7,16.01,3.526,741.4,1
M09679,Type_19,69.13,3.11,222.6,17.39,3.484,370.9,0
M09680,Type_20,64.89,2.86,217.1,15.88,3.103,484.6,0
M09681,Type_21,81.31,3.15,221.6,18.18,3.626,231.4,0
M09682,Type_19,55.49,1.45,224.4,16.23,3.278,318.2,0
M09683,Type_06,86.71,12.32,233.3,47.41,9.955,800.8,1
M09684,Type_08,75.23,3.63,224.5,16.48,3.33,961.5,0
M09685,Type_11,75.1,0.99,221.4,12.29,2.449,201.5,0
M09686,Type_24,71.77,2.21,216.2,19.86,3.864,643.8,0
M09687,Type_25,67.32,2.46,225.1,15.58,3.156,921.6,0
M09688,Type_12,79.41,1.69,221.9,15.34,3.064,141.8,0
M09689,Type_01,51.78,2.11,224.9,19.35,3.917,123.6,0
M09690,Type_15,52.38,1.24,225.1,10.01,2.028,388.6,0
M09691,Type_05,51.23,1.24,225.1,10.78,2.184,376.7,0
M09692,Type_01,56.6,0.23,215.8,15.92,3.092,531.4,0
M09693,Type_23,71.69,1.07,217.9,11.55,2.265,736.4,0
M09694,Type_17,47.13,1.0,220.6,21.21,4.211,70.4,0
M09695,Type_21,82.88,2.93,221.8,16.72,3.338,313.5,0
M09696,Type_23,66.29,2.27,217.8,15.11,2.962,203.1,0
M09697,Type_22,64.2,1.23,226.6,15.61,3.184,551.8,0
M09698,Type_17,56.57,0.26,232.6,14.76,3.09,684.0,0
M09699,Type_17,61.91,2.98,219.6,15.12,2.988,161.3,0
M09700,Type_01,58.56,2.24,228.0,20.09,4.122,780.4,0
M09701,Type_07,73.97,1.37,226.1,16.24,3.305,765.8,0
M09702,Type_22,74.6,0.7,219.5,16.88,3.335,856.6,0
M09703,Type_23,61.41,2.2,218.6,16.66,3.278,827.2,0
M09704,Type_04,62.61,4.1,224.8,16.81,3.401,817.5,0
M09705,Type_11,59.84,2.92,229.9,20.35,4.211,683.5,0
M09706,Type_12,52.03,2.81,220.8,11.72,2.329,868.1,0
M09707,Type_06,62.76,1.63,222.5,20.06,4.017,745.6,0
M09708,Type_18,67.53,0.71,220.5,11.93,2.368,995.9,0
M09709,Type_20,66.53,0.73,230.3,10.79,2.236,144.5,0
M09710,Type_05,73.35,1.19,217.3,15.0,2.934,357.3,0
M09711,Type_05,61.71,3.91,222.1,21.88,4.374,779.9,0
M09712,Type_23,76.78,2.74,217.6,9.69,1.898,614.4,0
M09713,Type_20,67.56,3.18,221.8,13.82,2.759,415.0,0
M09714,Type_05,56.35,2.47,233.1,12.68,2.66,323.8,0
M09715,Type_08,68.68,1.96,236.9,19.8,4.222,281.3,1
M09716,Type_15,101.86,3.24,227.3,15.26,3.122,319.5,1
M09717,Type_09,69.81,1.43,219.4,12.64,2.496,788.9,0
M09718,Type_20,59.51,1.38,217.9,18.44,3.616,883.6,0
M09719,Type_18,64.81,0.1,219.4,15.06,2.974,138.9,0
M09720,Type_09,71.12,3.09,223.6,16.81,3.383,545.9,0
M09721,Type_24,76.43,0.37,222.0,13.74,2.745,598.9,0
M09722,Type_18,92.86,1.36,223.4,16.88,3.394,484.9,0
M09723,Type_25,87.78,2.2,223.2,13.9,2.792,835.9,0
M09724,Type_14,54.6,2.3,224.2,11.65,2.351,217.4,0
M09725,Type_04,53.17,2.23,210.9,14.65,2.781,463.4,0
M09726,Type_11,74.89,1.81,223.7,19.2,3.866,93.1,0
M09727,Type_16,63.15,2.19,227.9,17.86,3.663,107.2,0
M09728,Type_08,85.04,2.79,215.1,13.78,2.668,585.6,0
M09729,Type_19,83.19,2.25,218.0,12.16,2.386,526.3,0
M09730,Type_23,63.7,1.33,214.6,20.77,4.012,926.4,0
M09731,Type_16,52.61,2.77,229.8,21.0,4.343,716.2,0
M09732,Type_10,64.19,0.27,209.0,14.74,2.773,131.3,0
M09733,Type_21,75.15,4.5,224.3,17.91,3.615,374.0,0
M09734,Type_04,59.26,2.82,215.4,13.93,2.7,620.9,0
M09735,Type_02,79.3,2.64,213.6,14.57,2.801,686.9,0
M09736,Type_17,56.44,2.28,212.8,12.91,2.473,615.1,0
M09737,Type_06,54.57,2.85,219.5,12.39,2.448,839.6,0
M09738,Type_20,84.74,1.85,213.0,10.55,2.022,790.3,0
M09739,Type_01,67.4,0.95,226.3,20.87,4.251,124.2,0
M09740,Type_04,66.33,1.4,218.7,15.45,3.041,529.7,0
M09741,Type_14,48.0,1.49,209.8,13.63,2.574,687.0,0
M09742,Type_01,115.93,6.88,236.6,52.78,11.239,601.5,1
M09743,Type_15,78.71,1.41,221.3,18.9,3.764,530.9,0
M09744,Type_01,73.57,1.89,217.2,7.1,1.388,973.0,0
M09745,Type_17,73.39,2.97,205.8,12.6,2.334,163.4,0
M09746,Type_05,63.58,1.9,224.3,14.58,2.943,608.0,0
M09747,Type_25,68.26,1.25,220.6,19.4,3.852,574.3,0
M09748,Type_03,80.06,3.46,216.7,18.76,3.659,495.4,0
M09749,Type_01,69.07,2.45,200.0,17.2,3.096,249.0,1
M09750,Type_06,49.41,1.12,215.1,15.41,2.983,538.1,0
M09751,Type_04,66.66,0.1,200.0,10.38,1.868,476.4,1
M09752,Type_25,82.06,2.44,213.0,10.64,2.04,802.7,0
M09753,Type_11,64.51,1.07,223.7,11.16,2.247,356.3,0
M09754,Type_09,73.16,1.91,227.1,18.11,3.702,834.6,0
M09755,Type_17,65.03,1.33,201.4,12.26,2.222,226.4,1
M09756,Type_08,52.47,2.25,224.1,19.35,3.903,153.5,0
M09757,Type_19,67.51,2.02,224.4,10.17,2.054,701.4,0
M09758,Type_15,72.5,2.22,219.9,10.82,2.141,243.7,0
M09759,Type_13,54.95,2.01,220.3,17.04,3.379,320.7,0
M09760,Type_11,54.47,1.17,218.1,15.88,3.117,720.7,0
M09761,Type_22,65.63,1.57,219.7,14.95,2.956,446.9,0
M09762,Type_05,68.37,3.0,215.5,17.86,3.464,950.7,0
M09763,Type_18,70.77,1.44,220.8,16.17,3.213,305.6,0
M09764,Type_22,77.56,3.27,217.2,18.56,3.628,709.5,0
M09765,Type_22,113.26,0.98,211.4,14.75,2.806,608.5,1
M09766,Type_16,59.37,1.94,224.9,8.08,1.635,187.4,0
M09767,Type_18,76.51,0.97,222.8,19.52,3.914,842.5,0
M09768,Type_07,75.31,1.59,225.2,13.57,2.75,678.5,0
M09769,Type_06,65.17,2.39,218.6,19.27,3.791,255.5,0
M09770,Type_18,68.09,2.74,224.1,9.22,1.86,661.9,1
M09771,Type_18,66.3,1.55,219.3,13.84,2.732,983.8,0
M09772,Type_10,68.37,2.36,215.9,12.29,2.388,883.5,0
M09773,Type_11,57.85,2.55,219.4,14.23,2.81,713.7,0
M09774,Type_14,85.34,2.08,227.2,12.8,2.617,868.4,0
M09775,Type_10,58.97,1.66,227.0,20.0,4.086,219.1,0
M09776,Type_11,77.16,1.71,221.2,16.33,3.251,861.5,0
M09777,Type_09,65.66,1.92,216.3,20.52,3.995,865.2,0
M09778,Type_20,68.01,0.1,224.8,16.43,3.324,643.1,0
M09779,Type_23,72.66,2.74,212.1,14.81,2.827,244.4,0
M09780,Type_03,71.64,3.4,221.8,15.29,3.052,213.4,0
M09781,Type_17,71.97,2.64,219.2,16.75,3.304,378.9,0
M09782,Type_19,55.12,2.56,215.4,56.78,11.007,790.5,1
M09783,Type_12,82.05,2.79,219.9,9.23,1.827,210.6,0
M09784,Type_15,67.79,1.54,219.4,19.65,3.88,401.3,0
M09785,Type_21,61.04,3.04,200.0,20.96,3.773,590.9,1
M09786,Type_17,73.41,0.56,227.9,21.94,4.5,483.9,0
M09787,Type_15,63.43,3.27,219.5,13.83,2.732,228.1,0
M09788,Type_03,82.11,0.61,217.1,53.5,10.453,720.7,1
M09789,Type_20,61.22,2.67,221.7,12.23,2.44,803.5,0
M09790,Type_16,52.57,0.95,222.2,17.0,3.4,444.5,0
M09791,Type_24,61.5,1.7,220.1,15.16,3.003,278.8,0
M09792,Type_23,56.25,2.94,220.2,18.96,3.757,577.0,0
M09793,Type_17,43.71,0.98,223.7,15.91,3.203,105.2,0
M09794,Type_12,75.66,1.65,230.4,16.78,3.48,112.4,0
M09795,Type_24,75.35,1.97,228.8,14.92,3.072,584.8,0
M09796,Type_15,70.42,1.26,217.3,18.35,3.589,278.8,0
M09797,Type_12,67.63,3.36,215.5,18.81,3.648,217.1,0
M09798,Type_21,61.22,4.03,209.0,16.3,3.066,795.1,0
M09799,Type_16,63.91,1.86,222.7,7.12,1.427,391.3,1
M09800,Type_25,61.74,0.83,226.9,11.21,2.289,189.7,0
M09801,Type_04,76.26,0.67,221.2,13.62,2.711,525.6,0
M09802,Type_15,69.9,2.28,221.1,16.13,3.21,469.4,0
M09803,Type_15,58.22,3.3,216.6,15.21,2.965,588.0,0
M09804,Type_15,77.04,2.81,222.3,14.65,2.931,466.2,0
M09805,Type_17,67.42,0.72,222.1,10.96,2.191,217.7,0
M09806,Type_18,82.79,2.29,223.3,11.9,2.392,710.9,0
M09807,Type_04,65.74,3.29,217.9,14.83,2.908,691.8,0
M09808,Type_21,76.04,0.54,204.3,18.85,3.466,488.2,1
M09809,Type_14,64.59,3.57,223.9,14.2,2.861,527.6,0
M09810,Type_21,59.23,1.7,211.4,19.4,3.691,441.9,0
M09811,Type_15,73.28,2.62,222.3,14.79,2.959,474.4,0
M09812,Type_24,75.33,0.72,218.6,17.54,3.451,646.7,0
M09813,Type_07,70.72,3.08,224.6,14.66,2.963,944.8,0
M09814,Type_07,59.76,2.2,231.0,6.54,1.36,732.4,1
M09815,Type_05,43.57,1.93,214.0,12.67,2.44,395.4,0
M09816,Type_21,67.83,2.19,229.1,14.64,3.019,471.7,0
M09817,Type_15,71.53,2.8,219.0,16.17,3.187,297.8,0
M09818,Type_19,71.98,2.11,220.5,9.23,1.832,107.4,0
M09819,Type_01,63.51,2.06,230.3,17.8,3.689,713.6,0
M09820,Type_21,58.14,2.96,216.9,14.24,2.78,781.6,0
M09821,Type_20,78.75,1.61,221.4,11.85,2.361,300.5,0
M09822,Type_22,69.45,2.86,224.9,14.68,2.971,174.9,0
M09823,Type_04,67.31,1.54,222.2,13.54,2.708,646.4,0
M09824,Type_08,58.18,2.99,219.7,13.12,2.594,77.6,0
M09825,Type_25,68.88,0.33,218.5,14.34,2.82,694.1,0
M09826,Type_15,60.55,1.47,220.0,20.38,4.035,859.4,0
M09827,Type_05,81.58,2.82,218.7,14.26,2.807,347.9,0
M09828,Type_17,74.62,2.04,214.5,9.86,1.903,867.4,0
M09829,Type_23,74.47,0.1,212.6,17.31,3.312,230.3,0
M09830,Type_11,63.69,2.36,220.0,55.76,11.04,497.4,1
M09831,Type_12,72.81,1.47,219.0,17.17,3.384,313.4,0
M09832,Type_07,56.49,4.89,216.6,12.64,2.464,630.2,0
M09833,Type_12,82.14,2.24,227.3,17.29,3.537,727.9,0
M09834,Type_21,79.24,0.91,215.6,13.64,2.647,897.9,0
M09835,Type_24,67.25,2.8,210.1,16.47,3.114,987.8,0
M09836,Type_18,76.7,2.73,213.8,10.99,2.115,83.3,0
M09837,Type_25,81.39,2.99,227.2,12.48,2.552,292.7,0
M09838,Type_03,70.89,0.18,219.6,14.85,2.935,188.7,0
M09839,Type_12,67.1,3.24,221.7,16.47,3.286,645.2,0
M09840,Type_25,72.0,2.66,217.5,7.41,1.451,686.9,1
M09841,Type_02,65.14,2.3,217.6,16.14,3.161,463.8,0
M09842,Type_04,55.11,2.73,223.2,12.78,2.567,694.3,0
M09843,Type_23,73.19,0.6,220.7,19.23,3.82,905.9,0
M09844,Type_13,49.0,2.73,218.1,10.31,2.024,438.3,0
M09845,Type_21,64.03,2.44,215.0,14.56,2.817,364.8,0
M09846,Type_12,51.93,2.7,226.2,38.14,7.765,805.3,1
M09847,Type_23,61.54,2.76,218.5,15.1,2.969,959.4,0
M09848,Type_16,77.11,1.22,227.3,17.37,3.553,245.7,0
M09849,Type_14,72.0,0.47,219.2,11.29,2.227,867.2,0
M09850,Type_11,51.86,2.34,220.2,13.31,2.638,522.7,0
M09851,Type_25,71.14,2.0,221.4,15.07,3.003,374.4,0
M09852,Type_16,65.1,1.93,213.8,17.56,3.379,801.7,0
M09853,Type_07,92.05,1.89,215.8,17.0,3.302,604.4,0
M09854,Type_15,69.15,2.62,222.8,18.73,3.756,550.5,0
M09855,Type_16,63.37,1.28,220.0,13.07,2.588,379.8,0
M09856,Type_23,57.09,3.06,226.1,13.16,2.678,829.8,0
M09857,Type_17,44.02,1.55,213.8,14.93,2.873,419.7,0
M09858,Type_09,48.26,3.46,223.9,21.69,4.371,215.1,0
M09859,Type_22,87.59,1.94,227.1,16.76,3.426,907.8,0
M09860,Type_10,65.77,1.94,215.2,8.69,1.683,303.2,0
M09861,Type_09,57.66,1.97,221.6,12.91,2.575,622.9,0
M09862,Type_08,65.22,1.24,224.9,16.48,3.336,680.6,0
M09863,Type_11,58.15,2.14,220.5,14.25,2.828,627.1,0
M09864,Type_17,75.2,2.33,221.2,11.65,2.319,115.9,0
M09865,Type_22,55.05,1.4,216.6,16.28,3.174,335.3,0
M09866,Type_21,69.98,2.3,217.7,17.15,3.36,592.6,0
M09867,Type_07,63.96,2.17,226.3,13.72,2.794,962.7,0
M09868,Type_12,73.37,0.86,213.2,10.88,2.088,965.9,0
M09869,Type_07,67.79,3.4,219.0,15.39,3.033,859.4,0
M09870,Type_21,56.6,1.25,222.0,22.01,4.398,135.4,0
M09871,Type_23,67.98,1.4,218.5,12.37,2.433,289.3,0
M09872,Type_20,62.94,2.28,220.8,13.33,2.649,259.7,0
M09873,Type_18,73.06,3.75,216.3,13.2,2.57,938.7,0
M09874,Type_09,60.48,2.25,224.9,20.57,4.164,475.8,0
M09875,Type_05,50.86,3.63,225.6,15.28,3.102,70.6,0
M09876,Type_02,76.75,1.04,217.4,17.38,3.401,996.7,0
M09877,Type_09,63.58,2.39,219.0,13.81,2.722,424.0,0
M09878,Type_09,66.09,0.1,216.4,19.85,3.866,934.7,0
M09879,Type_08,60.61,1.93,222.1,14.74,2.946,595.9,0
M09880,Type_12,55.7,0.96,217.7,15.69,3.074,381.1,0
M09881,Type_06,61.69,2.53,227.8,14.73,3.02,173.9,0
M09882,Type_25,68.87,2.93,230.9,13.75,2.857,638.8,0
M09883,Type_13,44.5,1.94,223.6,10.57,2.127,75.5,0
M09884,Type_19,70.4,0.74,224.5,12.7,2.566,379.9,0
M09885,Type_05,62.81,2.47,232.1,10.42,2.177,906.9,0
M09886,Type_05,67.43,0.98,213.5,9.67,1.858,846.8,0
M09887,Type_13,70.77,1.59,225.6,16.71,3.393,143.5,0
M09888,Type_16,82.9,4.06,210.9,11.74,2.228,102.4,0
M09889,Type_07,67.87,1.72,220.2,23.06,4.57,437.3,0
M09890,Type_03,66.65,2.97,223.9,15.99,3.222,59.5,0
M09891,Type_23,57.58,1.47,225.7,49.02,9.957,814.7,1
M09892,Type_08,81.86,1.06,224.7,16.99,3.436,197.6,0
M09893,Type_20,76.82,2.6,217.6,10.95,2.144,257.2,0
M09894,Type_25,67.28,1.24,226.6,16.77,3.42,688.9,0
M09895,Type_05,67.9,0.71,229.8,15.06,3.115,741.9,0
M09896,Type_13,79.99,1.8,224.7,19.11,3.865,274.4,0
M09897,Type_11,66.16,1.41,224.8,15.2,3.075,609.4,0
M09898,Type_09,56.42,3.87,218.1,15.83,3.107,829.7,0
M09899,Type_19,70.66,1.58,227.0,15.25,3.116,735.1,0
M09900,Type_11,80.9,3.61,224.2,10.44,2.107,784.0,0
M09901,Type_04,59.62,3.58,221.7,20.67,4.124,654.2,0
M09902,Type_20,76.02,1.99,223.3,20.83,4.186,98.0,0
M09903,Type_13,113.24,7.53,242.3,48.61,10.6,163.3,1
M09904,Type_17,78.26,3.43,220.9,15.62,3.105,480.5,0
M09905,Type_20,58.3,0.38,219.0,14.72,2.901,79.8,0
M09906,Type_19,79.57,2.0,215.6,14.02,2.72,411.2,0
M09907,Type_13,65.24,1.06,221.7,21.25,4.24,976.8,0
M09908,Type_17,51.36,0.61,221.4,15.31,3.051,787.9,0
M09909,Type_22,72.55,2.95,222.4,11.96,2.394,174.0,0
M09910,Type_16,58.14,1.93,221.2,10.3,2.051,619.3,0
M09911,Type_11,101.08,9.34,239.6,53.7,11.58,922.4,1
M09912,Type_21,73.18,1.97,231.1,16.32,3.394,661.8,1
M09913,Type_09,71.45,2.01,216.4,13.69,2.666,711.5,0
M09914,Type_12,62.16,0.66,223.7,17.32,3.487,197.1,0
M09915,Type_02,64.2,1.3,222.7,15.66,3.139,718.4,0
M09916,Type_10,75.3,3.03,224.2,16.44,3.317,87.8,0
M09917,Type_16,64.67,2.33,220.1,18.52,3.669,379.8,0
M09918,Type_04,70.42,0.77,219.3,13.19,2.603,921.5,0
M09919,Type_12,61.86,2.41,218.1,14.44,2.834,775.8,0
M09920,Type_02,83.54,1.88,221.7,17.6,3.512,601.5,1
M09921,Type_15,45.6,2.06,215.5,15.83,3.07,995.6,0
M09922,Type_14,54.49,1.17,220.0,15.4,3.049,642.7,0
M09923,Type_21,70.41,9.59,217.2,16.81,3.286,170.4,1
M09924,Type_17,89.84,3.08,221.5,11.1,2.213,899.3,1
M09925,Type_09,90.36,2.71,200.0,17.88,3.218,833.3,1
M09926,Type_25,72.82,1.85,244.8,18.53,4.083,712.1,1
M09927,Type_25,59.6,2.15,224.5,8.69,1.756,94.7,1
M09928,Type_20,78.56,2.58,225.5,13.46,2.732,709.5,0
M09929,Type_16,67.12,2.53,216.9,18.3,3.572,345.1,0
M09930,Type_13,66.46,1.4,215.8,11.88,2.307,139.0,0
M09931,Type_21,60.73,2.56,212.9,17.62,3.376,840.3,0
M09932,Type_15,64.7,3.08,219.9,13.8,2.731,388.3,0
M09933,Type_04,70.76,1.33,216.9,21.75,4.246,948.6,0
M09934,Type_21,80.54,2.8,224.5,16.8,3.394,738.7,0
M09935,Type_05,74.22,3.57,216.3,15.68,3.052,127.7,0
M09936,Type_09,87.47,2.96,216.7,10.63,2.073,855.6,0
M09937,Type_01,69.7,2.08,220.4,12.24,2.428,630.3,0
M09938,Type_06,76.54,1.47,224.5,14.64,2.958,647.6,0
M09939,Type_13,56.84,2.79,216.4,12.88,2.509,516.7,0
M09940,Type_23,71.22,1.99,218.6,12.85,2.528,846.1,0
M09941,Type_04,64.55,2.79,217.0,20.41,3.986,521.2,0
M09942,Type_19,50.56,1.51,216.4,16.19,3.153,977.8,0
M09943,Type_25,70.2,3.65,225.4,8.37,1.698,571.1,1
M09944,Type_12,66.72,2.56,215.4,14.33,2.778,785.3,0
M09945,Type_08,67.87,3.32,211.3,10.48,1.993,147.4,0
M09946,Type_24,54.15,1.53,223.6,14.31,2.88,519.2,0
M09947,Type_04,78.07,1.96,214.9,11.94,2.309,190.4,0
M09948,Type_25,63.31,3.91,218.9,14.89,2.933,870.1,0
M09949,Type_09,82.13,1.03,214.1,18.76,3.615,701.5,0
M09950,Type_03,65.01,1.86,223.1,9.47,1.901,680.3,0
M09951,Type_19,71.64,1.99,221.7,8.91,1.778,287.3,0
M09952,Type_02,66.25,6.68,216.3,15.02,2.924,717.1,1
M09953,Type_16,68.24,2.39,222.5,12.1,2.423,721.1,0
M09954,Type_21,75.1,1.18,207.6,12.58,2.35,889.9,1
M09955,Type_01,58.35,2.3,218.9,17.76,3.499,399.9,0
M09956,Type_09,78.19,3.67,215.7,12.56,2.438,76.0,0
M09957,Type_13,74.77,1.52,219.1,19.41,3.827,355.7,0
M09958,Type_12,70.33,2.53,223.9,19.06,3.841,570.8,0
M09959,Type_05,80.91,0.61,217.3,12.57,2.458,829.0,0
M09960,Type_11,73.43,1.54,213.7,12.7,2.443,141.7,0
M09961,Type_18,52.41,3.03,216.5,19.24,3.749,910.6,0
M09962,Type_13,59.63,1.52,222.0,12.91,2.579,188.4,0
M09963,Type_19,53.16,2.78,213.8,20.19,3.885,759.8,0
M09964,Type_23,62.38,3.27,210.2,18.25,3.453,394.7,0
M09965,Type_03,69.23,2.35,216.9,21.75,4.246,520.2,0
M09966,Type_14,68.06,2.29,215.2,13.15,2.547,342.9,0
M09967,Type_25,69.68,0.1,222.7,17.8,3.568,740.3,0
M09968,Type_02,43.3,2.22,212.6,18.72,3.582,306.7,0
M09969,Type_10,68.77,2.74,220.5,11.5,2.282,826.8,0
M09970,Type_19,63.22,1.91,223.8,15.29,3.08,447.6,0
M09971,Type_25,68.44,2.67,223.6,13.57,2.731,181.0,0
M09972,Type_02,69.27,2.21,214.6,12.03,2.323,659.1,0
M09973,Type_03,74.52,1.55,222.0,8.61,1.72,288.6,0
M09974,Type_08,64.6,2.69,212.9,15.83,3.033,146.0,0
M09975,Type_05,49.5,0.36,221.2,16.26,3.237,321.4,0
M09976,Type_12,72.48,1.08,223.2,4.83,0.97,345.2,1
M09977,Type_05,65.36,1.86,224.1,11.12,2.243,971.9,0
M09978,Type_22,56.82,3.51,218.8,15.74,3.1,683.7,0
M09979,Type_25,74.23,0.79,216.6,13.04,2.542,598.8,0
M09980,Type_07,46.23,2.24,215.6,12.9,2.503,170.0,0
M09981,Type_22,53.17,1.56,221.7,15.51,3.095,464.4,0
M09982,Type_07,49.39,2.74,218.2,18.31,3.596,175.5,0
M09983,Type_09,70.3,2.29,222.7,12.18,2.441,743.6,0
M09984,Type_02,74.43,1.8,211.7,15.06,2.869,935.7,0
M09985,Type_12,71.64,1.22,217.8,16.41,3.217,872.2,0
M09986,Type_14,54.9,2.23,225.3,15.88,3.22,409.8,0
M09987,Type_21,81.69,1.67,224.0,11.77,2.373,69.3,0
M09988,Type_13,69.46,0.87,224.9,15.55,3.147,369.3,0
M09989,Type_23,65.86,1.24,212.7,16.97,3.249,313.4,0
M09990,Type_14,67.33,2.07,223.7,12.4,2.496,912.8,0
M09991,Type_14,71.73,2.4,215.1,17.02,3.295,458.1,0
M09992,Type_24,88.11,0.38,221.4,11.63,2.317,632.9,1
M09993,Type_16,68.8,3.16,216.1,12.15,2.363,449.3,0
M09994,Type_16,51.53,1.73,219.9,15.72,3.111,657.4,0
M09995,Type_04,73.96,1.03,221.5,19.34,3.855,290.0,0
M09996,Type_10,58.74,3.0,218.2,11.46,2.251,887.3,0
M09997,Type_04,42.59,0.83,225.1,14.4,2.917,51.5,0
M09998,Type_12,64.3,0.88,225.0,13.82,2.799,621.9,0
M09999,Type_02,69.77,2.54,247.7,15.78,3.518,518.9,1
M10000,Type_23,75.73,0.1,215.7,14.2,2.757,199.1,0
