OrderDetailID,OrderID,ProductID,Quantity,SalePrice,ImportPrice,SubTotal
1,1,3,1,18990000,15000000,18990000
2,2,14,2,13990000,10000000,27980000
3,3,7,1,23990000,18500000,23990000
4,3,5,2,8490000,6500000,16980000
5,3,15,1,4990000,3500000,4990000
6,4,9,1,20990000,16000000,20990000
7,5,15,2,4990000,3500000,9980000
8,5,17,1,2990000,2200000,2990000
9,6,6,1,39990000,32000000,39990000
10,6,24,3,390000,180000,1170000
11,6,15,2,4990000,3500000,9980000
12,7,22,2,24990000,18000000,49980000
13,8,20,1,16990000,12000000,16990000
14,9,2,1,22990000,18000000,22990000
15,9,21,1,7490000,5500000,7490000
16,10,2,2,22990000,18000000,45980000
17,10,5,2,8490000,6500000,16980000
18,11,4,1,10990000,8500000,10990000
19,12,18,1,23990000,18000000,23990000
20,12,11,1,32990000,25000000,32990000
21,12,25,1,490000,250000,490000
22,13,10,1,7490000,5500000,7490000
23,14,13,1,7490000,5500000,7490000
24,15,12,2,23990000,18000000,47980000
25,16,8,1,28990000,22000000,28990000
26,16,21,2,7490000,5500000,14980000
27,16,24,2,390000,180000,780000
28,17,3,2,18990000,15000000,37980000
29,18,22,2,24990000,18000000,49980000
30,19,10,1,7490000,5500000,7490000
31,20,20,2,16990000,12000000,33980000
32,20,22,1,24990000,18000000,24990000
33,21,23,3,12990000,9000000,38970000
34,21,10,1,7490000,5500000,7490000
35,22,14,2,13990000,10000000,27980000
36,23,22,1,24990000,18000000,24990000
37,23,13,1,7490000,5500000,7490000
38,23,1,1,27990000,22000000,27990000
39,24,7,2,23990000,18500000,47980000
40,24,9,1,20990000,16000000,20990000
41,24,24,1,390000,180000,390000
42,25,4,2,10990000,8500000,21980000
43,26,12,3,23990000,18000000,71970000
44,27,13,1,7490000,5500000,7490000
45,28,15,1,4990000,3500000,4990000
46,28,23,3,12990000,9000000,38970000
47,28,13,1,7490000,5500000,7490000
48,29,23,2,12990000,9000000,25980000
49,29,13,2,7490000,5500000,14980000
50,29,6,1,39990000,32000000,39990000
51,30,18,1,23990000,18000000,23990000
52,30,8,1,28990000,22000000,28990000
53,30,15,1,4990000,3500000,4990000
54,30,17,1,2990000,2200000,2990000
55,31,14,1,13990000,10000000,13990000
56,31,9,1,20990000,16000000,20990000
57,32,25,1,490000,250000,490000
58,33,7,1,23990000,18500000,23990000
59,34,7,2,23990000,18500000,47980000
60,35,3,1,18990000,15000000,18990000
61,35,24,1,390000,180000,390000
62,35,22,1,24990000,18000000,24990000
63,36,6,2,39990000,32000000,79980000
64,36,12,2,23990000,18000000,47980000
65,37,11,2,32990000,25000000,65980000
66,38,16,1,4990000,3800000,4990000
67,39,4,1,10990000,8500000,10990000
68,39,8,2,28990000,22000000,57980000
69,39,19,2,69990000,55000000,139980000
70,40,25,1,490000,250000,490000
71,40,15,1,4990000,3500000,4990000
72,40,12,1,23990000,18000000,23990000
73,41,10,2,7490000,5500000,14980000
74,42,2,1,22990000,18000000,22990000
75,42,12,1,23990000,18000000,23990000
76,42,6,1,39990000,32000000,39990000
77,43,8,1,28990000,22000000,28990000
78,44,24,1,390000,180000,390000
79,44,13,2,7490000,5500000,14980000
80,44,14,1,13990000,10000000,13990000
81,45,6,1,39990000,32000000,39990000
82,45,19,1,69990000,55000000,69990000
83,46,21,1,7490000,5500000,7490000
84,46,10,2,7490000,5500000,14980000
85,46,2,1,22990000,18000000,22990000
86,46,9,2,20990000,16000000,41980000
87,47,3,1,18990000,15000000,18990000
88,47,6,1,39990000,32000000,39990000
89,47,19,2,69990000,55000000,139980000
90,47,8,1,28990000,22000000,28990000
91,48,23,2,12990000,9000000,25980000
92,49,16,2,4990000,3800000,9980000
93,50,17,1,2990000,2200000,2990000
94,50,18,1,23990000,18000000,23990000
95,51,8,1,28990000,22000000,28990000
96,51,9,1,20990000,16000000,20990000
97,52,2,1,22990000,18000000,22990000
98,53,22,1,24990000,18000000,24990000
99,54,6,1,39990000,32000000,39990000
100,55,1,1,27990000,22000000,27990000
101,56,12,2,23990000,18000000,47980000
102,57,6,1,39990000,32000000,39990000
103,58,1,1,27990000,22000000,27990000
104,59,12,2,23990000,18000000,47980000
105,59,16,2,4990000,3800000,9980000
106,59,14,2,13990000,10000000,27980000
107,59,18,1,23990000,18000000,23990000
108,60,2,1,22990000,18000000,22990000
109,61,20,1,16990000,12000000,16990000
110,62,9,2,20990000,16000000,41980000
111,62,3,1,18990000,15000000,18990000
112,63,23,2,12990000,9000000,25980000
113,63,15,2,4990000,3500000,9980000
114,63,14,1,13990000,10000000,13990000
115,64,7,1,23990000,18500000,23990000
116,65,23,1,12990000,9000000,12990000
117,65,1,1,27990000,22000000,27990000
118,66,22,1,24990000,18000000,24990000
119,66,19,2,69990000,55000000,139980000
120,66,1,1,27990000,22000000,27990000
121,67,10,1,7490000,5500000,7490000
122,68,4,2,10990000,8500000,21980000
123,68,10,2,7490000,5500000,14980000
124,69,10,1,7490000,5500000,7490000
125,69,9,1,20990000,16000000,20990000
126,69,24,1,390000,180000,390000
127,70,10,1,7490000,5500000,7490000
128,71,9,1,20990000,16000000,20990000
129,72,17,1,2990000,2200000,2990000
130,72,8,1,28990000,22000000,28990000
131,73,11,2,32990000,25000000,65980000
132,73,24,1,390000,180000,390000
133,74,4,1,10990000,8500000,10990000
134,75,4,1,10990000,8500000,10990000
135,76,21,1,7490000,5500000,7490000
136,76,7,1,23990000,18500000,23990000
137,77,2,1,22990000,18000000,22990000
138,78,23,1,12990000,9000000,12990000
139,79,21,1,7490000,5500000,7490000
140,79,17,1,2990000,2200000,2990000
141,79,20,1,16990000,12000000,16990000
142,80,18,1,23990000,18000000,23990000
143,80,10,1,7490000,5500000,7490000
144,80,1,1,27990000,22000000,27990000
145,81,18,1,23990000,18000000,23990000
146,81,10,1,7490000,5500000,7490000
147,81,12,2,23990000,18000000,47980000
148,81,6,1,39990000,32000000,39990000
149,82,7,1,23990000,18500000,23990000
150,83,18,1,23990000,18000000,23990000
151,84,25,1,490000,250000,490000
152,84,12,1,23990000,18000000,23990000
153,84,5,2,8490000,6500000,16980000
154,85,20,3,16990000,12000000,50970000
155,85,22,3,24990000,18000000,74970000
156,86,5,1,8490000,6500000,8490000
157,86,10,2,7490000,5500000,14980000
158,86,23,2,12990000,9000000,25980000
159,87,18,1,23990000,18000000,23990000
160,88,1,1,27990000,22000000,27990000
161,88,16,2,4990000,3800000,9980000
162,88,8,1,28990000,22000000,28990000
163,88,21,1,7490000,5500000,7490000
164,89,12,1,23990000,18000000,23990000
165,90,2,1,22990000,18000000,22990000
166,90,3,1,18990000,15000000,18990000
167,91,25,1,490000,250000,490000
168,91,15,2,4990000,3500000,9980000
169,92,21,1,7490000,5500000,7490000
170,93,25,2,490000,250000,980000
171,93,24,1,390000,180000,390000
172,94,25,1,490000,250000,490000
173,94,16,1,4990000,3800000,4990000
174,94,5,2,8490000,6500000,16980000
175,95,12,2,23990000,18000000,47980000
176,95,18,1,23990000,18000000,23990000
177,96,3,1,18990000,15000000,18990000
178,97,1,1,27990000,22000000,27990000
179,98,23,1,12990000,9000000,12990000
180,98,1,1,27990000,22000000,27990000
181,98,6,1,39990000,32000000,39990000
182,99,6,1,39990000,32000000,39990000
183,100,21,1,7490000,5500000,7490000
184,100,11,1,32990000,25000000,32990000
185,100,24,1,390000,180000,390000
186,101,15,1,4990000,3500000,4990000
187,101,7,2,23990000,18500000,47980000
188,102,7,2,23990000,18500000,47980000
189,103,8,2,28990000,22000000,57980000
190,104,3,1,18990000,15000000,18990000
191,104,21,1,7490000,5500000,7490000
192,105,21,2,7490000,5500000,14980000
193,105,18,1,23990000,18000000,23990000
194,105,14,1,13990000,10000000,13990000
195,105,20,3,16990000,12000000,50970000
196,106,5,3,8490000,6500000,25470000
197,107,20,1,16990000,12000000,16990000
198,107,10,1,7490000,5500000,7490000
199,108,22,1,24990000,18000000,24990000
200,108,15,1,4990000,3500000,4990000
201,108,7,1,23990000,18500000,23990000
202,109,4,2,10990000,8500000,21980000
203,110,7,3,23990000,18500000,71970000
204,110,5,2,8490000,6500000,16980000
205,111,2,2,22990000,18000000,45980000
206,112,7,1,23990000,18500000,23990000
207,112,17,1,2990000,2200000,2990000
208,112,25,1,490000,250000,490000
209,112,1,1,27990000,22000000,27990000
210,113,6,1,39990000,32000000,39990000
211,114,10,2,7490000,5500000,14980000
212,115,11,1,32990000,25000000,32990000
213,115,21,1,7490000,5500000,7490000
214,116,20,1,16990000,12000000,16990000
215,117,12,2,23990000,18000000,47980000
216,117,23,2,12990000,9000000,25980000
217,118,9,3,20990000,16000000,62970000
218,119,18,1,23990000,18000000,23990000
219,119,3,2,18990000,15000000,37980000
220,119,22,1,24990000,18000000,24990000
221,120,8,1,28990000,22000000,28990000
222,120,2,1,22990000,18000000,22990000
223,120,5,1,8490000,6500000,8490000
224,120,18,1,23990000,18000000,23990000
225,121,24,2,390000,180000,780000
226,122,10,3,7490000,5500000,22470000
227,123,19,1,69990000,55000000,69990000
228,123,9,2,20990000,16000000,41980000
229,124,20,1,16990000,12000000,16990000
230,125,11,1,32990000,25000000,32990000
231,125,16,1,4990000,3800000,4990000
232,126,17,1,2990000,2200000,2990000
233,127,25,1,490000,250000,490000
234,128,24,2,390000,180000,780000
235,128,7,1,23990000,18500000,23990000
236,128,4,1,10990000,8500000,10990000
237,128,18,1,23990000,18000000,23990000
238,129,1,1,27990000,22000000,27990000
239,130,9,2,20990000,16000000,41980000
240,130,12,1,23990000,18000000,23990000
241,131,17,1,2990000,2200000,2990000
242,132,10,1,7490000,5500000,7490000
243,132,20,1,16990000,12000000,16990000
244,133,15,1,4990000,3500000,4990000
245,134,6,1,39990000,32000000,39990000
246,135,14,2,13990000,10000000,27980000
247,136,17,2,2990000,2200000,5980000
248,137,9,2,20990000,16000000,41980000
249,138,15,1,4990000,3500000,4990000
250,138,18,3,23990000,18000000,71970000
251,139,4,1,10990000,8500000,10990000
252,139,5,2,8490000,6500000,16980000
253,140,17,1,2990000,2200000,2990000
254,140,19,1,69990000,55000000,69990000
255,141,20,1,16990000,12000000,16990000
256,141,2,1,22990000,18000000,22990000
257,142,21,1,7490000,5500000,7490000
258,142,25,2,490000,250000,980000
259,142,16,3,4990000,3800000,14970000
260,143,8,1,28990000,22000000,28990000
261,144,9,1,20990000,16000000,20990000
262,145,25,1,490000,250000,490000
263,145,1,1,27990000,22000000,27990000
264,146,5,1,8490000,6500000,8490000
265,147,19,1,69990000,55000000,69990000
266,147,20,1,16990000,12000000,16990000
267,148,4,1,10990000,8500000,10990000
268,149,24,1,390000,180000,390000
269,149,16,1,4990000,3800000,4990000
270,149,1,2,27990000,22000000,55980000
271,150,22,1,24990000,18000000,24990000
272,151,19,2,69990000,55000000,139980000
273,151,7,1,23990000,18500000,23990000
274,152,15,1,4990000,3500000,4990000
275,152,9,1,20990000,16000000,20990000
276,152,24,1,390000,180000,390000
277,153,19,1,69990000,55000000,69990000
278,154,11,2,32990000,25000000,65980000
279,155,10,1,7490000,5500000,7490000
280,156,20,1,16990000,12000000,16990000
281,156,11,1,32990000,25000000,32990000
282,156,24,1,390000,180000,390000
283,157,13,1,7490000,5500000,7490000
284,158,18,1,23990000,18000000,23990000
285,158,1,2,27990000,22000000,55980000
286,159,21,1,7490000,5500000,7490000
287,160,13,1,7490000,5500000,7490000
288,160,6,1,39990000,32000000,39990000
289,161,19,1,69990000,55000000,69990000
290,161,21,2,7490000,5500000,14980000
291,162,5,1,8490000,6500000,8490000
292,162,1,1,27990000,22000000,27990000
293,162,11,1,32990000,25000000,32990000
294,163,13,2,7490000,5500000,14980000
295,163,22,2,24990000,18000000,49980000
296,164,11,1,32990000,25000000,32990000
297,164,17,2,2990000,2200000,5980000
298,164,10,2,7490000,5500000,14980000
299,165,13,1,7490000,5500000,7490000
300,165,11,1,32990000,25000000,32990000
301,165,2,1,22990000,18000000,22990000
302,166,3,1,18990000,15000000,18990000
303,166,16,1,4990000,3800000,4990000
304,167,4,1,10990000,8500000,10990000
305,168,13,2,7490000,5500000,14980000
306,168,8,1,28990000,22000000,28990000
307,169,16,2,4990000,3800000,9980000
308,170,21,2,7490000,5500000,14980000
309,171,11,1,32990000,25000000,32990000
310,171,1,1,27990000,22000000,27990000
311,171,23,1,12990000,9000000,12990000
312,172,8,1,28990000,22000000,28990000
313,172,25,1,490000,250000,490000
314,172,24,1,390000,180000,390000
315,173,13,1,7490000,5500000,7490000
316,173,2,2,22990000,18000000,45980000
317,174,4,1,10990000,8500000,10990000
318,175,4,2,10990000,8500000,21980000
319,176,12,1,23990000,18000000,23990000
320,176,22,1,24990000,18000000,24990000
321,176,4,2,10990000,8500000,21980000
322,177,25,1,490000,250000,490000
323,177,16,2,4990000,3800000,9980000
324,177,23,1,12990000,9000000,12990000
325,177,6,2,39990000,32000000,79980000
326,178,2,1,22990000,18000000,22990000
327,179,21,2,7490000,5500000,14980000
328,179,24,1,390000,180000,390000
329,179,13,1,7490000,5500000,7490000
330,180,19,1,69990000,55000000,69990000
331,181,5,1,8490000,6500000,8490000
332,181,19,1,69990000,55000000,69990000
333,182,6,1,39990000,32000000,39990000
334,182,7,1,23990000,18500000,23990000
335,183,9,2,20990000,16000000,41980000
336,184,19,1,69990000,55000000,69990000
337,185,24,1,390000,180000,390000
338,186,6,1,39990000,32000000,39990000
339,186,8,3,28990000,22000000,86970000
340,187,14,1,13990000,10000000,13990000
341,187,5,1,8490000,6500000,8490000
342,187,9,1,20990000,16000000,20990000
343,188,20,2,16990000,12000000,33980000
344,188,17,1,2990000,2200000,2990000
345,188,8,1,28990000,22000000,28990000
346,189,15,1,4990000,3500000,4990000
347,189,17,1,2990000,2200000,2990000
348,189,10,1,7490000,5500000,7490000
349,189,12,1,23990000,18000000,23990000
350,190,4,1,10990000,8500000,10990000
351,190,13,3,7490000,5500000,22470000
352,190,6,1,39990000,32000000,39990000
353,191,22,1,24990000,18000000,24990000
354,191,20,1,16990000,12000000,16990000
355,192,9,2,20990000,16000000,41980000
356,193,6,2,39990000,32000000,79980000
357,194,18,1,23990000,18000000,23990000
358,195,25,2,490000,250000,980000
359,196,17,1,2990000,2200000,2990000
360,197,18,1,23990000,18000000,23990000
361,198,18,2,23990000,18000000,47980000
362,199,6,1,39990000,32000000,39990000
363,200,14,1,13990000,10000000,13990000
364,200,7,1,23990000,18500000,23990000
365,200,19,1,69990000,55000000,69990000
366,201,15,1,4990000,3500000,4990000
367,202,19,1,69990000,55000000,69990000
368,202,1,1,27990000,22000000,27990000
369,202,2,1,22990000,18000000,22990000
370,202,14,1,13990000,10000000,13990000
371,203,15,1,4990000,3500000,4990000
372,204,9,1,20990000,16000000,20990000
373,205,3,1,18990000,15000000,18990000
374,206,24,2,390000,180000,780000
375,206,9,1,20990000,16000000,20990000
376,207,5,1,8490000,6500000,8490000
377,207,12,1,23990000,18000000,23990000
378,207,21,1,7490000,5500000,7490000
379,207,20,1,16990000,12000000,16990000
380,208,6,2,39990000,32000000,79980000
381,209,12,1,23990000,18000000,23990000
382,209,11,1,32990000,25000000,32990000
383,209,1,1,27990000,22000000,27990000
384,209,6,1,39990000,32000000,39990000
385,210,21,1,7490000,5500000,7490000
386,210,20,2,16990000,12000000,33980000
387,211,3,1,18990000,15000000,18990000
388,211,4,1,10990000,8500000,10990000
389,212,9,1,20990000,16000000,20990000
390,213,10,2,7490000,5500000,14980000
391,214,7,1,23990000,18500000,23990000
392,215,8,1,28990000,22000000,28990000
393,215,12,1,23990000,18000000,23990000
394,216,16,2,4990000,3800000,9980000
395,216,17,1,2990000,2200000,2990000
396,217,4,1,10990000,8500000,10990000
397,217,21,1,7490000,5500000,7490000
398,217,6,1,39990000,32000000,39990000
399,218,7,1,23990000,18500000,23990000
400,219,23,1,12990000,9000000,12990000
401,219,7,1,23990000,18500000,23990000
402,219,16,1,4990000,3800000,4990000
403,220,5,1,8490000,6500000,8490000
404,220,1,1,27990000,22000000,27990000
405,220,23,2,12990000,9000000,25980000
406,221,21,1,7490000,5500000,7490000
407,221,25,2,490000,250000,980000
408,222,3,2,18990000,15000000,37980000
409,222,15,1,4990000,3500000,4990000
410,223,15,2,4990000,3500000,9980000
411,223,3,1,18990000,15000000,18990000
412,224,11,1,32990000,25000000,32990000
413,224,1,1,27990000,22000000,27990000
414,224,24,2,390000,180000,780000
415,225,9,2,20990000,16000000,41980000
416,226,5,2,8490000,6500000,16980000
417,226,11,1,32990000,25000000,32990000
418,227,11,1,32990000,25000000,32990000
419,227,3,1,18990000,15000000,18990000
420,227,5,1,8490000,6500000,8490000
421,228,16,1,4990000,3800000,4990000
422,228,19,1,69990000,55000000,69990000
423,229,4,1,10990000,8500000,10990000
424,230,24,1,390000,180000,390000
425,230,19,1,69990000,55000000,69990000
426,230,21,2,7490000,5500000,14980000
427,231,12,2,23990000,18000000,47980000
428,231,23,1,12990000,9000000,12990000
429,231,2,1,22990000,18000000,22990000
430,232,20,2,16990000,12000000,33980000
431,232,13,1,7490000,5500000,7490000
432,232,5,1,8490000,6500000,8490000
433,233,12,1,23990000,18000000,23990000
434,233,16,1,4990000,3800000,4990000
435,234,13,1,7490000,5500000,7490000
436,234,4,1,10990000,8500000,10990000
437,234,10,1,7490000,5500000,7490000
438,235,20,1,16990000,12000000,16990000
439,236,5,2,8490000,6500000,16980000
440,236,23,1,12990000,9000000,12990000
441,237,16,1,4990000,3800000,4990000
442,238,2,2,22990000,18000000,45980000
443,238,4,1,10990000,8500000,10990000
444,239,24,1,390000,180000,390000
445,240,2,3,22990000,18000000,68970000
446,240,17,1,2990000,2200000,2990000
447,241,11,1,32990000,25000000,32990000
448,241,13,1,7490000,5500000,7490000
449,242,16,1,4990000,3800000,4990000
450,242,8,1,28990000,22000000,28990000
451,242,22,1,24990000,18000000,24990000
452,243,21,1,7490000,5500000,7490000
453,243,16,1,4990000,3800000,4990000
454,243,20,2,16990000,12000000,33980000
455,243,17,1,2990000,2200000,2990000
456,244,12,1,23990000,18000000,23990000
457,244,14,2,13990000,10000000,27980000
458,245,11,2,32990000,25000000,65980000
459,246,10,1,7490000,5500000,7490000
460,247,7,1,23990000,18500000,23990000
461,248,18,1,23990000,18000000,23990000
462,248,4,1,10990000,8500000,10990000
463,249,16,2,4990000,3800000,9980000
464,250,7,2,23990000,18500000,47980000
465,251,15,1,4990000,3500000,4990000
466,252,16,1,4990000,3800000,4990000
467,253,9,1,20990000,16000000,20990000
468,253,23,1,12990000,9000000,12990000
469,253,12,2,23990000,18000000,47980000
470,253,5,2,8490000,6500000,16980000
471,254,15,2,4990000,3500000,9980000
472,254,4,1,10990000,8500000,10990000
473,255,13,2,7490000,5500000,14980000
474,255,21,1,7490000,5500000,7490000
475,255,24,1,390000,180000,390000
476,255,18,1,23990000,18000000,23990000
477,256,5,2,8490000,6500000,16980000
478,256,11,2,32990000,25000000,65980000
479,257,19,2,69990000,55000000,139980000
480,258,17,1,2990000,2200000,2990000
481,258,6,1,39990000,32000000,39990000
482,259,14,1,13990000,10000000,13990000
483,260,17,1,2990000,2200000,2990000
484,261,6,1,39990000,32000000,39990000
485,262,16,1,4990000,3800000,4990000
486,262,3,2,18990000,15000000,37980000
487,262,5,1,8490000,6500000,8490000
488,263,7,1,23990000,18500000,23990000
489,263,4,1,10990000,8500000,10990000
490,263,5,2,8490000,6500000,16980000
491,264,16,2,4990000,3800000,9980000
492,264,21,1,7490000,5500000,7490000
493,264,24,2,390000,180000,780000
494,265,9,1,20990000,16000000,20990000
495,266,23,1,12990000,9000000,12990000
496,266,6,1,39990000,32000000,39990000
497,267,9,1,20990000,16000000,20990000
498,267,21,1,7490000,5500000,7490000
499,268,7,1,23990000,18500000,23990000
500,268,5,1,8490000,6500000,8490000
501,269,11,3,32990000,25000000,98970000
502,269,15,1,4990000,3500000,4990000
503,270,9,2,20990000,16000000,41980000
504,270,19,1,69990000,55000000,69990000
505,270,14,1,13990000,10000000,13990000
506,271,10,2,7490000,5500000,14980000
507,272,14,1,13990000,10000000,13990000
508,273,1,2,27990000,22000000,55980000
509,274,20,1,16990000,12000000,16990000
510,275,20,1,16990000,12000000,16990000
511,276,11,1,32990000,25000000,32990000
512,276,13,1,7490000,5500000,7490000
513,276,18,1,23990000,18000000,23990000
514,277,22,1,24990000,18000000,24990000
515,277,14,2,13990000,10000000,27980000
516,278,23,1,12990000,9000000,12990000
517,279,11,1,32990000,25000000,32990000
518,279,12,1,23990000,18000000,23990000
519,280,12,1,23990000,18000000,23990000
520,281,10,3,7490000,5500000,22470000
521,281,12,1,23990000,18000000,23990000
522,282,3,1,18990000,15000000,18990000
523,283,2,1,22990000,18000000,22990000
524,284,22,1,24990000,18000000,24990000
525,284,8,2,28990000,22000000,57980000
526,285,12,1,23990000,18000000,23990000
527,286,12,2,23990000,18000000,47980000
528,287,14,1,13990000,10000000,13990000
529,287,6,2,39990000,32000000,79980000
530,288,21,2,7490000,5500000,14980000
531,288,7,2,23990000,18500000,47980000
532,289,2,1,22990000,18000000,22990000
533,289,8,1,28990000,22000000,28990000
534,289,4,1,10990000,8500000,10990000
535,290,18,1,23990000,18000000,23990000
536,290,1,1,27990000,22000000,27990000
537,291,20,1,16990000,12000000,16990000
538,291,22,1,24990000,18000000,24990000
539,292,20,1,16990000,12000000,16990000
540,292,5,1,8490000,6500000,8490000
541,293,7,1,23990000,18500000,23990000
542,293,22,1,24990000,18000000,24990000
543,293,15,1,4990000,3500000,4990000
544,294,6,3,39990000,32000000,119970000
545,294,20,1,16990000,12000000,16990000
546,295,12,1,23990000,18000000,23990000
547,296,15,1,4990000,3500000,4990000
548,297,1,1,27990000,22000000,27990000
549,298,25,1,490000,250000,490000
550,299,23,1,12990000,9000000,12990000
551,300,8,1,28990000,22000000,28990000
552,301,9,1,20990000,16000000,20990000
553,301,22,2,24990000,18000000,49980000
554,302,3,1,18990000,15000000,18990000
555,302,15,1,4990000,3500000,4990000
556,302,5,2,8490000,6500000,16980000
557,303,15,2,4990000,3500000,9980000
558,304,8,1,28990000,22000000,28990000
559,305,7,2,23990000,18500000,47980000
560,305,9,1,20990000,16000000,20990000
561,306,14,2,13990000,10000000,27980000
562,307,4,1,10990000,8500000,10990000
563,307,17,1,2990000,2200000,2990000
564,308,17,2,2990000,2200000,5980000
565,308,22,1,24990000,18000000,24990000
566,309,25,1,490000,250000,490000
567,309,10,2,7490000,5500000,14980000
568,310,20,1,16990000,12000000,16990000
569,310,25,1,490000,250000,490000
570,310,19,2,69990000,55000000,139980000
571,311,20,3,16990000,12000000,50970000
572,312,21,1,7490000,5500000,7490000
573,312,16,1,4990000,3800000,4990000
574,312,14,2,13990000,10000000,27980000
575,312,1,1,27990000,22000000,27990000
576,313,1,2,27990000,22000000,55980000
577,314,9,1,20990000,16000000,20990000
578,315,17,1,2990000,2200000,2990000
579,315,20,1,16990000,12000000,16990000
580,316,16,2,4990000,3800000,9980000
581,317,2,1,22990000,18000000,22990000
582,317,23,2,12990000,9000000,25980000
583,318,4,1,10990000,8500000,10990000
584,318,9,2,20990000,16000000,41980000
585,319,13,1,7490000,5500000,7490000
586,319,18,1,23990000,18000000,23990000
587,319,10,1,7490000,5500000,7490000
588,320,15,1,4990000,3500000,4990000
589,321,3,1,18990000,15000000,18990000
590,321,25,1,490000,250000,490000
591,321,24,1,390000,180000,390000
592,322,10,2,7490000,5500000,14980000
593,323,1,1,27990000,22000000,27990000
594,324,25,1,490000,250000,490000
595,325,16,1,4990000,3800000,4990000
596,325,8,3,28990000,22000000,86970000
597,326,4,1,10990000,8500000,10990000
598,326,20,2,16990000,12000000,33980000
599,327,19,1,69990000,55000000,69990000
600,327,2,2,22990000,18000000,45980000
601,327,1,1,27990000,22000000,27990000
602,327,22,2,24990000,18000000,49980000
603,328,14,1,13990000,10000000,13990000
604,329,14,2,13990000,10000000,27980000
605,330,4,2,10990000,8500000,21980000
606,330,23,2,12990000,9000000,25980000
607,330,11,1,32990000,25000000,32990000
608,331,24,1,390000,180000,390000
609,332,20,2,16990000,12000000,33980000
610,332,25,1,490000,250000,490000
611,333,22,2,24990000,18000000,49980000
612,334,24,3,390000,180000,1170000
613,335,11,2,32990000,25000000,65980000
614,336,4,1,10990000,8500000,10990000
615,337,24,1,390000,180000,390000
616,338,11,1,32990000,25000000,32990000
617,339,16,1,4990000,3800000,4990000
618,339,4,2,10990000,8500000,21980000
619,340,10,2,7490000,5500000,14980000
620,340,1,2,27990000,22000000,55980000
621,340,17,1,2990000,2200000,2990000
622,340,15,2,4990000,3500000,9980000
623,341,13,1,7490000,5500000,7490000
624,341,6,1,39990000,32000000,39990000
625,341,25,1,490000,250000,490000
626,342,11,1,32990000,25000000,32990000
627,343,20,2,16990000,12000000,33980000
628,344,23,1,12990000,9000000,12990000
629,344,20,1,16990000,12000000,16990000
630,344,19,1,69990000,55000000,69990000
631,345,19,1,69990000,55000000,69990000
632,345,23,1,12990000,9000000,12990000
633,345,13,1,7490000,5500000,7490000
634,346,21,1,7490000,5500000,7490000
635,347,17,1,2990000,2200000,2990000
636,348,24,1,390000,180000,390000
637,349,11,2,32990000,25000000,65980000
638,349,14,2,13990000,10000000,27980000
639,350,14,2,13990000,10000000,27980000
640,351,2,1,22990000,18000000,22990000
641,351,15,1,4990000,3500000,4990000
642,352,23,1,12990000,9000000,12990000
643,353,7,1,23990000,18500000,23990000
644,354,8,1,28990000,22000000,28990000
645,354,18,1,23990000,18000000,23990000
646,354,21,2,7490000,5500000,14980000
647,355,9,2,20990000,16000000,41980000
648,356,23,1,12990000,9000000,12990000
649,357,7,1,23990000,18500000,23990000
650,358,24,2,390000,180000,780000
651,359,2,2,22990000,18000000,45980000
652,359,15,1,4990000,3500000,4990000
653,359,24,1,390000,180000,390000
654,360,8,1,28990000,22000000,28990000
655,361,9,2,20990000,16000000,41980000
656,361,5,2,8490000,6500000,16980000
657,361,2,3,22990000,18000000,68970000
658,362,17,1,2990000,2200000,2990000
659,363,4,2,10990000,8500000,21980000
660,363,3,1,18990000,15000000,18990000
661,364,10,1,7490000,5500000,7490000
662,365,7,1,23990000,18500000,23990000
663,366,12,1,23990000,18000000,23990000
664,367,9,1,20990000,16000000,20990000
665,367,4,1,10990000,8500000,10990000
666,368,3,1,18990000,15000000,18990000
667,369,6,1,39990000,32000000,39990000
668,370,17,1,2990000,2200000,2990000
669,371,25,1,490000,250000,490000
670,371,22,1,24990000,18000000,24990000
671,372,14,2,13990000,10000000,27980000
672,372,6,1,39990000,32000000,39990000
673,372,16,1,4990000,3800000,4990000
674,372,24,1,390000,180000,390000
675,373,22,2,24990000,18000000,49980000
676,374,23,2,12990000,9000000,25980000
677,374,20,1,16990000,12000000,16990000
678,374,18,2,23990000,18000000,47980000
679,375,6,2,39990000,32000000,79980000
680,375,2,1,22990000,18000000,22990000
681,376,17,2,2990000,2200000,5980000
682,376,9,2,20990000,16000000,41980000
683,377,3,1,18990000,15000000,18990000
684,377,20,1,16990000,12000000,16990000
685,377,1,1,27990000,22000000,27990000
686,377,7,1,23990000,18500000,23990000
687,378,4,1,10990000,8500000,10990000
688,379,12,1,23990000,18000000,23990000
689,379,19,2,69990000,55000000,139980000
690,380,16,1,4990000,3800000,4990000
691,380,23,1,12990000,9000000,12990000
692,380,8,1,28990000,22000000,28990000
693,381,14,1,13990000,10000000,13990000
694,382,6,1,39990000,32000000,39990000
695,383,1,3,27990000,22000000,83970000
696,383,17,1,2990000,2200000,2990000
697,383,14,2,13990000,10000000,27980000
698,383,12,1,23990000,18000000,23990000
699,384,6,1,39990000,32000000,39990000
700,384,24,2,390000,180000,780000
701,385,15,1,4990000,3500000,4990000
702,385,17,1,2990000,2200000,2990000
703,386,7,2,23990000,18500000,47980000
704,386,21,1,7490000,5500000,7490000
705,387,13,1,7490000,5500000,7490000
706,387,22,1,24990000,18000000,24990000
707,388,13,1,7490000,5500000,7490000
708,389,25,1,490000,250000,490000
709,390,4,1,10990000,8500000,10990000
710,390,17,2,2990000,2200000,5980000
711,390,25,1,490000,250000,490000
712,391,9,1,20990000,16000000,20990000
713,392,6,1,39990000,32000000,39990000
714,392,20,3,16990000,12000000,50970000
715,393,3,1,18990000,15000000,18990000
716,394,22,1,24990000,18000000,24990000
717,394,25,3,490000,250000,1470000
718,395,1,1,27990000,22000000,27990000
719,396,13,2,7490000,5500000,14980000
720,397,11,1,32990000,25000000,32990000
721,398,15,1,4990000,3500000,4990000
722,399,21,1,7490000,5500000,7490000
723,400,5,1,8490000,6500000,8490000
724,400,22,2,24990000,18000000,49980000
725,401,19,1,69990000,55000000,69990000
726,402,3,1,18990000,15000000,18990000
727,403,12,1,23990000,18000000,23990000
728,403,1,2,27990000,22000000,55980000
729,404,19,1,69990000,55000000,69990000
730,404,6,2,39990000,32000000,79980000
731,405,17,1,2990000,2200000,2990000
732,406,5,2,8490000,6500000,16980000
733,407,22,1,24990000,18000000,24990000
734,408,8,1,28990000,22000000,28990000
735,408,24,1,390000,180000,390000
736,409,14,2,13990000,10000000,27980000
737,410,12,1,23990000,18000000,23990000
738,411,8,1,28990000,22000000,28990000
739,412,2,1,22990000,18000000,22990000
740,413,22,1,24990000,18000000,24990000
741,414,19,1,69990000,55000000,69990000
742,414,8,1,28990000,22000000,28990000
743,415,7,1,23990000,18500000,23990000
744,415,21,1,7490000,5500000,7490000
745,415,6,1,39990000,32000000,39990000
746,416,7,1,23990000,18500000,23990000
747,417,5,2,8490000,6500000,16980000
748,417,2,1,22990000,18000000,22990000
749,418,9,1,20990000,16000000,20990000
750,419,18,1,23990000,18000000,23990000
751,419,19,1,69990000,55000000,69990000
752,420,7,3,23990000,18500000,71970000
753,421,22,2,24990000,18000000,49980000
754,421,20,1,16990000,12000000,16990000
755,422,13,1,7490000,5500000,7490000
756,422,24,2,390000,180000,780000
757,422,18,1,23990000,18000000,23990000
758,423,5,1,8490000,6500000,8490000
759,424,15,1,4990000,3500000,4990000
760,424,6,1,39990000,32000000,39990000
761,424,18,1,23990000,18000000,23990000
762,425,13,2,7490000,5500000,14980000
763,425,18,1,23990000,18000000,23990000
764,425,12,1,23990000,18000000,23990000
765,426,24,1,390000,180000,390000
766,427,1,1,27990000,22000000,27990000
767,427,6,1,39990000,32000000,39990000
768,427,5,2,8490000,6500000,16980000
769,428,8,1,28990000,22000000,28990000
770,428,23,1,12990000,9000000,12990000
771,429,12,2,23990000,18000000,47980000
772,429,18,3,23990000,18000000,71970000
773,430,18,1,23990000,18000000,23990000
774,430,22,2,24990000,18000000,49980000
775,430,10,1,7490000,5500000,7490000
776,431,15,2,4990000,3500000,9980000
777,432,2,1,22990000,18000000,22990000
778,433,2,1,22990000,18000000,22990000
779,434,21,1,7490000,5500000,7490000
780,434,20,1,16990000,12000000,16990000
781,435,10,3,7490000,5500000,22470000
782,435,6,1,39990000,32000000,39990000
783,436,9,1,20990000,16000000,20990000
784,436,21,1,7490000,5500000,7490000
785,436,24,1,390000,180000,390000
786,437,12,2,23990000,18000000,47980000
787,438,2,1,22990000,18000000,22990000
788,439,12,1,23990000,18000000,23990000
789,439,14,3,13990000,10000000,41970000
790,439,6,2,39990000,32000000,79980000
791,440,3,2,18990000,15000000,37980000
792,441,15,1,4990000,3500000,4990000
793,442,17,2,2990000,2200000,5980000
794,443,15,1,4990000,3500000,4990000
795,444,10,1,7490000,5500000,7490000
796,444,18,1,23990000,18000000,23990000
797,445,13,1,7490000,5500000,7490000
798,445,8,2,28990000,22000000,57980000
799,446,19,1,69990000,55000000,69990000
800,446,10,1,7490000,5500000,7490000
801,446,13,1,7490000,5500000,7490000
802,447,15,1,4990000,3500000,4990000
803,447,3,1,18990000,15000000,18990000
804,448,13,3,7490000,5500000,22470000
805,449,3,1,18990000,15000000,18990000
806,449,7,2,23990000,18500000,47980000
807,450,14,1,13990000,10000000,13990000
808,451,6,1,39990000,32000000,39990000
809,452,12,1,23990000,18000000,23990000
810,452,6,1,39990000,32000000,39990000
811,452,9,1,20990000,16000000,20990000
812,453,6,1,39990000,32000000,39990000
813,454,16,1,4990000,3800000,4990000
814,455,23,1,12990000,9000000,12990000
815,455,24,3,390000,180000,1170000
816,455,25,2,490000,250000,980000
817,456,14,1,13990000,10000000,13990000
818,457,9,1,20990000,16000000,20990000
819,458,19,2,69990000,55000000,139980000
820,458,23,1,12990000,9000000,12990000
821,459,13,1,7490000,5500000,7490000
822,460,13,1,7490000,5500000,7490000
823,461,9,1,20990000,16000000,20990000
824,461,7,1,23990000,18500000,23990000
825,462,2,3,22990000,18000000,68970000
826,463,20,1,16990000,12000000,16990000
827,464,21,1,7490000,5500000,7490000
828,464,18,2,23990000,18000000,47980000
829,464,14,3,13990000,10000000,41970000
830,465,24,2,390000,180000,780000
831,465,9,1,20990000,16000000,20990000
832,466,16,1,4990000,3800000,4990000
833,466,1,3,27990000,22000000,83970000
834,466,12,2,23990000,18000000,47980000
835,467,23,2,12990000,9000000,25980000
836,467,4,1,10990000,8500000,10990000
837,468,10,2,7490000,5500000,14980000
838,469,14,1,13990000,10000000,13990000
839,469,7,1,23990000,18500000,23990000
840,470,6,2,39990000,32000000,79980000
841,471,5,1,8490000,6500000,8490000
842,472,8,3,28990000,22000000,86970000
843,473,21,1,7490000,5500000,7490000
844,474,15,1,4990000,3500000,4990000
845,474,6,1,39990000,32000000,39990000
846,475,14,1,13990000,10000000,13990000
847,475,18,1,23990000,18000000,23990000
848,475,11,2,32990000,25000000,65980000
849,476,10,1,7490000,5500000,7490000
850,476,24,3,390000,180000,1170000
851,477,24,1,390000,180000,390000
852,478,19,1,69990000,55000000,69990000
853,479,15,2,4990000,3500000,9980000
854,479,22,2,24990000,18000000,49980000
855,480,6,1,39990000,32000000,39990000
856,480,5,2,8490000,6500000,16980000
857,480,20,1,16990000,12000000,16990000
858,481,17,2,2990000,2200000,5980000
859,481,10,2,7490000,5500000,14980000
860,482,23,1,12990000,9000000,12990000
861,482,15,1,4990000,3500000,4990000
862,483,8,1,28990000,22000000,28990000
863,483,24,2,390000,180000,780000
864,484,3,1,18990000,15000000,18990000
865,484,11,1,32990000,25000000,32990000
866,485,3,1,18990000,15000000,18990000
867,485,6,1,39990000,32000000,39990000
868,485,10,1,7490000,5500000,7490000
869,486,17,1,2990000,2200000,2990000
870,487,22,2,24990000,18000000,49980000
871,488,23,1,12990000,9000000,12990000
872,488,12,1,23990000,18000000,23990000
873,489,3,2,18990000,15000000,37980000
874,490,9,1,20990000,16000000,20990000
875,491,25,2,490000,250000,980000
876,492,12,2,23990000,18000000,47980000
877,492,18,1,23990000,18000000,23990000
878,492,13,3,7490000,5500000,22470000
879,493,12,1,23990000,18000000,23990000
880,494,11,1,32990000,25000000,32990000
881,495,9,1,20990000,16000000,20990000
882,496,7,1,23990000,18500000,23990000
883,497,7,1,23990000,18500000,23990000
884,497,25,1,490000,250000,490000
885,497,14,2,13990000,10000000,27980000
886,497,4,1,10990000,8500000,10990000
887,498,15,1,4990000,3500000,4990000
888,498,18,1,23990000,18000000,23990000
889,499,8,1,28990000,22000000,28990000
890,500,9,2,20990000,16000000,41980000
891,500,19,2,69990000,55000000,139980000
892,500,13,3,7490000,5500000,22470000
893,501,17,1,2990000,2200000,2990000
894,502,19,1,69990000,55000000,69990000
895,503,15,1,4990000,3500000,4990000
896,504,19,2,69990000,55000000,139980000
897,505,24,2,390000,180000,780000
898,505,25,2,490000,250000,980000
899,505,19,2,69990000,55000000,139980000
900,506,7,1,23990000,18500000,23990000
901,506,22,1,24990000,18000000,24990000
902,507,24,1,390000,180000,390000
903,508,7,1,23990000,18500000,23990000
904,508,14,1,13990000,10000000,13990000
905,509,8,2,28990000,22000000,57980000
906,509,7,1,23990000,18500000,23990000
907,510,11,1,32990000,25000000,32990000
908,510,15,1,4990000,3500000,4990000
909,511,20,1,16990000,12000000,16990000
910,512,3,1,18990000,15000000,18990000
911,513,12,1,23990000,18000000,23990000
912,513,8,1,28990000,22000000,28990000
913,514,21,2,7490000,5500000,14980000
914,515,18,2,23990000,18000000,47980000
915,515,10,1,7490000,5500000,7490000
916,516,6,1,39990000,32000000,39990000
917,516,1,2,27990000,22000000,55980000
918,517,20,2,16990000,12000000,33980000
919,518,23,1,12990000,9000000,12990000
920,518,4,2,10990000,8500000,21980000
921,518,25,1,490000,250000,490000
922,519,19,1,69990000,55000000,69990000
923,519,18,1,23990000,18000000,23990000
924,520,15,2,4990000,3500000,9980000
925,521,25,2,490000,250000,980000
926,522,21,2,7490000,5500000,14980000
927,522,7,1,23990000,18500000,23990000
928,523,24,2,390000,180000,780000
929,524,16,2,4990000,3800000,9980000
930,525,6,2,39990000,32000000,79980000
931,526,7,1,23990000,18500000,23990000
932,527,21,2,7490000,5500000,14980000
933,528,16,1,4990000,3800000,4990000
934,528,6,1,39990000,32000000,39990000
935,528,4,1,10990000,8500000,10990000
936,529,12,1,23990000,18000000,23990000
937,530,2,1,22990000,18000000,22990000
938,531,23,1,12990000,9000000,12990000
939,532,11,1,32990000,25000000,32990000
940,532,3,1,18990000,15000000,18990000
941,533,21,1,7490000,5500000,7490000
942,534,11,1,32990000,25000000,32990000
943,534,13,1,7490000,5500000,7490000
944,535,15,1,4990000,3500000,4990000
945,535,21,2,7490000,5500000,14980000
946,535,4,1,10990000,8500000,10990000
947,535,11,2,32990000,25000000,65980000
948,536,24,2,390000,180000,780000
949,537,14,1,13990000,10000000,13990000
950,538,5,1,8490000,6500000,8490000
951,539,17,1,2990000,2200000,2990000
952,539,15,1,4990000,3500000,4990000
953,539,6,2,39990000,32000000,79980000
954,539,12,2,23990000,18000000,47980000
955,540,19,1,69990000,55000000,69990000
956,541,4,1,10990000,8500000,10990000
957,541,21,2,7490000,5500000,14980000
958,542,3,1,18990000,15000000,18990000
959,542,10,1,7490000,5500000,7490000
960,543,16,1,4990000,3800000,4990000
961,544,1,1,27990000,22000000,27990000
962,544,21,1,7490000,5500000,7490000
963,545,23,1,12990000,9000000,12990000
964,545,25,1,490000,250000,490000
965,545,22,1,24990000,18000000,24990000
966,546,25,1,490000,250000,490000
967,546,11,1,32990000,25000000,32990000
968,547,21,1,7490000,5500000,7490000
969,547,4,1,10990000,8500000,10990000
970,548,22,1,24990000,18000000,24990000
971,548,21,1,7490000,5500000,7490000
972,549,18,1,23990000,18000000,23990000
973,550,9,1,20990000,16000000,20990000
974,551,25,1,490000,250000,490000
975,552,19,2,69990000,55000000,139980000
976,552,14,1,13990000,10000000,13990000
977,552,24,3,390000,180000,1170000
978,553,6,1,39990000,32000000,39990000
979,553,16,1,4990000,3800000,4990000
980,554,23,1,12990000,9000000,12990000
981,555,17,1,2990000,2200000,2990000
982,556,9,1,20990000,16000000,20990000
983,556,22,2,24990000,18000000,49980000
984,556,4,1,10990000,8500000,10990000
985,557,13,1,7490000,5500000,7490000
986,558,24,1,390000,180000,390000
987,559,14,1,13990000,10000000,13990000
988,560,4,1,10990000,8500000,10990000
989,560,17,1,2990000,2200000,2990000
990,560,25,1,490000,250000,490000
991,561,2,2,22990000,18000000,45980000
992,562,16,1,4990000,3800000,4990000
993,563,11,1,32990000,25000000,32990000
994,564,3,1,18990000,15000000,18990000
995,565,15,2,4990000,3500000,9980000
996,565,2,1,22990000,18000000,22990000
997,566,5,1,8490000,6500000,8490000
998,566,21,2,7490000,5500000,14980000
999,567,22,1,24990000,18000000,24990000
1000,567,12,1,23990000,18000000,23990000
1001,568,9,2,20990000,16000000,41980000
1002,569,13,1,7490000,5500000,7490000
1003,570,9,1,20990000,16000000,20990000
1004,570,23,1,12990000,9000000,12990000
1005,571,14,1,13990000,10000000,13990000
1006,572,8,1,28990000,22000000,28990000
1007,572,20,2,16990000,12000000,33980000
1008,572,2,1,22990000,18000000,22990000
1009,573,12,1,23990000,18000000,23990000
1010,573,15,1,4990000,3500000,4990000
1011,574,17,1,2990000,2200000,2990000
1012,574,10,1,7490000,5500000,7490000
1013,574,23,1,12990000,9000000,12990000
1014,574,8,1,28990000,22000000,28990000
1015,575,5,1,8490000,6500000,8490000
1016,576,12,1,23990000,18000000,23990000
1017,576,21,2,7490000,5500000,14980000
1018,577,20,1,16990000,12000000,16990000
1019,578,20,2,16990000,12000000,33980000
1020,578,3,2,18990000,15000000,37980000
1021,578,14,1,13990000,10000000,13990000
1022,578,1,1,27990000,22000000,27990000
1023,579,14,1,13990000,10000000,13990000
1024,580,17,2,2990000,2200000,5980000
1025,580,18,1,23990000,18000000,23990000
1026,580,3,2,18990000,15000000,37980000
1027,581,10,1,7490000,5500000,7490000
1028,582,7,1,23990000,18500000,23990000
1029,582,5,1,8490000,6500000,8490000
1030,582,25,1,490000,250000,490000
1031,583,8,1,28990000,22000000,28990000
1032,583,23,1,12990000,9000000,12990000
1033,584,6,1,39990000,32000000,39990000
1034,584,21,1,7490000,5500000,7490000
1035,584,14,1,13990000,10000000,13990000
1036,584,10,1,7490000,5500000,7490000
1037,585,17,1,2990000,2200000,2990000
1038,586,15,1,4990000,3500000,4990000
1039,586,8,1,28990000,22000000,28990000
1040,587,4,1,10990000,8500000,10990000
1041,588,21,2,7490000,5500000,14980000
1042,589,7,1,23990000,18500000,23990000
1043,589,14,2,13990000,10000000,27980000
1044,590,15,3,4990000,3500000,14970000
1045,591,1,1,27990000,22000000,27990000
1046,591,10,2,7490000,5500000,14980000
1047,592,19,2,69990000,55000000,139980000
1048,592,22,1,24990000,18000000,24990000
1049,593,24,1,390000,180000,390000
1050,594,22,1,24990000,18000000,24990000
1051,595,6,1,39990000,32000000,39990000
1052,595,22,1,24990000,18000000,24990000
1053,596,20,2,16990000,12000000,33980000
1054,596,18,2,23990000,18000000,47980000
1055,597,18,1,23990000,18000000,23990000
1056,597,24,1,390000,180000,390000
1057,597,19,3,69990000,55000000,209970000
1058,598,7,2,23990000,18500000,47980000
1059,598,10,2,7490000,5500000,14980000
1060,598,19,1,69990000,55000000,69990000
1061,598,25,1,490000,250000,490000
1062,599,20,1,16990000,12000000,16990000
1063,599,18,1,23990000,18000000,23990000
1064,600,16,2,4990000,3800000,9980000
1065,600,5,2,8490000,6500000,16980000
1066,601,2,1,22990000,18000000,22990000
1067,602,14,1,13990000,10000000,13990000
1068,603,15,1,4990000,3500000,4990000
1069,603,25,1,490000,250000,490000
1070,603,2,1,22990000,18000000,22990000
1071,604,11,3,32990000,25000000,98970000
1072,604,8,2,28990000,22000000,57980000
1073,605,12,3,23990000,18000000,71970000
1074,606,6,1,39990000,32000000,39990000
1075,607,9,1,20990000,16000000,20990000
1076,607,1,1,27990000,22000000,27990000
1077,607,23,1,12990000,9000000,12990000
1078,608,4,1,10990000,8500000,10990000
1079,608,9,1,20990000,16000000,20990000
1080,608,14,1,13990000,10000000,13990000
1081,609,1,1,27990000,22000000,27990000
1082,610,25,1,490000,250000,490000
1083,610,6,2,39990000,32000000,79980000
1084,611,18,1,23990000,18000000,23990000
1085,612,16,2,4990000,3800000,9980000
1086,612,14,1,13990000,10000000,13990000
1087,612,12,3,23990000,18000000,71970000
1088,613,21,1,7490000,5500000,7490000
1089,614,8,1,28990000,22000000,28990000
1090,615,22,1,24990000,18000000,24990000
1091,616,11,2,32990000,25000000,65980000
1092,617,10,2,7490000,5500000,14980000
1093,618,23,3,12990000,9000000,38970000
1094,618,1,1,27990000,22000000,27990000
1095,618,19,1,69990000,55000000,69990000
1096,619,1,1,27990000,22000000,27990000
1097,620,16,1,4990000,3800000,4990000
1098,621,15,1,4990000,3500000,4990000
1099,622,17,1,2990000,2200000,2990000
1100,622,3,1,18990000,15000000,18990000
1101,623,13,1,7490000,5500000,7490000
1102,624,4,1,10990000,8500000,10990000
1103,625,1,1,27990000,22000000,27990000
1104,626,12,1,23990000,18000000,23990000
1105,627,17,2,2990000,2200000,5980000
1106,627,9,1,20990000,16000000,20990000
1107,627,14,1,13990000,10000000,13990000
1108,628,22,1,24990000,18000000,24990000
1109,629,5,1,8490000,6500000,8490000
1110,629,13,1,7490000,5500000,7490000
1111,630,5,2,8490000,6500000,16980000
1112,631,13,1,7490000,5500000,7490000
1113,631,16,1,4990000,3800000,4990000
1114,631,12,1,23990000,18000000,23990000
1115,632,24,1,390000,180000,390000
1116,632,17,1,2990000,2200000,2990000
1117,633,15,1,4990000,3500000,4990000
1118,634,3,1,18990000,15000000,18990000
1119,634,1,1,27990000,22000000,27990000
1120,635,8,1,28990000,22000000,28990000
1121,635,23,1,12990000,9000000,12990000
1122,636,14,1,13990000,10000000,13990000
1123,637,22,2,24990000,18000000,49980000
1124,637,9,2,20990000,16000000,41980000
1125,637,21,1,7490000,5500000,7490000
1126,637,2,1,22990000,18000000,22990000
1127,638,17,1,2990000,2200000,2990000
1128,638,13,1,7490000,5500000,7490000
1129,638,5,1,8490000,6500000,8490000
1130,638,8,1,28990000,22000000,28990000
1131,639,22,1,24990000,18000000,24990000
1132,639,19,2,69990000,55000000,139980000
1133,639,23,1,12990000,9000000,12990000
1134,640,9,1,20990000,16000000,20990000
1135,641,20,1,16990000,12000000,16990000
1136,642,22,1,24990000,18000000,24990000
1137,643,16,2,4990000,3800000,9980000
1138,643,7,1,23990000,18500000,23990000
1139,644,6,1,39990000,32000000,39990000
1140,644,7,1,23990000,18500000,23990000
1141,645,16,2,4990000,3800000,9980000
1142,646,24,1,390000,180000,390000
1143,646,25,1,490000,250000,490000
1144,647,4,1,10990000,8500000,10990000
1145,647,16,1,4990000,3800000,4990000
1146,648,18,1,23990000,18000000,23990000
1147,648,17,1,2990000,2200000,2990000
1148,649,8,2,28990000,22000000,57980000
1149,650,19,1,69990000,55000000,69990000
1150,651,5,2,8490000,6500000,16980000
1151,652,5,2,8490000,6500000,16980000
1152,653,16,2,4990000,3800000,9980000
1153,654,11,1,32990000,25000000,32990000
1154,655,8,1,28990000,22000000,28990000
1155,655,3,1,18990000,15000000,18990000
1156,656,11,1,32990000,25000000,32990000
1157,657,19,1,69990000,55000000,69990000
1158,657,3,1,18990000,15000000,18990000
1159,658,12,1,23990000,18000000,23990000
1160,658,16,1,4990000,3800000,4990000
1161,659,9,1,20990000,16000000,20990000
1162,659,17,1,2990000,2200000,2990000
1163,659,18,1,23990000,18000000,23990000
1164,660,13,2,7490000,5500000,14980000
1165,660,21,1,7490000,5500000,7490000
1166,661,16,3,4990000,3800000,14970000
1167,662,18,3,23990000,18000000,71970000
1168,663,2,1,22990000,18000000,22990000
1169,663,15,1,4990000,3500000,4990000
1170,664,14,1,13990000,10000000,13990000
1171,664,3,1,18990000,15000000,18990000
1172,665,24,3,390000,180000,1170000
1173,666,9,1,20990000,16000000,20990000
1174,666,22,1,24990000,18000000,24990000
1175,666,17,1,2990000,2200000,2990000
1176,667,10,1,7490000,5500000,7490000
1177,667,24,1,390000,180000,390000
1178,667,5,1,8490000,6500000,8490000
1179,668,19,1,69990000,55000000,69990000
1180,668,13,2,7490000,5500000,14980000
1181,669,16,1,4990000,3800000,4990000
1182,669,14,2,13990000,10000000,27980000
1183,669,5,2,8490000,6500000,16980000
1184,669,20,1,16990000,12000000,16990000
1185,670,10,1,7490000,5500000,7490000
1186,671,12,3,23990000,18000000,71970000
1187,672,12,1,23990000,18000000,23990000
1188,672,6,2,39990000,32000000,79980000
1189,672,11,2,32990000,25000000,65980000
1190,673,14,1,13990000,10000000,13990000
1191,673,11,1,32990000,25000000,32990000
1192,673,25,2,490000,250000,980000
1193,674,20,1,16990000,12000000,16990000
1194,674,3,1,18990000,15000000,18990000
1195,674,21,1,7490000,5500000,7490000
1196,675,14,1,13990000,10000000,13990000
1197,676,2,2,22990000,18000000,45980000
1198,677,6,1,39990000,32000000,39990000
1199,678,19,2,69990000,55000000,139980000
1200,678,8,1,28990000,22000000,28990000
1201,678,11,1,32990000,25000000,32990000
1202,679,5,1,8490000,6500000,8490000
1203,680,23,2,12990000,9000000,25980000
1204,681,5,1,8490000,6500000,8490000
1205,682,12,1,23990000,18000000,23990000
1206,682,20,1,16990000,12000000,16990000
1207,683,23,1,12990000,9000000,12990000
1208,683,4,2,10990000,8500000,21980000
1209,683,22,1,24990000,18000000,24990000
1210,684,12,1,23990000,18000000,23990000
1211,685,16,2,4990000,3800000,9980000
1212,686,18,2,23990000,18000000,47980000
1213,687,4,2,10990000,8500000,21980000
1214,687,18,1,23990000,18000000,23990000
1215,687,5,1,8490000,6500000,8490000
1216,688,6,1,39990000,32000000,39990000
1217,688,9,1,20990000,16000000,20990000
1218,689,8,1,28990000,22000000,28990000
1219,690,25,1,490000,250000,490000
1220,690,23,2,12990000,9000000,25980000
1221,690,3,1,18990000,15000000,18990000
1222,691,24,1,390000,180000,390000
1223,691,18,1,23990000,18000000,23990000
1224,691,14,1,13990000,10000000,13990000
1225,691,7,3,23990000,18500000,71970000
1226,692,8,2,28990000,22000000,57980000
1227,692,3,1,18990000,15000000,18990000
1228,693,23,1,12990000,9000000,12990000
1229,693,16,1,4990000,3800000,4990000
1230,694,15,2,4990000,3500000,9980000
1231,695,17,1,2990000,2200000,2990000
1232,695,4,1,10990000,8500000,10990000
1233,695,12,1,23990000,18000000,23990000
1234,696,13,3,7490000,5500000,22470000
1235,696,12,1,23990000,18000000,23990000
1236,696,16,2,4990000,3800000,9980000
1237,697,23,1,12990000,9000000,12990000
1238,697,24,1,390000,180000,390000
1239,697,8,1,28990000,22000000,28990000
1240,697,21,1,7490000,5500000,7490000
1241,698,10,2,7490000,5500000,14980000
1242,699,14,1,13990000,10000000,13990000
1243,700,2,1,22990000,18000000,22990000
1244,700,7,1,23990000,18500000,23990000
1245,701,14,2,13990000,10000000,27980000
1246,701,13,1,7490000,5500000,7490000
1247,702,7,2,23990000,18500000,47980000
1248,703,4,1,10990000,8500000,10990000
1249,703,11,1,32990000,25000000,32990000
1250,704,3,1,18990000,15000000,18990000
1251,705,13,1,7490000,5500000,7490000
1252,705,17,2,2990000,2200000,5980000
1253,706,21,2,7490000,5500000,14980000
1254,706,5,1,8490000,6500000,8490000
1255,707,16,1,4990000,3800000,4990000
1256,707,13,1,7490000,5500000,7490000
1257,708,25,1,490000,250000,490000
1258,709,10,1,7490000,5500000,7490000
1259,709,18,1,23990000,18000000,23990000
1260,709,25,2,490000,250000,980000
1261,710,19,1,69990000,55000000,69990000
1262,710,4,1,10990000,8500000,10990000
1263,710,12,1,23990000,18000000,23990000
1264,711,1,1,27990000,22000000,27990000
1265,712,18,2,23990000,18000000,47980000
1266,712,24,2,390000,180000,780000
1267,713,6,2,39990000,32000000,79980000
1268,713,13,2,7490000,5500000,14980000
1269,714,16,2,4990000,3800000,9980000
1270,715,14,3,13990000,10000000,41970000
1271,715,22,1,24990000,18000000,24990000
1272,716,11,1,32990000,25000000,32990000
1273,717,25,1,490000,250000,490000
1274,717,21,2,7490000,5500000,14980000
1275,718,25,1,490000,250000,490000
1276,719,7,1,23990000,18500000,23990000
1277,720,3,1,18990000,15000000,18990000
1278,720,16,1,4990000,3800000,4990000
1279,721,21,1,7490000,5500000,7490000
1280,722,15,2,4990000,3500000,9980000
1281,722,12,1,23990000,18000000,23990000
1282,722,11,1,32990000,25000000,32990000
1283,722,19,1,69990000,55000000,69990000
1284,723,11,1,32990000,25000000,32990000
1285,724,22,2,24990000,18000000,49980000
1286,725,19,1,69990000,55000000,69990000
1287,725,2,1,22990000,18000000,22990000
1288,726,24,2,390000,180000,780000
1289,726,8,2,28990000,22000000,57980000
1290,726,13,1,7490000,5500000,7490000
1291,727,8,2,28990000,22000000,57980000
1292,728,10,1,7490000,5500000,7490000
1293,729,21,2,7490000,5500000,14980000
1294,729,13,1,7490000,5500000,7490000
1295,729,9,1,20990000,16000000,20990000
1296,730,1,1,27990000,22000000,27990000
1297,730,17,2,2990000,2200000,5980000
1298,730,3,1,18990000,15000000,18990000
1299,730,14,1,13990000,10000000,13990000
1300,731,18,2,23990000,18000000,47980000
1301,732,6,2,39990000,32000000,79980000
1302,732,2,1,22990000,18000000,22990000
1303,733,2,2,22990000,18000000,45980000
1304,733,3,1,18990000,15000000,18990000
1305,733,12,2,23990000,18000000,47980000
1306,733,20,1,16990000,12000000,16990000
1307,734,11,2,32990000,25000000,65980000
1308,734,22,1,24990000,18000000,24990000
1309,735,9,1,20990000,16000000,20990000
1310,735,7,1,23990000,18500000,23990000
1311,736,5,1,8490000,6500000,8490000
1312,736,2,1,22990000,18000000,22990000
1313,737,19,3,69990000,55000000,209970000
1314,738,17,1,2990000,2200000,2990000
1315,738,11,1,32990000,25000000,32990000
1316,738,13,1,7490000,5500000,7490000
1317,739,1,1,27990000,22000000,27990000
1318,740,14,3,13990000,10000000,41970000
1319,741,16,1,4990000,3800000,4990000
1320,741,23,1,12990000,9000000,12990000
1321,741,7,1,23990000,18500000,23990000
1322,742,11,1,32990000,25000000,32990000
1323,742,13,1,7490000,5500000,7490000
1324,742,21,1,7490000,5500000,7490000
1325,742,4,1,10990000,8500000,10990000
1326,743,14,1,13990000,10000000,13990000
1327,744,6,1,39990000,32000000,39990000
1328,745,8,1,28990000,22000000,28990000
1329,746,17,1,2990000,2200000,2990000
1330,747,13,1,7490000,5500000,7490000
1331,747,8,1,28990000,22000000,28990000
1332,748,24,1,390000,180000,390000
1333,749,18,1,23990000,18000000,23990000
1334,750,22,2,24990000,18000000,49980000
1335,750,1,1,27990000,22000000,27990000
1336,751,14,3,13990000,10000000,41970000
1337,751,7,1,23990000,18500000,23990000
1338,752,15,2,4990000,3500000,9980000
1339,753,22,1,24990000,18000000,24990000
1340,753,24,3,390000,180000,1170000
1341,753,16,2,4990000,3800000,9980000
1342,753,4,1,10990000,8500000,10990000
1343,754,17,1,2990000,2200000,2990000
1344,754,23,1,12990000,9000000,12990000
1345,754,20,1,16990000,12000000,16990000
1346,755,3,1,18990000,15000000,18990000
1347,755,24,1,390000,180000,390000
1348,755,14,1,13990000,10000000,13990000
1349,756,6,1,39990000,32000000,39990000
1350,757,18,1,23990000,18000000,23990000
1351,758,16,1,4990000,3800000,4990000
1352,758,18,1,23990000,18000000,23990000
1353,759,18,1,23990000,18000000,23990000
1354,760,12,1,23990000,18000000,23990000
1355,761,4,1,10990000,8500000,10990000
1356,761,1,1,27990000,22000000,27990000
1357,762,14,1,13990000,10000000,13990000
1358,762,7,1,23990000,18500000,23990000
1359,763,5,1,8490000,6500000,8490000
1360,764,6,1,39990000,32000000,39990000
1361,764,12,1,23990000,18000000,23990000
1362,765,17,1,2990000,2200000,2990000
1363,766,4,2,10990000,8500000,21980000
1364,767,18,1,23990000,18000000,23990000
1365,768,25,2,490000,250000,980000
1366,769,21,1,7490000,5500000,7490000
1367,770,25,3,490000,250000,1470000
1368,770,18,1,23990000,18000000,23990000
1369,771,15,1,4990000,3500000,4990000
1370,771,3,2,18990000,15000000,37980000
1371,771,6,1,39990000,32000000,39990000
1372,772,12,1,23990000,18000000,23990000
1373,772,23,2,12990000,9000000,25980000
1374,772,25,2,490000,250000,980000
1375,773,21,1,7490000,5500000,7490000
1376,773,10,1,7490000,5500000,7490000
1377,773,23,1,12990000,9000000,12990000
1378,773,17,3,2990000,2200000,8970000
1379,774,14,2,13990000,10000000,27980000
1380,774,15,2,4990000,3500000,9980000
1381,775,18,1,23990000,18000000,23990000
1382,776,19,1,69990000,55000000,69990000
1383,776,17,1,2990000,2200000,2990000
1384,776,14,1,13990000,10000000,13990000
1385,777,9,2,20990000,16000000,41980000
1386,778,1,1,27990000,22000000,27990000
1387,779,10,2,7490000,5500000,14980000
1388,780,5,1,8490000,6500000,8490000
1389,780,17,1,2990000,2200000,2990000
1390,780,22,1,24990000,18000000,24990000
1391,781,3,2,18990000,15000000,37980000
1392,782,12,1,23990000,18000000,23990000
1393,783,6,2,39990000,32000000,79980000
1394,784,19,2,69990000,55000000,139980000
1395,785,9,1,20990000,16000000,20990000
1396,785,19,2,69990000,55000000,139980000
1397,786,22,2,24990000,18000000,49980000
1398,786,4,2,10990000,8500000,21980000
1399,787,3,2,18990000,15000000,37980000
1400,787,7,1,23990000,18500000,23990000
1401,787,8,3,28990000,22000000,86970000
1402,788,17,2,2990000,2200000,5980000
1403,788,3,1,18990000,15000000,18990000
1404,789,12,1,23990000,18000000,23990000
1405,790,18,2,23990000,18000000,47980000
1406,791,20,2,16990000,12000000,33980000
1407,792,14,2,13990000,10000000,27980000
1408,792,1,1,27990000,22000000,27990000
1409,792,10,1,7490000,5500000,7490000
1410,793,16,1,4990000,3800000,4990000
1411,794,14,1,13990000,10000000,13990000
1412,794,11,1,32990000,25000000,32990000
1413,795,20,2,16990000,12000000,33980000
1414,795,23,1,12990000,9000000,12990000
1415,795,12,3,23990000,18000000,71970000
1416,796,3,2,18990000,15000000,37980000
1417,797,20,1,16990000,12000000,16990000
1418,797,11,1,32990000,25000000,32990000
1419,798,18,2,23990000,18000000,47980000
1420,799,6,1,39990000,32000000,39990000
1421,800,11,1,32990000,25000000,32990000
1422,800,5,1,8490000,6500000,8490000
1423,801,13,1,7490000,5500000,7490000
1424,802,23,1,12990000,9000000,12990000
1425,802,8,2,28990000,22000000,57980000
1426,803,10,1,7490000,5500000,7490000
1427,803,9,2,20990000,16000000,41980000
1428,803,25,2,490000,250000,980000
1429,804,11,2,32990000,25000000,65980000
1430,805,7,1,23990000,18500000,23990000
1431,806,14,1,13990000,10000000,13990000
1432,806,25,1,490000,250000,490000
1433,806,5,1,8490000,6500000,8490000
1434,806,11,1,32990000,25000000,32990000
1435,807,23,1,12990000,9000000,12990000
1436,807,6,1,39990000,32000000,39990000
1437,807,8,1,28990000,22000000,28990000
1438,807,16,1,4990000,3800000,4990000
1439,808,18,2,23990000,18000000,47980000
1440,809,9,1,20990000,16000000,20990000
1441,809,5,1,8490000,6500000,8490000
1442,810,15,1,4990000,3500000,4990000
1443,810,20,3,16990000,12000000,50970000
1444,810,6,1,39990000,32000000,39990000
1445,811,19,1,69990000,55000000,69990000
1446,812,13,1,7490000,5500000,7490000
1447,813,20,1,16990000,12000000,16990000
1448,813,12,1,23990000,18000000,23990000
1449,814,1,2,27990000,22000000,55980000
1450,814,11,1,32990000,25000000,32990000
1451,815,19,1,69990000,55000000,69990000
1452,815,9,1,20990000,16000000,20990000
1453,816,2,1,22990000,18000000,22990000
1454,816,25,2,490000,250000,980000
1455,817,16,2,4990000,3800000,9980000
1456,817,12,1,23990000,18000000,23990000
1457,818,12,1,23990000,18000000,23990000
1458,819,3,1,18990000,15000000,18990000
1459,820,8,2,28990000,22000000,57980000
1460,820,6,1,39990000,32000000,39990000
1461,821,7,1,23990000,18500000,23990000
1462,821,21,1,7490000,5500000,7490000
1463,821,17,1,2990000,2200000,2990000
1464,822,20,1,16990000,12000000,16990000
1465,822,18,2,23990000,18000000,47980000
1466,823,18,2,23990000,18000000,47980000
1467,824,23,1,12990000,9000000,12990000
1468,825,22,2,24990000,18000000,49980000
1469,825,14,1,13990000,10000000,13990000
1470,826,14,1,13990000,10000000,13990000
1471,827,23,1,12990000,9000000,12990000
1472,827,19,2,69990000,55000000,139980000
1473,827,10,1,7490000,5500000,7490000
1474,828,21,1,7490000,5500000,7490000
1475,828,7,1,23990000,18500000,23990000
1476,829,18,1,23990000,18000000,23990000
1477,829,15,3,4990000,3500000,14970000
1478,830,6,1,39990000,32000000,39990000
1479,831,19,1,69990000,55000000,69990000
1480,832,16,2,4990000,3800000,9980000
1481,833,18,1,23990000,18000000,23990000
1482,833,7,2,23990000,18500000,47980000
1483,834,8,3,28990000,22000000,86970000
1484,834,4,1,10990000,8500000,10990000
1485,834,22,1,24990000,18000000,24990000
1486,835,22,1,24990000,18000000,24990000
1487,835,1,2,27990000,22000000,55980000
1488,836,6,1,39990000,32000000,39990000
1489,836,25,2,490000,250000,980000
1490,837,7,1,23990000,18500000,23990000
1491,837,18,1,23990000,18000000,23990000
1492,838,25,1,490000,250000,490000
1493,839,3,1,18990000,15000000,18990000
1494,839,5,1,8490000,6500000,8490000
1495,840,5,1,8490000,6500000,8490000
1496,840,19,1,69990000,55000000,69990000
1497,840,16,1,4990000,3800000,4990000
1498,841,7,2,23990000,18500000,47980000
1499,841,1,1,27990000,22000000,27990000
1500,841,11,1,32990000,25000000,32990000
1501,842,18,2,23990000,18000000,47980000
1502,842,14,2,13990000,10000000,27980000
1503,842,17,1,2990000,2200000,2990000
1504,842,10,1,7490000,5500000,7490000
1505,843,6,2,39990000,32000000,79980000
1506,844,14,1,13990000,10000000,13990000
1507,844,20,2,16990000,12000000,33980000
1508,844,2,2,22990000,18000000,45980000
1509,845,16,1,4990000,3800000,4990000
1510,846,2,1,22990000,18000000,22990000
1511,846,23,1,12990000,9000000,12990000
1512,846,5,1,8490000,6500000,8490000
1513,847,1,1,27990000,22000000,27990000
1514,848,7,2,23990000,18500000,47980000
1515,848,18,2,23990000,18000000,47980000
1516,848,5,2,8490000,6500000,16980000
1517,849,10,1,7490000,5500000,7490000
1518,849,22,1,24990000,18000000,24990000
1519,850,8,2,28990000,22000000,57980000
1520,850,6,1,39990000,32000000,39990000
1521,850,25,3,490000,250000,1470000
1522,850,9,1,20990000,16000000,20990000
1523,851,9,1,20990000,16000000,20990000
1524,852,8,1,28990000,22000000,28990000
1525,852,24,1,390000,180000,390000
1526,852,20,1,16990000,12000000,16990000
1527,853,1,1,27990000,22000000,27990000
1528,853,19,1,69990000,55000000,69990000
1529,854,21,2,7490000,5500000,14980000
1530,855,24,1,390000,180000,390000
1531,855,14,2,13990000,10000000,27980000
1532,856,15,1,4990000,3500000,4990000
1533,856,1,3,27990000,22000000,83970000
1534,856,17,2,2990000,2200000,5980000
1535,856,5,2,8490000,6500000,16980000
1536,857,6,1,39990000,32000000,39990000
1537,858,3,1,18990000,15000000,18990000
1538,858,1,1,27990000,22000000,27990000
1539,859,19,1,69990000,55000000,69990000
1540,860,11,1,32990000,25000000,32990000
1541,860,5,1,8490000,6500000,8490000
1542,860,18,1,23990000,18000000,23990000
1543,861,17,1,2990000,2200000,2990000
1544,862,24,1,390000,180000,390000
1545,862,20,1,16990000,12000000,16990000
1546,863,25,1,490000,250000,490000
1547,864,18,3,23990000,18000000,71970000
1548,865,15,1,4990000,3500000,4990000
1549,866,7,1,23990000,18500000,23990000
1550,867,7,2,23990000,18500000,47980000
1551,867,25,1,490000,250000,490000
1552,867,17,1,2990000,2200000,2990000
1553,868,22,1,24990000,18000000,24990000
1554,868,18,3,23990000,18000000,71970000
1555,869,4,2,10990000,8500000,21980000
1556,869,23,1,12990000,9000000,12990000
1557,869,9,1,20990000,16000000,20990000
1558,870,6,1,39990000,32000000,39990000
1559,871,10,1,7490000,5500000,7490000
1560,871,5,2,8490000,6500000,16980000
1561,872,23,1,12990000,9000000,12990000
1562,873,21,2,7490000,5500000,14980000
1563,873,10,1,7490000,5500000,7490000
1564,874,12,2,23990000,18000000,47980000
1565,874,2,2,22990000,18000000,45980000
1566,875,10,3,7490000,5500000,22470000
1567,876,14,1,13990000,10000000,13990000
1568,876,13,1,7490000,5500000,7490000
1569,877,17,2,2990000,2200000,5980000
1570,878,22,1,24990000,18000000,24990000
1571,878,8,2,28990000,22000000,57980000
1572,879,17,1,2990000,2200000,2990000
1573,879,16,1,4990000,3800000,4990000
1574,879,18,1,23990000,18000000,23990000
1575,879,11,1,32990000,25000000,32990000
1576,880,2,3,22990000,18000000,68970000
1577,880,8,1,28990000,22000000,28990000
1578,881,23,1,12990000,9000000,12990000
1579,881,19,3,69990000,55000000,209970000
1580,882,17,1,2990000,2200000,2990000
1581,882,5,2,8490000,6500000,16980000
1582,882,22,1,24990000,18000000,24990000
1583,883,5,1,8490000,6500000,8490000
1584,883,6,2,39990000,32000000,79980000
1585,884,3,1,18990000,15000000,18990000
1586,885,12,1,23990000,18000000,23990000
1587,885,10,1,7490000,5500000,7490000
1588,886,20,1,16990000,12000000,16990000
1589,886,13,2,7490000,5500000,14980000
1590,887,11,2,32990000,25000000,65980000
1591,888,17,2,2990000,2200000,5980000
1592,888,16,1,4990000,3800000,4990000
1593,888,14,1,13990000,10000000,13990000
1594,889,17,1,2990000,2200000,2990000
1595,890,7,1,23990000,18500000,23990000
1596,890,4,1,10990000,8500000,10990000
1597,891,5,1,8490000,6500000,8490000
1598,892,7,1,23990000,18500000,23990000
1599,892,24,2,390000,180000,780000
1600,892,1,1,27990000,22000000,27990000
1601,892,19,1,69990000,55000000,69990000
1602,893,17,2,2990000,2200000,5980000
1603,893,6,2,39990000,32000000,79980000
1604,894,24,1,390000,180000,390000
1605,895,3,1,18990000,15000000,18990000
1606,895,1,2,27990000,22000000,55980000
1607,896,19,1,69990000,55000000,69990000
1608,897,22,1,24990000,18000000,24990000
1609,898,8,1,28990000,22000000,28990000
1610,899,7,1,23990000,18500000,23990000
1611,900,6,1,39990000,32000000,39990000
1612,900,14,2,13990000,10000000,27980000
1613,900,5,1,8490000,6500000,8490000
1614,900,15,3,4990000,3500000,14970000
1615,901,3,1,18990000,15000000,18990000
1616,901,15,2,4990000,3500000,9980000
1617,901,6,1,39990000,32000000,39990000
1618,902,6,1,39990000,32000000,39990000
1619,903,25,1,490000,250000,490000
1620,903,15,1,4990000,3500000,4990000
1621,904,8,1,28990000,22000000,28990000
1622,904,1,1,27990000,22000000,27990000
1623,905,14,1,13990000,10000000,13990000
1624,906,18,2,23990000,18000000,47980000
1625,906,11,2,32990000,25000000,65980000
1626,907,16,1,4990000,3800000,4990000
1627,908,14,1,13990000,10000000,13990000
1628,908,23,1,12990000,9000000,12990000
1629,908,17,1,2990000,2200000,2990000
1630,909,4,1,10990000,8500000,10990000
1631,910,1,1,27990000,22000000,27990000
1632,911,10,1,7490000,5500000,7490000
1633,912,20,2,16990000,6835000,33980000
1634,912,15,2,4990000,3255000,9980000
1635,913,22,1,24990000,6035000,24990000
1636,913,16,1,4990000,605000,4990000
1637,914,2,1,22990000,14585000,22990000
1638,914,12,2,23990000,15935000,47980000
1639,914,11,1,32990000,17635000,32990000
1640,915,9,2,20990000,14635000,41980000
1641,915,19,2,69990000,23635000,139980000
1642,916,13,2,7490000,3515000,14980000
1643,916,8,2,28990000,17435000,57980000
1644,917,4,1,10990000,9255000,10990000
1645,918,15,1,4990000,3255000,4990000
1646,918,9,1,20990000,14635000,20990000
1647,918,14,2,13990000,4415000,27980000
1648,919,9,1,20990000,14635000,20990000
1649,919,24,2,390000,50000,780000
1650,920,7,1,23990000,15705000,23990000
1651,920,5,1,8490000,5555000,8490000
1652,921,21,1,7490000,2415000,7490000
1653,922,3,2,18990000,11205000,37980000
1654,922,4,1,10990000,9255000,10990000
1655,923,10,1,7490000,5425000,7490000
1656,923,6,2,39990000,27325000,79980000
1657,924,12,1,23990000,15935000,23990000
1658,924,7,1,23990000,15705000,23990000
1659,924,18,2,23990000,6015000,47980000
1660,925,5,1,8490000,5555000,8490000
1661,925,16,2,4990000,605000,9980000
1662,926,19,2,69990000,23635000,139980000
1663,926,3,2,18990000,11205000,37980000
1664,927,8,1,28990000,17435000,28990000
1665,928,24,2,390000,50000,780000
1666,929,12,1,23990000,15935000,23990000
1667,930,21,1,7490000,2415000,7490000
1668,930,23,1,12990000,4435000,12990000
1669,930,8,1,28990000,17435000,28990000
1670,931,25,2,490000,198000,980000
1671,932,4,2,10990000,9255000,21980000
1672,932,24,2,390000,50000,780000
1673,933,6,1,39990000,27325000,39990000
1674,934,7,1,23990000,15705000,23990000
1675,935,8,1,28990000,17435000,28990000
1676,935,7,1,23990000,15705000,23990000
1677,935,2,2,22990000,14585000,45980000
1678,936,16,2,4990000,605000,9980000
1679,937,20,2,16990000,6835000,33980000
1680,938,19,1,69990000,23635000,69990000
1681,938,9,1,20990000,14635000,20990000
1682,938,21,1,7490000,2415000,7490000
1683,939,21,2,7490000,2415000,14980000
1684,939,6,1,39990000,27325000,39990000
1685,939,11,2,32990000,17635000,65980000
1686,940,23,2,12990000,4435000,25980000
1687,940,24,2,390000,50000,780000
1688,941,7,2,23990000,15705000,47980000
1689,942,5,2,8490000,5555000,16980000
1690,943,23,2,12990000,4435000,25980000
1691,943,14,2,13990000,4415000,27980000
1692,943,20,2,16990000,6835000,33980000
1693,944,1,1,27990000,20065000,27990000
1694,944,1,1,27990000,20065000,27990000
1695,944,12,1,23990000,15935000,23990000
1696,945,6,2,39990000,27325000,79980000
1697,946,15,2,4990000,3255000,9980000
1698,947,7,2,23990000,15705000,47980000
1699,948,8,1,28990000,17435000,28990000
1700,949,21,2,7490000,2415000,14980000
1701,949,12,2,23990000,15935000,47980000
1702,950,11,1,32990000,17635000,32990000
1703,951,22,2,24990000,6035000,49980000
1704,951,4,2,10990000,9255000,21980000
1705,952,16,1,4990000,605000,4990000
1706,953,17,2,2990000,605000,5980000
1707,953,12,1,23990000,15935000,23990000
1708,953,6,1,39990000,27325000,39990000
1709,954,1,2,27990000,20065000,55980000
1710,954,18,1,23990000,6015000,23990000
1711,955,18,1,23990000,6015000,23990000
1712,956,21,1,7490000,2415000,7490000
1713,957,7,2,23990000,15705000,47980000
1714,957,21,1,7490000,2415000,7490000
1715,958,2,1,22990000,14585000,22990000
1716,958,23,2,12990000,4435000,25980000
1717,959,14,2,13990000,4415000,27980000
1718,959,13,2,7490000,3515000,14980000
1719,960,12,1,23990000,15935000,23990000
1720,960,6,2,39990000,27325000,79980000
1721,960,6,1,39990000,27325000,39990000
1722,961,20,2,16990000,6835000,33980000
1723,961,4,1,10990000,9255000,10990000
1724,961,14,2,13990000,4415000,27980000
1725,962,4,2,10990000,9255000,21980000
1726,962,17,1,2990000,605000,2990000
1727,963,14,1,13990000,4415000,13990000
1728,963,25,1,490000,198000,490000
1729,964,14,1,13990000,4415000,13990000
1730,964,25,2,490000,198000,980000
1731,964,10,2,7490000,5425000,14980000
1732,965,23,2,12990000,4435000,25980000
1733,965,10,2,7490000,5425000,14980000
1734,966,2,2,22990000,14585000,45980000
1735,967,23,1,12990000,4435000,12990000
1736,967,8,1,28990000,17435000,28990000
1737,967,24,1,390000,50000,390000
1738,968,6,1,39990000,27325000,39990000
1739,968,20,2,16990000,6835000,33980000
1740,969,1,2,27990000,20065000,55980000
1741,970,2,2,22990000,14585000,45980000
1742,970,22,1,24990000,6035000,24990000
1743,970,15,2,4990000,3255000,9980000
1744,971,11,1,32990000,17635000,32990000
1745,971,25,2,490000,198000,980000
1746,972,4,1,10990000,9255000,10990000
1747,972,3,2,18990000,11205000,37980000
1748,973,7,2,23990000,15705000,47980000
1749,973,19,1,69990000,23635000,69990000
1750,973,8,1,28990000,17435000,28990000
1751,974,24,2,390000,50000,780000
1752,974,19,1,69990000,23635000,69990000
1753,975,3,2,18990000,11205000,37980000
1754,976,11,2,32990000,17635000,65980000
1755,976,13,1,7490000,3515000,7490000
1756,977,18,1,23990000,6015000,23990000
1757,977,18,2,23990000,6015000,47980000
1758,978,19,2,69990000,23635000,139980000
1759,979,10,2,7490000,5425000,14980000
1760,979,4,1,10990000,9255000,10990000
1761,980,13,2,7490000,3515000,14980000
1762,980,25,1,490000,198000,490000
1763,980,23,1,12990000,4435000,12990000
1764,981,19,2,69990000,23635000,139980000
1765,982,21,1,7490000,2415000,7490000
1766,982,7,2,23990000,15705000,47980000
1767,982,3,1,18990000,11205000,18990000
1768,983,23,1,12990000,4435000,12990000
1769,984,13,1,7490000,3515000,7490000
1770,985,14,1,13990000,4415000,13990000
1771,985,13,2,7490000,3515000,14980000
1772,985,7,1,23990000,15705000,23990000
1773,986,11,2,32990000,17635000,65980000
1774,986,21,2,7490000,2415000,14980000
1775,986,19,2,69990000,23635000,139980000
1776,987,12,2,23990000,15935000,47980000
1777,988,10,2,7490000,5425000,14980000
1778,988,1,1,27990000,20065000,27990000
1779,989,3,1,18990000,11205000,18990000
1780,989,19,1,69990000,23635000,69990000
1781,990,25,1,490000,198000,490000
1782,991,10,1,7490000,5425000,7490000
1783,992,6,2,39990000,27325000,79980000
1784,992,7,1,23990000,15705000,23990000
1785,992,2,2,22990000,14585000,45980000
1786,993,13,1,7490000,3515000,7490000
1787,993,14,2,13990000,4415000,27980000
1788,993,15,2,4990000,3255000,9980000
1789,994,5,1,8490000,5555000,8490000
1790,994,2,2,22990000,14585000,45980000
1791,995,17,2,2990000,605000,5980000
1792,995,12,2,23990000,15935000,47980000
1793,995,20,2,16990000,6835000,33980000
1794,996,9,2,20990000,14635000,41980000
1795,996,11,2,32990000,17635000,65980000
1796,996,14,1,13990000,4415000,13990000
1797,997,19,2,69990000,23635000,139980000
1798,997,15,1,4990000,3255000,4990000
1799,997,23,1,12990000,4435000,12990000
1800,998,10,1,7490000,5425000,7490000
1801,998,1,2,27990000,20065000,55980000
1802,999,2,1,22990000,14585000,22990000
1803,1000,13,2,7490000,3515000,14980000
1804,1000,24,2,390000,50000,780000
1805,1000,19,2,69990000,23635000,139980000
1806,1001,22,1,24990000,6035000,24990000
1807,1002,18,1,23990000,6015000,23990000
1808,1002,25,1,490000,198000,490000
1809,1003,22,1,24990000,6035000,24990000
1810,1003,23,1,12990000,4435000,12990000
1811,1004,24,1,390000,50000,390000
1812,1005,5,2,8490000,5555000,16980000
1813,1005,11,2,32990000,17635000,65980000
1814,1005,23,1,12990000,4435000,12990000
1815,1006,2,2,22990000,14585000,45980000
1816,1006,5,2,8490000,5555000,16980000
1817,1007,18,2,23990000,6015000,47980000
1818,1007,17,2,2990000,605000,5980000
1819,1008,2,1,22990000,14585000,22990000
1820,1008,15,2,4990000,3255000,9980000
1821,1009,15,2,4990000,3255000,9980000
1822,1009,23,1,12990000,4435000,12990000
1823,1010,20,2,16990000,6835000,33980000
1824,1011,18,2,23990000,6015000,47980000
1825,1012,16,2,4990000,605000,9980000
1826,1012,25,1,490000,198000,490000
1827,1012,21,1,7490000,2415000,7490000
1828,1013,24,2,390000,50000,780000
1829,1013,16,2,4990000,605000,9980000
1830,1013,9,2,20990000,14635000,41980000
1831,1014,19,1,69990000,23635000,69990000
1832,1014,2,2,22990000,14585000,45980000
1833,1014,22,2,24990000,6035000,49980000
1834,1015,20,1,16990000,6835000,16990000
1835,1015,5,1,8490000,5555000,8490000
1836,1015,7,1,23990000,15705000,23990000
1837,1016,18,1,23990000,6015000,23990000
1838,1017,12,1,23990000,15935000,23990000
1839,1018,24,2,390000,50000,780000
1840,1019,24,2,390000,50000,780000
1841,1019,3,2,18990000,11205000,37980000
1842,1019,10,2,7490000,5425000,14980000
1843,1020,3,1,18990000,11205000,18990000
1844,1020,3,2,18990000,11205000,37980000
1845,1020,8,1,28990000,17435000,28990000
1846,1021,12,1,23990000,15935000,23990000
1847,1021,11,2,32990000,17635000,65980000
1848,1022,5,2,8490000,5555000,16980000
1849,1023,16,2,4990000,605000,9980000
1850,1023,25,1,490000,198000,490000
1851,1023,20,2,16990000,6835000,33980000
1852,1024,5,2,8490000,5555000,16980000
1853,1024,15,2,4990000,3255000,9980000
1854,1024,25,2,490000,198000,980000
1855,1025,5,1,8490000,5555000,8490000
1856,1025,22,2,24990000,6035000,49980000
1857,1025,2,1,22990000,14585000,22990000
1858,1026,25,1,490000,198000,490000
1859,1026,7,1,23990000,15705000,23990000
1860,1026,8,1,28990000,17435000,28990000
1861,1027,2,2,22990000,14585000,45980000
1862,1027,13,2,7490000,3515000,14980000
1863,1028,13,2,7490000,3515000,14980000
1864,1029,25,2,490000,198000,980000
1865,1030,5,1,8490000,5555000,8490000
1866,1031,19,1,69990000,23635000,69990000
1867,1032,7,1,23990000,15705000,23990000
1868,1032,8,2,28990000,17435000,57980000
1869,1033,4,2,10990000,9255000,21980000
1870,1034,13,2,7490000,3515000,14980000
1871,1034,8,1,28990000,17435000,28990000
1872,1035,19,1,69990000,23635000,69990000
1873,1036,17,2,2990000,605000,5980000
1874,1037,1,2,27990000,20065000,55980000
1875,1037,3,2,18990000,11205000,37980000
1876,1038,21,2,7490000,2415000,14980000
1877,1038,9,1,20990000,14635000,20990000
1878,1038,9,1,20990000,14635000,20990000
1879,1039,9,2,20990000,14635000,41980000
1880,1040,6,1,39990000,27325000,39990000
1881,1040,17,1,2990000,605000,2990000
1882,1041,10,2,7490000,5425000,14980000
1883,1042,2,1,22990000,14585000,22990000
1884,1043,24,1,390000,50000,390000
1885,1043,16,2,4990000,605000,9980000
1886,1044,3,2,18990000,11205000,37980000
1887,1044,23,2,12990000,4435000,25980000
1888,1044,20,2,16990000,6835000,33980000
1889,1045,9,2,20990000,14635000,41980000
1890,1046,12,1,23990000,15935000,23990000
1891,1046,20,2,16990000,6835000,33980000
1892,1047,1,1,27990000,20065000,27990000
1893,1047,6,2,39990000,27325000,79980000
1894,1047,22,2,24990000,6035000,49980000
1895,1048,13,2,7490000,3515000,14980000
1896,1048,2,1,22990000,14585000,22990000
1897,1048,17,1,2990000,605000,2990000
1898,1049,7,1,23990000,15705000,23990000
1899,1049,25,1,490000,198000,490000
1900,1049,5,1,8490000,5555000,8490000
1901,1050,14,1,13990000,4415000,13990000
1902,1050,6,2,39990000,27325000,79980000
1903,1050,18,1,23990000,6015000,23990000
1904,1051,7,1,23990000,15705000,23990000
1905,1051,5,1,8490000,5555000,8490000
1906,1051,18,1,23990000,6015000,23990000
1907,1052,1,1,27990000,20065000,27990000
1908,1052,18,1,23990000,6015000,23990000
1909,1052,9,1,20990000,14635000,20990000
1910,1053,16,2,4990000,605000,9980000
1911,1053,11,2,32990000,17635000,65980000
1912,1054,1,1,27990000,20065000,27990000
1913,1055,15,2,4990000,3255000,9980000
1914,1056,19,1,69990000,23635000,69990000
1915,1056,13,1,7490000,3515000,7490000
1916,1056,1,1,27990000,20065000,27990000
1917,1057,14,1,13990000,4415000,13990000
1918,1057,16,1,4990000,605000,4990000
1919,1057,14,2,13990000,4415000,27980000
1920,1058,22,1,24990000,6035000,24990000
1921,1058,6,1,39990000,27325000,39990000
1922,1059,13,2,7490000,3515000,14980000
1923,1059,15,1,4990000,3255000,4990000
1924,1059,22,1,24990000,6035000,24990000
1925,1060,23,1,12990000,4435000,12990000
1926,1060,8,1,28990000,17435000,28990000
1927,1061,19,1,69990000,23635000,69990000
1928,1061,22,2,24990000,6035000,49980000
1929,1061,1,2,27990000,20065000,55980000
1930,1062,20,1,16990000,6835000,16990000
1931,1062,16,2,4990000,605000,9980000
1932,1062,2,1,22990000,14585000,22990000
1933,1063,24,1,390000,50000,390000
1934,1063,9,1,20990000,14635000,20990000
1935,1064,11,1,32990000,17635000,32990000
1936,1064,21,2,7490000,2415000,14980000
1937,1064,17,2,2990000,605000,5980000
1938,1065,5,2,8490000,5555000,16980000
1939,1065,9,2,20990000,14635000,41980000
1940,1066,4,1,10990000,9255000,10990000
1941,1066,4,1,10990000,9255000,10990000
1942,1066,23,1,12990000,4435000,12990000
1943,1067,17,2,2990000,605000,5980000
1944,1067,12,1,23990000,15935000,23990000
1945,1067,24,1,390000,50000,390000
1946,1068,23,1,12990000,4435000,12990000
1947,1069,20,2,16990000,6835000,33980000
1948,1070,9,1,20990000,14635000,20990000
1949,1071,5,2,8490000,5555000,16980000
1950,1071,25,1,490000,198000,490000
1951,1072,15,2,4990000,3255000,9980000
1952,1072,5,2,8490000,5555000,16980000
1953,1073,6,2,39990000,27325000,79980000
1954,1073,9,1,20990000,14635000,20990000
1955,1073,13,1,7490000,3515000,7490000
1956,1074,4,2,10990000,9255000,21980000
1957,1074,10,1,7490000,5425000,7490000
1958,1074,7,2,23990000,15705000,47980000
1959,1075,6,2,39990000,27325000,79980000
1960,1075,14,1,13990000,4415000,13990000
1961,1076,20,2,16990000,6835000,33980000
1962,1077,4,2,10990000,9255000,21980000
1963,1077,9,2,20990000,14635000,41980000
1964,1078,21,1,7490000,2415000,7490000
1965,1078,12,1,23990000,15935000,23990000
1966,1078,10,2,7490000,5425000,14980000
1967,1079,8,2,28990000,17435000,57980000
1968,1079,8,1,28990000,17435000,28990000
1969,1080,23,1,12990000,4435000,12990000
1970,1080,24,2,390000,50000,780000
1971,1081,13,2,7490000,3515000,14980000
1972,1081,8,1,28990000,17435000,28990000
1973,1082,14,1,13990000,4415000,13990000
1974,1082,16,2,4990000,605000,9980000
1975,1083,9,2,20990000,14635000,41980000
1976,1083,1,2,27990000,20065000,55980000
1977,1084,8,2,28990000,17435000,57980000
1978,1084,17,2,2990000,605000,5980000
1979,1084,3,1,18990000,11205000,18990000
1980,1085,18,1,23990000,6015000,23990000
1981,1085,7,1,23990000,15705000,23990000
1982,1085,14,2,13990000,4415000,27980000
1983,1086,23,1,12990000,4435000,12990000
1984,1086,18,2,23990000,6015000,47980000
1985,1086,20,2,16990000,6835000,33980000
1986,1087,21,1,7490000,2415000,7490000
1987,1087,10,1,7490000,5425000,7490000
1988,1087,13,1,7490000,3515000,7490000
1989,1088,6,2,39990000,27325000,79980000
1990,1089,14,2,13990000,4415000,27980000
1991,1089,17,2,2990000,605000,5980000
1992,1090,9,2,20990000,14635000,41980000
1993,1091,7,1,23990000,15705000,23990000
1994,1092,10,2,7490000,5425000,14980000
1995,1092,11,2,32990000,17635000,65980000
1996,1093,2,2,22990000,14585000,45980000
1997,1094,3,1,18990000,11205000,18990000
1998,1095,12,2,23990000,15935000,47980000
1999,1095,6,1,39990000,27325000,39990000
2000,1095,18,2,23990000,6015000,47980000
2001,1096,14,1,13990000,4415000,13990000
2002,1096,21,1,7490000,2415000,7490000
2003,1096,24,1,390000,50000,390000
2004,1097,12,1,23990000,15935000,23990000
2005,1097,17,2,2990000,605000,5980000
2006,1098,12,2,23990000,15935000,47980000
2007,1098,25,2,490000,198000,980000
2008,1098,25,2,490000,198000,980000
2009,1099,5,2,8490000,5555000,16980000
2010,1100,21,2,7490000,2415000,14980000
2011,1100,20,1,16990000,6835000,16990000
2012,1100,3,2,18990000,11205000,37980000
2013,1101,7,1,23990000,15705000,23990000
2014,1101,6,1,39990000,27325000,39990000
2015,1101,5,1,8490000,5555000,8490000
2016,1102,12,1,23990000,15935000,23990000
2017,1102,14,2,13990000,4415000,27980000
2018,1102,6,1,39990000,27325000,39990000
2019,1103,4,1,10990000,9255000,10990000
2020,1103,4,1,10990000,9255000,10990000
2021,1104,25,1,490000,198000,490000
2022,1104,20,1,16990000,6835000,16990000
2023,1105,12,2,23990000,15935000,47980000
2024,1106,25,2,490000,198000,980000
2025,1106,7,2,23990000,15705000,47980000
2026,1106,13,2,7490000,3515000,14980000
2027,1107,10,2,7490000,5425000,14980000
2028,1107,17,2,2990000,605000,5980000
2029,1108,24,1,390000,50000,390000
2030,1108,19,2,69990000,23635000,139980000
2031,1108,1,2,27990000,20065000,55980000
2032,1109,21,1,7490000,2415000,7490000
2033,1109,14,1,13990000,4415000,13990000
2034,1109,14,1,13990000,4415000,13990000
2035,1110,24,2,390000,50000,780000
2036,1111,23,1,12990000,4435000,12990000
2037,1111,3,1,18990000,11205000,18990000
2038,1111,7,2,23990000,15705000,47980000
2039,1112,22,2,24990000,6035000,49980000
2040,1113,12,1,23990000,15935000,23990000
2041,1114,12,1,23990000,15935000,23990000
2042,1114,12,2,23990000,15935000,47980000
2043,1115,23,1,12990000,4435000,12990000
2044,1115,24,2,390000,50000,780000
2045,1116,5,1,8490000,5555000,8490000
2046,1116,4,2,10990000,9255000,21980000
2047,1117,19,1,69990000,23635000,69990000
2048,1117,24,1,390000,50000,390000
2049,1118,8,1,28990000,17435000,28990000
2050,1118,25,2,490000,198000,980000
2051,1119,7,2,23990000,15705000,47980000
2052,1120,24,1,390000,50000,390000
2053,1120,20,1,16990000,6835000,16990000
2054,1120,20,2,16990000,6835000,33980000
2055,1121,7,1,23990000,15705000,23990000
2056,1121,6,1,39990000,27325000,39990000
2057,1122,23,1,12990000,4435000,12990000
2058,1123,23,1,12990000,4435000,12990000
2059,1124,5,2,8490000,5555000,16980000
2060,1124,23,1,12990000,4435000,12990000
2061,1124,6,2,39990000,27325000,79980000
2062,1125,22,2,24990000,6035000,49980000
2063,1125,25,2,490000,198000,980000
2064,1126,14,1,13990000,4415000,13990000
2065,1126,16,1,4990000,605000,4990000
2066,1127,3,1,18990000,11205000,18990000
2067,1127,7,1,23990000,15705000,23990000
2068,1127,15,2,4990000,3255000,9980000
2069,1128,21,1,7490000,2415000,7490000
2070,1128,10,2,7490000,5425000,14980000
2071,1128,3,1,18990000,11205000,18990000
2072,1129,6,2,39990000,27325000,79980000
2073,1129,10,1,7490000,5425000,7490000
2074,1129,2,2,22990000,14585000,45980000
2075,1130,22,2,24990000,6035000,49980000
2076,1131,3,2,18990000,11205000,37980000
2077,1131,8,1,28990000,17435000,28990000
2078,1132,14,1,13990000,4415000,13990000
2079,1133,9,1,20990000,14635000,20990000
2080,1133,11,2,32990000,17635000,65980000
2081,1133,4,1,10990000,9255000,10990000
2082,1134,13,2,7490000,3515000,14980000
2083,1134,25,1,490000,198000,490000
2084,1135,12,1,23990000,15935000,23990000
2085,1135,21,1,7490000,2415000,7490000
2086,1136,5,1,8490000,5555000,8490000
2087,1136,6,2,39990000,27325000,79980000
2088,1136,13,2,7490000,3515000,14980000
2089,1137,25,1,490000,198000,490000
2090,1138,6,2,39990000,27325000,79980000
2091,1139,17,1,2990000,605000,2990000
2092,1139,9,1,20990000,14635000,20990000
2093,1139,23,1,12990000,4435000,12990000
2094,1140,18,1,23990000,6015000,23990000
2095,1140,20,2,16990000,6835000,33980000
2096,1141,16,1,4990000,605000,4990000
2097,1141,11,2,32990000,17635000,65980000
2098,1142,14,1,13990000,4415000,13990000
2099,1143,9,2,20990000,14635000,41980000
2100,1143,8,1,28990000,17435000,28990000
2101,1144,5,2,8490000,5555000,16980000
2102,1145,10,2,7490000,5425000,14980000
2103,1145,16,2,4990000,605000,9980000
2104,1145,19,1,69990000,23635000,69990000
2105,1146,23,1,12990000,4435000,12990000
2106,1146,15,1,4990000,3255000,4990000
2107,1147,19,1,69990000,23635000,69990000
2108,1147,14,2,13990000,4415000,27980000
2109,1147,16,2,4990000,605000,9980000
2110,1148,20,2,16990000,6835000,33980000
2111,1148,10,1,7490000,5425000,7490000
2112,1148,20,2,16990000,6835000,33980000
2113,1149,6,2,39990000,27325000,79980000
2114,1149,6,1,39990000,27325000,39990000
2115,1150,15,2,4990000,3255000,9980000
2116,1150,13,1,7490000,3515000,7490000
2117,1151,15,1,4990000,3255000,4990000
2118,1152,12,1,23990000,15935000,23990000
2119,1152,5,2,8490000,5555000,16980000
2120,1153,25,2,490000,198000,980000
2121,1153,2,1,22990000,14585000,22990000
2122,1154,3,2,18990000,11205000,37980000
2123,1154,19,1,69990000,23635000,69990000
2124,1154,5,2,8490000,5555000,16980000
2125,1155,18,1,23990000,6015000,23990000
2126,1156,8,1,28990000,17435000,28990000
2127,1156,15,1,4990000,3255000,4990000
2128,1157,10,2,7490000,5425000,14980000
2129,1157,1,1,27990000,20065000,27990000
2130,1158,7,1,23990000,15705000,23990000
2131,1159,2,1,22990000,14585000,22990000
2132,1160,12,2,23990000,15935000,47980000
2133,1161,12,2,23990000,15935000,47980000
2134,1161,9,2,20990000,14635000,41980000
2135,1162,13,1,7490000,3515000,7490000
2136,1162,19,2,69990000,23635000,139980000
2137,1163,24,2,390000,50000,780000
2138,1163,10,2,7490000,5425000,14980000
2139,1163,16,1,4990000,605000,4990000
2140,1164,6,2,39990000,27325000,79980000
2141,1164,22,2,24990000,6035000,49980000
2142,1164,5,1,8490000,5555000,8490000
2143,1165,18,1,23990000,6015000,23990000
2144,1165,21,1,7490000,2415000,7490000
2145,1165,25,1,490000,198000,490000
2146,1166,10,1,7490000,5425000,7490000
2147,1166,14,1,13990000,4415000,13990000
2148,1167,11,2,32990000,17635000,65980000
2149,1167,11,2,32990000,17635000,65980000
2150,1168,8,1,28990000,17435000,28990000
2151,1169,9,2,20990000,14635000,41980000
2152,1169,19,2,69990000,23635000,139980000
2153,1170,15,1,4990000,3255000,4990000
2154,1170,23,1,12990000,4435000,12990000
2155,1171,3,1,18990000,11205000,18990000
2156,1171,22,2,24990000,6035000,49980000
2157,1171,13,1,7490000,3515000,7490000
2158,1172,5,2,8490000,5555000,16980000
2159,1173,6,2,39990000,27325000,79980000
2160,1174,1,1,27990000,20065000,27990000
2161,1175,5,1,8490000,5555000,8490000
2162,1176,22,2,24990000,6035000,49980000
2163,1176,23,1,12990000,4435000,12990000
2164,1176,24,2,390000,50000,780000
2165,1177,15,2,4990000,3255000,9980000
2166,1177,5,1,8490000,5555000,8490000
2167,1178,7,2,23990000,15705000,47980000
2168,1179,24,2,390000,50000,780000
2169,1179,10,1,7490000,5425000,7490000
2170,1180,2,2,22990000,14585000,45980000
2171,1180,17,2,2990000,605000,5980000
2172,1181,11,1,32990000,17635000,32990000
2173,1181,2,2,22990000,14585000,45980000
2174,1182,1,1,27990000,20065000,27990000
2175,1182,1,1,27990000,20065000,27990000
2176,1183,19,1,69990000,23635000,69990000
2177,1183,12,2,23990000,15935000,47980000
2178,1184,14,1,13990000,4415000,13990000
2179,1185,1,1,27990000,20065000,27990000
2180,1185,21,2,7490000,2415000,14980000
2181,1186,5,2,8490000,5555000,16980000
2182,1186,8,1,28990000,17435000,28990000
2183,1186,18,2,23990000,6015000,47980000
2184,1187,10,2,7490000,5425000,14980000
2185,1187,3,1,18990000,11205000,18990000
2186,1187,6,2,39990000,27325000,79980000
2187,1188,25,1,490000,198000,490000
2188,1189,11,2,32990000,17635000,65980000
2189,1189,22,2,24990000,6035000,49980000
2190,1189,9,2,20990000,14635000,41980000
2191,1190,16,2,4990000,605000,9980000
2192,1190,18,2,23990000,6015000,47980000
2193,1191,13,2,7490000,3515000,14980000
2194,1192,12,1,23990000,15935000,23990000
2195,1192,9,1,20990000,14635000,20990000
2196,1192,16,2,4990000,605000,9980000
2197,1193,15,2,4990000,3255000,9980000
2198,1193,17,2,2990000,605000,5980000
2199,1193,15,1,4990000,3255000,4990000
2200,1194,15,2,4990000,3255000,9980000
2201,1195,8,1,28990000,17435000,28990000
2202,1196,4,2,10990000,9255000,21980000
2203,1196,25,2,490000,198000,980000
2204,1197,2,1,22990000,14585000,22990000
2205,1197,19,2,69990000,23635000,139980000
2206,1198,19,1,69990000,23635000,69990000
2207,1198,9,2,20990000,14635000,41980000
2208,1198,18,1,23990000,6015000,23990000
2209,1199,23,1,12990000,4435000,12990000
2210,1199,23,1,12990000,4435000,12990000
2211,1199,3,1,18990000,11205000,18990000
2212,1200,2,2,22990000,14585000,45980000
2213,1200,12,2,23990000,15935000,47980000
2214,1200,24,1,390000,50000,390000
2215,1201,11,1,32990000,17635000,32990000
2216,1201,3,2,18990000,11205000,37980000
2217,1202,12,2,23990000,15935000,47980000
2218,1202,3,1,18990000,11205000,18990000
2219,1203,10,2,7490000,5425000,14980000
2220,1203,23,2,12990000,4435000,25980000
2221,1203,5,2,8490000,5555000,16980000
2222,1204,6,2,39990000,27325000,79980000
2223,1204,12,1,23990000,15935000,23990000
2224,1204,16,2,4990000,605000,9980000
2225,1205,1,2,27990000,20065000,55980000
2226,1205,24,2,390000,50000,780000
2227,1206,20,2,16990000,6835000,33980000
2228,1206,9,2,20990000,14635000,41980000
2229,1207,15,2,4990000,3255000,9980000
2230,1207,9,1,20990000,14635000,20990000
2231,1208,22,2,24990000,6035000,49980000
2232,1209,2,1,22990000,14585000,22990000
2233,1209,6,2,39990000,27325000,79980000
2234,1210,9,1,20990000,14635000,20990000
2235,1210,2,2,22990000,14585000,45980000
2236,1211,9,1,20990000,14635000,20990000
2237,1211,11,2,32990000,17635000,65980000
2238,1211,8,2,28990000,17435000,57980000
2239,1212,15,1,4990000,3255000,4990000
2240,1213,21,2,7490000,2415000,14980000
2241,1213,8,2,28990000,17435000,57980000
2242,1213,5,2,8490000,5555000,16980000
2243,1214,18,1,23990000,6015000,23990000
2244,1215,21,1,7490000,2415000,7490000
2245,1215,18,1,23990000,6015000,23990000
2246,1216,6,1,39990000,27325000,39990000
2247,1217,24,1,390000,50000,390000
2248,1218,15,1,4990000,3255000,4990000
2249,1218,9,2,20990000,14635000,41980000
2250,1219,23,2,12990000,4435000,25980000
2251,1219,22,1,24990000,6035000,24990000
2252,1219,2,2,22990000,14585000,45980000
2253,1220,9,1,20990000,14635000,20990000
2254,1221,23,1,12990000,4435000,12990000
2255,1221,22,1,24990000,6035000,24990000
2256,1222,20,1,16990000,6835000,16990000
2257,1223,10,2,7490000,5425000,14980000
2258,1223,20,2,16990000,6835000,33980000
2259,1223,14,1,13990000,4415000,13990000
2260,1224,22,1,24990000,6035000,24990000
2261,1224,19,1,69990000,23635000,69990000
2262,1225,5,2,8490000,5555000,16980000
2263,1225,7,2,23990000,15705000,47980000
2264,1226,14,2,13990000,4415000,27980000
2265,1226,22,1,24990000,6035000,24990000
2266,1227,22,2,24990000,6035000,49980000
2267,1228,21,2,7490000,2415000,14980000
2268,1229,22,1,24990000,6035000,24990000
2269,1229,12,1,23990000,15935000,23990000
2270,1229,4,1,10990000,9255000,10990000
2271,1230,3,1,18990000,11205000,18990000
2272,1230,6,2,39990000,27325000,79980000
2273,1230,2,1,22990000,14585000,22990000
2274,1231,16,1,4990000,605000,4990000
2275,1231,17,2,2990000,605000,5980000
2276,1231,16,1,4990000,605000,4990000
2277,1232,16,2,4990000,605000,9980000
2278,1232,23,1,12990000,4435000,12990000
2279,1233,9,2,20990000,14635000,41980000
2280,1233,25,2,490000,198000,980000
2281,1233,15,1,4990000,3255000,4990000
2282,1234,21,1,7490000,2415000,7490000
2283,1235,13,1,7490000,3515000,7490000
2284,1235,20,1,16990000,6835000,16990000
2285,1235,21,2,7490000,2415000,14980000
2286,1236,21,2,7490000,2415000,14980000
2287,1236,22,1,24990000,6035000,24990000
2288,1237,14,1,13990000,4415000,13990000
2289,1237,8,2,28990000,17435000,57980000
2290,1238,16,1,4990000,605000,4990000
2291,1238,15,1,4990000,3255000,4990000
2292,1238,13,2,7490000,3515000,14980000
2293,1239,22,1,24990000,6035000,24990000
2294,1239,7,2,23990000,15705000,47980000
2295,1239,2,1,22990000,14585000,22990000
2296,1240,8,1,28990000,17435000,28990000
2297,1240,3,1,18990000,11205000,18990000
2298,1241,17,1,2990000,605000,2990000
2299,1242,3,1,18990000,11205000,18990000
2300,1243,20,1,16990000,6835000,16990000
2301,1243,4,2,10990000,9255000,21980000
2302,1244,5,2,8490000,5555000,16980000
2303,1244,21,1,7490000,2415000,7490000
2304,1244,23,2,12990000,4435000,25980000
2305,1245,19,1,69990000,23635000,69990000
2306,1246,4,2,10990000,9255000,21980000
2307,1246,8,2,28990000,17435000,57980000
2308,1247,16,2,4990000,605000,9980000
2309,1247,24,2,390000,50000,780000
2310,1248,11,2,32990000,17635000,65980000
2311,1248,11,2,32990000,17635000,65980000
2312,1249,15,1,4990000,3255000,4990000
2313,1249,18,1,23990000,6015000,23990000
2314,1250,21,1,7490000,2415000,7490000
2315,1250,16,2,4990000,605000,9980000
2316,1250,17,2,2990000,605000,5980000
2317,1251,23,2,12990000,4435000,25980000
2318,1251,9,2,20990000,14635000,41980000
2319,1252,17,1,2990000,605000,2990000
2320,1253,22,1,24990000,6035000,24990000
2321,1253,5,1,8490000,5555000,8490000
2322,1253,2,2,22990000,14585000,45980000
2323,1254,13,1,7490000,3515000,7490000
2324,1255,2,2,22990000,14585000,45980000
2325,1255,16,1,4990000,605000,4990000
2326,1256,20,1,16990000,6835000,16990000
2327,1256,3,2,18990000,11205000,37980000
2328,1256,14,1,13990000,4415000,13990000
2329,1257,19,2,69990000,23635000,139980000
2330,1257,16,1,4990000,605000,4990000
2331,1257,10,1,7490000,5425000,7490000
2332,1258,3,2,18990000,11205000,37980000
2333,1258,18,1,23990000,6015000,23990000
2334,1259,1,2,27990000,20065000,55980000
2335,1259,23,1,12990000,4435000,12990000
2336,1260,21,2,7490000,2415000,14980000
2337,1260,25,1,490000,198000,490000
2338,1261,25,2,490000,198000,980000
2339,1261,13,1,7490000,3515000,7490000
2340,1261,1,2,27990000,20065000,55980000
2341,1262,11,1,32990000,17635000,32990000
2342,1262,2,1,22990000,14585000,22990000
2343,1263,24,1,390000,50000,390000
2344,1263,16,2,4990000,605000,9980000
2345,1264,3,2,18990000,11205000,37980000
2346,1264,21,1,7490000,2415000,7490000
2347,1265,21,2,7490000,2415000,14980000
2348,1266,8,1,28990000,17435000,28990000
2349,1266,13,2,7490000,3515000,14980000
2350,1267,9,1,20990000,14635000,20990000
2351,1268,10,2,7490000,5425000,14980000
2352,1269,12,1,23990000,15935000,23990000
2353,1269,2,2,22990000,14585000,45980000
2354,1270,10,1,7490000,5425000,7490000
2355,1270,18,1,23990000,6015000,23990000
2356,1271,3,1,18990000,11205000,18990000
2357,1272,18,1,23990000,6015000,23990000
2358,1273,12,2,23990000,15935000,47980000
2359,1274,9,1,20990000,14635000,20990000
2360,1274,21,2,7490000,2415000,14980000
2361,1274,16,2,4990000,605000,9980000
2362,1275,22,1,24990000,6035000,24990000
2363,1275,13,1,7490000,3515000,7490000
2364,1276,6,2,39990000,27325000,79980000
2365,1277,21,2,7490000,2415000,14980000
2366,1278,8,2,28990000,17435000,57980000
2367,1278,18,2,23990000,6015000,47980000
2368,1279,25,1,490000,198000,490000
2369,1279,17,1,2990000,605000,2990000
2370,1279,1,1,27990000,20065000,27990000
2371,1280,2,1,22990000,14585000,22990000
2372,1281,3,1,18990000,11205000,18990000
2373,1281,19,2,69990000,23635000,139980000
2374,1281,8,1,28990000,17435000,28990000
2375,1282,21,2,7490000,2415000,14980000
2376,1283,18,2,23990000,6015000,47980000
2377,1284,7,1,23990000,15705000,23990000
2378,1284,14,1,13990000,4415000,13990000
2379,1284,19,2,69990000,23635000,139980000
2380,1285,16,1,4990000,605000,4990000
2381,1285,3,1,18990000,11205000,18990000
2382,1285,7,1,23990000,15705000,23990000
2383,1286,3,1,18990000,11205000,18990000
2384,1287,3,1,18990000,11205000,18990000
2385,1288,7,1,23990000,15705000,23990000
2386,1288,18,1,23990000,6015000,23990000
2387,1288,11,2,32990000,17635000,65980000
2388,1289,19,2,69990000,23635000,139980000
2389,1289,21,2,7490000,2415000,14980000
2390,1290,12,1,23990000,15935000,23990000
2391,1290,6,2,39990000,27325000,79980000
2392,1290,9,2,20990000,14635000,41980000
2393,1291,21,1,7490000,2415000,7490000
2394,1292,5,2,8490000,5555000,16980000
2395,1292,17,1,2990000,605000,2990000
2396,1292,7,2,23990000,15705000,47980000
2397,1293,25,2,490000,198000,980000
2398,1293,9,2,20990000,14635000,41980000
2399,1294,14,2,13990000,4415000,27980000
2400,1295,16,2,4990000,605000,9980000
2401,1295,1,2,27990000,20065000,55980000
2402,1295,25,2,490000,198000,980000
2403,1296,20,2,16990000,6835000,33980000
2404,1296,7,1,23990000,15705000,23990000
2405,1296,11,1,32990000,17635000,32990000
2406,1297,19,2,69990000,23635000,139980000
2407,1298,23,2,12990000,4435000,25980000
2408,1299,7,2,23990000,15705000,47980000
2409,1299,16,1,4990000,605000,4990000
2410,1299,24,2,390000,50000,780000
2411,1300,5,1,8490000,5555000,8490000
2412,1301,20,2,16990000,6835000,33980000
2413,1301,10,2,7490000,5425000,14980000
2414,1302,11,1,32990000,17635000,32990000
2415,1302,16,1,4990000,605000,4990000
2416,1303,19,2,69990000,23635000,139980000
2417,1303,12,1,23990000,15935000,23990000
2418,1303,15,2,4990000,3255000,9980000
2419,1304,4,1,10990000,9255000,10990000
2420,1304,9,2,20990000,14635000,41980000
2421,1304,1,1,27990000,20065000,27990000
2422,1305,16,1,4990000,605000,4990000
2423,1305,10,1,7490000,5425000,7490000
2424,1306,24,2,390000,50000,780000
2425,1307,11,2,32990000,17635000,65980000
2426,1308,14,2,13990000,4415000,27980000
2427,1309,8,1,28990000,17435000,28990000
2428,1309,23,2,12990000,4435000,25980000
2429,1310,15,2,4990000,3255000,9980000
2430,1311,12,1,23990000,15935000,23990000
2431,1312,4,2,10990000,9255000,21980000
2432,1312,4,2,10990000,9255000,21980000
2433,1313,22,1,24990000,6035000,24990000
2434,1313,15,2,4990000,3255000,9980000
2435,1314,8,1,28990000,17435000,28990000
2436,1314,17,1,2990000,605000,2990000
2437,1315,8,2,28990000,17435000,57980000
2438,1315,22,2,24990000,6035000,49980000
2439,1315,12,1,23990000,15935000,23990000
2440,1316,15,1,4990000,3255000,4990000
2441,1317,25,2,490000,198000,980000
2442,1317,22,2,24990000,6035000,49980000
2443,1317,22,2,24990000,6035000,49980000
2444,1318,7,2,23990000,15705000,47980000
2445,1318,13,1,7490000,3515000,7490000
2446,1318,16,1,4990000,605000,4990000
2447,1319,14,2,13990000,4415000,27980000
2448,1320,2,2,22990000,14585000,45980000
2449,1321,24,2,390000,50000,780000
2450,1321,4,1,10990000,9255000,10990000
2451,1322,24,1,390000,50000,390000
2452,1322,7,1,23990000,15705000,23990000
2453,1322,24,1,390000,50000,390000
2454,1323,24,1,390000,50000,390000
2455,1324,13,2,7490000,3515000,14980000
2456,1324,14,1,13990000,4415000,13990000
2457,1324,1,1,27990000,20065000,27990000
2458,1325,22,2,24990000,6035000,49980000
2459,1325,24,1,390000,50000,390000
2460,1326,6,1,39990000,27325000,39990000
2461,1326,20,1,16990000,6835000,16990000
2462,1327,4,1,10990000,9255000,10990000
2463,1328,18,1,23990000,6015000,23990000
2464,1328,9,2,20990000,14635000,41980000
2465,1328,22,2,24990000,6035000,49980000
2466,1329,11,2,32990000,17635000,65980000
2467,1329,7,1,23990000,15705000,23990000
2468,1330,5,2,8490000,5555000,16980000
2469,1330,24,1,390000,50000,390000
2470,1330,1,1,27990000,20065000,27990000
2471,1331,24,2,390000,50000,780000
2472,1331,9,2,20990000,14635000,41980000
2473,1332,24,2,390000,50000,780000
2474,1332,22,1,24990000,6035000,24990000
2475,1332,18,2,23990000,6015000,47980000
2476,1333,2,2,22990000,14585000,45980000
2477,1334,24,2,390000,50000,780000
2478,1335,17,1,2990000,605000,2990000
2479,1335,20,1,16990000,6835000,16990000
2480,1336,14,2,13990000,4415000,27980000
2481,1337,14,2,13990000,4415000,27980000
2482,1338,19,1,69990000,23635000,69990000
2483,1338,9,2,20990000,14635000,41980000
2484,1338,7,2,23990000,15705000,47980000
2485,1339,16,1,4990000,605000,4990000
2486,1339,19,1,69990000,23635000,69990000
2487,1340,14,1,13990000,4415000,13990000
2488,1340,1,2,27990000,20065000,55980000
2489,1340,25,2,490000,198000,980000
2490,1341,21,1,7490000,2415000,7490000
2491,1341,14,1,13990000,4415000,13990000
2492,1341,6,1,39990000,27325000,39990000
2493,1342,13,1,7490000,3515000,7490000
2494,1343,9,2,20990000,14635000,41980000
2495,1344,18,2,23990000,6015000,47980000
2496,1344,11,2,32990000,17635000,65980000
2497,1344,23,1,12990000,4435000,12990000
2498,1345,10,2,7490000,5425000,14980000
2499,1345,10,1,7490000,5425000,7490000
2500,1346,19,1,69990000,23635000,69990000
2501,1346,12,1,23990000,15935000,23990000
2502,1347,14,1,13990000,4415000,13990000
2503,1347,23,1,12990000,4435000,12990000
2504,1348,24,1,390000,50000,390000
2505,1348,14,2,13990000,4415000,27980000
2506,1348,12,1,23990000,15935000,23990000
2507,1349,1,2,27990000,20065000,55980000
2508,1349,6,1,39990000,27325000,39990000
2509,1349,5,1,8490000,5555000,8490000
2510,1350,24,2,390000,50000,780000
2511,1351,24,1,390000,50000,390000
2512,1351,3,2,18990000,11205000,37980000
2513,1351,11,2,32990000,17635000,65980000
2514,1352,7,2,23990000,15705000,47980000
2515,1352,5,2,8490000,5555000,16980000
2516,1352,20,1,16990000,6835000,16990000
2517,1353,9,2,20990000,14635000,41980000
2518,1354,19,1,69990000,23635000,69990000
2519,1354,10,1,7490000,5425000,7490000
2520,1355,4,1,10990000,9255000,10990000
2521,1355,14,2,13990000,4415000,27980000
2522,1355,15,2,4990000,3255000,9980000
2523,1356,25,2,490000,198000,980000
2524,1356,18,1,23990000,6015000,23990000
2525,1356,5,2,8490000,5555000,16980000
2526,1357,2,1,22990000,14585000,22990000
2527,1358,2,1,22990000,14585000,22990000
2528,1359,8,1,28990000,17435000,28990000
2529,1360,3,1,18990000,11205000,18990000
2530,1361,18,2,23990000,6015000,47980000
2531,1361,11,2,32990000,17635000,65980000
2532,1361,19,1,69990000,23635000,69990000
2533,1362,16,1,4990000,605000,4990000
2534,1362,5,2,8490000,5555000,16980000
2535,1363,7,1,23990000,15705000,23990000
2536,1363,20,2,16990000,6835000,33980000
2537,1363,25,2,490000,198000,980000
2538,1364,16,1,4990000,605000,4990000
2539,1365,19,2,69990000,23635000,139980000
2540,1365,3,1,18990000,11205000,18990000
2541,1365,9,2,20990000,14635000,41980000
2542,1366,19,1,69990000,23635000,69990000
2543,1366,8,2,28990000,17435000,57980000
2544,1367,23,2,12990000,4435000,25980000
2545,1367,15,1,4990000,3255000,4990000
2546,1367,12,2,23990000,15935000,47980000
2547,1368,11,1,32990000,17635000,32990000
2548,1368,18,2,23990000,6015000,47980000
2549,1369,12,2,23990000,15935000,47980000
2550,1369,15,1,4990000,3255000,4990000
2551,1370,11,2,32990000,17635000,65980000
2552,1370,14,2,13990000,4415000,27980000
2553,1370,21,2,7490000,2415000,14980000
2554,1371,20,2,16990000,6835000,33980000
2555,1371,18,2,23990000,6015000,47980000
2556,1372,5,1,8490000,5555000,8490000
2557,1372,11,2,32990000,17635000,65980000
2558,1373,12,1,23990000,15935000,23990000
2559,1373,23,2,12990000,4435000,25980000
2560,1373,2,1,22990000,14585000,22990000
2561,1374,9,2,20990000,14635000,41980000
2562,1374,12,1,23990000,15935000,23990000
2563,1374,20,2,16990000,6835000,33980000
2564,1375,19,1,69990000,23635000,69990000
2565,1376,8,2,28990000,17435000,57980000
2566,1376,19,1,69990000,23635000,69990000
2567,1377,8,1,28990000,17435000,28990000
2568,1377,18,1,23990000,6015000,23990000
2569,1377,2,2,22990000,14585000,45980000
2570,1378,13,1,7490000,3515000,7490000
2571,1379,15,1,4990000,3255000,4990000
2572,1380,6,2,39990000,27325000,79980000
2573,1380,11,2,32990000,17635000,65980000
2574,1380,8,2,28990000,17435000,57980000
2575,1381,4,2,10990000,9255000,21980000
2576,1382,9,1,20990000,14635000,20990000
2577,1382,2,1,22990000,14585000,22990000
2578,1382,24,1,390000,50000,390000
2579,1383,22,1,24990000,6035000,24990000
2580,1383,23,2,12990000,4435000,25980000
2581,1383,18,1,23990000,6015000,23990000
2582,1384,1,1,27990000,20065000,27990000
2583,1385,11,1,32990000,17635000,32990000
2584,1385,5,1,8490000,5555000,8490000
2585,1386,21,2,7490000,2415000,14980000
2586,1387,4,1,10990000,9255000,10990000
2587,1387,16,2,4990000,605000,9980000
2588,1388,2,1,22990000,14585000,22990000
2589,1388,24,2,390000,50000,780000
2590,1389,2,1,22990000,14585000,22990000
2591,1389,15,1,4990000,3255000,4990000
2592,1390,24,2,390000,50000,780000
2593,1390,13,1,7490000,3515000,7490000
2594,1391,12,1,23990000,15935000,23990000
2595,1391,12,1,23990000,15935000,23990000
2596,1392,1,1,27990000,20065000,27990000
2597,1393,21,2,7490000,2415000,14980000
2598,1394,3,2,18990000,11205000,37980000
2599,1394,19,1,69990000,23635000,69990000
2600,1394,12,2,23990000,15935000,47980000
2601,1395,16,1,4990000,605000,4990000
2602,1396,16,1,4990000,605000,4990000
2603,1397,11,2,32990000,17635000,65980000
2604,1398,14,2,13990000,4415000,27980000
2605,1398,3,1,18990000,11205000,18990000
2606,1398,13,1,7490000,3515000,7490000
2607,1399,6,2,39990000,27325000,79980000
2608,1400,15,1,4990000,3255000,4990000
2609,1400,20,1,16990000,6835000,16990000
2610,1400,5,2,8490000,5555000,16980000
2611,1401,19,2,69990000,23635000,139980000
2612,1401,3,2,18990000,11205000,37980000
2613,1402,25,2,490000,198000,980000
2614,1403,10,1,7490000,5425000,7490000
2615,1404,25,1,490000,198000,490000
2616,1404,16,1,4990000,605000,4990000
2617,1405,19,1,69990000,23635000,69990000
2618,1405,23,2,12990000,4435000,25980000
2619,1405,22,2,24990000,6035000,49980000
2620,1406,23,2,12990000,4435000,25980000
2621,1406,4,2,10990000,9255000,21980000
2622,1407,21,2,7490000,2415000,14980000
2623,1408,9,1,20990000,14635000,20990000
2624,1408,18,2,23990000,6015000,47980000
2625,1409,6,1,39990000,27325000,39990000
2626,1410,6,1,39990000,27325000,39990000
2627,1410,12,2,23990000,15935000,47980000
2628,1411,17,2,2990000,605000,5980000
2629,1412,10,1,7490000,5425000,7490000
2630,1412,13,1,7490000,3515000,7490000
2631,1413,4,2,10990000,9255000,21980000
2632,1413,10,1,7490000,5425000,7490000
2633,1414,9,1,20990000,14635000,20990000
2634,1414,19,1,69990000,23635000,69990000
2635,1414,10,1,7490000,5425000,7490000
2636,1415,20,1,16990000,6835000,16990000
2637,1415,14,2,13990000,4415000,27980000
2638,1415,25,2,490000,198000,980000
2639,1416,18,2,23990000,6015000,47980000
2640,1417,9,2,20990000,14635000,41980000
2641,1418,25,2,490000,198000,980000
2642,1418,6,2,39990000,27325000,79980000
2643,1419,22,1,24990000,6035000,24990000
2644,1419,1,2,27990000,20065000,55980000
2645,1420,24,2,390000,50000,780000
2646,1421,21,2,7490000,2415000,14980000
2647,1421,7,1,23990000,15705000,23990000
2648,1422,19,1,69990000,23635000,69990000
2649,1422,8,2,28990000,17435000,57980000
2650,1422,13,2,7490000,3515000,14980000
2651,1423,7,1,23990000,15705000,23990000
2652,1424,12,1,23990000,15935000,23990000
2653,1424,14,2,13990000,4415000,27980000
2654,1424,12,1,23990000,15935000,23990000
2655,1425,8,2,28990000,17435000,57980000
2656,1425,16,2,4990000,605000,9980000
2657,1426,21,2,7490000,2415000,14980000
2658,1426,3,2,18990000,11205000,37980000
2659,1426,18,2,23990000,6015000,47980000
2660,1427,5,2,8490000,5555000,16980000
2661,1428,4,2,10990000,9255000,21980000
2662,1428,2,2,22990000,14585000,45980000
2663,1428,10,2,7490000,5425000,14980000
2664,1429,11,2,32990000,17635000,65980000
2665,1430,12,2,23990000,15935000,47980000
2666,1430,9,2,20990000,14635000,41980000
2667,1431,1,1,27990000,20065000,27990000
2668,1432,7,2,23990000,15705000,47980000
2669,1432,22,2,24990000,6035000,49980000
2670,1432,3,1,18990000,11205000,18990000
2671,1433,13,1,7490000,3515000,7490000
2672,1433,7,1,23990000,15705000,23990000
2673,1433,9,1,20990000,14635000,20990000
2674,1434,25,2,490000,198000,980000
2675,1434,10,1,7490000,5425000,7490000
2676,1435,9,1,20990000,14635000,20990000
2677,1435,20,2,16990000,6835000,33980000
2678,1435,18,2,23990000,6015000,47980000
2679,1436,2,2,22990000,14585000,45980000
2680,1437,13,1,7490000,3515000,7490000
2681,1438,22,1,24990000,6035000,24990000
2682,1439,24,2,390000,50000,780000
2683,1439,7,2,23990000,15705000,47980000
2684,1440,17,1,2990000,605000,2990000
2685,1440,19,1,69990000,23635000,69990000
2686,1441,10,2,7490000,5425000,14980000
2687,1441,24,2,390000,50000,780000
2688,1442,18,2,23990000,6015000,47980000
2689,1442,19,2,69990000,23635000,139980000
2690,1442,4,2,10990000,9255000,21980000
2691,1443,2,2,22990000,14585000,45980000
2692,1443,4,2,10990000,9255000,21980000
2693,1444,20,1,16990000,6835000,16990000
2694,1444,18,2,23990000,6015000,47980000
2695,1445,4,2,10990000,9255000,21980000
2696,1446,13,2,7490000,3515000,14980000
2697,1446,11,2,32990000,17635000,65980000
2698,1446,23,2,12990000,4435000,25980000
2699,1447,19,2,69990000,23635000,139980000
2700,1447,23,2,12990000,4435000,25980000
2701,1447,8,2,28990000,17435000,57980000
2702,1448,10,2,7490000,5425000,14980000
2703,1448,16,1,4990000,605000,4990000
2704,1449,19,1,69990000,23635000,69990000
2705,1449,4,1,10990000,9255000,10990000
2706,1450,13,1,7490000,3515000,7490000
2707,1451,6,1,39990000,27325000,39990000
2708,1451,2,1,22990000,14585000,22990000
2709,1452,19,1,69990000,23635000,69990000
2710,1452,21,1,7490000,2415000,7490000
2711,1452,4,2,10990000,9255000,21980000
2712,1453,21,1,7490000,2415000,7490000
2713,1454,1,2,27990000,20065000,55980000
2714,1454,24,1,390000,50000,390000
2715,1455,24,1,390000,50000,390000
2716,1455,16,1,4990000,605000,4990000
2717,1456,15,2,4990000,3255000,9980000
2718,1456,12,2,23990000,15935000,47980000
2719,1456,21,2,7490000,2415000,14980000
2720,1457,3,2,18990000,11205000,37980000
2721,1457,3,1,18990000,11205000,18990000
2722,1457,16,1,4990000,605000,4990000
2723,1458,11,1,32990000,17635000,32990000
2724,1458,22,2,24990000,6035000,49980000
2725,1459,9,1,20990000,14635000,20990000
2726,1459,20,1,16990000,6835000,16990000
2727,1460,19,1,69990000,23635000,69990000
2728,1460,1,2,27990000,20065000,55980000
2729,1461,5,2,8490000,5555000,16980000
2730,1462,17,2,2990000,605000,5980000
2731,1463,14,1,13990000,4415000,13990000
2732,1463,20,2,16990000,6835000,33980000
2733,1464,11,2,32990000,17635000,65980000
2734,1464,24,1,390000,50000,390000
2735,1464,11,2,32990000,17635000,65980000
2736,1465,4,2,10990000,9255000,21980000
2737,1465,23,2,12990000,4435000,25980000
2738,1465,24,2,390000,50000,780000
2739,1466,20,1,16990000,6835000,16990000
2740,1466,17,2,2990000,605000,5980000
2741,1466,18,2,23990000,6015000,47980000
2742,1467,1,1,27990000,20065000,27990000
2743,1467,2,2,22990000,14585000,45980000
2744,1467,21,2,7490000,2415000,14980000
2745,1468,25,1,490000,198000,490000
2746,1468,5,2,8490000,5555000,16980000
2747,1468,2,1,22990000,14585000,22990000
2748,1469,23,1,12990000,4435000,12990000
2749,1469,13,2,7490000,3515000,14980000
2750,1469,14,2,13990000,4415000,27980000
2751,1470,15,2,4990000,3255000,9980000
2752,1471,25,2,490000,198000,980000
2753,1471,21,2,7490000,2415000,14980000
2754,1472,22,2,24990000,6035000,49980000
2755,1472,18,1,23990000,6015000,23990000
2756,1472,18,1,23990000,6015000,23990000
2757,1473,24,2,390000,50000,780000
2758,1473,10,1,7490000,5425000,7490000
2759,1474,10,1,7490000,5425000,7490000
2760,1475,15,1,4990000,3255000,4990000
2761,1475,2,1,22990000,14585000,22990000
2762,1476,8,2,28990000,17435000,57980000
2763,1476,3,1,18990000,11205000,18990000
2764,1477,25,2,490000,198000,980000
2765,1477,5,1,8490000,5555000,8490000
2766,1478,12,1,23990000,15935000,23990000
2767,1478,10,2,7490000,5425000,14980000
2768,1478,25,1,490000,198000,490000
2769,1479,25,1,490000,198000,490000
2770,1479,11,1,32990000,17635000,32990000
2771,1480,22,2,24990000,6035000,49980000
2772,1480,2,2,22990000,14585000,45980000
2773,1480,22,2,24990000,6035000,49980000
2774,1481,6,1,39990000,27325000,39990000
2775,1482,4,2,10990000,9255000,21980000
2776,1483,24,2,390000,50000,780000
2777,1484,15,1,4990000,3255000,4990000
2778,1484,10,2,7490000,5425000,14980000
2779,1485,18,1,23990000,6015000,23990000
2780,1485,16,1,4990000,605000,4990000
2781,1486,25,2,490000,198000,980000
2782,1486,24,2,390000,50000,780000
2783,1486,5,1,8490000,5555000,8490000
2784,1487,21,2,7490000,2415000,14980000
2785,1487,21,2,7490000,2415000,14980000
2786,1488,22,2,24990000,6035000,49980000
2787,1488,17,1,2990000,605000,2990000
2788,1488,5,2,8490000,5555000,16980000
2789,1489,21,2,7490000,2415000,14980000
2790,1489,13,1,7490000,3515000,7490000
2791,1489,10,1,7490000,5425000,7490000
2792,1490,24,2,390000,50000,780000
2793,1490,19,2,69990000,23635000,139980000
2794,1491,8,1,28990000,17435000,28990000
2795,1491,1,2,27990000,20065000,55980000
2796,1492,17,1,2990000,605000,2990000
2797,1493,14,2,13990000,4415000,27980000
2798,1493,18,1,23990000,6015000,23990000
2799,1494,3,1,18990000,11205000,18990000
2800,1495,2,1,22990000,14585000,22990000
2801,1495,11,2,32990000,17635000,65980000
2802,1496,17,1,2990000,605000,2990000
2803,1497,24,2,390000,50000,780000
2804,1497,24,2,390000,50000,780000
2805,1498,19,2,69990000,23635000,139980000
2806,1499,19,1,69990000,23635000,69990000
2807,1499,10,2,7490000,5425000,14980000
2808,1500,13,2,7490000,3515000,14980000
2809,1500,8,1,28990000,17435000,28990000
2810,1500,10,1,7490000,5425000,7490000
2811,1501,14,2,13990000,4415000,27980000
2812,1501,9,1,20990000,14635000,20990000
2813,1502,17,2,2990000,605000,5980000
2814,1502,17,2,2990000,605000,5980000
2815,1502,21,2,7490000,2415000,14980000
2816,1503,15,1,4990000,3255000,4990000
2817,1503,2,2,22990000,14585000,45980000
2818,1504,7,2,23990000,15705000,47980000
2819,1505,18,2,23990000,6015000,47980000
2820,1505,6,1,39990000,27325000,39990000
2821,1505,2,2,22990000,14585000,45980000
2822,1506,20,1,16990000,6835000,16990000
2823,1506,3,1,18990000,11205000,18990000
2824,1506,12,1,23990000,15935000,23990000
2825,1507,22,1,24990000,6035000,24990000
2826,1507,10,1,7490000,5425000,7490000
2827,1508,3,2,18990000,11205000,37980000
2828,1508,7,1,23990000,15705000,23990000
2829,1509,8,1,28990000,17435000,28990000
2830,1509,5,1,8490000,5555000,8490000
2831,1509,7,1,23990000,15705000,23990000
2832,1510,8,2,28990000,17435000,57980000
2833,1510,21,1,7490000,2415000,7490000
2834,1511,17,1,2990000,605000,2990000
2835,1511,10,1,7490000,5425000,7490000
2836,1511,7,2,23990000,15705000,47980000
2837,1512,13,2,7490000,3515000,14980000
2838,1512,12,1,23990000,15935000,23990000
2839,1512,11,1,32990000,17635000,32990000
2840,1513,2,1,22990000,14585000,22990000
2841,1514,19,1,69990000,23635000,69990000
2842,1514,20,2,16990000,6835000,33980000
2843,1515,22,1,24990000,6035000,24990000
2844,1515,17,2,2990000,605000,5980000
2845,1515,9,2,20990000,14635000,41980000
2846,1516,9,1,20990000,14635000,20990000
2847,1517,2,2,22990000,14585000,45980000
2848,1517,18,1,23990000,6015000,23990000
2849,1517,22,1,24990000,6035000,24990000
2850,1518,7,2,23990000,15705000,47980000
2851,1519,6,2,39990000,27325000,79980000
2852,1519,17,1,2990000,605000,2990000
2853,1520,12,1,23990000,15935000,23990000
2854,1520,25,2,490000,198000,980000
2855,1521,9,2,20990000,14635000,41980000
2856,1522,12,1,23990000,15935000,23990000
2857,1522,3,2,18990000,11205000,37980000
2858,1522,13,1,7490000,3515000,7490000
2859,1523,25,1,490000,198000,490000
2860,1524,14,2,13990000,4415000,27980000
2861,1524,8,1,28990000,17435000,28990000
2862,1524,6,1,39990000,27325000,39990000
2863,1525,1,1,27990000,20065000,27990000
2864,1525,8,2,28990000,17435000,57980000
2865,1525,19,1,69990000,23635000,69990000
2866,1526,9,2,20990000,14635000,41980000
2867,1526,1,1,27990000,20065000,27990000
2868,1527,22,2,24990000,6035000,49980000
2869,1528,24,2,390000,50000,780000
2870,1528,5,1,8490000,5555000,8490000
2871,1528,24,1,390000,50000,390000
2872,1529,21,1,7490000,2415000,7490000
2873,1529,3,2,18990000,11205000,37980000
2874,1529,11,2,32990000,17635000,65980000
2875,1530,19,2,69990000,23635000,139980000
2876,1531,16,2,4990000,605000,9980000
2877,1531,16,1,4990000,605000,4990000
2878,1532,11,1,32990000,17635000,32990000
2879,1532,1,2,27990000,20065000,55980000
2880,1532,16,1,4990000,605000,4990000
2881,1533,20,2,16990000,6835000,33980000
2882,1534,17,1,2990000,605000,2990000
2883,1534,23,1,12990000,4435000,12990000
2884,1535,20,2,16990000,6835000,33980000
2885,1535,21,2,7490000,2415000,14980000
2886,1535,2,1,22990000,14585000,22990000
2887,1536,24,1,390000,50000,390000
2888,1537,17,2,2990000,605000,5980000
2889,1537,8,1,28990000,17435000,28990000
2890,1538,24,2,390000,50000,780000
2891,1539,15,1,4990000,3255000,4990000
2892,1539,17,2,2990000,605000,5980000
2893,1540,17,2,2990000,605000,5980000
2894,1540,21,2,7490000,2415000,14980000
2895,1541,23,2,12990000,4435000,25980000
2896,1541,15,2,4990000,3255000,9980000
2897,1542,25,2,490000,198000,980000
2898,1543,20,1,16990000,6835000,16990000
2899,1543,7,1,23990000,15705000,23990000
2900,1543,7,2,23990000,15705000,47980000
2901,1544,25,1,490000,198000,490000
2902,1545,9,2,20990000,14635000,41980000
2903,1545,11,1,32990000,17635000,32990000
2904,1545,6,1,39990000,27325000,39990000
2905,1546,4,2,10990000,9255000,21980000
2906,1546,19,1,69990000,23635000,69990000
2907,1546,23,2,12990000,4435000,25980000
2908,1547,11,1,32990000,17635000,32990000
2909,1547,23,1,12990000,4435000,12990000
2910,1548,21,2,7490000,2415000,14980000
2911,1549,11,2,32990000,17635000,65980000
2912,1549,12,2,23990000,15935000,47980000
2913,1549,8,2,28990000,17435000,57980000
2914,1550,19,2,69990000,23635000,139980000
2915,1550,14,1,13990000,4415000,13990000
2916,1550,25,1,490000,198000,490000
2917,1551,16,2,4990000,605000,9980000
2918,1551,20,1,16990000,6835000,16990000
2919,1551,25,1,490000,198000,490000
2920,1552,18,1,23990000,6015000,23990000
2921,1552,25,2,490000,198000,980000
2922,1553,24,1,390000,50000,390000
2923,1553,19,2,69990000,23635000,139980000
2924,1554,19,2,69990000,23635000,139980000
2925,1554,16,2,4990000,605000,9980000
2926,1554,16,2,4990000,605000,9980000
2927,1555,1,1,27990000,20065000,27990000
2928,1555,4,1,10990000,9255000,10990000
2929,1555,6,1,39990000,27325000,39990000
2930,1556,3,1,18990000,11205000,18990000
2931,1556,17,1,2990000,605000,2990000
2932,1557,6,1,39990000,27325000,39990000
2933,1558,3,2,18990000,11205000,37980000
2934,1558,19,2,69990000,23635000,139980000
2935,1558,7,1,23990000,15705000,23990000
2936,1559,16,2,4990000,605000,9980000
2937,1559,17,1,2990000,605000,2990000
2938,1560,20,2,16990000,6835000,33980000
2939,1560,9,1,20990000,14635000,20990000
2940,1561,13,2,7490000,3515000,14980000
2941,1561,14,2,13990000,4415000,27980000
2942,1562,15,2,4990000,3255000,9980000
2943,1562,20,1,16990000,6835000,16990000
2944,1562,19,1,69990000,23635000,69990000
2945,1563,4,1,10990000,9255000,10990000
2946,1564,21,2,7490000,2415000,14980000
2947,1565,7,2,23990000,15705000,47980000
2948,1565,3,2,18990000,11205000,37980000
2949,1566,16,1,4990000,605000,4990000
2950,1566,17,1,2990000,605000,2990000
2951,1566,18,1,23990000,6015000,23990000
2952,1567,19,1,69990000,23635000,69990000
2953,1568,6,2,39990000,27325000,79980000
2954,1568,4,2,10990000,9255000,21980000
2955,1568,20,1,16990000,6835000,16990000
2956,1569,4,1,10990000,9255000,10990000
2957,1569,3,2,18990000,11205000,37980000
2958,1569,16,1,4990000,605000,4990000
2959,1570,25,1,490000,198000,490000
2960,1571,20,1,16990000,6835000,16990000
2961,1572,11,2,32990000,17635000,65980000
2962,1573,1,2,27990000,20065000,55980000
2963,1573,12,2,23990000,15935000,47980000
2964,1574,18,2,23990000,6015000,47980000
2965,1575,2,2,22990000,14585000,45980000
2966,1575,13,1,7490000,3515000,7490000
2967,1576,11,1,32990000,17635000,32990000
2968,1576,18,2,23990000,6015000,47980000
2969,1577,9,2,20990000,14635000,41980000
2970,1578,14,2,13990000,4415000,27980000
2971,1578,13,1,7490000,3515000,7490000
2972,1578,14,1,13990000,4415000,13990000
2973,1579,25,2,490000,198000,980000
2974,1580,9,1,20990000,14635000,20990000
2975,1580,2,2,22990000,14585000,45980000
2976,1580,23,2,12990000,4435000,25980000
2977,1581,6,1,39990000,27325000,39990000
2978,1581,14,1,13990000,4415000,13990000
2979,1581,14,1,13990000,4415000,13990000
2980,1582,1,1,27990000,20065000,27990000
2981,1582,9,2,20990000,14635000,41980000
2982,1582,22,2,24990000,6035000,49980000
2983,1583,18,1,23990000,6015000,23990000
2984,1583,6,1,39990000,27325000,39990000
2985,1583,23,1,12990000,4435000,12990000
2986,1584,17,1,2990000,605000,2990000
2987,1584,5,2,8490000,5555000,16980000
2988,1585,10,1,7490000,5425000,7490000
2989,1586,18,2,23990000,6015000,47980000
2990,1587,5,1,8490000,5555000,8490000
2991,1588,6,1,39990000,27325000,39990000
2992,1588,6,1,39990000,27325000,39990000
2993,1589,15,1,4990000,3255000,4990000
2994,1589,1,1,27990000,20065000,27990000
2995,1590,3,1,18990000,11205000,18990000
2996,1590,19,1,69990000,23635000,69990000
2997,1591,6,1,39990000,27325000,39990000
2998,1591,13,1,7490000,3515000,7490000
2999,1591,19,2,69990000,23635000,139980000
3000,1592,4,2,10990000,9255000,21980000
3001,1592,15,2,4990000,3255000,9980000
3002,1593,11,2,32990000,17635000,65980000
3003,1594,2,1,22990000,14585000,22990000
3004,1594,18,1,23990000,6015000,23990000
3005,1595,19,1,69990000,23635000,69990000
3006,1595,18,2,23990000,6015000,47980000
3007,1595,22,1,24990000,6035000,24990000
3008,1596,8,1,28990000,17435000,28990000
3009,1597,19,1,69990000,23635000,69990000
3010,1598,19,1,69990000,23635000,69990000
3011,1598,16,2,4990000,605000,9980000
3012,1598,23,1,12990000,4435000,12990000
3013,1599,23,1,12990000,4435000,12990000
3014,1599,1,2,27990000,20065000,55980000
3015,1599,21,1,7490000,2415000,7490000
3016,1600,23,1,12990000,4435000,12990000
3017,1601,11,2,32990000,17635000,65980000
3018,1602,1,1,27990000,20065000,27990000
3019,1602,18,2,23990000,6015000,47980000
3020,1603,8,1,28990000,17435000,28990000
3021,1603,22,2,24990000,6035000,49980000
3022,1604,17,2,2990000,605000,5980000
3023,1604,17,1,2990000,605000,2990000
3024,1605,22,2,24990000,6035000,49980000
3025,1605,13,2,7490000,3515000,14980000
3026,1606,18,1,23990000,6015000,23990000
3027,1607,18,2,23990000,6015000,47980000
3028,1607,11,1,32990000,17635000,32990000
3029,1607,10,1,7490000,5425000,7490000
3030,1608,23,1,12990000,4435000,12990000
3031,1609,16,1,4990000,605000,4990000
3032,1610,21,1,7490000,2415000,7490000
3033,1610,17,2,2990000,605000,5980000
3034,1610,18,1,23990000,6015000,23990000
3035,1611,3,1,18990000,11205000,18990000
3036,1611,21,2,7490000,2415000,14980000
3037,1611,10,1,7490000,5425000,7490000
3038,1612,24,2,390000,50000,780000
3039,1612,20,1,16990000,6835000,16990000
3040,1613,17,1,2990000,605000,2990000
3041,1614,7,2,23990000,15705000,47980000
3042,1615,16,1,4990000,605000,4990000
3043,1615,24,1,390000,50000,390000
3044,1616,7,2,23990000,15705000,47980000
3045,1616,17,2,2990000,605000,5980000
3046,1616,10,1,7490000,5425000,7490000
3047,1617,2,2,22990000,14585000,45980000
3048,1617,17,1,2990000,605000,2990000
3049,1617,16,2,4990000,605000,9980000
3050,1618,14,2,13990000,4415000,27980000
3051,1618,21,2,7490000,2415000,14980000
3052,1619,12,1,23990000,15935000,23990000
3053,1620,6,2,39990000,27325000,79980000
3054,1621,25,1,490000,198000,490000
3055,1622,10,2,7490000,5425000,14980000
3056,1622,14,1,13990000,4415000,13990000
3057,1623,11,1,32990000,17635000,32990000
3058,1623,23,1,12990000,4435000,12990000
3059,1623,14,2,13990000,4415000,27980000
3060,1624,1,1,27990000,20065000,27990000
3061,1624,9,2,20990000,14635000,41980000
3062,1625,22,1,24990000,6035000,24990000
3063,1625,22,1,24990000,6035000,24990000
3064,1625,12,2,23990000,15935000,47980000
3065,1626,12,1,23990000,15935000,23990000
3066,1626,16,2,4990000,605000,9980000
3067,1627,8,2,28990000,17435000,57980000
3068,1628,5,2,8490000,5555000,16980000
3069,1629,14,1,13990000,4415000,13990000
3070,1630,22,2,24990000,6035000,49980000
3071,1630,10,2,7490000,5425000,14980000
3072,1631,1,1,27990000,20065000,27990000
3073,1631,24,2,390000,50000,780000
3074,1631,21,2,7490000,2415000,14980000
3075,1632,9,2,20990000,14635000,41980000
3076,1632,17,1,2990000,605000,2990000
3077,1633,20,1,16990000,6835000,16990000
3078,1633,4,1,10990000,9255000,10990000
3079,1633,21,1,7490000,2415000,7490000
3080,1634,13,2,7490000,3515000,14980000
3081,1634,21,2,7490000,2415000,14980000
3082,1635,8,1,28990000,17435000,28990000
3083,1635,13,1,7490000,3515000,7490000
3084,1636,18,2,23990000,6015000,47980000
3085,1636,12,2,23990000,15935000,47980000
3086,1636,24,1,390000,50000,390000
3087,1637,24,1,390000,50000,390000
3088,1637,7,2,23990000,15705000,47980000
3089,1638,7,1,23990000,15705000,23990000
3090,1638,22,1,24990000,6035000,24990000
3091,1638,2,1,22990000,14585000,22990000
3092,1639,7,1,23990000,15705000,23990000
3093,1639,13,2,7490000,3515000,14980000
3094,1640,21,1,7490000,2415000,7490000
3095,1640,19,1,69990000,23635000,69990000
3096,1641,23,2,12990000,4435000,25980000
3097,1641,18,1,23990000,6015000,23990000
3098,1641,22,2,24990000,6035000,49980000
3099,1642,1,2,27990000,20065000,55980000
3100,1642,8,2,28990000,17435000,57980000
3101,1643,4,1,10990000,9255000,10990000
3102,1644,3,1,18990000,11205000,18990000
3103,1645,19,1,69990000,23635000,69990000
3104,1646,7,2,23990000,15705000,47980000
3105,1646,19,1,69990000,23635000,69990000
3106,1647,25,2,490000,198000,980000
3107,1647,3,1,18990000,11205000,18990000
3108,1648,8,2,28990000,17435000,57980000
3109,1648,4,1,10990000,9255000,10990000
3110,1648,24,2,390000,50000,780000
3111,1649,24,1,390000,50000,390000
3112,1649,11,1,32990000,17635000,32990000
3113,1649,12,2,23990000,15935000,47980000
3114,1650,20,2,16990000,6835000,33980000
3115,1651,6,2,39990000,27325000,79980000
3116,1651,20,2,16990000,6835000,33980000
3117,1651,8,2,28990000,17435000,57980000
3118,1652,3,1,18990000,11205000,18990000
3119,1652,1,2,27990000,20065000,55980000
3120,1652,9,2,20990000,14635000,41980000
3121,1653,2,2,22990000,14585000,45980000
3122,1653,11,2,32990000,17635000,65980000
3123,1653,5,2,8490000,5555000,16980000
3124,1654,5,2,8490000,5555000,16980000
3125,1654,25,1,490000,198000,490000
3126,1655,9,1,20990000,14635000,20990000
3127,1655,10,2,7490000,5425000,14980000
3128,1656,4,1,10990000,9255000,10990000
3129,1657,3,1,18990000,11205000,18990000
3130,1657,20,2,16990000,6835000,33980000
3131,1657,9,1,20990000,14635000,20990000
3132,1658,4,2,10990000,9255000,21980000
3133,1659,19,2,69990000,23635000,139980000
3134,1660,5,2,8490000,5555000,16980000
3135,1661,5,1,8490000,5555000,8490000
3136,1662,18,1,23990000,6015000,23990000
3137,1662,21,2,7490000,2415000,14980000
3138,1663,17,2,2990000,605000,5980000
3139,1663,23,1,12990000,4435000,12990000
3140,1664,1,2,27990000,20065000,55980000
3141,1665,11,1,32990000,17635000,32990000
3142,1666,15,1,4990000,3255000,4990000
3143,1667,25,2,490000,198000,980000
3144,1667,22,2,24990000,6035000,49980000
3145,1668,8,1,28990000,17435000,28990000
3146,1668,7,1,23990000,15705000,23990000
3147,1669,1,2,27990000,20065000,55980000
3148,1669,14,2,13990000,4415000,27980000
3149,1669,4,2,10990000,9255000,21980000
3150,1670,8,2,28990000,17435000,57980000
3151,1670,5,2,8490000,5555000,16980000
3152,1671,16,2,4990000,605000,9980000
3153,1672,11,2,32990000,17635000,65980000
3154,1672,1,2,27990000,20065000,55980000
3155,1672,8,1,28990000,17435000,28990000
3156,1673,8,1,28990000,17435000,28990000
3157,1673,19,2,69990000,23635000,139980000
3158,1674,4,1,10990000,9255000,10990000
3159,1674,9,1,20990000,14635000,20990000
3160,1675,12,1,23990000,15935000,23990000
3161,1675,16,2,4990000,605000,9980000
3162,1676,22,2,24990000,6035000,49980000
3163,1677,1,1,27990000,20065000,27990000
3164,1678,5,1,8490000,5555000,8490000
3165,1678,4,1,10990000,9255000,10990000
3166,1679,8,2,28990000,17435000,57980000
3167,1679,6,1,39990000,27325000,39990000
3168,1679,1,1,27990000,20065000,27990000
3169,1680,2,2,22990000,14585000,45980000
3170,1681,19,1,69990000,23635000,69990000
3171,1681,9,2,20990000,14635000,41980000
3172,1681,6,2,39990000,27325000,79980000
3173,1682,12,1,23990000,15935000,23990000
3174,1682,11,2,32990000,17635000,65980000
3175,1683,5,2,8490000,5555000,16980000
3176,1683,21,2,7490000,2415000,14980000
3177,1684,25,1,490000,198000,490000
3178,1684,15,2,4990000,3255000,9980000
3179,1685,4,1,10990000,9255000,10990000
3180,1685,5,1,8490000,5555000,8490000
3181,1686,11,1,32990000,17635000,32990000
3182,1687,3,2,18990000,11205000,37980000
3183,1687,2,1,22990000,14585000,22990000
3184,1687,23,2,12990000,4435000,25980000
3185,1688,24,1,390000,50000,390000
3186,1688,2,2,22990000,14585000,45980000
3187,1688,2,1,22990000,14585000,22990000
3188,1689,1,1,27990000,20065000,27990000
3189,1689,7,2,23990000,15705000,47980000
3190,1689,20,1,16990000,6835000,16990000
3191,1690,20,2,16990000,6835000,33980000
3192,1691,5,1,8490000,5555000,8490000
3193,1692,24,2,390000,50000,780000
3194,1693,15,2,4990000,3255000,9980000
3195,1693,12,1,23990000,15935000,23990000
3196,1693,11,2,32990000,17635000,65980000
3197,1694,13,2,7490000,3515000,14980000
3198,1695,4,1,10990000,9255000,10990000
3199,1696,22,2,24990000,6035000,49980000
3200,1697,15,2,4990000,3255000,9980000
3201,1697,9,2,20990000,14635000,41980000
3202,1698,7,2,23990000,15705000,47980000
3203,1699,22,1,24990000,6035000,24990000
3204,1700,13,2,7490000,3515000,14980000
3205,1701,6,2,39990000,27325000,79980000
3206,1701,12,2,23990000,15935000,47980000
3207,1702,21,2,7490000,2415000,14980000
3208,1703,22,2,24990000,6035000,49980000
3209,1703,11,1,32990000,17635000,32990000
3210,1704,9,2,20990000,14635000,41980000
3211,1704,7,1,23990000,15705000,23990000
3212,1704,3,1,18990000,11205000,18990000
3213,1705,7,2,23990000,15705000,47980000
3214,1706,17,2,2990000,605000,5980000
3215,1706,16,1,4990000,605000,4990000
3216,1706,22,1,24990000,6035000,24990000
3217,1707,8,1,28990000,17435000,28990000
3218,1707,21,2,7490000,2415000,14980000
3219,1708,11,2,32990000,17635000,65980000
3220,1709,25,2,490000,198000,980000
3221,1709,17,1,2990000,605000,2990000
3222,1709,1,1,27990000,20065000,27990000
3223,1710,25,2,490000,198000,980000
3224,1711,10,2,7490000,5425000,14980000
3225,1711,20,1,16990000,6835000,16990000
3226,1711,10,2,7490000,5425000,14980000
3227,1712,4,2,10990000,9255000,21980000
3228,1712,20,1,16990000,6835000,16990000
3229,1713,8,2,28990000,17435000,57980000
3230,1713,20,2,16990000,6835000,33980000
3231,1713,12,2,23990000,15935000,47980000
3232,1714,9,1,20990000,14635000,20990000
3233,1714,17,1,2990000,605000,2990000
3234,1715,21,1,7490000,2415000,7490000
3235,1716,20,1,16990000,6835000,16990000
3236,1716,16,1,4990000,605000,4990000
3237,1717,19,1,69990000,23635000,69990000
3238,1717,20,2,16990000,6835000,33980000
3239,1718,22,2,24990000,6035000,49980000
3240,1718,20,2,16990000,6835000,33980000
3241,1718,16,1,4990000,605000,4990000
3242,1719,22,1,24990000,6035000,24990000
3243,1719,8,2,28990000,17435000,57980000
3244,1720,12,2,23990000,15935000,47980000
3245,1720,19,1,69990000,23635000,69990000
3246,1720,7,1,23990000,15705000,23990000
3247,1721,7,1,23990000,15705000,23990000
3248,1722,25,2,490000,198000,980000
3249,1722,23,2,12990000,4435000,25980000
3250,1722,20,1,16990000,6835000,16990000
3251,1723,21,1,7490000,2415000,7490000
3252,1723,18,1,23990000,6015000,23990000
3253,1723,19,1,69990000,23635000,69990000
3254,1724,5,1,8490000,5555000,8490000
3255,1724,23,1,12990000,4435000,12990000
3256,1725,11,1,32990000,17635000,32990000
3257,1726,21,1,7490000,2415000,7490000
3258,1727,8,1,28990000,17435000,28990000
3259,1727,22,2,24990000,6035000,49980000
3260,1728,10,1,7490000,5425000,7490000
3261,1728,9,1,20990000,14635000,20990000
3262,1729,12,1,23990000,15935000,23990000
3263,1729,9,2,20990000,14635000,41980000
3264,1730,3,1,18990000,11205000,18990000
3265,1730,18,1,23990000,6015000,23990000
3266,1730,24,2,390000,50000,780000
3267,1731,5,1,8490000,5555000,8490000
3268,1731,12,2,23990000,15935000,47980000
3269,1731,13,1,7490000,3515000,7490000
3270,1732,14,1,13990000,4415000,13990000
3271,1732,4,1,10990000,9255000,10990000
3272,1733,23,1,12990000,4435000,12990000
3273,1733,4,2,10990000,9255000,21980000
3274,1733,9,2,20990000,14635000,41980000
3275,1734,24,2,390000,50000,780000
3276,1734,19,2,69990000,23635000,139980000
3277,1735,4,2,10990000,9255000,21980000
3278,1735,15,2,4990000,3255000,9980000
3279,1736,8,2,28990000,17435000,57980000
3280,1736,18,2,23990000,6015000,47980000
3281,1736,23,2,12990000,4435000,25980000
3282,1737,12,1,23990000,15935000,23990000
3283,1737,10,1,7490000,5425000,7490000
3284,1737,15,1,4990000,3255000,4990000
3285,1738,15,1,4990000,3255000,4990000
3286,1738,12,2,23990000,15935000,47980000
3287,1738,2,1,22990000,14585000,22990000
3288,1739,11,1,32990000,17635000,32990000
3289,1739,23,1,12990000,4435000,12990000
3290,1739,2,1,22990000,14585000,22990000
3291,1740,8,1,28990000,17435000,28990000
3292,1741,18,1,23990000,6015000,23990000
3293,1742,12,1,23990000,15935000,23990000
3294,1743,10,2,7490000,5425000,14980000
3295,1743,22,2,24990000,6035000,49980000
3296,1744,13,2,7490000,3515000,14980000
3297,1744,17,1,2990000,605000,2990000
3298,1744,10,2,7490000,5425000,14980000
3299,1745,13,2,7490000,3515000,14980000
3300,1745,5,2,8490000,5555000,16980000
3301,1746,4,1,10990000,9255000,10990000
3302,1746,1,1,27990000,20065000,27990000
3303,1746,4,1,10990000,9255000,10990000
3304,1747,15,2,4990000,3255000,9980000
3305,1747,25,1,490000,198000,490000
3306,1748,19,2,69990000,23635000,139980000
3307,1749,2,1,22990000,14585000,22990000
3308,1749,23,2,12990000,4435000,25980000
3309,1750,3,2,18990000,11205000,37980000
3310,1751,8,1,28990000,17435000,28990000
3311,1752,23,1,12990000,4435000,12990000
3312,1752,5,1,8490000,5555000,8490000
3313,1752,5,1,8490000,5555000,8490000
3314,1753,9,1,20990000,14635000,20990000
3315,1754,12,1,23990000,15935000,23990000
3316,1754,24,2,390000,50000,780000
3317,1754,15,1,4990000,3255000,4990000
3318,1755,1,1,27990000,20065000,27990000
3319,1755,10,1,7490000,5425000,7490000
3320,1756,7,2,23990000,15705000,47980000
3321,1757,9,2,20990000,14635000,41980000
3322,1757,18,2,23990000,6015000,47980000
3323,1758,15,1,4990000,3255000,4990000
3324,1758,12,1,23990000,15935000,23990000
3325,1759,10,2,7490000,5425000,14980000
3326,1760,4,1,10990000,9255000,10990000
3327,1760,5,1,8490000,5555000,8490000
3328,1761,20,2,16990000,6835000,33980000
3329,1761,25,1,490000,198000,490000
3330,1761,9,1,20990000,14635000,20990000
3331,1762,6,1,39990000,27325000,39990000
3332,1762,9,1,20990000,14635000,20990000
3333,1763,3,2,18990000,11205000,37980000
3334,1763,17,2,2990000,605000,5980000
3335,1763,2,1,22990000,14585000,22990000
3336,1764,9,2,20990000,14635000,41980000
3337,1764,4,1,10990000,9255000,10990000
3338,1764,6,2,39990000,27325000,79980000
3339,1765,3,2,18990000,11205000,37980000
3340,1766,20,1,16990000,6835000,16990000
3341,1767,4,1,10990000,9255000,10990000
3342,1768,25,1,490000,198000,490000
3343,1769,12,2,23990000,15935000,47980000
3344,1769,1,1,27990000,20065000,27990000
3345,1770,4,2,10990000,9255000,21980000
3346,1770,7,1,23990000,15705000,23990000
3347,1771,23,2,12990000,4435000,25980000
3348,1772,15,2,4990000,3255000,9980000
3349,1772,24,1,390000,50000,390000
3350,1773,25,1,490000,198000,490000
3351,1773,2,2,22990000,14585000,45980000
3352,1774,5,1,8490000,5555000,8490000
3353,1774,21,1,7490000,2415000,7490000
3354,1775,5,1,8490000,5555000,8490000
3355,1775,12,1,23990000,15935000,23990000
3356,1775,7,2,23990000,15705000,47980000
3357,1776,17,1,2990000,605000,2990000
3358,1777,18,2,23990000,6015000,47980000
3359,1778,23,2,12990000,4435000,25980000
3360,1778,21,1,7490000,2415000,7490000
3361,1779,15,2,4990000,3255000,9980000
3362,1779,5,2,8490000,5555000,16980000
3363,1779,8,1,28990000,17435000,28990000
3364,1780,14,1,13990000,4415000,13990000
3365,1780,16,1,4990000,605000,4990000
3366,1780,23,1,12990000,4435000,12990000
3367,1781,16,1,4990000,605000,4990000
3368,1781,4,1,10990000,9255000,10990000
3369,1781,11,2,32990000,17635000,65980000
3370,1782,1,1,27990000,20065000,27990000
3371,1782,22,2,24990000,6035000,49980000
3372,1782,21,1,7490000,2415000,7490000
3373,1783,2,2,22990000,14585000,45980000
3374,1784,2,2,22990000,14585000,45980000
3375,1784,8,2,28990000,17435000,57980000
3376,1785,25,2,490000,198000,980000
3377,1785,9,1,20990000,14635000,20990000
3378,1786,5,2,8490000,5555000,16980000
3379,1787,15,1,4990000,3255000,4990000
3380,1787,7,1,23990000,15705000,23990000
3381,1788,16,2,4990000,605000,9980000
3382,1788,17,1,2990000,605000,2990000
3383,1788,20,1,16990000,6835000,16990000
3384,1789,18,1,23990000,6015000,23990000
3385,1789,6,1,39990000,27325000,39990000
3386,1789,2,1,22990000,14585000,22990000
3387,1790,9,1,20990000,14635000,20990000
3388,1791,7,2,23990000,15705000,47980000
3389,1792,18,2,23990000,6015000,47980000
3390,1792,5,1,8490000,5555000,8490000
3391,1793,10,1,7490000,5425000,7490000
3392,1793,2,2,22990000,14585000,45980000
3393,1793,16,2,4990000,605000,9980000
3394,1794,19,2,69990000,23635000,139980000
3395,1794,8,1,28990000,17435000,28990000
3396,1794,11,2,32990000,17635000,65980000
3397,1795,14,1,13990000,4415000,13990000
3398,1796,20,2,16990000,6835000,33980000
3399,1797,12,2,23990000,15935000,47980000
3400,1798,21,2,7490000,2415000,14980000
3401,1799,18,1,23990000,6015000,23990000
3402,1799,13,2,7490000,3515000,14980000
3403,1800,4,2,10990000,9255000,21980000
3404,1800,8,2,28990000,17435000,57980000
3405,1800,3,1,18990000,11205000,18990000
3406,1801,8,1,28990000,17435000,28990000
3407,1801,2,2,22990000,14585000,45980000
3408,1801,2,2,22990000,14585000,45980000
3409,1802,23,1,12990000,4435000,12990000
3410,1803,23,1,12990000,4435000,12990000
3411,1804,20,2,16990000,6835000,33980000
3412,1804,7,1,23990000,15705000,23990000
3413,1804,2,2,22990000,14585000,45980000
3414,1805,6,2,39990000,27325000,79980000
3415,1805,13,1,7490000,3515000,7490000
3416,1805,10,2,7490000,5425000,14980000
3417,1806,17,1,2990000,605000,2990000
3418,1807,22,2,24990000,6035000,49980000
3419,1807,3,2,18990000,11205000,37980000
3420,1807,19,1,69990000,23635000,69990000
3421,1808,13,1,7490000,3515000,7490000
3422,1808,10,2,7490000,5425000,14980000
3423,1808,13,2,7490000,3515000,14980000
3424,1809,20,1,16990000,6835000,16990000
3425,1809,1,1,27990000,20065000,27990000
3426,1809,9,2,20990000,14635000,41980000
3427,1810,9,1,20990000,14635000,20990000
3428,1810,19,2,69990000,23635000,139980000
3429,1811,14,2,13990000,4415000,27980000
3430,1811,15,2,4990000,3255000,9980000
3431,1812,9,1,20990000,14635000,20990000
3432,1813,2,1,22990000,14585000,22990000
3433,1813,23,1,12990000,4435000,12990000
3434,1814,20,1,16990000,6835000,16990000
3435,1814,21,1,7490000,2415000,7490000
3436,1814,5,2,8490000,5555000,16980000
3437,1815,9,1,20990000,14635000,20990000
3438,1815,24,1,390000,50000,390000
3439,1815,6,1,39990000,27325000,39990000
3440,1816,17,2,2990000,605000,5980000
3441,1816,6,2,39990000,27325000,79980000
3442,1817,7,2,23990000,15705000,47980000
3443,1818,17,2,2990000,605000,5980000
3444,1819,19,1,69990000,23635000,69990000
3445,1819,1,1,27990000,20065000,27990000
3446,1819,24,2,390000,50000,780000
3447,1820,4,2,10990000,9255000,21980000
3448,1821,5,2,8490000,5555000,16980000
3449,1821,8,2,28990000,17435000,57980000
3450,1822,14,2,13990000,4415000,27980000
3451,1823,1,2,27990000,20065000,55980000
3452,1823,3,1,18990000,11205000,18990000
3453,1823,8,1,28990000,17435000,28990000
3454,1824,17,2,2990000,605000,5980000
3455,1824,25,1,490000,198000,490000
3456,1825,7,2,23990000,15705000,47980000
3457,1825,11,2,32990000,17635000,65980000
3458,1826,1,2,27990000,20065000,55980000
3459,1827,23,1,12990000,4435000,12990000
3460,1827,22,2,24990000,6035000,49980000
3461,1827,19,1,69990000,23635000,69990000
3462,1828,3,1,18990000,11205000,18990000
3463,1828,5,1,8490000,5555000,8490000
3464,1829,22,1,24990000,6035000,24990000
3465,1830,17,1,2990000,605000,2990000
3466,1831,4,1,10990000,9255000,10990000
3467,1832,8,1,28990000,17435000,28990000
3468,1833,6,2,39990000,27325000,79980000
3469,1833,2,1,22990000,14585000,22990000
3470,1834,15,2,4990000,3255000,9980000
3471,1835,21,1,7490000,2415000,7490000
3472,1836,1,2,27990000,20065000,55980000
3473,1836,13,2,7490000,3515000,14980000
3474,1836,19,1,69990000,23635000,69990000
3475,1837,12,2,23990000,15935000,47980000
3476,1837,10,1,7490000,5425000,7490000
3477,1838,16,2,4990000,605000,9980000
3478,1838,25,1,490000,198000,490000
3479,1838,6,2,39990000,27325000,79980000
3480,1839,18,1,23990000,6015000,23990000
3481,1839,25,1,490000,198000,490000
3482,1840,8,2,28990000,17435000,57980000
3483,1840,18,1,23990000,6015000,23990000
3484,1840,18,2,23990000,6015000,47980000
3485,1841,20,2,16990000,6835000,33980000
3486,1841,17,2,2990000,605000,5980000
3487,1841,13,1,7490000,3515000,7490000
3488,1842,1,1,27990000,20065000,27990000
3489,1842,20,2,16990000,6835000,33980000
3490,1843,13,2,7490000,3515000,14980000
3491,1843,3,1,18990000,11205000,18990000
3492,1843,6,2,39990000,27325000,79980000
3493,1844,7,2,23990000,15705000,47980000
3494,1844,24,2,390000,50000,780000
3495,1845,8,2,28990000,17435000,57980000
3496,1845,6,1,39990000,27325000,39990000
3497,1845,2,1,22990000,14585000,22990000
3498,1846,22,1,24990000,6035000,24990000
3499,1846,24,2,390000,50000,780000
3500,1846,19,1,69990000,23635000,69990000
3501,1847,16,1,4990000,605000,4990000
3502,1848,2,1,22990000,14585000,22990000
3503,1848,3,1,18990000,11205000,18990000
3504,1848,8,1,28990000,17435000,28990000
3505,1849,23,1,12990000,4435000,12990000
3506,1849,13,1,7490000,3515000,7490000
3507,1850,23,1,12990000,4435000,12990000
3508,1851,7,1,23990000,15705000,23990000
3509,1851,25,1,490000,198000,490000
3510,1852,23,1,12990000,4435000,12990000
3511,1852,11,2,32990000,17635000,65980000
3512,1853,18,1,23990000,6015000,23990000
3513,1853,15,1,4990000,3255000,4990000
3514,1854,20,1,16990000,6835000,16990000
3515,1855,22,2,24990000,6035000,49980000
3516,1856,19,2,69990000,23635000,139980000
3517,1856,19,2,69990000,23635000,139980000
3518,1856,4,1,10990000,9255000,10990000
3519,1857,17,1,2990000,605000,2990000
3520,1857,9,2,20990000,14635000,41980000
3521,1858,15,2,4990000,3255000,9980000
3522,1858,17,2,2990000,605000,5980000
3523,1859,5,2,8490000,5555000,16980000
3524,1859,4,1,10990000,9255000,10990000
3525,1859,17,1,2990000,605000,2990000
3526,1860,18,2,23990000,6015000,47980000
3527,1860,7,1,23990000,15705000,23990000
3528,1860,15,1,4990000,3255000,4990000
3529,1861,18,1,23990000,6015000,23990000
3530,1862,1,1,27990000,20065000,27990000
3531,1862,5,1,8490000,5555000,8490000
3532,1863,18,2,23990000,6015000,47980000
3533,1863,2,1,22990000,14585000,22990000
3534,1863,11,1,32990000,17635000,32990000
3535,1864,23,1,12990000,4435000,12990000
3536,1864,6,2,39990000,27325000,79980000
3537,1864,5,1,8490000,5555000,8490000
3538,1865,19,1,69990000,23635000,69990000
3539,1866,24,2,390000,50000,780000
3540,1866,9,1,20990000,14635000,20990000
3541,1867,14,1,13990000,4415000,13990000
3542,1867,19,2,69990000,23635000,139980000
3543,1867,8,1,28990000,17435000,28990000
3544,1868,14,2,13990000,4415000,27980000
3545,1869,10,2,7490000,5425000,14980000
3546,1869,7,2,23990000,15705000,47980000
3547,1870,5,1,8490000,5555000,8490000
3548,1870,13,1,7490000,3515000,7490000
3549,1870,21,1,7490000,2415000,7490000
3550,1871,22,1,24990000,6035000,24990000
3551,1871,5,2,8490000,5555000,16980000
3552,1872,6,2,39990000,27325000,79980000
3553,1873,8,1,28990000,17435000,28990000
3554,1874,17,2,2990000,605000,5980000
3555,1874,22,2,24990000,6035000,49980000
3556,1874,20,2,16990000,6835000,33980000
3557,1875,2,1,22990000,14585000,22990000
3558,1875,14,1,13990000,4415000,13990000
3559,1876,23,2,12990000,4435000,25980000
3560,1876,17,1,2990000,605000,2990000
3561,1876,11,1,32990000,17635000,32990000
3562,1877,5,2,8490000,5555000,16980000
3563,1877,14,1,13990000,4415000,13990000
3564,1878,12,2,23990000,15935000,47980000
3565,1878,17,2,2990000,605000,5980000
3566,1879,1,2,27990000,20065000,55980000
3567,1880,13,1,7490000,3515000,7490000
3568,1880,12,2,23990000,15935000,47980000
3569,1881,20,1,16990000,6835000,16990000
3570,1882,1,2,27990000,20065000,55980000
3571,1883,1,1,27990000,20065000,27990000
3572,1884,7,1,23990000,15705000,23990000
3573,1884,23,1,12990000,4435000,12990000
3574,1884,1,2,27990000,20065000,55980000
3575,1885,14,2,13990000,4415000,27980000
3576,1885,4,2,10990000,9255000,21980000
3577,1886,10,2,7490000,5425000,14980000
3578,1887,10,1,7490000,5425000,7490000
3579,1887,19,2,69990000,23635000,139980000
3580,1887,17,2,2990000,605000,5980000
3581,1888,8,2,28990000,17435000,57980000
3582,1888,23,2,12990000,4435000,25980000
3583,1889,17,1,2990000,605000,2990000
3584,1889,2,1,22990000,14585000,22990000
3585,1889,7,1,23990000,15705000,23990000
3586,1890,18,2,23990000,6015000,47980000
3587,1891,1,2,27990000,20065000,55980000
3588,1892,8,2,28990000,17435000,57980000
3589,1892,13,1,7490000,3515000,7490000
3590,1893,16,1,4990000,605000,4990000
3591,1894,5,1,8490000,5555000,8490000
3592,1894,10,1,7490000,5425000,7490000
3593,1895,3,1,18990000,11205000,18990000
3594,1896,7,2,23990000,15705000,47980000
3595,1897,18,1,23990000,6015000,23990000
3596,1898,23,2,12990000,4435000,25980000
3597,1899,2,1,22990000,14585000,22990000
3598,1899,4,2,10990000,9255000,21980000
3599,1899,19,2,69990000,23635000,139980000
3600,1900,6,2,39990000,27325000,79980000
3601,1900,16,2,4990000,605000,9980000
3602,1900,18,2,23990000,6015000,47980000
3603,1901,18,2,23990000,6015000,47980000
3604,1901,9,1,20990000,14635000,20990000
3605,1902,15,2,4990000,3255000,9980000
3606,1902,7,1,23990000,15705000,23990000
3607,1903,14,1,13990000,4415000,13990000
3608,1904,19,2,69990000,23635000,139980000
3609,1904,17,2,2990000,605000,5980000
3610,1904,16,1,4990000,605000,4990000
3611,1905,16,1,4990000,605000,4990000
3612,1906,11,1,32990000,17635000,32990000
3613,1906,6,1,39990000,27325000,39990000
3614,1906,17,1,2990000,605000,2990000
3615,1907,3,1,18990000,11205000,18990000
3616,1908,6,1,39990000,27325000,39990000
3617,1908,13,1,7490000,3515000,7490000
3618,1909,19,1,69990000,23635000,69990000
3619,1910,12,1,23990000,15935000,23990000
3620,1910,15,1,4990000,3255000,4990000
3621,1910,3,2,18990000,11205000,37980000
3622,1911,23,2,12990000,4435000,25980000
