ProductionID,ProductID,MachineID,MachineType,ProductionShift,ProductionSpeed_UPH,ProductionTime
1,24,M07271,Type_20,Morning,80.2,2024-01-01 01:26:31
2,22,M00861,Type_09,Night,87.5,2024-01-01 03:48:19
3,18,M05391,Type_06,Afternoon,117.8,2024-01-01 05:05:28
4,5,M05192,Type_22,Afternoon,86.5,2024-01-01 05:34:23
5,9,M05735,Type_01,Morning,132.3,2024-01-01 05:49:26
6,6,M06266,Type_05,Morning,108.6,2024-01-01 08:46:51
7,16,M00467,Type_20,Morning,111.7,2024-01-01 09:34:57
8,22,M04427,Type_19,Night,104.4,2024-01-01 09:55:23
9,23,M05579,Type_19,Afternoon,125.5,2024-01-01 10:33:29
10,16,M08323,Type_24,Afternoon,125.7,2024-01-01 10:51:42
11,11,M01686,Type_18,Morning,116.7,2024-01-01 11:04:47
12,21,M00770,Type_13,Night,121.3,2024-01-01 11:30:56
13,15,M06950,Type_18,Night,105.8,2024-01-01 12:42:18
14,19,M02434,Type_01,Morning,120.8,2024-01-01 13:37:08
15,3,M05312,Type_17,Morning,103.2,2024-01-01 13:38:14
16,16,M05052,Type_07,Morning,110.0,2024-01-01 13:42:28
17,21,M06421,Type_21,Morning,104.5,2024-01-01 15:48:18
18,20,M01185,Type_23,Afternoon,100.9,2024-01-01 16:13:27
19,5,M04556,Type_09,Afternoon,96.2,2024-01-01 17:25:45
20,9,M03386,Type_19,Morning,119.4,2024-01-01 17:38:59
21,5,M06397,Type_21,Afternoon,136.2,2024-01-01 17:51:54
22,4,M08667,Type_04,Morning,133.4,2024-01-01 19:07:46
23,13,M09275,Type_10,Morning,84.9,2024-01-01 20:03:27
24,20,M02559,Type_13,Morning,135.8,2024-01-01 20:41:33
25,17,M07850,Type_03,Afternoon,103.6,2024-01-01 21:08:05
26,20,M02048,Type_14,Night,122.0,2024-01-01 22:51:47
27,12,M02748,Type_12,Morning,91.9,2024-01-01 23:55:32
28,20,M09168,Type_16,Afternoon,112.8,2024-01-02 00:01:07
29,25,M09999,Type_02,Afternoon,116.3,2024-01-02 00:28:26
30,20,M00190,Type_09,Morning,80.3,2024-01-02 00:54:03
31,7,M02735,Type_15,Afternoon,122.2,2024-01-02 02:28:44
32,1,M03006,Type_08,Morning,136.9,2024-01-02 02:48:57
33,16,M04659,Type_02,Morning,106.5,2024-01-02 04:09:11
34,7,M01900,Type_01,Night,137.2,2024-01-02 04:29:51
35,2,M07735,Type_22,Night,106.2,2024-01-02 04:40:50
36,12,M01268,Type_25,Night,127.0,2024-01-02 04:50:33
37,11,M01529,Type_16,Morning,80.0,2024-01-02 05:41:29
38,8,M03557,Type_02,Morning,158.4,2024-01-02 06:23:39
39,1,M03891,Type_09,Afternoon,139.9,2024-01-02 06:43:49
40,3,M08839,Type_09,Afternoon,104.3,2024-01-02 06:50:36
41,8,M05394,Type_20,Morning,80.0,2024-01-02 07:33:32
42,8,M08793,Type_08,Afternoon,115.8,2024-01-02 08:55:40
43,11,M08434,Type_21,Morning,81.1,2024-01-02 09:23:21
44,21,M07514,Type_08,Night,118.9,2024-01-02 09:36:05
45,5,M02613,Type_21,Morning,118.2,2024-01-02 09:56:47
46,8,M07042,Type_18,Afternoon,91.2,2024-01-02 10:17:18
47,21,M09556,Type_05,Morning,132.4,2024-01-02 11:20:10
48,9,M06236,Type_12,Afternoon,126.1,2024-01-02 13:28:03
49,17,M05487,Type_09,Afternoon,129.5,2024-01-02 13:43:07
50,5,M07100,Type_19,Morning,110.2,2024-01-02 14:02:53
51,19,M09671,Type_11,Night,81.7,2024-01-02 15:53:26
52,19,M00776,Type_23,Night,129.6,2024-01-02 16:34:43
53,2,M08227,Type_22,Night,104.6,2024-01-02 16:59:18
54,19,M03153,Type_14,Night,82.2,2024-01-02 17:00:21
55,23,M01586,Type_03,Afternoon,137.0,2024-01-02 17:40:25
56,15,M03944,Type_10,Night,152.0,2024-01-02 19:32:40
57,8,M07556,Type_13,Morning,109.2,2024-01-02 19:34:52
58,24,M03074,Type_05,Morning,153.2,2024-01-02 22:21:25
59,8,M01022,Type_07,Morning,111.8,2024-01-02 23:50:36
60,1,M03844,Type_09,Morning,102.4,2024-01-03 01:09:28
61,14,M07990,Type_15,Morning,97.4,2024-01-03 02:29:16
62,11,M09693,Type_23,Morning,142.7,2024-01-03 02:29:53
63,7,M06874,Type_21,Night,94.4,2024-01-03 05:23:53
64,18,M05676,Type_23,Morning,124.7,2024-01-03 06:14:57
65,15,M00162,Type_02,Morning,98.8,2024-01-03 07:06:42
66,10,M04298,Type_07,Afternoon,100.8,2024-01-03 07:46:42
67,4,M00996,Type_03,Morning,130.6,2024-01-03 08:27:45
68,21,M07630,Type_05,Night,102.4,2024-01-03 10:16:56
69,1,M09468,Type_20,Morning,101.9,2024-01-03 11:22:45
70,14,M01017,Type_23,Night,132.7,2024-01-03 11:28:09
71,20,M07870,Type_14,Night,141.9,2024-01-03 11:53:12
72,20,M06440,Type_16,Morning,122.9,2024-01-03 12:36:04
73,25,M07893,Type_10,Morning,96.9,2024-01-03 13:09:08
74,9,M06864,Type_14,Night,99.8,2024-01-03 15:19:53
75,13,M07917,Type_23,Afternoon,111.6,2024-01-03 17:16:10
76,17,M08530,Type_07,Afternoon,116.4,2024-01-03 17:22:48
77,24,M00879,Type_06,Night,90.2,2024-01-03 19:46:17
78,20,M09269,Type_15,Morning,124.5,2024-01-03 21:36:05
79,4,M04888,Type_17,Morning,111.7,2024-01-03 23:20:03
80,5,M04860,Type_02,Morning,80.0,2024-01-03 23:52:55
81,18,M06332,Type_06,Night,91.4,2024-01-04 00:06:18
82,17,M08572,Type_10,Afternoon,99.9,2024-01-04 01:24:38
83,21,M08685,Type_05,Morning,108.5,2024-01-04 02:42:46
84,7,M07209,Type_11,Morning,147.8,2024-01-04 04:16:51
85,10,M05277,Type_05,Morning,114.8,2024-01-04 06:46:28
86,9,M02063,Type_18,Morning,93.2,2024-01-04 06:47:35
87,13,M00065,Type_08,Afternoon,114.4,2024-01-04 07:12:40
88,18,M08007,Type_17,Afternoon,103.0,2024-01-04 07:28:52
89,12,M02569,Type_02,Night,116.5,2024-01-04 09:13:49
90,8,M05464,Type_10,Afternoon,121.6,2024-01-04 09:30:41
91,23,M02028,Type_05,Morning,134.2,2024-01-04 09:55:03
92,18,M02696,Type_11,Afternoon,109.5,2024-01-04 10:25:27
93,5,M09688,Type_12,Night,142.8,2024-01-04 12:08:11
94,7,M05259,Type_14,Afternoon,128.2,2024-01-04 12:59:17
95,15,M05619,Type_19,Night,95.9,2024-01-04 13:00:43
96,3,M06737,Type_13,Afternoon,154.2,2024-01-04 13:07:36
97,18,M00392,Type_06,Afternoon,116.5,2024-01-04 13:32:37
98,6,M05893,Type_12,Afternoon,93.3,2024-01-04 14:24:47
99,6,M03562,Type_12,Morning,143.1,2024-01-04 14:36:46
100,20,M06185,Type_24,Morning,151.6,2024-01-04 15:15:32
101,1,M03100,Type_07,Morning,109.3,2024-01-04 15:17:12
102,21,M06279,Type_24,Afternoon,99.9,2024-01-04 15:22:13
103,17,M08393,Type_08,Morning,106.6,2024-01-04 16:38:29
104,11,M03105,Type_15,Afternoon,124.3,2024-01-04 17:11:12
105,24,M07216,Type_25,Night,135.6,2024-01-04 17:35:55
106,2,M02455,Type_16,Morning,121.4,2024-01-04 18:39:40
107,25,M08997,Type_14,Afternoon,112.0,2024-01-04 20:09:46
108,9,M02732,Type_19,Night,140.0,2024-01-04 21:44:10
109,19,M08155,Type_08,Morning,103.7,2024-01-04 22:58:34
110,6,M09763,Type_18,Morning,130.6,2024-01-05 00:27:20
111,25,M05057,Type_21,Morning,104.2,2024-01-05 00:56:41
112,7,M08111,Type_14,Morning,118.6,2024-01-05 01:25:48
113,4,M03841,Type_08,Night,107.7,2024-01-05 02:03:54
114,3,M01029,Type_17,Night,108.9,2024-01-05 02:32:18
115,2,M07386,Type_21,Afternoon,102.5,2024-01-05 03:02:19
116,10,M00503,Type_09,Night,136.9,2024-01-05 04:24:30
117,10,M06911,Type_18,Night,95.3,2024-01-05 05:54:34
118,17,M09063,Type_08,Morning,95.2,2024-01-05 06:17:21
119,16,M06939,Type_11,Night,152.4,2024-01-05 09:03:18
120,1,M04489,Type_09,Afternoon,129.6,2024-01-05 09:45:46
121,12,M00207,Type_24,Night,80.0,2024-01-05 11:35:44
122,20,M05135,Type_03,Night,98.7,2024-01-05 12:07:53
123,20,M05978,Type_10,Morning,80.0,2024-01-05 12:18:13
124,25,M07722,Type_22,Morning,91.0,2024-01-05 13:47:48
125,10,M07036,Type_05,Morning,80.0,2024-01-05 15:06:33
126,1,M01485,Type_05,Afternoon,107.3,2024-01-05 15:44:03
127,16,M07859,Type_05,Night,87.2,2024-01-05 17:36:18
128,11,M00864,Type_16,Night,111.2,2024-01-05 19:13:29
129,4,M02791,Type_15,Morning,80.0,2024-01-05 20:33:12
130,3,M07409,Type_08,Afternoon,111.7,2024-01-05 22:37:40
131,25,M08756,Type_23,Afternoon,101.7,2024-01-05 22:45:31
132,13,M05117,Type_25,Morning,140.0,2024-01-06 01:05:38
133,21,M06020,Type_12,Morning,138.2,2024-01-06 01:45:43
134,15,M01758,Type_02,Morning,125.7,2024-01-06 02:08:26
135,25,M07575,Type_19,Night,103.5,2024-01-06 02:37:25
136,10,M06375,Type_11,Morning,149.7,2024-01-06 03:43:22
137,6,M06893,Type_22,Afternoon,80.0,2024-01-06 05:11:35
138,11,M01679,Type_22,Afternoon,81.9,2024-01-06 05:53:27
139,25,M03243,Type_03,Morning,108.3,2024-01-06 06:08:54
140,1,M04637,Type_19,Night,155.1,2024-01-06 06:27:21
141,20,M01060,Type_01,Night,106.0,2024-01-06 06:51:07
142,4,M06669,Type_15,Morning,106.3,2024-01-06 07:02:03
143,10,M09915,Type_02,Afternoon,81.2,2024-01-06 07:16:22
144,22,M03158,Type_14,Morning,128.9,2024-01-06 07:51:22
145,15,M05916,Type_06,Morning,129.1,2024-01-06 08:29:21
146,1,M09790,Type_16,Morning,125.8,2024-01-06 09:52:28
147,21,M02694,Type_08,Afternoon,97.4,2024-01-06 10:09:46
148,15,M03628,Type_05,Afternoon,95.9,2024-01-06 10:21:43
149,3,M09556,Type_05,Morning,84.1,2024-01-06 10:57:06
150,1,M05451,Type_22,Morning,111.7,2024-01-06 11:30:59
151,6,M01664,Type_07,Night,88.4,2024-01-06 12:40:17
152,19,M09722,Type_18,Morning,86.5,2024-01-06 13:24:57
153,4,M05593,Type_02,Morning,101.5,2024-01-06 13:53:26
154,12,M07393,Type_20,Afternoon,100.2,2024-01-06 14:45:26
155,25,M01307,Type_20,Night,99.2,2024-01-06 15:27:36
156,2,M06777,Type_11,Morning,119.3,2024-01-06 16:15:53
157,17,M05865,Type_13,Afternoon,111.6,2024-01-06 16:29:18
158,6,M09475,Type_18,Night,104.2,2024-01-06 17:03:37
159,12,M07527,Type_25,Morning,113.7,2024-01-06 17:57:56
160,15,M08902,Type_06,Afternoon,90.2,2024-01-06 18:28:08
161,17,M05576,Type_03,Morning,112.1,2024-01-06 18:29:19
162,1,M05531,Type_18,Afternoon,113.0,2024-01-06 20:10:36
163,14,M04414,Type_05,Afternoon,80.0,2024-01-06 20:29:10
164,23,M03749,Type_06,Afternoon,129.9,2024-01-06 20:36:52
165,2,M00664,Type_16,Morning,92.4,2024-01-06 21:07:42
166,4,M01999,Type_21,Night,111.8,2024-01-06 21:09:46
167,20,M07995,Type_05,Morning,133.3,2024-01-06 21:42:02
168,2,M01496,Type_24,Morning,128.5,2024-01-07 00:04:57
169,22,M03305,Type_21,Morning,110.7,2024-01-07 00:41:50
170,14,M03764,Type_18,Afternoon,102.8,2024-01-07 00:56:59
171,18,M05233,Type_07,Afternoon,129.0,2024-01-07 02:24:00
172,8,M01854,Type_18,Morning,123.5,2024-01-07 02:40:57
173,20,M06586,Type_15,Afternoon,97.6,2024-01-07 04:57:31
174,1,M01292,Type_03,Morning,94.1,2024-01-07 05:05:01
175,16,M03582,Type_07,Afternoon,80.0,2024-01-07 05:17:40
176,7,M07555,Type_03,Morning,113.1,2024-01-07 05:44:43
177,6,M07281,Type_10,Afternoon,108.3,2024-01-07 08:22:56
178,22,M01637,Type_17,Morning,132.7,2024-01-07 08:47:30
179,19,M03697,Type_24,Night,117.2,2024-01-07 09:09:16
180,10,M00699,Type_13,Morning,136.7,2024-01-07 09:27:15
181,23,M04738,Type_20,Morning,96.1,2024-01-07 09:53:21
182,6,M00855,Type_10,Morning,132.8,2024-01-07 09:53:38
183,10,M08165,Type_12,Night,99.4,2024-01-07 10:07:36
184,25,M05856,Type_21,Night,125.6,2024-01-07 11:36:20
185,19,M07393,Type_20,Morning,80.8,2024-01-07 15:57:34
186,3,M06529,Type_06,Afternoon,114.7,2024-01-07 15:59:45
187,20,M05250,Type_02,Night,80.0,2024-01-07 16:36:35
188,3,M05173,Type_22,Afternoon,104.7,2024-01-07 18:56:06
189,20,M01708,Type_09,Afternoon,118.8,2024-01-07 19:24:24
190,6,M05792,Type_09,Morning,99.6,2024-01-07 19:37:39
191,17,M09926,Type_25,Morning,89.0,2024-01-07 20:28:29
192,18,M05536,Type_20,Night,126.9,2024-01-07 20:42:01
193,10,M04932,Type_12,Night,107.9,2024-01-07 21:02:53
194,6,M03511,Type_04,Afternoon,100.2,2024-01-07 22:38:54
195,13,M00203,Type_04,Morning,110.8,2024-01-07 23:00:48
196,6,M04219,Type_11,Morning,160.0,2024-01-08 00:44:20
197,12,M08959,Type_17,Afternoon,133.1,2024-01-08 01:08:23
198,14,M04390,Type_12,Night,133.3,2024-01-08 01:59:32
199,17,M02328,Type_06,Night,118.7,2024-01-08 03:20:14
200,22,M08005,Type_25,Night,113.3,2024-01-08 05:35:59
201,25,M02932,Type_12,Afternoon,80.0,2024-01-08 06:36:08
202,8,M07778,Type_25,Morning,96.4,2024-01-08 07:43:20
203,5,M00198,Type_16,Morning,100.4,2024-01-08 11:53:01
204,4,M07126,Type_02,Night,80.0,2024-01-08 12:07:58
205,6,M01931,Type_10,Afternoon,86.9,2024-01-08 13:18:58
206,11,M06288,Type_11,Morning,80.0,2024-01-08 14:23:31
207,5,M08801,Type_23,Morning,109.2,2024-01-08 16:54:24
208,22,M09340,Type_02,Afternoon,126.4,2024-01-08 17:10:20
209,14,M04283,Type_13,Morning,132.1,2024-01-08 17:48:02
210,10,M02512,Type_11,Morning,118.3,2024-01-08 18:01:56
211,11,M09987,Type_21,Afternoon,90.7,2024-01-08 18:02:52
212,3,M00660,Type_11,Afternoon,80.0,2024-01-08 18:35:55
213,23,M02812,Type_25,Afternoon,80.0,2024-01-08 19:16:05
214,8,M07099,Type_20,Morning,84.6,2024-01-08 19:18:10
215,21,M06547,Type_09,Afternoon,92.2,2024-01-08 19:24:58
216,5,M09562,Type_18,Morning,106.8,2024-01-08 19:33:39
217,20,M01987,Type_15,Morning,89.7,2024-01-08 21:17:47
218,21,M08339,Type_15,Afternoon,116.8,2024-01-09 00:23:00
219,10,M02912,Type_15,Afternoon,105.4,2024-01-09 01:43:38
220,8,M01735,Type_11,Night,110.2,2024-01-09 02:09:56
221,21,M01844,Type_02,Afternoon,132.8,2024-01-09 02:45:01
222,9,M08681,Type_19,Afternoon,86.4,2024-01-09 03:00:22
223,15,M02977,Type_10,Morning,118.4,2024-01-09 03:29:51
224,1,M01960,Type_21,Morning,109.7,2024-01-09 04:13:26
225,23,M05760,Type_02,Morning,103.3,2024-01-09 04:24:14
226,5,M06695,Type_14,Morning,127.7,2024-01-09 05:22:54
227,15,M02386,Type_18,Night,127.6,2024-01-09 05:40:14
228,4,M04737,Type_24,Morning,91.1,2024-01-09 05:47:40
229,19,M01803,Type_16,Night,106.4,2024-01-09 07:51:06
230,10,M08156,Type_07,Afternoon,115.6,2024-01-09 08:22:31
231,23,M08121,Type_03,Night,104.5,2024-01-09 10:21:27
232,2,M06617,Type_02,Afternoon,121.7,2024-01-09 11:17:10
233,5,M05535,Type_13,Afternoon,115.6,2024-01-09 12:29:59
234,18,M04062,Type_16,Afternoon,146.7,2024-01-09 12:39:14
235,23,M00263,Type_22,Morning,80.0,2024-01-09 14:27:39
236,6,M06288,Type_11,Afternoon,107.6,2024-01-09 14:44:35
237,10,M08816,Type_06,Morning,91.8,2024-01-09 15:33:16
238,15,M09209,Type_14,Morning,122.1,2024-01-09 16:08:57
239,23,M02050,Type_21,Afternoon,80.0,2024-01-09 18:17:59
240,9,M05424,Type_05,Morning,116.9,2024-01-09 18:44:01
241,13,M04549,Type_22,Night,97.4,2024-01-09 19:19:40
242,18,M03109,Type_16,Night,95.3,2024-01-09 20:00:03
243,25,M07159,Type_25,Night,81.1,2024-01-09 23:52:19
244,7,M07401,Type_12,Morning,100.7,2024-01-10 01:43:57
245,2,M03171,Type_20,Morning,131.7,2024-01-10 03:09:17
246,16,M09875,Type_05,Night,109.5,2024-01-10 04:32:58
247,2,M02256,Type_15,Afternoon,122.6,2024-01-10 06:24:11
248,4,M01155,Type_16,Night,143.3,2024-01-10 06:32:56
249,2,M04500,Type_02,Night,115.3,2024-01-10 06:47:49
250,17,M06296,Type_22,Night,98.8,2024-01-10 06:58:33
251,6,M06198,Type_02,Morning,119.3,2024-01-10 09:11:41
252,10,M09889,Type_07,Morning,99.1,2024-01-10 09:26:03
253,14,M01649,Type_20,Night,99.9,2024-01-10 10:47:07
254,15,M05540,Type_08,Morning,80.0,2024-01-10 12:58:28
255,21,M09638,Type_16,Morning,128.5,2024-01-10 15:30:04
256,12,M04200,Type_11,Afternoon,102.3,2024-01-10 15:31:09
257,19,M08446,Type_12,Night,113.6,2024-01-10 16:28:28
258,11,M02558,Type_25,Afternoon,89.3,2024-01-10 16:59:29
259,1,M05593,Type_02,Afternoon,118.7,2024-01-10 17:17:23
260,25,M00099,Type_14,Morning,94.8,2024-01-10 18:13:06
261,8,M02201,Type_05,Afternoon,107.2,2024-01-10 18:19:02
262,22,M02962,Type_20,Night,127.6,2024-01-10 19:28:47
263,6,M04974,Type_10,Morning,125.8,2024-01-10 19:34:58
264,12,M04434,Type_14,Afternoon,109.6,2024-01-10 20:12:54
265,20,M02870,Type_13,Night,80.0,2024-01-10 20:40:05
266,16,M00957,Type_17,Afternoon,160.0,2024-01-10 20:48:42
267,18,M08353,Type_22,Afternoon,144.9,2024-01-10 22:01:18
268,12,M05700,Type_09,Afternoon,124.5,2024-01-10 22:04:20
269,20,M06945,Type_25,Morning,94.9,2024-01-10 22:21:35
270,2,M04494,Type_19,Morning,107.7,2024-01-10 22:37:02
271,7,M09493,Type_11,Night,99.1,2024-01-10 23:33:36
272,9,M04912,Type_17,Night,135.3,2024-01-10 23:49:36
273,18,M03988,Type_18,Night,115.3,2024-01-11 00:16:52
274,9,M09720,Type_09,Night,94.3,2024-01-11 00:43:13
275,25,M06016,Type_05,Afternoon,100.6,2024-01-11 01:46:15
276,8,M01219,Type_15,Afternoon,132.4,2024-01-11 02:10:15
277,1,M04497,Type_01,Night,142.0,2024-01-11 03:05:31
278,5,M04736,Type_13,Afternoon,140.6,2024-01-11 03:18:13
279,16,M04556,Type_09,Afternoon,125.1,2024-01-11 03:28:58
280,14,M09147,Type_09,Night,104.9,2024-01-11 03:56:33
281,13,M08051,Type_06,Night,80.0,2024-01-11 04:03:58
282,11,M03447,Type_06,Morning,115.9,2024-01-11 05:57:22
283,20,M01046,Type_04,Morning,110.0,2024-01-11 06:40:46
284,23,M06894,Type_21,Morning,112.8,2024-01-11 08:10:51
285,13,M01694,Type_15,Afternoon,111.1,2024-01-11 08:28:21
286,15,M03437,Type_22,Morning,83.5,2024-01-11 14:20:15
287,24,M08755,Type_18,Afternoon,121.1,2024-01-11 14:22:13
288,16,M05896,Type_08,Afternoon,122.6,2024-01-11 16:17:20
289,13,M03355,Type_03,Morning,123.6,2024-01-11 16:34:40
290,8,M00226,Type_20,Afternoon,128.9,2024-01-11 18:50:35
291,18,M04894,Type_20,Morning,122.1,2024-01-11 19:21:19
292,19,M07023,Type_25,Morning,101.8,2024-01-11 19:36:17
293,15,M09152,Type_25,Night,108.6,2024-01-11 20:08:41
294,10,M05601,Type_01,Morning,111.8,2024-01-11 20:58:21
295,23,M07997,Type_23,Morning,112.2,2024-01-11 21:55:23
296,4,M09008,Type_04,Afternoon,130.0,2024-01-11 22:00:50
297,6,M07684,Type_17,Night,122.9,2024-01-11 23:52:38
298,8,M04643,Type_09,Morning,151.5,2024-01-12 00:22:18
299,24,M07680,Type_23,Afternoon,154.1,2024-01-12 03:11:36
300,7,M08209,Type_15,Morning,111.6,2024-01-12 03:26:50
301,12,M07340,Type_05,Morning,80.0,2024-01-12 04:02:01
302,18,M09436,Type_20,Afternoon,134.7,2024-01-12 04:10:15
303,18,M02206,Type_21,Afternoon,99.2,2024-01-12 04:13:38
304,19,M01070,Type_03,Afternoon,94.0,2024-01-12 04:18:53
305,4,M03445,Type_09,Afternoon,102.0,2024-01-12 04:44:04
306,1,M01061,Type_12,Night,101.1,2024-01-12 05:37:18
307,5,M02328,Type_06,Afternoon,122.2,2024-01-12 06:27:37
308,7,M03421,Type_14,Morning,80.0,2024-01-12 08:53:59
309,11,M00302,Type_21,Night,88.4,2024-01-12 09:26:18
310,21,M00607,Type_01,Morning,116.9,2024-01-12 10:26:01
311,23,M03171,Type_20,Afternoon,122.5,2024-01-12 10:53:54
312,21,M00700,Type_15,Morning,122.8,2024-01-12 11:40:10
313,11,M05089,Type_23,Morning,94.3,2024-01-12 12:25:36
314,10,M09332,Type_15,Night,90.4,2024-01-12 16:28:00
315,24,M00191,Type_18,Night,99.9,2024-01-12 16:58:04
316,7,M00981,Type_13,Afternoon,114.8,2024-01-12 17:17:13
317,16,M02976,Type_21,Afternoon,139.7,2024-01-12 21:15:36
318,1,M06103,Type_02,Morning,80.0,2024-01-12 21:17:15
319,1,M01185,Type_23,Morning,105.6,2024-01-12 21:36:59
320,12,M03328,Type_07,Morning,83.3,2024-01-12 22:19:02
321,16,M03395,Type_19,Afternoon,80.0,2024-01-12 23:22:56
322,5,M08320,Type_14,Afternoon,129.3,2024-01-12 23:54:58
323,14,M01817,Type_15,Afternoon,120.9,2024-01-13 00:00:58
324,18,M05855,Type_13,Morning,119.0,2024-01-13 00:30:17
325,9,M06710,Type_25,Night,128.4,2024-01-13 00:34:18
326,2,M00570,Type_09,Afternoon,100.4,2024-01-13 03:06:58
327,12,M05443,Type_22,Afternoon,101.3,2024-01-13 03:42:49
328,25,M01896,Type_16,Afternoon,153.7,2024-01-13 04:19:15
329,10,M02734,Type_06,Afternoon,105.1,2024-01-13 04:38:38
330,2,M03864,Type_12,Morning,124.7,2024-01-13 04:44:18
331,15,M07456,Type_06,Morning,110.1,2024-01-13 04:50:15
332,4,M04015,Type_05,Night,80.0,2024-01-13 04:56:53
333,19,M01687,Type_07,Morning,80.0,2024-01-13 05:23:32
334,22,M03010,Type_13,Morning,98.4,2024-01-13 05:30:48
335,4,M07807,Type_08,Morning,131.1,2024-01-13 06:09:06
336,25,M00155,Type_08,Morning,125.8,2024-01-13 06:57:17
337,9,M01410,Type_23,Night,128.3,2024-01-13 08:14:36
338,13,M00785,Type_04,Afternoon,90.3,2024-01-13 08:14:45
339,10,M08097,Type_07,Afternoon,142.3,2024-01-13 09:31:39
340,14,M07561,Type_02,Morning,90.7,2024-01-13 10:35:30
341,25,M07344,Type_06,Afternoon,114.3,2024-01-13 11:27:39
342,3,M07207,Type_12,Afternoon,109.8,2024-01-13 14:55:45
343,3,M05597,Type_03,Morning,106.5,2024-01-13 15:32:25
344,20,M05802,Type_18,Afternoon,136.8,2024-01-13 15:44:02
345,16,M02807,Type_02,Morning,95.9,2024-01-13 16:00:08
346,9,M00538,Type_12,Afternoon,83.0,2024-01-13 16:27:57
347,14,M05987,Type_07,Afternoon,110.4,2024-01-13 19:46:34
348,22,M01842,Type_21,Morning,102.0,2024-01-13 20:17:19
349,16,M08717,Type_18,Morning,160.0,2024-01-13 22:37:24
350,9,M06972,Type_13,Afternoon,123.5,2024-01-13 23:23:02
351,24,M05626,Type_18,Afternoon,101.8,2024-01-13 23:43:59
352,23,M02951,Type_10,Night,88.9,2024-01-14 00:06:54
353,5,M07993,Type_01,Afternoon,80.0,2024-01-14 01:48:15
354,13,M04781,Type_12,Morning,89.5,2024-01-14 03:12:31
355,15,M02369,Type_03,Morning,112.3,2024-01-14 03:29:10
356,25,M06656,Type_11,Afternoon,138.5,2024-01-14 04:06:56
357,4,M08174,Type_11,Morning,132.4,2024-01-14 04:08:39
358,14,M04496,Type_15,Afternoon,114.6,2024-01-14 06:03:24
359,20,M09164,Type_13,Night,103.5,2024-01-14 06:06:01
360,24,M06003,Type_16,Afternoon,115.4,2024-01-14 06:20:11
361,20,M06615,Type_23,Morning,99.6,2024-01-14 07:17:43
362,7,M09359,Type_10,Afternoon,144.4,2024-01-14 07:29:14
363,4,M05920,Type_08,Afternoon,106.2,2024-01-14 07:41:42
364,17,M00854,Type_22,Afternoon,108.3,2024-01-14 07:44:09
365,9,M04147,Type_04,Night,80.0,2024-01-14 07:46:59
366,4,M03770,Type_25,Morning,106.1,2024-01-14 09:01:52
367,3,M00575,Type_24,Night,126.7,2024-01-14 09:32:47
368,19,M01149,Type_15,Night,88.6,2024-01-14 12:07:10
369,9,M06294,Type_14,Morning,95.0,2024-01-14 12:43:47
370,8,M06458,Type_07,Morning,125.9,2024-01-14 13:50:36
371,7,M07510,Type_19,Morning,80.5,2024-01-14 13:53:00
372,7,M09908,Type_17,Morning,131.2,2024-01-14 14:02:41
373,4,M04778,Type_10,Morning,99.4,2024-01-14 14:50:41
374,19,M03855,Type_24,Afternoon,102.2,2024-01-14 15:23:21
375,12,M02492,Type_20,Morning,87.5,2024-01-14 17:57:14
376,20,M03125,Type_19,Morning,117.6,2024-01-14 18:10:11
377,6,M05692,Type_04,Night,159.2,2024-01-14 19:09:39
378,12,M03052,Type_25,Morning,125.6,2024-01-14 19:20:57
379,20,M00005,Type_18,Night,92.7,2024-01-14 19:30:31
380,4,M05223,Type_01,Morning,132.7,2024-01-14 22:32:53
381,2,M05316,Type_10,Morning,103.7,2024-01-14 22:34:25
382,15,M04870,Type_04,Afternoon,137.5,2024-01-14 22:45:59
383,23,M00877,Type_16,Afternoon,126.1,2024-01-14 22:57:03
384,6,M09184,Type_15,Night,80.0,2024-01-14 23:21:29
385,18,M07028,Type_21,Afternoon,89.9,2024-01-15 00:07:38
386,21,M04143,Type_19,Night,128.9,2024-01-15 01:30:31
387,22,M06967,Type_17,Morning,113.0,2024-01-15 03:58:21
388,5,M07080,Type_02,Morning,89.5,2024-01-15 04:03:34
389,4,M07988,Type_25,Night,97.3,2024-01-15 04:08:03
390,11,M06800,Type_13,Night,80.0,2024-01-15 04:10:26
391,11,M04466,Type_05,Night,108.2,2024-01-15 04:22:12
392,9,M00636,Type_11,Afternoon,154.2,2024-01-15 04:56:21
393,3,M01694,Type_15,Morning,126.1,2024-01-15 06:09:53
394,11,M09875,Type_05,Night,153.8,2024-01-15 08:04:23
395,2,M04753,Type_24,Morning,127.6,2024-01-15 09:03:05
396,9,M08312,Type_10,Night,130.5,2024-01-15 09:52:53
397,24,M00831,Type_05,Night,149.5,2024-01-15 10:18:53
398,25,M05178,Type_11,Afternoon,117.5,2024-01-15 11:04:12
399,10,M09562,Type_18,Night,106.3,2024-01-15 11:12:08
400,11,M08933,Type_14,Night,130.7,2024-01-15 11:58:02
401,3,M08309,Type_03,Morning,139.1,2024-01-15 12:31:36
402,17,M05950,Type_08,Night,100.4,2024-01-15 13:17:40
403,11,M02839,Type_02,Afternoon,95.6,2024-01-15 13:52:31
404,17,M01151,Type_22,Night,112.8,2024-01-15 15:11:11
405,19,M07561,Type_02,Morning,126.6,2024-01-15 16:59:27
406,4,M01932,Type_04,Night,126.0,2024-01-15 17:04:19
407,2,M09205,Type_11,Morning,81.5,2024-01-15 17:22:17
408,24,M01665,Type_14,Morning,148.2,2024-01-15 18:18:05
409,14,M01082,Type_23,Night,97.2,2024-01-15 19:02:21
410,15,M00513,Type_20,Morning,104.7,2024-01-15 20:28:29
411,3,M07806,Type_06,Morning,91.9,2024-01-15 21:14:47
412,20,M05238,Type_07,Night,160.0,2024-01-15 21:22:05
413,22,M00560,Type_03,Night,114.8,2024-01-15 21:23:12
414,13,M03673,Type_02,Afternoon,93.0,2024-01-15 23:07:46
415,22,M07405,Type_05,Afternoon,127.3,2024-01-15 23:10:41
416,13,M03344,Type_16,Afternoon,125.4,2024-01-15 23:55:11
417,18,M04071,Type_22,Morning,106.2,2024-01-16 01:55:31
418,22,M09663,Type_08,Morning,126.8,2024-01-16 03:04:50
419,20,M00581,Type_07,Afternoon,93.5,2024-01-16 04:04:05
420,21,M07005,Type_25,Night,100.1,2024-01-16 05:36:50
421,7,M08131,Type_02,Night,80.0,2024-01-16 05:53:32
422,23,M03148,Type_20,Night,83.5,2024-01-16 06:17:40
423,16,M04250,Type_18,Morning,146.2,2024-01-16 06:47:16
424,16,M01680,Type_04,Afternoon,142.8,2024-01-16 07:07:43
425,22,M03507,Type_14,Morning,111.3,2024-01-16 07:11:58
426,6,M07254,Type_11,Afternoon,143.3,2024-01-16 08:07:46
427,6,M02745,Type_05,Afternoon,106.8,2024-01-16 09:01:15
428,4,M09436,Type_20,Night,105.1,2024-01-16 09:33:13
429,3,M05189,Type_13,Morning,111.1,2024-01-16 14:37:48
430,1,M02142,Type_02,Morning,107.5,2024-01-16 16:32:52
431,3,M06618,Type_02,Morning,105.7,2024-01-16 18:48:24
432,19,M02480,Type_22,Night,132.9,2024-01-16 19:32:25
433,9,M06485,Type_16,Afternoon,113.0,2024-01-16 20:58:27
434,14,M09828,Type_17,Morning,124.2,2024-01-16 21:15:06
435,19,M07422,Type_09,Morning,130.6,2024-01-16 22:33:09
436,24,M09950,Type_03,Afternoon,117.8,2024-01-16 23:50:15
437,24,M04453,Type_10,Morning,90.6,2024-01-17 00:26:59
438,19,M05882,Type_17,Night,82.9,2024-01-17 00:37:23
439,13,M06666,Type_08,Afternoon,113.0,2024-01-17 02:35:04
440,22,M02850,Type_22,Morning,106.6,2024-01-17 02:44:03
441,16,M07391,Type_24,Morning,111.7,2024-01-17 02:54:22
442,8,M06906,Type_17,Night,109.7,2024-01-17 04:20:08
443,24,M02490,Type_04,Morning,160.0,2024-01-17 04:53:12
444,16,M09824,Type_08,Morning,83.4,2024-01-17 05:22:50
445,9,M09208,Type_19,Night,80.0,2024-01-17 06:26:05
446,9,M09541,Type_02,Night,116.6,2024-01-17 06:38:48
447,24,M04612,Type_13,Night,102.5,2024-01-17 07:22:52
448,23,M02840,Type_09,Night,116.3,2024-01-17 07:33:35
449,3,M08528,Type_21,Morning,121.7,2024-01-17 07:50:48
450,7,M05879,Type_14,Morning,135.7,2024-01-17 09:45:47
451,20,M09088,Type_07,Night,80.0,2024-01-17 10:59:13
452,18,M06304,Type_17,Afternoon,98.9,2024-01-17 11:34:13
453,24,M00852,Type_11,Afternoon,118.6,2024-01-17 14:56:42
454,2,M01688,Type_09,Night,125.4,2024-01-17 16:09:09
455,1,M06834,Type_12,Morning,153.9,2024-01-17 16:27:20
456,12,M02428,Type_23,Afternoon,129.1,2024-01-17 16:49:30
457,16,M09761,Type_22,Morning,108.9,2024-01-17 17:03:51
458,12,M04001,Type_20,Afternoon,92.2,2024-01-17 18:39:21
459,21,M05053,Type_25,Morning,98.7,2024-01-17 18:40:48
460,10,M02739,Type_02,Morning,98.1,2024-01-17 19:25:37
461,9,M05733,Type_12,Morning,123.1,2024-01-17 20:13:06
462,21,M05388,Type_09,Afternoon,115.1,2024-01-17 21:00:42
463,18,M08003,Type_04,Afternoon,83.5,2024-01-17 21:13:19
464,4,M05537,Type_23,Afternoon,101.3,2024-01-17 21:15:36
465,8,M03914,Type_17,Night,127.6,2024-01-17 21:53:09
466,23,M01067,Type_07,Morning,117.0,2024-01-17 21:58:25
467,21,M07724,Type_25,Morning,121.4,2024-01-17 22:30:34
468,4,M04381,Type_25,Night,117.7,2024-01-17 23:37:28
469,16,M04108,Type_03,Morning,142.5,2024-01-18 00:44:41
470,21,M05727,Type_21,Night,114.7,2024-01-18 01:58:46
471,23,M03374,Type_19,Morning,102.3,2024-01-18 02:19:46
472,21,M08946,Type_09,Night,91.7,2024-01-18 02:49:43
473,8,M02083,Type_16,Morning,115.0,2024-01-18 02:52:34
474,7,M08968,Type_23,Night,80.0,2024-01-18 03:55:37
475,23,M06749,Type_18,Afternoon,106.3,2024-01-18 05:55:30
476,25,M09818,Type_19,Night,105.9,2024-01-18 08:33:44
477,24,M00418,Type_21,Morning,82.7,2024-01-18 09:48:59
478,13,M08307,Type_23,Afternoon,91.4,2024-01-18 09:51:56
479,8,M08809,Type_09,Night,126.2,2024-01-18 10:14:28
480,22,M03975,Type_12,Afternoon,114.6,2024-01-18 11:42:13
481,7,M03268,Type_02,Afternoon,112.0,2024-01-18 12:03:43
482,24,M00826,Type_13,Afternoon,116.1,2024-01-18 13:54:08
483,5,M07669,Type_10,Afternoon,111.9,2024-01-18 13:59:31
484,18,M05746,Type_13,Afternoon,134.9,2024-01-18 15:59:40
485,23,M09709,Type_20,Afternoon,112.5,2024-01-18 18:20:18
486,19,M00413,Type_25,Night,80.8,2024-01-18 18:55:14
487,10,M07544,Type_22,Morning,142.6,2024-01-18 19:39:54
488,11,M07588,Type_16,Morning,117.4,2024-01-18 19:54:13
489,8,M00729,Type_20,Night,98.2,2024-01-18 20:24:27
490,6,M07165,Type_09,Night,84.9,2024-01-18 22:52:55
491,11,M08868,Type_17,Afternoon,117.9,2024-01-18 23:00:54
492,16,M05989,Type_22,Afternoon,107.7,2024-01-19 00:06:50
493,4,M02505,Type_03,Morning,141.5,2024-01-19 00:20:30
494,2,M02968,Type_23,Morning,103.1,2024-01-19 00:24:41
495,13,M02787,Type_23,Afternoon,93.3,2024-01-19 00:25:31
496,7,M01123,Type_05,Morning,127.9,2024-01-19 01:25:56
497,17,M04080,Type_10,Afternoon,128.5,2024-01-19 01:38:39
498,23,M01572,Type_21,Morning,113.4,2024-01-19 01:45:23
499,13,M05074,Type_14,Night,123.5,2024-01-19 02:35:27
500,10,M05105,Type_12,Night,109.2,2024-01-19 02:56:36
501,13,M02144,Type_09,Afternoon,114.7,2024-01-19 04:27:34
502,10,M09880,Type_12,Afternoon,133.3,2024-01-19 04:30:19
503,7,M06807,Type_05,Morning,122.5,2024-01-19 07:03:05
504,10,M07358,Type_15,Night,106.6,2024-01-19 07:30:46
505,16,M03441,Type_16,Afternoon,137.0,2024-01-19 08:22:08
506,3,M03767,Type_02,Morning,80.0,2024-01-19 10:01:26
507,4,M05645,Type_16,Night,151.0,2024-01-19 10:45:12
508,4,M02915,Type_03,Night,80.0,2024-01-19 12:52:52
509,4,M04969,Type_05,Night,97.5,2024-01-19 13:05:56
510,16,M05918,Type_20,Afternoon,109.2,2024-01-19 13:21:02
511,9,M08788,Type_23,Afternoon,107.1,2024-01-19 14:05:53
512,6,M00729,Type_20,Afternoon,130.1,2024-01-19 15:59:58
513,10,M01366,Type_20,Night,88.8,2024-01-19 16:46:15
514,25,M04493,Type_02,Night,115.2,2024-01-19 16:54:35
515,4,M00699,Type_13,Morning,98.4,2024-01-19 19:31:04
516,23,M07187,Type_05,Morning,115.9,2024-01-19 21:42:05
517,12,M00396,Type_09,Morning,108.7,2024-01-19 22:59:50
518,10,M07401,Type_12,Night,111.9,2024-01-19 23:00:45
519,12,M08083,Type_22,Night,99.0,2024-01-19 23:02:07
520,25,M04172,Type_19,Morning,99.8,2024-01-19 23:06:02
521,19,M04361,Type_17,Afternoon,115.7,2024-01-20 00:49:50
522,19,M02503,Type_18,Morning,128.9,2024-01-20 01:31:26
523,22,M00718,Type_14,Night,98.0,2024-01-20 01:35:06
524,24,M02783,Type_25,Night,92.6,2024-01-20 02:04:09
525,1,M04947,Type_05,Night,122.3,2024-01-20 02:17:59
526,4,M05487,Type_09,Afternoon,109.3,2024-01-20 02:26:14
527,13,M08336,Type_09,Afternoon,126.6,2024-01-20 04:38:22
528,8,M04981,Type_16,Morning,91.9,2024-01-20 05:58:20
529,22,M07267,Type_01,Morning,80.0,2024-01-20 08:54:46
530,14,M04492,Type_10,Night,99.3,2024-01-20 08:59:49
531,16,M07193,Type_23,Night,94.7,2024-01-20 09:50:00
532,2,M05589,Type_17,Night,108.4,2024-01-20 10:00:17
533,8,M07652,Type_13,Night,97.3,2024-01-20 11:11:24
534,13,M03637,Type_24,Afternoon,124.8,2024-01-20 11:13:06
535,1,M01168,Type_24,Night,104.2,2024-01-20 11:28:00
536,12,M01063,Type_23,Night,113.0,2024-01-20 11:32:19
537,17,M02157,Type_13,Night,113.2,2024-01-20 12:08:42
538,7,M07861,Type_12,Morning,113.9,2024-01-20 12:18:29
539,16,M05162,Type_07,Afternoon,109.5,2024-01-20 12:19:21
540,14,M05306,Type_04,Morning,120.2,2024-01-20 12:32:16
541,10,M06542,Type_01,Night,94.1,2024-01-20 17:20:49
542,3,M04730,Type_14,Afternoon,138.0,2024-01-20 17:54:16
543,12,M09349,Type_08,Morning,105.3,2024-01-20 17:54:36
544,8,M07331,Type_13,Afternoon,83.8,2024-01-20 18:15:46
545,16,M05335,Type_10,Afternoon,113.8,2024-01-20 19:07:36
546,25,M08925,Type_23,Morning,93.0,2024-01-20 19:30:33
547,24,M04331,Type_24,Morning,123.3,2024-01-20 19:36:39
548,1,M08011,Type_24,Afternoon,154.2,2024-01-20 19:51:40
549,17,M06802,Type_08,Afternoon,94.3,2024-01-20 21:56:02
550,6,M04847,Type_06,Night,116.6,2024-01-20 22:04:21
551,1,M06732,Type_14,Afternoon,80.0,2024-01-21 01:48:20
552,24,M07242,Type_08,Night,119.1,2024-01-21 02:00:45
553,15,M00954,Type_01,Afternoon,92.3,2024-01-21 02:45:52
554,13,M02540,Type_19,Afternoon,97.5,2024-01-21 04:00:57
555,6,M07057,Type_11,Night,88.0,2024-01-21 04:51:55
556,21,M01543,Type_06,Afternoon,124.6,2024-01-21 06:08:34
557,13,M05294,Type_16,Morning,130.1,2024-01-21 07:01:40
558,22,M01192,Type_11,Morning,110.5,2024-01-21 08:20:23
559,4,M06314,Type_10,Night,92.7,2024-01-21 09:23:23
560,1,M06939,Type_11,Afternoon,141.8,2024-01-21 09:27:03
561,23,M02682,Type_23,Afternoon,95.0,2024-01-21 11:40:12
562,10,M09410,Type_16,Morning,80.0,2024-01-21 12:00:18
563,25,M01541,Type_15,Morning,119.2,2024-01-21 12:33:21
564,4,M06173,Type_03,Morning,87.9,2024-01-21 13:21:31
565,13,M05542,Type_09,Morning,129.8,2024-01-21 14:01:49
566,4,M09581,Type_14,Afternoon,102.4,2024-01-21 16:15:26
567,16,M01366,Type_20,Morning,122.1,2024-01-21 17:24:26
568,9,M08692,Type_17,Afternoon,138.0,2024-01-21 17:44:41
569,4,M09873,Type_18,Night,85.8,2024-01-21 18:11:19
570,20,M08703,Type_22,Morning,98.7,2024-01-21 18:43:33
571,8,M07495,Type_03,Afternoon,108.5,2024-01-21 19:38:38
572,4,M04313,Type_23,Night,140.8,2024-01-21 20:01:11
573,9,M01325,Type_03,Morning,96.8,2024-01-21 23:12:52
574,11,M09348,Type_09,Afternoon,98.1,2024-01-21 23:20:13
575,24,M03142,Type_16,Night,119.6,2024-01-22 02:12:32
576,5,M07420,Type_04,Night,98.5,2024-01-22 03:03:21
577,9,M03487,Type_04,Morning,113.1,2024-01-22 05:02:52
578,8,M01811,Type_14,Night,80.0,2024-01-22 06:31:32
579,4,M06589,Type_22,Afternoon,154.3,2024-01-22 07:10:55
580,20,M02924,Type_16,Morning,83.0,2024-01-22 07:59:12
581,1,M05302,Type_19,Afternoon,103.6,2024-01-22 10:01:27
582,20,M04187,Type_02,Night,109.4,2024-01-22 11:11:28
583,13,M08906,Type_07,Afternoon,148.3,2024-01-22 11:57:58
584,24,M05978,Type_10,Morning,83.5,2024-01-22 12:01:13
585,5,M04269,Type_25,Afternoon,149.7,2024-01-22 12:04:25
586,22,M04749,Type_15,Morning,125.1,2024-01-22 12:06:01
587,20,M04850,Type_05,Morning,118.3,2024-01-22 15:28:35
588,21,M09436,Type_20,Morning,90.3,2024-01-22 15:58:39
589,10,M03710,Type_09,Morning,121.4,2024-01-22 15:59:33
590,16,M09274,Type_23,Morning,95.5,2024-01-22 19:06:56
591,8,M06620,Type_15,Morning,135.3,2024-01-22 19:54:40
592,12,M08648,Type_05,Afternoon,90.6,2024-01-22 20:12:25
593,25,M09087,Type_23,Morning,107.7,2024-01-22 20:33:34
594,3,M09577,Type_19,Morning,98.9,2024-01-22 22:08:09
595,4,M03073,Type_15,Night,90.2,2024-01-22 22:23:47
596,17,M06531,Type_12,Afternoon,124.8,2024-01-22 22:33:04
597,21,M00505,Type_07,Afternoon,120.7,2024-01-22 23:52:12
598,20,M01215,Type_03,Morning,134.2,2024-01-23 00:15:56
599,22,M01532,Type_15,Morning,80.0,2024-01-23 00:55:00
600,22,M07577,Type_23,Morning,131.3,2024-01-23 02:17:32
601,13,M00824,Type_03,Morning,160.0,2024-01-23 06:23:23
602,6,M00929,Type_15,Morning,101.0,2024-01-23 06:39:30
603,3,M05030,Type_22,Morning,147.9,2024-01-23 06:47:18
604,14,M00134,Type_08,Morning,104.7,2024-01-23 07:00:49
605,7,M02106,Type_11,Morning,82.6,2024-01-23 07:07:22
606,3,M03628,Type_05,Afternoon,103.9,2024-01-23 07:10:26
607,6,M06317,Type_05,Morning,131.0,2024-01-23 07:42:43
608,13,M01853,Type_01,Morning,93.2,2024-01-23 08:46:10
609,14,M04911,Type_15,Afternoon,98.0,2024-01-23 09:57:35
610,15,M04176,Type_24,Afternoon,121.9,2024-01-23 10:08:36
611,16,M05349,Type_20,Morning,110.1,2024-01-23 10:20:00
612,1,M09443,Type_22,Night,121.7,2024-01-23 12:42:42
613,15,M06191,Type_12,Afternoon,114.8,2024-01-23 13:42:40
614,24,M01257,Type_01,Morning,119.6,2024-01-23 17:09:28
615,7,M03377,Type_07,Night,101.4,2024-01-23 18:13:08
616,9,M05646,Type_18,Night,114.6,2024-01-23 18:31:27
617,15,M03487,Type_04,Morning,91.5,2024-01-23 19:17:27
618,14,M03585,Type_11,Morning,135.8,2024-01-23 19:36:09
619,19,M09589,Type_25,Night,97.3,2024-01-23 20:53:44
620,24,M08054,Type_15,Afternoon,132.6,2024-01-23 21:52:05
621,18,M03331,Type_22,Morning,105.3,2024-01-23 22:03:02
622,9,M02704,Type_18,Morning,114.0,2024-01-23 22:11:48
623,1,M08663,Type_15,Morning,100.1,2024-01-23 23:48:42
624,12,M08121,Type_03,Afternoon,89.7,2024-01-24 02:57:12
625,10,M07115,Type_17,Afternoon,80.0,2024-01-24 03:13:49
626,7,M01354,Type_03,Morning,88.9,2024-01-24 05:26:49
627,14,M05064,Type_01,Afternoon,103.5,2024-01-24 06:00:54
628,1,M08550,Type_17,Afternoon,114.2,2024-01-24 06:56:36
629,15,M07576,Type_02,Morning,130.2,2024-01-24 07:22:28
630,22,M00668,Type_11,Morning,101.1,2024-01-24 07:24:10
631,1,M04469,Type_07,Afternoon,92.4,2024-01-24 07:49:06
632,13,M09338,Type_02,Night,81.1,2024-01-24 08:20:55
633,20,M06820,Type_23,Afternoon,119.6,2024-01-24 10:29:19
634,23,M03720,Type_05,Afternoon,137.7,2024-01-24 10:42:54
635,2,M02746,Type_25,Morning,135.3,2024-01-24 12:39:29
636,3,M07484,Type_23,Afternoon,124.2,2024-01-24 13:16:27
637,4,M00540,Type_25,Afternoon,122.8,2024-01-24 13:50:50
638,16,M04965,Type_24,Morning,144.0,2024-01-24 15:33:50
639,22,M04836,Type_14,Morning,116.6,2024-01-24 15:54:31
640,12,M03776,Type_21,Morning,122.9,2024-01-24 17:01:30
641,25,M06043,Type_25,Morning,103.6,2024-01-24 18:23:18
642,4,M07103,Type_06,Morning,82.8,2024-01-24 19:37:03
643,22,M07313,Type_11,Morning,96.3,2024-01-24 19:39:09
644,12,M05321,Type_22,Morning,109.8,2024-01-24 19:50:02
645,7,M06133,Type_15,Morning,111.2,2024-01-24 20:09:30
646,20,M07892,Type_04,Night,148.5,2024-01-24 20:54:30
647,22,M02780,Type_02,Afternoon,111.6,2024-01-24 21:28:59
648,3,M00925,Type_07,Afternoon,133.6,2024-01-24 21:37:38
649,5,M01582,Type_19,Night,101.3,2024-01-24 22:06:46
650,12,M07715,Type_23,Afternoon,103.8,2024-01-24 23:32:43
651,12,M03325,Type_08,Morning,83.4,2024-01-25 03:19:07
652,20,M05714,Type_09,Afternoon,95.2,2024-01-25 04:41:47
653,23,M07027,Type_02,Afternoon,120.5,2024-01-25 04:44:52
654,22,M00256,Type_22,Afternoon,110.2,2024-01-25 04:48:18
655,7,M04805,Type_13,Afternoon,128.9,2024-01-25 04:49:06
656,22,M01839,Type_09,Morning,113.6,2024-01-25 05:08:58
657,12,M00010,Type_02,Morning,103.0,2024-01-25 08:39:56
658,2,M02872,Type_18,Morning,153.0,2024-01-25 08:45:49
659,14,M08990,Type_03,Afternoon,108.1,2024-01-25 08:47:02
660,23,M07410,Type_16,Afternoon,133.3,2024-01-25 10:59:48
661,16,M07419,Type_24,Morning,102.0,2024-01-25 11:20:00
662,24,M05125,Type_04,Night,124.2,2024-01-25 11:26:13
663,7,M01016,Type_03,Afternoon,128.6,2024-01-25 12:17:20
664,4,M02194,Type_12,Morning,114.2,2024-01-25 15:40:47
665,20,M08416,Type_06,Morning,80.0,2024-01-25 15:56:35
666,5,M07450,Type_01,Morning,110.4,2024-01-25 16:20:58
667,14,M04159,Type_25,Morning,134.6,2024-01-25 18:19:24
668,9,M03926,Type_24,Morning,120.5,2024-01-25 18:51:21
669,5,M06971,Type_18,Morning,118.9,2024-01-25 18:58:30
670,2,M06939,Type_11,Morning,80.0,2024-01-25 19:06:44
671,5,M04785,Type_05,Morning,95.6,2024-01-25 20:13:25
672,3,M04001,Type_20,Night,118.2,2024-01-25 20:32:52
673,10,M01634,Type_25,Morning,118.2,2024-01-25 20:58:16
674,8,M07267,Type_01,Afternoon,134.3,2024-01-25 22:51:11
675,10,M08703,Type_22,Afternoon,107.1,2024-01-25 23:03:57
676,2,M00385,Type_16,Night,118.1,2024-01-26 01:48:56
677,14,M00405,Type_13,Morning,110.3,2024-01-26 02:04:16
678,4,M08176,Type_18,Morning,90.3,2024-01-26 02:12:37
679,21,M02001,Type_03,Night,80.0,2024-01-26 02:19:53
680,12,M09861,Type_09,Night,118.6,2024-01-26 02:47:48
681,20,M05990,Type_15,Night,113.5,2024-01-26 04:05:19
682,14,M01461,Type_06,Morning,97.6,2024-01-26 05:20:06
683,16,M07191,Type_04,Morning,80.0,2024-01-26 08:12:11
684,5,M07141,Type_08,Afternoon,122.6,2024-01-26 08:23:18
685,16,M03637,Type_24,Night,104.7,2024-01-26 08:33:10
686,4,M04810,Type_10,Afternoon,121.1,2024-01-26 09:16:23
687,3,M04179,Type_22,Afternoon,147.3,2024-01-26 09:51:38
688,1,M07246,Type_25,Morning,80.0,2024-01-26 10:29:49
689,4,M06601,Type_01,Night,96.0,2024-01-26 11:22:30
690,9,M05998,Type_01,Morning,105.8,2024-01-26 11:32:06
691,1,M02049,Type_11,Morning,139.1,2024-01-26 11:33:17
692,16,M04781,Type_12,Afternoon,80.0,2024-01-26 12:20:56
693,23,M00717,Type_03,Afternoon,148.7,2024-01-26 12:49:27
694,3,M07940,Type_03,Morning,112.7,2024-01-26 14:01:38
695,24,M05566,Type_06,Morning,108.1,2024-01-26 15:07:22
696,6,M04545,Type_23,Afternoon,106.0,2024-01-26 15:53:08
697,13,M04977,Type_17,Morning,101.3,2024-01-26 15:56:41
698,17,M03420,Type_18,Afternoon,131.0,2024-01-26 16:28:18
699,15,M07240,Type_08,Morning,88.6,2024-01-26 16:50:54
700,21,M09767,Type_18,Afternoon,116.9,2024-01-26 16:59:30
701,12,M00250,Type_02,Afternoon,102.3,2024-01-26 17:20:24
702,8,M08866,Type_14,Morning,94.8,2024-01-26 17:22:05
703,16,M00771,Type_10,Morning,160.0,2024-01-26 18:42:50
704,3,M04364,Type_06,Morning,118.4,2024-01-26 19:28:35
705,4,M01078,Type_03,Morning,122.3,2024-01-26 20:15:21
706,7,M08428,Type_11,Night,132.8,2024-01-26 21:04:53
707,15,M08581,Type_01,Morning,81.6,2024-01-26 21:24:23
708,11,M07902,Type_06,Night,145.0,2024-01-26 22:35:29
709,16,M04859,Type_01,Morning,80.0,2024-01-26 22:46:28
710,22,M06545,Type_05,Afternoon,94.6,2024-01-26 22:56:51
711,14,M04720,Type_10,Night,100.8,2024-01-26 23:41:51
712,23,M02815,Type_12,Afternoon,121.6,2024-01-27 00:33:31
713,13,M03375,Type_20,Afternoon,114.4,2024-01-27 00:55:04
714,9,M01253,Type_15,Afternoon,106.7,2024-01-27 02:55:24
715,25,M06997,Type_24,Morning,109.8,2024-01-27 03:42:34
716,18,M04674,Type_10,Night,90.4,2024-01-27 03:53:21
717,3,M04531,Type_14,Night,80.1,2024-01-27 05:08:48
718,20,M06882,Type_20,Night,124.5,2024-01-27 06:19:21
719,22,M06950,Type_18,Morning,123.9,2024-01-27 06:29:44
720,5,M09522,Type_21,Afternoon,141.7,2024-01-27 07:19:46
721,22,M06242,Type_02,Night,94.2,2024-01-27 08:38:10
722,24,M08018,Type_12,Morning,123.9,2024-01-27 08:50:09
723,2,M06942,Type_15,Morning,104.3,2024-01-27 09:55:44
724,22,M09551,Type_12,Afternoon,133.8,2024-01-27 10:44:42
725,25,M07003,Type_13,Afternoon,130.4,2024-01-27 11:46:48
726,21,M01332,Type_24,Night,114.2,2024-01-27 11:50:33
727,17,M04262,Type_15,Morning,103.2,2024-01-27 13:25:16
728,16,M07649,Type_21,Night,129.2,2024-01-27 13:31:03
729,24,M09551,Type_12,Morning,122.9,2024-01-27 14:42:06
730,20,M05116,Type_20,Morning,96.3,2024-01-27 16:40:42
731,24,M04638,Type_20,Morning,83.4,2024-01-27 17:25:49
732,13,M04855,Type_11,Night,104.2,2024-01-27 17:30:21
733,20,M03178,Type_02,Afternoon,140.3,2024-01-27 18:11:22
734,11,M07731,Type_06,Afternoon,132.9,2024-01-27 18:54:32
735,8,M02181,Type_06,Morning,87.8,2024-01-27 19:32:02
736,25,M04893,Type_17,Night,86.6,2024-01-27 20:06:02
737,21,M07044,Type_09,Morning,135.5,2024-01-27 20:33:50
738,5,M00138,Type_08,Night,87.3,2024-01-27 20:35:54
739,2,M06328,Type_02,Afternoon,120.2,2024-01-27 20:38:16
740,25,M03473,Type_04,Morning,97.7,2024-01-28 00:40:57
741,4,M05450,Type_02,Afternoon,142.3,2024-01-28 01:10:06
742,3,M02833,Type_20,Morning,94.6,2024-01-28 01:51:22
743,2,M03580,Type_18,Afternoon,132.9,2024-01-28 02:41:57
744,3,M05972,Type_22,Afternoon,113.7,2024-01-28 04:32:39
745,16,M04165,Type_11,Morning,115.0,2024-01-28 05:34:51
746,20,M07942,Type_15,Night,80.0,2024-01-28 08:48:49
747,9,M05570,Type_07,Morning,80.0,2024-01-28 10:28:42
748,6,M04301,Type_15,Afternoon,105.6,2024-01-28 10:39:25
749,15,M06270,Type_14,Night,114.9,2024-01-28 12:13:27
750,5,M03819,Type_18,Afternoon,87.5,2024-01-28 13:15:15
751,9,M01907,Type_04,Morning,88.2,2024-01-28 13:38:00
752,24,M06255,Type_18,Night,121.2,2024-01-28 13:38:41
753,6,M00761,Type_02,Afternoon,121.3,2024-01-28 14:52:31
754,3,M07831,Type_22,Morning,107.2,2024-01-28 16:09:10
755,23,M07351,Type_17,Morning,125.6,2024-01-28 18:20:49
756,13,M06239,Type_24,Night,86.5,2024-01-28 19:35:31
757,22,M06091,Type_12,Afternoon,102.9,2024-01-28 20:50:01
758,15,M06032,Type_12,Afternoon,143.0,2024-01-28 20:56:36
759,11,M07688,Type_18,Night,111.4,2024-01-28 20:59:23
760,16,M09092,Type_01,Night,112.5,2024-01-28 22:13:48
761,15,M09912,Type_21,Morning,156.1,2024-01-29 00:36:54
762,24,M08473,Type_19,Morning,82.0,2024-01-29 01:52:54
763,6,M01888,Type_11,Morning,125.9,2024-01-29 03:26:48
764,14,M03267,Type_21,Afternoon,143.3,2024-01-29 04:13:17
765,11,M00667,Type_24,Morning,103.5,2024-01-29 04:32:42
766,20,M04189,Type_01,Afternoon,127.2,2024-01-29 04:43:07
767,10,M00672,Type_23,Night,90.4,2024-01-29 04:44:24
768,16,M06778,Type_15,Night,96.3,2024-01-29 04:44:33
769,12,M07571,Type_17,Morning,117.7,2024-01-29 04:51:21
770,7,M07957,Type_21,Night,126.0,2024-01-29 05:13:50
771,7,M05125,Type_04,Morning,132.4,2024-01-29 05:39:57
772,24,M05586,Type_17,Night,141.4,2024-01-29 06:56:41
773,18,M04778,Type_10,Morning,108.7,2024-01-29 09:56:20
774,15,M03901,Type_03,Morning,133.9,2024-01-29 10:06:47
775,6,M06678,Type_05,Night,103.2,2024-01-29 10:59:39
776,19,M06982,Type_13,Morning,128.0,2024-01-29 12:30:40
777,8,M06377,Type_20,Morning,114.1,2024-01-29 12:43:11
778,20,M00524,Type_08,Afternoon,118.9,2024-01-29 12:47:24
779,15,M02394,Type_13,Afternoon,118.5,2024-01-29 13:54:44
780,4,M02594,Type_10,Afternoon,80.0,2024-01-29 15:04:03
781,18,M09946,Type_24,Afternoon,87.5,2024-01-29 15:44:51
782,13,M07241,Type_08,Afternoon,112.1,2024-01-29 17:14:24
783,22,M06938,Type_21,Morning,80.0,2024-01-29 18:06:37
784,22,M06191,Type_12,Morning,126.6,2024-01-29 18:33:01
785,1,M05241,Type_16,Morning,127.4,2024-01-29 19:08:30
786,8,M06494,Type_25,Night,116.5,2024-01-29 20:05:17
787,19,M02879,Type_22,Afternoon,87.6,2024-01-29 22:21:18
788,17,M04144,Type_05,Afternoon,137.6,2024-01-30 01:01:44
789,10,M03645,Type_18,Afternoon,150.7,2024-01-30 01:19:20
790,1,M04433,Type_01,Night,112.9,2024-01-30 01:27:11
791,1,M01277,Type_10,Morning,120.2,2024-01-30 02:04:18
792,21,M05812,Type_01,Afternoon,114.0,2024-01-30 02:11:17
793,5,M00303,Type_21,Afternoon,120.6,2024-01-30 02:14:46
794,1,M00639,Type_19,Afternoon,107.6,2024-01-30 02:23:48
795,21,M00056,Type_20,Morning,109.3,2024-01-30 02:26:34
796,23,M08718,Type_09,Night,128.1,2024-01-30 02:40:02
797,21,M08151,Type_15,Night,156.9,2024-01-30 02:45:11
798,25,M02126,Type_24,Afternoon,82.0,2024-01-30 02:51:07
799,20,M00365,Type_06,Afternoon,107.9,2024-01-30 06:30:26
800,13,M06810,Type_22,Night,86.4,2024-01-30 07:10:31
801,9,M04622,Type_25,Afternoon,141.8,2024-01-30 07:12:08
802,16,M05127,Type_03,Morning,98.2,2024-01-30 08:00:24
803,8,M05123,Type_21,Afternoon,81.1,2024-01-30 10:11:18
804,14,M01647,Type_04,Afternoon,122.8,2024-01-30 10:21:42
805,17,M00919,Type_08,Afternoon,144.9,2024-01-30 10:31:38
806,4,M02798,Type_03,Afternoon,123.3,2024-01-30 10:37:13
807,7,M06507,Type_08,Night,114.1,2024-01-30 10:41:31
808,17,M05871,Type_24,Night,118.2,2024-01-30 11:48:31
809,24,M01532,Type_15,Afternoon,138.3,2024-01-30 12:19:38
810,16,M08173,Type_14,Morning,92.5,2024-01-30 12:38:36
811,14,M03346,Type_18,Night,107.8,2024-01-30 13:03:10
812,16,M07674,Type_07,Night,100.9,2024-01-30 13:48:24
813,2,M06950,Type_18,Morning,86.6,2024-01-30 14:22:39
814,24,M06883,Type_24,Night,103.4,2024-01-30 16:20:11
815,15,M01907,Type_04,Night,132.2,2024-01-30 17:04:13
816,11,M03087,Type_24,Afternoon,121.3,2024-01-30 17:40:40
817,13,M08153,Type_14,Afternoon,122.9,2024-01-30 18:14:44
818,4,M05751,Type_04,Morning,112.9,2024-01-31 00:10:50
819,24,M08906,Type_07,Morning,120.5,2024-01-31 00:39:32
820,1,M01063,Type_23,Morning,94.0,2024-01-31 04:18:10
821,15,M01977,Type_15,Night,103.8,2024-01-31 05:07:39
822,12,M01297,Type_03,Morning,113.8,2024-01-31 05:53:38
823,21,M06230,Type_23,Morning,115.6,2024-01-31 06:58:37
824,9,M07642,Type_15,Morning,116.4,2024-01-31 07:20:48
825,7,M00126,Type_01,Afternoon,107.2,2024-01-31 08:04:24
826,3,M04633,Type_24,Night,102.5,2024-01-31 08:07:57
827,16,M06289,Type_02,Morning,160.0,2024-01-31 09:03:53
828,4,M03597,Type_23,Morning,128.1,2024-01-31 12:05:41
829,23,M06169,Type_08,Afternoon,118.3,2024-01-31 12:11:12
830,14,M09796,Type_15,Afternoon,105.3,2024-01-31 14:35:24
831,22,M07562,Type_11,Morning,101.0,2024-01-31 15:12:34
832,13,M08259,Type_07,Afternoon,107.4,2024-01-31 15:44:28
833,20,M00233,Type_11,Morning,115.9,2024-01-31 16:53:03
834,19,M09362,Type_04,Morning,80.0,2024-01-31 17:19:52
835,2,M06372,Type_04,Afternoon,80.0,2024-01-31 17:58:36
836,10,M04207,Type_06,Afternoon,97.3,2024-01-31 19:17:04
837,25,M09686,Type_24,Night,114.1,2024-01-31 19:39:12
838,19,M07944,Type_01,Morning,105.2,2024-01-31 21:20:31
839,15,M06892,Type_21,Afternoon,139.6,2024-01-31 22:04:29
840,7,M06739,Type_10,Afternoon,80.4,2024-01-31 22:36:13
841,15,M02473,Type_22,Morning,95.0,2024-01-31 22:58:24
842,17,M02740,Type_10,Afternoon,140.4,2024-01-31 23:37:51
843,24,M05402,Type_17,Morning,112.6,2024-02-01 00:13:55
844,16,M01762,Type_17,Night,127.7,2024-02-01 00:31:40
845,17,M00877,Type_16,Morning,151.0,2024-02-01 00:43:17
846,16,M03813,Type_09,Afternoon,96.1,2024-02-01 03:49:19
847,18,M09505,Type_22,Morning,108.0,2024-02-01 04:08:59
848,17,M01461,Type_06,Night,104.6,2024-02-01 04:25:22
849,4,M01734,Type_02,Afternoon,80.0,2024-02-01 05:12:25
850,2,M01606,Type_14,Afternoon,103.8,2024-02-01 06:02:43
851,17,M05623,Type_17,Morning,127.6,2024-02-01 07:37:09
852,17,M06768,Type_01,Afternoon,120.8,2024-02-01 10:01:35
853,2,M06987,Type_12,Morning,122.4,2024-02-01 10:33:04
854,22,M03518,Type_12,Night,102.5,2024-02-01 12:05:21
855,2,M03736,Type_13,Morning,96.9,2024-02-01 13:10:29
856,15,M09353,Type_01,Morning,135.4,2024-02-01 16:42:45
857,16,M08435,Type_08,Morning,100.1,2024-02-01 18:07:31
858,11,M02591,Type_21,Afternoon,115.9,2024-02-01 19:10:40
859,2,M01064,Type_16,Afternoon,113.3,2024-02-01 20:23:31
860,8,M04325,Type_04,Morning,139.2,2024-02-01 20:42:47
861,21,M09112,Type_06,Night,129.4,2024-02-01 21:29:22
862,24,M05343,Type_05,Afternoon,84.1,2024-02-01 22:22:30
863,12,M00006,Type_01,Afternoon,86.2,2024-02-02 00:56:05
864,14,M07490,Type_24,Afternoon,121.6,2024-02-02 01:43:13
865,14,M08660,Type_22,Afternoon,108.7,2024-02-02 02:23:56
866,24,M08196,Type_23,Afternoon,100.9,2024-02-02 02:42:17
867,12,M05967,Type_03,Morning,130.3,2024-02-02 02:43:01
868,2,M08838,Type_19,Morning,113.7,2024-02-02 03:33:45
869,14,M00118,Type_16,Night,111.0,2024-02-02 04:35:34
870,23,M02552,Type_25,Night,125.6,2024-02-02 05:42:43
871,25,M05561,Type_16,Morning,102.5,2024-02-02 05:44:45
872,12,M04290,Type_11,Morning,141.4,2024-02-02 05:50:11
873,24,M00847,Type_09,Afternoon,94.2,2024-02-02 06:28:11
874,9,M06317,Type_05,Afternoon,123.1,2024-02-02 09:22:06
875,8,M06470,Type_02,Morning,138.7,2024-02-02 09:46:39
876,20,M09334,Type_16,Morning,82.5,2024-02-02 11:16:55
877,16,M08916,Type_11,Afternoon,103.1,2024-02-02 11:26:06
878,10,M00225,Type_23,Afternoon,132.8,2024-02-02 13:20:33
879,7,M04209,Type_15,Morning,133.1,2024-02-02 16:03:46
880,15,M06284,Type_15,Morning,106.6,2024-02-02 16:15:39
881,25,M02049,Type_11,Morning,95.3,2024-02-02 17:51:59
882,9,M06234,Type_14,Afternoon,129.1,2024-02-02 19:36:26
883,4,M09766,Type_16,Morning,133.7,2024-02-02 19:53:02
884,23,M01829,Type_20,Morning,86.7,2024-02-02 20:20:46
885,6,M01918,Type_18,Night,85.9,2024-02-02 20:46:27
886,12,M04235,Type_23,Morning,114.5,2024-02-02 21:47:33
887,15,M06989,Type_20,Afternoon,122.6,2024-02-02 22:06:37
888,19,M02027,Type_17,Morning,104.0,2024-02-02 22:07:46
889,22,M03745,Type_10,Morning,123.6,2024-02-02 22:26:59
890,24,M09094,Type_19,Morning,95.8,2024-02-02 23:04:20
891,2,M00010,Type_02,Afternoon,80.0,2024-02-02 23:08:57
892,19,M00261,Type_14,Night,101.5,2024-02-03 00:42:32
893,24,M06039,Type_15,Night,111.3,2024-02-03 02:13:24
894,20,M09866,Type_21,Morning,104.5,2024-02-03 02:38:33
895,20,M02220,Type_23,Afternoon,86.8,2024-02-03 03:20:55
896,2,M07042,Type_18,Morning,80.0,2024-02-03 03:24:34
897,15,M02061,Type_16,Morning,99.7,2024-02-03 06:07:18
898,12,M05288,Type_11,Night,128.0,2024-02-03 06:27:45
899,1,M01620,Type_05,Morning,135.1,2024-02-03 06:31:50
900,23,M08513,Type_23,Morning,133.8,2024-02-03 06:52:48
901,14,M01343,Type_17,Morning,93.7,2024-02-03 07:09:19
902,4,M02833,Type_20,Morning,86.9,2024-02-03 07:15:09
903,22,M02825,Type_06,Morning,119.9,2024-02-03 07:15:41
904,24,M01995,Type_01,Afternoon,122.7,2024-02-03 07:44:48
905,11,M03491,Type_06,Afternoon,118.0,2024-02-03 09:26:34
906,7,M09311,Type_12,Night,80.0,2024-02-03 10:06:17
907,13,M07985,Type_14,Night,92.7,2024-02-03 11:00:16
908,14,M01605,Type_08,Morning,109.4,2024-02-03 11:13:02
909,7,M00236,Type_01,Morning,119.7,2024-02-03 11:18:58
910,22,M01909,Type_22,Morning,125.3,2024-02-03 11:22:24
911,11,M08568,Type_15,Afternoon,112.9,2024-02-03 11:59:12
912,20,M03531,Type_22,Morning,116.6,2024-02-03 12:06:11
913,20,M05257,Type_02,Afternoon,111.7,2024-02-03 12:19:17
914,25,M02636,Type_24,Afternoon,123.7,2024-02-03 12:58:53
915,11,M08163,Type_13,Afternoon,116.3,2024-02-03 13:04:25
916,21,M09763,Type_18,Afternoon,111.3,2024-02-03 13:08:26
917,9,M02561,Type_22,Morning,104.6,2024-02-03 13:11:13
918,25,M05416,Type_16,Night,111.6,2024-02-03 15:52:08
919,4,M03392,Type_25,Night,119.7,2024-02-03 16:56:59
920,2,M05952,Type_21,Morning,115.3,2024-02-03 20:52:33
921,2,M05469,Type_17,Night,117.6,2024-02-03 22:02:40
922,25,M08008,Type_22,Afternoon,136.9,2024-02-03 23:15:35
923,9,M09065,Type_01,Night,115.3,2024-02-03 23:29:23
924,19,M09445,Type_01,Night,97.0,2024-02-04 01:04:37
925,15,M06414,Type_16,Afternoon,127.7,2024-02-04 01:56:46
926,21,M06942,Type_15,Morning,82.7,2024-02-04 03:21:40
927,21,M09507,Type_11,Morning,88.4,2024-02-04 03:59:56
928,18,M04821,Type_23,Afternoon,116.7,2024-02-04 04:24:35
929,16,M02899,Type_03,Afternoon,120.3,2024-02-04 04:30:28
930,2,M07547,Type_20,Morning,85.1,2024-02-04 04:51:20
931,12,M00078,Type_06,Morning,102.3,2024-02-04 05:12:07
932,1,M07578,Type_01,Night,97.9,2024-02-04 05:16:36
933,2,M04228,Type_13,Night,100.3,2024-02-04 05:52:58
934,14,M00601,Type_18,Afternoon,128.9,2024-02-04 06:46:05
935,7,M01066,Type_18,Morning,124.1,2024-02-04 07:00:25
936,17,M02137,Type_17,Morning,109.6,2024-02-04 07:38:27
937,15,M09511,Type_05,Morning,99.1,2024-02-04 07:58:23
938,17,M06944,Type_12,Night,83.0,2024-02-04 11:10:58
939,9,M07805,Type_17,Morning,138.4,2024-02-04 11:50:20
940,13,M06566,Type_12,Afternoon,121.8,2024-02-04 13:30:16
941,2,M05985,Type_16,Morning,95.9,2024-02-04 14:54:30
942,15,M05143,Type_12,Afternoon,124.4,2024-02-04 15:14:33
943,20,M04671,Type_18,Afternoon,108.6,2024-02-04 17:49:58
944,11,M02191,Type_14,Night,104.3,2024-02-04 18:18:00
945,19,M09185,Type_21,Morning,118.7,2024-02-04 18:51:43
946,14,M02713,Type_22,Morning,95.2,2024-02-04 19:52:34
947,4,M02193,Type_18,Morning,103.1,2024-02-04 20:22:15
948,11,M01249,Type_15,Night,112.4,2024-02-04 21:30:38
949,16,M04034,Type_08,Night,100.0,2024-02-04 22:42:18
950,23,M01998,Type_23,Afternoon,123.4,2024-02-04 22:50:16
951,2,M03688,Type_12,Afternoon,147.4,2024-02-04 23:02:51
952,2,M04019,Type_17,Afternoon,94.9,2024-02-05 00:18:56
953,9,M01971,Type_21,Morning,80.0,2024-02-05 01:41:22
954,22,M08390,Type_10,Night,80.0,2024-02-05 03:50:23
955,23,M05766,Type_12,Afternoon,107.0,2024-02-05 04:08:05
956,21,M01203,Type_03,Morning,96.7,2024-02-05 04:08:41
957,21,M08136,Type_02,Afternoon,114.2,2024-02-05 04:09:46
958,4,M05568,Type_02,Morning,112.7,2024-02-05 04:53:11
959,8,M07668,Type_10,Morning,80.0,2024-02-05 07:42:28
960,23,M05743,Type_20,Afternoon,80.0,2024-02-05 10:59:10
961,18,M05789,Type_06,Morning,115.9,2024-02-05 11:00:34
962,15,M05409,Type_12,Afternoon,112.7,2024-02-05 11:06:10
963,2,M08670,Type_06,Morning,101.5,2024-02-05 11:53:33
964,22,M09447,Type_14,Morning,80.0,2024-02-05 13:00:28
965,11,M00923,Type_09,Morning,119.4,2024-02-05 13:51:30
966,17,M00420,Type_04,Morning,135.4,2024-02-05 14:20:18
967,7,M02205,Type_25,Afternoon,115.6,2024-02-05 14:42:37
968,8,M01121,Type_13,Morning,93.1,2024-02-05 15:11:24
969,10,M00951,Type_10,Afternoon,110.9,2024-02-05 16:05:09
970,24,M02337,Type_01,Afternoon,82.7,2024-02-05 17:13:01
971,3,M05374,Type_02,Afternoon,131.2,2024-02-05 17:13:17
972,13,M02244,Type_02,Night,111.6,2024-02-05 17:28:53
973,23,M02646,Type_01,Afternoon,80.0,2024-02-05 17:45:06
974,17,M04613,Type_13,Morning,104.0,2024-02-05 18:53:13
975,13,M01866,Type_17,Morning,119.3,2024-02-05 18:54:09
976,19,M06029,Type_14,Morning,103.3,2024-02-05 19:13:48
977,22,M07327,Type_11,Afternoon,104.5,2024-02-05 19:16:30
978,9,M06372,Type_04,Morning,85.5,2024-02-05 20:08:52
979,21,M06360,Type_04,Afternoon,121.3,2024-02-05 20:12:16
980,16,M07864,Type_15,Afternoon,97.0,2024-02-05 20:32:17
981,5,M03229,Type_25,Morning,80.0,2024-02-05 20:36:12
982,9,M03720,Type_05,Night,102.6,2024-02-05 20:39:56
983,9,M02372,Type_18,Morning,129.6,2024-02-05 20:48:26
984,6,M02892,Type_25,Morning,102.3,2024-02-05 20:51:45
985,21,M03757,Type_24,Afternoon,144.8,2024-02-05 21:32:16
986,10,M04226,Type_01,Afternoon,118.6,2024-02-05 22:33:37
987,18,M00095,Type_06,Afternoon,116.8,2024-02-05 22:53:32
988,11,M02675,Type_15,Afternoon,107.4,2024-02-06 00:41:20
989,24,M06899,Type_15,Morning,108.6,2024-02-06 03:34:12
990,24,M00794,Type_07,Night,104.7,2024-02-06 04:31:03
991,15,M02117,Type_25,Night,104.0,2024-02-06 05:09:35
992,7,M05780,Type_22,Afternoon,120.6,2024-02-06 05:40:26
993,14,M06167,Type_12,Morning,91.3,2024-02-06 06:11:22
994,8,M00815,Type_14,Afternoon,88.5,2024-02-06 08:17:24
995,19,M00346,Type_25,Morning,87.5,2024-02-06 09:36:09
996,15,M08555,Type_18,Morning,150.9,2024-02-06 09:48:22
997,19,M02444,Type_09,Night,120.6,2024-02-06 10:52:17
998,18,M07784,Type_03,Morning,116.1,2024-02-06 11:48:08
999,17,M00985,Type_05,Night,88.8,2024-02-06 12:06:41
1000,3,M07791,Type_11,Afternoon,122.5,2024-02-06 12:16:50
1001,3,M09832,Type_07,Morning,107.7,2024-02-06 12:38:55
1002,7,M00828,Type_15,Afternoon,114.3,2024-02-06 13:22:26
1003,10,M03532,Type_06,Night,90.5,2024-02-06 14:56:12
1004,25,M07148,Type_17,Afternoon,113.2,2024-02-06 14:58:28
1005,17,M04452,Type_23,Night,101.5,2024-02-06 16:45:25
1006,15,M03877,Type_11,Afternoon,94.7,2024-02-06 18:03:20
1007,8,M05960,Type_22,Afternoon,124.7,2024-02-06 18:25:55
1008,17,M00127,Type_09,Night,80.0,2024-02-06 18:47:17
1009,3,M03178,Type_02,Morning,121.3,2024-02-06 19:38:37
1010,4,M08796,Type_01,Afternoon,123.7,2024-02-06 21:03:51
1011,8,M06025,Type_18,Morning,92.4,2024-02-06 21:27:37
1012,13,M05110,Type_21,Night,93.6,2024-02-06 22:09:19
1013,1,M04147,Type_04,Night,105.5,2024-02-06 22:45:06
1014,18,M07197,Type_08,Morning,115.6,2024-02-07 00:08:52
1015,11,M03369,Type_17,Afternoon,106.9,2024-02-07 00:21:06
1016,21,M03798,Type_13,Night,118.7,2024-02-07 01:38:48
1017,6,M01793,Type_15,Morning,145.3,2024-02-07 02:00:51
1018,16,M05733,Type_12,Afternoon,99.8,2024-02-07 02:38:03
1019,21,M03477,Type_10,Night,80.0,2024-02-07 03:03:36
1020,19,M03418,Type_18,Morning,126.5,2024-02-07 03:37:32
1021,23,M01646,Type_08,Afternoon,143.7,2024-02-07 04:26:18
1022,17,M09398,Type_13,Morning,117.9,2024-02-07 05:01:59
1023,18,M03031,Type_06,Night,88.2,2024-02-07 05:21:45
1024,11,M02873,Type_12,Night,107.5,2024-02-07 06:30:50
1025,14,M03073,Type_15,Night,87.6,2024-02-07 08:46:43
1026,12,M01855,Type_24,Afternoon,122.9,2024-02-07 09:26:34
1027,25,M04022,Type_20,Night,83.0,2024-02-07 12:09:33
1028,20,M04663,Type_24,Night,104.0,2024-02-07 12:18:21
1029,24,M06515,Type_18,Morning,89.9,2024-02-07 14:03:26
1030,25,M05032,Type_09,Night,112.5,2024-02-07 14:23:43
1031,7,M02709,Type_15,Morning,102.7,2024-02-07 15:27:49
1032,17,M07113,Type_14,Afternoon,113.5,2024-02-07 16:47:49
1033,5,M09525,Type_23,Morning,110.4,2024-02-07 17:03:37
1034,22,M08394,Type_21,Morning,90.3,2024-02-07 17:24:30
1035,14,M03508,Type_09,Morning,122.5,2024-02-07 17:58:47
1036,24,M06457,Type_05,Afternoon,109.0,2024-02-07 20:06:20
1037,13,M04213,Type_04,Morning,90.2,2024-02-07 22:18:54
1038,24,M07971,Type_16,Afternoon,154.8,2024-02-07 23:38:19
1039,12,M08767,Type_24,Morning,119.5,2024-02-08 01:28:17
1040,14,M00537,Type_20,Morning,106.9,2024-02-08 02:09:32
1041,25,M01626,Type_23,Afternoon,138.3,2024-02-08 04:17:16
1042,9,M07974,Type_18,Night,146.8,2024-02-08 04:18:36
1043,4,M08578,Type_19,Morning,107.1,2024-02-08 05:42:32
1044,22,M08071,Type_22,Afternoon,116.9,2024-02-08 08:36:03
1045,19,M08667,Type_04,Night,90.2,2024-02-08 09:02:35
1046,1,M08610,Type_13,Afternoon,107.1,2024-02-08 12:06:33
1047,13,M06491,Type_25,Morning,106.0,2024-02-08 12:55:02
1048,6,M03601,Type_11,Morning,113.7,2024-02-08 12:58:23
1049,1,M06784,Type_01,Night,116.7,2024-02-08 14:10:41
1050,25,M09147,Type_09,Morning,121.2,2024-02-08 15:01:35
1051,22,M04972,Type_08,Night,114.8,2024-02-08 15:24:56
1052,17,M01206,Type_07,Afternoon,85.8,2024-02-08 17:05:42
1053,3,M01991,Type_10,Night,91.2,2024-02-08 18:31:27
1054,17,M05300,Type_16,Night,99.1,2024-02-08 18:45:02
1055,2,M03573,Type_08,Night,104.4,2024-02-08 19:05:14
1056,22,M05976,Type_20,Morning,131.0,2024-02-08 19:26:52
1057,7,M06321,Type_02,Night,86.7,2024-02-08 19:47:21
1058,1,M04381,Type_25,Afternoon,102.9,2024-02-08 19:48:06
1059,21,M04758,Type_12,Afternoon,129.1,2024-02-08 20:40:48
1060,22,M02714,Type_13,Afternoon,104.0,2024-02-08 20:49:29
1061,15,M05589,Type_17,Night,119.2,2024-02-08 22:05:34
1062,4,M00967,Type_20,Night,107.2,2024-02-08 23:12:32
1063,6,M04945,Type_19,Night,115.1,2024-02-09 00:07:38
1064,21,M03433,Type_02,Afternoon,105.4,2024-02-09 00:21:19
1065,13,M00689,Type_08,Afternoon,123.3,2024-02-09 00:21:23
1066,23,M04244,Type_10,Afternoon,80.0,2024-02-09 01:02:01
1067,13,M03702,Type_05,Morning,102.7,2024-02-09 01:02:30
1068,20,M08534,Type_18,Morning,115.9,2024-02-09 01:28:03
1069,1,M05183,Type_20,Morning,120.7,2024-02-09 01:52:59
1070,2,M09917,Type_16,Morning,139.9,2024-02-09 04:12:03
1071,6,M06705,Type_13,Morning,102.2,2024-02-09 04:16:59
1072,11,M04423,Type_10,Morning,139.6,2024-02-09 05:33:07
1073,18,M09985,Type_12,Morning,96.8,2024-02-09 05:36:24
1074,13,M01760,Type_17,Morning,136.6,2024-02-09 07:18:28
1075,21,M09182,Type_08,Night,126.3,2024-02-09 07:59:48
1076,12,M02483,Type_05,Afternoon,91.7,2024-02-09 09:41:09
1077,20,M08059,Type_06,Morning,116.1,2024-02-09 11:22:42
1078,7,M00952,Type_06,Afternoon,109.0,2024-02-09 12:52:47
1079,20,M08915,Type_03,Morning,122.5,2024-02-09 17:16:43
1080,7,M02080,Type_13,Night,105.5,2024-02-09 18:32:36
1081,24,M02718,Type_21,Night,103.9,2024-02-09 18:55:24
1082,7,M04525,Type_21,Morning,137.4,2024-02-09 19:52:53
1083,2,M09693,Type_23,Afternoon,108.0,2024-02-09 19:56:13
1084,11,M08478,Type_20,Night,126.5,2024-02-09 20:15:26
1085,1,M07312,Type_04,Night,105.5,2024-02-09 20:38:54
1086,21,M07187,Type_05,Afternoon,143.3,2024-02-09 22:28:13
1087,13,M02066,Type_12,Afternoon,96.4,2024-02-09 22:28:31
1088,12,M00769,Type_16,Morning,97.7,2024-02-09 22:46:13
1089,13,M05491,Type_21,Night,140.5,2024-02-09 23:21:05
1090,7,M06646,Type_02,Morning,101.1,2024-02-09 23:51:16
1091,12,M05084,Type_11,Night,142.0,2024-02-10 01:35:29
1092,17,M05233,Type_07,Afternoon,127.8,2024-02-10 02:09:22
1093,8,M05798,Type_23,Afternoon,106.9,2024-02-10 03:39:43
1094,3,M09139,Type_25,Afternoon,80.0,2024-02-10 03:59:28
1095,7,M04927,Type_18,Morning,109.6,2024-02-10 04:58:18
1096,19,M06017,Type_01,Morning,112.0,2024-02-10 05:37:47
1097,20,M03336,Type_09,Morning,133.3,2024-02-10 05:48:43
1098,8,M08039,Type_19,Morning,141.8,2024-02-10 06:50:34
1099,14,M04874,Type_19,Night,96.3,2024-02-10 06:51:44
1100,14,M01482,Type_15,Morning,126.0,2024-02-10 07:09:52
1101,2,M06306,Type_10,Morning,125.3,2024-02-10 07:14:02
1102,6,M03452,Type_17,Night,131.5,2024-02-10 07:32:06
1103,16,M00055,Type_21,Night,120.0,2024-02-10 08:40:35
1104,9,M07644,Type_17,Night,80.0,2024-02-10 09:01:33
1105,25,M03463,Type_12,Night,106.9,2024-02-10 10:06:44
1106,21,M00833,Type_22,Morning,86.9,2024-02-10 11:57:30
1107,15,M05955,Type_19,Morning,105.9,2024-02-10 12:56:03
1108,19,M08520,Type_22,Night,129.6,2024-02-10 16:10:45
1109,15,M07222,Type_01,Afternoon,116.1,2024-02-10 17:45:27
1110,22,M03311,Type_24,Morning,133.0,2024-02-10 18:36:46
1111,12,M03301,Type_18,Night,116.8,2024-02-10 19:59:18
1112,9,M06723,Type_13,Morning,84.0,2024-02-10 21:30:06
1113,16,M07219,Type_04,Morning,80.0,2024-02-10 23:19:21
1114,6,M07777,Type_25,Afternoon,113.0,2024-02-10 23:39:02
1115,20,M03676,Type_23,Afternoon,105.7,2024-02-11 01:56:57
1116,15,M03055,Type_25,Afternoon,90.5,2024-02-11 02:41:53
1117,13,M07971,Type_16,Morning,80.0,2024-02-11 04:00:56
1118,21,M02144,Type_09,Night,95.3,2024-02-11 04:34:24
1119,23,M05208,Type_18,Morning,106.1,2024-02-11 05:11:18
1120,10,M09504,Type_20,Morning,123.3,2024-02-11 05:20:51
1121,14,M02539,Type_07,Night,113.8,2024-02-11 06:01:14
1122,3,M04548,Type_09,Night,142.2,2024-02-11 06:31:27
1123,12,M05620,Type_06,Night,89.3,2024-02-11 07:44:18
1124,25,M08357,Type_14,Night,127.6,2024-02-11 09:40:25
1125,1,M06613,Type_18,Afternoon,110.9,2024-02-11 13:03:57
1126,24,M05006,Type_23,Afternoon,123.9,2024-02-11 13:10:17
1127,21,M00823,Type_24,Morning,101.3,2024-02-11 13:56:26
1128,16,M00944,Type_24,Afternoon,131.4,2024-02-11 14:57:18
1129,10,M06151,Type_25,Morning,115.9,2024-02-11 16:54:30
1130,9,M04426,Type_18,Morning,96.4,2024-02-11 17:54:37
1131,18,M08967,Type_06,Afternoon,109.8,2024-02-11 17:59:41
1132,1,M02199,Type_13,Afternoon,105.2,2024-02-11 18:26:32
1133,10,M04243,Type_03,Morning,119.8,2024-02-11 19:07:06
1134,7,M03696,Type_09,Morning,86.4,2024-02-11 19:19:10
1135,10,M03453,Type_17,Afternoon,109.4,2024-02-11 20:34:06
1136,12,M09107,Type_20,Morning,117.9,2024-02-11 23:32:44
1137,11,M01309,Type_17,Night,110.7,2024-02-11 23:40:26
1138,9,M04178,Type_10,Afternoon,136.9,2024-02-12 01:17:28
1139,5,M08706,Type_23,Afternoon,125.5,2024-02-12 02:29:21
1140,4,M06853,Type_07,Afternoon,109.9,2024-02-12 03:52:57
1141,20,M06036,Type_22,Night,114.3,2024-02-12 04:29:58
1142,13,M03595,Type_11,Morning,115.9,2024-02-12 04:50:23
1143,8,M04842,Type_02,Afternoon,118.1,2024-02-12 05:01:50
1144,16,M01410,Type_23,Afternoon,80.0,2024-02-12 05:01:56
1145,1,M04567,Type_23,Morning,104.0,2024-02-12 05:05:06
1146,17,M04492,Type_10,Night,80.3,2024-02-12 06:15:07
1147,15,M01556,Type_08,Night,135.6,2024-02-12 06:56:13
1148,24,M00805,Type_08,Afternoon,108.8,2024-02-12 07:14:50
1149,15,M01280,Type_23,Night,106.1,2024-02-12 10:16:15
1150,18,M07084,Type_18,Night,127.9,2024-02-12 10:36:40
1151,6,M05987,Type_07,Afternoon,118.4,2024-02-12 12:55:55
1152,2,M05620,Type_06,Night,87.4,2024-02-12 13:17:41
1153,5,M01388,Type_13,Afternoon,108.6,2024-02-12 14:35:35
1154,19,M02680,Type_12,Afternoon,103.3,2024-02-12 15:36:30
1155,7,M02107,Type_06,Afternoon,80.0,2024-02-12 15:45:31
1156,9,M08174,Type_11,Night,96.2,2024-02-12 18:32:48
1157,2,M04224,Type_02,Morning,106.3,2024-02-12 19:23:29
1158,7,M04832,Type_12,Night,107.7,2024-02-12 20:33:51
1159,24,M02769,Type_05,Night,80.4,2024-02-12 20:35:03
1160,14,M03187,Type_01,Morning,133.0,2024-02-12 20:39:18
1161,24,M02574,Type_15,Night,108.0,2024-02-12 21:28:41
1162,23,M02600,Type_08,Morning,110.8,2024-02-12 21:40:25
1163,15,M04034,Type_08,Morning,118.0,2024-02-12 22:29:36
1164,12,M08429,Type_11,Afternoon,94.2,2024-02-12 22:45:18
1165,20,M01305,Type_03,Morning,119.1,2024-02-12 23:21:05
1166,4,M07369,Type_18,Night,102.7,2024-02-12 23:26:09
1167,13,M05878,Type_05,Night,92.1,2024-02-12 23:44:09
1168,9,M01302,Type_03,Afternoon,121.5,2024-02-13 01:01:09
1169,12,M02542,Type_24,Morning,139.8,2024-02-13 02:21:31
1170,10,M02052,Type_08,Morning,124.5,2024-02-13 02:28:16
1171,9,M06810,Type_22,Afternoon,128.5,2024-02-13 06:56:28
1172,21,M08634,Type_25,Night,99.6,2024-02-13 07:37:06
1173,23,M08997,Type_14,Afternoon,80.0,2024-02-13 08:14:53
1174,7,M00075,Type_18,Morning,139.8,2024-02-13 09:12:36
1175,25,M06982,Type_13,Afternoon,151.1,2024-02-13 09:14:13
1176,12,M05476,Type_02,Afternoon,140.9,2024-02-13 09:25:14
1177,16,M08233,Type_06,Night,103.3,2024-02-13 11:53:00
1178,15,M07185,Type_19,Morning,86.9,2024-02-13 12:28:11
1179,7,M05797,Type_07,Night,88.7,2024-02-13 12:43:23
1180,8,M07142,Type_21,Afternoon,80.0,2024-02-13 13:20:09
1181,7,M01623,Type_08,Night,107.9,2024-02-13 14:42:08
1182,11,M08042,Type_09,Morning,142.1,2024-02-13 17:40:57
1183,4,M00342,Type_03,Afternoon,107.2,2024-02-13 18:04:36
1184,18,M02075,Type_18,Night,116.0,2024-02-13 18:10:45
1185,19,M07993,Type_01,Morning,137.5,2024-02-13 19:41:45
1186,7,M00646,Type_16,Night,101.9,2024-02-13 20:20:26
1187,13,M04264,Type_19,Afternoon,150.7,2024-02-13 21:22:07
1188,9,M08802,Type_03,Morning,149.8,2024-02-13 23:39:04
1189,18,M06137,Type_03,Morning,107.4,2024-02-14 00:03:43
1190,7,M08647,Type_19,Afternoon,98.4,2024-02-14 00:20:00
1191,20,M09901,Type_04,Morning,123.9,2024-02-14 00:47:39
1192,16,M02970,Type_10,Afternoon,103.0,2024-02-14 02:13:21
1193,23,M03029,Type_09,Morning,86.9,2024-02-14 03:03:51
1194,5,M07644,Type_17,Afternoon,135.6,2024-02-14 04:32:15
1195,7,M02682,Type_23,Morning,134.3,2024-02-14 07:28:32
1196,6,M03630,Type_07,Night,113.1,2024-02-14 07:36:01
1197,2,M04226,Type_01,Night,84.7,2024-02-14 08:01:49
1198,7,M03068,Type_11,Night,85.4,2024-02-14 08:58:39
1199,21,M05942,Type_20,Afternoon,112.1,2024-02-14 09:32:48
1200,9,M01387,Type_07,Morning,100.0,2024-02-14 09:51:11
1201,13,M02867,Type_18,Night,103.2,2024-02-14 12:34:25
1202,17,M04789,Type_25,Morning,130.4,2024-02-14 14:06:31
1203,17,M05491,Type_21,Morning,124.7,2024-02-14 15:13:26
1204,15,M04125,Type_15,Morning,137.6,2024-02-14 16:27:41
1205,18,M08341,Type_19,Afternoon,90.2,2024-02-14 18:23:42
1206,24,M03851,Type_22,Night,103.1,2024-02-14 20:20:40
1207,15,M05416,Type_16,Afternoon,125.2,2024-02-14 21:50:21
1208,11,M07680,Type_23,Afternoon,119.0,2024-02-14 22:49:22
1209,25,M06820,Type_23,Morning,140.6,2024-02-14 22:57:51
1210,12,M09329,Type_06,Night,118.4,2024-02-14 23:30:18
1211,23,M08379,Type_14,Afternoon,147.0,2024-02-15 00:06:26
1212,17,M09443,Type_22,Afternoon,120.8,2024-02-15 00:21:08
1213,12,M01334,Type_01,Morning,131.2,2024-02-15 00:46:55
1214,7,M04151,Type_24,Night,103.5,2024-02-15 02:54:19
1215,24,M06767,Type_18,Afternoon,110.3,2024-02-15 03:10:17
1216,7,M02712,Type_03,Morning,128.2,2024-02-15 03:32:59
1217,21,M04854,Type_09,Morning,142.3,2024-02-15 04:22:13
1218,23,M06213,Type_08,Afternoon,124.6,2024-02-15 04:27:25
1219,10,M07480,Type_19,Afternoon,108.3,2024-02-15 05:05:58
1220,16,M05409,Type_12,Morning,137.5,2024-02-15 05:11:32
1221,11,M09978,Type_22,Night,80.0,2024-02-15 05:55:21
1222,16,M07716,Type_17,Morning,81.6,2024-02-15 07:29:48
1223,2,M08943,Type_09,Afternoon,123.6,2024-02-15 08:50:16
1224,25,M01763,Type_24,Night,110.3,2024-02-15 08:55:21
1225,2,M07102,Type_19,Afternoon,122.1,2024-02-15 09:22:55
1226,18,M07675,Type_15,Afternoon,111.3,2024-02-15 11:11:59
1227,5,M06123,Type_17,Morning,121.4,2024-02-15 12:00:16
1228,14,M00482,Type_18,Morning,93.7,2024-02-15 13:24:47
1229,8,M00154,Type_03,Night,121.4,2024-02-15 13:56:05
1230,6,M07618,Type_20,Afternoon,129.9,2024-02-15 14:52:30
1231,9,M01525,Type_09,Night,134.4,2024-02-15 15:48:06
1232,6,M02121,Type_10,Morning,150.3,2024-02-15 15:50:51
1233,21,M02344,Type_22,Morning,114.9,2024-02-15 17:18:30
1234,17,M05137,Type_12,Morning,115.5,2024-02-15 18:12:39
1235,8,M05761,Type_22,Afternoon,80.0,2024-02-15 18:48:33
1236,3,M01241,Type_11,Morning,99.4,2024-02-15 18:51:07
1237,12,M00061,Type_24,Night,106.1,2024-02-15 19:12:36
1238,13,M09131,Type_14,Afternoon,131.0,2024-02-15 21:07:37
1239,18,M01640,Type_06,Night,97.8,2024-02-15 21:43:35
1240,23,M06186,Type_05,Morning,125.9,2024-02-16 00:14:04
1241,11,M07971,Type_16,Night,110.0,2024-02-16 01:21:36
1242,2,M01253,Type_15,Night,106.5,2024-02-16 02:07:57
1243,14,M04204,Type_18,Night,115.0,2024-02-16 03:12:03
1244,1,M08364,Type_07,Night,102.2,2024-02-16 03:13:37
1245,15,M09651,Type_18,Night,101.4,2024-02-16 03:42:50
1246,18,M03550,Type_09,Afternoon,80.0,2024-02-16 03:54:34
1247,22,M04198,Type_10,Morning,105.0,2024-02-16 07:40:38
1248,18,M07010,Type_11,Morning,100.4,2024-02-16 07:42:09
1249,17,M06668,Type_06,Night,99.7,2024-02-16 07:48:24
1250,1,M02323,Type_10,Afternoon,118.3,2024-02-16 07:48:59
1251,14,M09829,Type_23,Night,123.2,2024-02-16 07:55:43
1252,20,M04091,Type_03,Afternoon,114.6,2024-02-16 08:02:54
1253,24,M06961,Type_03,Morning,129.9,2024-02-16 08:07:40
1254,22,M03005,Type_05,Morning,121.5,2024-02-16 08:49:31
1255,16,M05137,Type_12,Afternoon,104.1,2024-02-16 08:58:16
1256,4,M00330,Type_02,Afternoon,100.7,2024-02-16 09:00:12
1257,22,M03641,Type_08,Morning,116.3,2024-02-16 10:17:55
1258,6,M07983,Type_21,Afternoon,121.5,2024-02-16 11:52:56
1259,25,M04108,Type_03,Morning,138.0,2024-02-16 12:26:53
1260,16,M01342,Type_23,Afternoon,133.8,2024-02-16 12:49:07
1261,20,M08408,Type_07,Morning,99.2,2024-02-16 13:02:10
1262,6,M00339,Type_18,Night,108.0,2024-02-16 13:02:37
1263,15,M05896,Type_08,Morning,123.4,2024-02-16 13:04:50
1264,1,M02709,Type_15,Afternoon,131.4,2024-02-16 13:24:40
1265,7,M01751,Type_19,Morning,128.8,2024-02-16 14:37:38
1266,23,M05605,Type_08,Morning,108.7,2024-02-16 16:52:41
1267,11,M02422,Type_04,Morning,84.9,2024-02-16 17:38:08
1268,1,M07120,Type_24,Afternoon,90.0,2024-02-16 18:10:29
1269,8,M08902,Type_06,Afternoon,115.5,2024-02-16 18:42:15
1270,14,M05320,Type_05,Morning,116.8,2024-02-16 19:45:33
1271,5,M06610,Type_03,Afternoon,88.0,2024-02-16 20:12:12
1272,13,M05388,Type_09,Night,110.9,2024-02-16 20:51:14
1273,15,M03994,Type_25,Night,122.6,2024-02-16 23:19:22
1274,9,M08681,Type_19,Morning,87.0,2024-02-17 01:14:33
1275,8,M08045,Type_11,Afternoon,132.1,2024-02-17 03:45:36
1276,19,M08239,Type_01,Morning,102.4,2024-02-17 04:09:56
1277,17,M04874,Type_19,Morning,135.2,2024-02-17 04:15:53
1278,19,M04807,Type_14,Night,99.3,2024-02-17 04:33:36
1279,18,M08593,Type_11,Morning,89.5,2024-02-17 05:15:36
1280,18,M05914,Type_22,Afternoon,100.8,2024-02-17 06:26:43
1281,4,M07125,Type_24,Afternoon,108.1,2024-02-17 07:10:18
1282,2,M03158,Type_14,Afternoon,102.2,2024-02-17 07:17:20
1283,24,M00391,Type_16,Afternoon,105.7,2024-02-17 08:27:44
1284,5,M04431,Type_19,Morning,116.7,2024-02-17 10:05:29
1285,17,M08821,Type_14,Morning,106.6,2024-02-17 10:07:41
1286,22,M07687,Type_23,Afternoon,108.7,2024-02-17 10:31:23
1287,7,M04233,Type_07,Morning,80.0,2024-02-17 10:51:04
1288,16,M08008,Type_22,Morning,117.8,2024-02-17 11:32:25
1289,1,M01522,Type_01,Morning,108.2,2024-02-17 12:28:46
1290,12,M09019,Type_09,Morning,142.2,2024-02-17 12:32:13
1291,19,M01501,Type_05,Morning,91.2,2024-02-17 12:58:23
1292,9,M06738,Type_16,Morning,80.0,2024-02-17 13:49:43
1293,16,M03295,Type_13,Afternoon,122.4,2024-02-17 14:04:52
1294,7,M05086,Type_02,Afternoon,116.9,2024-02-17 14:58:50
1295,15,M02420,Type_25,Night,89.8,2024-02-17 15:45:13
1296,12,M09127,Type_01,Morning,80.0,2024-02-17 17:01:38
1297,4,M03043,Type_01,Morning,140.7,2024-02-17 17:13:36
1298,6,M04498,Type_13,Morning,138.3,2024-02-17 17:52:48
1299,6,M01467,Type_16,Afternoon,80.0,2024-02-17 18:39:43
1300,15,M03562,Type_12,Afternoon,100.8,2024-02-17 20:07:59
1301,3,M00615,Type_24,Morning,143.3,2024-02-17 20:16:17
1302,2,M05393,Type_19,Night,100.5,2024-02-17 20:34:59
1303,5,M07694,Type_03,Morning,100.2,2024-02-17 20:52:13
1304,8,M09375,Type_08,Afternoon,104.3,2024-02-17 22:13:43
1305,19,M03224,Type_08,Afternoon,87.6,2024-02-17 22:25:47
1306,21,M07139,Type_08,Night,80.0,2024-02-17 23:10:45
1307,16,M02668,Type_24,Afternoon,131.1,2024-02-18 01:46:08
1308,19,M07981,Type_23,Night,80.0,2024-02-18 01:55:45
1309,23,M00131,Type_09,Morning,114.9,2024-02-18 01:57:15
1310,16,M02984,Type_21,Night,127.7,2024-02-18 03:08:01
1311,6,M04279,Type_05,Morning,81.0,2024-02-18 03:09:42
1312,22,M07127,Type_14,Night,91.5,2024-02-18 04:13:27
1313,1,M08231,Type_11,Afternoon,134.3,2024-02-18 06:03:45
1314,18,M07695,Type_23,Night,120.7,2024-02-18 07:12:38
1315,22,M06641,Type_09,Afternoon,97.7,2024-02-18 07:49:35
1316,8,M05469,Type_17,Afternoon,134.0,2024-02-18 07:57:43
1317,5,M00921,Type_19,Afternoon,134.1,2024-02-18 08:20:06
1318,12,M07565,Type_25,Afternoon,115.4,2024-02-18 08:54:23
1319,18,M08685,Type_05,Morning,92.0,2024-02-18 10:09:40
1320,5,M09324,Type_07,Morning,101.7,2024-02-18 10:16:32
1321,25,M08503,Type_16,Morning,115.7,2024-02-18 13:06:03
1322,22,M08931,Type_12,Morning,106.2,2024-02-18 14:08:20
1323,13,M03242,Type_12,Night,128.8,2024-02-18 14:33:51
1324,21,M00546,Type_21,Morning,80.0,2024-02-18 15:43:49
1325,22,M04347,Type_22,Night,80.1,2024-02-18 15:51:59
1326,12,M09997,Type_04,Morning,113.6,2024-02-18 15:53:15
1327,16,M03811,Type_03,Morning,100.2,2024-02-18 17:22:57
1328,14,M07207,Type_12,Night,97.5,2024-02-18 17:33:58
1329,11,M09006,Type_01,Afternoon,80.0,2024-02-18 17:51:15
1330,9,M02033,Type_11,Afternoon,110.4,2024-02-18 18:16:39
1331,23,M08437,Type_17,Afternoon,108.9,2024-02-18 18:26:39
1332,10,M00272,Type_25,Afternoon,123.1,2024-02-18 20:17:24
1333,16,M03512,Type_11,Morning,111.4,2024-02-18 21:41:29
1334,19,M01772,Type_11,Night,107.3,2024-02-18 22:04:53
1335,10,M09455,Type_19,Night,133.5,2024-02-18 22:17:30
1336,21,M04362,Type_01,Afternoon,83.8,2024-02-18 22:26:27
1337,4,M07070,Type_24,Morning,120.7,2024-02-18 22:27:34
1338,21,M00921,Type_19,Afternoon,80.0,2024-02-18 23:38:09
1339,8,M08191,Type_02,Morning,93.2,2024-02-19 01:08:18
1340,11,M03431,Type_24,Morning,85.7,2024-02-19 01:56:04
1341,6,M04436,Type_08,Morning,125.6,2024-02-19 02:30:12
1342,4,M03761,Type_12,Afternoon,108.7,2024-02-19 02:54:33
1343,21,M02051,Type_12,Night,109.7,2024-02-19 03:35:23
1344,23,M01166,Type_11,Afternoon,87.9,2024-02-19 04:30:13
1345,24,M08568,Type_15,Afternoon,104.0,2024-02-19 05:40:31
1346,5,M02034,Type_25,Afternoon,94.7,2024-02-19 07:03:18
1347,18,M06468,Type_03,Morning,117.7,2024-02-19 07:40:24
1348,22,M00146,Type_09,Morning,90.2,2024-02-19 08:32:31
1349,25,M04389,Type_16,Night,136.6,2024-02-19 10:00:19
1350,3,M07833,Type_16,Morning,80.0,2024-02-19 10:25:14
1351,7,M08624,Type_13,Night,93.9,2024-02-19 11:59:19
1352,24,M08897,Type_21,Afternoon,143.5,2024-02-19 12:57:22
1353,22,M08174,Type_11,Afternoon,101.3,2024-02-19 13:48:24
1354,12,M02633,Type_24,Afternoon,83.7,2024-02-19 14:33:38
1355,3,M04495,Type_07,Afternoon,114.4,2024-02-19 15:54:05
1356,17,M08057,Type_16,Night,100.5,2024-02-19 16:37:08
1357,3,M07512,Type_21,Night,93.3,2024-02-19 17:14:11
1358,11,M09156,Type_19,Afternoon,88.1,2024-02-19 18:08:37
1359,6,M01829,Type_20,Morning,160.0,2024-02-19 18:32:01
1360,11,M09131,Type_14,Afternoon,105.0,2024-02-19 18:34:41
1361,4,M04806,Type_07,Night,80.0,2024-02-19 19:43:07
1362,17,M00807,Type_22,Morning,139.9,2024-02-19 20:31:58
1363,22,M09656,Type_08,Afternoon,122.2,2024-02-19 20:47:50
1364,1,M07487,Type_25,Afternoon,94.7,2024-02-19 21:26:57
1365,12,M08203,Type_03,Afternoon,91.3,2024-02-19 23:34:12
1366,24,M01869,Type_21,Morning,123.5,2024-02-20 02:09:50
1367,3,M07879,Type_15,Afternoon,105.1,2024-02-20 02:17:52
1368,16,M05691,Type_12,Night,80.0,2024-02-20 02:40:23
1369,3,M07828,Type_06,Morning,145.7,2024-02-20 03:06:42
1370,14,M05430,Type_24,Morning,101.3,2024-02-20 03:20:06
1371,17,M09077,Type_02,Night,139.9,2024-02-20 03:52:58
1372,19,M03565,Type_01,Morning,135.6,2024-02-20 05:23:54
1373,7,M01390,Type_18,Night,90.0,2024-02-20 05:38:03
1374,24,M07275,Type_18,Afternoon,130.7,2024-02-20 06:59:23
1375,11,M00825,Type_19,Morning,97.0,2024-02-20 07:27:34
1376,16,M02266,Type_03,Night,80.0,2024-02-20 07:34:55
1377,24,M00937,Type_07,Afternoon,101.5,2024-02-20 08:36:17
1378,19,M06403,Type_08,Afternoon,118.0,2024-02-20 08:51:41
1379,5,M03846,Type_17,Morning,100.7,2024-02-20 08:54:52
1380,1,M01797,Type_13,Afternoon,103.9,2024-02-20 10:33:10
1381,25,M08246,Type_22,Morning,132.9,2024-02-20 12:01:25
1382,24,M07215,Type_13,Morning,112.1,2024-02-20 12:09:19
1383,10,M00727,Type_25,Night,93.1,2024-02-20 14:18:00
1384,18,M02737,Type_18,Morning,124.0,2024-02-20 15:03:46
1385,10,M01914,Type_13,Afternoon,114.0,2024-02-20 15:28:44
1386,1,M09789,Type_20,Morning,80.0,2024-02-20 15:53:33
1387,13,M07658,Type_18,Night,118.6,2024-02-20 16:10:41
1388,4,M02467,Type_20,Morning,117.8,2024-02-20 16:18:15
1389,25,M09042,Type_17,Night,110.4,2024-02-20 17:06:09
1390,12,M07313,Type_11,Afternoon,127.8,2024-02-20 17:53:42
1391,24,M08195,Type_14,Morning,96.6,2024-02-20 18:10:45
1392,16,M07907,Type_03,Morning,116.7,2024-02-20 19:52:12
1393,19,M04877,Type_06,Morning,80.0,2024-02-20 20:19:30
1394,12,M07288,Type_12,Afternoon,118.1,2024-02-20 20:36:23
1395,6,M00893,Type_19,Morning,149.1,2024-02-20 20:53:03
1396,16,M04676,Type_17,Night,90.1,2024-02-20 21:31:24
1397,12,M01934,Type_13,Afternoon,94.8,2024-02-20 22:53:02
1398,25,M01381,Type_11,Morning,95.8,2024-02-20 23:01:13
1399,24,M01291,Type_20,Afternoon,112.6,2024-02-21 00:13:04
1400,10,M01641,Type_19,Afternoon,88.7,2024-02-21 01:41:07
1401,5,M07491,Type_22,Morning,118.4,2024-02-21 02:09:30
1402,25,M09180,Type_23,Morning,126.9,2024-02-21 02:09:49
1403,25,M01219,Type_15,Morning,120.7,2024-02-21 03:10:58
1404,19,M05017,Type_21,Afternoon,80.0,2024-02-21 03:53:49
1405,12,M06882,Type_20,Afternoon,129.9,2024-02-21 04:55:23
1406,8,M09548,Type_17,Afternoon,128.7,2024-02-21 05:55:52
1407,4,M09753,Type_11,Night,126.6,2024-02-21 09:22:12
1408,7,M09611,Type_04,Night,117.5,2024-02-21 09:59:02
1409,24,M00955,Type_18,Afternoon,114.4,2024-02-21 11:18:40
1410,23,M09176,Type_17,Night,130.6,2024-02-21 12:12:23
1411,5,M07292,Type_12,Morning,148.5,2024-02-21 12:37:56
1412,11,M00975,Type_04,Morning,90.9,2024-02-21 13:37:21
1413,17,M04134,Type_11,Morning,131.6,2024-02-21 14:11:54
1414,24,M05371,Type_20,Morning,108.3,2024-02-21 14:17:36
1415,21,M03973,Type_17,Afternoon,107.4,2024-02-21 14:25:30
1416,3,M05296,Type_12,Night,80.0,2024-02-21 17:39:41
1417,2,M09106,Type_13,Morning,104.3,2024-02-21 17:41:17
1418,19,M08229,Type_25,Morning,90.1,2024-02-21 17:47:10
1419,25,M09904,Type_17,Afternoon,100.7,2024-02-21 18:42:37
1420,2,M03021,Type_12,Night,88.0,2024-02-21 19:09:02
1421,14,M08988,Type_21,Morning,101.0,2024-02-21 19:41:05
1422,1,M04037,Type_21,Afternoon,101.9,2024-02-21 19:51:23
1423,16,M05069,Type_15,Morning,111.9,2024-02-21 20:48:45
1424,15,M05234,Type_17,Morning,80.0,2024-02-21 20:53:45
1425,18,M09517,Type_15,Night,81.1,2024-02-21 22:12:49
1426,2,M00318,Type_08,Night,117.2,2024-02-22 02:25:04
1427,11,M02397,Type_04,Morning,94.1,2024-02-22 03:02:40
1428,21,M02163,Type_11,Night,131.5,2024-02-22 03:17:07
1429,17,M02746,Type_25,Afternoon,114.5,2024-02-22 03:43:43
1430,13,M01592,Type_16,Night,122.1,2024-02-22 03:51:10
1431,12,M06184,Type_14,Afternoon,138.2,2024-02-22 04:24:11
1432,24,M03931,Type_03,Afternoon,103.8,2024-02-22 04:33:12
1433,2,M01313,Type_11,Afternoon,98.5,2024-02-22 05:58:36
1434,22,M09478,Type_25,Afternoon,127.4,2024-02-22 07:14:33
1435,21,M04312,Type_16,Morning,120.2,2024-02-22 07:34:32
1436,18,M07315,Type_20,Morning,106.3,2024-02-22 07:50:39
1437,10,M02384,Type_12,Morning,137.8,2024-02-22 08:02:51
1438,12,M03240,Type_13,Afternoon,105.8,2024-02-22 08:25:21
1439,17,M02140,Type_14,Morning,110.7,2024-02-22 12:03:06
1440,22,M01705,Type_01,Afternoon,110.4,2024-02-22 12:11:58
1441,14,M06925,Type_23,Night,91.3,2024-02-22 12:40:41
1442,22,M00363,Type_14,Morning,111.6,2024-02-22 13:52:37
1443,19,M02605,Type_10,Afternoon,137.9,2024-02-22 17:05:42
1444,13,M09909,Type_22,Afternoon,118.9,2024-02-22 19:37:19
1445,24,M04287,Type_19,Night,110.6,2024-02-22 22:05:56
1446,25,M03739,Type_23,Morning,106.8,2024-02-22 22:34:29
1447,3,M02470,Type_20,Afternoon,116.6,2024-02-22 22:54:23
1448,25,M04796,Type_24,Night,125.0,2024-02-22 23:08:41
1449,8,M06151,Type_25,Night,122.2,2024-02-22 23:22:05
1450,5,M00557,Type_18,Afternoon,103.4,2024-02-22 23:34:16
1451,22,M09018,Type_06,Afternoon,116.5,2024-02-23 03:03:51
1452,12,M02809,Type_06,Afternoon,119.6,2024-02-23 03:08:44
1453,1,M05151,Type_24,Night,89.9,2024-02-23 03:19:49
1454,21,M07562,Type_11,Afternoon,113.4,2024-02-23 04:22:08
1455,16,M02720,Type_24,Morning,80.0,2024-02-23 04:26:24
1456,12,M06507,Type_08,Night,119.7,2024-02-23 04:27:28
1457,23,M03742,Type_14,Afternoon,123.2,2024-02-23 05:17:04
1458,17,M09767,Type_18,Afternoon,125.0,2024-02-23 06:09:14
1459,9,M03999,Type_10,Morning,102.1,2024-02-23 06:25:34
1460,13,M02404,Type_16,Afternoon,116.2,2024-02-23 06:28:58
1461,23,M08781,Type_21,Morning,138.5,2024-02-23 07:29:30
1462,4,M09740,Type_04,Afternoon,138.3,2024-02-23 08:05:50
1463,4,M00295,Type_18,Morning,109.4,2024-02-23 08:12:20
1464,15,M05344,Type_08,Afternoon,112.8,2024-02-23 08:25:46
1465,10,M09883,Type_13,Night,132.2,2024-02-23 09:02:24
1466,23,M01137,Type_25,Morning,80.0,2024-02-23 13:28:21
1467,6,M02065,Type_05,Night,103.5,2024-02-23 15:10:03
1468,3,M07010,Type_11,Afternoon,136.7,2024-02-23 15:35:18
1469,25,M04544,Type_01,Night,129.5,2024-02-23 16:52:08
1470,15,M01008,Type_09,Night,117.4,2024-02-23 16:58:54
1471,6,M05446,Type_13,Afternoon,80.0,2024-02-23 19:14:10
1472,11,M05353,Type_15,Afternoon,109.0,2024-02-23 20:23:15
1473,2,M09440,Type_18,Night,98.2,2024-02-23 20:42:13
1474,2,M01436,Type_16,Afternoon,116.6,2024-02-23 21:36:18
1475,1,M00572,Type_23,Morning,93.8,2024-02-23 21:38:49
1476,11,M02383,Type_05,Afternoon,89.5,2024-02-24 00:09:46
1477,5,M09438,Type_03,Night,80.0,2024-02-24 04:17:03
1478,6,M05085,Type_07,Night,134.4,2024-02-24 04:58:56
1479,3,M00278,Type_23,Night,102.0,2024-02-24 06:15:59
1480,20,M07060,Type_04,Afternoon,113.1,2024-02-24 07:59:45
1481,5,M01888,Type_11,Night,110.0,2024-02-24 08:22:21
1482,20,M01266,Type_19,Morning,88.7,2024-02-24 08:33:04
1483,9,M07492,Type_08,Afternoon,84.8,2024-02-24 08:58:59
1484,19,M01041,Type_15,Morning,89.9,2024-02-24 10:10:26
1485,5,M09110,Type_22,Morning,95.5,2024-02-24 10:51:51
1486,23,M08074,Type_02,Morning,117.3,2024-02-24 10:56:51
1487,12,M09078,Type_20,Morning,94.1,2024-02-24 13:07:55
1488,12,M02753,Type_24,Afternoon,144.9,2024-02-24 13:55:28
1489,16,M08214,Type_24,Morning,130.5,2024-02-24 14:12:43
1490,7,M04570,Type_14,Afternoon,126.2,2024-02-24 14:54:02
1491,14,M06354,Type_24,Morning,107.6,2024-02-24 15:32:03
1492,22,M02354,Type_06,Morning,140.3,2024-02-24 18:48:34
1493,9,M07438,Type_25,Morning,105.6,2024-02-24 19:09:31
1494,15,M04800,Type_22,Morning,109.4,2024-02-24 19:20:06
1495,23,M00687,Type_10,Afternoon,113.4,2024-02-24 19:22:06
1496,11,M08477,Type_01,Afternoon,124.0,2024-02-24 20:28:06
1497,4,M04812,Type_01,Afternoon,122.7,2024-02-24 21:52:56
1498,11,M08955,Type_25,Afternoon,100.5,2024-02-24 22:13:45
1499,9,M05347,Type_13,Morning,99.3,2024-02-24 22:25:26
1500,6,M05044,Type_13,Night,122.8,2024-02-24 23:09:29
1501,17,M02429,Type_18,Afternoon,124.3,2024-02-24 23:16:34
1502,9,M05127,Type_03,Afternoon,102.1,2024-02-24 23:40:15
1503,23,M08221,Type_07,Morning,80.0,2024-02-24 23:58:04
1504,6,M09099,Type_10,Morning,105.9,2024-02-25 01:43:33
1505,6,M07814,Type_15,Morning,122.5,2024-02-25 02:06:15
1506,4,M09646,Type_10,Morning,146.1,2024-02-25 02:32:13
1507,20,M03357,Type_10,Afternoon,86.0,2024-02-25 03:14:30
1508,11,M08708,Type_20,Afternoon,101.5,2024-02-25 03:34:07
1509,3,M07267,Type_01,Afternoon,102.2,2024-02-25 04:50:01
1510,24,M06541,Type_24,Night,137.1,2024-02-25 05:05:56
1511,24,M00039,Type_17,Night,109.3,2024-02-25 05:56:33
1512,18,M03343,Type_16,Afternoon,91.9,2024-02-25 06:18:24
1513,16,M09079,Type_09,Night,121.2,2024-02-25 06:37:50
1514,21,M02845,Type_04,Morning,101.9,2024-02-25 10:34:59
1515,16,M01099,Type_22,Morning,85.5,2024-02-25 11:15:29
1516,25,M07028,Type_21,Morning,92.1,2024-02-25 12:43:38
1517,12,M01824,Type_22,Afternoon,144.7,2024-02-25 13:58:14
1518,14,M03156,Type_05,Night,117.7,2024-02-25 15:11:47
1519,9,M03094,Type_02,Morning,112.2,2024-02-25 15:50:55
1520,7,M05659,Type_13,Night,105.0,2024-02-25 17:20:57
1521,14,M03779,Type_08,Morning,115.8,2024-02-25 19:06:43
1522,20,M02897,Type_04,Night,115.6,2024-02-25 19:27:54
1523,20,M00989,Type_20,Morning,115.8,2024-02-25 19:50:08
1524,10,M04117,Type_23,Morning,112.3,2024-02-25 22:51:18
1525,11,M06447,Type_19,Afternoon,127.4,2024-02-25 23:12:08
1526,7,M04180,Type_22,Morning,110.5,2024-02-25 23:12:33
1527,19,M01683,Type_24,Morning,90.4,2024-02-25 23:53:13
1528,19,M05627,Type_12,Morning,97.8,2024-02-26 00:39:07
1529,21,M07425,Type_13,Night,80.0,2024-02-26 01:52:17
1530,11,M00934,Type_14,Afternoon,150.5,2024-02-26 03:06:44
1531,6,M03599,Type_24,Morning,127.3,2024-02-26 04:20:14
1532,8,M01981,Type_22,Afternoon,93.4,2024-02-26 06:18:03
1533,1,M03057,Type_16,Afternoon,104.4,2024-02-26 06:40:32
1534,23,M08985,Type_01,Morning,97.3,2024-02-26 06:44:49
1535,8,M00792,Type_07,Afternoon,140.9,2024-02-26 07:25:09
1536,5,M05391,Type_06,Morning,81.6,2024-02-26 08:06:30
1537,10,M06636,Type_19,Morning,112.3,2024-02-26 09:17:47
1538,2,M02256,Type_15,Afternoon,107.8,2024-02-26 09:49:05
1539,4,M03611,Type_20,Morning,126.5,2024-02-26 10:02:15
1540,22,M01608,Type_21,Afternoon,107.9,2024-02-26 11:40:30
1541,25,M05180,Type_12,Afternoon,80.0,2024-02-26 14:11:59
1542,2,M06574,Type_07,Morning,105.0,2024-02-26 14:24:26
1543,15,M00985,Type_05,Afternoon,90.6,2024-02-26 14:44:07
1544,20,M05777,Type_23,Morning,111.6,2024-02-26 14:50:31
1545,10,M03677,Type_14,Night,138.7,2024-02-26 16:03:18
1546,21,M03381,Type_12,Afternoon,80.0,2024-02-26 16:41:13
1547,24,M08712,Type_19,Night,94.0,2024-02-26 17:12:47
1548,24,M08783,Type_15,Afternoon,98.9,2024-02-26 17:23:01
1549,2,M01051,Type_15,Morning,102.4,2024-02-26 17:28:47
1550,6,M03634,Type_18,Afternoon,124.8,2024-02-26 18:00:06
1551,22,M06343,Type_07,Night,106.5,2024-02-26 18:15:56
1552,14,M00960,Type_25,Afternoon,118.3,2024-02-26 18:21:04
1553,5,M06060,Type_11,Night,97.5,2024-02-26 18:24:25
1554,24,M08885,Type_23,Night,114.6,2024-02-26 18:27:24
1555,2,M05656,Type_22,Morning,125.6,2024-02-26 20:58:47
1556,14,M04474,Type_06,Morning,95.4,2024-02-26 21:01:45
1557,13,M02947,Type_02,Afternoon,125.6,2024-02-26 21:16:13
1558,2,M07726,Type_16,Afternoon,111.0,2024-02-26 21:55:44
1559,23,M00527,Type_10,Night,130.9,2024-02-26 22:20:42
1560,9,M03225,Type_04,Night,106.0,2024-02-26 22:30:54
1561,3,M01876,Type_05,Morning,117.6,2024-02-27 03:34:15
1562,15,M01764,Type_13,Morning,109.2,2024-02-27 06:47:16
1563,23,M08713,Type_08,Night,108.1,2024-02-27 07:14:17
1564,3,M05798,Type_23,Morning,115.2,2024-02-27 08:05:46
1565,12,M09209,Type_14,Night,120.7,2024-02-27 10:40:05
1566,6,M07100,Type_19,Afternoon,85.0,2024-02-27 12:33:05
1567,19,M05110,Type_21,Afternoon,138.7,2024-02-27 14:15:40
1568,17,M06645,Type_11,Morning,80.0,2024-02-27 15:07:30
1569,6,M00117,Type_10,Afternoon,96.3,2024-02-27 16:19:30
1570,19,M02434,Type_01,Afternoon,108.1,2024-02-27 16:44:53
1571,17,M05464,Type_10,Afternoon,118.2,2024-02-27 16:58:45
1572,16,M00584,Type_22,Morning,141.5,2024-02-27 20:56:56
1573,21,M08587,Type_25,Afternoon,80.0,2024-02-27 21:37:18
1574,8,M03789,Type_13,Night,99.8,2024-02-27 21:42:19
1575,24,M04168,Type_03,Morning,80.0,2024-02-27 22:43:06
1576,24,M08466,Type_12,Morning,110.6,2024-02-27 23:41:54
1577,19,M01390,Type_18,Morning,115.4,2024-02-28 00:18:18
1578,8,M08358,Type_14,Afternoon,141.8,2024-02-28 00:39:17
1579,20,M09760,Type_11,Afternoon,112.4,2024-02-28 00:49:01
1580,15,M06155,Type_18,Afternoon,130.9,2024-02-28 02:06:25
1581,8,M05421,Type_08,Morning,121.7,2024-02-28 02:47:53
1582,3,M08921,Type_04,Morning,101.3,2024-02-28 05:51:51
1583,16,M02044,Type_11,Afternoon,81.8,2024-02-28 07:35:40
1584,3,M04198,Type_10,Afternoon,115.5,2024-02-28 11:14:59
1585,1,M03497,Type_01,Night,80.2,2024-02-28 13:39:15
1586,8,M00779,Type_09,Morning,135.9,2024-02-28 13:49:54
1587,24,M00214,Type_24,Afternoon,106.8,2024-02-28 13:52:01
1588,9,M03763,Type_08,Afternoon,133.9,2024-02-28 14:11:48
1589,22,M09769,Type_06,Afternoon,100.4,2024-02-28 14:57:19
1590,12,M06732,Type_14,Afternoon,115.4,2024-02-28 15:14:54
1591,18,M03118,Type_08,Afternoon,114.2,2024-02-28 15:28:46
1592,17,M05792,Type_09,Night,109.1,2024-02-28 17:10:31
1593,8,M08784,Type_14,Morning,101.3,2024-02-28 17:56:05
1594,20,M02721,Type_20,Morning,117.8,2024-02-28 20:05:42
1595,11,M08906,Type_07,Afternoon,91.5,2024-02-28 20:12:13
1596,7,M09128,Type_18,Afternoon,85.8,2024-02-28 22:40:38
1597,14,M06048,Type_11,Morning,134.9,2024-02-28 23:36:05
1598,10,M08033,Type_14,Morning,124.5,2024-02-28 23:58:35
1599,15,M00002,Type_16,Morning,111.3,2024-02-29 00:05:16
1600,12,M06369,Type_05,Night,143.3,2024-02-29 00:22:41
1601,20,M01950,Type_11,Morning,104.6,2024-02-29 00:25:36
1602,17,M06733,Type_13,Morning,136.5,2024-02-29 02:42:47
1603,8,M07834,Type_11,Morning,113.5,2024-02-29 02:58:39
1604,14,M00918,Type_17,Morning,89.5,2024-02-29 03:12:44
1605,25,M03175,Type_10,Morning,147.0,2024-02-29 03:17:59
1606,15,M07015,Type_21,Afternoon,129.8,2024-02-29 03:20:26
1607,25,M00090,Type_22,Morning,107.6,2024-02-29 03:39:03
1608,25,M01710,Type_17,Night,124.5,2024-02-29 04:55:08
1609,11,M03042,Type_16,Morning,101.9,2024-02-29 05:25:44
1610,12,M00106,Type_13,Afternoon,126.6,2024-02-29 06:11:27
1611,20,M09079,Type_09,Night,80.0,2024-02-29 07:05:17
1612,16,M08620,Type_07,Afternoon,89.6,2024-02-29 07:14:08
1613,25,M01896,Type_16,Afternoon,129.6,2024-02-29 07:53:51
1614,20,M06091,Type_12,Morning,105.0,2024-02-29 08:32:36
1615,18,M08509,Type_17,Morning,114.2,2024-02-29 08:39:53
1616,10,M06083,Type_11,Afternoon,83.1,2024-02-29 09:40:47
1617,19,M00635,Type_10,Night,147.0,2024-02-29 10:21:11
1618,18,M01926,Type_06,Afternoon,133.8,2024-02-29 10:54:16
1619,1,M02057,Type_04,Afternoon,106.0,2024-02-29 13:01:14
1620,22,M06918,Type_09,Afternoon,101.9,2024-02-29 15:19:35
1621,4,M03145,Type_17,Afternoon,130.6,2024-02-29 15:26:26
1622,23,M09632,Type_01,Morning,149.6,2024-02-29 15:36:26
1623,7,M00553,Type_12,Afternoon,129.1,2024-02-29 15:59:32
1624,1,M08908,Type_19,Night,153.4,2024-02-29 16:51:22
1625,25,M05384,Type_08,Morning,91.6,2024-02-29 17:14:58
1626,8,M03912,Type_12,Afternoon,93.6,2024-02-29 18:34:01
1627,17,M09906,Type_19,Morning,86.2,2024-02-29 18:42:00
1628,8,M03390,Type_04,Afternoon,118.8,2024-02-29 19:44:20
1629,5,M09300,Type_02,Morning,113.5,2024-02-29 20:27:39
1630,1,M08443,Type_16,Afternoon,107.0,2024-02-29 20:30:56
1631,15,M02431,Type_19,Night,126.2,2024-02-29 20:59:30
1632,4,M00459,Type_23,Morning,134.6,2024-03-01 01:10:43
1633,7,M00208,Type_15,Afternoon,80.0,2024-03-01 02:02:55
1634,14,M00900,Type_18,Night,98.1,2024-03-01 02:22:52
1635,12,M00022,Type_24,Night,126.4,2024-03-01 03:05:59
1636,21,M08602,Type_08,Morning,100.6,2024-03-01 05:49:05
1637,3,M00895,Type_05,Morning,94.0,2024-03-01 06:02:33
1638,20,M00515,Type_21,Morning,130.4,2024-03-01 06:28:05
1639,18,M07295,Type_16,Night,84.2,2024-03-01 06:48:54
1640,8,M04905,Type_04,Night,104.0,2024-03-01 06:57:48
1641,2,M07868,Type_19,Afternoon,116.6,2024-03-01 07:42:29
1642,6,M04110,Type_14,Night,98.5,2024-03-01 07:53:48
1643,7,M07180,Type_13,Afternoon,125.7,2024-03-01 07:59:46
1644,7,M01561,Type_25,Afternoon,98.6,2024-03-01 09:00:15
1645,13,M01267,Type_24,Morning,138.2,2024-03-01 14:12:09
1646,1,M03639,Type_19,Night,107.5,2024-03-01 14:41:20
1647,8,M08942,Type_07,Morning,123.4,2024-03-01 14:51:24
1648,25,M03428,Type_07,Night,124.9,2024-03-01 17:15:27
1649,23,M04781,Type_12,Night,97.4,2024-03-01 17:37:30
1650,13,M01928,Type_05,Afternoon,80.0,2024-03-01 18:09:26
1651,24,M02357,Type_04,Morning,117.2,2024-03-01 19:11:20
1652,20,M04791,Type_13,Morning,111.4,2024-03-01 20:24:41
1653,24,M00307,Type_01,Morning,121.1,2024-03-01 20:34:11
1654,19,M07980,Type_08,Morning,105.5,2024-03-01 20:54:00
1655,17,M03666,Type_10,Morning,101.4,2024-03-01 21:24:07
1656,13,M07058,Type_21,Night,150.2,2024-03-01 22:05:54
1657,16,M00662,Type_11,Afternoon,80.6,2024-03-02 00:26:21
1658,24,M04645,Type_02,Morning,124.7,2024-03-02 00:28:35
1659,15,M08504,Type_12,Morning,98.5,2024-03-02 00:49:06
1660,11,M02921,Type_06,Afternoon,103.3,2024-03-02 00:57:28
1661,12,M09275,Type_10,Afternoon,103.7,2024-03-02 02:37:54
1662,22,M08947,Type_01,Afternoon,93.9,2024-03-02 03:41:36
1663,25,M06237,Type_07,Night,121.4,2024-03-02 04:30:59
1664,3,M06079,Type_11,Afternoon,137.8,2024-03-02 05:05:56
1665,24,M00353,Type_15,Night,119.4,2024-03-02 05:22:05
1666,25,M09095,Type_06,Night,112.1,2024-03-02 07:09:09
1667,9,M07006,Type_01,Morning,90.3,2024-03-02 08:03:36
1668,14,M00159,Type_18,Night,120.3,2024-03-02 08:32:26
1669,7,M00957,Type_17,Morning,153.1,2024-03-02 10:20:38
1670,11,M02072,Type_03,Night,102.4,2024-03-02 10:56:03
1671,10,M08596,Type_21,Morning,102.5,2024-03-02 12:02:46
1672,3,M09580,Type_10,Night,98.8,2024-03-02 13:27:07
1673,19,M03454,Type_22,Night,100.2,2024-03-02 13:39:22
1674,2,M06676,Type_03,Night,80.0,2024-03-02 14:57:53
1675,17,M00956,Type_16,Night,118.1,2024-03-02 16:02:29
1676,2,M06296,Type_22,Morning,93.1,2024-03-02 17:15:53
1677,21,M01713,Type_10,Morning,80.0,2024-03-02 17:58:46
1678,16,M04704,Type_05,Afternoon,125.1,2024-03-02 18:48:38
1679,17,M06564,Type_21,Morning,88.4,2024-03-02 19:21:16
1680,10,M09466,Type_08,Afternoon,103.2,2024-03-02 19:27:31
1681,4,M05632,Type_21,Morning,139.3,2024-03-02 20:04:59
1682,11,M09634,Type_06,Night,81.8,2024-03-02 21:52:03
1683,17,M09990,Type_14,Afternoon,80.0,2024-03-02 22:42:07
1684,24,M01395,Type_18,Night,115.4,2024-03-02 23:11:31
1685,12,M09462,Type_01,Morning,133.0,2024-03-03 01:07:34
1686,21,M04733,Type_24,Night,80.0,2024-03-03 02:06:05
1687,10,M03715,Type_11,Night,118.2,2024-03-03 02:17:44
1688,16,M00530,Type_24,Afternoon,121.6,2024-03-03 02:23:38
1689,4,M02959,Type_19,Afternoon,80.0,2024-03-03 03:29:18
1690,3,M07905,Type_05,Night,126.0,2024-03-03 04:01:11
1691,9,M03592,Type_05,Morning,127.5,2024-03-03 04:11:26
1692,6,M06896,Type_03,Afternoon,103.8,2024-03-03 04:46:18
1693,12,M09132,Type_17,Morning,135.0,2024-03-03 07:55:46
1694,1,M00526,Type_10,Morning,132.7,2024-03-03 10:21:11
1695,14,M06478,Type_18,Morning,112.1,2024-03-03 10:25:56
1696,24,M00002,Type_16,Morning,101.0,2024-03-03 10:53:15
1697,10,M00375,Type_23,Morning,90.5,2024-03-03 11:20:17
1698,18,M04649,Type_18,Morning,109.2,2024-03-03 12:32:32
1699,13,M02366,Type_25,Night,121.4,2024-03-03 12:36:37
1700,9,M01526,Type_23,Afternoon,103.5,2024-03-03 14:56:47
1701,23,M01647,Type_04,Night,80.0,2024-03-03 15:07:52
1702,19,M00014,Type_13,Afternoon,135.4,2024-03-03 15:46:39
1703,4,M04600,Type_10,Morning,113.8,2024-03-03 17:02:19
1704,3,M02279,Type_07,Afternoon,102.4,2024-03-03 17:22:11
1705,6,M03156,Type_05,Afternoon,127.1,2024-03-03 18:13:49
1706,9,M08322,Type_18,Morning,140.5,2024-03-03 18:18:59
1707,10,M03815,Type_12,Afternoon,80.0,2024-03-03 19:50:03
1708,9,M03217,Type_22,Morning,118.7,2024-03-03 20:45:26
1709,17,M08220,Type_04,Afternoon,81.5,2024-03-03 21:18:44
1710,10,M02114,Type_01,Afternoon,120.0,2024-03-03 22:05:27
1711,6,M09445,Type_01,Morning,112.6,2024-03-03 22:55:41
1712,16,M04357,Type_15,Morning,122.7,2024-03-04 01:03:18
1713,17,M05544,Type_18,Night,100.0,2024-03-04 01:17:59
1714,11,M04556,Type_09,Afternoon,80.0,2024-03-04 02:18:30
1715,20,M07063,Type_23,Morning,101.0,2024-03-04 02:24:37
1716,7,M03375,Type_20,Night,118.1,2024-03-04 03:01:39
1717,4,M06431,Type_07,Morning,130.3,2024-03-04 03:56:13
1718,25,M03467,Type_19,Afternoon,86.6,2024-03-04 05:16:42
1719,10,M03082,Type_23,Night,130.5,2024-03-04 06:03:04
1720,21,M00630,Type_05,Morning,97.0,2024-03-04 06:28:17
1721,14,M00270,Type_24,Morning,117.2,2024-03-04 08:27:07
1722,25,M05725,Type_16,Morning,99.8,2024-03-04 08:40:48
1723,17,M05898,Type_02,Morning,113.6,2024-03-04 09:02:10
1724,14,M03433,Type_02,Morning,127.8,2024-03-04 09:30:38
1725,20,M09473,Type_04,Afternoon,85.5,2024-03-04 10:11:32
1726,23,M06277,Type_04,Morning,96.4,2024-03-04 11:03:39
1727,13,M05896,Type_08,Afternoon,113.7,2024-03-04 11:54:20
1728,2,M07116,Type_25,Night,158.0,2024-03-04 12:00:29
1729,9,M06657,Type_22,Night,92.7,2024-03-04 12:04:02
1730,3,M00576,Type_02,Afternoon,150.8,2024-03-04 12:04:31
1731,4,M07030,Type_11,Morning,150.1,2024-03-04 12:09:25
1732,12,M06100,Type_22,Afternoon,108.1,2024-03-04 12:15:17
1733,15,M09500,Type_07,Afternoon,104.0,2024-03-04 18:32:57
1734,20,M03193,Type_09,Afternoon,96.2,2024-03-04 18:38:05
1735,8,M03179,Type_10,Morning,108.6,2024-03-04 18:38:51
1736,18,M06053,Type_15,Night,81.9,2024-03-04 18:47:04
1737,5,M02735,Type_15,Afternoon,108.5,2024-03-04 18:58:14
1738,2,M06117,Type_12,Morning,139.9,2024-03-04 20:53:16
1739,22,M03569,Type_19,Morning,97.8,2024-03-04 20:55:20
1740,9,M09848,Type_16,Afternoon,105.2,2024-03-04 21:56:55
1741,25,M09772,Type_10,Night,80.0,2024-03-04 22:05:08
1742,14,M02204,Type_04,Afternoon,117.5,2024-03-04 22:24:09
1743,1,M01391,Type_19,Night,115.3,2024-03-04 23:36:26
1744,20,M01743,Type_18,Morning,111.3,2024-03-05 00:57:32
1745,4,M01926,Type_06,Afternoon,105.7,2024-03-05 02:56:22
1746,17,M00620,Type_18,Afternoon,104.1,2024-03-05 02:56:30
1747,10,M01275,Type_23,Morning,120.0,2024-03-05 03:04:28
1748,2,M00957,Type_17,Morning,109.4,2024-03-05 04:54:39
1749,6,M01940,Type_14,Night,116.3,2024-03-05 05:36:55
1750,19,M03954,Type_11,Morning,114.3,2024-03-05 05:55:57
1751,9,M00969,Type_16,Afternoon,132.5,2024-03-05 08:26:58
1752,19,M09509,Type_21,Morning,123.5,2024-03-05 09:34:37
1753,19,M09236,Type_19,Morning,113.9,2024-03-05 11:39:44
1754,9,M00282,Type_12,Morning,140.4,2024-03-05 11:54:09
1755,3,M06263,Type_09,Night,118.4,2024-03-05 11:59:56
1756,6,M01059,Type_10,Night,136.1,2024-03-05 12:14:02
1757,6,M04294,Type_20,Night,122.1,2024-03-05 13:24:37
1758,17,M05179,Type_09,Afternoon,80.0,2024-03-05 13:25:29
1759,13,M06981,Type_12,Morning,136.1,2024-03-05 14:15:43
1760,13,M09201,Type_01,Afternoon,112.7,2024-03-05 16:05:09
1761,7,M01230,Type_10,Afternoon,109.0,2024-03-05 16:31:22
1762,9,M09228,Type_12,Night,115.6,2024-03-05 17:44:49
1763,25,M04586,Type_03,Morning,103.1,2024-03-05 17:53:41
1764,25,M08468,Type_02,Afternoon,114.5,2024-03-05 19:14:54
1765,18,M02741,Type_20,Morning,98.2,2024-03-05 19:41:05
1766,1,M02290,Type_25,Morning,135.5,2024-03-05 20:20:23
1767,22,M01240,Type_24,Afternoon,107.7,2024-03-05 20:46:41
1768,22,M05371,Type_20,Afternoon,102.3,2024-03-05 23:05:53
1769,20,M00126,Type_01,Morning,91.5,2024-03-05 23:23:03
1770,13,M07474,Type_11,Morning,115.4,2024-03-05 23:56:20
1771,8,M09401,Type_01,Afternoon,113.7,2024-03-06 00:01:52
1772,21,M05343,Type_05,Night,117.8,2024-03-06 00:21:37
1773,23,M07352,Type_05,Night,89.5,2024-03-06 01:24:32
1774,9,M06639,Type_05,Night,80.0,2024-03-06 02:34:46
1775,1,M06571,Type_15,Night,122.5,2024-03-06 04:31:50
1776,9,M03250,Type_16,Morning,139.7,2024-03-06 05:42:35
1777,20,M09111,Type_02,Afternoon,89.5,2024-03-06 05:51:50
1778,23,M07596,Type_21,Afternoon,141.8,2024-03-06 08:45:39
1779,11,M06295,Type_06,Morning,115.7,2024-03-06 09:00:00
1780,20,M06528,Type_17,Night,109.9,2024-03-06 10:16:54
1781,4,M05758,Type_15,Morning,102.0,2024-03-06 12:05:36
1782,16,M01970,Type_02,Night,82.3,2024-03-06 12:10:05
1783,14,M00892,Type_06,Afternoon,129.8,2024-03-06 12:27:37
1784,20,M04471,Type_07,Afternoon,94.5,2024-03-06 13:06:23
1785,22,M07176,Type_14,Afternoon,94.4,2024-03-06 14:30:17
1786,21,M09557,Type_23,Night,129.8,2024-03-06 15:11:17
1787,18,M08321,Type_20,Afternoon,80.0,2024-03-06 15:31:52
1788,25,M09207,Type_16,Afternoon,80.0,2024-03-06 15:37:36
1789,22,M09992,Type_24,Morning,109.6,2024-03-06 19:44:22
1790,22,M06813,Type_14,Afternoon,115.9,2024-03-06 19:57:26
1791,9,M07520,Type_19,Morning,119.7,2024-03-06 20:39:06
1792,1,M04613,Type_13,Afternoon,104.0,2024-03-06 22:33:38
1793,23,M09711,Type_05,Afternoon,160.0,2024-03-06 22:51:12
1794,3,M01199,Type_11,Afternoon,105.4,2024-03-06 23:04:19
1795,20,M05239,Type_21,Morning,105.4,2024-03-07 00:20:56
1796,1,M06090,Type_19,Morning,94.1,2024-03-07 00:23:36
1797,3,M06258,Type_09,Afternoon,112.5,2024-03-07 00:46:14
1798,14,M07706,Type_06,Morning,122.3,2024-03-07 01:45:17
1799,14,M03720,Type_05,Morning,134.1,2024-03-07 01:59:23
1800,23,M00303,Type_21,Morning,80.2,2024-03-07 04:31:06
1801,22,M00987,Type_08,Night,105.1,2024-03-07 04:59:56
1802,13,M04441,Type_24,Afternoon,118.9,2024-03-07 05:41:46
1803,1,M04910,Type_03,Morning,121.7,2024-03-07 05:49:09
1804,15,M03073,Type_15,Morning,110.1,2024-03-07 07:46:37
1805,25,M03125,Type_19,Morning,120.8,2024-03-07 08:04:02
1806,20,M09520,Type_12,Night,93.8,2024-03-07 08:50:03
1807,7,M08126,Type_06,Afternoon,141.2,2024-03-07 09:32:48
1808,16,M03292,Type_07,Morning,129.9,2024-03-07 11:14:06
1809,20,M04034,Type_08,Morning,83.1,2024-03-07 11:45:23
1810,23,M05106,Type_23,Morning,88.5,2024-03-07 12:18:08
1811,21,M00704,Type_23,Afternoon,89.1,2024-03-07 12:53:56
1812,1,M08134,Type_12,Night,123.6,2024-03-07 13:32:17
1813,15,M00575,Type_24,Morning,84.3,2024-03-07 13:46:18
1814,20,M05705,Type_16,Morning,103.4,2024-03-07 14:00:24
1815,15,M07849,Type_17,Morning,119.1,2024-03-07 14:11:55
1816,19,M05209,Type_25,Night,108.7,2024-03-07 14:44:24
1817,6,M06925,Type_23,Morning,115.2,2024-03-07 14:50:13
1818,6,M03829,Type_18,Night,88.7,2024-03-07 19:12:53
1819,1,M03231,Type_24,Afternoon,121.9,2024-03-07 19:58:02
1820,16,M00489,Type_11,Morning,97.7,2024-03-07 20:00:20
1821,18,M07115,Type_17,Morning,103.5,2024-03-07 21:14:02
1822,13,M09540,Type_05,Morning,114.8,2024-03-07 22:21:37
1823,12,M03174,Type_18,Afternoon,112.1,2024-03-08 00:33:13
1824,18,M01668,Type_01,Night,110.5,2024-03-08 02:33:25
1825,10,M09830,Type_11,Afternoon,95.0,2024-03-08 02:45:54
1826,14,M04115,Type_12,Afternoon,104.0,2024-03-08 02:54:44
1827,20,M03554,Type_13,Morning,110.0,2024-03-08 03:06:45
1828,25,M07762,Type_23,Night,82.5,2024-03-08 04:12:08
1829,11,M01001,Type_06,Night,100.7,2024-03-08 04:36:43
1830,18,M09043,Type_05,Morning,117.8,2024-03-08 06:14:47
1831,24,M01389,Type_06,Night,84.5,2024-03-08 07:21:47
1832,12,M05451,Type_22,Afternoon,133.1,2024-03-08 07:53:02
1833,17,M03713,Type_14,Afternoon,135.4,2024-03-08 08:36:29
1834,24,M01368,Type_10,Afternoon,85.1,2024-03-08 09:40:06
1835,3,M08190,Type_11,Night,137.2,2024-03-08 10:33:59
1836,21,M09014,Type_15,Afternoon,107.1,2024-03-08 12:23:31
1837,1,M00455,Type_14,Morning,118.4,2024-03-08 13:12:49
1838,1,M09817,Type_15,Morning,100.1,2024-03-08 13:43:45
1839,6,M02773,Type_03,Night,128.5,2024-03-08 15:53:00
1840,19,M03727,Type_12,Morning,118.1,2024-03-08 16:18:33
1841,24,M07233,Type_09,Morning,93.7,2024-03-08 19:47:55
1842,4,M04807,Type_14,Afternoon,86.7,2024-03-08 20:46:04
1843,22,M02191,Type_14,Afternoon,80.8,2024-03-08 21:48:08
1844,13,M09109,Type_08,Afternoon,113.8,2024-03-08 23:42:16
1845,12,M02876,Type_14,Night,121.4,2024-03-09 00:20:33
1846,25,M05593,Type_02,Morning,123.0,2024-03-09 00:38:55
1847,8,M01441,Type_02,Morning,107.6,2024-03-09 01:34:35
1848,20,M08928,Type_04,Morning,86.9,2024-03-09 02:05:00
1849,24,M06060,Type_11,Night,96.4,2024-03-09 02:11:32
1850,7,M07011,Type_08,Afternoon,133.0,2024-03-09 02:39:39
1851,21,M07118,Type_22,Morning,100.3,2024-03-09 03:42:07
1852,7,M09154,Type_17,Night,112.9,2024-03-09 03:49:08
1853,7,M02990,Type_10,Night,88.5,2024-03-09 04:22:45
1854,14,M09219,Type_24,Night,116.7,2024-03-09 07:08:02
1855,18,M06229,Type_11,Night,100.8,2024-03-09 07:38:43
1856,23,M06472,Type_01,Morning,130.9,2024-03-09 08:27:07
1857,19,M02864,Type_21,Night,125.5,2024-03-09 09:15:04
1858,24,M01178,Type_22,Afternoon,100.1,2024-03-09 10:09:07
1859,24,M04761,Type_04,Night,107.5,2024-03-09 10:14:49
1860,25,M00012,Type_25,Afternoon,99.0,2024-03-09 10:31:20
1861,20,M05253,Type_09,Night,81.6,2024-03-09 12:20:20
1862,19,M04400,Type_09,Afternoon,92.9,2024-03-09 12:31:44
1863,25,M08235,Type_14,Morning,114.0,2024-03-09 12:42:47
1864,25,M09136,Type_13,Afternoon,116.5,2024-03-09 14:47:45
1865,18,M05446,Type_13,Night,113.0,2024-03-09 15:08:21
1866,6,M06571,Type_15,Night,104.0,2024-03-09 15:17:51
1867,16,M09197,Type_02,Morning,128.7,2024-03-09 15:58:06
1868,3,M08213,Type_07,Morning,111.3,2024-03-09 16:18:57
1869,21,M00407,Type_12,Morning,124.1,2024-03-09 17:19:00
1870,2,M09207,Type_16,Afternoon,80.0,2024-03-09 17:55:10
1871,15,M04432,Type_18,Night,80.0,2024-03-09 18:59:48
1872,20,M05244,Type_06,Morning,115.7,2024-03-09 21:59:32
1873,11,M06543,Type_04,Afternoon,81.5,2024-03-10 00:46:55
1874,19,M06937,Type_25,Night,105.8,2024-03-10 00:58:41
1875,18,M08907,Type_21,Afternoon,104.0,2024-03-10 01:28:02
1876,22,M04147,Type_04,Afternoon,141.7,2024-03-10 01:54:46
1877,11,M00141,Type_01,Afternoon,118.0,2024-03-10 02:49:49
1878,3,M04883,Type_05,Afternoon,113.3,2024-03-10 03:31:13
1879,4,M06013,Type_03,Morning,126.7,2024-03-10 04:56:04
1880,6,M00964,Type_04,Afternoon,117.4,2024-03-10 05:26:41
1881,12,M07152,Type_11,Afternoon,100.8,2024-03-10 07:00:21
1882,21,M08565,Type_03,Night,131.4,2024-03-10 08:01:28
1883,4,M03611,Type_20,Afternoon,87.8,2024-03-10 09:46:02
1884,12,M09885,Type_05,Night,116.5,2024-03-10 10:04:55
1885,4,M06895,Type_10,Morning,80.0,2024-03-10 10:08:43
1886,2,M07312,Type_04,Afternoon,114.1,2024-03-10 11:11:35
1887,12,M00106,Type_13,Morning,113.9,2024-03-10 12:14:25
1888,13,M05540,Type_08,Morning,143.5,2024-03-10 13:10:28
1889,16,M09874,Type_09,Afternoon,80.0,2024-03-10 13:34:58
1890,4,M06788,Type_25,Night,98.0,2024-03-10 13:45:01
1891,8,M02138,Type_02,Morning,126.5,2024-03-10 15:21:25
1892,5,M04446,Type_02,Afternoon,116.7,2024-03-10 16:25:57
1893,14,M03531,Type_22,Night,113.6,2024-03-10 17:50:57
1894,15,M01287,Type_20,Morning,90.9,2024-03-10 18:02:13
1895,11,M07053,Type_14,Afternoon,98.2,2024-03-10 18:29:06
1896,10,M03655,Type_18,Afternoon,134.9,2024-03-10 19:05:38
1897,10,M07103,Type_06,Afternoon,109.0,2024-03-10 19:55:29
1898,24,M02360,Type_09,Morning,117.5,2024-03-10 20:02:02
1899,6,M08106,Type_01,Morning,107.7,2024-03-10 21:19:20
1900,16,M08637,Type_21,Night,86.3,2024-03-10 21:26:38
1901,21,M06442,Type_23,Afternoon,128.7,2024-03-10 21:58:27
1902,4,M05048,Type_15,Morning,120.1,2024-03-10 22:43:20
1903,9,M08228,Type_01,Night,156.1,2024-03-10 23:01:06
1904,10,M05204,Type_01,Morning,89.7,2024-03-11 00:53:24
1905,5,M09668,Type_20,Afternoon,126.5,2024-03-11 01:07:51
1906,10,M01799,Type_15,Morning,83.8,2024-03-11 01:45:40
1907,16,M09601,Type_06,Night,113.1,2024-03-11 02:01:50
1908,11,M05292,Type_23,Morning,129.5,2024-03-11 02:31:30
1909,6,M05496,Type_19,Morning,80.0,2024-03-11 03:12:39
1910,7,M09901,Type_04,Morning,105.9,2024-03-11 05:05:30
1911,12,M06285,Type_10,Morning,98.7,2024-03-11 05:47:55
1912,13,M07286,Type_15,Night,96.0,2024-03-11 07:22:30
1913,17,M01301,Type_10,Night,117.7,2024-03-11 08:12:24
1914,9,M06870,Type_24,Morning,132.4,2024-03-11 08:36:56
1915,8,M09436,Type_20,Afternoon,107.3,2024-03-11 09:28:44
1916,16,M03098,Type_02,Afternoon,114.1,2024-03-11 10:34:56
1917,21,M04617,Type_10,Night,112.3,2024-03-11 11:45:43
1918,3,M00010,Type_02,Afternoon,110.0,2024-03-11 11:46:49
1919,5,M05753,Type_16,Morning,88.2,2024-03-11 12:11:02
1920,21,M09853,Type_07,Afternoon,132.2,2024-03-11 12:34:54
1921,25,M06296,Type_22,Afternoon,115.9,2024-03-11 13:21:47
1922,23,M04816,Type_03,Morning,117.9,2024-03-11 13:35:38
1923,13,M01073,Type_03,Afternoon,93.9,2024-03-11 16:48:49
1924,18,M03226,Type_21,Morning,100.8,2024-03-11 16:59:36
1925,21,M01317,Type_10,Night,106.5,2024-03-11 17:03:41
1926,16,M05700,Type_09,Morning,80.0,2024-03-11 17:34:22
1927,25,M06808,Type_08,Afternoon,80.0,2024-03-11 17:46:54
1928,14,M06675,Type_22,Afternoon,98.0,2024-03-11 18:47:44
1929,11,M03684,Type_09,Afternoon,120.5,2024-03-11 19:13:23
1930,18,M07228,Type_15,Morning,96.9,2024-03-11 19:26:40
1931,8,M03274,Type_24,Afternoon,89.6,2024-03-11 19:56:20
1932,12,M07001,Type_02,Afternoon,93.7,2024-03-11 20:33:15
1933,19,M00146,Type_09,Afternoon,100.9,2024-03-11 20:44:34
1934,20,M05011,Type_02,Afternoon,102.9,2024-03-11 22:59:21
1935,2,M03041,Type_18,Afternoon,153.3,2024-03-11 23:41:27
1936,9,M09655,Type_03,Night,131.1,2024-03-11 23:57:58
1937,22,M09777,Type_09,Morning,130.5,2024-03-12 00:13:17
1938,9,M00483,Type_04,Night,133.4,2024-03-12 02:00:01
1939,14,M03180,Type_23,Afternoon,90.0,2024-03-12 07:08:06
1940,15,M01250,Type_14,Morning,85.6,2024-03-12 08:59:19
1941,11,M00631,Type_22,Morning,87.9,2024-03-12 09:56:00
1942,13,M08854,Type_12,Morning,136.7,2024-03-12 09:56:10
1943,24,M02853,Type_21,Night,99.1,2024-03-12 10:05:52
1944,25,M00988,Type_16,Afternoon,85.0,2024-03-12 11:43:20
1945,5,M07623,Type_02,Night,101.4,2024-03-12 13:17:22
1946,6,M07328,Type_05,Afternoon,105.2,2024-03-12 14:08:06
1947,23,M09739,Type_01,Afternoon,115.4,2024-03-12 15:31:28
1948,5,M08842,Type_10,Morning,115.0,2024-03-12 17:02:38
1949,1,M09161,Type_04,Morning,93.4,2024-03-12 17:08:16
1950,25,M01101,Type_04,Afternoon,123.7,2024-03-12 17:58:52
1951,18,M06653,Type_06,Morning,97.2,2024-03-12 19:11:18
1952,23,M08633,Type_17,Morning,106.9,2024-03-12 20:14:49
1953,24,M07422,Type_09,Afternoon,123.7,2024-03-12 21:27:06
1954,8,M05017,Type_21,Afternoon,97.2,2024-03-12 22:14:07
1955,17,M00770,Type_13,Night,98.6,2024-03-12 22:35:52
1956,23,M01344,Type_17,Night,121.8,2024-03-12 23:47:54
1957,25,M04359,Type_03,Afternoon,92.8,2024-03-12 23:58:06
1958,11,M09770,Type_18,Afternoon,102.3,2024-03-13 00:01:46
1959,11,M06781,Type_13,Afternoon,121.1,2024-03-13 02:04:20
1960,3,M06603,Type_11,Night,151.1,2024-03-13 02:06:52
1961,8,M02350,Type_20,Morning,122.1,2024-03-13 02:18:04
1962,8,M05700,Type_09,Afternoon,119.5,2024-03-13 02:24:10
1963,25,M01242,Type_16,Night,120.6,2024-03-13 04:16:17
1964,24,M01126,Type_10,Morning,88.5,2024-03-13 05:51:40
1965,21,M09383,Type_21,Afternoon,112.3,2024-03-13 06:19:19
1966,21,M06765,Type_20,Afternoon,109.4,2024-03-13 06:42:26
1967,3,M05102,Type_18,Morning,116.4,2024-03-13 07:04:46
1968,22,M07844,Type_23,Morning,112.3,2024-03-13 09:26:10
1969,10,M00073,Type_15,Morning,117.6,2024-03-13 10:04:09
1970,19,M05473,Type_16,Morning,103.8,2024-03-13 10:10:20
1971,14,M05190,Type_24,Morning,111.2,2024-03-13 10:17:46
1972,18,M02473,Type_22,Night,85.4,2024-03-13 11:01:58
1973,23,M00708,Type_01,Morning,103.6,2024-03-13 11:41:34
1974,3,M01805,Type_16,Afternoon,137.8,2024-03-13 11:52:38
1975,20,M06705,Type_13,Morning,116.4,2024-03-13 11:54:32
1976,14,M03714,Type_10,Night,109.6,2024-03-13 13:12:52
1977,11,M05052,Type_07,Morning,147.9,2024-03-13 13:47:35
1978,10,M02476,Type_08,Afternoon,82.8,2024-03-13 14:38:28
1979,24,M03611,Type_20,Night,87.8,2024-03-13 15:05:24
1980,14,M04256,Type_13,Night,144.3,2024-03-13 15:53:47
1981,1,M07398,Type_03,Morning,110.9,2024-03-13 15:59:17
1982,16,M01736,Type_12,Night,105.1,2024-03-13 16:52:23
1983,25,M09778,Type_20,Afternoon,86.0,2024-03-13 19:00:21
1984,6,M08259,Type_07,Afternoon,119.0,2024-03-13 19:56:43
1985,18,M07980,Type_08,Morning,120.9,2024-03-13 20:48:11
1986,16,M02429,Type_18,Morning,88.1,2024-03-13 20:58:23
1987,19,M07427,Type_18,Afternoon,107.2,2024-03-13 21:04:36
1988,16,M08534,Type_18,Afternoon,103.3,2024-03-13 22:52:26
1989,5,M05250,Type_02,Afternoon,115.1,2024-03-13 23:28:01
1990,12,M05292,Type_23,Afternoon,87.6,2024-03-13 23:29:32
1991,6,M02818,Type_12,Night,135.0,2024-03-14 07:59:05
1992,25,M09425,Type_02,Morning,128.3,2024-03-14 08:55:53
1993,2,M03875,Type_05,Afternoon,102.7,2024-03-14 12:14:59
1994,16,M09687,Type_25,Morning,105.7,2024-03-14 12:39:36
1995,21,M04212,Type_21,Night,107.3,2024-03-14 12:40:58
1996,23,M00662,Type_11,Afternoon,94.4,2024-03-14 14:30:31
1997,11,M03375,Type_20,Night,101.1,2024-03-14 16:36:02
1998,12,M09209,Type_14,Morning,104.6,2024-03-14 17:27:29
1999,11,M00208,Type_15,Morning,142.3,2024-03-14 21:01:14
2000,23,M02666,Type_20,Morning,128.9,2024-03-14 21:54:21
2001,20,M02494,Type_09,Morning,128.7,2024-03-14 22:09:11
2002,19,M06814,Type_13,Morning,117.4,2024-03-14 22:37:06
2003,8,M00633,Type_25,Night,87.7,2024-03-14 22:56:27
2004,18,M03084,Type_11,Morning,109.2,2024-03-14 23:43:08
2005,5,M03720,Type_05,Morning,129.4,2024-03-14 23:55:06
2006,12,M07124,Type_14,Night,84.8,2024-03-15 00:24:01
2007,10,M01680,Type_04,Afternoon,122.7,2024-03-15 00:47:19
2008,15,M00237,Type_18,Night,156.5,2024-03-15 01:27:05
2009,5,M07447,Type_23,Morning,131.2,2024-03-15 02:22:45
2010,17,M04444,Type_12,Afternoon,138.3,2024-03-15 04:12:02
2011,23,M06771,Type_21,Morning,114.4,2024-03-15 04:18:34
2012,4,M09733,Type_21,Morning,129.4,2024-03-15 05:03:01
2013,12,M06100,Type_22,Night,95.6,2024-03-15 05:26:43
2014,18,M08556,Type_18,Morning,125.9,2024-03-15 06:49:05
2015,8,M02369,Type_03,Afternoon,123.1,2024-03-15 08:27:38
2016,20,M00286,Type_24,Afternoon,115.8,2024-03-15 08:43:17
2017,17,M00149,Type_10,Morning,136.3,2024-03-15 08:54:45
2018,8,M04038,Type_05,Night,99.2,2024-03-15 11:22:04
2019,13,M06550,Type_25,Morning,106.3,2024-03-15 11:57:41
2020,23,M07122,Type_17,Afternoon,111.9,2024-03-15 13:28:48
2021,3,M09959,Type_05,Night,89.4,2024-03-15 14:36:20
2022,3,M04896,Type_13,Afternoon,114.5,2024-03-15 14:40:00
2023,7,M05281,Type_15,Night,80.0,2024-03-15 15:59:58
2024,18,M01013,Type_19,Morning,130.9,2024-03-15 17:54:41
2025,21,M09716,Type_15,Afternoon,110.9,2024-03-15 18:33:01
2026,7,M02786,Type_19,Morning,99.6,2024-03-15 20:43:55
2027,22,M03726,Type_12,Afternoon,93.3,2024-03-15 21:14:48
2028,23,M04577,Type_22,Night,105.3,2024-03-15 21:49:02
2029,2,M05783,Type_05,Morning,123.8,2024-03-15 22:56:12
2030,7,M06258,Type_09,Afternoon,121.0,2024-03-15 23:38:07
2031,2,M09794,Type_12,Morning,95.9,2024-03-16 00:38:04
2032,7,M02409,Type_15,Afternoon,93.1,2024-03-16 01:24:53
2033,14,M00341,Type_14,Afternoon,123.1,2024-03-16 02:07:45
2034,15,M02818,Type_12,Night,95.6,2024-03-16 03:38:02
2035,16,M02497,Type_13,Afternoon,111.2,2024-03-16 05:06:24
2036,24,M05963,Type_24,Morning,112.5,2024-03-16 05:43:51
2037,8,M05300,Type_16,Morning,116.2,2024-03-16 06:03:57
2038,16,M09918,Type_04,Morning,127.2,2024-03-16 06:04:41
2039,21,M07575,Type_19,Morning,84.7,2024-03-16 07:15:06
2040,7,M01690,Type_11,Morning,80.0,2024-03-16 09:16:54
2041,11,M03268,Type_02,Night,98.7,2024-03-16 09:59:10
2042,24,M04407,Type_17,Afternoon,146.0,2024-03-16 10:58:03
2043,4,M08454,Type_13,Afternoon,150.4,2024-03-16 11:06:34
2044,18,M01443,Type_02,Morning,146.6,2024-03-16 11:24:51
2045,23,M08598,Type_25,Night,106.1,2024-03-16 14:55:10
2046,13,M04438,Type_07,Afternoon,80.0,2024-03-16 15:03:54
2047,17,M05436,Type_02,Morning,80.0,2024-03-16 17:57:22
2048,12,M08436,Type_04,Afternoon,97.7,2024-03-16 20:34:57
2049,18,M04108,Type_03,Afternoon,106.0,2024-03-16 23:04:08
2050,10,M00561,Type_19,Morning,136.0,2024-03-16 23:57:34
2051,7,M08786,Type_08,Afternoon,127.4,2024-03-17 00:31:35
2052,12,M05549,Type_18,Afternoon,114.5,2024-03-17 00:40:05
2053,12,M01827,Type_24,Morning,92.2,2024-03-17 02:51:37
2054,13,M07630,Type_05,Night,90.8,2024-03-17 03:20:02
2055,1,M08326,Type_24,Night,115.1,2024-03-17 03:55:50
2056,7,M03139,Type_23,Afternoon,123.9,2024-03-17 05:05:46
2057,16,M07694,Type_03,Afternoon,117.8,2024-03-17 05:07:02
2058,16,M08265,Type_15,Afternoon,89.3,2024-03-17 08:43:06
2059,21,M07843,Type_05,Afternoon,123.0,2024-03-17 08:46:20
2060,16,M06722,Type_24,Afternoon,118.5,2024-03-17 09:34:37
2061,16,M07003,Type_13,Morning,88.6,2024-03-17 10:12:25
2062,14,M04226,Type_01,Afternoon,94.3,2024-03-17 10:31:56
2063,11,M02979,Type_22,Night,123.8,2024-03-17 10:40:58
2064,19,M07374,Type_14,Afternoon,105.3,2024-03-17 12:18:03
2065,11,M05908,Type_08,Morning,141.8,2024-03-17 13:04:52
2066,2,M06098,Type_13,Night,120.0,2024-03-17 13:12:15
2067,7,M05657,Type_08,Morning,100.3,2024-03-17 14:14:03
2068,9,M08985,Type_01,Morning,109.8,2024-03-17 16:30:32
2069,9,M04260,Type_09,Morning,111.3,2024-03-17 17:25:42
2070,14,M08287,Type_06,Morning,95.4,2024-03-17 17:57:45
2071,10,M05902,Type_22,Night,91.7,2024-03-17 18:00:21
2072,16,M09326,Type_13,Afternoon,124.0,2024-03-17 19:46:32
2073,24,M04918,Type_11,Morning,126.9,2024-03-17 20:46:04
2074,18,M08430,Type_20,Night,122.1,2024-03-17 22:45:56
2075,1,M02531,Type_19,Night,140.3,2024-03-17 22:56:27
2076,24,M01961,Type_01,Night,99.2,2024-03-17 23:06:23
2077,2,M07046,Type_13,Morning,143.5,2024-03-18 00:13:43
2078,20,M01049,Type_05,Afternoon,92.0,2024-03-18 00:15:05
2079,4,M05773,Type_14,Night,89.7,2024-03-18 00:37:18
2080,2,M02530,Type_02,Night,80.0,2024-03-18 01:11:52
2081,4,M02965,Type_06,Morning,101.1,2024-03-18 01:37:17
2082,23,M07138,Type_01,Morning,99.9,2024-03-18 01:59:02
2083,6,M00964,Type_04,Afternoon,120.5,2024-03-18 04:53:04
2084,22,M00537,Type_20,Night,114.9,2024-03-18 04:58:44
2085,4,M07341,Type_04,Afternoon,86.1,2024-03-18 06:43:31
2086,18,M07180,Type_13,Afternoon,102.1,2024-03-18 07:29:59
2087,5,M07968,Type_14,Morning,102.6,2024-03-18 07:37:56
2088,11,M08735,Type_17,Afternoon,80.0,2024-03-18 09:11:13
2089,13,M00846,Type_22,Night,90.4,2024-03-18 09:41:18
2090,3,M05778,Type_22,Morning,94.6,2024-03-18 10:47:12
2091,19,M03037,Type_02,Night,138.7,2024-03-18 11:44:11
2092,20,M05948,Type_08,Night,113.8,2024-03-18 11:46:53
2093,11,M02495,Type_21,Morning,123.2,2024-03-18 12:14:51
2094,11,M02720,Type_24,Afternoon,80.0,2024-03-18 12:51:40
2095,21,M01885,Type_23,Morning,133.9,2024-03-18 13:11:50
2096,2,M04350,Type_16,Night,136.0,2024-03-18 13:33:18
2097,22,M05180,Type_12,Afternoon,80.0,2024-03-18 13:51:28
2098,15,M06611,Type_02,Afternoon,95.9,2024-03-18 14:30:56
2099,22,M06431,Type_07,Night,119.9,2024-03-18 14:58:11
2100,8,M07155,Type_22,Morning,122.9,2024-03-18 18:48:01
2101,2,M06489,Type_21,Night,96.4,2024-03-18 18:55:48
2102,8,M04738,Type_20,Afternoon,103.9,2024-03-18 19:08:17
2103,24,M06526,Type_06,Morning,98.1,2024-03-18 19:40:49
2104,20,M03851,Type_22,Afternoon,112.2,2024-03-18 20:17:45
2105,23,M00690,Type_01,Night,133.9,2024-03-18 21:12:19
2106,15,M05176,Type_25,Morning,94.6,2024-03-18 21:40:48
2107,16,M08649,Type_16,Night,130.0,2024-03-18 22:18:47
2108,13,M05079,Type_19,Night,94.4,2024-03-18 22:47:33
2109,23,M05449,Type_14,Morning,93.0,2024-03-18 23:47:03
2110,17,M01180,Type_10,Night,126.4,2024-03-19 00:04:53
2111,14,M09075,Type_15,Morning,128.4,2024-03-19 00:06:58
2112,14,M06407,Type_10,Morning,127.0,2024-03-19 00:23:11
2113,1,M08592,Type_17,Morning,83.7,2024-03-19 00:59:54
2114,24,M06908,Type_23,Night,100.7,2024-03-19 01:17:27
2115,1,M08801,Type_23,Afternoon,126.5,2024-03-19 02:11:08
2116,3,M01639,Type_01,Morning,110.8,2024-03-19 04:36:04
2117,22,M05672,Type_08,Afternoon,88.5,2024-03-19 05:20:41
2118,24,M06929,Type_19,Afternoon,119.2,2024-03-19 05:27:39
2119,15,M01383,Type_22,Morning,95.7,2024-03-19 07:01:29
2120,5,M01404,Type_13,Night,145.9,2024-03-19 07:31:00
2121,5,M09012,Type_15,Night,140.9,2024-03-19 11:22:50
2122,4,M03293,Type_16,Afternoon,122.1,2024-03-19 11:31:10
2123,14,M09012,Type_15,Night,137.2,2024-03-19 11:53:45
2124,20,M00420,Type_04,Afternoon,111.3,2024-03-19 12:54:38
2125,7,M04518,Type_02,Night,125.3,2024-03-19 13:22:28
2126,22,M03303,Type_19,Afternoon,139.6,2024-03-19 13:54:32
2127,24,M07858,Type_17,Afternoon,114.9,2024-03-19 16:06:06
2128,15,M09701,Type_07,Morning,104.9,2024-03-19 16:24:26
2129,11,M07871,Type_19,Night,80.0,2024-03-19 16:55:21
2130,14,M05694,Type_18,Afternoon,108.3,2024-03-19 16:58:40
2131,6,M00768,Type_16,Morning,126.5,2024-03-19 18:13:15
2132,10,M02045,Type_08,Morning,128.9,2024-03-19 18:41:05
2133,7,M01550,Type_09,Afternoon,120.1,2024-03-19 19:02:43
2134,10,M09957,Type_13,Afternoon,99.2,2024-03-19 20:17:11
2135,14,M06141,Type_11,Afternoon,80.0,2024-03-19 22:01:52
2136,5,M03717,Type_03,Night,100.1,2024-03-19 22:01:54
2137,22,M04482,Type_08,Morning,103.9,2024-03-19 22:35:52
2138,1,M07899,Type_03,Afternoon,103.7,2024-03-19 23:48:16
2139,19,M06549,Type_04,Morning,122.4,2024-03-20 00:07:25
2140,8,M02294,Type_09,Night,149.7,2024-03-20 00:14:05
2141,19,M04838,Type_18,Night,112.5,2024-03-20 00:14:51
2142,17,M07759,Type_25,Afternoon,105.7,2024-03-20 00:29:17
2143,19,M06794,Type_22,Afternoon,104.8,2024-03-20 00:38:28
2144,16,M07639,Type_03,Morning,112.5,2024-03-20 00:52:32
2145,4,M07994,Type_23,Afternoon,93.4,2024-03-20 02:23:04
2146,8,M06008,Type_25,Night,112.4,2024-03-20 02:25:00
2147,25,M05543,Type_25,Afternoon,119.0,2024-03-20 02:45:33
2148,4,M09093,Type_23,Morning,114.2,2024-03-20 04:40:34
2149,13,M06357,Type_13,Afternoon,119.2,2024-03-20 05:16:15
2150,7,M08434,Type_21,Night,118.7,2024-03-20 05:32:19
2151,1,M07381,Type_21,Morning,80.0,2024-03-20 06:22:25
2152,9,M02386,Type_18,Morning,122.7,2024-03-20 07:10:33
2153,4,M04269,Type_25,Afternoon,96.6,2024-03-20 07:23:18
2154,14,M00672,Type_23,Night,88.1,2024-03-20 08:19:23
2155,9,M00164,Type_25,Morning,87.9,2024-03-20 08:45:36
2156,3,M08657,Type_09,Morning,118.7,2024-03-20 08:54:24
2157,15,M04593,Type_03,Morning,105.5,2024-03-20 09:18:12
2158,5,M04796,Type_24,Morning,80.0,2024-03-20 09:50:30
2159,1,M04799,Type_05,Afternoon,119.6,2024-03-20 11:13:21
2160,11,M06037,Type_22,Afternoon,81.2,2024-03-20 11:16:34
2161,19,M02356,Type_25,Afternoon,112.8,2024-03-20 12:16:13
2162,5,M05888,Type_09,Afternoon,114.8,2024-03-20 12:25:32
2163,22,M07962,Type_19,Morning,127.7,2024-03-20 12:44:18
2164,24,M05828,Type_07,Night,145.6,2024-03-20 12:47:09
2165,17,M08738,Type_02,Afternoon,82.7,2024-03-20 16:10:27
2166,19,M04720,Type_10,Night,109.0,2024-03-20 17:35:03
2167,17,M00594,Type_10,Afternoon,104.5,2024-03-20 18:48:21
2168,5,M04840,Type_11,Morning,118.7,2024-03-20 19:41:13
2169,24,M07395,Type_09,Afternoon,114.3,2024-03-20 21:33:02
2170,20,M09652,Type_04,Morning,102.9,2024-03-20 21:34:02
2171,9,M03494,Type_01,Afternoon,101.2,2024-03-20 22:01:00
2172,22,M06165,Type_03,Morning,87.7,2024-03-20 22:25:01
2173,6,M02673,Type_22,Morning,129.8,2024-03-20 22:39:32
2174,21,M04201,Type_20,Night,119.2,2024-03-20 23:56:44
2175,13,M00017,Type_18,Morning,128.4,2024-03-21 02:43:03
2176,21,M03192,Type_16,Night,103.8,2024-03-21 02:56:21
2177,11,M00393,Type_18,Morning,96.9,2024-03-21 03:17:49
2178,23,M08617,Type_20,Afternoon,88.4,2024-03-21 03:48:46
2179,24,M06273,Type_16,Afternoon,117.2,2024-03-21 04:56:31
2180,23,M00572,Type_23,Afternoon,89.2,2024-03-21 05:41:57
2181,1,M03632,Type_03,Morning,147.0,2024-03-21 06:00:55
2182,17,M06173,Type_03,Morning,83.8,2024-03-21 07:26:29
2183,6,M09313,Type_19,Morning,115.5,2024-03-21 08:23:50
2184,3,M07178,Type_13,Morning,141.3,2024-03-21 08:55:23
2185,16,M08434,Type_21,Afternoon,122.0,2024-03-21 09:22:08
2186,13,M03898,Type_13,Night,113.5,2024-03-21 11:18:41
2187,12,M08124,Type_07,Night,90.6,2024-03-21 12:03:48
2188,25,M02280,Type_16,Night,82.4,2024-03-21 12:13:12
2189,11,M08981,Type_10,Night,125.4,2024-03-21 12:22:10
2190,23,M07452,Type_12,Afternoon,140.1,2024-03-21 12:26:53
2191,2,M08907,Type_21,Morning,101.2,2024-03-21 13:26:40
2192,19,M00776,Type_23,Night,87.2,2024-03-21 13:55:14
2193,8,M06870,Type_24,Afternoon,80.0,2024-03-21 14:36:23
2194,13,M02248,Type_20,Afternoon,90.4,2024-03-21 14:42:51
2195,14,M07089,Type_07,Morning,107.7,2024-03-21 18:32:11
2196,15,M00079,Type_19,Afternoon,142.0,2024-03-21 18:53:02
2197,17,M08081,Type_10,Afternoon,123.5,2024-03-21 22:23:01
2198,15,M07100,Type_19,Night,116.1,2024-03-21 22:44:25
2199,21,M03927,Type_23,Afternoon,102.0,2024-03-21 23:10:04
2200,10,M09048,Type_12,Morning,98.3,2024-03-21 23:52:02
2201,1,M07341,Type_04,Night,138.1,2024-03-22 01:06:10
2202,12,M07084,Type_18,Morning,114.0,2024-03-22 02:01:00
2203,9,M06231,Type_17,Afternoon,80.0,2024-03-22 02:41:49
2204,23,M09224,Type_01,Morning,96.5,2024-03-22 03:09:33
2205,5,M04941,Type_09,Afternoon,92.8,2024-03-22 04:58:35
2206,22,M03272,Type_01,Night,99.1,2024-03-22 05:44:08
2207,15,M03457,Type_05,Morning,121.3,2024-03-22 06:18:28
2208,3,M07789,Type_04,Night,107.9,2024-03-22 07:00:28
2209,19,M08600,Type_13,Morning,108.5,2024-03-22 08:40:41
2210,7,M07651,Type_12,Night,136.3,2024-03-22 08:51:28
2211,7,M02712,Type_03,Night,96.1,2024-03-22 09:23:37
2212,7,M01669,Type_17,Night,147.3,2024-03-22 09:33:36
2213,2,M00148,Type_05,Morning,96.6,2024-03-22 10:17:18
2214,2,M06421,Type_21,Night,111.8,2024-03-22 10:55:50
2215,12,M00366,Type_13,Afternoon,104.4,2024-03-22 12:31:35
2216,5,M09867,Type_07,Morning,112.5,2024-03-22 12:36:40
2217,4,M04532,Type_08,Night,118.9,2024-03-22 14:21:47
2218,7,M05331,Type_21,Morning,118.7,2024-03-22 15:49:14
2219,16,M05511,Type_07,Night,94.9,2024-03-22 17:01:52
2220,3,M08755,Type_18,Morning,87.5,2024-03-22 17:51:25
2221,21,M08965,Type_17,Afternoon,160.0,2024-03-22 18:19:20
2222,2,M06494,Type_25,Afternoon,100.3,2024-03-22 19:09:42
2223,17,M05440,Type_22,Morning,124.0,2024-03-22 20:40:13
2224,9,M09766,Type_16,Morning,80.0,2024-03-22 21:48:28
2225,20,M06512,Type_10,Morning,104.4,2024-03-22 23:59:14
2226,8,M07505,Type_03,Afternoon,107.5,2024-03-23 01:35:25
2227,12,M01247,Type_08,Morning,119.5,2024-03-23 01:38:01
2228,7,M03840,Type_22,Afternoon,80.0,2024-03-23 01:39:24
2229,14,M08552,Type_02,Morning,113.3,2024-03-23 02:35:26
2230,16,M02377,Type_17,Morning,87.0,2024-03-23 03:05:49
2231,1,M03010,Type_13,Afternoon,116.5,2024-03-23 03:29:39
2232,10,M09155,Type_11,Morning,89.3,2024-03-23 03:37:47
2233,11,M01828,Type_01,Night,92.9,2024-03-23 03:52:08
2234,7,M06980,Type_25,Night,104.5,2024-03-23 04:25:53
2235,18,M09806,Type_18,Afternoon,89.0,2024-03-23 04:37:25
2236,19,M09833,Type_12,Afternoon,100.5,2024-03-23 04:43:33
2237,14,M08570,Type_16,Night,86.1,2024-03-23 05:00:11
2238,17,M04286,Type_23,Morning,80.0,2024-03-23 05:11:05
2239,23,M06911,Type_18,Morning,130.4,2024-03-23 05:25:57
2240,19,M08562,Type_07,Morning,84.1,2024-03-23 07:59:50
2241,22,M02197,Type_05,Night,106.4,2024-03-23 10:30:29
2242,13,M03748,Type_03,Morning,125.1,2024-03-23 10:52:17
2243,23,M08844,Type_16,Afternoon,97.7,2024-03-23 11:57:53
2244,3,M05979,Type_09,Night,93.5,2024-03-23 13:00:27
2245,2,M05608,Type_04,Night,114.5,2024-03-23 14:50:00
2246,25,M00770,Type_13,Afternoon,132.4,2024-03-23 14:50:45
2247,9,M00781,Type_16,Morning,86.6,2024-03-23 14:59:59
2248,7,M09909,Type_22,Night,107.0,2024-03-23 15:02:00
2249,14,M06304,Type_17,Afternoon,80.0,2024-03-23 15:49:32
2250,5,M03984,Type_14,Morning,102.1,2024-03-23 16:13:02
2251,20,M09504,Type_20,Morning,110.7,2024-03-23 16:16:28
2252,15,M08715,Type_06,Night,92.9,2024-03-23 16:42:57
2253,20,M00522,Type_01,Afternoon,100.9,2024-03-23 16:52:23
2254,1,M09128,Type_18,Night,81.8,2024-03-23 21:30:48
2255,20,M07570,Type_16,Night,111.5,2024-03-23 23:11:17
2256,7,M05785,Type_24,Afternoon,131.1,2024-03-23 23:42:56
2257,5,M04584,Type_04,Afternoon,88.1,2024-03-24 01:23:30
2258,25,M05947,Type_21,Afternoon,97.5,2024-03-24 01:30:24
2259,4,M04942,Type_02,Morning,120.1,2024-03-24 02:36:24
2260,11,M06268,Type_09,Afternoon,134.2,2024-03-24 03:10:37
2261,19,M07129,Type_10,Night,80.1,2024-03-24 03:22:36
2262,6,M02462,Type_22,Afternoon,106.6,2024-03-24 03:27:49
2263,20,M00686,Type_25,Night,115.7,2024-03-24 04:04:49
2264,18,M02161,Type_18,Afternoon,108.0,2024-03-24 04:45:40
2265,5,M07032,Type_20,Afternoon,80.0,2024-03-24 04:55:52
2266,20,M09760,Type_11,Afternoon,120.0,2024-03-24 04:57:06
2267,15,M05342,Type_08,Afternoon,140.4,2024-03-24 05:09:30
2268,21,M00039,Type_17,Afternoon,112.3,2024-03-24 05:31:18
2269,25,M04876,Type_02,Morning,89.4,2024-03-24 06:31:58
2270,20,M01257,Type_01,Afternoon,99.7,2024-03-24 06:58:41
2271,6,M07698,Type_11,Morning,145.4,2024-03-24 08:03:35
2272,4,M02197,Type_05,Morning,128.2,2024-03-24 08:09:45
2273,17,M07166,Type_25,Afternoon,122.8,2024-03-24 09:08:55
2274,15,M00302,Type_21,Afternoon,117.1,2024-03-24 09:30:49
2275,18,M07528,Type_12,Night,96.8,2024-03-24 10:54:30
2276,6,M06382,Type_16,Afternoon,106.0,2024-03-24 11:57:03
2277,24,M00647,Type_03,Afternoon,108.4,2024-03-24 12:10:47
2278,25,M09952,Type_02,Afternoon,121.0,2024-03-24 12:23:13
2279,20,M08790,Type_10,Afternoon,140.2,2024-03-24 12:59:05
2280,22,M08854,Type_12,Morning,132.4,2024-03-24 13:16:30
2281,19,M04331,Type_24,Morning,81.6,2024-03-24 13:26:52
2282,12,M09561,Type_24,Morning,114.5,2024-03-24 13:36:29
2283,9,M07004,Type_11,Afternoon,124.7,2024-03-24 13:59:15
2284,8,M03538,Type_04,Morning,122.4,2024-03-24 14:24:54
2285,15,M04559,Type_18,Morning,97.4,2024-03-24 15:45:38
2286,1,M06580,Type_14,Morning,160.0,2024-03-24 15:46:39
2287,2,M08475,Type_14,Night,84.5,2024-03-24 20:20:43
2288,25,M09679,Type_19,Morning,88.3,2024-03-24 20:48:54
2289,3,M04083,Type_13,Afternoon,114.7,2024-03-24 21:09:55
2290,19,M04184,Type_24,Morning,152.3,2024-03-24 21:27:59
2291,10,M08653,Type_20,Afternoon,93.3,2024-03-24 21:32:44
2292,25,M03755,Type_05,Morning,104.7,2024-03-24 22:04:22
2293,14,M01725,Type_14,Morning,131.5,2024-03-24 23:36:10
2294,19,M01377,Type_01,Afternoon,109.6,2024-03-24 23:44:44
2295,11,M08707,Type_01,Morning,103.3,2024-03-24 23:49:23
2296,21,M08895,Type_01,Morning,121.3,2024-03-25 00:00:12
2297,6,M01654,Type_01,Morning,115.5,2024-03-25 00:07:32
2298,19,M02067,Type_06,Morning,130.6,2024-03-25 01:25:11
2299,14,M00023,Type_10,Morning,135.8,2024-03-25 03:17:21
2300,8,M02461,Type_11,Morning,116.1,2024-03-25 04:29:04
2301,2,M05927,Type_05,Night,115.8,2024-03-25 05:02:09
2302,22,M06252,Type_24,Afternoon,114.3,2024-03-25 05:05:42
2303,18,M09497,Type_19,Afternoon,119.8,2024-03-25 05:46:40
2304,25,M07296,Type_07,Morning,111.1,2024-03-25 06:56:55
2305,22,M03301,Type_18,Night,110.0,2024-03-25 08:21:43
2306,25,M06280,Type_09,Morning,133.9,2024-03-25 08:54:37
2307,4,M08554,Type_12,Morning,140.3,2024-03-25 10:40:37
2308,3,M07354,Type_21,Afternoon,80.0,2024-03-25 12:42:44
2309,2,M03728,Type_08,Morning,110.2,2024-03-25 12:43:06
2310,24,M06273,Type_16,Morning,96.2,2024-03-25 13:40:09
2311,4,M05996,Type_13,Afternoon,103.8,2024-03-25 13:54:21
2312,18,M09477,Type_04,Night,118.1,2024-03-25 14:31:25
2313,11,M00515,Type_21,Afternoon,123.4,2024-03-25 15:01:35
2314,9,M00449,Type_05,Afternoon,107.8,2024-03-25 16:12:42
2315,8,M06020,Type_12,Night,80.0,2024-03-25 16:15:05
2316,21,M05344,Type_08,Morning,90.7,2024-03-25 16:19:11
2317,8,M08034,Type_07,Morning,127.9,2024-03-25 16:27:26
2318,5,M02521,Type_19,Morning,80.0,2024-03-25 17:08:20
2319,13,M03082,Type_23,Afternoon,133.7,2024-03-25 18:11:01
2320,7,M01429,Type_23,Afternoon,120.4,2024-03-25 19:29:16
2321,21,M03968,Type_02,Night,136.3,2024-03-25 21:16:14
2322,5,M06446,Type_02,Afternoon,106.0,2024-03-25 23:03:59
2323,13,M09115,Type_07,Afternoon,80.0,2024-03-25 23:30:53
2324,20,M02160,Type_21,Morning,118.6,2024-03-25 23:35:01
2325,16,M05133,Type_08,Night,135.5,2024-03-26 00:55:11
2326,14,M02548,Type_25,Night,128.5,2024-03-26 01:08:13
2327,5,M02980,Type_13,Night,96.7,2024-03-26 01:08:47
2328,23,M02650,Type_11,Morning,111.7,2024-03-26 02:13:33
2329,19,M08506,Type_17,Afternoon,99.3,2024-03-26 03:04:32
2330,4,M03084,Type_11,Morning,93.6,2024-03-26 03:11:23
2331,24,M01038,Type_18,Morning,129.1,2024-03-26 03:31:14
2332,22,M03490,Type_23,Morning,86.0,2024-03-26 04:42:05
2333,24,M07605,Type_11,Afternoon,92.1,2024-03-26 04:47:57
2334,11,M07545,Type_03,Afternoon,87.9,2024-03-26 05:15:10
2335,2,M02635,Type_03,Morning,80.2,2024-03-26 05:29:45
2336,13,M03984,Type_14,Morning,112.9,2024-03-26 06:13:10
2337,16,M01779,Type_17,Afternoon,133.2,2024-03-26 06:51:59
2338,9,M07903,Type_01,Morning,106.3,2024-03-26 07:27:07
2339,16,M05111,Type_15,Morning,80.0,2024-03-26 07:34:37
2340,7,M05190,Type_24,Afternoon,126.8,2024-03-26 07:45:11
2341,16,M07379,Type_02,Night,143.7,2024-03-26 08:07:29
2342,13,M01125,Type_24,Morning,97.1,2024-03-26 08:23:36
2343,5,M00698,Type_18,Morning,100.4,2024-03-26 08:43:09
2344,15,M02180,Type_24,Morning,120.3,2024-03-26 10:01:51
2345,7,M09597,Type_25,Night,142.4,2024-03-26 10:46:51
2346,18,M05252,Type_16,Afternoon,99.6,2024-03-26 11:57:08
2347,20,M09236,Type_19,Afternoon,83.4,2024-03-26 11:59:11
2348,23,M01930,Type_06,Morning,122.6,2024-03-26 12:05:29
2349,2,M01014,Type_06,Afternoon,126.0,2024-03-26 12:24:29
2350,8,M00227,Type_03,Morning,110.1,2024-03-26 12:46:34
2351,10,M07322,Type_04,Afternoon,98.8,2024-03-26 13:33:06
2352,10,M01829,Type_20,Night,129.9,2024-03-26 13:34:20
2353,11,M07910,Type_07,Afternoon,120.6,2024-03-26 13:47:07
2354,21,M05589,Type_17,Night,94.6,2024-03-26 14:33:25
2355,21,M02024,Type_11,Afternoon,111.0,2024-03-26 14:39:25
2356,8,M04967,Type_09,Morning,83.0,2024-03-26 14:53:45
2357,16,M05892,Type_07,Night,123.7,2024-03-26 15:05:59
2358,16,M01081,Type_01,Morning,104.8,2024-03-26 15:22:01
2359,17,M05037,Type_18,Afternoon,101.3,2024-03-26 15:51:17
2360,6,M02564,Type_10,Morning,109.3,2024-03-26 15:57:34
2361,18,M03293,Type_16,Morning,110.8,2024-03-26 16:06:11
2362,17,M03587,Type_25,Afternoon,127.9,2024-03-26 16:31:27
2363,12,M04432,Type_18,Morning,121.8,2024-03-26 17:19:18
2364,15,M06842,Type_16,Afternoon,106.9,2024-03-26 17:29:56
2365,7,M06644,Type_24,Afternoon,125.3,2024-03-26 19:36:11
2366,14,M03960,Type_01,Morning,118.0,2024-03-26 19:51:22
2367,4,M00162,Type_02,Morning,101.5,2024-03-26 20:13:57
2368,17,M00594,Type_10,Afternoon,107.5,2024-03-26 21:47:51
2369,11,M03391,Type_19,Morning,107.0,2024-03-26 23:20:47
2370,6,M05998,Type_01,Afternoon,120.1,2024-03-26 23:33:35
2371,10,M06355,Type_11,Afternoon,102.7,2024-03-27 00:40:43
2372,15,M00664,Type_16,Night,102.2,2024-03-27 01:49:58
2373,6,M09325,Type_04,Afternoon,149.4,2024-03-27 02:46:41
2374,16,M00542,Type_20,Afternoon,128.8,2024-03-27 03:34:19
2375,12,M05434,Type_14,Afternoon,94.8,2024-03-27 06:01:14
2376,19,M05094,Type_01,Morning,121.4,2024-03-27 07:13:33
2377,16,M00868,Type_04,Morning,112.4,2024-03-27 07:45:00
2378,14,M08624,Type_13,Night,117.8,2024-03-27 08:37:01
2379,6,M05470,Type_10,Afternoon,112.7,2024-03-27 09:47:02
2380,9,M06257,Type_07,Night,133.8,2024-03-27 10:37:21
2381,22,M09399,Type_10,Night,116.9,2024-03-27 10:47:40
2382,1,M01170,Type_01,Night,108.8,2024-03-27 13:55:42
2383,22,M00831,Type_05,Night,130.8,2024-03-27 14:05:37
2384,8,M01652,Type_04,Afternoon,114.7,2024-03-27 14:08:47
2385,7,M01137,Type_25,Morning,112.4,2024-03-27 16:52:30
2386,14,M02811,Type_06,Afternoon,116.3,2024-03-27 16:54:49
2387,8,M08668,Type_07,Morning,108.1,2024-03-27 18:14:34
2388,11,M09519,Type_09,Afternoon,110.2,2024-03-27 19:29:25
2389,24,M01020,Type_15,Afternoon,98.3,2024-03-27 20:32:48
2390,9,M05238,Type_07,Afternoon,95.0,2024-03-27 21:06:45
2391,19,M01284,Type_22,Morning,90.0,2024-03-27 21:51:41
2392,7,M00660,Type_11,Morning,82.2,2024-03-27 23:30:31
2393,6,M02011,Type_08,Afternoon,92.4,2024-03-27 23:46:18
2394,18,M08591,Type_07,Morning,106.5,2024-03-28 00:39:51
2395,5,M01734,Type_02,Night,112.1,2024-03-28 01:42:45
2396,19,M02126,Type_24,Morning,104.6,2024-03-28 02:20:50
2397,11,M02172,Type_09,Morning,80.0,2024-03-28 04:58:02
2398,5,M08267,Type_23,Morning,141.5,2024-03-28 06:22:06
2399,25,M03472,Type_24,Afternoon,131.7,2024-03-28 06:26:37
2400,24,M09029,Type_11,Afternoon,118.9,2024-03-28 08:49:55
2401,25,M05625,Type_05,Morning,148.1,2024-03-28 09:37:35
2402,9,M08692,Type_17,Morning,90.5,2024-03-28 10:13:11
2403,24,M08330,Type_23,Afternoon,147.8,2024-03-28 10:58:57
2404,8,M02098,Type_04,Morning,90.7,2024-03-28 12:02:27
2405,11,M05069,Type_15,Afternoon,114.8,2024-03-28 12:04:29
2406,22,M06398,Type_14,Afternoon,84.5,2024-03-28 12:33:48
2407,6,M02758,Type_22,Morning,110.3,2024-03-28 13:29:06
2408,15,M03921,Type_14,Morning,117.7,2024-03-28 13:42:04
2409,6,M08187,Type_17,Night,106.9,2024-03-28 14:20:39
2410,22,M01901,Type_15,Afternoon,124.3,2024-03-28 16:17:36
2411,11,M02611,Type_03,Afternoon,112.0,2024-03-28 17:13:51
2412,15,M06901,Type_07,Morning,99.6,2024-03-28 19:58:14
2413,12,M01450,Type_01,Afternoon,98.7,2024-03-28 22:25:28
2414,9,M08739,Type_16,Morning,126.2,2024-03-28 22:36:56
2415,10,M05018,Type_18,Afternoon,96.9,2024-03-28 22:59:26
2416,15,M08000,Type_02,Night,128.3,2024-03-29 04:14:48
2417,17,M06053,Type_15,Morning,134.5,2024-03-29 04:51:17
2418,16,M02097,Type_12,Morning,80.0,2024-03-29 05:24:23
2419,22,M08896,Type_07,Morning,132.7,2024-03-29 05:27:02
2420,8,M06405,Type_08,Morning,151.2,2024-03-29 06:36:21
2421,17,M09818,Type_19,Morning,115.0,2024-03-29 07:36:11
2422,11,M03332,Type_17,Morning,122.0,2024-03-29 08:36:51
2423,11,M07463,Type_24,Night,130.7,2024-03-29 08:38:42
2424,6,M05106,Type_23,Afternoon,104.5,2024-03-29 09:10:08
2425,25,M02979,Type_22,Morning,113.6,2024-03-29 09:23:17
2426,22,M02840,Type_09,Night,83.7,2024-03-29 10:25:43
2427,2,M03385,Type_14,Morning,112.8,2024-03-29 11:01:10
2428,1,M00686,Type_25,Night,120.0,2024-03-29 11:17:14
2429,20,M07532,Type_09,Morning,120.3,2024-03-29 12:33:17
2430,6,M04284,Type_05,Night,131.3,2024-03-29 13:42:22
2431,25,M07737,Type_04,Afternoon,94.5,2024-03-29 14:30:38
2432,5,M07711,Type_23,Night,99.3,2024-03-29 14:51:39
2433,23,M01620,Type_05,Night,147.9,2024-03-29 15:01:35
2434,22,M06869,Type_13,Morning,107.0,2024-03-29 15:44:43
2435,22,M01432,Type_25,Night,114.0,2024-03-29 19:22:29
2436,9,M09068,Type_15,Morning,108.7,2024-03-29 19:27:51
2437,5,M04714,Type_05,Morning,93.6,2024-03-29 20:09:19
2438,18,M09558,Type_06,Morning,142.5,2024-03-29 20:27:14
2439,24,M09436,Type_20,Afternoon,99.4,2024-03-29 20:32:40
2440,19,M04999,Type_12,Morning,87.5,2024-03-29 22:35:04
2441,15,M00163,Type_24,Afternoon,101.0,2024-03-29 23:25:52
2442,15,M01975,Type_04,Afternoon,80.0,2024-03-30 00:16:04
2443,9,M03292,Type_07,Night,97.0,2024-03-30 00:27:48
2444,14,M08462,Type_11,Night,90.6,2024-03-30 01:20:36
2445,5,M00632,Type_08,Afternoon,122.3,2024-03-30 03:07:47
2446,17,M00906,Type_05,Morning,96.5,2024-03-30 05:16:53
2447,15,M02015,Type_08,Morning,127.8,2024-03-30 05:18:09
2448,20,M09834,Type_21,Morning,138.0,2024-03-30 05:19:46
2449,25,M07897,Type_03,Morning,125.6,2024-03-30 06:12:14
2450,17,M00205,Type_20,Morning,105.7,2024-03-30 07:41:47
2451,24,M00582,Type_12,Morning,112.8,2024-03-30 08:05:52
2452,24,M05676,Type_23,Night,80.0,2024-03-30 08:21:56
2453,25,M09033,Type_19,Afternoon,107.3,2024-03-30 08:27:24
2454,9,M05348,Type_14,Morning,92.8,2024-03-30 10:10:49
2455,13,M09912,Type_21,Afternoon,123.9,2024-03-30 10:22:54
2456,22,M02644,Type_10,Morning,160.0,2024-03-30 10:53:42
2457,13,M08018,Type_12,Afternoon,120.0,2024-03-30 11:51:11
2458,5,M02298,Type_15,Afternoon,80.0,2024-03-30 13:18:31
2459,14,M00875,Type_17,Afternoon,102.8,2024-03-30 13:33:34
2460,7,M05561,Type_16,Afternoon,112.4,2024-03-30 15:42:50
2461,25,M00690,Type_01,Night,111.7,2024-03-30 18:39:09
2462,5,M04001,Type_20,Night,95.4,2024-03-30 18:55:24
2463,12,M09615,Type_11,Afternoon,114.9,2024-03-30 19:14:52
2464,3,M00672,Type_23,Afternoon,85.1,2024-03-30 19:27:35
2465,9,M07928,Type_24,Afternoon,91.1,2024-03-31 01:52:11
2466,10,M01172,Type_06,Morning,122.9,2024-03-31 01:52:53
2467,1,M05592,Type_03,Morning,89.7,2024-03-31 01:53:25
2468,14,M09136,Type_13,Morning,120.8,2024-03-31 04:20:44
2469,1,M06343,Type_07,Afternoon,82.6,2024-03-31 05:41:16
2470,10,M01450,Type_01,Afternoon,145.3,2024-03-31 07:01:22
2471,11,M02540,Type_19,Morning,94.5,2024-03-31 07:49:56
2472,20,M03960,Type_01,Night,105.5,2024-03-31 08:13:22
2473,2,M06286,Type_01,Night,116.6,2024-03-31 08:50:05
2474,23,M05433,Type_02,Afternoon,98.7,2024-03-31 09:02:45
2475,2,M04261,Type_21,Afternoon,112.9,2024-03-31 09:12:30
2476,23,M02362,Type_12,Night,121.5,2024-03-31 10:46:45
2477,24,M06165,Type_03,Morning,129.2,2024-03-31 11:28:45
2478,11,M03671,Type_01,Night,125.8,2024-03-31 12:23:59
2479,8,M01754,Type_18,Morning,106.6,2024-03-31 15:50:30
2480,3,M08101,Type_11,Night,107.1,2024-03-31 17:45:08
2481,9,M01939,Type_23,Morning,157.0,2024-03-31 23:52:16
2482,16,M08563,Type_11,Night,129.0,2024-03-31 23:56:05
2483,16,M05977,Type_25,Night,91.6,2024-04-01 01:29:46
2484,10,M06589,Type_22,Morning,112.0,2024-04-01 01:48:42
2485,6,M08617,Type_20,Afternoon,103.3,2024-04-01 01:49:18
2486,20,M06305,Type_03,Night,107.3,2024-04-01 02:26:49
2487,24,M07346,Type_07,Afternoon,85.4,2024-04-01 02:27:09
2488,20,M07876,Type_02,Night,101.8,2024-04-01 03:18:57
2489,20,M09087,Type_23,Afternoon,146.2,2024-04-01 03:55:51
2490,11,M06634,Type_01,Morning,121.6,2024-04-01 07:33:22
2491,8,M00598,Type_22,Morning,80.0,2024-04-01 11:25:38
2492,20,M03063,Type_07,Morning,134.3,2024-04-01 11:43:21
2493,1,M02337,Type_01,Night,131.8,2024-04-01 12:18:38
2494,6,M09880,Type_12,Morning,102.8,2024-04-01 13:29:02
2495,8,M00573,Type_07,Afternoon,124.3,2024-04-01 13:45:15
2496,14,M07522,Type_20,Afternoon,92.8,2024-04-01 13:52:20
2497,3,M06172,Type_16,Afternoon,100.6,2024-04-01 17:58:49
2498,2,M07098,Type_09,Night,140.0,2024-04-01 18:13:51
2499,22,M02091,Type_13,Night,104.6,2024-04-01 18:30:04
2500,1,M06567,Type_18,Afternoon,80.0,2024-04-01 19:27:20
2501,11,M04625,Type_11,Night,108.7,2024-04-01 20:14:38
2502,21,M01634,Type_25,Night,108.4,2024-04-01 20:47:39
2503,6,M01518,Type_18,Afternoon,134.0,2024-04-01 21:09:13
2504,8,M03649,Type_23,Night,110.3,2024-04-01 21:34:42
2505,7,M01538,Type_21,Morning,101.6,2024-04-01 22:56:59
2506,6,M03138,Type_24,Morning,130.9,2024-04-02 00:06:13
2507,18,M06986,Type_11,Night,112.4,2024-04-02 02:16:46
2508,12,M00098,Type_05,Afternoon,95.0,2024-04-02 04:38:25
2509,8,M03751,Type_07,Night,133.1,2024-04-02 04:51:35
2510,24,M08536,Type_21,Night,113.9,2024-04-02 05:13:16
2511,21,M08175,Type_10,Morning,110.1,2024-04-02 05:19:18
2512,19,M08104,Type_13,Night,113.6,2024-04-02 06:53:04
2513,24,M05414,Type_13,Afternoon,88.6,2024-04-02 07:21:47
2514,5,M04667,Type_15,Afternoon,99.4,2024-04-02 08:06:11
2515,19,M00611,Type_23,Afternoon,110.1,2024-04-02 09:01:20
2516,9,M01728,Type_07,Night,106.1,2024-04-02 09:45:50
2517,25,M01855,Type_24,Morning,135.4,2024-04-02 11:18:40
2518,12,M05056,Type_01,Afternoon,114.3,2024-04-02 11:58:57
2519,15,M02325,Type_02,Afternoon,127.1,2024-04-02 13:47:17
2520,23,M09370,Type_16,Afternoon,110.2,2024-04-02 16:22:09
2521,13,M09284,Type_12,Afternoon,131.1,2024-04-02 16:47:42
2522,24,M05775,Type_13,Morning,118.0,2024-04-02 18:26:22
2523,13,M06520,Type_14,Morning,110.3,2024-04-02 18:41:27
2524,21,M01750,Type_02,Morning,109.7,2024-04-02 18:54:32
2525,21,M00782,Type_17,Night,90.9,2024-04-02 21:22:40
2526,5,M07549,Type_02,Morning,120.1,2024-04-02 23:17:37
2527,2,M06824,Type_22,Morning,109.2,2024-04-02 23:19:55
2528,19,M02106,Type_11,Night,100.0,2024-04-03 00:45:34
2529,8,M03868,Type_11,Morning,132.1,2024-04-03 01:03:23
2530,14,M07194,Type_24,Night,85.0,2024-04-03 02:43:08
2531,6,M04977,Type_17,Afternoon,101.6,2024-04-03 02:53:11
2532,25,M02114,Type_01,Night,130.6,2024-04-03 03:39:26
2533,7,M05880,Type_09,Morning,116.3,2024-04-03 03:41:56
2534,14,M03971,Type_02,Morning,109.0,2024-04-03 04:11:56
2535,6,M09260,Type_08,Afternoon,115.0,2024-04-03 05:15:12
2536,16,M07265,Type_07,Night,113.6,2024-04-03 07:22:05
2537,4,M01578,Type_17,Afternoon,80.0,2024-04-03 08:23:55
2538,7,M09204,Type_18,Morning,103.0,2024-04-03 09:18:11
2539,16,M02275,Type_04,Night,142.3,2024-04-03 10:25:50
2540,4,M04870,Type_04,Night,96.8,2024-04-03 11:09:42
2541,7,M06745,Type_18,Afternoon,103.6,2024-04-03 11:40:32
2542,21,M02427,Type_04,Night,99.2,2024-04-03 11:45:04
2543,2,M05547,Type_24,Night,108.3,2024-04-03 13:13:05
2544,23,M06853,Type_07,Afternoon,98.3,2024-04-03 13:52:41
2545,8,M02552,Type_25,Morning,119.7,2024-04-03 14:06:39
2546,10,M06412,Type_17,Afternoon,113.9,2024-04-03 14:37:42
2547,2,M00008,Type_03,Morning,125.5,2024-04-03 15:49:29
2548,6,M08088,Type_25,Afternoon,89.0,2024-04-03 15:50:17
2549,4,M02556,Type_20,Afternoon,103.2,2024-04-03 16:27:36
2550,21,M00476,Type_20,Morning,105.5,2024-04-03 16:58:44
2551,1,M05417,Type_24,Morning,119.1,2024-04-03 17:23:49
2552,6,M08677,Type_08,Morning,94.1,2024-04-03 17:59:37
2553,12,M07240,Type_08,Night,128.3,2024-04-03 18:56:52
2554,14,M06711,Type_06,Night,133.7,2024-04-03 20:51:08
2555,15,M05001,Type_10,Morning,90.2,2024-04-03 22:23:17
2556,24,M04655,Type_20,Night,100.2,2024-04-03 22:36:31
2557,18,M08079,Type_24,Afternoon,99.4,2024-04-04 00:20:27
2558,17,M06064,Type_10,Morning,160.0,2024-04-04 00:48:07
2559,9,M02286,Type_19,Morning,101.4,2024-04-04 01:06:34
2560,15,M05224,Type_19,Afternoon,143.6,2024-04-04 01:14:16
2561,18,M06972,Type_13,Night,84.7,2024-04-04 01:51:25
2562,24,M03526,Type_01,Afternoon,90.2,2024-04-04 02:27:58
2563,21,M02823,Type_09,Morning,96.3,2024-04-04 02:46:21
2564,18,M04944,Type_06,Morning,93.1,2024-04-04 05:07:50
2565,5,M06531,Type_12,Afternoon,104.6,2024-04-04 05:45:07
2566,16,M00259,Type_14,Morning,95.8,2024-04-04 05:47:47
2567,9,M00283,Type_17,Morning,93.6,2024-04-04 07:48:39
2568,22,M01899,Type_01,Morning,133.2,2024-04-04 07:51:30
2569,3,M04136,Type_13,Night,134.5,2024-04-04 08:55:22
2570,12,M06630,Type_22,Night,129.0,2024-04-04 09:28:11
2571,24,M03201,Type_06,Afternoon,120.5,2024-04-04 09:38:24
2572,14,M05111,Type_15,Night,111.9,2024-04-04 10:33:17
2573,1,M07168,Type_07,Morning,100.1,2024-04-04 12:47:59
2574,9,M00613,Type_24,Afternoon,90.9,2024-04-04 13:25:03
2575,9,M00688,Type_23,Morning,117.3,2024-04-04 13:43:44
2576,20,M03691,Type_02,Afternoon,86.5,2024-04-04 14:14:39
2577,13,M08805,Type_18,Night,90.1,2024-04-04 14:15:53
2578,8,M02308,Type_06,Afternoon,133.1,2024-04-04 14:30:25
2579,11,M07134,Type_24,Morning,148.0,2024-04-04 14:46:28
2580,14,M06510,Type_23,Afternoon,117.9,2024-04-04 15:10:08
2581,16,M09974,Type_08,Morning,132.1,2024-04-04 16:23:02
2582,11,M05907,Type_01,Night,105.1,2024-04-04 16:28:12
2583,19,M02592,Type_24,Afternoon,83.2,2024-04-04 17:19:42
2584,22,M07184,Type_12,Afternoon,122.2,2024-04-04 17:24:46
2585,10,M05249,Type_22,Afternoon,121.4,2024-04-04 19:04:22
2586,8,M08767,Type_24,Afternoon,111.4,2024-04-04 20:50:55
2587,11,M05109,Type_03,Morning,105.2,2024-04-04 21:22:26
2588,25,M03605,Type_25,Afternoon,129.2,2024-04-04 21:45:48
2589,8,M00670,Type_23,Morning,90.3,2024-04-05 00:16:36
2590,25,M04365,Type_16,Afternoon,94.5,2024-04-05 01:51:13
2591,20,M07330,Type_17,Night,89.8,2024-04-05 02:44:31
2592,10,M01284,Type_22,Night,111.7,2024-04-05 03:38:15
2593,17,M00924,Type_20,Afternoon,88.2,2024-04-05 03:42:52
2594,23,M01126,Type_10,Afternoon,96.3,2024-04-05 04:25:08
2595,11,M01530,Type_13,Morning,95.9,2024-04-05 05:02:33
2596,12,M09787,Type_15,Night,104.8,2024-04-05 05:31:30
2597,10,M08439,Type_08,Morning,80.3,2024-04-05 08:59:05
2598,20,M03712,Type_19,Afternoon,111.7,2024-04-05 09:20:16
2599,17,M08005,Type_25,Morning,134.9,2024-04-05 09:33:46
2600,3,M09753,Type_11,Morning,112.7,2024-04-05 10:12:17
2601,7,M06275,Type_18,Afternoon,140.8,2024-04-05 10:31:41
2602,3,M03865,Type_02,Morning,136.7,2024-04-05 11:20:15
2603,17,M07834,Type_11,Afternoon,125.6,2024-04-05 11:24:18
2604,23,M06789,Type_13,Morning,111.5,2024-04-05 12:17:14
2605,8,M00227,Type_03,Morning,110.5,2024-04-05 12:52:54
2606,21,M00265,Type_10,Afternoon,125.3,2024-04-05 13:56:32
2607,22,M09588,Type_10,Morning,102.2,2024-04-05 14:01:28
2608,19,M00646,Type_16,Morning,80.0,2024-04-05 14:09:12
2609,14,M07545,Type_03,Afternoon,119.8,2024-04-05 15:45:10
2610,5,M05570,Type_07,Morning,87.4,2024-04-05 16:10:02
2611,19,M02991,Type_11,Night,90.8,2024-04-05 16:19:17
2612,13,M02505,Type_03,Morning,110.0,2024-04-05 16:35:04
2613,18,M09347,Type_01,Morning,108.1,2024-04-05 17:03:14
2614,23,M00588,Type_10,Afternoon,81.8,2024-04-05 18:22:56
2615,11,M09178,Type_15,Morning,113.3,2024-04-05 19:00:54
2616,23,M04080,Type_10,Morning,129.3,2024-04-05 19:13:55
2617,12,M03349,Type_03,Morning,87.4,2024-04-05 19:31:59
2618,8,M06300,Type_04,Morning,135.4,2024-04-05 19:34:50
2619,12,M03832,Type_16,Night,80.0,2024-04-05 19:42:50
2620,1,M09434,Type_11,Morning,152.3,2024-04-05 20:03:25
2621,18,M08382,Type_21,Night,101.8,2024-04-05 20:17:00
2622,2,M09173,Type_04,Night,112.9,2024-04-05 20:26:36
2623,12,M09891,Type_23,Afternoon,80.0,2024-04-05 20:46:49
2624,19,M01716,Type_09,Night,108.8,2024-04-05 21:24:11
2625,23,M06451,Type_22,Morning,114.6,2024-04-05 22:24:04
2626,7,M05434,Type_14,Night,108.3,2024-04-05 23:37:52
2627,7,M01099,Type_22,Morning,98.7,2024-04-06 00:16:01
2628,1,M07097,Type_22,Afternoon,91.1,2024-04-06 00:57:39
2629,18,M02327,Type_09,Afternoon,132.6,2024-04-06 00:59:29
2630,8,M09088,Type_07,Morning,110.6,2024-04-06 01:24:14
2631,25,M06417,Type_06,Afternoon,140.8,2024-04-06 02:25:21
2632,10,M06981,Type_12,Afternoon,99.5,2024-04-06 02:28:28
2633,23,M06764,Type_22,Morning,101.3,2024-04-06 03:39:02
2634,1,M01675,Type_24,Morning,126.3,2024-04-06 05:10:16
2635,15,M07951,Type_10,Afternoon,80.0,2024-04-06 07:17:53
2636,15,M09123,Type_17,Afternoon,85.7,2024-04-06 08:27:58
2637,4,M08916,Type_11,Night,131.9,2024-04-06 08:28:46
2638,10,M06050,Type_23,Night,86.6,2024-04-06 09:47:26
2639,8,M01090,Type_15,Night,80.0,2024-04-06 10:19:43
2640,14,M04579,Type_03,Afternoon,147.4,2024-04-06 10:22:02
2641,13,M09128,Type_18,Morning,82.1,2024-04-06 10:45:30
2642,21,M00156,Type_06,Morning,113.7,2024-04-06 10:50:18
2643,17,M09263,Type_14,Night,111.4,2024-04-06 12:38:23
2644,7,M01959,Type_09,Afternoon,80.0,2024-04-06 13:31:54
2645,6,M06345,Type_07,Morning,104.7,2024-04-06 14:08:59
2646,9,M05780,Type_22,Morning,119.0,2024-04-06 16:03:03
2647,20,M06145,Type_23,Night,117.1,2024-04-06 16:08:20
2648,20,M05064,Type_01,Afternoon,128.1,2024-04-06 17:20:26
2649,8,M03831,Type_12,Afternoon,102.3,2024-04-06 17:25:00
2650,14,M09047,Type_10,Afternoon,124.3,2024-04-06 17:25:51
2651,20,M08832,Type_17,Morning,96.2,2024-04-06 17:27:56
2652,3,M09795,Type_24,Morning,81.8,2024-04-06 17:52:53
2653,23,M06660,Type_24,Morning,84.0,2024-04-06 19:05:47
2654,13,M00442,Type_12,Morning,80.8,2024-04-06 19:20:41
2655,21,M06041,Type_04,Night,130.2,2024-04-06 19:21:40
2656,9,M05926,Type_17,Afternoon,80.0,2024-04-06 20:06:12
2657,21,M07359,Type_03,Night,115.5,2024-04-06 20:16:43
2658,9,M04629,Type_17,Night,104.7,2024-04-06 20:32:24
2659,22,M06371,Type_14,Morning,107.9,2024-04-06 22:01:26
2660,22,M09529,Type_05,Afternoon,137.3,2024-04-06 22:05:49
2661,11,M00949,Type_04,Afternoon,101.2,2024-04-06 22:12:33
2662,6,M08180,Type_20,Night,122.2,2024-04-06 22:32:53
2663,23,M06116,Type_13,Morning,110.8,2024-04-06 23:21:34
2664,12,M00460,Type_20,Afternoon,107.0,2024-04-07 01:40:15
2665,4,M07569,Type_20,Afternoon,156.0,2024-04-07 03:33:27
2666,4,M04647,Type_24,Morning,81.2,2024-04-07 06:37:37
2667,25,M00393,Type_18,Morning,135.8,2024-04-07 07:15:26
2668,23,M01788,Type_08,Afternoon,123.1,2024-04-07 07:54:24
2669,22,M07375,Type_22,Afternoon,100.4,2024-04-07 08:54:33
2670,17,M01139,Type_14,Morning,142.6,2024-04-07 09:13:22
2671,7,M04742,Type_08,Afternoon,80.0,2024-04-07 09:23:04
2672,6,M07419,Type_24,Morning,99.6,2024-04-07 10:10:08
2673,20,M06363,Type_06,Afternoon,85.8,2024-04-07 11:11:40
2674,8,M02455,Type_16,Morning,118.2,2024-04-07 11:24:43
2675,7,M09659,Type_10,Night,87.7,2024-04-07 12:04:41
2676,8,M03675,Type_11,Morning,118.7,2024-04-07 12:26:07
2677,9,M01378,Type_21,Morning,106.3,2024-04-07 13:25:00
2678,1,M06702,Type_20,Morning,100.4,2024-04-07 13:58:19
2679,3,M02598,Type_17,Morning,117.8,2024-04-07 15:12:23
2680,18,M00142,Type_16,Afternoon,104.6,2024-04-07 15:35:24
2681,19,M02660,Type_24,Morning,88.2,2024-04-07 16:32:34
2682,11,M04597,Type_25,Night,160.0,2024-04-07 17:10:20
2683,16,M09032,Type_03,Morning,100.3,2024-04-07 17:34:11
2684,18,M05662,Type_05,Morning,80.0,2024-04-07 21:22:16
2685,6,M06143,Type_09,Morning,93.2,2024-04-07 23:19:42
2686,25,M05627,Type_12,Morning,84.7,2024-04-07 23:20:12
2687,2,M08788,Type_23,Morning,126.5,2024-04-07 23:29:57
2688,4,M08473,Type_19,Afternoon,116.4,2024-04-08 00:15:43
2689,5,M00424,Type_08,Afternoon,118.0,2024-04-08 01:22:09
2690,21,M07000,Type_11,Afternoon,102.6,2024-04-08 01:36:08
2691,14,M04250,Type_18,Afternoon,104.4,2024-04-08 02:36:51
2692,1,M01751,Type_19,Afternoon,102.6,2024-04-08 03:45:07
2693,22,M04758,Type_12,Morning,108.4,2024-04-08 04:30:13
2694,14,M01968,Type_17,Afternoon,126.7,2024-04-08 04:47:35
2695,21,M04089,Type_07,Night,116.7,2024-04-08 06:21:15
2696,13,M04179,Type_22,Afternoon,120.0,2024-04-08 07:00:20
2697,22,M07790,Type_12,Afternoon,120.0,2024-04-08 08:00:04
2698,16,M02947,Type_02,Morning,127.7,2024-04-08 09:47:11
2699,4,M09642,Type_18,Night,115.8,2024-04-08 10:00:27
2700,6,M05395,Type_19,Night,117.2,2024-04-08 10:09:22
2701,9,M07881,Type_02,Afternoon,133.8,2024-04-08 10:21:12
2702,1,M05076,Type_11,Night,96.7,2024-04-08 10:55:57
2703,22,M07231,Type_08,Morning,92.9,2024-04-08 11:47:03
2704,17,M01532,Type_15,Morning,86.3,2024-04-08 12:52:33
2705,23,M02991,Type_11,Night,113.7,2024-04-08 13:12:50
2706,4,M07156,Type_22,Night,80.0,2024-04-08 16:53:12
2707,6,M04494,Type_19,Morning,119.2,2024-04-08 18:46:15
2708,16,M09336,Type_03,Morning,107.8,2024-04-08 18:53:29
2709,7,M00934,Type_14,Morning,132.7,2024-04-08 19:48:39
2710,5,M01461,Type_06,Morning,96.6,2024-04-08 20:15:27
2711,9,M02724,Type_17,Night,105.9,2024-04-08 20:38:17
2712,24,M00286,Type_24,Afternoon,132.4,2024-04-08 21:28:07
2713,19,M00265,Type_10,Morning,137.7,2024-04-08 21:46:22
2714,1,M06817,Type_25,Morning,96.4,2024-04-08 22:32:58
2715,8,M01763,Type_24,Morning,113.6,2024-04-08 22:33:55
2716,20,M00041,Type_03,Morning,115.9,2024-04-08 22:41:32
2717,23,M05828,Type_07,Afternoon,117.5,2024-04-08 23:05:23
2718,4,M08260,Type_02,Night,104.7,2024-04-09 00:23:01
2719,23,M00988,Type_16,Night,135.6,2024-04-09 02:00:46
2720,17,M07805,Type_17,Morning,80.0,2024-04-09 02:06:36
2721,1,M07790,Type_12,Night,101.6,2024-04-09 02:14:12
2722,2,M05718,Type_20,Night,119.0,2024-04-09 03:05:03
2723,21,M03199,Type_08,Night,119.1,2024-04-09 03:36:45
2724,14,M05375,Type_25,Afternoon,137.1,2024-04-09 04:04:37
2725,22,M04791,Type_13,Morning,134.0,2024-04-09 04:05:26
2726,2,M07184,Type_12,Morning,104.3,2024-04-09 04:11:21
2727,1,M02525,Type_04,Morning,136.0,2024-04-09 04:34:33
2728,25,M09278,Type_21,Morning,95.7,2024-04-09 05:03:47
2729,13,M02480,Type_22,Morning,128.6,2024-04-09 05:34:52
2730,23,M09886,Type_05,Afternoon,146.2,2024-04-09 06:28:45
2731,8,M05155,Type_16,Afternoon,134.3,2024-04-09 07:26:23
2732,22,M00779,Type_09,Afternoon,112.1,2024-04-09 07:59:50
2733,9,M09778,Type_20,Morning,103.4,2024-04-09 08:18:19
2734,24,M01493,Type_16,Night,80.0,2024-04-09 08:40:04
2735,20,M00661,Type_20,Night,116.2,2024-04-09 08:58:39
2736,21,M01349,Type_21,Night,87.7,2024-04-09 09:47:19
2737,2,M09492,Type_12,Night,94.1,2024-04-09 12:27:03
2738,17,M07852,Type_22,Afternoon,86.2,2024-04-09 12:32:32
2739,6,M07157,Type_21,Night,100.8,2024-04-09 13:46:27
2740,3,M02045,Type_08,Morning,109.4,2024-04-09 14:04:44
2741,20,M07369,Type_18,Morning,115.5,2024-04-09 14:14:01
2742,17,M03517,Type_06,Morning,98.0,2024-04-09 14:14:40
2743,6,M09251,Type_07,Morning,131.4,2024-04-09 15:28:36
2744,8,M09169,Type_18,Morning,105.8,2024-04-09 16:17:14
2745,14,M04578,Type_18,Afternoon,94.2,2024-04-09 18:39:40
2746,10,M00728,Type_02,Night,114.5,2024-04-09 19:51:26
2747,20,M07469,Type_15,Afternoon,149.3,2024-04-10 01:19:20
2748,10,M00343,Type_17,Morning,116.7,2024-04-10 02:12:48
2749,15,M01448,Type_08,Night,102.7,2024-04-10 02:54:50
2750,8,M06582,Type_03,Afternoon,80.0,2024-04-10 03:16:41
2751,11,M06318,Type_04,Morning,105.6,2024-04-10 04:25:07
2752,16,M00527,Type_10,Afternoon,114.7,2024-04-10 04:51:37
2753,3,M06749,Type_18,Morning,102.2,2024-04-10 05:15:06
2754,15,M00406,Type_15,Morning,80.0,2024-04-10 05:33:10
2755,13,M07987,Type_03,Night,93.0,2024-04-10 05:51:15
2756,11,M09766,Type_16,Morning,139.1,2024-04-10 06:56:11
2757,14,M03741,Type_25,Afternoon,138.7,2024-04-10 07:08:42
2758,7,M01847,Type_10,Night,92.3,2024-04-10 07:59:48
2759,19,M01479,Type_12,Afternoon,123.5,2024-04-10 08:26:00
2760,15,M00772,Type_04,Morning,86.4,2024-04-10 09:26:43
2761,6,M05526,Type_07,Morning,138.1,2024-04-10 10:03:08
2762,20,M08771,Type_01,Morning,114.9,2024-04-10 10:28:46
2763,22,M00194,Type_22,Afternoon,129.0,2024-04-10 11:38:29
2764,7,M02008,Type_08,Afternoon,80.0,2024-04-10 12:16:44
2765,24,M01186,Type_20,Morning,123.6,2024-04-10 12:37:58
2766,14,M02395,Type_18,Night,109.8,2024-04-10 13:09:15
2767,22,M09985,Type_12,Afternoon,127.0,2024-04-10 14:44:56
2768,4,M09303,Type_13,Morning,128.3,2024-04-10 14:51:09
2769,9,M04006,Type_17,Afternoon,111.3,2024-04-10 15:03:35
2770,7,M07430,Type_21,Afternoon,98.0,2024-04-10 15:32:13
2771,25,M02262,Type_03,Morning,125.6,2024-04-10 16:13:24
2772,15,M03737,Type_18,Morning,108.8,2024-04-10 16:54:50
2773,3,M06717,Type_22,Night,92.5,2024-04-10 19:50:02
2774,5,M04876,Type_02,Afternoon,91.6,2024-04-10 20:23:50
2775,17,M08922,Type_24,Afternoon,80.5,2024-04-11 00:18:45
2776,24,M04379,Type_18,Afternoon,99.8,2024-04-11 00:29:25
2777,1,M07816,Type_17,Morning,132.1,2024-04-11 01:52:23
2778,1,M03452,Type_17,Morning,113.6,2024-04-11 05:10:57
2779,16,M07617,Type_18,Afternoon,99.4,2024-04-11 05:14:39
2780,23,M09837,Type_25,Morning,126.1,2024-04-11 05:38:04
2781,14,M02801,Type_17,Morning,93.4,2024-04-11 05:38:52
2782,11,M08334,Type_14,Night,111.9,2024-04-11 06:10:47
2783,14,M05411,Type_16,Night,106.4,2024-04-11 06:11:17
2784,8,M01456,Type_21,Night,125.6,2024-04-11 06:56:57
2785,19,M06893,Type_22,Night,80.0,2024-04-11 07:13:38
2786,2,M05809,Type_25,Morning,93.0,2024-04-11 07:37:38
2787,23,M06797,Type_10,Night,80.0,2024-04-11 07:43:40
2788,10,M04797,Type_22,Morning,104.8,2024-04-11 10:44:23
2789,5,M05094,Type_01,Night,134.2,2024-04-11 11:01:29
2790,15,M01326,Type_13,Night,99.9,2024-04-11 11:30:09
2791,1,M04977,Type_17,Afternoon,99.8,2024-04-11 12:05:00
2792,2,M09406,Type_18,Night,127.4,2024-04-11 12:41:20
2793,19,M01160,Type_08,Afternoon,131.4,2024-04-11 13:51:43
2794,22,M04651,Type_08,Morning,108.2,2024-04-11 14:26:44
2795,17,M04988,Type_15,Afternoon,123.7,2024-04-11 14:46:47
2796,15,M04698,Type_14,Afternoon,88.5,2024-04-11 15:37:45
2797,24,M00341,Type_14,Morning,137.6,2024-04-11 17:07:44
2798,18,M03829,Type_18,Afternoon,153.0,2024-04-11 17:59:29
2799,21,M01969,Type_08,Night,120.4,2024-04-11 18:16:18
2800,8,M00704,Type_23,Morning,80.0,2024-04-11 18:17:50
2801,21,M05483,Type_01,Night,98.8,2024-04-11 19:07:25
2802,14,M06377,Type_20,Night,122.3,2024-04-11 19:32:36
2803,8,M01801,Type_13,Night,101.6,2024-04-11 21:43:16
2804,22,M05464,Type_10,Night,135.4,2024-04-11 21:58:21
2805,23,M04913,Type_12,Afternoon,121.8,2024-04-11 22:14:28
2806,8,M04649,Type_18,Night,95.9,2024-04-11 22:18:28
2807,19,M00856,Type_13,Night,110.6,2024-04-11 22:47:49
2808,13,M02867,Type_18,Morning,92.1,2024-04-12 00:22:20
2809,5,M00183,Type_08,Afternoon,106.3,2024-04-12 01:09:25
2810,10,M03113,Type_23,Afternoon,98.9,2024-04-12 01:32:26
2811,7,M05671,Type_20,Morning,133.5,2024-04-12 04:05:54
2812,9,M04493,Type_02,Afternoon,152.3,2024-04-12 04:20:23
2813,14,M05824,Type_20,Afternoon,81.4,2024-04-12 05:11:57
2814,6,M01518,Type_18,Morning,80.0,2024-04-12 06:00:57
2815,10,M05003,Type_20,Afternoon,105.1,2024-04-12 06:22:58
2816,1,M01357,Type_25,Night,80.0,2024-04-12 06:40:32
2817,11,M03630,Type_07,Afternoon,110.9,2024-04-12 07:30:59
2818,8,M03629,Type_14,Morning,125.0,2024-04-12 07:57:10
2819,6,M08211,Type_15,Morning,139.9,2024-04-12 08:53:54
2820,17,M06133,Type_15,Morning,114.0,2024-04-12 10:40:51
2821,4,M09325,Type_04,Night,106.1,2024-04-12 10:52:12
2822,6,M06589,Type_22,Morning,80.0,2024-04-12 11:11:58
2823,15,M03312,Type_02,Afternoon,110.5,2024-04-12 11:33:24
2824,10,M06049,Type_24,Morning,111.4,2024-04-12 12:56:43
2825,17,M06247,Type_04,Morning,122.8,2024-04-12 14:04:08
2826,10,M00988,Type_16,Night,95.8,2024-04-12 15:21:14
2827,5,M03322,Type_01,Afternoon,101.3,2024-04-12 15:35:01
2828,19,M04616,Type_06,Morning,80.4,2024-04-12 15:38:02
2829,7,M08366,Type_04,Afternoon,80.0,2024-04-12 16:17:19
2830,24,M03742,Type_14,Morning,87.8,2024-04-12 17:50:01
2831,19,M03053,Type_11,Afternoon,80.0,2024-04-12 17:55:49
2832,10,M06575,Type_16,Afternoon,116.7,2024-04-12 17:59:31
2833,19,M00727,Type_25,Morning,99.6,2024-04-12 18:06:03
2834,11,M03761,Type_12,Morning,99.2,2024-04-12 18:47:29
2835,3,M05807,Type_17,Morning,90.3,2024-04-12 18:55:22
2836,11,M01876,Type_05,Night,80.0,2024-04-12 19:19:08
2837,6,M06994,Type_19,Night,140.2,2024-04-12 19:24:33
2838,6,M04034,Type_08,Morning,90.0,2024-04-12 20:36:12
2839,15,M05444,Type_08,Night,101.8,2024-04-12 21:49:45
2840,3,M00990,Type_13,Morning,80.9,2024-04-12 22:50:07
2841,22,M03745,Type_10,Morning,129.4,2024-04-12 23:31:15
2842,25,M08612,Type_01,Night,112.9,2024-04-13 01:21:25
2843,11,M00594,Type_10,Night,93.5,2024-04-13 01:57:22
2844,8,M01775,Type_03,Night,102.2,2024-04-13 04:00:10
2845,23,M00936,Type_05,Afternoon,143.6,2024-04-13 04:00:19
2846,23,M03809,Type_13,Morning,108.5,2024-04-13 05:42:22
2847,8,M00332,Type_01,Night,106.4,2024-04-13 06:01:22
2848,23,M07923,Type_25,Morning,91.2,2024-04-13 06:06:34
2849,16,M02703,Type_25,Afternoon,80.0,2024-04-13 07:24:56
2850,3,M05890,Type_24,Morning,106.8,2024-04-13 08:06:09
2851,8,M05055,Type_13,Afternoon,116.5,2024-04-13 08:17:00
2852,8,M03869,Type_20,Morning,132.0,2024-04-13 09:10:14
2853,13,M04201,Type_20,Morning,80.0,2024-04-13 11:06:21
2854,1,M00202,Type_13,Night,87.5,2024-04-13 11:07:09
2855,10,M02498,Type_04,Morning,98.4,2024-04-13 11:20:28
2856,5,M01843,Type_13,Afternoon,109.9,2024-04-13 12:28:33
2857,5,M09102,Type_07,Morning,107.1,2024-04-13 12:28:52
2858,17,M04659,Type_02,Morning,107.6,2024-04-13 15:00:10
2859,22,M07545,Type_03,Morning,118.2,2024-04-13 15:39:29
2860,14,M07719,Type_03,Morning,91.9,2024-04-13 17:20:03
2861,6,M00771,Type_10,Night,128.7,2024-04-13 18:03:21
2862,14,M03156,Type_05,Morning,118.7,2024-04-13 19:01:26
2863,12,M01629,Type_15,Night,103.6,2024-04-13 19:10:33
2864,20,M00387,Type_22,Afternoon,142.0,2024-04-13 21:41:47
2865,22,M06032,Type_12,Afternoon,141.1,2024-04-13 21:52:21
2866,22,M06440,Type_16,Afternoon,128.7,2024-04-13 23:27:10
2867,1,M06402,Type_25,Afternoon,80.0,2024-04-13 23:44:55
2868,5,M04009,Type_18,Night,141.6,2024-04-14 00:19:05
2869,18,M02467,Type_20,Morning,125.9,2024-04-14 01:19:34
2870,14,M02283,Type_12,Morning,150.1,2024-04-14 06:10:02
2871,7,M01857,Type_12,Night,134.7,2024-04-14 07:43:18
2872,25,M07981,Type_23,Night,141.6,2024-04-14 08:57:53
2873,15,M01999,Type_21,Night,127.6,2024-04-14 11:04:22
2874,9,M05477,Type_20,Afternoon,137.0,2024-04-14 11:39:03
2875,15,M09429,Type_23,Night,149.9,2024-04-14 14:46:07
2876,16,M04670,Type_12,Afternoon,114.3,2024-04-14 15:40:29
2877,9,M09343,Type_07,Afternoon,80.0,2024-04-14 16:04:24
2878,7,M04319,Type_02,Morning,103.9,2024-04-14 17:00:27
2879,7,M07065,Type_06,Afternoon,117.8,2024-04-14 17:07:08
2880,17,M07447,Type_23,Morning,111.5,2024-04-14 17:13:50
2881,11,M01432,Type_25,Morning,85.1,2024-04-14 18:30:58
2882,6,M05625,Type_05,Night,80.0,2024-04-14 18:34:39
2883,14,M07462,Type_13,Morning,95.2,2024-04-14 19:10:32
2884,15,M01820,Type_14,Morning,126.2,2024-04-14 19:55:34
2885,21,M01131,Type_13,Morning,141.6,2024-04-14 20:07:48
2886,8,M06564,Type_21,Night,128.3,2024-04-14 20:25:36
2887,24,M02659,Type_04,Afternoon,131.1,2024-04-14 20:55:34
2888,4,M03501,Type_19,Afternoon,108.4,2024-04-14 21:24:59
2889,1,M08567,Type_20,Night,80.0,2024-04-14 21:35:27
2890,6,M02121,Type_10,Night,100.9,2024-04-14 22:05:46
2891,1,M04021,Type_03,Morning,104.8,2024-04-14 22:54:52
2892,21,M03260,Type_24,Afternoon,100.1,2024-04-14 23:05:55
2893,5,M01824,Type_22,Night,111.1,2024-04-15 00:27:06
2894,19,M01475,Type_19,Afternoon,118.8,2024-04-15 00:51:17
2895,5,M02243,Type_12,Morning,127.1,2024-04-15 02:09:43
2896,22,M03244,Type_02,Night,104.4,2024-04-15 02:35:39
2897,5,M06991,Type_11,Afternoon,80.0,2024-04-15 03:03:13
2898,17,M05161,Type_10,Morning,100.3,2024-04-15 03:04:23
2899,12,M03135,Type_20,Afternoon,110.9,2024-04-15 03:35:53
2900,7,M02071,Type_03,Morning,134.5,2024-04-15 03:48:00
2901,15,M00360,Type_02,Morning,98.6,2024-04-15 04:44:06
2902,19,M01142,Type_03,Night,120.3,2024-04-15 05:25:29
2903,23,M01636,Type_15,Morning,115.8,2024-04-15 05:33:02
2904,21,M04001,Type_20,Afternoon,110.9,2024-04-15 06:35:10
2905,13,M03362,Type_03,Afternoon,128.6,2024-04-15 06:37:28
2906,12,M06584,Type_11,Morning,96.8,2024-04-15 07:14:58
2907,19,M07836,Type_19,Night,98.5,2024-04-15 07:30:39
2908,13,M00007,Type_16,Morning,109.8,2024-04-15 07:33:16
2909,6,M03268,Type_02,Morning,97.2,2024-04-15 07:40:47
2910,1,M06565,Type_10,Morning,120.2,2024-04-15 08:52:15
2911,6,M09784,Type_15,Morning,95.7,2024-04-15 10:06:30
2912,13,M04929,Type_21,Morning,114.5,2024-04-15 10:15:31
2913,13,M02607,Type_25,Afternoon,108.0,2024-04-15 11:34:53
2914,13,M05907,Type_01,Night,114.3,2024-04-15 11:59:16
2915,20,M03274,Type_24,Morning,100.8,2024-04-15 12:09:13
2916,4,M07612,Type_17,Afternoon,103.2,2024-04-15 14:02:39
2917,5,M00914,Type_08,Afternoon,111.9,2024-04-15 14:15:09
2918,13,M02012,Type_11,Night,114.0,2024-04-15 15:20:45
2919,9,M01443,Type_02,Afternoon,109.9,2024-04-15 15:43:27
2920,17,M05547,Type_24,Morning,144.1,2024-04-15 19:18:14
2921,3,M01830,Type_21,Morning,90.2,2024-04-15 19:49:19
2922,20,M08768,Type_17,Afternoon,108.7,2024-04-15 20:42:02
2923,18,M06469,Type_13,Night,80.0,2024-04-15 21:11:17
2924,25,M00930,Type_23,Morning,117.4,2024-04-15 21:11:51
2925,15,M03700,Type_09,Morning,87.7,2024-04-15 21:57:27
2926,23,M09656,Type_08,Night,104.4,2024-04-15 22:30:12
2927,1,M01055,Type_05,Night,102.6,2024-04-15 23:06:30
2928,9,M05745,Type_24,Night,115.6,2024-04-15 23:57:58
2929,6,M01901,Type_15,Night,98.9,2024-04-16 00:54:24
2930,18,M09650,Type_21,Morning,98.1,2024-04-16 02:22:23
2931,1,M06981,Type_12,Afternoon,138.7,2024-04-16 05:31:48
2932,22,M07070,Type_24,Afternoon,115.7,2024-04-16 06:09:23
2933,7,M09592,Type_09,Morning,98.8,2024-04-16 06:42:29
2934,10,M03416,Type_01,Afternoon,105.0,2024-04-16 07:24:15
2935,6,M00443,Type_07,Afternoon,142.9,2024-04-16 07:51:52
2936,7,M06219,Type_08,Morning,105.3,2024-04-16 08:23:36
2937,6,M04653,Type_25,Night,96.2,2024-04-16 09:37:50
2938,8,M07940,Type_03,Afternoon,96.3,2024-04-16 09:47:48
2939,2,M07834,Type_11,Night,99.0,2024-04-16 10:36:56
2940,9,M09371,Type_02,Morning,98.1,2024-04-16 13:49:05
2941,25,M07598,Type_13,Morning,84.4,2024-04-16 15:02:35
2942,9,M04459,Type_10,Afternoon,87.5,2024-04-16 15:15:18
2943,7,M06592,Type_08,Morning,93.4,2024-04-16 16:30:49
2944,9,M09450,Type_03,Afternoon,121.8,2024-04-16 16:46:46
2945,17,M02310,Type_02,Night,102.4,2024-04-16 19:13:17
2946,3,M06269,Type_20,Morning,105.9,2024-04-16 22:11:18
2947,16,M00911,Type_06,Afternoon,135.4,2024-04-16 23:02:07
2948,16,M04341,Type_10,Afternoon,135.9,2024-04-16 23:09:12
2949,2,M04010,Type_07,Morning,104.4,2024-04-16 23:31:00
2950,11,M06629,Type_08,Night,97.4,2024-04-16 23:43:21
2951,16,M02170,Type_09,Night,92.7,2024-04-17 00:37:26
2952,15,M02173,Type_05,Afternoon,123.9,2024-04-17 02:55:30
2953,1,M05669,Type_21,Afternoon,105.9,2024-04-17 03:47:03
2954,21,M06314,Type_10,Afternoon,102.3,2024-04-17 04:55:30
2955,17,M08316,Type_08,Night,93.7,2024-04-17 05:28:10
2956,3,M08037,Type_25,Afternoon,94.6,2024-04-17 05:36:44
2957,22,M06790,Type_14,Afternoon,116.4,2024-04-17 08:42:05
2958,22,M00786,Type_09,Night,83.7,2024-04-17 10:42:28
2959,19,M06140,Type_22,Morning,129.9,2024-04-17 11:10:43
2960,20,M06345,Type_07,Night,99.3,2024-04-17 11:27:10
2961,7,M02417,Type_10,Morning,107.0,2024-04-17 12:17:28
2962,22,M08989,Type_07,Morning,83.3,2024-04-17 14:41:50
2963,11,M04155,Type_06,Morning,109.8,2024-04-17 14:52:24
2964,18,M05620,Type_06,Night,103.4,2024-04-17 14:53:36
2965,25,M01937,Type_22,Night,109.0,2024-04-17 16:18:11
2966,14,M03808,Type_06,Afternoon,139.4,2024-04-17 16:26:36
2967,16,M07152,Type_11,Afternoon,113.6,2024-04-17 16:36:28
2968,6,M09494,Type_09,Afternoon,94.1,2024-04-17 18:04:22
2969,2,M03237,Type_02,Night,95.8,2024-04-17 18:14:51
2970,23,M02353,Type_13,Afternoon,121.9,2024-04-17 18:42:45
2971,11,M01933,Type_12,Morning,136.0,2024-04-17 21:45:19
2972,11,M08557,Type_11,Morning,115.6,2024-04-17 22:00:57
2973,10,M04917,Type_04,Night,123.8,2024-04-17 22:04:20
2974,4,M05499,Type_05,Afternoon,122.2,2024-04-17 22:13:25
2975,17,M00947,Type_01,Morning,138.4,2024-04-17 22:13:27
2976,10,M09570,Type_05,Morning,80.0,2024-04-17 22:24:33
2977,9,M01440,Type_01,Night,123.3,2024-04-17 22:52:16
2978,13,M07731,Type_06,Morning,129.7,2024-04-17 23:05:28
2979,11,M04858,Type_15,Afternoon,83.2,2024-04-18 00:07:31
2980,10,M00341,Type_14,Night,92.3,2024-04-18 01:21:51
2981,24,M00383,Type_10,Afternoon,93.0,2024-04-18 02:08:17
2982,5,M09749,Type_01,Morning,95.4,2024-04-18 02:23:09
2983,3,M08492,Type_25,Afternoon,100.4,2024-04-18 03:32:42
2984,4,M00139,Type_20,Night,114.9,2024-04-18 05:25:50
2985,3,M00359,Type_21,Afternoon,127.3,2024-04-18 06:23:23
2986,10,M04932,Type_12,Night,131.6,2024-04-18 08:10:54
2987,24,M09715,Type_08,Morning,93.2,2024-04-18 08:41:48
2988,13,M03457,Type_05,Afternoon,93.1,2024-04-18 10:04:51
2989,5,M01628,Type_02,Afternoon,136.3,2024-04-18 10:05:58
2990,13,M09496,Type_13,Night,122.9,2024-04-18 10:36:09
2991,24,M06627,Type_16,Morning,111.7,2024-04-18 10:59:55
2992,1,M05005,Type_09,Night,119.5,2024-04-18 11:36:12
2993,25,M09327,Type_03,Afternoon,109.4,2024-04-18 12:29:52
2994,11,M06653,Type_06,Morning,120.5,2024-04-18 12:30:56
2995,3,M06417,Type_06,Morning,103.3,2024-04-18 14:13:28
2996,17,M03171,Type_20,Night,115.4,2024-04-18 15:21:38
2997,19,M03836,Type_05,Morning,80.0,2024-04-18 15:43:51
2998,13,M08018,Type_12,Morning,96.2,2024-04-18 16:25:42
2999,16,M02152,Type_03,Morning,96.5,2024-04-18 16:54:06
3000,18,M09430,Type_17,Night,102.5,2024-04-18 17:32:37
3001,23,M06906,Type_17,Afternoon,91.5,2024-04-18 17:35:20
3002,20,M02835,Type_01,Night,99.3,2024-04-18 18:00:05
3003,23,M09191,Type_20,Morning,80.0,2024-04-18 18:54:52
3004,19,M02568,Type_19,Afternoon,121.0,2024-04-18 19:32:56
3005,6,M01308,Type_05,Afternoon,108.3,2024-04-18 20:07:32
3006,23,M08849,Type_23,Night,80.0,2024-04-18 22:00:02
3007,7,M02661,Type_05,Night,93.3,2024-04-18 23:26:36
3008,15,M03731,Type_10,Morning,116.7,2024-04-19 00:08:04
3009,5,M06208,Type_13,Afternoon,99.1,2024-04-19 01:05:53
3010,16,M03163,Type_21,Morning,96.1,2024-04-19 02:56:34
3011,6,M01141,Type_13,Afternoon,108.5,2024-04-19 03:07:31
3012,3,M08459,Type_25,Morning,116.9,2024-04-19 03:45:53
3013,12,M01709,Type_04,Morning,81.3,2024-04-19 03:56:08
3014,4,M03631,Type_08,Morning,121.0,2024-04-19 05:01:57
3015,22,M03212,Type_08,Afternoon,94.0,2024-04-19 05:25:22
3016,3,M06539,Type_05,Morning,109.6,2024-04-19 05:29:32
3017,16,M09703,Type_23,Afternoon,109.3,2024-04-19 08:05:11
3018,16,M00476,Type_20,Afternoon,99.5,2024-04-19 08:09:22
3019,23,M07685,Type_01,Morning,89.5,2024-04-19 08:48:01
3020,19,M09169,Type_18,Night,104.3,2024-04-19 10:52:24
3021,15,M01208,Type_06,Morning,142.5,2024-04-19 12:36:35
3022,9,M01961,Type_01,Afternoon,82.8,2024-04-19 15:13:19
3023,20,M00558,Type_14,Afternoon,143.8,2024-04-19 15:57:25
3024,2,M00883,Type_02,Morning,104.8,2024-04-19 16:23:24
3025,6,M04762,Type_19,Morning,110.7,2024-04-19 17:38:39
3026,14,M05868,Type_24,Morning,88.3,2024-04-19 18:52:37
3027,9,M06964,Type_07,Night,94.6,2024-04-19 19:40:58
3028,10,M07167,Type_03,Afternoon,99.9,2024-04-19 20:32:03
3029,18,M07930,Type_14,Afternoon,89.1,2024-04-19 21:40:40
3030,15,M05348,Type_14,Afternoon,105.8,2024-04-20 00:22:13
3031,4,M07270,Type_11,Morning,101.9,2024-04-20 01:04:15
3032,5,M09803,Type_15,Afternoon,147.0,2024-04-20 01:51:21
3033,25,M08126,Type_06,Night,86.7,2024-04-20 02:33:26
3034,23,M02455,Type_16,Morning,112.1,2024-04-20 04:22:10
3035,21,M04495,Type_07,Morning,115.0,2024-04-20 04:55:32
3036,6,M01947,Type_05,Morning,88.6,2024-04-20 05:56:15
3037,25,M02809,Type_06,Afternoon,123.7,2024-04-20 06:23:45
3038,15,M06643,Type_17,Night,102.0,2024-04-20 07:51:30
3039,20,M03826,Type_22,Morning,80.0,2024-04-20 08:35:19
3040,2,M03537,Type_15,Afternoon,123.2,2024-04-20 09:28:02
3041,16,M06069,Type_08,Morning,87.7,2024-04-20 10:51:33
3042,5,M03803,Type_09,Night,89.0,2024-04-20 11:47:31
3043,23,M04700,Type_08,Morning,123.8,2024-04-20 12:09:24
3044,4,M01971,Type_21,Afternoon,103.1,2024-04-20 12:37:50
3045,1,M05807,Type_17,Afternoon,128.4,2024-04-20 12:50:16
3046,8,M06143,Type_09,Afternoon,134.2,2024-04-20 15:47:54
3047,21,M02820,Type_16,Afternoon,97.1,2024-04-20 16:32:43
3048,10,M09095,Type_06,Morning,125.9,2024-04-20 17:45:36
3049,15,M00365,Type_06,Morning,94.9,2024-04-20 17:52:32
3050,2,M04259,Type_10,Morning,154.7,2024-04-20 18:07:04
3051,19,M03120,Type_20,Morning,96.1,2024-04-20 20:40:05
3052,12,M01864,Type_22,Afternoon,130.5,2024-04-20 21:08:04
3053,10,M00116,Type_19,Morning,126.9,2024-04-20 22:32:57
3054,12,M07085,Type_18,Morning,116.3,2024-04-20 23:10:58
3055,21,M08017,Type_19,Afternoon,96.6,2024-04-20 23:32:31
3056,20,M02385,Type_17,Night,107.0,2024-04-20 23:57:48
3057,25,M03936,Type_05,Afternoon,80.0,2024-04-21 00:16:50
3058,9,M07743,Type_14,Morning,114.5,2024-04-21 01:14:11
3059,8,M05443,Type_22,Morning,117.0,2024-04-21 01:40:26
3060,2,M02491,Type_21,Night,112.7,2024-04-21 01:43:17
3061,21,M06981,Type_12,Morning,80.0,2024-04-21 02:16:56
3062,24,M09135,Type_02,Morning,84.7,2024-04-21 04:25:54
3063,24,M07662,Type_13,Afternoon,95.0,2024-04-21 05:44:32
3064,7,M01725,Type_14,Afternoon,115.8,2024-04-21 07:36:50
3065,4,M08183,Type_16,Afternoon,115.8,2024-04-21 07:49:29
3066,19,M02768,Type_01,Morning,106.6,2024-04-21 11:20:19
3067,8,M01138,Type_25,Morning,122.7,2024-04-21 11:29:06
3068,24,M04118,Type_09,Night,89.5,2024-04-21 11:38:53
3069,13,M03421,Type_14,Morning,122.2,2024-04-21 12:12:16
3070,21,M05846,Type_21,Afternoon,119.5,2024-04-21 12:50:35
3071,3,M04779,Type_04,Afternoon,117.6,2024-04-21 14:45:39
3072,5,M03907,Type_11,Afternoon,106.4,2024-04-21 15:13:44
3073,20,M03638,Type_05,Morning,146.6,2024-04-21 15:55:34
3074,8,M02954,Type_19,Morning,119.9,2024-04-21 15:59:34
3075,2,M05930,Type_06,Afternoon,90.6,2024-04-21 17:13:25
3076,24,M00277,Type_14,Night,115.0,2024-04-21 17:19:14
3077,10,M02000,Type_16,Night,125.0,2024-04-21 18:15:46
3078,22,M01228,Type_14,Morning,98.2,2024-04-21 18:21:55
3079,16,M06338,Type_10,Morning,131.8,2024-04-21 20:31:26
3080,4,M03736,Type_13,Night,117.6,2024-04-21 21:03:27
3081,14,M00696,Type_04,Afternoon,80.0,2024-04-21 21:13:07
3082,3,M09502,Type_05,Night,116.0,2024-04-21 21:33:07
3083,10,M04153,Type_18,Morning,101.9,2024-04-21 22:48:06
3084,13,M07902,Type_06,Afternoon,120.7,2024-04-21 23:41:02
3085,5,M07471,Type_21,Afternoon,128.9,2024-04-22 00:05:33
3086,22,M07538,Type_21,Afternoon,113.9,2024-04-22 01:20:17
3087,17,M02842,Type_08,Afternoon,143.3,2024-04-22 01:53:08
3088,17,M04209,Type_15,Morning,106.4,2024-04-22 04:06:33
3089,11,M08734,Type_18,Afternoon,122.5,2024-04-22 05:10:10
3090,19,M01089,Type_03,Morning,126.1,2024-04-22 05:31:11
3091,18,M03364,Type_07,Afternoon,108.1,2024-04-22 06:07:08
3092,17,M00025,Type_25,Night,125.6,2024-04-22 08:08:16
3093,11,M09765,Type_22,Morning,98.1,2024-04-22 08:20:59
3094,15,M06145,Type_23,Night,101.5,2024-04-22 10:59:24
3095,8,M05669,Type_21,Morning,83.8,2024-04-22 11:24:25
3096,12,M04237,Type_01,Afternoon,114.8,2024-04-22 13:17:27
3097,17,M09960,Type_11,Night,116.5,2024-04-22 14:50:26
3098,24,M08069,Type_14,Morning,133.6,2024-04-22 16:00:08
3099,5,M02236,Type_22,Morning,125.8,2024-04-22 16:22:55
3100,4,M07296,Type_07,Afternoon,104.3,2024-04-22 16:33:44
3101,24,M08393,Type_08,Morning,86.4,2024-04-22 16:43:16
3102,24,M08449,Type_21,Afternoon,118.7,2024-04-22 17:09:25
3103,11,M03748,Type_03,Night,132.2,2024-04-22 17:19:42
3104,8,M03176,Type_25,Afternoon,125.1,2024-04-22 19:29:22
3105,16,M04898,Type_10,Morning,131.7,2024-04-22 20:12:17
3106,16,M05038,Type_17,Afternoon,105.8,2024-04-22 21:03:21
3107,3,M07428,Type_25,Afternoon,100.7,2024-04-22 21:51:41
3108,12,M08606,Type_08,Morning,95.3,2024-04-22 23:51:54
3109,24,M02015,Type_08,Afternoon,108.9,2024-04-23 00:32:08
3110,13,M01382,Type_03,Afternoon,108.4,2024-04-23 00:32:47
3111,1,M01099,Type_22,Afternoon,114.1,2024-04-23 01:13:04
3112,4,M03427,Type_15,Morning,107.4,2024-04-23 02:03:43
3113,21,M03656,Type_17,Afternoon,107.3,2024-04-23 03:42:45
3114,6,M07939,Type_25,Morning,94.5,2024-04-23 03:56:01
3115,5,M09102,Type_07,Morning,128.8,2024-04-23 06:15:19
3116,5,M00188,Type_01,Night,111.5,2024-04-23 07:29:54
3117,21,M05410,Type_19,Afternoon,106.5,2024-04-23 08:04:11
3118,25,M02093,Type_18,Morning,95.1,2024-04-23 08:50:53
3119,10,M02131,Type_05,Morning,83.4,2024-04-23 09:52:54
3120,19,M05243,Type_14,Morning,136.2,2024-04-23 11:25:32
3121,18,M08550,Type_17,Morning,121.1,2024-04-23 11:39:29
3122,2,M05648,Type_15,Morning,80.0,2024-04-23 11:51:57
3123,16,M05186,Type_02,Morning,125.3,2024-04-23 13:25:09
3124,15,M05777,Type_23,Afternoon,128.4,2024-04-23 13:43:38
3125,24,M07914,Type_03,Afternoon,112.5,2024-04-23 13:53:34
3126,5,M07548,Type_01,Afternoon,142.0,2024-04-23 14:08:24
3127,21,M07824,Type_22,Afternoon,114.3,2024-04-23 15:55:18
3128,22,M07356,Type_17,Morning,81.7,2024-04-23 19:57:21
3129,9,M06466,Type_21,Night,117.3,2024-04-23 20:10:13
3130,23,M01498,Type_10,Night,114.9,2024-04-23 21:07:03
3131,5,M02556,Type_20,Night,97.9,2024-04-23 22:07:48
3132,5,M05410,Type_19,Night,121.5,2024-04-23 22:27:52
3133,9,M02952,Type_03,Night,80.0,2024-04-23 22:45:56
3134,9,M01239,Type_07,Afternoon,129.8,2024-04-24 00:20:49
3135,2,M09166,Type_22,Morning,92.4,2024-04-24 00:27:37
3136,7,M04728,Type_13,Afternoon,90.3,2024-04-24 01:35:28
3137,1,M03966,Type_20,Afternoon,107.7,2024-04-24 03:18:29
3138,20,M05687,Type_01,Afternoon,118.7,2024-04-24 04:03:07
3139,2,M09243,Type_21,Afternoon,113.3,2024-04-24 04:06:50
3140,25,M03702,Type_05,Morning,95.1,2024-04-24 04:31:05
3141,12,M02781,Type_23,Morning,99.9,2024-04-24 06:45:47
3142,6,M07399,Type_21,Night,87.3,2024-04-24 07:05:47
3143,20,M01589,Type_07,Afternoon,105.5,2024-04-24 07:28:52
3144,19,M02369,Type_03,Afternoon,131.5,2024-04-24 07:53:44
3145,16,M05790,Type_15,Morning,109.9,2024-04-24 09:58:44
3146,4,M00437,Type_24,Morning,127.2,2024-04-24 10:42:25
3147,18,M02829,Type_18,Night,139.1,2024-04-24 10:45:08
3148,5,M01557,Type_06,Afternoon,98.2,2024-04-24 10:55:23
3149,25,M07571,Type_17,Night,106.3,2024-04-24 11:15:07
3150,22,M07481,Type_22,Afternoon,153.4,2024-04-24 13:48:30
3151,18,M09497,Type_19,Afternoon,138.9,2024-04-24 15:00:11
3152,6,M00183,Type_08,Morning,80.0,2024-04-24 17:41:44
3153,25,M07191,Type_04,Afternoon,117.7,2024-04-24 18:56:05
3154,14,M06688,Type_05,Afternoon,110.0,2024-04-24 19:00:10
3155,20,M05566,Type_06,Afternoon,126.5,2024-04-24 20:00:07
3156,17,M07242,Type_08,Afternoon,95.1,2024-04-24 20:19:27
3157,18,M07652,Type_13,Night,93.2,2024-04-25 00:00:59
3158,21,M05576,Type_03,Morning,96.5,2024-04-25 00:14:15
3159,10,M01590,Type_13,Night,98.6,2024-04-25 02:10:12
3160,23,M09780,Type_03,Morning,126.3,2024-04-25 02:50:06
3161,24,M08852,Type_15,Afternoon,86.4,2024-04-25 03:21:02
3162,19,M00160,Type_25,Morning,97.5,2024-04-25 03:38:45
3163,25,M06556,Type_25,Morning,80.0,2024-04-25 04:16:43
3164,18,M09204,Type_18,Afternoon,130.1,2024-04-25 04:51:32
3165,4,M08245,Type_06,Morning,135.4,2024-04-25 05:22:14
3166,20,M06847,Type_12,Afternoon,103.5,2024-04-25 05:49:49
3167,15,M02308,Type_06,Night,104.0,2024-04-25 06:48:23
3168,6,M01229,Type_13,Morning,119.1,2024-04-25 07:18:52
3169,6,M07227,Type_18,Night,139.5,2024-04-25 07:35:39
3170,3,M05591,Type_12,Afternoon,118.2,2024-04-25 07:38:15
3171,9,M06920,Type_18,Afternoon,96.0,2024-04-25 08:28:43
3172,11,M05586,Type_17,Morning,80.0,2024-04-25 09:07:22
3173,5,M09228,Type_12,Morning,87.7,2024-04-25 09:39:36
3174,14,M06047,Type_11,Morning,111.5,2024-04-25 12:07:08
3175,2,M04946,Type_09,Morning,96.9,2024-04-25 13:24:24
3176,22,M07928,Type_24,Morning,113.9,2024-04-25 13:43:30
3177,19,M07017,Type_16,Afternoon,98.9,2024-04-25 15:10:56
3178,8,M07759,Type_25,Night,88.8,2024-04-25 15:18:45
3179,13,M05087,Type_24,Night,86.5,2024-04-25 15:46:59
3180,19,M09457,Type_11,Afternoon,141.2,2024-04-25 17:28:15
3181,5,M07162,Type_02,Morning,127.8,2024-04-25 17:45:53
3182,15,M01885,Type_23,Morning,144.6,2024-04-25 19:18:28
3183,4,M01810,Type_06,Morning,120.8,2024-04-25 19:49:56
3184,4,M03168,Type_12,Morning,101.4,2024-04-25 20:57:05
3185,18,M06353,Type_02,Afternoon,136.5,2024-04-25 21:05:41
3186,24,M09010,Type_09,Afternoon,109.3,2024-04-25 21:07:58
3187,19,M06057,Type_25,Morning,114.4,2024-04-26 00:13:29
3188,20,M02438,Type_05,Morning,109.1,2024-04-26 00:35:11
3189,22,M06469,Type_13,Night,80.0,2024-04-26 03:59:08
3190,9,M09081,Type_10,Night,142.1,2024-04-26 04:07:14
3191,15,M05952,Type_21,Morning,119.8,2024-04-26 06:40:12
3192,12,M05277,Type_05,Night,116.6,2024-04-26 06:46:22
3193,4,M08860,Type_25,Night,108.8,2024-04-26 10:08:01
3194,3,M07819,Type_03,Morning,113.3,2024-04-26 10:34:21
3195,5,M04729,Type_02,Morning,98.1,2024-04-26 10:54:22
3196,25,M02625,Type_04,Afternoon,122.3,2024-04-26 11:32:10
3197,17,M05739,Type_18,Night,83.9,2024-04-26 13:25:14
3198,5,M04233,Type_07,Night,113.7,2024-04-26 15:06:10
3199,4,M05794,Type_07,Morning,121.2,2024-04-26 15:49:16
3200,21,M04524,Type_25,Morning,106.0,2024-04-26 18:19:33
3201,7,M05572,Type_22,Afternoon,117.4,2024-04-26 18:57:53
3202,7,M09011,Type_08,Afternoon,90.2,2024-04-26 18:59:38
3203,7,M09299,Type_08,Morning,90.7,2024-04-26 19:35:52
3204,17,M02225,Type_14,Night,114.7,2024-04-26 23:16:32
3205,25,M08390,Type_10,Afternoon,123.6,2024-04-26 23:17:32
3206,15,M06092,Type_24,Night,80.0,2024-04-27 00:07:45
3207,7,M08663,Type_15,Night,120.4,2024-04-27 02:21:01
3208,15,M06362,Type_22,Afternoon,99.1,2024-04-27 02:46:19
3209,20,M01949,Type_12,Afternoon,106.1,2024-04-27 03:35:28
3210,4,M07095,Type_15,Afternoon,83.2,2024-04-27 04:23:48
3211,2,M06319,Type_16,Morning,93.0,2024-04-27 06:40:44
3212,22,M03797,Type_25,Afternoon,129.3,2024-04-27 07:19:16
3213,13,M00235,Type_07,Morning,110.7,2024-04-27 07:40:13
3214,12,M09121,Type_25,Afternoon,102.3,2024-04-27 07:53:13
3215,10,M03608,Type_22,Morning,107.7,2024-04-27 09:09:20
3216,19,M08044,Type_16,Morning,119.8,2024-04-27 09:36:49
3217,15,M00523,Type_21,Morning,118.8,2024-04-27 12:02:12
3218,17,M05905,Type_09,Morning,108.5,2024-04-27 13:53:15
3219,21,M04889,Type_01,Afternoon,131.9,2024-04-27 16:49:55
3220,6,M09822,Type_22,Afternoon,129.4,2024-04-27 16:54:35
3221,5,M05833,Type_04,Afternoon,118.3,2024-04-27 20:19:26
3222,21,M07123,Type_04,Morning,111.1,2024-04-27 20:39:59
3223,13,M05843,Type_04,Morning,123.1,2024-04-27 20:53:38
3224,14,M01317,Type_10,Morning,116.3,2024-04-27 21:57:59
3225,24,M01125,Type_24,Morning,131.2,2024-04-27 22:28:29
3226,14,M05622,Type_09,Night,128.0,2024-04-27 22:33:37
3227,15,M05424,Type_05,Morning,89.6,2024-04-28 01:04:48
3228,16,M02588,Type_14,Morning,88.3,2024-04-28 01:23:26
3229,10,M09216,Type_23,Morning,96.0,2024-04-28 02:51:28
3230,1,M05673,Type_18,Morning,129.5,2024-04-28 04:18:51
3231,24,M01379,Type_09,Afternoon,80.0,2024-04-28 05:04:11
3232,11,M03375,Type_20,Afternoon,117.9,2024-04-28 06:31:17
3233,7,M01520,Type_14,Morning,117.3,2024-04-28 06:47:33
3234,17,M05778,Type_22,Morning,133.3,2024-04-28 07:35:11
3235,25,M07936,Type_03,Morning,113.6,2024-04-28 07:40:41
3236,4,M06094,Type_09,Morning,83.1,2024-04-28 09:13:30
3237,7,M08419,Type_14,Morning,90.8,2024-04-28 10:07:44
3238,3,M05356,Type_22,Night,86.4,2024-04-28 10:40:54
3239,24,M04969,Type_05,Afternoon,99.2,2024-04-28 10:46:02
3240,20,M09084,Type_24,Afternoon,106.3,2024-04-28 12:20:11
3241,14,M05575,Type_08,Afternoon,86.7,2024-04-28 12:35:57
3242,18,M04073,Type_20,Afternoon,139.4,2024-04-28 14:17:14
3243,18,M02258,Type_16,Afternoon,83.5,2024-04-28 15:36:44
3244,24,M08589,Type_10,Afternoon,136.9,2024-04-28 16:27:34
3245,24,M04425,Type_09,Afternoon,133.7,2024-04-28 18:21:49
3246,1,M03238,Type_06,Morning,128.0,2024-04-28 18:30:33
3247,6,M03894,Type_03,Afternoon,96.1,2024-04-28 18:33:45
3248,9,M02006,Type_25,Afternoon,116.8,2024-04-28 18:36:04
3249,25,M02017,Type_10,Night,84.5,2024-04-28 19:17:56
3250,2,M09389,Type_17,Afternoon,128.2,2024-04-28 20:42:28
3251,8,M01773,Type_05,Afternoon,108.5,2024-04-28 22:35:08
3252,24,M08354,Type_21,Morning,101.8,2024-04-28 23:38:16
3253,20,M03977,Type_16,Afternoon,85.5,2024-04-29 01:35:24
3254,4,M01752,Type_22,Morning,80.0,2024-04-29 01:36:12
3255,21,M08968,Type_23,Morning,89.2,2024-04-29 04:02:28
3256,10,M07431,Type_05,Morning,132.3,2024-04-29 04:47:49
3257,23,M07171,Type_24,Afternoon,101.9,2024-04-29 04:57:17
3258,1,M06470,Type_02,Morning,106.6,2024-04-29 05:38:24
3259,11,M09132,Type_17,Morning,123.1,2024-04-29 05:44:58
3260,9,M03221,Type_12,Night,146.1,2024-04-29 05:45:18
3261,19,M00540,Type_25,Morning,136.5,2024-04-29 05:46:15
3262,11,M01462,Type_04,Afternoon,90.6,2024-04-29 05:58:29
3263,4,M05185,Type_10,Afternoon,80.0,2024-04-29 06:08:04
3264,23,M08548,Type_17,Morning,157.2,2024-04-29 07:21:14
3265,5,M00235,Type_07,Night,155.4,2024-04-29 07:36:44
3266,21,M01549,Type_19,Morning,113.8,2024-04-29 07:43:30
3267,17,M07481,Type_22,Afternoon,84.6,2024-04-29 08:04:06
3268,18,M04214,Type_24,Afternoon,129.3,2024-04-29 08:09:03
3269,5,M01674,Type_14,Afternoon,107.8,2024-04-29 08:55:39
3270,18,M06709,Type_11,Afternoon,107.7,2024-04-29 09:14:27
3271,17,M07983,Type_21,Morning,127.9,2024-04-29 09:57:33
3272,3,M02101,Type_06,Morning,116.7,2024-04-29 10:40:27
3273,11,M03749,Type_06,Afternoon,86.3,2024-04-29 10:48:31
3274,17,M03174,Type_18,Afternoon,103.5,2024-04-29 11:12:00
3275,8,M01816,Type_13,Night,123.2,2024-04-29 13:28:38
3276,24,M03842,Type_16,Night,120.2,2024-04-29 15:04:11
3277,8,M08017,Type_19,Night,115.2,2024-04-29 17:03:46
3278,23,M07012,Type_05,Afternoon,128.7,2024-04-29 18:24:12
3279,23,M04494,Type_19,Morning,102.8,2024-04-29 19:46:16
3280,2,M00675,Type_11,Night,113.6,2024-04-29 21:03:04
3281,25,M08089,Type_10,Afternoon,80.0,2024-04-29 21:05:00
3282,7,M08579,Type_19,Morning,101.0,2024-04-29 21:10:28
3283,21,M02159,Type_21,Night,125.3,2024-04-29 21:14:01
3284,20,M02662,Type_24,Night,102.2,2024-04-29 21:57:29
3285,24,M02065,Type_05,Afternoon,100.7,2024-04-29 22:50:15
3286,21,M03254,Type_21,Morning,89.2,2024-04-29 23:32:03
3287,6,M04980,Type_23,Morning,130.1,2024-04-30 00:34:01
3288,20,M07704,Type_20,Night,121.0,2024-04-30 00:52:38
3289,18,M08932,Type_25,Night,126.5,2024-04-30 01:49:31
3290,7,M01402,Type_09,Morning,80.0,2024-04-30 02:14:31
3291,18,M03260,Type_24,Morning,106.8,2024-04-30 02:24:02
3292,12,M03924,Type_12,Night,104.4,2024-04-30 02:37:20
3293,7,M04215,Type_21,Morning,104.4,2024-04-30 03:35:14
3294,7,M03228,Type_09,Afternoon,97.7,2024-04-30 07:00:57
3295,1,M02746,Type_25,Night,103.1,2024-04-30 07:38:38
3296,10,M06092,Type_24,Morning,127.0,2024-04-30 08:13:44
3297,10,M03867,Type_08,Afternoon,80.0,2024-04-30 08:44:57
3298,12,M05819,Type_06,Morning,145.5,2024-04-30 10:02:56
3299,3,M02223,Type_11,Morning,119.7,2024-04-30 10:36:17
3300,3,M02793,Type_25,Night,109.2,2024-04-30 10:43:54
3301,13,M09890,Type_03,Afternoon,128.1,2024-04-30 11:57:28
3302,13,M04064,Type_18,Night,81.0,2024-04-30 13:26:53
3303,6,M01525,Type_09,Afternoon,96.7,2024-04-30 13:44:14
3304,3,M08225,Type_21,Morning,107.6,2024-04-30 14:01:31
3305,15,M06199,Type_20,Morning,137.3,2024-04-30 14:04:01
3306,9,M04026,Type_11,Morning,109.1,2024-04-30 17:03:23
3307,21,M02567,Type_09,Morning,119.0,2024-04-30 18:16:23
3308,6,M02804,Type_17,Morning,98.2,2024-04-30 18:29:58
3309,6,M03710,Type_09,Morning,119.7,2024-04-30 20:12:38
3310,8,M06156,Type_14,Afternoon,143.5,2024-04-30 20:19:46
3311,11,M00720,Type_17,Afternoon,129.9,2024-04-30 20:42:40
3312,19,M06517,Type_05,Afternoon,108.4,2024-04-30 21:05:28
3313,16,M04580,Type_06,Afternoon,123.5,2024-04-30 21:15:54
3314,9,M00973,Type_20,Morning,121.6,2024-04-30 22:43:28
3315,23,M03719,Type_06,Morning,120.1,2024-05-01 00:09:43
3316,11,M07396,Type_23,Afternoon,132.2,2024-05-01 00:21:18
3317,16,M04403,Type_19,Afternoon,132.1,2024-05-01 00:36:12
3318,6,M04553,Type_23,Morning,107.5,2024-05-01 01:24:46
3319,17,M02208,Type_23,Night,122.8,2024-05-01 02:01:12
3320,16,M04427,Type_19,Night,102.3,2024-05-01 02:03:07
3321,20,M06920,Type_18,Afternoon,91.5,2024-05-01 02:21:59
3322,21,M08836,Type_25,Morning,104.6,2024-05-01 02:46:18
3323,18,M08387,Type_07,Night,108.5,2024-05-01 09:03:09
3324,1,M08681,Type_19,Afternoon,80.0,2024-05-01 09:10:10
3325,18,M02205,Type_25,Night,127.2,2024-05-01 09:52:10
3326,8,M05346,Type_08,Night,80.0,2024-05-01 11:20:03
3327,22,M03277,Type_04,Night,160.0,2024-05-01 12:05:59
3328,10,M01103,Type_01,Afternoon,140.0,2024-05-01 13:07:43
3329,2,M05244,Type_06,Morning,104.8,2024-05-01 14:10:44
3330,9,M06615,Type_23,Afternoon,110.2,2024-05-01 14:21:42
3331,24,M09434,Type_11,Afternoon,116.1,2024-05-01 14:33:25
3332,4,M08708,Type_20,Afternoon,98.2,2024-05-01 14:57:09
3333,11,M05224,Type_19,Morning,113.9,2024-05-01 16:48:32
3334,10,M08585,Type_15,Morning,107.1,2024-05-01 18:08:51
3335,14,M00631,Type_22,Night,108.1,2024-05-01 19:24:23
3336,7,M09172,Type_05,Afternoon,113.6,2024-05-01 21:21:03
3337,19,M06684,Type_08,Night,83.7,2024-05-01 22:26:11
3338,6,M00278,Type_23,Night,110.8,2024-05-01 22:56:43
3339,16,M00233,Type_11,Afternoon,113.3,2024-05-02 00:21:50
3340,19,M09745,Type_17,Afternoon,112.6,2024-05-02 01:15:16
3341,19,M05691,Type_12,Night,105.7,2024-05-02 01:26:54
3342,13,M07660,Type_03,Afternoon,132.8,2024-05-02 01:34:35
3343,12,M00026,Type_02,Afternoon,102.9,2024-05-02 01:49:10
3344,25,M07469,Type_15,Morning,114.5,2024-05-02 02:41:34
3345,22,M06411,Type_14,Afternoon,135.9,2024-05-02 05:23:37
3346,15,M08653,Type_20,Afternoon,108.4,2024-05-02 05:52:56
3347,8,M03765,Type_23,Morning,114.3,2024-05-02 06:00:42
3348,4,M06600,Type_20,Morning,108.1,2024-05-02 06:35:31
3349,20,M05103,Type_24,Morning,134.7,2024-05-02 06:57:25
3350,8,M07007,Type_12,Morning,104.8,2024-05-02 07:20:41
3351,23,M03484,Type_14,Morning,135.7,2024-05-02 08:27:49
3352,21,M01995,Type_01,Afternoon,107.9,2024-05-02 08:30:35
3353,16,M08683,Type_18,Night,92.8,2024-05-02 08:31:26
3354,16,M01073,Type_03,Afternoon,123.6,2024-05-02 09:54:10
3355,2,M06708,Type_22,Morning,103.9,2024-05-02 10:35:08
3356,22,M00216,Type_08,Morning,122.4,2024-05-02 10:39:12
3357,17,M07606,Type_11,Afternoon,80.0,2024-05-02 10:39:26
3358,23,M09916,Type_10,Morning,110.1,2024-05-02 10:57:39
3359,25,M09785,Type_21,Night,100.8,2024-05-02 11:27:19
3360,5,M02607,Type_25,Afternoon,88.7,2024-05-02 12:27:39
3361,5,M08351,Type_02,Night,98.9,2024-05-02 12:47:41
3362,12,M04782,Type_01,Morning,98.5,2024-05-02 15:38:55
3363,7,M03314,Type_18,Afternoon,109.0,2024-05-02 16:23:19
3364,5,M09969,Type_10,Morning,82.7,2024-05-02 16:51:35
3365,4,M07764,Type_02,Night,116.3,2024-05-02 17:06:22
3366,17,M05940,Type_03,Afternoon,137.3,2024-05-02 17:07:40
3367,6,M02296,Type_14,Morning,115.6,2024-05-02 17:13:08
3368,14,M05686,Type_18,Morning,126.2,2024-05-02 19:36:40
3369,9,M01697,Type_25,Morning,131.9,2024-05-02 19:44:12
3370,4,M01947,Type_05,Afternoon,134.7,2024-05-02 20:29:43
3371,11,M02784,Type_12,Morning,147.4,2024-05-02 21:43:05
3372,20,M03645,Type_18,Afternoon,100.0,2024-05-02 21:53:56
3373,21,M05242,Type_21,Morning,95.6,2024-05-02 22:41:18
3374,16,M06421,Type_21,Afternoon,125.7,2024-05-02 22:43:25
3375,16,M07558,Type_06,Night,124.2,2024-05-02 22:59:11
3376,16,M02646,Type_01,Night,125.5,2024-05-02 23:05:25
3377,6,M06590,Type_04,Night,147.8,2024-05-02 23:51:48
3378,15,M06354,Type_24,Morning,110.2,2024-05-03 00:13:47
3379,3,M01933,Type_12,Morning,118.5,2024-05-03 00:29:29
3380,9,M01758,Type_02,Afternoon,90.4,2024-05-03 00:31:58
3381,1,M05086,Type_02,Morning,152.7,2024-05-03 00:48:24
3382,11,M05638,Type_05,Afternoon,103.3,2024-05-03 01:54:03
3383,22,M01117,Type_09,Morning,103.8,2024-05-03 03:05:58
3384,6,M00493,Type_15,Morning,103.1,2024-05-03 03:54:51
3385,24,M08812,Type_10,Morning,97.1,2024-05-03 04:56:19
3386,5,M07889,Type_14,Night,95.4,2024-05-03 05:36:39
3387,25,M06475,Type_13,Morning,99.5,2024-05-03 06:35:50
3388,25,M09739,Type_01,Afternoon,82.7,2024-05-03 07:40:02
3389,18,M04959,Type_11,Morning,94.3,2024-05-03 08:26:33
3390,21,M09798,Type_21,Afternoon,149.0,2024-05-03 11:34:38
3391,12,M09468,Type_20,Morning,124.7,2024-05-03 13:31:04
3392,7,M02744,Type_15,Night,128.5,2024-05-03 13:34:08
3393,2,M07867,Type_01,Night,133.5,2024-05-03 14:15:12
3394,7,M07161,Type_06,Morning,146.7,2024-05-03 14:57:23
3395,9,M05452,Type_18,Night,80.0,2024-05-03 16:25:56
3396,24,M05259,Type_14,Night,85.4,2024-05-03 17:03:04
3397,25,M08549,Type_24,Night,93.9,2024-05-03 17:30:46
3398,20,M07187,Type_05,Night,100.6,2024-05-03 18:26:35
3399,8,M06103,Type_02,Morning,104.0,2024-05-03 18:38:39
3400,9,M09062,Type_03,Afternoon,101.1,2024-05-03 19:02:32
3401,10,M09078,Type_20,Morning,114.4,2024-05-03 19:45:09
3402,12,M09476,Type_13,Morning,110.7,2024-05-03 20:12:25
3403,2,M00620,Type_18,Night,95.5,2024-05-03 20:28:55
3404,10,M00883,Type_02,Morning,80.0,2024-05-03 20:52:17
3405,3,M08989,Type_07,Afternoon,90.1,2024-05-03 22:52:04
3406,1,M03643,Type_25,Night,99.0,2024-05-03 23:23:30
3407,17,M01297,Type_03,Night,105.1,2024-05-03 23:36:01
3408,22,M08437,Type_17,Night,87.4,2024-05-04 00:22:14
3409,1,M02896,Type_06,Morning,100.2,2024-05-04 00:24:12
3410,5,M06594,Type_18,Morning,87.4,2024-05-04 01:15:49
3411,14,M00930,Type_23,Afternoon,107.5,2024-05-04 01:47:24
3412,6,M05367,Type_11,Morning,88.5,2024-05-04 02:06:17
3413,9,M08712,Type_19,Morning,93.0,2024-05-04 02:06:27
3414,22,M03213,Type_13,Morning,83.8,2024-05-04 03:02:20
3415,14,M02410,Type_14,Night,106.9,2024-05-04 03:48:24
3416,4,M08200,Type_24,Afternoon,92.7,2024-05-04 05:31:01
3417,1,M03424,Type_25,Morning,128.1,2024-05-04 05:53:24
3418,6,M06977,Type_13,Afternoon,118.1,2024-05-04 06:43:08
3419,7,M07595,Type_04,Morning,108.6,2024-05-04 06:49:13
3420,21,M05159,Type_09,Morning,94.1,2024-05-04 06:52:25
3421,6,M03668,Type_15,Night,117.6,2024-05-04 06:55:50
3422,24,M05974,Type_12,Afternoon,123.8,2024-05-04 07:52:59
3423,1,M06237,Type_07,Night,112.9,2024-05-04 10:09:16
3424,8,M08278,Type_11,Morning,142.1,2024-05-04 12:32:49
3425,12,M02469,Type_14,Night,119.2,2024-05-04 13:39:01
3426,11,M06218,Type_12,Afternoon,128.3,2024-05-04 14:50:43
3427,2,M03620,Type_16,Afternoon,112.7,2024-05-04 15:22:37
3428,2,M01637,Type_17,Afternoon,123.5,2024-05-04 15:52:45
3429,24,M08156,Type_07,Night,94.1,2024-05-04 17:42:15
3430,2,M03584,Type_04,Afternoon,100.8,2024-05-04 21:05:27
3431,8,M04010,Type_07,Afternoon,117.0,2024-05-04 22:47:20
3432,21,M03327,Type_04,Night,116.8,2024-05-04 23:43:40
3433,25,M08149,Type_13,Night,120.2,2024-05-04 23:54:33
3434,25,M02218,Type_23,Afternoon,132.0,2024-05-05 02:23:46
3435,24,M04968,Type_04,Afternoon,81.5,2024-05-05 02:31:59
3436,25,M02370,Type_11,Morning,90.5,2024-05-05 02:37:28
3437,7,M03639,Type_19,Morning,114.6,2024-05-05 04:41:04
3438,16,M09136,Type_13,Afternoon,95.5,2024-05-05 06:44:46
3439,24,M05723,Type_07,Night,160.0,2024-05-05 07:21:40
3440,22,M04445,Type_20,Night,120.3,2024-05-05 07:51:35
3441,9,M07619,Type_16,Morning,108.4,2024-05-05 08:33:33
3442,16,M03948,Type_05,Afternoon,99.7,2024-05-05 09:07:28
3443,2,M01677,Type_08,Morning,100.4,2024-05-05 09:46:42
3444,3,M01197,Type_01,Night,110.6,2024-05-05 10:59:57
3445,2,M02788,Type_25,Night,112.2,2024-05-05 11:09:18
3446,22,M07433,Type_06,Afternoon,100.9,2024-05-05 12:07:32
3447,19,M09654,Type_23,Night,104.5,2024-05-05 14:04:31
3448,17,M07928,Type_24,Afternoon,136.9,2024-05-05 14:32:10
3449,20,M03319,Type_12,Afternoon,137.7,2024-05-05 14:36:16
3450,21,M08859,Type_19,Morning,115.0,2024-05-05 14:50:10
3451,12,M06690,Type_07,Afternoon,83.2,2024-05-05 15:16:22
3452,11,M02177,Type_06,Afternoon,120.8,2024-05-05 15:25:04
3453,20,M03744,Type_19,Afternoon,141.1,2024-05-05 16:21:02
3454,22,M08793,Type_08,Morning,137.4,2024-05-05 17:21:03
3455,19,M04423,Type_10,Night,124.7,2024-05-05 17:43:15
3456,6,M03825,Type_17,Morning,138.4,2024-05-05 18:25:35
3457,10,M09172,Type_05,Afternoon,111.1,2024-05-05 21:30:45
3458,14,M02452,Type_02,Afternoon,122.6,2024-05-05 22:05:07
3459,1,M00629,Type_25,Afternoon,96.4,2024-05-06 01:01:22
3460,15,M09822,Type_22,Afternoon,115.8,2024-05-06 02:02:50
3461,6,M07779,Type_16,Morning,136.6,2024-05-06 02:08:36
3462,13,M03697,Type_24,Morning,98.2,2024-05-06 03:08:53
3463,24,M03675,Type_11,Afternoon,92.8,2024-05-06 04:08:25
3464,14,M03930,Type_06,Afternoon,111.9,2024-05-06 08:39:33
3465,13,M02766,Type_04,Morning,105.5,2024-05-06 15:05:19
3466,24,M04370,Type_22,Afternoon,123.0,2024-05-06 16:34:18
3467,16,M08308,Type_04,Afternoon,100.9,2024-05-06 16:49:41
3468,1,M04957,Type_03,Afternoon,144.4,2024-05-06 17:13:47
3469,14,M00693,Type_13,Night,84.2,2024-05-06 20:16:15
3470,13,M03163,Type_21,Morning,135.1,2024-05-06 20:51:28
3471,23,M01106,Type_24,Morning,94.7,2024-05-07 00:15:48
3472,10,M03009,Type_21,Night,80.0,2024-05-07 00:16:41
3473,10,M02162,Type_07,Afternoon,114.8,2024-05-07 01:57:11
3474,4,M08346,Type_08,Afternoon,104.9,2024-05-07 03:04:36
3475,14,M03700,Type_09,Night,87.8,2024-05-07 04:22:39
3476,12,M03787,Type_03,Night,80.0,2024-05-07 07:14:33
3477,22,M09257,Type_04,Night,109.8,2024-05-07 07:15:11
3478,6,M04201,Type_20,Afternoon,129.5,2024-05-07 08:54:22
3479,15,M01914,Type_13,Afternoon,121.7,2024-05-07 13:13:49
3480,5,M09409,Type_12,Afternoon,111.1,2024-05-07 13:40:46
3481,10,M05521,Type_20,Morning,119.6,2024-05-07 14:34:32
3482,9,M01773,Type_05,Afternoon,109.5,2024-05-07 16:00:26
3483,10,M02781,Type_23,Morning,81.4,2024-05-07 16:23:54
3484,24,M07424,Type_19,Night,81.6,2024-05-07 16:29:05
3485,12,M02872,Type_18,Afternoon,105.9,2024-05-07 17:14:18
3486,22,M00661,Type_20,Afternoon,106.8,2024-05-07 17:40:51
3487,4,M06243,Type_12,Morning,127.0,2024-05-07 22:44:46
3488,4,M01133,Type_12,Morning,125.1,2024-05-07 23:34:02
3489,13,M00700,Type_15,Morning,122.1,2024-05-08 00:31:44
3490,25,M07471,Type_21,Afternoon,104.4,2024-05-08 01:31:05
3491,14,M06298,Type_11,Morning,82.4,2024-05-08 02:48:57
3492,12,M07813,Type_17,Afternoon,118.2,2024-05-08 03:18:07
3493,13,M04558,Type_25,Night,120.5,2024-05-08 03:34:23
3494,20,M02180,Type_24,Night,80.0,2024-05-08 04:07:17
3495,13,M09066,Type_20,Afternoon,93.3,2024-05-08 04:11:11
3496,23,M08276,Type_03,Morning,96.2,2024-05-08 05:42:04
3497,22,M01423,Type_08,Night,112.4,2024-05-08 06:00:27
3498,2,M03181,Type_16,Night,93.9,2024-05-08 07:14:18
3499,21,M04317,Type_11,Morning,109.2,2024-05-08 07:38:15
3500,19,M06697,Type_09,Afternoon,105.8,2024-05-08 07:39:03
3501,9,M09584,Type_12,Morning,106.8,2024-05-08 08:00:29
3502,10,M00615,Type_24,Night,95.7,2024-05-08 08:37:55
3503,17,M04571,Type_24,Night,97.2,2024-05-08 10:10:18
3504,10,M00271,Type_07,Morning,88.4,2024-05-08 10:29:09
3505,20,M02469,Type_14,Night,117.6,2024-05-08 12:10:07
3506,13,M09583,Type_21,Afternoon,121.4,2024-05-08 14:07:04
3507,20,M03608,Type_22,Night,94.6,2024-05-08 15:23:35
3508,25,M03076,Type_17,Afternoon,140.4,2024-05-08 15:36:27
3509,1,M00290,Type_17,Night,103.7,2024-05-08 16:58:25
3510,2,M08121,Type_03,Morning,140.6,2024-05-08 17:26:18
3511,17,M06615,Type_23,Morning,97.2,2024-05-08 19:02:28
3512,13,M03253,Type_16,Morning,80.0,2024-05-08 19:35:41
3513,17,M07416,Type_11,Night,118.0,2024-05-08 20:00:02
3514,13,M06772,Type_23,Night,115.0,2024-05-08 21:45:40
3515,17,M00279,Type_08,Night,110.7,2024-05-08 23:13:02
3516,19,M00581,Type_07,Night,97.2,2024-05-08 23:50:27
3517,14,M04959,Type_11,Morning,109.3,2024-05-09 00:08:05
3518,20,M08446,Type_12,Morning,99.8,2024-05-09 00:45:19
3519,10,M04277,Type_25,Morning,104.0,2024-05-09 01:52:13
3520,2,M07998,Type_04,Morning,126.8,2024-05-09 02:03:21
3521,14,M04777,Type_24,Morning,113.7,2024-05-09 04:30:56
3522,17,M00825,Type_19,Afternoon,122.2,2024-05-09 05:17:58
3523,5,M03833,Type_22,Morning,105.4,2024-05-09 06:01:33
3524,22,M08892,Type_16,Morning,103.2,2024-05-09 06:31:22
3525,18,M05446,Type_13,Morning,86.9,2024-05-09 07:34:19
3526,3,M01381,Type_11,Morning,102.6,2024-05-09 08:10:59
3527,16,M09866,Type_21,Night,80.0,2024-05-09 08:45:50
3528,19,M06535,Type_18,Night,98.2,2024-05-09 09:39:04
3529,18,M03157,Type_15,Night,108.4,2024-05-09 10:59:11
3530,20,M04308,Type_24,Afternoon,121.3,2024-05-09 12:22:07
3531,5,M05635,Type_23,Morning,104.6,2024-05-09 12:43:47
3532,8,M08576,Type_01,Night,117.0,2024-05-09 12:55:17
3533,6,M05811,Type_16,Morning,80.0,2024-05-09 13:13:36
3534,15,M08534,Type_18,Morning,108.9,2024-05-09 13:22:06
3535,25,M05935,Type_01,Morning,80.0,2024-05-09 13:35:53
3536,3,M03110,Type_07,Morning,85.8,2024-05-09 13:53:41
3537,9,M04083,Type_13,Morning,106.3,2024-05-09 14:19:40
3538,11,M03241,Type_09,Morning,135.5,2024-05-09 14:28:51
3539,20,M06029,Type_14,Afternoon,117.4,2024-05-09 15:46:06
3540,24,M01850,Type_22,Morning,110.4,2024-05-09 16:52:30
3541,23,M08498,Type_23,Morning,109.6,2024-05-09 17:55:43
3542,14,M02750,Type_23,Night,95.7,2024-05-09 20:07:26
3543,23,M06681,Type_25,Morning,99.1,2024-05-09 21:45:21
3544,9,M09328,Type_06,Morning,118.5,2024-05-09 23:08:18
3545,10,M00206,Type_13,Night,82.3,2024-05-09 23:32:27
3546,15,M07353,Type_11,Morning,121.9,2024-05-10 00:30:05
3547,18,M04592,Type_19,Morning,102.2,2024-05-10 00:32:50
3548,21,M03451,Type_13,Afternoon,126.5,2024-05-10 01:42:52
3549,19,M07215,Type_13,Morning,129.2,2024-05-10 02:30:22
3550,7,M03812,Type_12,Afternoon,80.0,2024-05-10 03:01:44
3551,19,M05142,Type_14,Night,98.4,2024-05-10 03:50:33
3552,5,M08502,Type_17,Morning,92.9,2024-05-10 03:53:12
3553,21,M02709,Type_15,Afternoon,80.0,2024-05-10 05:33:51
3554,18,M01992,Type_12,Afternoon,89.3,2024-05-10 06:26:49
3555,1,M08464,Type_21,Morning,158.8,2024-05-10 07:25:08
3556,12,M03274,Type_24,Afternoon,122.2,2024-05-10 07:35:16
3557,6,M04539,Type_25,Morning,148.3,2024-05-10 08:08:13
3558,13,M08713,Type_08,Afternoon,126.6,2024-05-10 09:44:54
3559,17,M09169,Type_18,Morning,95.2,2024-05-10 10:17:04
3560,9,M03723,Type_02,Afternoon,102.4,2024-05-10 10:43:35
3561,21,M03552,Type_21,Morning,121.8,2024-05-10 12:20:58
3562,1,M02833,Type_20,Night,118.8,2024-05-10 13:26:22
3563,12,M05680,Type_10,Morning,98.5,2024-05-10 14:14:57
3564,24,M06580,Type_14,Afternoon,80.0,2024-05-10 14:30:14
3565,1,M00153,Type_15,Afternoon,160.0,2024-05-10 16:05:49
3566,4,M05755,Type_22,Afternoon,107.2,2024-05-10 16:57:13
3567,7,M02801,Type_17,Afternoon,103.5,2024-05-10 17:03:26
3568,20,M05311,Type_16,Afternoon,112.3,2024-05-10 21:04:45
3569,5,M09945,Type_08,Night,105.1,2024-05-10 21:49:51
3570,23,M02611,Type_03,Night,112.5,2024-05-10 22:02:12
3571,20,M01105,Type_06,Morning,135.7,2024-05-10 22:35:12
3572,5,M07362,Type_13,Afternoon,107.5,2024-05-10 22:58:33
3573,7,M04200,Type_11,Night,86.7,2024-05-11 01:47:24
3574,17,M03855,Type_24,Night,106.8,2024-05-11 01:47:51
3575,12,M07264,Type_16,Night,100.7,2024-05-11 03:58:32
3576,15,M01915,Type_17,Morning,138.5,2024-05-11 04:27:56
3577,3,M07366,Type_08,Morning,133.4,2024-05-11 06:55:16
3578,17,M03073,Type_15,Afternoon,112.2,2024-05-11 07:23:50
3579,14,M09199,Type_01,Afternoon,84.4,2024-05-11 07:45:23
3580,15,M00407,Type_12,Afternoon,85.5,2024-05-11 07:47:15
3581,15,M00167,Type_06,Afternoon,110.3,2024-05-11 08:24:08
3582,15,M00509,Type_10,Night,116.7,2024-05-11 10:20:34
3583,19,M01662,Type_05,Morning,102.5,2024-05-11 10:40:39
3584,11,M03665,Type_07,Night,100.4,2024-05-11 11:30:59
3585,18,M03490,Type_23,Afternoon,98.1,2024-05-11 12:04:28
3586,21,M00681,Type_07,Morning,109.5,2024-05-11 12:13:23
3587,10,M02525,Type_04,Afternoon,80.0,2024-05-11 13:25:26
3588,21,M02121,Type_10,Night,88.0,2024-05-11 13:38:15
3589,9,M05261,Type_03,Morning,97.5,2024-05-11 14:04:44
3590,24,M04358,Type_21,Morning,134.2,2024-05-11 15:26:19
3591,3,M01364,Type_19,Night,93.7,2024-05-11 15:34:53
3592,1,M09524,Type_05,Morning,113.6,2024-05-11 15:51:32
3593,21,M02293,Type_16,Afternoon,114.5,2024-05-11 15:58:16
3594,11,M01539,Type_10,Afternoon,136.0,2024-05-11 16:21:58
3595,16,M03409,Type_11,Afternoon,135.3,2024-05-11 17:08:05
3596,3,M07743,Type_14,Afternoon,108.8,2024-05-11 17:27:21
3597,21,M08753,Type_12,Morning,100.5,2024-05-11 17:52:47
3598,9,M09292,Type_03,Afternoon,96.7,2024-05-11 18:42:20
3599,11,M01904,Type_17,Morning,105.2,2024-05-11 21:32:59
3600,17,M00175,Type_15,Afternoon,101.3,2024-05-11 22:21:12
3601,1,M02231,Type_18,Morning,121.1,2024-05-11 22:27:01
3602,9,M04288,Type_09,Afternoon,118.4,2024-05-11 22:31:57
3603,3,M04161,Type_11,Morning,121.8,2024-05-11 22:58:41
3604,10,M07107,Type_06,Morning,135.2,2024-05-11 23:15:17
3605,5,M09690,Type_15,Morning,147.3,2024-05-12 00:03:24
3606,25,M03172,Type_19,Morning,112.5,2024-05-12 01:24:27
3607,11,M01568,Type_20,Night,132.0,2024-05-12 01:40:03
3608,5,M01152,Type_06,Morning,103.0,2024-05-12 02:30:10
3609,12,M07620,Type_08,Night,133.7,2024-05-12 03:15:29
3610,14,M06034,Type_22,Night,131.2,2024-05-12 04:29:49
3611,12,M08561,Type_05,Afternoon,130.2,2024-05-12 05:26:27
3612,19,M04947,Type_05,Morning,111.9,2024-05-12 05:50:58
3613,9,M08235,Type_14,Morning,96.6,2024-05-12 06:36:21
3614,7,M01908,Type_25,Night,82.1,2024-05-12 14:45:52
3615,16,M03491,Type_06,Morning,109.2,2024-05-12 14:49:08
3616,7,M02536,Type_11,Morning,140.7,2024-05-12 15:19:31
3617,14,M04174,Type_18,Afternoon,103.8,2024-05-12 16:35:59
3618,8,M01294,Type_24,Night,125.7,2024-05-12 18:54:05
3619,21,M04770,Type_25,Night,126.9,2024-05-12 19:05:13
3620,18,M04797,Type_22,Morning,104.3,2024-05-12 20:26:18
3621,25,M06872,Type_21,Afternoon,136.3,2024-05-12 20:31:53
3622,3,M02973,Type_05,Morning,80.0,2024-05-12 21:52:16
3623,2,M03923,Type_10,Morning,85.5,2024-05-12 22:02:24
3624,5,M04998,Type_05,Night,91.7,2024-05-12 22:27:26
3625,8,M07033,Type_25,Morning,93.6,2024-05-12 23:07:06
3626,19,M00993,Type_11,Morning,116.7,2024-05-12 23:13:23
3627,22,M08113,Type_08,Morning,115.8,2024-05-12 23:50:19
3628,9,M05288,Type_11,Night,117.9,2024-05-13 01:22:55
3629,2,M02241,Type_16,Night,121.9,2024-05-13 01:33:01
3630,15,M01477,Type_05,Afternoon,91.0,2024-05-13 02:21:27
3631,8,M06427,Type_06,Night,85.6,2024-05-13 02:32:15
3632,10,M00390,Type_09,Morning,117.9,2024-05-13 05:11:17
3633,7,M01000,Type_14,Afternoon,97.4,2024-05-13 06:45:59
3634,19,M01856,Type_20,Morning,80.0,2024-05-13 07:08:58
3635,1,M08126,Type_06,Morning,129.4,2024-05-13 09:36:18
3636,22,M08851,Type_11,Afternoon,137.9,2024-05-13 10:12:42
3637,2,M02764,Type_24,Night,141.1,2024-05-13 10:42:25
3638,3,M03664,Type_20,Morning,113.7,2024-05-13 11:22:48
3639,14,M04987,Type_16,Morning,122.5,2024-05-13 14:47:27
3640,15,M01482,Type_15,Morning,137.4,2024-05-13 15:11:27
3641,21,M07257,Type_23,Morning,97.2,2024-05-13 15:12:14
3642,14,M03732,Type_19,Night,132.2,2024-05-13 15:40:13
3643,8,M07263,Type_11,Afternoon,115.5,2024-05-13 15:57:32
3644,18,M00452,Type_09,Afternoon,128.3,2024-05-13 17:03:58
3645,22,M09730,Type_23,Night,113.7,2024-05-13 17:39:06
3646,17,M03094,Type_02,Morning,135.9,2024-05-13 18:07:00
3647,7,M00883,Type_02,Afternoon,114.5,2024-05-13 20:27:24
3648,20,M04409,Type_07,Afternoon,80.3,2024-05-13 23:57:33
3649,1,M04069,Type_19,Afternoon,139.0,2024-05-14 01:58:12
3650,9,M03278,Type_17,Night,91.0,2024-05-14 02:10:22
3651,9,M08567,Type_20,Night,135.1,2024-05-14 02:18:06
3652,11,M07952,Type_13,Morning,108.2,2024-05-14 02:45:20
3653,19,M04691,Type_14,Night,133.5,2024-05-14 03:08:16
3654,6,M04596,Type_20,Morning,132.7,2024-05-14 07:15:25
3655,7,M04560,Type_09,Morning,118.6,2024-05-14 07:29:19
3656,15,M07292,Type_12,Morning,120.2,2024-05-14 07:43:48
3657,20,M08161,Type_11,Morning,118.5,2024-05-14 08:55:48
3658,6,M00113,Type_14,Afternoon,80.0,2024-05-14 09:51:16
3659,9,M05132,Type_09,Afternoon,112.4,2024-05-14 10:51:49
3660,15,M03198,Type_13,Night,87.7,2024-05-14 12:47:08
3661,22,M00140,Type_25,Afternoon,113.4,2024-05-14 13:13:01
3662,23,M01425,Type_07,Afternoon,87.1,2024-05-14 15:56:56
3663,6,M02950,Type_03,Morning,86.3,2024-05-14 17:07:10
3664,7,M03169,Type_24,Morning,142.1,2024-05-14 17:19:48
3665,17,M08709,Type_22,Afternoon,131.4,2024-05-14 17:32:06
3666,6,M06044,Type_16,Afternoon,109.9,2024-05-14 18:05:05
3667,9,M06990,Type_10,Night,113.7,2024-05-14 19:35:02
3668,3,M07237,Type_10,Morning,105.0,2024-05-14 19:40:10
3669,14,M06262,Type_13,Morning,121.4,2024-05-14 22:16:24
3670,6,M00888,Type_08,Afternoon,96.5,2024-05-15 01:35:40
3671,4,M03105,Type_15,Morning,129.9,2024-05-15 02:33:20
3672,16,M00050,Type_25,Morning,104.9,2024-05-15 02:46:43
3673,23,M03952,Type_01,Afternoon,101.6,2024-05-15 03:34:20
3674,16,M03561,Type_25,Morning,110.4,2024-05-15 03:43:48
3675,23,M00019,Type_09,Afternoon,98.2,2024-05-15 04:24:07
3676,9,M04822,Type_11,Morning,116.6,2024-05-15 06:37:15
3677,4,M06341,Type_03,Morning,99.3,2024-05-15 06:38:50
3678,8,M08059,Type_06,Morning,119.4,2024-05-15 07:17:54
3679,24,M09666,Type_06,Night,134.3,2024-05-15 10:23:02
3680,8,M02607,Type_25,Morning,95.6,2024-05-15 12:19:27
3681,24,M07847,Type_09,Night,107.4,2024-05-15 12:42:23
3682,6,M08644,Type_25,Morning,119.2,2024-05-15 13:04:20
3683,8,M06433,Type_25,Night,101.3,2024-05-15 13:28:40
3684,6,M03766,Type_18,Morning,119.3,2024-05-15 14:28:52
3685,14,M02439,Type_23,Afternoon,121.1,2024-05-15 15:07:41
3686,14,M09742,Type_01,Afternoon,131.7,2024-05-15 16:05:19
3687,18,M06359,Type_15,Night,97.9,2024-05-15 17:13:59
3688,13,M08320,Type_14,Morning,91.1,2024-05-15 19:18:48
3689,15,M05942,Type_20,Morning,103.8,2024-05-15 20:00:43
3690,3,M07645,Type_23,Morning,90.6,2024-05-15 22:16:42
3691,6,M04856,Type_09,Night,121.3,2024-05-15 23:28:30
3692,23,M06548,Type_01,Afternoon,86.8,2024-05-16 00:06:46
3693,20,M07197,Type_08,Night,156.7,2024-05-16 01:05:09
3694,17,M05912,Type_12,Morning,135.9,2024-05-16 01:34:56
3695,20,M06482,Type_17,Morning,110.3,2024-05-16 02:21:13
3696,16,M02762,Type_10,Morning,127.3,2024-05-16 02:22:11
3697,6,M04457,Type_21,Night,80.0,2024-05-16 03:01:14
3698,8,M09608,Type_18,Afternoon,160.0,2024-05-16 04:02:30
3699,13,M06362,Type_22,Night,98.2,2024-05-16 05:29:19
3700,13,M05694,Type_18,Morning,107.6,2024-05-16 05:41:24
3701,20,M05789,Type_06,Afternoon,80.0,2024-05-16 05:57:54
3702,17,M00202,Type_13,Afternoon,119.7,2024-05-16 07:31:02
3703,21,M06161,Type_06,Morning,87.9,2024-05-16 08:58:36
3704,23,M00518,Type_14,Night,112.0,2024-05-16 11:32:05
3705,22,M07738,Type_15,Night,99.1,2024-05-16 12:29:17
3706,3,M09534,Type_19,Night,88.4,2024-05-16 13:22:26
3707,13,M01989,Type_04,Afternoon,93.9,2024-05-16 14:01:26
3708,7,M03803,Type_09,Morning,114.5,2024-05-16 15:32:56
3709,20,M05809,Type_25,Morning,84.4,2024-05-16 17:48:33
3710,5,M07163,Type_08,Night,95.0,2024-05-16 18:21:31
3711,11,M06242,Type_02,Morning,123.3,2024-05-16 22:10:57
3712,23,M08400,Type_20,Afternoon,160.0,2024-05-16 23:16:43
3713,18,M05634,Type_19,Afternoon,119.6,2024-05-17 01:11:44
3714,4,M05756,Type_23,Afternoon,91.7,2024-05-17 01:28:00
3715,20,M06310,Type_21,Night,102.7,2024-05-17 02:42:51
3716,22,M04118,Type_09,Morning,110.6,2024-05-17 03:30:20
3717,7,M08346,Type_08,Morning,103.0,2024-05-17 03:30:38
3718,4,M01519,Type_19,Morning,128.1,2024-05-17 03:59:44
3719,10,M06164,Type_22,Afternoon,114.3,2024-05-17 04:02:10
3720,1,M02601,Type_14,Morning,128.2,2024-05-17 04:03:11
3721,17,M02196,Type_17,Morning,103.7,2024-05-17 04:03:28
3722,5,M03555,Type_18,Night,136.5,2024-05-17 04:49:41
3723,17,M02850,Type_22,Night,106.7,2024-05-17 05:07:56
3724,3,M01743,Type_18,Morning,90.6,2024-05-17 05:29:32
3725,9,M01307,Type_20,Morning,153.5,2024-05-17 06:53:10
3726,3,M03850,Type_25,Night,80.0,2024-05-17 07:17:50
3727,3,M07520,Type_19,Morning,95.2,2024-05-17 07:55:13
3728,9,M04196,Type_21,Morning,97.5,2024-05-17 08:11:48
3729,5,M05179,Type_09,Morning,160.0,2024-05-17 08:55:15
3730,24,M02556,Type_20,Afternoon,146.1,2024-05-17 09:27:31
3731,10,M02306,Type_08,Morning,139.9,2024-05-17 09:35:18
3732,15,M07620,Type_08,Night,103.4,2024-05-17 11:02:01
3733,25,M09281,Type_25,Afternoon,158.5,2024-05-17 12:30:47
3734,12,M02643,Type_24,Afternoon,117.4,2024-05-17 13:07:27
3735,6,M09370,Type_16,Morning,129.5,2024-05-17 15:59:09
3736,7,M06410,Type_04,Afternoon,113.6,2024-05-17 17:10:12
3737,7,M04758,Type_12,Afternoon,109.0,2024-05-17 17:27:04
3738,23,M02995,Type_22,Night,105.0,2024-05-17 19:07:15
3739,4,M08752,Type_25,Night,105.8,2024-05-17 19:11:36
3740,13,M01272,Type_08,Afternoon,122.2,2024-05-17 19:43:35
3741,15,M01814,Type_24,Night,117.3,2024-05-17 19:55:33
3742,18,M08802,Type_03,Night,109.4,2024-05-17 20:04:58
3743,18,M02462,Type_22,Night,140.2,2024-05-17 20:28:41
3744,7,M04121,Type_19,Morning,80.0,2024-05-17 21:29:39
3745,10,M06125,Type_25,Morning,120.2,2024-05-17 22:44:11
3746,16,M08476,Type_04,Morning,124.4,2024-05-17 23:17:17
3747,23,M04397,Type_23,Afternoon,132.9,2024-05-17 23:39:08
3748,23,M09284,Type_12,Afternoon,108.7,2024-05-18 00:09:50
3749,8,M00817,Type_10,Afternoon,114.2,2024-05-18 01:14:04
3750,19,M07305,Type_01,Night,129.7,2024-05-18 02:26:04
3751,11,M07332,Type_07,Night,139.8,2024-05-18 03:26:11
3752,21,M00083,Type_25,Night,104.0,2024-05-18 07:42:53
3753,6,M01921,Type_14,Morning,115.3,2024-05-18 09:40:30
3754,24,M07818,Type_12,Afternoon,143.6,2024-05-18 11:10:20
3755,24,M02094,Type_24,Morning,80.0,2024-05-18 11:40:00
3756,10,M07072,Type_09,Morning,96.2,2024-05-18 12:52:48
3757,19,M07968,Type_14,Morning,139.3,2024-05-18 13:06:20
3758,14,M08368,Type_25,Morning,131.9,2024-05-18 13:21:44
3759,20,M05286,Type_04,Afternoon,120.4,2024-05-18 14:20:10
3760,6,M04938,Type_14,Night,101.0,2024-05-18 14:44:01
3761,4,M00370,Type_21,Morning,92.4,2024-05-18 15:49:57
3762,20,M01819,Type_05,Afternoon,98.2,2024-05-18 16:22:28
3763,15,M02102,Type_01,Afternoon,141.0,2024-05-18 18:36:44
3764,5,M03491,Type_06,Morning,97.4,2024-05-18 20:17:45
3765,16,M01780,Type_14,Afternoon,112.0,2024-05-18 20:18:14
3766,7,M07675,Type_15,Morning,94.9,2024-05-18 21:00:48
3767,2,M01365,Type_17,Afternoon,126.9,2024-05-18 22:53:57
3768,13,M07295,Type_16,Afternoon,99.2,2024-05-19 02:04:02
3769,2,M03677,Type_14,Morning,108.0,2024-05-19 03:16:55
3770,9,M02427,Type_04,Morning,80.0,2024-05-19 03:35:25
3771,20,M08265,Type_15,Afternoon,80.0,2024-05-19 03:47:26
3772,5,M08090,Type_20,Night,110.2,2024-05-19 04:21:52
3773,3,M02963,Type_24,Morning,83.5,2024-05-19 05:21:58
3774,2,M00860,Type_13,Afternoon,152.1,2024-05-19 05:41:38
3775,14,M04139,Type_08,Afternoon,80.0,2024-05-19 07:51:58
3776,8,M02425,Type_16,Night,94.0,2024-05-19 09:26:46
3777,20,M09257,Type_04,Night,110.3,2024-05-19 13:03:55
3778,12,M04018,Type_16,Afternoon,102.7,2024-05-19 13:32:38
3779,17,M08561,Type_05,Afternoon,87.9,2024-05-19 14:42:15
3780,16,M08343,Type_20,Night,90.8,2024-05-19 15:23:18
3781,6,M01135,Type_11,Morning,90.2,2024-05-19 16:13:53
3782,6,M05167,Type_13,Morning,104.3,2024-05-19 17:16:27
3783,18,M05120,Type_10,Morning,149.0,2024-05-19 18:00:24
3784,2,M05695,Type_19,Night,111.6,2024-05-19 19:02:50
3785,8,M06137,Type_03,Night,133.7,2024-05-19 19:05:00
3786,23,M05486,Type_14,Morning,120.1,2024-05-19 19:19:06
3787,14,M04165,Type_11,Afternoon,132.3,2024-05-19 19:21:19
3788,2,M02347,Type_22,Afternoon,80.0,2024-05-19 21:02:46
3789,17,M05040,Type_11,Morning,103.9,2024-05-19 21:12:42
3790,24,M04898,Type_10,Night,136.1,2024-05-19 21:35:18
3791,16,M08253,Type_18,Morning,98.6,2024-05-19 22:05:42
3792,18,M05042,Type_01,Morning,145.2,2024-05-19 22:44:56
3793,21,M03902,Type_14,Afternoon,139.7,2024-05-19 22:48:21
3794,6,M01338,Type_05,Afternoon,100.6,2024-05-19 22:48:46
3795,17,M01185,Type_23,Morning,99.9,2024-05-19 23:32:46
3796,18,M04427,Type_19,Afternoon,89.7,2024-05-20 00:32:34
3797,14,M01552,Type_18,Afternoon,97.4,2024-05-20 01:12:51
3798,10,M01630,Type_24,Morning,85.3,2024-05-20 01:21:44
3799,4,M09520,Type_12,Morning,118.6,2024-05-20 01:22:49
3800,18,M01527,Type_05,Afternoon,80.9,2024-05-20 03:24:04
3801,11,M09866,Type_21,Morning,122.1,2024-05-20 05:48:58
3802,22,M01362,Type_18,Night,122.6,2024-05-20 07:26:11
3803,16,M09766,Type_16,Night,80.0,2024-05-20 08:26:27
3804,4,M04371,Type_18,Night,141.0,2024-05-20 08:31:16
3805,19,M05284,Type_05,Morning,120.3,2024-05-20 10:55:19
3806,6,M07611,Type_23,Night,125.0,2024-05-20 12:59:37
3807,25,M01994,Type_09,Afternoon,94.8,2024-05-20 13:28:28
3808,8,M00870,Type_16,Morning,122.4,2024-05-20 13:49:22
3809,18,M01015,Type_08,Morning,132.5,2024-05-20 19:14:27
3810,19,M00603,Type_03,Morning,108.0,2024-05-20 19:55:17
3811,18,M00691,Type_23,Afternoon,150.0,2024-05-20 20:09:42
3812,16,M08686,Type_18,Afternoon,110.9,2024-05-20 21:01:58
3813,7,M00490,Type_23,Morning,132.8,2024-05-20 21:19:43
3814,25,M06865,Type_12,Afternoon,115.9,2024-05-20 21:41:56
3815,17,M07241,Type_08,Morning,121.7,2024-05-20 23:05:51
3816,3,M07787,Type_09,Afternoon,80.0,2024-05-21 00:22:54
3817,22,M08025,Type_20,Morning,117.4,2024-05-21 00:28:17
3818,15,M00295,Type_18,Night,95.3,2024-05-21 00:56:49
3819,4,M05489,Type_23,Night,93.1,2024-05-21 04:05:40
3820,16,M04028,Type_21,Afternoon,144.9,2024-05-21 04:19:29
3821,14,M02913,Type_14,Morning,105.7,2024-05-21 06:25:49
3822,17,M09910,Type_16,Morning,89.9,2024-05-21 07:14:03
3823,9,M04745,Type_07,Night,102.8,2024-05-21 08:11:05
3824,7,M01874,Type_01,Morning,84.0,2024-05-21 10:37:02
3825,14,M03259,Type_15,Morning,138.7,2024-05-21 11:06:28
3826,23,M02818,Type_12,Morning,96.1,2024-05-21 12:24:58
3827,12,M08637,Type_21,Afternoon,120.6,2024-05-21 13:31:18
3828,17,M03642,Type_22,Afternoon,137.1,2024-05-21 14:59:47
3829,9,M04459,Type_10,Night,100.0,2024-05-21 15:01:30
3830,12,M05308,Type_05,Morning,120.6,2024-05-21 15:19:27
3831,12,M08934,Type_11,Morning,89.4,2024-05-21 15:40:23
3832,8,M02042,Type_18,Night,158.9,2024-05-21 17:01:49
3833,10,M00680,Type_17,Night,128.7,2024-05-21 17:06:30
3834,12,M05739,Type_18,Morning,106.1,2024-05-21 18:51:23
3835,5,M05669,Type_21,Afternoon,94.5,2024-05-21 18:53:45
3836,20,M09551,Type_12,Morning,107.7,2024-05-21 18:58:55
3837,1,M07698,Type_11,Night,103.2,2024-05-21 19:42:01
3838,9,M08034,Type_07,Morning,149.1,2024-05-21 20:00:48
3839,15,M00063,Type_06,Night,85.5,2024-05-21 23:29:12
3840,24,M07830,Type_19,Afternoon,112.7,2024-05-22 00:48:14
3841,2,M07353,Type_11,Afternoon,109.6,2024-05-22 06:18:37
3842,4,M06916,Type_01,Morning,107.7,2024-05-22 07:34:04
3843,4,M08327,Type_13,Afternoon,107.8,2024-05-22 08:42:42
3844,23,M03645,Type_18,Afternoon,107.7,2024-05-22 08:47:14
3845,3,M04971,Type_16,Morning,127.5,2024-05-22 09:37:53
3846,16,M08004,Type_19,Afternoon,122.2,2024-05-22 09:46:27
3847,8,M03279,Type_17,Night,118.4,2024-05-22 10:06:16
3848,7,M07297,Type_20,Afternoon,80.0,2024-05-22 11:15:20
3849,12,M09015,Type_23,Afternoon,116.0,2024-05-22 12:50:16
3850,12,M03075,Type_21,Morning,80.0,2024-05-22 13:02:57
3851,4,M08313,Type_22,Afternoon,122.9,2024-05-22 13:58:07
3852,15,M07553,Type_05,Morning,139.5,2024-05-22 14:42:45
3853,25,M01638,Type_06,Afternoon,91.5,2024-05-22 16:01:07
3854,6,M05104,Type_17,Night,104.8,2024-05-22 16:32:07
3855,3,M09117,Type_18,Afternoon,98.0,2024-05-22 17:09:55
3856,7,M00645,Type_20,Morning,134.7,2024-05-22 17:47:49
3857,22,M02033,Type_11,Morning,111.9,2024-05-22 17:49:05
3858,24,M02762,Type_10,Afternoon,144.6,2024-05-22 18:52:04
3859,21,M02069,Type_15,Afternoon,118.3,2024-05-22 19:31:34
3860,6,M00242,Type_01,Night,114.8,2024-05-22 19:49:06
3861,1,M02669,Type_23,Night,111.4,2024-05-22 20:19:33
3862,8,M00803,Type_10,Afternoon,126.4,2024-05-22 21:29:20
3863,1,M05060,Type_03,Morning,80.0,2024-05-22 22:23:48
3864,16,M00196,Type_01,Morning,111.7,2024-05-22 22:31:54
3865,3,M02188,Type_25,Morning,108.6,2024-05-22 22:34:55
3866,2,M02331,Type_09,Morning,124.5,2024-05-23 02:31:40
3867,6,M04842,Type_02,Afternoon,106.2,2024-05-23 02:50:34
3868,8,M03607,Type_22,Afternoon,89.2,2024-05-23 02:56:32
3869,24,M08469,Type_06,Afternoon,110.1,2024-05-23 03:45:09
3870,7,M00061,Type_24,Morning,88.3,2024-05-23 03:51:51
3871,7,M03928,Type_14,Morning,80.0,2024-05-23 04:03:24
3872,24,M06297,Type_25,Morning,124.5,2024-05-23 04:10:22
3873,21,M02592,Type_24,Morning,121.6,2024-05-23 06:25:32
3874,19,M08759,Type_14,Night,119.3,2024-05-23 06:40:18
3875,18,M09764,Type_22,Morning,136.1,2024-05-23 06:51:02
3876,3,M06122,Type_23,Afternoon,96.7,2024-05-23 07:41:20
3877,11,M01201,Type_07,Morning,81.4,2024-05-23 08:08:55
3878,11,M02855,Type_17,Night,108.6,2024-05-23 09:21:58
3879,3,M07025,Type_18,Afternoon,103.0,2024-05-23 13:35:07
3880,23,M09429,Type_23,Morning,93.2,2024-05-23 16:14:30
3881,1,M06973,Type_23,Afternoon,108.4,2024-05-23 16:19:35
3882,23,M00137,Type_16,Afternoon,97.8,2024-05-23 16:38:53
3883,22,M01030,Type_24,Night,80.0,2024-05-23 16:45:07
3884,10,M02595,Type_04,Morning,101.2,2024-05-23 20:18:30
3885,2,M07207,Type_12,Night,87.3,2024-05-23 21:28:21
3886,17,M00662,Type_11,Night,114.6,2024-05-23 22:45:54
3887,9,M02473,Type_22,Night,96.9,2024-05-23 22:58:26
3888,18,M00087,Type_01,Afternoon,132.2,2024-05-24 01:03:45
3889,20,M06220,Type_05,Afternoon,142.1,2024-05-24 01:24:21
3890,9,M08144,Type_05,Afternoon,123.6,2024-05-24 02:01:56
3891,25,M06969,Type_18,Night,80.0,2024-05-24 03:15:14
3892,11,M02774,Type_15,Afternoon,140.1,2024-05-24 04:24:17
3893,17,M01701,Type_11,Afternoon,141.5,2024-05-24 04:25:40
3894,14,M02701,Type_16,Afternoon,110.4,2024-05-24 05:11:02
3895,18,M06816,Type_15,Afternoon,136.5,2024-05-24 05:21:13
3896,18,M01648,Type_19,Night,99.0,2024-05-24 05:58:31
3897,12,M06039,Type_15,Morning,80.0,2024-05-24 06:08:41
3898,18,M05165,Type_21,Night,94.8,2024-05-24 06:09:54
3899,8,M05521,Type_20,Afternoon,144.6,2024-05-24 06:22:35
3900,8,M03688,Type_12,Night,80.2,2024-05-24 06:33:50
3901,8,M00597,Type_23,Afternoon,110.0,2024-05-24 06:39:40
3902,20,M04546,Type_09,Morning,110.7,2024-05-24 06:45:06
3903,15,M08677,Type_08,Night,99.7,2024-05-24 07:35:34
3904,8,M08838,Type_19,Morning,101.1,2024-05-24 07:45:17
3905,14,M04758,Type_12,Night,111.4,2024-05-24 09:31:53
3906,13,M04385,Type_19,Afternoon,98.8,2024-05-24 12:07:08
3907,23,M08913,Type_04,Afternoon,81.6,2024-05-24 12:36:23
3908,8,M04734,Type_02,Morning,114.3,2024-05-24 12:47:50
3909,17,M07082,Type_16,Afternoon,131.5,2024-05-24 13:46:54
3910,19,M08691,Type_08,Morning,127.4,2024-05-24 13:57:03
3911,6,M07118,Type_22,Morning,93.8,2024-05-24 15:42:00
3912,17,M04730,Type_14,Morning,85.0,2024-05-24 16:04:01
3913,4,M01674,Type_14,Morning,104.3,2024-05-24 17:02:04
3914,25,M08307,Type_23,Night,141.4,2024-05-24 17:15:43
3915,7,M09929,Type_16,Night,122.9,2024-05-24 20:42:25
3916,17,M07179,Type_06,Morning,124.1,2024-05-24 20:45:46
3917,22,M02295,Type_16,Afternoon,127.8,2024-05-24 21:22:42
3918,22,M03631,Type_08,Morning,118.4,2024-05-24 21:39:51
3919,18,M00147,Type_23,Afternoon,112.4,2024-05-24 22:14:36
3920,6,M03454,Type_22,Night,123.2,2024-05-24 22:17:06
3921,10,M04508,Type_18,Night,99.1,2024-05-25 04:12:12
3922,18,M05784,Type_02,Afternoon,81.7,2024-05-25 04:44:05
3923,24,M07752,Type_24,Night,124.5,2024-05-25 04:58:40
3924,7,M05629,Type_09,Morning,134.8,2024-05-25 06:14:46
3925,14,M08329,Type_02,Night,87.6,2024-05-25 06:18:47
3926,22,M03361,Type_13,Morning,126.4,2024-05-25 06:36:01
3927,14,M03006,Type_08,Afternoon,143.6,2024-05-25 08:17:19
3928,10,M03553,Type_06,Afternoon,110.0,2024-05-25 08:21:42
3929,22,M00019,Type_09,Afternoon,93.6,2024-05-25 08:30:42
3930,25,M02243,Type_12,Morning,112.5,2024-05-25 08:49:19
3931,9,M06319,Type_16,Night,99.0,2024-05-25 11:27:47
3932,10,M05098,Type_04,Morning,97.7,2024-05-25 11:29:13
3933,2,M08641,Type_11,Afternoon,118.7,2024-05-25 12:05:06
3934,3,M01949,Type_12,Morning,80.0,2024-05-25 13:19:26
3935,16,M09138,Type_18,Morning,81.1,2024-05-25 14:58:55
3936,10,M05619,Type_19,Afternoon,110.4,2024-05-25 15:49:50
3937,23,M04237,Type_01,Afternoon,109.6,2024-05-25 17:52:45
3938,11,M06902,Type_09,Morning,116.9,2024-05-25 19:09:54
3939,10,M01921,Type_14,Morning,147.5,2024-05-25 20:05:57
3940,12,M04189,Type_01,Afternoon,112.1,2024-05-25 20:31:58
3941,14,M00239,Type_20,Night,122.0,2024-05-25 22:14:52
3942,9,M00205,Type_20,Night,90.5,2024-05-25 22:18:23
3943,13,M05553,Type_06,Morning,125.4,2024-05-25 22:23:14
3944,6,M04928,Type_13,Morning,99.5,2024-05-25 22:38:43
3945,11,M04391,Type_01,Morning,111.4,2024-05-25 22:53:24
3946,1,M02688,Type_04,Morning,107.8,2024-05-25 23:00:53
3947,15,M04952,Type_18,Afternoon,130.7,2024-05-25 23:40:06
3948,7,M06161,Type_06,Afternoon,83.8,2024-05-26 00:46:33
3949,11,M05389,Type_01,Morning,80.0,2024-05-26 05:00:08
3950,17,M09541,Type_02,Morning,105.7,2024-05-26 06:48:42
3951,5,M05127,Type_03,Morning,119.4,2024-05-26 07:02:14
3952,9,M00817,Type_10,Night,113.0,2024-05-26 07:30:41
3953,16,M09013,Type_25,Night,134.6,2024-05-26 08:07:45
3954,11,M00193,Type_03,Morning,118.7,2024-05-26 08:53:02
3955,25,M01777,Type_22,Morning,98.7,2024-05-26 09:27:47
3956,17,M03646,Type_07,Night,80.0,2024-05-26 10:19:29
3957,6,M06315,Type_23,Night,105.3,2024-05-26 11:17:38
3958,15,M08443,Type_16,Afternoon,130.6,2024-05-26 15:10:29
3959,3,M01789,Type_14,Morning,102.2,2024-05-26 16:09:33
3960,9,M07375,Type_22,Morning,110.6,2024-05-26 16:49:32
3961,12,M03701,Type_21,Afternoon,118.4,2024-05-26 16:53:22
3962,19,M09360,Type_18,Morning,89.7,2024-05-26 17:06:51
3963,18,M03894,Type_03,Morning,122.5,2024-05-26 17:30:50
3964,16,M06812,Type_16,Afternoon,142.7,2024-05-26 18:39:56
3965,8,M09289,Type_06,Morning,106.5,2024-05-26 18:59:23
3966,19,M02680,Type_12,Night,87.4,2024-05-26 19:37:08
3967,5,M03905,Type_04,Morning,108.7,2024-05-26 20:13:36
3968,12,M07261,Type_10,Morning,80.0,2024-05-26 21:41:34
3969,6,M00505,Type_07,Afternoon,116.7,2024-05-26 22:25:42
3970,12,M09814,Type_07,Morning,119.0,2024-05-26 22:41:47
3971,15,M09580,Type_10,Night,143.5,2024-05-26 23:31:03
3972,10,M06774,Type_19,Afternoon,106.1,2024-05-27 01:13:40
3973,17,M03817,Type_22,Morning,118.2,2024-05-27 01:17:03
3974,7,M00718,Type_14,Afternoon,92.8,2024-05-27 01:46:43
3975,7,M04435,Type_12,Morning,102.9,2024-05-27 02:05:21
3976,21,M00659,Type_09,Night,80.0,2024-05-27 02:55:19
3977,25,M05058,Type_19,Morning,106.1,2024-05-27 04:07:24
3978,11,M04009,Type_18,Afternoon,103.9,2024-05-27 04:45:44
3979,2,M04995,Type_18,Morning,116.0,2024-05-27 05:09:46
3980,21,M04235,Type_23,Afternoon,97.5,2024-05-27 05:32:10
3981,2,M03765,Type_23,Night,111.7,2024-05-27 06:04:51
3982,14,M04638,Type_20,Night,103.3,2024-05-27 06:39:41
3983,18,M02105,Type_07,Morning,103.4,2024-05-27 07:29:05
3984,16,M09448,Type_14,Morning,111.6,2024-05-27 07:49:59
3985,11,M06802,Type_08,Night,110.8,2024-05-27 07:51:18
3986,9,M08576,Type_01,Night,125.2,2024-05-27 08:46:14
3987,7,M02608,Type_19,Morning,107.6,2024-05-27 08:53:37
3988,4,M08386,Type_02,Afternoon,103.0,2024-05-27 10:31:32
3989,16,M03720,Type_05,Morning,106.4,2024-05-27 10:55:36
3990,14,M02582,Type_08,Night,95.7,2024-05-27 11:33:38
3991,11,M02566,Type_21,Morning,102.8,2024-05-27 11:50:04
3992,8,M02764,Type_24,Morning,150.6,2024-05-27 12:32:54
3993,11,M06329,Type_12,Night,91.7,2024-05-27 14:17:58
3994,20,M05992,Type_04,Morning,104.4,2024-05-27 15:10:34
3995,17,M03407,Type_22,Afternoon,102.3,2024-05-27 15:11:56
3996,19,M08924,Type_13,Afternoon,105.1,2024-05-27 15:32:37
3997,10,M04781,Type_12,Morning,103.4,2024-05-27 15:38:13
3998,12,M04178,Type_10,Morning,115.6,2024-05-27 15:48:40
3999,1,M06477,Type_24,Afternoon,80.0,2024-05-27 15:55:57
4000,2,M02605,Type_10,Morning,130.7,2024-05-27 15:57:22
4001,18,M08182,Type_25,Afternoon,122.7,2024-05-27 17:42:44
4002,7,M02383,Type_05,Night,85.1,2024-05-27 18:04:46
4003,16,M00532,Type_05,Night,80.0,2024-05-27 18:47:37
4004,13,M06080,Type_23,Morning,90.5,2024-05-27 20:01:42
4005,4,M00635,Type_10,Morning,105.1,2024-05-27 20:02:23
4006,10,M09962,Type_13,Morning,160.0,2024-05-27 20:37:46
4007,9,M00003,Type_07,Morning,120.9,2024-05-27 20:55:32
4008,18,M08398,Type_08,Afternoon,80.0,2024-05-27 22:29:48
4009,9,M05952,Type_21,Afternoon,96.2,2024-05-27 23:59:11
4010,22,M05627,Type_12,Morning,108.9,2024-05-28 00:05:48
4011,10,M07740,Type_24,Morning,115.1,2024-05-28 00:13:01
4012,8,M06004,Type_16,Morning,83.7,2024-05-28 00:13:39
4013,23,M02891,Type_14,Afternoon,107.3,2024-05-28 00:14:32
4014,11,M06240,Type_02,Morning,95.6,2024-05-28 02:31:58
4015,13,M08027,Type_22,Afternoon,87.9,2024-05-28 03:03:19
4016,24,M03307,Type_24,Morning,115.2,2024-05-28 03:26:05
4017,13,M00898,Type_15,Night,125.5,2024-05-28 04:09:23
4018,16,M09278,Type_21,Night,126.8,2024-05-28 04:33:25
4019,13,M09472,Type_15,Morning,121.5,2024-05-28 06:47:37
4020,25,M00671,Type_22,Morning,100.1,2024-05-28 07:07:34
4021,12,M07292,Type_12,Afternoon,124.3,2024-05-28 07:37:38
4022,15,M01506,Type_19,Morning,116.2,2024-05-28 09:05:11
4023,16,M06461,Type_20,Afternoon,112.7,2024-05-28 09:06:03
4024,8,M05168,Type_20,Night,97.8,2024-05-28 09:11:53
4025,6,M05256,Type_13,Afternoon,100.1,2024-05-28 09:29:33
4026,24,M00250,Type_02,Night,111.5,2024-05-28 09:39:00
4027,8,M06458,Type_07,Morning,158.8,2024-05-28 11:12:28
4028,2,M01893,Type_05,Morning,116.0,2024-05-28 11:41:53
4029,18,M03440,Type_07,Afternoon,97.8,2024-05-28 13:17:31
4030,11,M02855,Type_17,Morning,93.4,2024-05-28 14:18:45
4031,17,M09696,Type_23,Afternoon,100.2,2024-05-28 14:50:13
4032,10,M03793,Type_07,Morning,153.5,2024-05-28 15:02:45
4033,2,M05331,Type_21,Morning,102.0,2024-05-28 16:46:44
4034,23,M07872,Type_21,Night,128.1,2024-05-28 17:23:13
4035,19,M08236,Type_10,Morning,102.5,2024-05-28 17:38:16
4036,20,M03613,Type_23,Night,115.2,2024-05-28 17:58:20
4037,20,M02619,Type_10,Night,125.8,2024-05-28 19:39:09
4038,20,M04679,Type_17,Night,98.6,2024-05-28 19:47:17
4039,2,M03164,Type_08,Afternoon,97.2,2024-05-28 20:42:20
4040,6,M09481,Type_09,Afternoon,143.2,2024-05-28 20:42:27
4041,17,M02943,Type_03,Night,129.7,2024-05-28 20:43:37
4042,12,M08412,Type_10,Morning,125.8,2024-05-28 20:50:29
4043,5,M01926,Type_06,Afternoon,125.7,2024-05-28 22:49:13
4044,2,M02973,Type_05,Afternoon,119.2,2024-05-29 01:43:40
4045,9,M00991,Type_06,Afternoon,150.4,2024-05-29 02:48:41
4046,2,M01813,Type_05,Afternoon,110.9,2024-05-29 02:57:58
4047,22,M08996,Type_04,Morning,121.5,2024-05-29 03:21:06
4048,20,M00490,Type_23,Afternoon,81.0,2024-05-29 07:04:05
4049,14,M05877,Type_21,Night,93.5,2024-05-29 07:07:58
4050,22,M09686,Type_24,Morning,86.0,2024-05-29 07:38:01
4051,15,M03646,Type_07,Night,135.5,2024-05-29 08:15:22
4052,2,M07082,Type_16,Afternoon,80.0,2024-05-29 08:31:18
4053,18,M02892,Type_25,Night,102.0,2024-05-29 09:06:32
4054,12,M09898,Type_09,Afternoon,80.0,2024-05-29 11:58:11
4055,7,M03517,Type_06,Night,93.4,2024-05-29 12:36:13
4056,16,M03341,Type_21,Morning,100.2,2024-05-29 13:21:25
4057,19,M06411,Type_14,Night,137.7,2024-05-29 13:24:06
4058,3,M00054,Type_02,Morning,117.9,2024-05-29 15:46:45
4059,15,M02576,Type_18,Night,93.3,2024-05-29 17:12:16
4060,15,M00616,Type_17,Night,131.3,2024-05-29 17:47:37
4061,7,M05945,Type_07,Morning,110.4,2024-05-29 18:36:35
4062,8,M07405,Type_05,Morning,110.8,2024-05-29 19:05:45
4063,7,M00955,Type_18,Night,85.9,2024-05-29 19:21:15
4064,3,M01630,Type_24,Morning,90.2,2024-05-29 20:07:05
4065,19,M06860,Type_03,Night,93.5,2024-05-29 21:19:24
4066,23,M08842,Type_10,Morning,110.9,2024-05-29 22:13:14
4067,19,M03279,Type_17,Morning,111.6,2024-05-29 22:18:44
4068,18,M05456,Type_17,Night,140.9,2024-05-29 22:39:51
4069,7,M03802,Type_09,Afternoon,117.7,2024-05-29 23:13:47
4070,19,M02562,Type_21,Night,80.0,2024-05-29 23:49:09
4071,5,M06540,Type_22,Morning,115.3,2024-05-30 02:40:24
4072,23,M00371,Type_01,Afternoon,81.0,2024-05-30 04:18:55
4073,13,M00858,Type_16,Afternoon,90.7,2024-05-30 05:08:32
4074,2,M04887,Type_13,Afternoon,93.8,2024-05-30 06:15:08
4075,24,M07486,Type_24,Afternoon,96.7,2024-05-30 06:32:27
4076,18,M00384,Type_13,Afternoon,82.5,2024-05-30 08:00:01
4077,4,M04335,Type_05,Afternoon,114.1,2024-05-30 08:37:13
4078,4,M04291,Type_16,Morning,81.8,2024-05-30 09:34:32
4079,8,M02726,Type_11,Night,117.1,2024-05-30 10:15:43
4080,11,M06205,Type_15,Morning,154.7,2024-05-30 10:24:00
4081,1,M06112,Type_13,Afternoon,83.4,2024-05-30 11:00:30
4082,9,M04252,Type_19,Morning,104.3,2024-05-30 12:48:49
4083,6,M00923,Type_09,Afternoon,80.0,2024-05-30 15:33:25
4084,4,M02916,Type_11,Afternoon,104.0,2024-05-30 16:59:36
4085,6,M07958,Type_22,Morning,122.9,2024-05-30 18:37:00
4086,13,M03047,Type_16,Morning,124.4,2024-05-30 20:11:42
4087,22,M09167,Type_16,Morning,111.5,2024-05-30 21:17:09
4088,9,M01231,Type_11,Afternoon,127.8,2024-05-30 22:16:49
4089,14,M07648,Type_06,Night,160.0,2024-05-30 22:24:37
4090,12,M04934,Type_03,Morning,144.2,2024-05-30 22:45:05
4091,4,M09556,Type_05,Afternoon,99.5,2024-05-30 22:52:42
4092,8,M03941,Type_02,Morning,81.0,2024-05-31 00:00:25
4093,17,M06484,Type_24,Afternoon,101.9,2024-05-31 01:23:55
4094,22,M00204,Type_03,Night,91.1,2024-05-31 01:28:17
4095,5,M00161,Type_05,Morning,119.0,2024-05-31 02:57:17
4096,3,M08961,Type_06,Afternoon,86.4,2024-05-31 03:19:03
4097,4,M03749,Type_06,Morning,108.5,2024-05-31 03:55:15
4098,8,M06719,Type_08,Morning,126.8,2024-05-31 04:02:49
4099,16,M02582,Type_08,Morning,108.0,2024-05-31 04:36:54
4100,11,M01094,Type_25,Morning,91.1,2024-05-31 05:39:15
4101,2,M04501,Type_11,Afternoon,133.5,2024-05-31 06:10:25
4102,8,M08800,Type_01,Afternoon,80.0,2024-05-31 07:52:10
4103,7,M05711,Type_15,Afternoon,103.4,2024-05-31 08:02:19
4104,1,M09733,Type_21,Morning,109.2,2024-05-31 09:05:50
4105,2,M02876,Type_14,Morning,110.3,2024-05-31 10:57:03
4106,23,M03192,Type_16,Afternoon,113.6,2024-05-31 11:52:04
4107,13,M01838,Type_14,Night,122.2,2024-05-31 12:46:24
4108,11,M00690,Type_01,Morning,109.3,2024-05-31 13:14:35
4109,3,M03760,Type_08,Night,102.6,2024-05-31 13:20:11
4110,2,M02104,Type_07,Afternoon,101.8,2024-05-31 14:51:12
4111,16,M00366,Type_13,Afternoon,97.8,2024-05-31 15:24:51
4112,1,M08093,Type_19,Afternoon,125.8,2024-05-31 16:06:52
4113,7,M04173,Type_10,Morning,97.1,2024-05-31 16:17:13
4114,3,M06034,Type_22,Morning,126.9,2024-05-31 16:56:47
4115,22,M02379,Type_08,Afternoon,110.4,2024-05-31 17:27:28
4116,16,M01206,Type_07,Morning,99.6,2024-05-31 18:14:36
4117,24,M04989,Type_20,Night,122.4,2024-05-31 19:37:11
4118,6,M05670,Type_24,Afternoon,95.5,2024-05-31 19:45:52
4119,14,M02736,Type_16,Morning,122.8,2024-05-31 21:06:18
4120,23,M09868,Type_12,Afternoon,114.3,2024-05-31 21:23:45
4121,11,M08491,Type_09,Morning,98.1,2024-05-31 22:47:29
4122,22,M00957,Type_17,Afternoon,120.6,2024-05-31 23:26:33
4123,23,M09307,Type_06,Afternoon,120.9,2024-05-31 23:54:18
4124,21,M06624,Type_16,Night,133.2,2024-06-01 00:16:55
4125,25,M01475,Type_19,Night,129.3,2024-06-01 02:12:37
4126,19,M04461,Type_09,Afternoon,119.8,2024-06-01 02:28:20
4127,22,M07003,Type_13,Afternoon,87.4,2024-06-01 03:35:54
4128,25,M06397,Type_21,Night,159.0,2024-06-01 04:20:50
4129,1,M02829,Type_18,Morning,81.9,2024-06-01 06:14:28
4130,21,M02851,Type_08,Morning,129.0,2024-06-01 06:15:14
4131,13,M02965,Type_06,Morning,118.6,2024-06-01 06:21:26
4132,20,M04595,Type_17,Morning,86.5,2024-06-01 06:50:12
4133,9,M09142,Type_01,Afternoon,107.5,2024-06-01 08:22:26
4134,11,M06645,Type_11,Afternoon,108.4,2024-06-01 09:06:39
4135,1,M02851,Type_08,Afternoon,136.1,2024-06-01 09:32:41
4136,13,M00166,Type_06,Morning,95.7,2024-06-01 10:57:12
4137,20,M00920,Type_05,Afternoon,104.8,2024-06-01 11:24:46
4138,1,M08306,Type_09,Morning,80.0,2024-06-01 16:35:31
4139,3,M03505,Type_10,Afternoon,144.7,2024-06-01 17:21:09
4140,20,M00992,Type_16,Afternoon,88.6,2024-06-01 17:52:27
4141,17,M06048,Type_11,Morning,116.5,2024-06-01 18:29:01
4142,5,M03840,Type_22,Morning,108.0,2024-06-01 18:32:22
4143,6,M01259,Type_09,Morning,108.0,2024-06-01 18:59:51
4144,17,M07610,Type_14,Night,126.2,2024-06-01 20:30:50
4145,10,M08707,Type_01,Night,143.4,2024-06-01 20:42:39
4146,11,M04805,Type_13,Afternoon,115.0,2024-06-01 21:25:15
4147,13,M00068,Type_18,Morning,123.1,2024-06-01 22:20:34
4148,10,M09789,Type_20,Afternoon,116.6,2024-06-02 00:20:46
4149,14,M05661,Type_08,Afternoon,130.4,2024-06-02 00:37:15
4150,13,M04479,Type_17,Night,100.7,2024-06-02 00:57:03
4151,4,M08211,Type_15,Morning,131.5,2024-06-02 01:13:36
4152,20,M03522,Type_21,Morning,132.2,2024-06-02 02:36:23
4153,17,M00573,Type_07,Afternoon,131.7,2024-06-02 02:37:28
4154,18,M07083,Type_02,Morning,96.8,2024-06-02 03:00:57
4155,11,M07833,Type_16,Morning,106.6,2024-06-02 04:31:00
4156,10,M05396,Type_16,Morning,114.8,2024-06-02 06:34:15
4157,21,M02259,Type_10,Afternoon,82.6,2024-06-02 06:42:33
4158,18,M06040,Type_10,Night,141.9,2024-06-02 06:56:56
4159,19,M00651,Type_18,Night,109.8,2024-06-02 09:23:20
4160,9,M05742,Type_25,Afternoon,115.7,2024-06-02 09:28:38
4161,5,M06839,Type_08,Afternoon,98.5,2024-06-02 11:44:11
4162,1,M02588,Type_14,Morning,83.5,2024-06-02 12:01:47
4163,5,M07877,Type_20,Afternoon,97.9,2024-06-02 12:59:09
4164,3,M03263,Type_21,Morning,114.4,2024-06-02 14:33:20
4165,1,M01339,Type_10,Afternoon,123.5,2024-06-02 14:49:10
4166,19,M04997,Type_21,Morning,113.2,2024-06-02 14:52:36
4167,6,M05781,Type_19,Morning,116.9,2024-06-02 15:16:47
4168,10,M02828,Type_14,Morning,103.3,2024-06-02 16:13:26
4169,5,M05233,Type_07,Morning,119.9,2024-06-02 16:31:48
4170,12,M02218,Type_23,Morning,139.7,2024-06-02 17:00:34
4171,12,M03540,Type_24,Morning,124.1,2024-06-02 17:07:16
4172,17,M07846,Type_11,Night,126.2,2024-06-02 17:47:26
4173,2,M09230,Type_12,Afternoon,115.9,2024-06-02 17:48:56
4174,21,M04384,Type_03,Afternoon,80.0,2024-06-02 20:35:54
4175,25,M02962,Type_20,Night,89.1,2024-06-02 21:08:53
4176,14,M03227,Type_24,Night,119.1,2024-06-02 21:12:00
4177,12,M06838,Type_03,Afternoon,109.8,2024-06-02 21:48:51
4178,13,M07032,Type_20,Night,118.8,2024-06-02 22:02:13
4179,5,M09291,Type_02,Morning,143.5,2024-06-03 01:01:41
4180,5,M09132,Type_17,Morning,124.5,2024-06-03 01:51:43
4181,17,M03717,Type_03,Afternoon,135.2,2024-06-03 02:03:39
4182,5,M03415,Type_11,Afternoon,111.9,2024-06-03 02:09:01
4183,24,M01449,Type_13,Afternoon,93.9,2024-06-03 03:44:41
4184,25,M00571,Type_04,Morning,108.8,2024-06-03 03:48:57
4185,19,M02905,Type_06,Morning,93.9,2024-06-03 04:12:05
4186,4,M02506,Type_11,Afternoon,141.2,2024-06-03 06:46:17
4187,7,M00918,Type_17,Morning,125.8,2024-06-03 07:19:11
4188,23,M06983,Type_04,Afternoon,120.4,2024-06-03 08:01:55
4189,17,M07428,Type_25,Afternoon,134.7,2024-06-03 09:14:56
4190,11,M06337,Type_24,Afternoon,80.0,2024-06-03 09:26:01
4191,6,M01679,Type_22,Night,121.8,2024-06-03 09:46:58
4192,13,M00616,Type_17,Night,83.8,2024-06-03 09:48:35
4193,12,M09942,Type_19,Afternoon,109.9,2024-06-03 10:00:52
4194,25,M07087,Type_09,Afternoon,103.8,2024-06-03 11:43:02
4195,5,M04750,Type_19,Afternoon,123.2,2024-06-03 12:09:53
4196,24,M03506,Type_15,Morning,114.6,2024-06-03 12:21:07
4197,10,M04530,Type_06,Morning,136.9,2024-06-03 15:28:35
4198,11,M01136,Type_10,Morning,98.0,2024-06-03 15:55:25
4199,9,M08567,Type_20,Afternoon,124.2,2024-06-03 16:04:57
4200,13,M07227,Type_18,Afternoon,113.2,2024-06-03 16:36:27
4201,3,M05163,Type_23,Night,80.0,2024-06-03 16:45:33
4202,17,M00207,Type_24,Morning,91.6,2024-06-03 16:52:08
4203,18,M04876,Type_02,Morning,107.0,2024-06-03 17:06:02
4204,5,M01320,Type_08,Night,132.2,2024-06-03 18:22:40
4205,16,M01142,Type_03,Morning,119.3,2024-06-03 18:34:26
4206,23,M04628,Type_14,Afternoon,86.6,2024-06-03 19:08:38
4207,16,M07390,Type_05,Afternoon,107.2,2024-06-03 19:19:42
4208,11,M02691,Type_12,Afternoon,150.4,2024-06-03 20:19:18
4209,22,M07324,Type_12,Morning,112.2,2024-06-03 21:33:05
4210,4,M03256,Type_06,Morning,103.5,2024-06-03 22:46:08
4211,9,M08282,Type_17,Morning,119.8,2024-06-04 00:41:34
4212,15,M05214,Type_08,Afternoon,125.3,2024-06-04 01:36:32
4213,12,M04109,Type_25,Afternoon,100.9,2024-06-04 02:33:33
4214,16,M03021,Type_12,Morning,120.1,2024-06-04 02:58:49
4215,4,M01858,Type_14,Afternoon,103.4,2024-06-04 02:59:56
4216,3,M08997,Type_14,Night,124.4,2024-06-04 05:30:44
4217,21,M09137,Type_18,Morning,113.4,2024-06-04 08:43:22
4218,4,M02790,Type_13,Afternoon,119.6,2024-06-04 09:45:04
4219,2,M03876,Type_11,Afternoon,94.8,2024-06-04 11:22:14
4220,19,M07606,Type_11,Morning,93.6,2024-06-04 14:00:55
4221,7,M09803,Type_15,Morning,128.9,2024-06-04 14:20:29
4222,2,M08136,Type_02,Afternoon,108.4,2024-06-04 14:21:53
4223,1,M06056,Type_11,Night,115.7,2024-06-04 15:33:13
4224,18,M03883,Type_05,Night,103.9,2024-06-04 17:19:03
4225,8,M07176,Type_14,Afternoon,128.0,2024-06-04 20:02:45
4226,8,M07130,Type_18,Afternoon,97.8,2024-06-04 20:03:37
4227,10,M05022,Type_23,Morning,107.3,2024-06-04 20:38:04
4228,18,M04736,Type_13,Afternoon,125.7,2024-06-04 20:40:39
4229,22,M02388,Type_13,Afternoon,133.5,2024-06-04 21:04:47
4230,11,M06583,Type_03,Morning,99.5,2024-06-04 22:01:01
4231,23,M09134,Type_07,Afternoon,149.2,2024-06-04 22:31:23
4232,1,M05867,Type_21,Afternoon,116.3,2024-06-04 22:31:46
4233,7,M02567,Type_09,Morning,89.1,2024-06-04 23:44:27
4234,8,M00976,Type_01,Night,117.4,2024-06-04 23:55:58
4235,25,M07213,Type_02,Morning,102.3,2024-06-05 00:36:05
4236,14,M09147,Type_09,Morning,118.7,2024-06-05 00:47:08
4237,24,M01263,Type_23,Morning,109.1,2024-06-05 01:28:36
4238,19,M05048,Type_15,Night,111.5,2024-06-05 03:38:06
4239,8,M09136,Type_13,Afternoon,91.8,2024-06-05 04:27:38
4240,19,M07383,Type_14,Morning,129.8,2024-06-05 04:51:49
4241,22,M06232,Type_01,Afternoon,86.9,2024-06-05 05:21:29
4242,4,M03328,Type_07,Morning,87.8,2024-06-05 06:18:43
4243,23,M05631,Type_11,Night,117.3,2024-06-05 06:28:35
4244,24,M02260,Type_18,Afternoon,142.1,2024-06-05 07:20:12
4245,10,M01258,Type_15,Afternoon,102.9,2024-06-05 08:05:00
4246,22,M00465,Type_09,Night,124.0,2024-06-05 11:10:58
4247,10,M03295,Type_13,Morning,131.5,2024-06-05 11:53:00
4248,4,M06775,Type_25,Morning,126.3,2024-06-05 12:07:09
4249,8,M07432,Type_18,Afternoon,103.8,2024-06-05 13:39:42
4250,7,M01231,Type_11,Night,88.2,2024-06-05 14:03:13
4251,15,M09077,Type_02,Morning,80.0,2024-06-05 14:57:19
4252,8,M03806,Type_11,Morning,104.7,2024-06-05 17:56:55
4253,10,M06420,Type_16,Morning,133.6,2024-06-05 19:08:25
4254,7,M05751,Type_04,Afternoon,87.5,2024-06-05 19:50:42
4255,19,M03857,Type_20,Morning,124.0,2024-06-05 20:03:25
4256,3,M03136,Type_13,Afternoon,91.0,2024-06-05 20:11:25
4257,9,M06954,Type_17,Night,112.1,2024-06-05 22:50:01
4258,16,M09117,Type_18,Afternoon,124.2,2024-06-05 23:12:14
4259,14,M06035,Type_24,Morning,96.8,2024-06-06 02:27:47
4260,7,M04590,Type_06,Afternoon,113.4,2024-06-06 03:08:08
4261,12,M01547,Type_13,Morning,101.7,2024-06-06 06:01:18
4262,1,M06066,Type_07,Night,124.1,2024-06-06 09:38:45
4263,16,M01095,Type_09,Afternoon,114.7,2024-06-06 09:46:40
4264,3,M02412,Type_11,Morning,111.1,2024-06-06 11:02:58
4265,1,M02618,Type_16,Afternoon,141.2,2024-06-06 11:52:48
4266,6,M08955,Type_25,Afternoon,123.2,2024-06-06 12:15:33
4267,2,M04146,Type_09,Afternoon,96.2,2024-06-06 13:05:19
4268,7,M02776,Type_10,Morning,108.3,2024-06-06 15:51:30
4269,8,M06629,Type_08,Night,108.5,2024-06-06 17:31:47
4270,13,M03156,Type_05,Night,111.6,2024-06-06 19:23:19
4271,16,M03971,Type_02,Afternoon,160.0,2024-06-06 19:55:29
4272,22,M07973,Type_12,Night,117.4,2024-06-06 20:05:06
4273,21,M08776,Type_15,Morning,80.0,2024-06-06 20:05:11
4274,10,M05416,Type_16,Afternoon,99.1,2024-06-06 20:24:46
4275,4,M04332,Type_21,Afternoon,80.0,2024-06-06 20:39:40
4276,25,M01943,Type_19,Afternoon,103.4,2024-06-06 21:22:02
4277,24,M06027,Type_18,Afternoon,80.0,2024-06-06 21:44:41
4278,21,M08302,Type_18,Morning,92.6,2024-06-07 00:02:09
4279,13,M00192,Type_12,Morning,80.0,2024-06-07 00:58:49
4280,17,M09096,Type_14,Morning,117.7,2024-06-07 01:06:56
4281,8,M00862,Type_20,Morning,110.0,2024-06-07 03:09:52
4282,8,M06712,Type_18,Afternoon,116.1,2024-06-07 04:18:37
4283,23,M09276,Type_07,Morning,107.9,2024-06-07 05:11:22
4284,7,M00650,Type_21,Morning,82.1,2024-06-07 05:33:16
4285,24,M04135,Type_14,Afternoon,120.3,2024-06-07 09:00:21
4286,1,M07588,Type_16,Afternoon,148.4,2024-06-07 09:56:36
4287,15,M08829,Type_12,Night,118.2,2024-06-07 10:24:03
4288,15,M01037,Type_19,Afternoon,101.5,2024-06-07 11:56:50
4289,19,M04132,Type_12,Morning,81.4,2024-06-07 12:47:36
4290,4,M02149,Type_20,Night,91.8,2024-06-07 13:58:21
4291,6,M05458,Type_20,Afternoon,119.1,2024-06-07 15:30:35
4292,10,M06080,Type_23,Morning,131.5,2024-06-07 17:00:16
4293,12,M02431,Type_19,Afternoon,115.2,2024-06-07 17:23:01
4294,25,M01880,Type_17,Night,126.0,2024-06-07 18:40:39
4295,4,M07543,Type_02,Morning,124.2,2024-06-07 20:31:33
4296,6,M02012,Type_11,Morning,120.1,2024-06-07 20:40:05
4297,25,M03374,Type_19,Morning,96.8,2024-06-07 20:47:36
4298,14,M07358,Type_15,Morning,113.5,2024-06-07 21:30:55
4299,13,M01290,Type_13,Afternoon,93.0,2024-06-07 23:45:06
4300,25,M01448,Type_08,Afternoon,110.3,2024-06-07 23:52:22
4301,22,M03200,Type_08,Morning,116.6,2024-06-08 01:57:40
4302,21,M06382,Type_16,Night,143.6,2024-06-08 02:34:25
4303,3,M07523,Type_18,Night,83.8,2024-06-08 03:12:16
4304,21,M06060,Type_11,Afternoon,119.6,2024-06-08 03:21:50
4305,15,M03184,Type_22,Night,139.6,2024-06-08 03:46:46
4306,3,M05463,Type_12,Morning,125.2,2024-06-08 07:52:26
4307,5,M03217,Type_22,Afternoon,126.7,2024-06-08 08:01:07
4308,13,M03137,Type_02,Afternoon,121.8,2024-06-08 08:15:58
4309,15,M03319,Type_12,Night,136.0,2024-06-08 10:15:51
4310,17,M02783,Type_25,Night,88.3,2024-06-08 10:54:02
4311,6,M09183,Type_09,Morning,82.3,2024-06-08 11:02:43
4312,23,M07658,Type_18,Night,109.9,2024-06-08 11:12:02
4313,18,M04921,Type_13,Morning,80.0,2024-06-08 12:57:30
4314,3,M06325,Type_25,Night,134.6,2024-06-08 13:46:30
4315,9,M06328,Type_02,Night,134.4,2024-06-08 14:31:30
4316,8,M08418,Type_05,Morning,101.3,2024-06-08 15:27:37
4317,20,M00777,Type_05,Afternoon,102.6,2024-06-08 16:18:24
4318,11,M05209,Type_25,Morning,108.6,2024-06-08 16:51:39
4319,24,M00688,Type_23,Afternoon,111.0,2024-06-08 18:14:25
4320,11,M00530,Type_24,Afternoon,112.5,2024-06-08 18:21:35
4321,8,M05068,Type_22,Afternoon,121.2,2024-06-08 19:14:28
4322,22,M08081,Type_10,Night,106.5,2024-06-08 20:40:17
4323,1,M05519,Type_23,Afternoon,128.9,2024-06-08 21:24:49
4324,2,M02154,Type_14,Afternoon,118.9,2024-06-08 22:56:47
4325,20,M09487,Type_06,Night,97.9,2024-06-08 23:22:05
4326,4,M06095,Type_24,Night,136.7,2024-06-08 23:45:26
4327,2,M06975,Type_24,Morning,82.8,2024-06-08 23:56:26
4328,25,M09719,Type_18,Night,108.2,2024-06-09 02:10:45
4329,2,M04775,Type_14,Morning,129.3,2024-06-09 04:22:57
4330,13,M07693,Type_22,Night,95.5,2024-06-09 05:02:12
4331,22,M03104,Type_25,Morning,116.2,2024-06-09 05:33:35
4332,21,M02441,Type_02,Morning,120.9,2024-06-09 05:37:37
4333,20,M04136,Type_13,Afternoon,92.8,2024-06-09 05:40:29
4334,6,M07125,Type_24,Afternoon,108.6,2024-06-09 06:56:52
4335,4,M05202,Type_15,Morning,106.9,2024-06-09 06:59:39
4336,25,M00845,Type_15,Morning,99.0,2024-06-09 08:33:19
4337,15,M00447,Type_15,Afternoon,156.0,2024-06-09 08:39:35
4338,23,M03916,Type_13,Night,94.7,2024-06-09 08:54:19
4339,3,M03110,Type_07,Morning,130.1,2024-06-09 09:18:38
4340,4,M01235,Type_21,Morning,102.1,2024-06-09 10:12:02
4341,17,M06588,Type_09,Afternoon,88.3,2024-06-09 10:57:32
4342,6,M00227,Type_03,Morning,112.1,2024-06-09 11:44:36
4343,2,M04144,Type_05,Night,123.0,2024-06-09 14:02:50
4344,20,M07186,Type_16,Night,128.4,2024-06-09 15:36:19
4345,13,M05559,Type_06,Afternoon,141.2,2024-06-09 15:39:28
4346,15,M00187,Type_08,Morning,160.0,2024-06-09 16:14:30
4347,5,M02536,Type_11,Night,115.0,2024-06-09 18:04:56
4348,24,M01933,Type_12,Afternoon,96.7,2024-06-09 18:08:34
4349,19,M09041,Type_06,Night,119.1,2024-06-09 18:15:45
4350,6,M02033,Type_11,Afternoon,104.7,2024-06-09 18:30:46
4351,17,M01253,Type_15,Night,128.5,2024-06-09 18:52:58
4352,25,M05510,Type_11,Afternoon,84.1,2024-06-09 20:22:20
4353,1,M05075,Type_02,Afternoon,157.4,2024-06-09 20:57:26
4354,2,M01882,Type_06,Night,127.1,2024-06-09 21:05:10
4355,1,M00270,Type_24,Afternoon,80.0,2024-06-09 21:50:22
4356,8,M01631,Type_23,Afternoon,95.8,2024-06-09 22:34:29
4357,4,M04406,Type_11,Morning,126.3,2024-06-09 22:42:11
4358,18,M06140,Type_22,Afternoon,133.5,2024-06-09 23:21:38
4359,23,M01575,Type_14,Afternoon,84.6,2024-06-10 00:38:56
4360,24,M01696,Type_19,Morning,124.3,2024-06-10 01:07:50
4361,9,M03259,Type_15,Morning,80.0,2024-06-10 01:35:06
4362,15,M03263,Type_21,Afternoon,108.2,2024-06-10 01:44:25
4363,16,M01446,Type_16,Night,132.2,2024-06-10 03:01:36
4364,21,M06264,Type_25,Afternoon,99.0,2024-06-10 03:44:18
4365,3,M08412,Type_10,Morning,80.0,2024-06-10 03:45:57
4366,1,M00053,Type_01,Afternoon,112.9,2024-06-10 08:40:40
4367,24,M09950,Type_03,Morning,97.9,2024-06-10 09:33:30
4368,13,M05571,Type_10,Afternoon,122.6,2024-06-10 09:36:19
4369,14,M07580,Type_15,Morning,92.3,2024-06-10 10:37:41
4370,6,M01667,Type_10,Morning,94.5,2024-06-10 10:55:55
4371,5,M06902,Type_09,Morning,80.0,2024-06-10 11:15:16
4372,23,M02786,Type_19,Morning,113.4,2024-06-10 11:41:24
4373,5,M00720,Type_17,Morning,106.8,2024-06-10 11:47:59
4374,4,M08598,Type_25,Morning,86.2,2024-06-10 12:08:36
4375,21,M06856,Type_22,Afternoon,113.9,2024-06-10 13:03:56
4376,12,M02295,Type_16,Afternoon,130.5,2024-06-10 15:06:32
4377,14,M08264,Type_03,Morning,105.7,2024-06-10 15:18:12
4378,23,M09422,Type_18,Night,115.4,2024-06-10 16:19:24
4379,14,M09760,Type_11,Morning,115.5,2024-06-10 17:13:28
4380,11,M04483,Type_25,Afternoon,85.9,2024-06-10 18:15:07
4381,22,M00699,Type_13,Morning,151.1,2024-06-10 18:24:23
4382,10,M07244,Type_25,Morning,100.6,2024-06-10 21:16:43
4383,10,M09019,Type_09,Afternoon,123.1,2024-06-10 21:20:22
4384,9,M05919,Type_19,Afternoon,125.4,2024-06-10 22:33:54
4385,2,M00349,Type_01,Night,107.2,2024-06-10 23:02:49
4386,14,M05375,Type_25,Afternoon,122.1,2024-06-10 23:23:03
4387,7,M07870,Type_14,Night,114.9,2024-06-10 23:46:18
4388,17,M00308,Type_19,Morning,81.6,2024-06-11 00:44:00
4389,24,M03417,Type_06,Morning,103.4,2024-06-11 01:27:54
4390,20,M04821,Type_23,Morning,97.7,2024-06-11 02:54:23
4391,8,M03559,Type_15,Morning,100.8,2024-06-11 04:28:32
4392,24,M04479,Type_17,Afternoon,83.9,2024-06-11 05:46:40
4393,20,M06532,Type_01,Afternoon,132.5,2024-06-11 06:05:17
4394,4,M04621,Type_09,Morning,142.0,2024-06-11 09:50:30
4395,5,M02986,Type_15,Night,129.6,2024-06-11 10:51:20
4396,13,M08113,Type_08,Night,135.4,2024-06-11 12:49:09
4397,7,M08468,Type_02,Morning,103.1,2024-06-11 13:08:27
4398,6,M02548,Type_25,Morning,97.3,2024-06-11 14:19:49
4399,17,M00337,Type_18,Morning,94.4,2024-06-11 14:21:03
4400,6,M02980,Type_13,Morning,122.9,2024-06-11 15:47:04
4401,19,M03969,Type_03,Morning,114.5,2024-06-11 16:24:19
4402,25,M00911,Type_06,Afternoon,108.5,2024-06-11 21:00:40
4403,3,M01997,Type_15,Morning,135.9,2024-06-11 22:06:04
4404,9,M03130,Type_11,Morning,118.1,2024-06-11 22:26:59
4405,21,M05448,Type_12,Night,93.2,2024-06-11 23:54:33
4406,15,M06130,Type_21,Afternoon,96.4,2024-06-12 00:23:03
4407,8,M05851,Type_17,Night,123.6,2024-06-12 01:11:19
4408,25,M04205,Type_21,Morning,130.8,2024-06-12 02:15:48
4409,25,M07447,Type_23,Morning,121.0,2024-06-12 02:32:05
4410,23,M08520,Type_22,Afternoon,147.9,2024-06-12 02:34:39
4411,15,M09992,Type_24,Morning,142.7,2024-06-12 03:04:07
4412,1,M00315,Type_14,Morning,118.8,2024-06-12 03:19:46
4413,8,M01135,Type_11,Afternoon,93.2,2024-06-12 04:29:07
4414,23,M04877,Type_06,Afternoon,83.8,2024-06-12 04:39:02
4415,4,M08103,Type_25,Afternoon,102.3,2024-06-12 05:21:50
4416,22,M09713,Type_20,Afternoon,125.1,2024-06-12 05:32:01
4417,10,M08348,Type_20,Afternoon,146.5,2024-06-12 05:37:27
4418,16,M05593,Type_02,Morning,118.3,2024-06-12 11:17:19
4419,18,M01725,Type_14,Morning,133.4,2024-06-12 11:37:16
4420,4,M03344,Type_16,Morning,105.1,2024-06-12 13:59:48
4421,8,M00887,Type_12,Morning,122.5,2024-06-12 14:30:42
4422,4,M00722,Type_02,Night,126.5,2024-06-12 14:38:15
4423,10,M07679,Type_20,Afternoon,80.0,2024-06-12 14:51:02
4424,20,M09105,Type_23,Afternoon,101.7,2024-06-12 14:56:22
4425,4,M03358,Type_05,Morning,129.0,2024-06-12 16:32:53
4426,16,M00871,Type_03,Morning,115.5,2024-06-12 18:10:32
4427,12,M06752,Type_04,Morning,86.1,2024-06-12 18:28:54
4428,10,M00498,Type_23,Morning,80.0,2024-06-12 20:04:21
4429,25,M01757,Type_23,Morning,102.7,2024-06-12 20:27:22
4430,11,M01118,Type_22,Night,108.6,2024-06-12 22:16:05
4431,2,M02829,Type_18,Afternoon,92.3,2024-06-12 23:33:16
4432,16,M01648,Type_19,Afternoon,112.9,2024-06-13 00:31:34
4433,23,M06993,Type_08,Afternoon,120.1,2024-06-13 00:36:41
4434,19,M06772,Type_23,Night,123.4,2024-06-13 01:07:35
4435,12,M00143,Type_20,Morning,80.0,2024-06-13 01:37:02
4436,4,M02762,Type_10,Morning,83.7,2024-06-13 02:57:22
4437,17,M03436,Type_22,Morning,103.9,2024-06-13 05:50:18
4438,12,M06623,Type_23,Night,121.4,2024-06-13 06:09:39
4439,16,M07070,Type_24,Night,119.8,2024-06-13 06:22:44
4440,3,M04513,Type_21,Morning,119.4,2024-06-13 06:55:07
4441,2,M01849,Type_08,Night,102.3,2024-06-13 07:39:41
4442,7,M02697,Type_25,Night,103.4,2024-06-13 07:54:29
4443,6,M01718,Type_16,Morning,95.4,2024-06-13 08:50:18
4444,1,M03073,Type_15,Morning,125.4,2024-06-13 10:00:50
4445,15,M09260,Type_08,Afternoon,91.6,2024-06-13 11:46:59
4446,12,M02787,Type_23,Night,127.0,2024-06-13 12:19:07
4447,13,M03792,Type_20,Morning,114.2,2024-06-13 12:49:27
4448,8,M09481,Type_09,Night,109.1,2024-06-13 13:00:51
4449,9,M03872,Type_05,Morning,96.9,2024-06-13 13:03:53
4450,1,M01807,Type_01,Afternoon,82.9,2024-06-13 13:23:51
4451,5,M01505,Type_05,Afternoon,97.0,2024-06-13 14:34:46
4452,7,M03309,Type_23,Afternoon,103.4,2024-06-13 14:36:27
4453,18,M07118,Type_22,Night,80.0,2024-06-13 16:38:24
4454,22,M05049,Type_18,Night,106.1,2024-06-13 17:37:19
4455,8,M08264,Type_03,Night,128.5,2024-06-13 18:13:19
4456,24,M01691,Type_21,Morning,121.3,2024-06-13 19:59:04
4457,10,M09537,Type_18,Afternoon,100.1,2024-06-13 20:07:14
4458,8,M03304,Type_17,Morning,110.9,2024-06-13 20:40:42
4459,12,M03114,Type_10,Afternoon,98.9,2024-06-13 20:58:50
4460,16,M09075,Type_15,Afternoon,113.0,2024-06-13 21:04:04
4461,12,M07851,Type_02,Afternoon,140.8,2024-06-13 22:03:28
4462,22,M06417,Type_06,Afternoon,129.4,2024-06-13 22:29:40
4463,22,M01505,Type_05,Night,120.4,2024-06-14 00:06:30
4464,3,M08925,Type_23,Morning,100.1,2024-06-14 02:16:00
4465,18,M09941,Type_04,Afternoon,125.0,2024-06-14 02:42:26
4466,5,M03925,Type_06,Morning,80.0,2024-06-14 03:11:21
4467,14,M08616,Type_22,Morning,105.0,2024-06-14 04:30:41
4468,25,M09784,Type_15,Morning,121.7,2024-06-14 05:23:41
4469,20,M04486,Type_21,Night,124.8,2024-06-14 05:29:51
4470,21,M08101,Type_11,Night,123.4,2024-06-14 05:36:39
4471,16,M08685,Type_05,Night,115.9,2024-06-14 05:52:01
4472,22,M00192,Type_12,Night,106.1,2024-06-14 05:52:55
4473,6,M08691,Type_08,Morning,120.8,2024-06-14 06:58:30
4474,16,M04918,Type_11,Morning,90.9,2024-06-14 07:42:40
4475,20,M05832,Type_07,Afternoon,93.1,2024-06-14 09:51:16
4476,14,M09449,Type_14,Afternoon,111.2,2024-06-14 10:14:50
4477,20,M04323,Type_03,Afternoon,113.5,2024-06-14 10:30:53
4478,24,M07000,Type_11,Morning,80.0,2024-06-14 11:59:32
4479,5,M09009,Type_10,Afternoon,119.1,2024-06-14 12:43:46
4480,14,M07283,Type_06,Afternoon,125.5,2024-06-14 13:48:45
4481,11,M09666,Type_06,Morning,108.5,2024-06-14 13:55:31
4482,21,M09279,Type_22,Afternoon,157.5,2024-06-14 14:01:28
4483,9,M01875,Type_10,Afternoon,96.3,2024-06-14 14:10:09
4484,20,M09063,Type_08,Afternoon,102.8,2024-06-14 14:19:01
4485,7,M04764,Type_07,Morning,102.1,2024-06-14 15:30:33
4486,5,M08465,Type_17,Afternoon,108.5,2024-06-14 17:31:13
4487,15,M09222,Type_16,Morning,103.4,2024-06-14 18:01:05
4488,25,M01052,Type_05,Morning,81.9,2024-06-14 18:18:42
4489,13,M09766,Type_16,Night,99.1,2024-06-14 18:34:35
4490,12,M07539,Type_12,Afternoon,108.0,2024-06-14 18:52:41
4491,24,M07412,Type_25,Morning,134.6,2024-06-14 19:01:12
4492,15,M06321,Type_02,Afternoon,154.0,2024-06-14 22:12:32
4493,24,M02106,Type_11,Afternoon,136.7,2024-06-15 00:29:28
4494,19,M00308,Type_19,Night,94.5,2024-06-15 00:53:52
4495,25,M07738,Type_15,Afternoon,96.1,2024-06-15 01:02:14
4496,24,M03360,Type_10,Afternoon,106.8,2024-06-15 02:25:43
4497,19,M03177,Type_10,Afternoon,145.7,2024-06-15 02:58:02
4498,10,M01252,Type_12,Morning,106.7,2024-06-15 03:18:55
4499,17,M05367,Type_11,Morning,83.4,2024-06-15 03:56:47
4500,16,M01518,Type_18,Afternoon,100.0,2024-06-15 04:04:31
4501,5,M06227,Type_24,Afternoon,125.1,2024-06-15 04:09:22
4502,4,M05306,Type_04,Afternoon,123.8,2024-06-15 04:23:16
4503,24,M09571,Type_01,Morning,106.0,2024-06-15 04:25:52
4504,22,M05870,Type_03,Morning,123.7,2024-06-15 06:19:10
4505,10,M08040,Type_17,Afternoon,80.0,2024-06-15 07:05:00
4506,21,M04892,Type_14,Morning,112.1,2024-06-15 07:26:39
4507,25,M04993,Type_08,Afternoon,127.2,2024-06-15 07:37:24
4508,6,M01962,Type_19,Morning,93.3,2024-06-15 08:46:17
4509,11,M02864,Type_21,Afternoon,93.3,2024-06-15 11:00:14
4510,11,M06604,Type_16,Night,80.0,2024-06-15 11:14:39
4511,16,M04568,Type_14,Morning,141.8,2024-06-15 11:20:24
4512,14,M06514,Type_19,Afternoon,95.6,2024-06-15 12:10:41
4513,19,M04006,Type_17,Morning,114.8,2024-06-15 12:17:20
4514,22,M09115,Type_07,Afternoon,122.1,2024-06-15 12:34:46
4515,4,M00184,Type_21,Afternoon,140.2,2024-06-15 14:42:08
4516,5,M07756,Type_19,Afternoon,106.9,2024-06-15 16:04:24
4517,22,M03359,Type_04,Afternoon,99.2,2024-06-15 16:09:14
4518,25,M06616,Type_23,Night,113.5,2024-06-15 17:08:45
4519,19,M09591,Type_21,Morning,135.7,2024-06-15 18:08:29
4520,17,M06798,Type_07,Morning,106.6,2024-06-15 18:43:59
4521,18,M08729,Type_24,Night,90.9,2024-06-15 18:57:45
4522,8,M07679,Type_20,Afternoon,80.0,2024-06-15 19:47:47
4523,4,M05699,Type_20,Night,85.6,2024-06-15 19:58:27
4524,23,M01274,Type_02,Afternoon,127.3,2024-06-15 20:10:05
4525,18,M06654,Type_16,Night,103.6,2024-06-15 21:19:48
4526,11,M01097,Type_11,Afternoon,97.8,2024-06-15 22:34:35
4527,14,M09498,Type_19,Afternoon,95.7,2024-06-15 23:13:12
4528,13,M09108,Type_22,Night,111.7,2024-06-15 23:25:40
4529,24,M08003,Type_04,Afternoon,105.2,2024-06-15 23:47:42
4530,16,M04248,Type_12,Morning,104.5,2024-06-16 00:36:57
4531,12,M09221,Type_09,Morning,137.0,2024-06-16 01:23:33
4532,9,M05315,Type_07,Morning,140.8,2024-06-16 02:14:48
4533,7,M03355,Type_03,Morning,80.0,2024-06-16 08:04:58
4534,10,M00271,Type_07,Morning,116.6,2024-06-16 14:02:26
4535,17,M01187,Type_05,Afternoon,94.5,2024-06-16 14:32:46
4536,18,M06306,Type_10,Afternoon,105.0,2024-06-16 14:45:28
4537,25,M02399,Type_20,Afternoon,116.2,2024-06-16 15:23:53
4538,7,M06996,Type_03,Afternoon,105.7,2024-06-16 15:36:01
4539,3,M07300,Type_11,Morning,114.6,2024-06-16 17:09:32
4540,15,M04183,Type_12,Morning,123.5,2024-06-16 17:16:42
4541,16,M09904,Type_17,Morning,115.9,2024-06-16 17:57:53
4542,21,M02231,Type_18,Afternoon,97.1,2024-06-16 18:01:13
4543,17,M06512,Type_10,Morning,97.4,2024-06-16 18:41:46
4544,13,M00129,Type_20,Morning,81.2,2024-06-16 18:47:54
4545,3,M09462,Type_01,Afternoon,92.9,2024-06-16 21:11:18
4546,20,M03673,Type_02,Night,149.2,2024-06-16 21:33:09
4547,20,M09794,Type_12,Morning,94.2,2024-06-16 22:00:03
4548,23,M04766,Type_20,Afternoon,86.1,2024-06-16 22:18:39
4549,5,M03971,Type_02,Afternoon,116.4,2024-06-16 23:07:42
4550,9,M07546,Type_13,Night,107.8,2024-06-17 00:31:36
4551,23,M05553,Type_06,Night,106.1,2024-06-17 00:46:25
4552,18,M00628,Type_13,Morning,138.2,2024-06-17 00:59:20
4553,11,M06590,Type_04,Morning,121.0,2024-06-17 01:12:47
4554,11,M02045,Type_08,Night,99.4,2024-06-17 01:15:30
4555,16,M02342,Type_17,Afternoon,101.5,2024-06-17 01:17:59
4556,8,M05885,Type_19,Afternoon,99.9,2024-06-17 02:18:29
4557,2,M08186,Type_20,Afternoon,127.5,2024-06-17 02:45:57
4558,23,M00250,Type_02,Afternoon,103.8,2024-06-17 02:54:32
4559,21,M02926,Type_08,Night,80.0,2024-06-17 03:21:51
4560,10,M05044,Type_13,Night,109.0,2024-06-17 03:47:16
4561,6,M00975,Type_04,Afternoon,80.0,2024-06-17 05:23:50
4562,4,M09518,Type_14,Morning,153.7,2024-06-17 06:57:47
4563,21,M07193,Type_23,Night,90.7,2024-06-17 08:47:46
4564,5,M09176,Type_17,Morning,106.8,2024-06-17 09:02:14
4565,23,M09081,Type_10,Morning,115.2,2024-06-17 09:11:55
4566,11,M02673,Type_22,Night,104.2,2024-06-17 10:18:30
4567,12,M07280,Type_13,Morning,104.2,2024-06-17 10:37:52
4568,16,M07532,Type_09,Morning,118.4,2024-06-17 10:46:55
4569,20,M09519,Type_09,Morning,140.5,2024-06-17 12:56:08
4570,21,M08663,Type_15,Night,125.4,2024-06-17 13:23:46
4571,14,M01988,Type_22,Afternoon,139.6,2024-06-17 13:25:22
4572,14,M00091,Type_16,Afternoon,89.1,2024-06-17 13:54:48
4573,20,M08722,Type_01,Morning,116.3,2024-06-17 15:12:18
4574,20,M04060,Type_01,Night,113.1,2024-06-17 15:12:45
4575,15,M02774,Type_15,Night,117.0,2024-06-17 15:55:57
4576,8,M09879,Type_08,Morning,137.5,2024-06-17 18:12:14
4577,5,M08384,Type_10,Afternoon,105.6,2024-06-17 18:45:53
4578,9,M07410,Type_16,Morning,101.9,2024-06-17 19:25:27
4579,21,M04441,Type_24,Night,120.7,2024-06-17 20:44:02
4580,16,M07348,Type_16,Afternoon,80.0,2024-06-17 21:38:54
4581,24,M01009,Type_04,Night,105.3,2024-06-17 22:49:16
4582,3,M03784,Type_03,Morning,107.3,2024-06-18 00:23:44
4583,12,M06647,Type_12,Night,91.6,2024-06-18 01:45:50
4584,7,M04299,Type_20,Night,131.1,2024-06-18 02:51:10
4585,17,M04669,Type_11,Afternoon,88.8,2024-06-18 04:19:44
4586,15,M04288,Type_09,Night,107.3,2024-06-18 06:03:53
4587,15,M02053,Type_06,Morning,115.9,2024-06-18 06:13:05
4588,12,M06010,Type_05,Morning,137.1,2024-06-18 06:21:33
4589,21,M01717,Type_12,Afternoon,109.8,2024-06-18 08:03:43
4590,2,M00311,Type_12,Afternoon,128.7,2024-06-18 08:05:33
4591,8,M04539,Type_25,Afternoon,124.0,2024-06-18 10:03:28
4592,22,M01261,Type_01,Morning,112.5,2024-06-18 10:03:46
4593,5,M03933,Type_14,Afternoon,88.2,2024-06-18 11:02:17
4594,3,M00585,Type_10,Morning,81.3,2024-06-18 11:16:18
4595,1,M07617,Type_18,Afternoon,112.1,2024-06-18 16:18:14
4596,16,M08552,Type_02,Afternoon,99.1,2024-06-18 16:22:08
4597,10,M02867,Type_18,Afternoon,128.4,2024-06-18 16:56:59
4598,10,M05899,Type_15,Morning,124.9,2024-06-18 17:01:02
4599,11,M02012,Type_11,Afternoon,106.3,2024-06-18 18:06:46
4600,12,M06252,Type_24,Morning,86.8,2024-06-18 18:35:40
4601,8,M04940,Type_12,Morning,120.2,2024-06-18 18:43:33
4602,5,M04007,Type_17,Night,89.6,2024-06-18 18:55:35
4603,9,M01626,Type_23,Night,94.8,2024-06-18 19:36:36
4604,11,M00891,Type_05,Morning,90.4,2024-06-18 21:19:08
4605,15,M06079,Type_11,Night,107.2,2024-06-18 21:34:17
4606,23,M07037,Type_25,Night,133.4,2024-06-18 21:42:17
4607,17,M08924,Type_13,Night,109.9,2024-06-18 22:01:41
4608,11,M03962,Type_05,Morning,101.1,2024-06-18 23:15:55
4609,13,M02505,Type_03,Night,80.0,2024-06-19 00:55:06
4610,17,M08807,Type_22,Morning,121.0,2024-06-19 01:48:10
4611,23,M03807,Type_15,Morning,94.4,2024-06-19 03:54:08
4612,7,M06101,Type_11,Morning,112.4,2024-06-19 04:00:57
4613,9,M01720,Type_03,Afternoon,102.9,2024-06-19 04:18:56
4614,18,M06687,Type_03,Morning,126.8,2024-06-19 04:24:54
4615,23,M01588,Type_02,Morning,106.9,2024-06-19 05:35:57
4616,18,M07001,Type_02,Morning,108.8,2024-06-19 05:48:15
4617,10,M09804,Type_15,Night,119.7,2024-06-19 06:12:22
4618,12,M00897,Type_09,Night,152.1,2024-06-19 06:29:37
4619,18,M05559,Type_06,Morning,127.8,2024-06-19 07:04:23
4620,21,M08470,Type_16,Night,108.2,2024-06-19 09:03:10
4621,9,M04648,Type_12,Night,110.1,2024-06-19 09:21:21
4622,9,M09829,Type_23,Night,99.5,2024-06-19 09:35:10
4623,10,M02433,Type_14,Morning,91.0,2024-06-19 09:43:25
4624,1,M03905,Type_04,Afternoon,98.9,2024-06-19 09:44:37
4625,11,M06838,Type_03,Night,94.6,2024-06-19 10:58:46
4626,14,M01450,Type_01,Afternoon,123.1,2024-06-19 12:55:21
4627,23,M04501,Type_11,Morning,88.6,2024-06-19 14:08:28
4628,10,M05455,Type_25,Afternoon,136.7,2024-06-19 14:37:36
4629,14,M09425,Type_02,Afternoon,125.0,2024-06-19 15:08:32
4630,19,M04118,Type_09,Afternoon,110.4,2024-06-19 16:37:43
4631,10,M08870,Type_21,Morning,110.0,2024-06-19 17:14:03
4632,17,M02029,Type_20,Morning,98.9,2024-06-19 19:22:44
4633,2,M06846,Type_09,Night,115.4,2024-06-19 19:57:36
4634,22,M03759,Type_24,Night,131.8,2024-06-19 20:03:03
4635,14,M05905,Type_09,Morning,95.9,2024-06-19 20:46:57
4636,18,M04625,Type_11,Night,80.0,2024-06-19 22:46:41
4637,2,M08849,Type_23,Morning,124.1,2024-06-19 23:29:43
4638,20,M00166,Type_06,Afternoon,116.5,2024-06-20 00:35:05
4639,19,M04592,Type_19,Night,87.6,2024-06-20 02:20:40
4640,24,M00590,Type_25,Night,95.3,2024-06-20 03:40:24
4641,8,M04525,Type_21,Night,92.8,2024-06-20 03:55:27
4642,6,M02822,Type_09,Morning,95.5,2024-06-20 07:36:08
4643,20,M06510,Type_23,Night,103.5,2024-06-20 09:21:17
4644,7,M07694,Type_03,Morning,104.7,2024-06-20 10:12:01
4645,25,M09455,Type_19,Afternoon,97.0,2024-06-20 11:14:26
4646,13,M00072,Type_16,Afternoon,94.8,2024-06-20 12:30:04
4647,2,M03581,Type_21,Afternoon,105.4,2024-06-20 12:50:12
4648,22,M07963,Type_24,Morning,113.4,2024-06-20 13:19:11
4649,7,M00269,Type_22,Night,103.7,2024-06-20 13:34:31
4650,1,M09969,Type_10,Morning,133.2,2024-06-20 13:40:06
4651,6,M02463,Type_21,Morning,120.2,2024-06-20 14:45:54
4652,16,M09461,Type_08,Afternoon,80.0,2024-06-20 14:47:21
4653,8,M01016,Type_03,Afternoon,120.5,2024-06-20 14:51:05
4654,13,M09276,Type_07,Night,122.1,2024-06-20 15:11:22
4655,23,M07985,Type_14,Morning,101.3,2024-06-20 19:33:02
4656,18,M00407,Type_12,Morning,80.1,2024-06-20 20:47:42
4657,14,M07385,Type_04,Night,110.2,2024-06-20 21:54:08
4658,18,M06050,Type_23,Afternoon,109.8,2024-06-20 22:37:03
4659,4,M06170,Type_20,Morning,87.6,2024-06-20 23:46:36
4660,15,M07983,Type_21,Afternoon,81.0,2024-06-21 00:07:45
4661,5,M00986,Type_14,Afternoon,108.2,2024-06-21 01:42:33
4662,21,M04486,Type_21,Afternoon,105.3,2024-06-21 02:26:23
4663,14,M08902,Type_06,Afternoon,101.7,2024-06-21 02:47:03
4664,16,M02619,Type_10,Night,108.3,2024-06-21 04:50:39
4665,15,M06290,Type_13,Night,87.9,2024-06-21 05:12:18
4666,11,M09604,Type_09,Afternoon,101.3,2024-06-21 05:15:10
4667,2,M06929,Type_19,Morning,120.7,2024-06-21 05:29:29
4668,23,M05369,Type_12,Night,103.0,2024-06-21 06:22:09
4669,24,M04622,Type_25,Afternoon,80.0,2024-06-21 06:23:42
4670,18,M09678,Type_23,Afternoon,100.5,2024-06-21 06:23:46
4671,4,M07567,Type_09,Morning,88.6,2024-06-21 06:28:10
4672,15,M04671,Type_18,Night,115.3,2024-06-21 06:34:57
4673,12,M07659,Type_20,Afternoon,116.4,2024-06-21 07:29:16
4674,3,M01004,Type_18,Morning,80.0,2024-06-21 07:52:31
4675,4,M07505,Type_03,Afternoon,125.2,2024-06-21 07:59:18
4676,21,M02467,Type_20,Night,87.8,2024-06-21 09:48:34
4677,16,M01940,Type_14,Morning,141.2,2024-06-21 09:57:25
4678,6,M01636,Type_15,Night,109.0,2024-06-21 10:09:31
4679,2,M09891,Type_23,Afternoon,85.1,2024-06-21 11:30:31
4680,22,M08096,Type_09,Afternoon,87.2,2024-06-21 13:07:43
4681,9,M06266,Type_05,Morning,117.0,2024-06-21 13:58:32
4682,12,M01896,Type_16,Morning,102.2,2024-06-21 14:22:18
4683,12,M06525,Type_08,Night,108.1,2024-06-21 14:53:00
4684,24,M01074,Type_12,Morning,142.3,2024-06-21 15:52:53
4685,14,M05185,Type_10,Night,96.0,2024-06-21 16:37:19
4686,17,M02403,Type_07,Morning,111.2,2024-06-21 17:30:26
4687,9,M04896,Type_13,Morning,138.4,2024-06-21 17:51:27
4688,12,M07332,Type_07,Morning,115.4,2024-06-21 18:56:24
4689,10,M09344,Type_05,Afternoon,80.0,2024-06-21 19:31:10
4690,11,M01957,Type_23,Night,120.1,2024-06-21 19:43:24
4691,2,M07024,Type_06,Morning,86.7,2024-06-21 19:59:27
4692,16,M03908,Type_20,Morning,138.1,2024-06-21 20:47:40
4693,1,M00808,Type_18,Morning,93.5,2024-06-21 21:20:43
4694,22,M08379,Type_14,Afternoon,160.0,2024-06-21 21:30:19
4695,1,M04828,Type_11,Afternoon,139.3,2024-06-22 00:46:23
4696,22,M04525,Type_21,Night,94.1,2024-06-22 00:58:33
4697,2,M09500,Type_07,Afternoon,110.4,2024-06-22 01:35:29
4698,12,M02285,Type_11,Afternoon,125.1,2024-06-22 02:01:47
4699,23,M05314,Type_22,Morning,125.7,2024-06-22 02:13:49
4700,23,M00758,Type_03,Night,118.8,2024-06-22 03:44:32
4701,20,M04888,Type_17,Morning,135.0,2024-06-22 03:56:39
4702,18,M03855,Type_24,Morning,107.5,2024-06-22 04:31:11
4703,12,M03559,Type_15,Afternoon,102.7,2024-06-22 06:19:39
4704,23,M09773,Type_11,Afternoon,103.1,2024-06-22 07:10:40
4705,1,M00962,Type_24,Afternoon,127.2,2024-06-22 07:14:42
4706,11,M03848,Type_09,Afternoon,117.3,2024-06-22 08:41:47
4707,2,M06727,Type_01,Night,115.8,2024-06-22 10:20:12
4708,12,M03576,Type_11,Morning,125.9,2024-06-22 11:13:16
4709,2,M09068,Type_15,Night,80.0,2024-06-22 11:51:34
4710,17,M02419,Type_15,Afternoon,116.2,2024-06-22 13:17:25
4711,25,M04199,Type_05,Afternoon,114.4,2024-06-22 15:04:38
4712,6,M01002,Type_09,Afternoon,143.4,2024-06-22 16:27:24
4713,16,M05245,Type_23,Morning,80.0,2024-06-22 19:06:53
4714,19,M07120,Type_24,Night,141.1,2024-06-22 19:12:04
4715,6,M04067,Type_24,Afternoon,111.5,2024-06-22 20:35:03
4716,7,M02846,Type_14,Morning,119.8,2024-06-22 21:14:51
4717,19,M09674,Type_07,Afternoon,143.5,2024-06-22 22:23:01
4718,20,M08850,Type_01,Night,121.2,2024-06-22 23:10:56
4719,17,M05317,Type_15,Afternoon,118.0,2024-06-22 23:57:53
4720,6,M00423,Type_21,Night,114.8,2024-06-23 00:04:03
4721,15,M06716,Type_12,Morning,100.3,2024-06-23 00:09:33
4722,22,M04267,Type_13,Morning,109.4,2024-06-23 00:31:20
4723,9,M07550,Type_10,Morning,95.7,2024-06-23 03:07:33
4724,2,M06317,Type_05,Afternoon,109.1,2024-06-23 03:21:31
4725,5,M02711,Type_06,Morning,80.0,2024-06-23 04:18:55
4726,21,M08645,Type_01,Morning,118.6,2024-06-23 04:25:02
4727,23,M08070,Type_19,Night,107.6,2024-06-23 05:20:42
4728,5,M01658,Type_02,Night,103.3,2024-06-23 06:15:59
4729,12,M02542,Type_24,Afternoon,114.4,2024-06-23 06:20:35
4730,10,M06764,Type_22,Morning,81.3,2024-06-23 06:51:35
4731,4,M03076,Type_17,Morning,148.6,2024-06-23 07:13:07
4732,12,M03165,Type_11,Morning,107.9,2024-06-23 09:51:35
4733,15,M02054,Type_16,Afternoon,107.1,2024-06-23 10:10:50
4734,10,M08480,Type_01,Night,90.7,2024-06-23 10:56:52
4735,18,M05738,Type_14,Afternoon,110.5,2024-06-23 11:36:54
4736,24,M03218,Type_14,Morning,137.7,2024-06-23 12:00:33
4737,5,M01448,Type_08,Afternoon,130.7,2024-06-23 12:29:18
4738,13,M06010,Type_05,Morning,127.1,2024-06-23 12:36:10
4739,4,M00608,Type_04,Morning,120.9,2024-06-23 13:23:24
4740,9,M04553,Type_23,Afternoon,102.8,2024-06-23 13:31:06
4741,18,M01765,Type_24,Afternoon,81.0,2024-06-23 13:32:06
4742,3,M09418,Type_14,Morning,106.0,2024-06-23 14:42:28
4743,24,M09428,Type_04,Morning,105.3,2024-06-23 16:22:42
4744,11,M09222,Type_16,Night,131.0,2024-06-23 17:07:09
4745,4,M02672,Type_01,Morning,116.2,2024-06-23 17:10:28
4746,9,M06520,Type_14,Morning,142.2,2024-06-23 17:46:23
4747,12,M03963,Type_12,Morning,133.9,2024-06-23 18:48:31
4748,10,M03178,Type_02,Morning,100.9,2024-06-23 20:15:07
4749,10,M03723,Type_02,Morning,80.0,2024-06-23 22:52:27
4750,9,M04907,Type_15,Night,137.7,2024-06-23 23:30:25
4751,10,M07264,Type_16,Morning,137.2,2024-06-23 23:51:53
4752,9,M05055,Type_13,Afternoon,82.7,2024-06-24 00:46:07
4753,1,M09668,Type_20,Afternoon,140.2,2024-06-24 02:51:13
4754,22,M00809,Type_09,Afternoon,117.6,2024-06-24 03:09:08
4755,16,M09171,Type_12,Night,113.2,2024-06-24 04:16:45
4756,14,M00726,Type_25,Night,142.3,2024-06-24 06:28:52
4757,13,M07702,Type_03,Morning,136.9,2024-06-24 08:01:40
4758,6,M01217,Type_16,Night,123.0,2024-06-24 09:39:00
4759,14,M04052,Type_11,Afternoon,119.5,2024-06-24 10:06:37
4760,8,M02198,Type_04,Night,122.3,2024-06-24 10:58:08
4761,23,M02807,Type_02,Afternoon,102.0,2024-06-24 12:48:10
4762,23,M08971,Type_04,Night,108.9,2024-06-24 13:52:49
4763,18,M00973,Type_20,Night,92.0,2024-06-24 14:02:45
4764,20,M05635,Type_23,Morning,103.3,2024-06-24 16:07:36
4765,1,M07484,Type_23,Afternoon,102.7,2024-06-24 16:42:54
4766,12,M02124,Type_10,Night,97.3,2024-06-24 16:44:58
4767,11,M08791,Type_19,Night,112.7,2024-06-24 17:27:43
4768,13,M00225,Type_23,Morning,103.5,2024-06-24 17:54:23
4769,23,M09033,Type_19,Afternoon,120.0,2024-06-24 18:19:40
4770,4,M01815,Type_21,Morning,80.0,2024-06-24 19:01:50
4771,25,M01107,Type_18,Morning,107.7,2024-06-24 19:13:09
4772,6,M00125,Type_14,Afternoon,112.6,2024-06-24 19:19:46
4773,22,M03247,Type_19,Morning,103.8,2024-06-24 19:57:13
4774,25,M02932,Type_12,Night,106.6,2024-06-24 20:48:02
4775,13,M02972,Type_07,Morning,80.0,2024-06-24 21:25:26
4776,24,M02018,Type_07,Night,117.1,2024-06-24 21:25:52
4777,22,M07416,Type_11,Morning,123.0,2024-06-24 21:53:07
4778,13,M02416,Type_12,Morning,119.9,2024-06-24 21:58:22
4779,6,M03097,Type_05,Morning,130.8,2024-06-24 22:26:16
4780,22,M01610,Type_17,Morning,114.0,2024-06-25 01:12:01
4781,4,M00718,Type_14,Morning,119.6,2024-06-25 01:13:59
4782,21,M03562,Type_12,Morning,113.1,2024-06-25 01:19:25
4783,3,M09209,Type_14,Afternoon,123.8,2024-06-25 02:40:36
4784,25,M06783,Type_06,Morning,80.0,2024-06-25 03:19:09
4785,15,M01049,Type_05,Afternoon,92.1,2024-06-25 04:48:19
4786,11,M09550,Type_13,Morning,141.7,2024-06-25 05:17:51
4787,2,M08308,Type_04,Night,80.0,2024-06-25 05:34:44
4788,23,M07906,Type_20,Night,107.2,2024-06-25 06:05:34
4789,17,M09994,Type_16,Afternoon,133.4,2024-06-25 06:39:58
4790,23,M05579,Type_19,Morning,108.1,2024-06-25 07:12:05
4791,2,M01621,Type_23,Morning,101.9,2024-06-25 07:25:07
4792,21,M06549,Type_04,Night,112.6,2024-06-25 07:34:44
4793,1,M07382,Type_02,Morning,102.9,2024-06-25 07:55:02
4794,5,M04781,Type_12,Morning,110.6,2024-06-25 08:58:50
4795,20,M03793,Type_07,Morning,96.3,2024-06-25 09:06:36
4796,17,M02942,Type_23,Morning,132.2,2024-06-25 09:35:01
4797,1,M05696,Type_18,Morning,138.5,2024-06-25 09:59:00
4798,7,M06402,Type_25,Night,107.3,2024-06-25 10:21:15
4799,3,M09170,Type_11,Morning,82.3,2024-06-25 10:24:03
4800,16,M06198,Type_02,Afternoon,99.5,2024-06-25 12:15:21
4801,16,M05451,Type_22,Morning,106.3,2024-06-25 12:25:51
4802,12,M08976,Type_16,Morning,120.1,2024-06-25 13:08:25
4803,9,M08433,Type_05,Night,89.8,2024-06-25 13:31:19
4804,25,M05875,Type_09,Morning,94.6,2024-06-25 13:51:24
4805,14,M01554,Type_25,Night,120.2,2024-06-25 13:52:38
4806,12,M01013,Type_19,Afternoon,128.8,2024-06-25 14:02:38
4807,25,M08379,Type_14,Morning,97.6,2024-06-25 15:06:22
4808,16,M01882,Type_06,Night,83.3,2024-06-25 15:15:49
4809,17,M06800,Type_13,Morning,160.0,2024-06-25 15:55:03
4810,12,M04587,Type_06,Night,125.7,2024-06-25 16:16:24
4811,4,M08623,Type_20,Morning,104.7,2024-06-25 17:29:01
4812,17,M08431,Type_18,Night,127.4,2024-06-25 18:24:49
4813,1,M06448,Type_19,Morning,107.5,2024-06-25 21:33:24
4814,25,M02346,Type_23,Afternoon,127.3,2024-06-25 22:00:50
4815,21,M00076,Type_21,Night,113.2,2024-06-26 00:16:55
4816,17,M09549,Type_01,Night,111.8,2024-06-26 00:52:00
4817,11,M05878,Type_05,Night,107.7,2024-06-26 02:06:52
4818,19,M06786,Type_05,Night,81.1,2024-06-26 02:59:26
4819,23,M04923,Type_15,Night,148.8,2024-06-26 03:22:46
4820,18,M08091,Type_21,Morning,91.2,2024-06-26 04:07:50
4821,20,M02331,Type_09,Morning,82.8,2024-06-26 05:02:09
4822,2,M04687,Type_23,Morning,105.7,2024-06-26 05:04:38
4823,9,M01903,Type_05,Morning,90.8,2024-06-26 05:18:24
4824,9,M04671,Type_18,Morning,109.0,2024-06-26 05:21:45
4825,12,M07144,Type_19,Afternoon,123.8,2024-06-26 05:40:02
4826,13,M02060,Type_09,Morning,129.9,2024-06-26 09:13:28
4827,16,M00141,Type_01,Afternoon,126.3,2024-06-26 09:16:26
4828,13,M01790,Type_23,Morning,103.9,2024-06-26 10:17:08
4829,23,M00017,Type_18,Morning,111.0,2024-06-26 11:45:05
4830,14,M00465,Type_09,Afternoon,118.2,2024-06-26 12:22:08
4831,7,M04472,Type_21,Night,80.0,2024-06-26 13:08:19
4832,2,M01828,Type_01,Afternoon,121.4,2024-06-26 13:11:51
4833,12,M08712,Type_19,Afternoon,80.9,2024-06-26 13:43:17
4834,24,M05957,Type_23,Morning,150.8,2024-06-26 16:39:15
4835,17,M00090,Type_22,Afternoon,101.9,2024-06-26 16:54:30
4836,24,M04816,Type_03,Morning,106.3,2024-06-26 18:05:06
4837,5,M02852,Type_14,Morning,94.6,2024-06-26 18:43:59
4838,20,M02844,Type_17,Afternoon,97.4,2024-06-26 18:52:58
4839,10,M09118,Type_11,Morning,155.5,2024-06-26 19:04:32
4840,18,M06544,Type_15,Morning,128.8,2024-06-26 19:42:31
4841,3,M05902,Type_22,Night,80.0,2024-06-26 19:57:53
4842,13,M00970,Type_23,Night,140.1,2024-06-26 20:28:14
4843,13,M01095,Type_09,Morning,133.9,2024-06-26 20:49:00
4844,10,M06125,Type_25,Morning,104.4,2024-06-26 22:12:37
4845,2,M07348,Type_16,Morning,116.1,2024-06-26 22:30:27
4846,16,M03196,Type_24,Morning,109.7,2024-06-26 22:46:11
4847,4,M01405,Type_03,Night,149.5,2024-06-27 01:06:33
4848,19,M06941,Type_24,Morning,94.1,2024-06-27 01:15:11
4849,5,M04291,Type_16,Night,112.9,2024-06-27 01:49:54
4850,7,M03983,Type_10,Morning,101.4,2024-06-27 02:26:37
4851,9,M05556,Type_07,Night,81.3,2024-06-27 04:43:54
4852,5,M07955,Type_12,Morning,153.8,2024-06-27 06:15:35
4853,8,M04714,Type_05,Night,86.4,2024-06-27 06:15:52
4854,2,M03093,Type_08,Morning,114.4,2024-06-27 06:19:04
4855,22,M04160,Type_04,Afternoon,80.0,2024-06-27 09:27:52
4856,24,M06309,Type_09,Morning,102.0,2024-06-27 10:45:17
4857,25,M07479,Type_21,Morning,118.4,2024-06-27 10:52:28
4858,20,M08477,Type_01,Night,93.5,2024-06-27 11:15:34
4859,20,M04934,Type_03,Night,121.7,2024-06-27 11:29:11
4860,7,M04927,Type_18,Night,104.6,2024-06-27 11:32:38
4861,4,M09380,Type_14,Afternoon,133.2,2024-06-27 15:11:58
4862,21,M03970,Type_22,Night,137.2,2024-06-27 15:40:37
4863,15,M02966,Type_15,Morning,98.3,2024-06-27 17:12:34
4864,18,M04320,Type_02,Morning,111.5,2024-06-27 18:20:29
4865,2,M08976,Type_16,Morning,113.7,2024-06-27 18:31:19
4866,14,M07109,Type_12,Afternoon,122.4,2024-06-27 18:41:06
4867,10,M09142,Type_01,Morning,110.3,2024-06-27 20:45:22
4868,5,M03940,Type_24,Morning,113.8,2024-06-27 20:47:13
4869,12,M00045,Type_07,Afternoon,105.1,2024-06-27 23:00:06
4870,10,M01811,Type_14,Night,112.3,2024-06-27 23:23:19
4871,18,M04567,Type_23,Morning,136.0,2024-06-28 00:07:39
4872,6,M09022,Type_13,Morning,122.9,2024-06-28 01:08:44
4873,22,M01910,Type_02,Morning,124.0,2024-06-28 03:11:25
4874,12,M06365,Type_22,Morning,124.5,2024-06-28 03:27:56
4875,24,M02582,Type_08,Morning,106.9,2024-06-28 03:45:25
4876,1,M00692,Type_11,Afternoon,116.4,2024-06-28 05:48:02
4877,7,M00932,Type_04,Afternoon,88.3,2024-06-28 07:05:50
4878,12,M07911,Type_14,Afternoon,135.4,2024-06-28 07:42:46
4879,7,M06383,Type_10,Morning,80.0,2024-06-28 08:20:10
4880,9,M03407,Type_22,Night,108.3,2024-06-28 09:57:49
4881,20,M08340,Type_02,Morning,132.8,2024-06-28 11:15:44
4882,15,M01033,Type_09,Afternoon,82.7,2024-06-28 13:36:05
4883,23,M01312,Type_18,Night,118.0,2024-06-28 14:06:00
4884,12,M08580,Type_14,Morning,96.4,2024-06-28 14:54:05
4885,13,M03122,Type_03,Morning,102.6,2024-06-28 15:07:44
4886,22,M01874,Type_01,Night,128.9,2024-06-28 15:11:32
4887,4,M09108,Type_22,Morning,114.0,2024-06-28 15:14:32
4888,10,M06782,Type_23,Afternoon,80.0,2024-06-28 15:43:18
4889,24,M03749,Type_06,Morning,90.5,2024-06-28 16:53:40
4890,3,M00278,Type_23,Afternoon,129.5,2024-06-28 17:53:08
4891,24,M01860,Type_11,Morning,119.0,2024-06-28 17:53:55
4892,5,M05930,Type_06,Morning,145.0,2024-06-28 17:57:04
4893,4,M06793,Type_16,Afternoon,143.7,2024-06-28 18:44:57
4894,19,M04714,Type_05,Morning,103.2,2024-06-28 19:24:21
4895,15,M04676,Type_17,Morning,160.0,2024-06-28 20:01:26
4896,23,M01171,Type_02,Morning,110.5,2024-06-28 20:08:56
4897,7,M08682,Type_03,Morning,90.7,2024-06-28 21:46:04
4898,22,M09375,Type_08,Morning,97.3,2024-06-28 22:28:53
4899,3,M05309,Type_03,Morning,80.0,2024-06-28 22:59:08
4900,25,M02463,Type_21,Night,142.1,2024-06-28 23:11:33
4901,16,M09823,Type_04,Morning,141.9,2024-06-28 23:52:24
4902,15,M00288,Type_12,Afternoon,89.7,2024-06-29 00:39:24
4903,18,M05954,Type_21,Morning,105.4,2024-06-29 02:15:47
4904,3,M04283,Type_13,Morning,111.9,2024-06-29 02:34:40
4905,14,M01908,Type_25,Night,90.8,2024-06-29 02:40:51
4906,1,M01162,Type_13,Morning,80.0,2024-06-29 04:45:50
4907,7,M00130,Type_12,Night,105.8,2024-06-29 04:46:44
4908,2,M06338,Type_10,Morning,103.6,2024-06-29 05:00:37
4909,10,M02364,Type_04,Afternoon,102.2,2024-06-29 05:33:14
4910,24,M08152,Type_25,Afternoon,114.5,2024-06-29 08:30:24
4911,25,M05984,Type_03,Night,138.6,2024-06-29 10:39:14
4912,16,M00144,Type_18,Afternoon,103.9,2024-06-29 12:29:45
4913,12,M08208,Type_09,Afternoon,113.4,2024-06-29 14:13:03
4914,18,M07470,Type_03,Morning,124.5,2024-06-29 14:42:18
4915,6,M00245,Type_09,Morning,121.1,2024-06-29 16:28:35
4916,17,M00927,Type_09,Night,97.7,2024-06-29 16:30:37
4917,8,M03179,Type_10,Morning,111.9,2024-06-29 16:56:44
4918,21,M02177,Type_06,Morning,121.0,2024-06-29 17:01:59
4919,9,M05003,Type_20,Night,87.4,2024-06-29 17:09:29
4920,19,M00887,Type_12,Morning,135.3,2024-06-29 17:22:30
4921,2,M08533,Type_25,Night,138.6,2024-06-29 17:46:00
4922,7,M03399,Type_13,Afternoon,95.5,2024-06-29 18:13:57
4923,11,M08498,Type_23,Afternoon,113.9,2024-06-29 19:51:11
4924,23,M09100,Type_01,Night,122.8,2024-06-30 01:16:49
4925,13,M02655,Type_09,Morning,99.1,2024-06-30 03:11:07
4926,10,M07393,Type_20,Morning,119.6,2024-06-30 05:34:44
4927,15,M01372,Type_02,Afternoon,113.3,2024-06-30 07:28:08
4928,21,M07136,Type_16,Morning,80.6,2024-06-30 08:04:08
4929,7,M00321,Type_17,Afternoon,119.2,2024-06-30 08:31:47
4930,6,M04655,Type_20,Night,88.0,2024-06-30 11:54:49
4931,25,M05301,Type_06,Afternoon,128.8,2024-06-30 12:02:53
4932,12,M06762,Type_18,Morning,96.6,2024-06-30 12:22:57
4933,3,M06855,Type_08,Night,106.8,2024-06-30 12:46:59
4934,16,M05506,Type_11,Afternoon,137.4,2024-06-30 13:07:08
4935,20,M09324,Type_07,Afternoon,119.9,2024-06-30 15:03:40
4936,9,M06554,Type_14,Morning,88.4,2024-06-30 15:31:40
4937,10,M04043,Type_03,Night,89.7,2024-06-30 15:38:55
4938,13,M09010,Type_09,Afternoon,98.0,2024-06-30 15:54:14
4939,8,M07499,Type_12,Night,117.9,2024-06-30 16:22:17
4940,6,M06637,Type_14,Night,117.2,2024-06-30 16:33:28
4941,3,M07363,Type_03,Morning,93.1,2024-06-30 16:52:58
4942,12,M00012,Type_25,Afternoon,86.7,2024-06-30 18:36:29
4943,9,M00195,Type_17,Night,115.6,2024-06-30 18:46:02
4944,9,M02538,Type_21,Morning,106.4,2024-06-30 19:42:51
4945,11,M02843,Type_17,Night,153.1,2024-06-30 20:02:01
4946,6,M02230,Type_11,Night,110.7,2024-06-30 20:27:20
4947,2,M03010,Type_13,Afternoon,146.3,2024-06-30 22:23:42
4948,7,M07985,Type_14,Afternoon,86.6,2024-07-01 01:11:14
4949,9,M02078,Type_01,Night,80.0,2024-07-01 02:52:00
4950,25,M07846,Type_11,Night,87.6,2024-07-01 02:58:38
4951,19,M03868,Type_11,Morning,133.8,2024-07-01 03:03:26
4952,18,M04874,Type_19,Morning,145.1,2024-07-01 03:14:39
4953,12,M08636,Type_12,Afternoon,94.4,2024-07-01 05:15:46
4954,21,M00298,Type_15,Afternoon,100.8,2024-07-01 06:09:27
4955,11,M05857,Type_10,Afternoon,86.6,2024-07-01 06:34:54
4956,10,M09037,Type_01,Afternoon,80.0,2024-07-01 07:11:48
4957,23,M01016,Type_03,Morning,124.4,2024-07-01 08:02:19
4958,3,M01385,Type_05,Afternoon,114.5,2024-07-01 11:06:51
4959,12,M09590,Type_14,Morning,110.2,2024-07-01 11:32:33
4960,4,M08746,Type_04,Afternoon,82.0,2024-07-01 12:20:04
4961,10,M02351,Type_24,Afternoon,142.8,2024-07-01 15:23:36
4962,2,M01270,Type_03,Morning,99.9,2024-07-01 15:53:47
4963,12,M01261,Type_01,Morning,120.7,2024-07-01 17:30:12
4964,11,M07702,Type_03,Afternoon,80.9,2024-07-01 17:33:57
4965,14,M08377,Type_19,Afternoon,106.2,2024-07-01 17:49:13
4966,15,M04564,Type_05,Morning,115.8,2024-07-01 18:27:57
4967,14,M06898,Type_19,Night,116.5,2024-07-01 19:09:16
4968,12,M05673,Type_18,Afternoon,113.1,2024-07-01 20:44:45
4969,2,M05594,Type_17,Night,119.9,2024-07-01 21:16:06
4970,23,M06156,Type_14,Afternoon,87.4,2024-07-01 21:41:46
4971,2,M05544,Type_18,Afternoon,113.9,2024-07-01 21:45:54
4972,1,M07241,Type_08,Night,112.3,2024-07-01 21:53:15
4973,20,M04684,Type_09,Afternoon,114.6,2024-07-01 22:16:03
4974,15,M01882,Type_06,Afternoon,111.4,2024-07-01 22:30:53
4975,22,M08714,Type_01,Morning,84.5,2024-07-01 23:06:54
4976,10,M03810,Type_18,Afternoon,83.6,2024-07-01 23:15:58
4977,20,M05808,Type_20,Morning,80.0,2024-07-01 23:24:36
4978,1,M04884,Type_19,Morning,126.4,2024-07-02 00:57:50
4979,1,M07207,Type_12,Morning,126.6,2024-07-02 01:03:39
4980,25,M04156,Type_14,Morning,126.9,2024-07-02 01:43:04
4981,1,M04674,Type_10,Night,116.1,2024-07-02 02:34:38
4982,23,M01410,Type_23,Morning,80.0,2024-07-02 03:43:24
4983,11,M09887,Type_13,Afternoon,89.5,2024-07-02 06:25:27
4984,12,M05198,Type_21,Night,113.4,2024-07-02 08:23:21
4985,15,M07453,Type_01,Afternoon,112.7,2024-07-02 08:32:52
4986,14,M08719,Type_15,Morning,105.5,2024-07-02 08:51:19
4987,23,M02173,Type_05,Afternoon,117.4,2024-07-02 09:33:29
4988,1,M00280,Type_15,Afternoon,110.2,2024-07-02 11:36:39
4989,1,M03978,Type_15,Afternoon,112.4,2024-07-02 12:46:37
4990,6,M02670,Type_03,Night,97.2,2024-07-02 12:49:16
4991,24,M07826,Type_19,Night,129.6,2024-07-02 13:42:36
4992,23,M09944,Type_12,Afternoon,101.4,2024-07-02 13:52:21
4993,22,M03982,Type_11,Morning,83.4,2024-07-02 14:06:54
4994,3,M04770,Type_25,Afternoon,94.6,2024-07-02 14:59:53
4995,14,M05248,Type_22,Morning,103.0,2024-07-02 15:07:48
4996,23,M04428,Type_18,Night,129.9,2024-07-02 15:29:08
4997,6,M06136,Type_08,Morning,109.2,2024-07-02 16:31:09
4998,8,M05574,Type_07,Morning,106.3,2024-07-02 17:10:11
4999,20,M04132,Type_12,Night,85.0,2024-07-02 17:53:37
5000,25,M09901,Type_04,Afternoon,125.7,2024-07-02 18:09:35
5001,15,M07190,Type_08,Morning,97.0,2024-07-02 20:24:27
5002,17,M04536,Type_08,Afternoon,108.0,2024-07-02 22:40:06
5003,23,M02777,Type_05,Night,139.6,2024-07-02 23:11:13
5004,9,M09312,Type_20,Morning,120.2,2024-07-03 00:49:54
5005,16,M07698,Type_11,Night,80.0,2024-07-03 00:53:55
5006,1,M08387,Type_07,Morning,80.0,2024-07-03 01:47:48
5007,16,M00663,Type_05,Night,108.7,2024-07-03 02:46:11
5008,19,M08672,Type_09,Night,85.7,2024-07-03 04:05:34
5009,23,M08045,Type_11,Morning,123.0,2024-07-03 04:17:25
5010,9,M04219,Type_11,Afternoon,110.8,2024-07-03 04:56:17
5011,17,M09616,Type_03,Morning,113.3,2024-07-03 06:52:39
5012,6,M05061,Type_09,Afternoon,95.9,2024-07-03 07:12:20
5013,14,M05875,Type_09,Afternoon,144.8,2024-07-03 07:50:24
5014,18,M05582,Type_20,Afternoon,160.0,2024-07-03 08:25:01
5015,21,M02015,Type_08,Morning,104.4,2024-07-03 08:26:52
5016,14,M03790,Type_12,Morning,117.1,2024-07-03 09:25:54
5017,23,M09104,Type_25,Morning,111.9,2024-07-03 10:06:07
5018,7,M07149,Type_16,Morning,104.8,2024-07-03 10:15:54
5019,10,M07767,Type_18,Afternoon,93.4,2024-07-03 10:52:16
5020,16,M02365,Type_03,Night,88.3,2024-07-03 12:38:43
5021,7,M03630,Type_07,Afternoon,87.3,2024-07-03 12:48:19
5022,20,M05920,Type_08,Afternoon,118.1,2024-07-03 14:02:22
5023,6,M05676,Type_23,Night,99.6,2024-07-03 15:09:43
5024,6,M08873,Type_25,Afternoon,80.0,2024-07-03 17:32:21
5025,7,M06639,Type_05,Night,118.9,2024-07-03 18:15:16
5026,25,M04652,Type_14,Afternoon,109.2,2024-07-03 18:30:54
5027,22,M00610,Type_05,Morning,136.9,2024-07-03 18:39:30
5028,17,M07941,Type_23,Morning,117.5,2024-07-03 19:11:54
5029,8,M03867,Type_08,Afternoon,80.4,2024-07-03 20:17:03
5030,2,M00372,Type_13,Morning,80.0,2024-07-03 20:41:12
5031,19,M06999,Type_17,Morning,95.6,2024-07-03 21:42:07
5032,21,M00616,Type_17,Afternoon,97.5,2024-07-03 22:18:56
5033,22,M06912,Type_16,Afternoon,128.9,2024-07-03 23:36:20
5034,7,M06011,Type_19,Afternoon,109.8,2024-07-04 01:16:45
5035,12,M02254,Type_23,Morning,132.7,2024-07-04 04:11:48
5036,20,M04943,Type_06,Morning,83.5,2024-07-04 04:18:33
5037,3,M00865,Type_21,Afternoon,129.3,2024-07-04 04:55:27
5038,25,M01269,Type_10,Night,124.4,2024-07-04 05:04:04
5039,4,M07455,Type_01,Afternoon,80.0,2024-07-04 06:06:55
5040,25,M08977,Type_19,Night,136.5,2024-07-04 06:15:14
5041,25,M04572,Type_19,Night,111.9,2024-07-04 06:50:54
5042,11,M05230,Type_07,Afternoon,117.8,2024-07-04 08:50:20
5043,12,M02238,Type_16,Morning,92.7,2024-07-04 09:46:05
5044,19,M04055,Type_18,Afternoon,135.5,2024-07-04 10:11:49
5045,19,M00936,Type_05,Afternoon,86.3,2024-07-04 10:15:12
5046,11,M06395,Type_05,Afternoon,126.6,2024-07-04 10:16:09
5047,13,M07892,Type_04,Afternoon,126.4,2024-07-04 10:48:39
5048,24,M00326,Type_10,Afternoon,90.5,2024-07-04 10:52:32
5049,1,M09727,Type_16,Morning,149.7,2024-07-04 12:00:28
5050,6,M07775,Type_13,Afternoon,114.6,2024-07-04 13:32:52
5051,22,M03862,Type_01,Morning,123.1,2024-07-04 13:48:09
5052,25,M01986,Type_14,Night,80.0,2024-07-04 14:36:37
5053,16,M04933,Type_17,Morning,152.4,2024-07-04 15:22:08
5054,2,M04604,Type_01,Morning,85.5,2024-07-04 16:34:48
5055,14,M02779,Type_17,Afternoon,130.5,2024-07-04 17:24:21
5056,24,M09463,Type_16,Afternoon,90.1,2024-07-04 17:47:09
5057,23,M08833,Type_12,Afternoon,97.6,2024-07-04 18:08:28
5058,18,M07755,Type_18,Morning,125.8,2024-07-04 19:13:42
5059,17,M04079,Type_18,Afternoon,130.6,2024-07-04 20:54:06
5060,20,M01368,Type_10,Morning,84.6,2024-07-04 21:17:08
5061,18,M04043,Type_03,Night,131.8,2024-07-04 21:24:08
5062,19,M02576,Type_18,Night,130.9,2024-07-04 21:28:11
5063,15,M06755,Type_21,Afternoon,91.2,2024-07-04 21:43:55
5064,2,M01582,Type_19,Morning,142.0,2024-07-04 21:57:43
5065,25,M01987,Type_15,Afternoon,80.9,2024-07-04 22:04:28
5066,4,M02241,Type_16,Morning,97.5,2024-07-04 23:43:47
5067,1,M03967,Type_06,Afternoon,119.6,2024-07-04 23:54:34
5068,8,M07605,Type_11,Morning,92.9,2024-07-05 01:51:05
5069,20,M08321,Type_20,Night,115.3,2024-07-05 02:09:55
5070,14,M05969,Type_03,Morning,114.8,2024-07-05 02:33:00
5071,11,M09044,Type_16,Afternoon,106.3,2024-07-05 02:41:38
5072,24,M07494,Type_20,Afternoon,126.6,2024-07-05 03:37:16
5073,24,M04104,Type_03,Afternoon,105.4,2024-07-05 04:11:29
5074,25,M02077,Type_25,Morning,114.6,2024-07-05 05:49:56
5075,14,M05232,Type_22,Night,132.9,2024-07-05 06:34:37
5076,16,M02995,Type_22,Afternoon,125.8,2024-07-05 08:16:54
5077,10,M03745,Type_10,Afternoon,125.7,2024-07-05 09:44:59
5078,7,M05595,Type_12,Morning,87.0,2024-07-05 10:03:00
5079,16,M07532,Type_09,Afternoon,120.5,2024-07-05 11:20:57
5080,4,M07372,Type_21,Afternoon,92.4,2024-07-05 12:23:50
5081,12,M01645,Type_19,Morning,84.4,2024-07-05 12:29:02
5082,12,M03145,Type_17,Morning,108.6,2024-07-05 12:53:36
5083,2,M00243,Type_03,Night,91.9,2024-07-05 13:09:39
5084,6,M04086,Type_24,Morning,125.8,2024-07-05 13:54:45
5085,20,M07955,Type_12,Morning,126.3,2024-07-05 13:55:54
5086,15,M07270,Type_11,Afternoon,80.0,2024-07-05 13:59:58
5087,15,M07131,Type_20,Night,93.4,2024-07-05 14:35:42
5088,22,M06829,Type_15,Morning,80.8,2024-07-05 15:19:57
5089,16,M08363,Type_13,Afternoon,100.7,2024-07-05 15:43:56
5090,24,M08845,Type_17,Morning,119.1,2024-07-05 20:02:29
5091,3,M06332,Type_06,Morning,105.2,2024-07-05 21:22:10
5092,1,M03513,Type_03,Morning,98.2,2024-07-05 23:08:24
5093,21,M01500,Type_13,Night,136.0,2024-07-06 00:21:47
5094,12,M02159,Type_21,Morning,80.0,2024-07-06 00:29:14
5095,15,M05163,Type_23,Morning,134.7,2024-07-06 00:58:13
5096,19,M04040,Type_09,Afternoon,99.1,2024-07-06 01:21:10
5097,6,M02036,Type_03,Night,108.4,2024-07-06 01:25:24
5098,19,M07978,Type_24,Morning,99.5,2024-07-06 01:39:00
5099,17,M00858,Type_16,Afternoon,140.9,2024-07-06 01:48:08
5100,9,M03824,Type_18,Morning,85.4,2024-07-06 03:49:36
5101,21,M06771,Type_21,Afternoon,110.2,2024-07-06 05:08:37
5102,13,M09242,Type_21,Afternoon,120.5,2024-07-06 05:45:43
5103,15,M00299,Type_25,Afternoon,80.0,2024-07-06 06:39:02
5104,16,M07245,Type_25,Morning,91.6,2024-07-06 06:50:16
5105,13,M00924,Type_20,Morning,107.0,2024-07-06 08:32:40
5106,2,M04233,Type_07,Morning,92.3,2024-07-06 08:32:59
5107,2,M04307,Type_10,Morning,93.7,2024-07-06 10:02:03
5108,11,M02800,Type_17,Morning,103.0,2024-07-06 10:05:20
5109,25,M06579,Type_21,Night,123.0,2024-07-06 13:29:18
5110,16,M04876,Type_02,Night,103.1,2024-07-06 14:22:26
5111,17,M05327,Type_18,Night,131.6,2024-07-06 14:56:04
5112,3,M06583,Type_03,Night,90.0,2024-07-06 15:53:01
5113,23,M01803,Type_16,Afternoon,85.0,2024-07-06 16:55:35
5114,1,M02658,Type_11,Afternoon,148.5,2024-07-06 17:01:31
5115,18,M03347,Type_17,Morning,96.8,2024-07-06 17:11:00
5116,14,M09664,Type_20,Afternoon,83.8,2024-07-06 17:27:42
5117,22,M02950,Type_03,Afternoon,80.0,2024-07-06 17:58:44
5118,9,M00942,Type_03,Afternoon,131.5,2024-07-06 19:32:50
5119,9,M01908,Type_25,Night,103.2,2024-07-06 20:26:08
5120,12,M04838,Type_18,Morning,104.9,2024-07-06 20:36:54
5121,24,M08106,Type_01,Morning,106.8,2024-07-06 20:53:50
5122,3,M01244,Type_01,Night,130.3,2024-07-06 22:07:07
5123,2,M05697,Type_10,Morning,106.4,2024-07-06 22:11:42
5124,1,M01467,Type_16,Afternoon,156.9,2024-07-06 23:15:59
5125,9,M03958,Type_08,Night,112.7,2024-07-06 23:32:36
5126,13,M01967,Type_01,Afternoon,131.2,2024-07-07 04:03:50
5127,21,M00376,Type_06,Afternoon,126.1,2024-07-07 04:16:02
5128,16,M00263,Type_22,Morning,109.3,2024-07-07 05:49:11
5129,19,M04363,Type_25,Morning,98.3,2024-07-07 08:59:47
5130,10,M06503,Type_10,Night,116.6,2024-07-07 10:44:15
5131,5,M07834,Type_11,Afternoon,120.2,2024-07-07 10:55:08
5132,14,M01894,Type_18,Afternoon,98.5,2024-07-07 11:13:50
5133,15,M08107,Type_22,Morning,113.3,2024-07-07 12:26:52
5134,3,M01653,Type_03,Morning,134.7,2024-07-07 13:02:44
5135,9,M05541,Type_04,Night,151.4,2024-07-07 14:51:55
5136,1,M03893,Type_17,Morning,127.1,2024-07-07 16:48:20
5137,1,M00600,Type_21,Afternoon,147.3,2024-07-07 19:46:56
5138,19,M04816,Type_03,Morning,97.4,2024-07-07 20:21:33
5139,6,M01913,Type_08,Afternoon,124.0,2024-07-07 21:59:39
5140,11,M09485,Type_19,Night,136.8,2024-07-07 22:06:43
5141,18,M08793,Type_08,Afternoon,92.1,2024-07-08 01:02:28
5142,14,M08573,Type_11,Morning,100.3,2024-07-08 01:05:43
5143,16,M04214,Type_24,Afternoon,144.8,2024-07-08 01:28:50
5144,1,M03638,Type_05,Night,90.5,2024-07-08 02:08:19
5145,24,M09291,Type_02,Afternoon,83.2,2024-07-08 02:30:49
5146,10,M05600,Type_23,Night,140.6,2024-07-08 02:51:55
5147,25,M06449,Type_22,Afternoon,133.9,2024-07-08 04:15:41
5148,10,M08558,Type_13,Night,118.6,2024-07-08 04:18:18
5149,13,M07383,Type_14,Afternoon,109.1,2024-07-08 07:05:03
5150,1,M08983,Type_04,Morning,101.2,2024-07-08 07:14:30
5151,3,M03570,Type_05,Morning,115.6,2024-07-08 08:32:15
5152,14,M07708,Type_16,Morning,141.6,2024-07-08 09:27:24
5153,21,M00747,Type_24,Night,114.8,2024-07-08 09:52:33
5154,16,M08505,Type_13,Night,153.3,2024-07-08 10:32:31
5155,23,M04634,Type_10,Afternoon,92.0,2024-07-08 11:28:41
5156,20,M00921,Type_19,Morning,109.6,2024-07-08 12:21:38
5157,6,M09270,Type_16,Morning,102.5,2024-07-08 12:38:53
5158,1,M07009,Type_03,Night,88.3,2024-07-08 14:14:41
5159,20,M02382,Type_18,Afternoon,106.9,2024-07-08 14:57:59
5160,24,M03619,Type_25,Morning,118.3,2024-07-08 15:37:17
5161,5,M08990,Type_03,Afternoon,120.5,2024-07-08 16:37:30
5162,8,M04444,Type_12,Morning,153.4,2024-07-08 17:13:15
5163,12,M00273,Type_01,Morning,119.3,2024-07-08 18:25:32
5164,1,M01774,Type_17,Afternoon,133.0,2024-07-08 20:03:41
5165,13,M02548,Type_25,Morning,111.3,2024-07-08 21:04:31
5166,9,M03165,Type_11,Night,143.6,2024-07-08 21:19:46
5167,20,M04781,Type_12,Morning,158.0,2024-07-08 22:14:38
5168,25,M00947,Type_01,Morning,120.6,2024-07-08 23:33:12
5169,24,M00507,Type_22,Morning,90.1,2024-07-09 02:31:18
5170,8,M06720,Type_25,Night,99.0,2024-07-09 02:40:07
5171,13,M08436,Type_04,Afternoon,115.6,2024-07-09 04:37:49
5172,2,M08698,Type_19,Afternoon,119.1,2024-07-09 04:45:35
5173,15,M06361,Type_16,Morning,124.0,2024-07-09 04:47:01
5174,14,M07658,Type_18,Morning,119.2,2024-07-09 04:54:09
5175,19,M03591,Type_18,Afternoon,110.1,2024-07-09 06:13:41
5176,9,M01193,Type_02,Night,97.3,2024-07-09 06:54:08
5177,19,M01465,Type_08,Night,118.0,2024-07-09 08:16:40
5178,14,M00391,Type_16,Morning,147.1,2024-07-09 11:46:42
5179,8,M05616,Type_09,Afternoon,130.4,2024-07-09 12:19:42
5180,5,M06107,Type_21,Night,120.7,2024-07-09 13:26:10
5181,7,M08865,Type_19,Morning,130.6,2024-07-09 13:50:30
5182,4,M02561,Type_22,Night,102.6,2024-07-09 14:52:39
5183,8,M05868,Type_24,Morning,99.8,2024-07-09 19:08:05
5184,4,M01212,Type_03,Night,95.0,2024-07-09 19:29:08
5185,21,M09122,Type_01,Night,107.5,2024-07-09 20:07:01
5186,1,M01540,Type_02,Night,101.6,2024-07-09 20:09:45
5187,8,M09105,Type_23,Afternoon,134.2,2024-07-09 20:54:44
5188,7,M00644,Type_07,Morning,100.5,2024-07-09 21:02:33
5189,11,M08694,Type_08,Night,93.9,2024-07-09 21:08:21
5190,21,M08922,Type_24,Morning,148.9,2024-07-09 23:42:21
5191,16,M01284,Type_22,Morning,101.0,2024-07-10 00:00:44
5192,22,M07681,Type_15,Afternoon,113.1,2024-07-10 00:55:32
5193,17,M07346,Type_07,Night,119.0,2024-07-10 01:14:29
5194,24,M04387,Type_18,Night,87.3,2024-07-10 01:46:49
5195,25,M00920,Type_05,Morning,134.7,2024-07-10 02:16:23
5196,5,M02340,Type_18,Night,122.7,2024-07-10 02:16:42
5197,7,M08948,Type_25,Afternoon,141.2,2024-07-10 02:21:29
5198,10,M05931,Type_16,Morning,96.4,2024-07-10 04:45:34
5199,13,M05403,Type_24,Morning,112.0,2024-07-10 05:05:58
5200,20,M05664,Type_03,Morning,110.8,2024-07-10 05:46:51
5201,15,M05276,Type_15,Morning,115.3,2024-07-10 06:23:13
5202,6,M00508,Type_19,Night,80.9,2024-07-10 06:36:18
5203,2,M01437,Type_14,Afternoon,112.2,2024-07-10 06:53:25
5204,4,M08751,Type_15,Afternoon,81.5,2024-07-10 07:40:34
5205,21,M07355,Type_12,Night,117.2,2024-07-10 08:22:26
5206,14,M04517,Type_10,Morning,80.0,2024-07-10 09:11:32
5207,25,M03623,Type_06,Night,80.0,2024-07-10 10:39:20
5208,25,M04400,Type_09,Afternoon,126.4,2024-07-10 11:20:02
5209,24,M05038,Type_17,Night,99.1,2024-07-10 11:59:45
5210,15,M08112,Type_03,Morning,90.2,2024-07-10 12:23:07
5211,14,M03716,Type_01,Night,135.4,2024-07-10 12:52:19
5212,4,M07838,Type_02,Morning,116.6,2024-07-10 13:54:18
5213,6,M01302,Type_03,Morning,127.4,2024-07-10 14:06:07
5214,7,M07371,Type_03,Night,106.7,2024-07-10 14:06:59
5215,13,M05186,Type_02,Morning,160.0,2024-07-10 14:28:40
5216,17,M02156,Type_18,Afternoon,97.9,2024-07-10 15:00:51
5217,17,M06412,Type_17,Afternoon,144.9,2024-07-10 16:31:03
5218,4,M06366,Type_25,Afternoon,108.8,2024-07-10 20:25:22
5219,19,M00693,Type_13,Morning,80.0,2024-07-10 20:27:53
5220,20,M01479,Type_12,Morning,119.7,2024-07-10 20:42:28
5221,13,M06397,Type_21,Morning,116.3,2024-07-10 21:35:31
5222,9,M08449,Type_21,Afternoon,89.0,2024-07-10 22:09:08
5223,2,M00442,Type_12,Morning,91.6,2024-07-11 00:12:06
5224,20,M02647,Type_01,Morning,109.5,2024-07-11 00:38:03
5225,23,M05210,Type_23,Morning,117.0,2024-07-11 01:31:59
5226,18,M06534,Type_08,Morning,80.0,2024-07-11 01:54:36
5227,24,M04678,Type_07,Afternoon,131.1,2024-07-11 02:20:40
5228,20,M07212,Type_07,Night,100.1,2024-07-11 03:26:03
5229,25,M09928,Type_20,Morning,83.4,2024-07-11 04:57:53
5230,17,M02646,Type_01,Afternoon,128.8,2024-07-11 05:07:50
5231,7,M08211,Type_15,Afternoon,109.5,2024-07-11 05:37:31
5232,17,M09317,Type_12,Afternoon,134.3,2024-07-11 05:54:41
5233,10,M07934,Type_08,Afternoon,118.8,2024-07-11 06:26:51
5234,25,M05477,Type_20,Afternoon,110.0,2024-07-11 06:36:08
5235,14,M07929,Type_12,Afternoon,106.9,2024-07-11 07:12:04
5236,12,M02081,Type_15,Morning,119.7,2024-07-11 07:13:55
5237,12,M06090,Type_19,Afternoon,101.7,2024-07-11 08:32:36
5238,17,M07397,Type_21,Afternoon,92.9,2024-07-11 09:31:04
5239,19,M09740,Type_04,Morning,122.2,2024-07-11 10:08:26
5240,23,M07798,Type_04,Morning,107.1,2024-07-11 10:34:10
5241,14,M00862,Type_20,Night,110.7,2024-07-11 11:42:09
5242,17,M08347,Type_13,Afternoon,131.8,2024-07-11 12:21:05
5243,15,M03495,Type_20,Afternoon,107.7,2024-07-11 12:22:28
5244,21,M00905,Type_15,Night,110.3,2024-07-11 12:58:05
5245,6,M01270,Type_03,Afternoon,98.0,2024-07-11 13:03:34
5246,19,M00405,Type_13,Afternoon,118.6,2024-07-11 13:29:57
5247,22,M09036,Type_16,Night,117.0,2024-07-11 13:39:11
5248,20,M09975,Type_05,Night,128.0,2024-07-11 14:49:18
5249,6,M09757,Type_19,Afternoon,98.4,2024-07-11 16:01:45
5250,6,M01185,Type_23,Afternoon,100.8,2024-07-11 18:23:48
5251,4,M08939,Type_19,Morning,125.8,2024-07-11 18:51:51
5252,1,M01726,Type_06,Night,115.0,2024-07-11 18:55:00
5253,19,M08463,Type_05,Afternoon,91.9,2024-07-11 19:38:17
5254,11,M05812,Type_01,Morning,136.1,2024-07-11 19:54:56
5255,7,M05607,Type_03,Night,80.0,2024-07-11 20:37:52
5256,2,M03957,Type_05,Afternoon,125.7,2024-07-11 21:03:38
5257,4,M00172,Type_19,Morning,84.7,2024-07-11 21:45:01
5258,6,M08466,Type_12,Afternoon,147.7,2024-07-11 21:55:01
5259,5,M02307,Type_09,Afternoon,80.0,2024-07-11 22:30:27
5260,22,M09351,Type_10,Night,133.0,2024-07-11 22:33:44
5261,21,M09899,Type_19,Morning,108.4,2024-07-11 22:45:47
5262,9,M09964,Type_23,Night,102.7,2024-07-11 23:24:52
5263,11,M00422,Type_21,Afternoon,113.7,2024-07-12 00:36:41
5264,18,M05541,Type_04,Morning,122.6,2024-07-12 01:19:22
5265,20,M09402,Type_19,Night,91.9,2024-07-12 01:28:20
5266,17,M04676,Type_17,Afternoon,93.7,2024-07-12 01:46:00
5267,13,M09083,Type_22,Morning,123.0,2024-07-12 03:06:47
5268,23,M06749,Type_18,Afternoon,80.0,2024-07-12 03:14:12
5269,17,M06104,Type_18,Night,98.3,2024-07-12 04:39:53
5270,22,M01474,Type_04,Morning,160.0,2024-07-12 06:32:47
5271,10,M03244,Type_02,Morning,90.6,2024-07-12 08:59:49
5272,25,M02182,Type_03,Morning,133.0,2024-07-12 09:16:06
5273,18,M09642,Type_18,Morning,98.3,2024-07-12 10:03:09
5274,17,M03097,Type_05,Night,120.2,2024-07-12 10:39:36
5275,12,M06647,Type_12,Afternoon,123.1,2024-07-12 11:51:07
5276,15,M09783,Type_12,Morning,132.6,2024-07-12 12:57:00
5277,19,M05883,Type_19,Morning,106.0,2024-07-12 13:26:15
5278,22,M05983,Type_15,Morning,149.8,2024-07-12 13:26:42
5279,15,M05799,Type_23,Night,98.2,2024-07-12 13:49:06
5280,13,M09628,Type_15,Morning,114.7,2024-07-12 15:26:32
5281,7,M08416,Type_06,Night,114.9,2024-07-12 15:30:45
5282,11,M08412,Type_10,Afternoon,87.6,2024-07-12 16:50:24
5283,8,M09847,Type_23,Morning,104.3,2024-07-12 18:44:40
5284,20,M08457,Type_01,Night,113.2,2024-07-12 19:28:32
5285,16,M09146,Type_07,Afternoon,101.4,2024-07-12 20:32:38
5286,24,M04525,Type_21,Afternoon,158.8,2024-07-12 21:29:13
5287,23,M06560,Type_05,Night,93.2,2024-07-12 21:32:37
5288,11,M07621,Type_02,Morning,133.6,2024-07-12 23:40:06
5289,24,M02775,Type_08,Morning,127.1,2024-07-12 23:41:26
5290,5,M05674,Type_11,Afternoon,109.7,2024-07-12 23:48:32
5291,7,M03125,Type_19,Morning,92.7,2024-07-13 01:59:47
5292,16,M08672,Type_09,Morning,94.6,2024-07-13 04:27:39
5293,16,M01354,Type_03,Morning,99.6,2024-07-13 05:03:43
5294,20,M09082,Type_19,Morning,80.0,2024-07-13 08:56:39
5295,17,M03855,Type_24,Night,89.9,2024-07-13 09:27:31
5296,19,M08135,Type_19,Morning,80.4,2024-07-13 10:27:49
5297,15,M00925,Type_07,Afternoon,136.9,2024-07-13 11:41:23
5298,25,M02171,Type_15,Afternoon,122.4,2024-07-13 12:20:04
5299,15,M05507,Type_09,Afternoon,125.7,2024-07-13 14:03:58
5300,20,M02396,Type_13,Morning,121.8,2024-07-13 14:19:07
5301,21,M08221,Type_07,Night,113.3,2024-07-13 14:38:45
5302,15,M08227,Type_22,Morning,139.2,2024-07-13 15:46:45
5303,3,M05516,Type_15,Night,97.8,2024-07-13 16:51:47
5304,12,M02671,Type_12,Night,112.1,2024-07-13 17:25:30
5305,6,M03366,Type_08,Afternoon,124.9,2024-07-13 17:34:50
5306,20,M00589,Type_06,Afternoon,83.6,2024-07-13 17:51:51
5307,5,M03139,Type_23,Afternoon,160.0,2024-07-13 18:14:49
5308,11,M09096,Type_14,Morning,110.6,2024-07-13 18:44:42
5309,23,M06664,Type_12,Night,112.8,2024-07-13 19:18:22
5310,12,M04087,Type_20,Night,135.1,2024-07-13 19:50:34
5311,7,M08532,Type_17,Morning,128.3,2024-07-13 20:04:03
5312,9,M04271,Type_11,Afternoon,110.8,2024-07-13 20:27:50
5313,18,M06020,Type_12,Night,112.6,2024-07-13 22:54:32
5314,14,M09907,Type_13,Night,80.0,2024-07-14 01:15:18
5315,4,M00557,Type_18,Afternoon,98.9,2024-07-14 01:52:08
5316,8,M08023,Type_05,Afternoon,120.3,2024-07-14 01:55:26
5317,16,M05453,Type_03,Morning,118.9,2024-07-14 01:59:45
5318,4,M03568,Type_23,Night,134.4,2024-07-14 03:19:30
5319,19,M03900,Type_24,Morning,107.6,2024-07-14 03:26:32
5320,6,M06478,Type_18,Afternoon,82.3,2024-07-14 03:50:52
5321,19,M07501,Type_04,Morning,131.1,2024-07-14 06:22:57
5322,15,M01017,Type_23,Morning,138.7,2024-07-14 09:53:07
5323,12,M06471,Type_06,Afternoon,128.0,2024-07-14 10:45:18
5324,12,M02063,Type_18,Night,106.7,2024-07-14 12:13:00
5325,2,M09031,Type_09,Morning,130.9,2024-07-14 12:50:53
5326,9,M09830,Type_11,Afternoon,160.0,2024-07-14 13:55:47
5327,3,M04322,Type_02,Morning,112.3,2024-07-14 15:49:20
5328,1,M03497,Type_01,Morning,83.8,2024-07-14 16:28:56
5329,14,M01814,Type_24,Afternoon,98.3,2024-07-14 16:30:21
5330,13,M06257,Type_07,Afternoon,122.5,2024-07-14 17:05:25
5331,25,M09644,Type_23,Morning,80.0,2024-07-14 17:17:21
5332,5,M02314,Type_18,Morning,113.4,2024-07-14 17:49:04
5333,7,M09707,Type_06,Morning,117.6,2024-07-14 17:49:37
5334,14,M01232,Type_04,Morning,140.7,2024-07-14 19:38:09
5335,16,M09838,Type_03,Night,136.2,2024-07-14 20:18:41
5336,18,M05832,Type_07,Night,127.3,2024-07-14 22:32:53
5337,14,M03000,Type_25,Morning,80.0,2024-07-14 22:54:09
5338,1,M03441,Type_16,Afternoon,128.4,2024-07-14 23:15:40
5339,6,M04057,Type_23,Night,124.1,2024-07-15 00:20:09
5340,21,M00306,Type_16,Morning,115.1,2024-07-15 00:38:44
5341,10,M09916,Type_10,Night,80.0,2024-07-15 00:44:25
5342,6,M01690,Type_11,Night,94.5,2024-07-15 01:54:09
5343,2,M09710,Type_05,Morning,86.7,2024-07-15 03:10:18
5344,7,M03918,Type_18,Morning,80.0,2024-07-15 03:33:56
5345,17,M07081,Type_05,Night,109.9,2024-07-15 06:28:18
5346,24,M08612,Type_01,Afternoon,94.0,2024-07-15 06:58:35
5347,14,M02937,Type_19,Morning,160.0,2024-07-15 09:06:56
5348,23,M03863,Type_01,Morning,106.6,2024-07-15 10:37:19
5349,7,M09643,Type_25,Afternoon,135.9,2024-07-15 10:47:15
5350,22,M05650,Type_03,Afternoon,80.0,2024-07-15 12:11:03
5351,21,M03262,Type_09,Afternoon,99.4,2024-07-15 12:21:07
5352,9,M09357,Type_21,Night,111.9,2024-07-15 13:32:04
5353,19,M01820,Type_14,Morning,91.8,2024-07-15 14:47:05
5354,25,M01343,Type_17,Afternoon,101.6,2024-07-15 15:53:03
5355,21,M05561,Type_16,Afternoon,105.6,2024-07-15 16:06:45
5356,24,M02227,Type_20,Afternoon,105.3,2024-07-15 16:09:26
5357,11,M01080,Type_25,Morning,147.1,2024-07-15 18:35:10
5358,3,M04207,Type_06,Night,117.6,2024-07-15 18:38:05
5359,23,M06281,Type_17,Night,119.6,2024-07-15 18:50:27
5360,4,M07236,Type_25,Afternoon,120.8,2024-07-15 20:02:51
5361,5,M00814,Type_06,Afternoon,122.3,2024-07-15 22:31:30
5362,4,M05090,Type_22,Morning,108.3,2024-07-15 23:25:11
5363,13,M02032,Type_23,Afternoon,103.6,2024-07-15 23:29:07
5364,9,M08515,Type_11,Afternoon,113.3,2024-07-16 00:29:47
5365,23,M09096,Type_14,Afternoon,133.1,2024-07-16 00:39:30
5366,14,M09734,Type_04,Night,132.5,2024-07-16 00:53:54
5367,16,M05912,Type_12,Afternoon,105.2,2024-07-16 01:34:22
5368,22,M02654,Type_05,Morning,125.4,2024-07-16 02:01:54
5369,6,M03341,Type_21,Night,106.1,2024-07-16 02:33:23
5370,10,M07877,Type_20,Morning,110.7,2024-07-16 02:54:38
5371,23,M01142,Type_03,Morning,100.5,2024-07-16 03:15:45
5372,21,M09042,Type_17,Morning,106.4,2024-07-16 04:37:32
5373,13,M08559,Type_03,Afternoon,136.8,2024-07-16 09:23:18
5374,3,M02898,Type_20,Night,111.8,2024-07-16 09:31:39
5375,11,M09282,Type_22,Afternoon,112.7,2024-07-16 11:31:39
5376,3,M04042,Type_05,Night,81.1,2024-07-16 11:43:36
5377,7,M02039,Type_16,Afternoon,103.8,2024-07-16 13:16:05
5378,10,M04271,Type_11,Morning,105.2,2024-07-16 13:34:08
5379,1,M04684,Type_09,Night,93.4,2024-07-16 13:47:41
5380,4,M00495,Type_18,Morning,110.4,2024-07-16 14:21:26
5381,8,M07117,Type_05,Morning,101.4,2024-07-16 14:44:20
5382,20,M01785,Type_15,Afternoon,111.6,2024-07-16 15:53:57
5383,17,M03511,Type_04,Morning,112.4,2024-07-16 16:52:43
5384,5,M03787,Type_03,Morning,90.9,2024-07-16 17:11:46
5385,17,M05267,Type_06,Afternoon,102.0,2024-07-16 18:07:16
5386,9,M09191,Type_20,Afternoon,111.5,2024-07-16 18:12:24
5387,8,M05429,Type_13,Afternoon,133.7,2024-07-16 18:20:05
5388,7,M06682,Type_12,Night,115.1,2024-07-16 18:37:01
5389,5,M06894,Type_21,Afternoon,96.8,2024-07-16 19:01:14
5390,4,M09644,Type_23,Night,118.0,2024-07-16 20:00:53
5391,23,M09944,Type_12,Morning,144.2,2024-07-16 21:40:47
5392,3,M04659,Type_02,Afternoon,128.3,2024-07-16 22:05:27
5393,8,M07083,Type_02,Night,121.0,2024-07-16 22:37:47
5394,5,M06870,Type_24,Afternoon,124.5,2024-07-16 22:49:08
5395,5,M07608,Type_24,Afternoon,138.8,2024-07-16 23:31:34
5396,17,M07670,Type_15,Morning,131.5,2024-07-17 01:38:08
5397,15,M06220,Type_05,Morning,121.3,2024-07-17 02:54:29
5398,8,M04535,Type_07,Afternoon,131.4,2024-07-17 03:02:16
5399,7,M05980,Type_19,Morning,88.4,2024-07-17 05:12:56
5400,17,M08891,Type_08,Night,80.0,2024-07-17 05:51:35
5401,12,M01313,Type_11,Morning,113.1,2024-07-17 07:11:22
5402,4,M02963,Type_24,Night,111.4,2024-07-17 09:46:27
5403,20,M02939,Type_18,Night,99.1,2024-07-17 10:01:55
5404,25,M03198,Type_13,Morning,126.5,2024-07-17 13:31:08
5405,18,M05297,Type_25,Morning,80.0,2024-07-17 13:33:39
5406,4,M07205,Type_24,Night,99.3,2024-07-17 13:36:01
5407,10,M05731,Type_17,Night,100.3,2024-07-17 14:19:53
5408,3,M00127,Type_09,Afternoon,80.0,2024-07-17 14:25:04
5409,5,M05603,Type_06,Morning,139.9,2024-07-17 16:25:46
5410,12,M01192,Type_11,Afternoon,82.8,2024-07-17 16:38:28
5411,23,M02640,Type_04,Afternoon,98.2,2024-07-17 18:04:01
5412,5,M01367,Type_16,Morning,128.2,2024-07-17 19:55:15
5413,5,M09212,Type_24,Afternoon,122.9,2024-07-17 20:08:43
5414,4,M06454,Type_04,Morning,87.8,2024-07-17 20:13:27
5415,25,M06672,Type_19,Morning,123.6,2024-07-18 01:25:15
5416,6,M06684,Type_08,Morning,115.8,2024-07-18 01:45:44
5417,10,M04540,Type_24,Morning,156.7,2024-07-18 01:49:09
5418,6,M08877,Type_17,Morning,118.1,2024-07-18 02:36:26
5419,22,M02888,Type_13,Afternoon,107.2,2024-07-18 03:00:05
5420,22,M09655,Type_03,Morning,92.9,2024-07-18 03:26:09
5421,1,M04087,Type_20,Morning,95.1,2024-07-18 03:55:58
5422,16,M02262,Type_03,Morning,93.5,2024-07-18 04:11:30
5423,11,M04181,Type_20,Night,137.4,2024-07-18 06:11:58
5424,6,M02842,Type_08,Afternoon,110.4,2024-07-18 06:16:51
5425,20,M09960,Type_11,Afternoon,121.3,2024-07-18 06:51:05
5426,18,M06041,Type_04,Afternoon,140.3,2024-07-18 06:59:51
5427,6,M03561,Type_25,Night,80.0,2024-07-18 07:01:46
5428,17,M04759,Type_18,Morning,135.6,2024-07-18 07:28:54
5429,12,M00627,Type_04,Afternoon,111.1,2024-07-18 08:46:11
5430,17,M05015,Type_09,Afternoon,118.7,2024-07-18 08:54:43
5431,21,M01376,Type_21,Afternoon,93.4,2024-07-18 08:56:23
5432,22,M01182,Type_09,Morning,94.9,2024-07-18 09:45:53
5433,18,M05709,Type_17,Afternoon,119.8,2024-07-18 09:59:18
5434,10,M00491,Type_08,Morning,157.7,2024-07-18 10:27:35
5435,24,M03730,Type_21,Afternoon,130.1,2024-07-18 11:40:23
5436,20,M05975,Type_16,Afternoon,135.3,2024-07-18 11:56:04
5437,12,M03535,Type_05,Morning,106.2,2024-07-18 13:03:36
5438,4,M03297,Type_03,Night,98.0,2024-07-18 14:01:19
5439,10,M01941,Type_22,Morning,94.4,2024-07-18 14:44:32
5440,5,M05015,Type_09,Night,100.2,2024-07-18 15:07:28
5441,4,M01883,Type_07,Afternoon,80.0,2024-07-18 15:39:36
5442,16,M04909,Type_10,Morning,95.5,2024-07-18 15:42:19
5443,5,M02988,Type_07,Morning,98.8,2024-07-18 17:05:16
5444,19,M05586,Type_17,Night,106.5,2024-07-18 18:06:44
5445,24,M03160,Type_03,Morning,112.6,2024-07-18 18:08:10
5446,6,M04531,Type_14,Morning,117.2,2024-07-18 19:26:26
5447,24,M00682,Type_12,Morning,109.7,2024-07-18 19:41:24
5448,21,M05255,Type_11,Afternoon,98.4,2024-07-18 19:59:47
5449,7,M01074,Type_12,Afternoon,80.0,2024-07-18 20:07:39
5450,10,M02388,Type_13,Morning,98.5,2024-07-18 21:54:12
5451,7,M02694,Type_08,Morning,90.6,2024-07-18 22:21:41
5452,22,M09563,Type_12,Morning,119.3,2024-07-18 23:22:14
5453,14,M04341,Type_10,Morning,128.2,2024-07-19 02:33:07
5454,10,M02157,Type_13,Afternoon,128.8,2024-07-19 02:38:54
5455,20,M07967,Type_25,Afternoon,125.1,2024-07-19 02:45:35
5456,22,M02581,Type_11,Morning,107.3,2024-07-19 06:39:41
5457,25,M07258,Type_01,Morning,99.6,2024-07-19 07:37:03
5458,11,M02160,Type_21,Morning,95.1,2024-07-19 07:43:07
5459,14,M06773,Type_06,Night,80.0,2024-07-19 07:49:35
5460,12,M01628,Type_02,Night,129.8,2024-07-19 07:52:48
5461,4,M08220,Type_04,Night,106.5,2024-07-19 08:40:44
5462,13,M07081,Type_05,Morning,85.1,2024-07-19 09:12:25
5463,22,M01986,Type_14,Morning,93.5,2024-07-19 10:30:51
5464,22,M09714,Type_05,Morning,92.7,2024-07-19 10:42:41
5465,3,M08489,Type_21,Morning,110.9,2024-07-19 11:07:48
5466,13,M02182,Type_03,Afternoon,131.3,2024-07-19 11:40:24
5467,20,M02297,Type_03,Night,103.0,2024-07-19 11:47:15
5468,19,M07165,Type_09,Night,80.0,2024-07-19 13:30:58
5469,15,M02598,Type_17,Night,106.2,2024-07-19 14:46:53
5470,19,M00902,Type_16,Morning,106.9,2024-07-19 14:47:06
5471,20,M06061,Type_06,Afternoon,105.5,2024-07-19 16:37:27
5472,4,M09291,Type_02,Morning,97.5,2024-07-19 17:02:12
5473,6,M01678,Type_20,Morning,114.3,2024-07-19 17:42:16
5474,15,M02882,Type_17,Afternoon,111.3,2024-07-19 18:05:46
5475,4,M05623,Type_17,Morning,109.5,2024-07-19 19:17:38
5476,6,M08053,Type_17,Afternoon,118.3,2024-07-19 19:38:03
5477,2,M01379,Type_09,Morning,101.4,2024-07-19 20:30:18
5478,4,M01249,Type_15,Afternoon,100.3,2024-07-19 20:33:08
5479,18,M05651,Type_08,Night,137.6,2024-07-19 20:45:59
5480,15,M06080,Type_23,Morning,121.2,2024-07-19 22:02:45
5481,12,M09457,Type_11,Night,126.5,2024-07-19 22:12:17
5482,8,M07037,Type_25,Morning,134.5,2024-07-19 22:58:20
5483,12,M06488,Type_08,Afternoon,120.5,2024-07-19 23:15:48
5484,9,M01059,Type_10,Afternoon,128.6,2024-07-20 00:56:36
5485,7,M02049,Type_11,Afternoon,80.0,2024-07-20 02:05:37
5486,22,M06116,Type_13,Night,114.1,2024-07-20 02:30:09
5487,8,M04249,Type_17,Morning,106.3,2024-07-20 04:15:18
5488,20,M02477,Type_11,Afternoon,143.6,2024-07-20 05:47:17
5489,10,M04604,Type_01,Afternoon,128.6,2024-07-20 06:06:03
5490,11,M03554,Type_13,Night,97.4,2024-07-20 06:29:59
5491,2,M09954,Type_21,Morning,117.5,2024-07-20 08:46:11
5492,4,M00221,Type_06,Night,113.4,2024-07-20 09:29:30
5493,21,M04819,Type_07,Afternoon,119.1,2024-07-20 10:24:41
5494,25,M07193,Type_23,Morning,89.6,2024-07-20 10:30:03
5495,21,M04624,Type_14,Afternoon,117.2,2024-07-20 10:41:24
5496,25,M07350,Type_17,Morning,105.4,2024-07-20 11:53:03
5497,9,M05619,Type_19,Afternoon,115.6,2024-07-20 12:14:49
5498,8,M09857,Type_17,Night,95.5,2024-07-20 12:59:56
5499,5,M07210,Type_13,Afternoon,98.3,2024-07-20 14:26:00
5500,14,M04577,Type_22,Afternoon,133.5,2024-07-20 14:47:42
5501,2,M01872,Type_10,Afternoon,89.0,2024-07-20 16:30:26
5502,21,M07916,Type_20,Morning,90.4,2024-07-20 16:38:29
5503,17,M01463,Type_18,Morning,109.0,2024-07-20 17:08:04
5504,8,M05522,Type_13,Afternoon,94.6,2024-07-20 18:04:23
5505,2,M08537,Type_21,Morning,92.3,2024-07-20 18:43:04
5506,23,M08237,Type_10,Morning,112.1,2024-07-20 19:20:32
5507,15,M07814,Type_15,Afternoon,80.0,2024-07-20 19:57:47
5508,2,M02069,Type_15,Morning,89.8,2024-07-20 20:28:32
5509,11,M05754,Type_01,Morning,151.1,2024-07-20 21:57:31
5510,14,M07238,Type_05,Afternoon,119.2,2024-07-20 22:03:23
5511,21,M07017,Type_16,Morning,95.1,2024-07-20 22:59:45
5512,10,M06192,Type_20,Night,118.4,2024-07-20 23:38:12
5513,7,M01515,Type_20,Night,121.3,2024-07-20 23:54:11
5514,22,M02599,Type_16,Afternoon,129.9,2024-07-21 01:59:18
5515,14,M01002,Type_09,Morning,107.5,2024-07-21 02:19:09
5516,13,M01034,Type_19,Night,129.5,2024-07-21 02:21:40
5517,21,M06900,Type_09,Night,80.0,2024-07-21 02:23:49
5518,22,M08466,Type_12,Night,88.9,2024-07-21 04:15:59
5519,2,M05052,Type_07,Morning,113.3,2024-07-21 04:49:18
5520,10,M09972,Type_02,Afternoon,116.6,2024-07-21 05:03:15
5521,1,M04477,Type_10,Night,91.8,2024-07-21 06:11:18
5522,1,M00479,Type_23,Afternoon,115.2,2024-07-21 06:39:59
5523,24,M00516,Type_11,Afternoon,97.5,2024-07-21 06:56:22
5524,3,M01192,Type_11,Afternoon,104.5,2024-07-21 09:06:15
5525,11,M06298,Type_11,Afternoon,130.5,2024-07-21 09:21:00
5526,19,M09604,Type_09,Morning,128.2,2024-07-21 09:48:45
5527,9,M00272,Type_25,Afternoon,90.1,2024-07-21 10:24:43
5528,13,M08335,Type_16,Morning,88.9,2024-07-21 12:21:21
5529,22,M07779,Type_16,Afternoon,101.8,2024-07-21 13:56:56
5530,4,M06009,Type_17,Morning,109.5,2024-07-21 14:42:39
5531,20,M07988,Type_25,Afternoon,96.8,2024-07-21 15:49:07
5532,23,M03333,Type_19,Morning,130.8,2024-07-21 15:56:14
5533,6,M00788,Type_14,Afternoon,116.9,2024-07-21 18:04:13
5534,2,M06223,Type_08,Night,118.1,2024-07-21 18:41:35
5535,9,M09874,Type_09,Morning,84.7,2024-07-21 20:20:01
5536,18,M00623,Type_10,Morning,133.3,2024-07-21 20:59:25
5537,24,M03842,Type_16,Morning,80.0,2024-07-21 20:59:50
5538,4,M03677,Type_14,Night,126.7,2024-07-21 21:19:52
5539,1,M02573,Type_21,Afternoon,128.7,2024-07-21 22:23:04
5540,1,M06916,Type_01,Afternoon,101.4,2024-07-21 23:35:06
5541,25,M05034,Type_24,Morning,135.5,2024-07-22 02:22:28
5542,20,M07789,Type_04,Afternoon,108.7,2024-07-22 02:40:19
5543,17,M05215,Type_24,Night,111.2,2024-07-22 02:51:52
5544,19,M04713,Type_01,Night,116.8,2024-07-22 04:15:47
5545,3,M00067,Type_06,Afternoon,160.0,2024-07-22 05:26:06
5546,23,M07534,Type_23,Morning,136.9,2024-07-22 05:45:38
5547,22,M04617,Type_10,Morning,124.0,2024-07-22 06:10:45
5548,24,M01141,Type_13,Morning,91.7,2024-07-22 06:40:28
5549,23,M05731,Type_17,Morning,112.9,2024-07-22 07:16:17
5550,17,M07466,Type_18,Morning,93.7,2024-07-22 07:44:46
5551,3,M09380,Type_14,Morning,126.4,2024-07-22 08:48:03
5552,25,M04472,Type_21,Morning,112.8,2024-07-22 09:49:45
5553,4,M03340,Type_03,Night,87.5,2024-07-22 13:30:00
5554,13,M00549,Type_03,Afternoon,111.6,2024-07-22 14:45:43
5555,15,M07676,Type_23,Night,93.0,2024-07-22 15:20:36
5556,12,M08265,Type_15,Afternoon,113.0,2024-07-22 16:25:30
5557,3,M00199,Type_11,Morning,92.8,2024-07-22 19:48:25
5558,21,M09974,Type_08,Afternoon,110.5,2024-07-22 20:11:13
5559,8,M00572,Type_23,Morning,125.0,2024-07-22 20:28:13
5560,1,M00791,Type_04,Afternoon,108.9,2024-07-22 21:00:40
5561,18,M09831,Type_12,Morning,102.2,2024-07-22 21:09:28
5562,13,M01175,Type_17,Night,114.1,2024-07-22 21:35:53
5563,7,M00179,Type_09,Morning,123.9,2024-07-22 22:55:43
5564,13,M02245,Type_11,Morning,87.9,2024-07-23 00:39:32
5565,17,M04087,Type_20,Night,115.2,2024-07-23 01:46:56
5566,13,M00735,Type_11,Morning,136.4,2024-07-23 01:51:12
5567,13,M06233,Type_05,Afternoon,121.5,2024-07-23 01:56:33
5568,11,M00799,Type_07,Afternoon,111.2,2024-07-23 03:25:33
5569,14,M07602,Type_22,Night,122.8,2024-07-23 03:31:18
5570,21,M08980,Type_14,Night,119.0,2024-07-23 04:13:20
5571,10,M02796,Type_24,Night,125.1,2024-07-23 05:24:10
5572,8,M04589,Type_15,Morning,80.0,2024-07-23 05:27:25
5573,6,M07298,Type_02,Night,80.0,2024-07-23 06:28:33
5574,19,M03085,Type_16,Afternoon,130.1,2024-07-23 06:52:07
5575,23,M00732,Type_12,Afternoon,80.0,2024-07-23 07:25:38
5576,19,M01130,Type_16,Morning,118.0,2024-07-23 08:28:32
5577,12,M01606,Type_14,Afternoon,103.0,2024-07-23 09:19:12
5578,21,M02934,Type_05,Night,90.1,2024-07-23 09:58:51
5579,7,M09408,Type_03,Night,117.0,2024-07-23 10:39:21
5580,18,M08517,Type_03,Afternoon,114.0,2024-07-23 11:23:47
5581,20,M05075,Type_02,Morning,152.2,2024-07-23 11:42:56
5582,18,M07100,Type_19,Morning,97.5,2024-07-23 12:01:59
5583,23,M01491,Type_18,Night,138.8,2024-07-23 13:20:24
5584,3,M00894,Type_21,Afternoon,117.0,2024-07-23 13:50:18
5585,9,M01391,Type_19,Afternoon,96.8,2024-07-23 15:33:05
5586,6,M03390,Type_04,Morning,126.0,2024-07-23 21:12:40
5587,1,M04240,Type_11,Afternoon,121.3,2024-07-23 21:36:29
5588,10,M04480,Type_18,Afternoon,110.7,2024-07-23 21:47:04
5589,8,M02264,Type_09,Night,115.3,2024-07-24 00:19:10
5590,23,M03433,Type_02,Afternoon,98.1,2024-07-24 01:09:50
5591,17,M02372,Type_18,Morning,93.5,2024-07-24 01:53:44
5592,3,M04313,Type_23,Afternoon,125.2,2024-07-24 02:30:34
5593,3,M01516,Type_14,Morning,105.5,2024-07-24 03:10:35
5594,3,M06327,Type_20,Night,108.4,2024-07-24 03:39:31
5595,7,M07089,Type_07,Morning,115.6,2024-07-24 04:46:54
5596,22,M05587,Type_09,Afternoon,115.3,2024-07-24 05:30:53
5597,11,M02918,Type_10,Morning,81.4,2024-07-24 06:27:08
5598,18,M05732,Type_16,Afternoon,135.7,2024-07-24 07:22:25
5599,5,M07687,Type_23,Afternoon,112.4,2024-07-24 08:22:43
5600,22,M01168,Type_24,Afternoon,105.9,2024-07-24 08:37:47
5601,2,M08303,Type_03,Morning,118.6,2024-07-24 08:57:47
5602,14,M05110,Type_21,Morning,114.7,2024-07-24 09:01:17
5603,1,M04328,Type_17,Morning,125.3,2024-07-24 09:37:02
5604,4,M05811,Type_16,Afternoon,120.8,2024-07-24 11:36:02
5605,14,M03656,Type_17,Morning,124.4,2024-07-24 12:24:31
5606,15,M03794,Type_15,Afternoon,137.0,2024-07-24 12:33:29
5607,20,M09948,Type_25,Night,127.7,2024-07-24 12:42:45
5608,20,M06739,Type_10,Night,106.8,2024-07-24 14:06:01
5609,17,M01578,Type_17,Afternoon,87.5,2024-07-24 14:25:25
5610,3,M09489,Type_19,Afternoon,143.4,2024-07-24 16:54:30
5611,23,M02221,Type_13,Morning,105.2,2024-07-24 17:00:39
5612,4,M09165,Type_01,Afternoon,100.5,2024-07-24 17:11:54
5613,18,M01031,Type_07,Night,80.0,2024-07-24 18:00:05
5614,24,M06692,Type_11,Morning,116.8,2024-07-24 19:32:59
5615,1,M03993,Type_05,Afternoon,113.0,2024-07-24 19:38:47
5616,25,M00914,Type_08,Night,80.0,2024-07-24 20:58:56
5617,5,M06359,Type_15,Night,119.1,2024-07-24 21:45:36
5618,18,M02182,Type_03,Morning,100.0,2024-07-24 22:28:43
5619,13,M03198,Type_13,Afternoon,160.0,2024-07-24 23:34:25
5620,14,M06041,Type_04,Morning,98.6,2024-07-24 23:54:40
5621,20,M01463,Type_18,Morning,101.3,2024-07-25 01:58:14
5622,3,M07038,Type_12,Night,92.5,2024-07-25 02:12:12
5623,23,M09500,Type_07,Night,135.6,2024-07-25 02:29:31
5624,6,M04995,Type_18,Night,102.5,2024-07-25 02:48:09
5625,11,M09382,Type_08,Morning,95.5,2024-07-25 03:13:55
5626,9,M05309,Type_03,Night,124.1,2024-07-25 04:17:50
5627,20,M06222,Type_08,Afternoon,82.4,2024-07-25 05:03:11
5628,19,M07091,Type_17,Morning,122.5,2024-07-25 05:05:08
5629,7,M07770,Type_16,Afternoon,145.6,2024-07-25 05:58:50
5630,22,M00688,Type_23,Morning,121.3,2024-07-25 06:13:11
5631,21,M04662,Type_18,Night,122.8,2024-07-25 06:51:42
5632,10,M09400,Type_14,Afternoon,127.4,2024-07-25 07:15:44
5633,7,M01895,Type_24,Morning,144.2,2024-07-25 07:16:02
5634,5,M07390,Type_05,Morning,134.2,2024-07-25 07:25:03
5635,25,M04923,Type_15,Morning,118.8,2024-07-25 08:26:10
5636,4,M06323,Type_20,Morning,128.1,2024-07-25 10:45:59
5637,17,M03184,Type_22,Afternoon,92.3,2024-07-25 10:54:17
5638,5,M03798,Type_13,Night,125.5,2024-07-25 12:14:48
5639,17,M05179,Type_09,Morning,89.9,2024-07-25 12:18:57
5640,17,M09837,Type_25,Morning,102.7,2024-07-25 13:49:17
5641,17,M03969,Type_03,Afternoon,80.0,2024-07-25 15:12:36
5642,1,M02717,Type_24,Night,118.0,2024-07-25 15:42:23
5643,24,M00191,Type_18,Morning,97.1,2024-07-25 15:46:52
5644,2,M01336,Type_02,Morning,132.2,2024-07-25 17:04:16
5645,25,M08182,Type_25,Afternoon,117.8,2024-07-25 19:15:41
5646,23,M00379,Type_09,Morning,132.5,2024-07-25 19:59:24
5647,19,M03830,Type_03,Morning,88.3,2024-07-25 20:06:00
5648,9,M06381,Type_16,Afternoon,130.8,2024-07-25 20:12:01
5649,20,M00616,Type_17,Afternoon,152.1,2024-07-25 20:12:52
5650,23,M02331,Type_09,Afternoon,125.3,2024-07-25 21:43:49
5651,15,M01755,Type_04,Afternoon,125.8,2024-07-25 22:52:19
5652,19,M00464,Type_25,Afternoon,113.4,2024-07-26 00:03:47
5653,5,M09159,Type_03,Morning,99.5,2024-07-26 00:18:20
5654,13,M04268,Type_12,Morning,125.2,2024-07-26 00:18:35
5655,4,M03159,Type_21,Morning,80.0,2024-07-26 00:30:43
5656,13,M03625,Type_07,Morning,101.6,2024-07-26 01:48:21
5657,6,M04939,Type_21,Afternoon,80.0,2024-07-26 01:50:50
5658,12,M05418,Type_10,Night,95.9,2024-07-26 02:20:46
5659,9,M06005,Type_06,Night,122.8,2024-07-26 02:27:26
5660,15,M08882,Type_08,Afternoon,120.1,2024-07-26 03:10:15
5661,21,M05604,Type_02,Morning,111.0,2024-07-26 03:41:36
5662,15,M02213,Type_06,Morning,113.4,2024-07-26 03:48:51
5663,17,M06121,Type_13,Night,80.0,2024-07-26 04:12:30
5664,5,M05819,Type_06,Afternoon,102.5,2024-07-26 05:06:57
5665,5,M00383,Type_10,Afternoon,96.4,2024-07-26 05:34:38
5666,25,M02257,Type_24,Night,96.8,2024-07-26 05:56:11
5667,24,M01413,Type_20,Afternoon,122.0,2024-07-26 07:08:39
5668,5,M09776,Type_11,Night,92.8,2024-07-26 08:07:03
5669,21,M06147,Type_01,Morning,97.9,2024-07-26 08:10:29
5670,14,M00372,Type_13,Afternoon,80.0,2024-07-26 08:15:52
5671,2,M05807,Type_17,Night,104.1,2024-07-26 08:47:57
5672,9,M05566,Type_06,Morning,88.2,2024-07-26 09:44:10
5673,14,M08803,Type_10,Afternoon,111.6,2024-07-26 12:12:59
5674,15,M08308,Type_04,Morning,91.0,2024-07-26 12:46:00
5675,4,M07438,Type_25,Night,112.1,2024-07-26 13:29:01
5676,23,M00447,Type_15,Morning,107.1,2024-07-26 13:30:36
5677,6,M01392,Type_19,Afternoon,143.4,2024-07-26 13:44:25
5678,14,M01341,Type_09,Morning,119.9,2024-07-26 13:46:06
5679,5,M02940,Type_22,Afternoon,80.0,2024-07-26 15:41:35
5680,11,M05970,Type_03,Morning,84.7,2024-07-26 16:10:13
5681,21,M09266,Type_22,Morning,111.1,2024-07-26 16:26:21
5682,14,M04814,Type_10,Afternoon,91.4,2024-07-26 16:36:10
5683,7,M03570,Type_05,Night,80.0,2024-07-26 16:47:21
5684,14,M05455,Type_25,Morning,137.0,2024-07-26 17:26:06
5685,13,M03151,Type_17,Morning,124.4,2024-07-26 19:13:49
5686,18,M09798,Type_21,Night,120.4,2024-07-26 20:43:29
5687,25,M06415,Type_07,Afternoon,97.9,2024-07-26 21:28:01
5688,2,M04658,Type_10,Night,118.6,2024-07-26 23:22:05
5689,9,M06948,Type_01,Morning,95.9,2024-07-27 00:11:44
5690,11,M07944,Type_01,Afternoon,114.1,2024-07-27 00:11:57
5691,20,M03663,Type_18,Morning,91.6,2024-07-27 00:30:37
5692,11,M04483,Type_25,Morning,140.3,2024-07-27 03:41:33
5693,6,M04798,Type_07,Afternoon,80.0,2024-07-27 04:32:21
5694,1,M05069,Type_15,Afternoon,134.6,2024-07-27 08:14:30
5695,5,M05481,Type_05,Night,110.8,2024-07-27 09:02:44
5696,22,M08034,Type_07,Morning,100.2,2024-07-27 09:06:45
5697,25,M00984,Type_05,Afternoon,113.3,2024-07-27 09:24:27
5698,14,M05608,Type_04,Afternoon,124.7,2024-07-27 10:00:15
5699,25,M08544,Type_24,Night,137.3,2024-07-27 10:53:17
5700,16,M09917,Type_16,Morning,116.3,2024-07-27 10:59:41
5701,9,M09472,Type_15,Morning,92.2,2024-07-27 11:10:33
5702,19,M01908,Type_25,Morning,111.1,2024-07-27 11:15:59
5703,20,M06925,Type_23,Afternoon,146.3,2024-07-27 13:19:30
5704,8,M09217,Type_25,Morning,137.0,2024-07-27 13:27:26
5705,8,M08738,Type_02,Night,128.2,2024-07-27 15:44:00
5706,16,M04175,Type_10,Morning,125.9,2024-07-27 18:11:41
5707,18,M09081,Type_10,Night,124.0,2024-07-27 18:37:08
5708,8,M07266,Type_03,Morning,133.2,2024-07-27 18:40:37
5709,23,M09298,Type_11,Afternoon,100.9,2024-07-27 20:34:02
5710,9,M01991,Type_10,Night,82.9,2024-07-27 21:39:28
5711,5,M05597,Type_03,Morning,111.4,2024-07-27 22:04:47
5712,2,M03999,Type_10,Night,93.6,2024-07-27 22:14:17
5713,21,M03776,Type_21,Afternoon,88.9,2024-07-27 22:16:38
5714,14,M09113,Type_10,Night,95.6,2024-07-27 23:42:01
5715,18,M04646,Type_25,Afternoon,159.7,2024-07-28 00:11:41
5716,13,M02062,Type_06,Morning,112.7,2024-07-28 00:46:29
5717,12,M04488,Type_14,Morning,117.2,2024-07-28 00:59:13
5718,15,M04436,Type_08,Morning,85.6,2024-07-28 01:10:13
5719,21,M02645,Type_08,Morning,80.0,2024-07-28 01:54:58
5720,15,M01046,Type_04,Morning,93.6,2024-07-28 02:50:12
5721,25,M07952,Type_13,Morning,138.8,2024-07-28 03:23:31
5722,23,M06450,Type_23,Afternoon,116.7,2024-07-28 04:33:55
5723,23,M02682,Type_23,Night,122.0,2024-07-28 04:57:40
5724,1,M03200,Type_08,Morning,124.8,2024-07-28 07:52:05
5725,25,M06769,Type_05,Morning,98.2,2024-07-28 08:43:59
5726,22,M09131,Type_14,Afternoon,137.8,2024-07-28 09:09:57
5727,7,M07441,Type_16,Morning,97.3,2024-07-28 10:07:53
5728,13,M08634,Type_25,Morning,138.1,2024-07-28 11:42:53
5729,18,M02551,Type_03,Morning,118.8,2024-07-28 12:42:32
5730,1,M04226,Type_01,Night,80.0,2024-07-28 13:52:45
5731,11,M00597,Type_23,Night,95.0,2024-07-28 15:41:01
5732,13,M06055,Type_02,Morning,80.0,2024-07-28 15:46:50
5733,20,M01506,Type_19,Afternoon,133.3,2024-07-28 17:34:03
5734,9,M09054,Type_24,Afternoon,109.5,2024-07-28 18:29:41
5735,25,M06469,Type_13,Afternoon,80.0,2024-07-28 18:37:22
5736,16,M07237,Type_10,Afternoon,117.5,2024-07-28 18:38:54
5737,11,M01552,Type_18,Afternoon,99.3,2024-07-28 20:21:18
5738,3,M09929,Type_16,Morning,80.3,2024-07-28 20:56:16
5739,17,M06853,Type_07,Morning,143.6,2024-07-28 21:04:03
5740,2,M01450,Type_01,Afternoon,112.1,2024-07-28 21:37:42
5741,9,M05954,Type_21,Night,104.1,2024-07-28 21:48:59
5742,9,M08457,Type_01,Afternoon,102.0,2024-07-29 03:11:37
5743,16,M08043,Type_01,Night,80.0,2024-07-29 04:55:31
5744,1,M02660,Type_24,Night,83.9,2024-07-29 06:31:05
5745,25,M07510,Type_19,Morning,135.7,2024-07-29 07:47:34
5746,17,M07894,Type_20,Afternoon,100.5,2024-07-29 10:20:14
5747,10,M07446,Type_10,Afternoon,110.4,2024-07-29 10:39:22
5748,20,M02722,Type_25,Night,80.0,2024-07-29 10:57:42
5749,5,M09655,Type_03,Night,83.6,2024-07-29 12:50:24
5750,8,M09638,Type_16,Afternoon,122.2,2024-07-29 13:05:56
5751,13,M02926,Type_08,Morning,117.6,2024-07-29 13:28:58
5752,21,M09825,Type_25,Night,145.1,2024-07-29 14:25:39
5753,5,M07105,Type_07,Morning,136.9,2024-07-29 15:29:17
5754,4,M06241,Type_12,Night,105.4,2024-07-29 18:44:24
5755,25,M00513,Type_20,Night,119.5,2024-07-29 19:04:47
5756,8,M00216,Type_08,Morning,103.7,2024-07-29 19:18:49
5757,25,M07300,Type_11,Afternoon,151.1,2024-07-29 19:51:15
5758,23,M03154,Type_12,Afternoon,133.0,2024-07-29 20:48:37
5759,7,M07451,Type_08,Afternoon,113.4,2024-07-29 21:19:13
5760,5,M01707,Type_08,Morning,114.0,2024-07-29 21:59:45
5761,10,M01568,Type_20,Night,138.9,2024-07-29 22:08:45
5762,17,M01129,Type_04,Night,121.6,2024-07-29 22:36:32
5763,6,M03511,Type_04,Night,141.2,2024-07-30 00:23:45
5764,10,M07868,Type_19,Morning,80.0,2024-07-30 01:36:44
5765,16,M02366,Type_25,Night,119.2,2024-07-30 03:05:26
5766,22,M05584,Type_14,Afternoon,99.7,2024-07-30 03:41:50
5767,10,M04898,Type_10,Morning,145.1,2024-07-30 03:46:40
5768,4,M05719,Type_19,Morning,140.9,2024-07-30 04:29:37
5769,2,M06002,Type_04,Morning,110.7,2024-07-30 05:07:24
5770,1,M04568,Type_14,Night,140.7,2024-07-30 06:39:51
5771,3,M09272,Type_06,Afternoon,145.7,2024-07-30 10:00:31
5772,13,M02742,Type_23,Afternoon,111.5,2024-07-30 10:11:31
5773,25,M03021,Type_12,Morning,159.4,2024-07-30 10:32:15
5774,12,M06257,Type_07,Afternoon,109.4,2024-07-30 15:47:37
5775,1,M00229,Type_16,Morning,105.7,2024-07-30 16:03:46
5776,21,M08363,Type_13,Morning,127.3,2024-07-30 16:30:17
5777,10,M00295,Type_18,Afternoon,102.9,2024-07-30 18:25:53
5778,6,M04285,Type_10,Morning,111.7,2024-07-30 19:00:26
5779,9,M08618,Type_16,Night,138.2,2024-07-30 19:29:07
5780,1,M06802,Type_08,Morning,110.4,2024-07-30 19:37:27
5781,12,M00919,Type_08,Afternoon,80.0,2024-07-30 20:47:17
5782,5,M00499,Type_07,Afternoon,117.3,2024-07-30 21:46:39
5783,1,M02810,Type_22,Afternoon,96.1,2024-07-30 22:23:44
5784,2,M04962,Type_10,Morning,127.3,2024-07-30 22:48:25
5785,14,M09018,Type_06,Morning,123.9,2024-07-30 22:58:39
5786,2,M03780,Type_02,Night,139.4,2024-07-31 00:13:30
5787,5,M02119,Type_25,Morning,128.2,2024-07-31 00:21:01
5788,10,M06392,Type_16,Night,131.8,2024-07-31 01:20:13
5789,20,M00146,Type_09,Night,96.6,2024-07-31 01:47:29
5790,6,M07943,Type_25,Morning,126.1,2024-07-31 03:13:40
5791,5,M04566,Type_17,Morning,149.4,2024-07-31 03:49:45
5792,2,M00193,Type_03,Afternoon,96.2,2024-07-31 05:14:55
5793,9,M05188,Type_13,Night,146.0,2024-07-31 05:46:49
5794,10,M06638,Type_24,Night,99.0,2024-07-31 06:47:35
5795,8,M08244,Type_10,Afternoon,93.0,2024-07-31 07:24:06
5796,25,M02411,Type_17,Night,115.9,2024-07-31 10:20:18
5797,6,M01821,Type_25,Morning,124.3,2024-07-31 11:53:07
5798,5,M02965,Type_06,Night,128.2,2024-07-31 11:59:25
5799,21,M02522,Type_13,Night,90.8,2024-07-31 12:25:27
5800,18,M02569,Type_02,Morning,118.7,2024-07-31 13:37:57
5801,20,M05883,Type_19,Morning,96.3,2024-07-31 13:57:42
5802,18,M01868,Type_01,Morning,80.2,2024-07-31 13:59:01
5803,2,M07466,Type_18,Morning,91.4,2024-07-31 14:06:09
5804,12,M07603,Type_10,Night,95.0,2024-07-31 14:48:56
5805,8,M03200,Type_08,Morning,120.4,2024-07-31 17:10:48
5806,4,M06104,Type_18,Morning,133.0,2024-07-31 17:34:20
5807,20,M00241,Type_17,Morning,80.5,2024-07-31 19:00:31
5808,23,M03441,Type_16,Night,117.0,2024-07-31 20:37:35
5809,4,M04632,Type_03,Afternoon,86.5,2024-07-31 22:12:29
5810,9,M09600,Type_09,Afternoon,122.6,2024-08-01 01:04:04
5811,9,M08275,Type_11,Morning,97.5,2024-08-01 01:09:54
5812,12,M05078,Type_14,Night,89.0,2024-08-01 01:45:02
5813,14,M03769,Type_16,Night,126.0,2024-08-01 01:54:02
5814,3,M09143,Type_22,Morning,98.3,2024-08-01 02:02:35
5815,6,M07996,Type_19,Morning,103.7,2024-08-01 02:43:04
5816,15,M08803,Type_10,Morning,80.0,2024-08-01 04:55:34
5817,23,M06430,Type_17,Morning,128.9,2024-08-01 06:16:11
5818,19,M03606,Type_19,Afternoon,126.4,2024-08-01 07:01:05
5819,4,M02174,Type_12,Night,110.1,2024-08-01 07:25:46
5820,1,M09715,Type_08,Afternoon,80.0,2024-08-01 07:26:26
5821,9,M06569,Type_04,Night,134.2,2024-08-01 07:34:55
5822,23,M02602,Type_21,Afternoon,96.7,2024-08-01 08:01:19
5823,16,M02658,Type_11,Afternoon,100.9,2024-08-01 08:08:53
5824,23,M06081,Type_18,Afternoon,156.2,2024-08-01 08:28:20
5825,9,M07326,Type_15,Morning,95.9,2024-08-01 08:41:51
5826,12,M02160,Type_21,Morning,124.8,2024-08-01 12:02:00
5827,14,M03831,Type_12,Afternoon,121.2,2024-08-01 12:42:38
5828,15,M08314,Type_20,Morning,117.8,2024-08-01 13:23:47
5829,22,M04369,Type_10,Morning,115.6,2024-08-01 13:32:38
5830,24,M01318,Type_22,Afternoon,117.5,2024-08-01 13:46:10
5831,21,M04494,Type_19,Night,115.4,2024-08-01 15:08:03
5832,16,M01231,Type_11,Afternoon,109.0,2024-08-01 16:06:06
5833,8,M01134,Type_04,Night,140.2,2024-08-01 16:22:27
5834,10,M07608,Type_24,Afternoon,83.7,2024-08-01 16:52:04
5835,14,M01302,Type_03,Night,130.4,2024-08-01 17:12:50
5836,17,M01911,Type_15,Afternoon,126.4,2024-08-01 17:40:54
5837,3,M08083,Type_22,Night,124.0,2024-08-01 17:55:02
5838,4,M08108,Type_20,Afternoon,132.3,2024-08-01 18:14:20
5839,16,M09698,Type_17,Afternoon,108.1,2024-08-01 19:03:03
5840,14,M07971,Type_16,Afternoon,80.0,2024-08-01 19:20:55
5841,25,M01917,Type_14,Afternoon,108.6,2024-08-01 19:54:21
5842,24,M06997,Type_24,Morning,90.2,2024-08-01 20:30:36
5843,14,M02758,Type_22,Morning,95.4,2024-08-01 20:47:08
5844,16,M06465,Type_24,Morning,85.2,2024-08-01 20:49:44
5845,8,M00179,Type_09,Night,100.5,2024-08-01 21:11:40
5846,18,M09089,Type_15,Morning,98.1,2024-08-01 22:39:18
5847,7,M06363,Type_06,Morning,80.0,2024-08-01 22:48:06
5848,3,M09744,Type_01,Afternoon,124.0,2024-08-01 22:49:28
5849,6,M08684,Type_14,Morning,154.4,2024-08-01 22:53:08
5850,20,M00061,Type_24,Afternoon,122.1,2024-08-01 23:17:05
5851,16,M09270,Type_16,Morning,105.9,2024-08-01 23:33:31
5852,22,M06682,Type_12,Night,108.9,2024-08-02 00:00:43
5853,4,M02896,Type_06,Night,101.6,2024-08-02 00:05:21
5854,19,M00586,Type_12,Night,111.8,2024-08-02 00:21:18
5855,2,M05824,Type_20,Afternoon,109.3,2024-08-02 00:42:17
5856,4,M00535,Type_16,Night,93.2,2024-08-02 02:39:18
5857,2,M03463,Type_12,Morning,143.7,2024-08-02 07:07:46
5858,7,M04012,Type_16,Morning,80.3,2024-08-02 09:43:40
5859,15,M03399,Type_13,Morning,124.4,2024-08-02 09:56:22
5860,17,M02156,Type_18,Afternoon,108.0,2024-08-02 10:02:29
5861,14,M05967,Type_03,Afternoon,148.0,2024-08-02 13:13:04
5862,11,M07330,Type_17,Afternoon,116.8,2024-08-02 13:16:07
5863,17,M06958,Type_24,Morning,102.8,2024-08-02 15:45:17
5864,5,M09197,Type_02,Afternoon,105.0,2024-08-02 16:30:34
5865,23,M05326,Type_12,Afternoon,110.8,2024-08-02 16:32:16
5866,14,M08519,Type_14,Afternoon,87.1,2024-08-02 19:05:16
5867,17,M04704,Type_05,Afternoon,94.7,2024-08-02 20:17:36
5868,20,M02707,Type_14,Morning,80.0,2024-08-02 21:16:57
5869,21,M00002,Type_16,Night,91.5,2024-08-02 22:22:30
5870,2,M09226,Type_14,Afternoon,111.9,2024-08-02 23:29:19
5871,7,M08317,Type_14,Morning,116.0,2024-08-03 00:39:31
5872,4,M01105,Type_06,Morning,80.0,2024-08-03 02:46:29
5873,8,M01862,Type_06,Afternoon,107.3,2024-08-03 03:28:56
5874,1,M05270,Type_08,Night,121.3,2024-08-03 04:34:54
5875,10,M06944,Type_12,Afternoon,106.7,2024-08-03 06:17:28
5876,1,M08321,Type_20,Morning,97.3,2024-08-03 07:14:25
5877,1,M00438,Type_21,Night,101.8,2024-08-03 07:44:35
5878,4,M04847,Type_06,Afternoon,99.2,2024-08-03 09:19:54
5879,17,M03130,Type_11,Afternoon,97.3,2024-08-03 09:51:41
5880,5,M09414,Type_24,Afternoon,113.5,2024-08-03 12:33:29
5881,14,M08082,Type_10,Morning,156.2,2024-08-03 12:42:08
5882,6,M00902,Type_16,Afternoon,95.1,2024-08-03 14:08:20
5883,7,M05399,Type_20,Morning,103.6,2024-08-03 15:32:09
5884,8,M06679,Type_20,Night,109.0,2024-08-03 16:04:19
5885,24,M05530,Type_25,Afternoon,96.3,2024-08-03 16:15:39
5886,18,M06605,Type_11,Afternoon,132.0,2024-08-03 16:52:57
5887,4,M03919,Type_06,Afternoon,80.0,2024-08-03 19:27:41
5888,23,M01068,Type_06,Night,99.4,2024-08-03 20:12:01
5889,25,M00027,Type_15,Night,126.4,2024-08-03 20:35:53
5890,25,M06938,Type_21,Afternoon,104.1,2024-08-03 21:50:08
5891,3,M07265,Type_07,Afternoon,93.6,2024-08-03 22:48:52
5892,23,M07119,Type_07,Afternoon,118.8,2024-08-03 23:25:15
5893,4,M00548,Type_04,Afternoon,128.1,2024-08-04 00:02:00
5894,25,M08759,Type_14,Morning,114.2,2024-08-04 00:16:40
5895,23,M08896,Type_07,Afternoon,94.0,2024-08-04 00:22:00
5896,16,M05339,Type_14,Morning,119.1,2024-08-04 00:38:57
5897,13,M03141,Type_19,Night,102.0,2024-08-04 00:53:15
5898,22,M07997,Type_23,Morning,124.9,2024-08-04 02:45:33
5899,25,M01591,Type_18,Night,139.7,2024-08-04 03:27:02
5900,23,M07777,Type_25,Afternoon,80.0,2024-08-04 04:31:00
5901,11,M04944,Type_06,Afternoon,112.2,2024-08-04 05:03:37
5902,24,M08998,Type_25,Afternoon,80.0,2024-08-04 05:12:11
5903,11,M07799,Type_20,Morning,158.8,2024-08-04 05:49:55
5904,5,M03792,Type_20,Morning,100.6,2024-08-04 06:11:34
5905,20,M01358,Type_06,Morning,124.9,2024-08-04 06:46:41
5906,1,M08093,Type_19,Afternoon,109.3,2024-08-04 07:15:29
5907,14,M03226,Type_21,Afternoon,93.9,2024-08-04 07:26:45
5908,24,M02461,Type_11,Night,91.6,2024-08-04 09:07:36
5909,22,M08738,Type_02,Morning,141.7,2024-08-04 09:59:24
5910,20,M02729,Type_19,Morning,129.1,2024-08-04 10:00:38
5911,19,M06727,Type_01,Afternoon,148.9,2024-08-04 11:55:27
5912,5,M07482,Type_16,Night,111.1,2024-08-04 12:03:50
5913,20,M06431,Type_07,Afternoon,115.8,2024-08-04 13:15:28
5914,23,M03115,Type_06,Afternoon,104.7,2024-08-04 13:15:34
5915,6,M00617,Type_10,Afternoon,104.3,2024-08-04 14:08:29
5916,19,M03645,Type_18,Morning,89.2,2024-08-04 14:26:12
5917,12,M06414,Type_16,Night,111.7,2024-08-04 15:06:09
5918,14,M01204,Type_18,Afternoon,94.2,2024-08-04 17:04:37
5919,17,M09952,Type_02,Morning,118.8,2024-08-04 17:37:50
5920,7,M02566,Type_21,Afternoon,113.4,2024-08-04 18:08:07
5921,21,M03175,Type_10,Morning,115.8,2024-08-04 18:12:06
5922,1,M03082,Type_23,Night,143.5,2024-08-04 18:37:52
5923,17,M02631,Type_17,Morning,109.2,2024-08-04 18:56:24
5924,6,M03162,Type_14,Afternoon,125.1,2024-08-04 19:37:38
5925,4,M04322,Type_02,Morning,151.0,2024-08-04 20:58:33
5926,14,M08862,Type_15,Afternoon,136.1,2024-08-04 21:41:32
5927,8,M06270,Type_14,Night,133.1,2024-08-04 23:24:18
5928,18,M07100,Type_19,Afternoon,103.9,2024-08-05 01:16:33
5929,20,M07377,Type_01,Afternoon,114.6,2024-08-05 01:43:42
5930,13,M04079,Type_18,Night,83.6,2024-08-05 02:06:24
5931,8,M05802,Type_18,Morning,120.0,2024-08-05 02:25:01
5932,24,M04152,Type_19,Morning,115.5,2024-08-05 02:49:12
5933,16,M08912,Type_02,Morning,110.5,2024-08-05 02:50:58
5934,5,M02601,Type_14,Night,130.5,2024-08-05 03:10:47
5935,3,M06176,Type_19,Morning,85.8,2024-08-05 03:52:08
5936,13,M00667,Type_24,Afternoon,142.7,2024-08-05 03:55:02
5937,15,M00284,Type_14,Afternoon,128.0,2024-08-05 05:15:02
5938,4,M05841,Type_05,Morning,108.6,2024-08-05 05:54:11
5939,3,M03566,Type_23,Morning,107.0,2024-08-05 06:31:28
5940,2,M04594,Type_16,Morning,119.6,2024-08-05 08:07:38
5941,4,M01466,Type_20,Afternoon,140.4,2024-08-05 09:11:06
5942,25,M08322,Type_18,Morning,112.0,2024-08-05 10:52:33
5943,6,M04735,Type_17,Morning,112.9,2024-08-05 13:28:55
5944,4,M06258,Type_09,Night,110.4,2024-08-05 14:03:24
5945,17,M07367,Type_02,Night,145.6,2024-08-05 15:07:25
5946,7,M03673,Type_02,Morning,102.6,2024-08-05 15:39:21
5947,18,M07383,Type_14,Morning,109.4,2024-08-05 16:23:33
5948,22,M06588,Type_09,Morning,139.3,2024-08-05 16:28:22
5949,10,M00993,Type_11,Afternoon,112.9,2024-08-05 17:38:53
5950,17,M06859,Type_05,Night,132.7,2024-08-05 17:49:18
5951,23,M02122,Type_12,Morning,91.8,2024-08-05 17:52:32
5952,4,M02224,Type_05,Morning,105.9,2024-08-05 17:58:02
5953,19,M04523,Type_03,Night,139.7,2024-08-05 20:55:15
5954,7,M03189,Type_24,Afternoon,96.5,2024-08-05 22:37:55
5955,13,M03238,Type_06,Morning,107.0,2024-08-06 01:10:15
5956,3,M04137,Type_01,Afternoon,115.1,2024-08-06 02:43:32
5957,8,M00344,Type_24,Morning,90.2,2024-08-06 02:50:42
5958,11,M04705,Type_17,Morning,101.7,2024-08-06 02:59:38
5959,16,M04824,Type_20,Night,112.3,2024-08-06 03:45:24
5960,20,M04921,Type_13,Night,110.9,2024-08-06 04:03:03
5961,19,M03202,Type_05,Afternoon,135.6,2024-08-06 04:14:16
5962,23,M05472,Type_12,Night,140.8,2024-08-06 05:01:43
5963,23,M00889,Type_22,Afternoon,92.9,2024-08-06 07:59:43
5964,9,M09534,Type_19,Night,112.2,2024-08-06 08:25:53
5965,10,M07128,Type_15,Afternoon,123.5,2024-08-06 08:27:00
5966,23,M03721,Type_09,Night,140.3,2024-08-06 12:06:38
5967,6,M02884,Type_04,Night,124.4,2024-08-06 16:23:44
5968,3,M04213,Type_04,Morning,115.8,2024-08-06 16:58:30
5969,20,M06962,Type_01,Night,123.3,2024-08-06 17:44:55
5970,8,M02416,Type_12,Night,123.5,2024-08-06 18:06:33
5971,6,M09310,Type_11,Night,91.4,2024-08-06 18:12:13
5972,25,M03002,Type_14,Morning,113.9,2024-08-06 19:08:52
5973,8,M01739,Type_03,Night,139.2,2024-08-06 20:25:17
5974,14,M01365,Type_17,Night,105.9,2024-08-06 21:16:56
5975,8,M02709,Type_15,Morning,112.6,2024-08-06 21:20:27
5976,11,M00925,Type_07,Night,105.1,2024-08-06 21:27:04
5977,10,M00152,Type_12,Morning,80.0,2024-08-07 00:07:37
5978,23,M08778,Type_13,Morning,110.4,2024-08-07 02:16:37
5979,10,M08045,Type_11,Afternoon,116.0,2024-08-07 02:56:12
5980,11,M00913,Type_06,Afternoon,99.8,2024-08-07 03:13:08
5981,1,M02322,Type_15,Afternoon,86.9,2024-08-07 03:32:13
5982,15,M00496,Type_21,Morning,92.4,2024-08-07 03:42:22
5983,5,M02149,Type_20,Night,125.3,2024-08-07 04:45:38
5984,14,M00557,Type_18,Morning,149.5,2024-08-07 05:59:37
5985,23,M01553,Type_18,Morning,137.6,2024-08-07 06:18:30
5986,25,M02121,Type_10,Morning,83.1,2024-08-07 07:43:36
5987,20,M03086,Type_01,Afternoon,127.1,2024-08-07 07:44:55
5988,8,M03505,Type_10,Night,96.7,2024-08-07 08:13:32
5989,17,M00157,Type_24,Afternoon,98.4,2024-08-07 08:38:19
5990,4,M08927,Type_08,Night,100.8,2024-08-07 10:37:28
5991,4,M07506,Type_25,Morning,124.1,2024-08-07 11:25:45
5992,18,M07163,Type_08,Afternoon,129.2,2024-08-07 12:31:00
5993,19,M05524,Type_13,Afternoon,108.0,2024-08-07 12:32:41
5994,3,M07544,Type_22,Afternoon,108.4,2024-08-07 12:52:50
5995,9,M08056,Type_16,Morning,119.3,2024-08-07 13:20:13
5996,7,M04655,Type_20,Afternoon,121.4,2024-08-07 13:47:04
5997,2,M06251,Type_03,Afternoon,133.5,2024-08-07 16:04:58
5998,9,M07247,Type_08,Night,84.3,2024-08-07 16:23:17
5999,24,M00155,Type_08,Afternoon,110.4,2024-08-07 16:24:59
6000,6,M07951,Type_10,Morning,88.6,2024-08-07 17:04:30
6001,6,M00997,Type_19,Afternoon,109.0,2024-08-07 17:17:18
6002,16,M04627,Type_08,Morning,105.5,2024-08-07 17:45:52
6003,2,M02906,Type_02,Night,109.1,2024-08-07 17:46:01
6004,16,M09370,Type_16,Afternoon,94.0,2024-08-07 18:38:00
6005,3,M00154,Type_03,Morning,80.3,2024-08-07 19:25:42
6006,22,M07854,Type_09,Night,80.0,2024-08-07 21:08:50
6007,16,M06482,Type_17,Afternoon,107.4,2024-08-07 21:34:15
6008,12,M05600,Type_23,Morning,101.4,2024-08-07 21:45:56
6009,3,M01717,Type_12,Afternoon,96.5,2024-08-07 21:59:22
6010,11,M00787,Type_03,Morning,136.5,2024-08-07 23:06:56
6011,11,M04369,Type_10,Night,92.8,2024-08-07 23:59:59
6012,23,M08097,Type_07,Night,138.3,2024-08-08 00:33:50
6013,16,M04273,Type_24,Night,142.5,2024-08-08 01:46:02
6014,5,M03768,Type_10,Afternoon,80.0,2024-08-08 02:49:30
6015,20,M08835,Type_03,Afternoon,111.8,2024-08-08 04:30:00
6016,8,M05995,Type_07,Night,102.0,2024-08-08 06:51:57
6017,11,M07217,Type_03,Morning,80.0,2024-08-08 07:31:55
6018,11,M08858,Type_09,Afternoon,81.1,2024-08-08 07:40:30
6019,18,M03427,Type_15,Afternoon,125.5,2024-08-08 08:30:19
6020,19,M03784,Type_03,Morning,150.4,2024-08-08 09:31:14
6021,10,M05428,Type_08,Afternoon,128.1,2024-08-08 12:15:02
6022,4,M07012,Type_05,Night,116.5,2024-08-08 14:06:34
6023,10,M08053,Type_17,Night,109.6,2024-08-08 14:07:40
6024,14,M03702,Type_05,Morning,143.7,2024-08-08 14:12:25
6025,6,M09262,Type_08,Morning,153.0,2024-08-08 14:56:45
6026,5,M02350,Type_20,Morning,98.3,2024-08-08 15:48:43
6027,15,M07012,Type_05,Night,80.0,2024-08-08 18:05:03
6028,5,M07056,Type_16,Morning,80.0,2024-08-08 18:31:15
6029,23,M01213,Type_16,Afternoon,136.4,2024-08-08 18:40:14
6030,24,M06966,Type_18,Morning,109.1,2024-08-08 19:30:09
6031,6,M09345,Type_22,Afternoon,113.7,2024-08-08 19:37:24
6032,19,M06705,Type_13,Morning,80.0,2024-08-08 19:39:24
6033,20,M07434,Type_25,Night,94.9,2024-08-08 20:39:06
6034,17,M02512,Type_11,Morning,104.1,2024-08-08 21:40:18
6035,14,M00144,Type_18,Afternoon,114.2,2024-08-08 22:23:54
6036,11,M07368,Type_05,Morning,102.0,2024-08-08 23:08:53
6037,14,M03229,Type_25,Afternoon,89.3,2024-08-08 23:39:39
6038,5,M04583,Type_22,Night,94.3,2024-08-08 23:58:52
6039,13,M06032,Type_12,Morning,134.2,2024-08-09 02:15:08
6040,12,M04244,Type_10,Night,114.9,2024-08-09 02:31:04
6041,24,M09550,Type_13,Afternoon,122.2,2024-08-09 04:56:46
6042,19,M02714,Type_13,Morning,92.0,2024-08-09 05:19:42
6043,10,M04186,Type_09,Afternoon,80.0,2024-08-09 06:08:06
6044,13,M09550,Type_13,Morning,99.5,2024-08-09 06:27:49
6045,15,M07329,Type_05,Afternoon,92.7,2024-08-09 06:45:33
6046,20,M04634,Type_10,Night,117.0,2024-08-09 10:27:04
6047,13,M03193,Type_09,Morning,160.0,2024-08-09 11:14:41
6048,4,M00301,Type_01,Afternoon,123.9,2024-08-09 11:48:35
6049,22,M00724,Type_21,Night,160.0,2024-08-09 12:04:08
6050,9,M05695,Type_19,Night,121.4,2024-08-09 12:30:44
6051,19,M03011,Type_11,Afternoon,97.4,2024-08-09 13:51:07
6052,20,M05556,Type_07,Night,117.0,2024-08-09 14:57:47
6053,22,M00068,Type_18,Afternoon,145.6,2024-08-09 15:21:26
6054,22,M02507,Type_14,Morning,146.6,2024-08-09 15:26:27
6055,7,M01538,Type_21,Night,98.5,2024-08-09 15:39:35
6056,15,M00398,Type_24,Afternoon,115.1,2024-08-09 16:29:30
6057,17,M05681,Type_12,Afternoon,81.4,2024-08-09 18:31:12
6058,14,M09356,Type_18,Afternoon,126.5,2024-08-09 18:33:35
6059,14,M04826,Type_11,Night,141.1,2024-08-09 19:11:57
6060,9,M08748,Type_08,Night,110.8,2024-08-09 21:22:25
6061,16,M06049,Type_24,Afternoon,96.7,2024-08-09 21:57:48
6062,2,M03662,Type_21,Morning,117.2,2024-08-09 22:17:44
6063,14,M09944,Type_12,Afternoon,118.3,2024-08-10 00:43:40
6064,4,M02942,Type_23,Afternoon,111.6,2024-08-10 00:51:02
6065,3,M07068,Type_05,Morning,113.6,2024-08-10 02:02:43
6066,3,M05092,Type_09,Night,106.5,2024-08-10 03:08:47
6067,11,M01602,Type_15,Afternoon,129.9,2024-08-10 04:13:16
6068,5,M01481,Type_19,Morning,124.7,2024-08-10 04:27:01
6069,16,M06231,Type_17,Morning,90.3,2024-08-10 05:18:03
6070,23,M09295,Type_14,Morning,89.8,2024-08-10 05:42:34
6071,23,M03277,Type_04,Night,104.9,2024-08-10 06:17:40
6072,23,M06448,Type_19,Morning,124.7,2024-08-10 07:26:48
6073,19,M05500,Type_22,Morning,113.0,2024-08-10 07:35:26
6074,9,M06274,Type_18,Afternoon,97.1,2024-08-10 07:40:04
6075,22,M01300,Type_14,Morning,115.2,2024-08-10 08:40:23
6076,11,M05819,Type_06,Morning,103.4,2024-08-10 08:43:04
6077,12,M06702,Type_20,Morning,127.6,2024-08-10 09:25:20
6078,8,M04995,Type_18,Afternoon,116.7,2024-08-10 09:58:35
6079,14,M07490,Type_24,Afternoon,103.7,2024-08-10 10:21:15
6080,17,M09728,Type_08,Morning,114.6,2024-08-10 10:23:21
6081,20,M08270,Type_24,Afternoon,136.3,2024-08-10 10:24:18
6082,15,M02832,Type_22,Night,98.6,2024-08-10 11:19:03
6083,15,M02722,Type_25,Morning,118.1,2024-08-10 11:46:55
6084,23,M01533,Type_13,Morning,108.6,2024-08-10 11:52:52
6085,12,M08430,Type_20,Morning,118.5,2024-08-10 12:02:49
6086,9,M05254,Type_12,Afternoon,96.9,2024-08-10 12:44:56
6087,12,M01997,Type_15,Night,112.2,2024-08-10 13:53:48
6088,19,M05312,Type_17,Morning,132.2,2024-08-10 14:04:33
6089,12,M00278,Type_23,Afternoon,91.3,2024-08-10 15:46:35
6090,11,M03090,Type_03,Morning,83.4,2024-08-10 15:53:02
6091,6,M00524,Type_08,Afternoon,84.2,2024-08-10 15:54:10
6092,8,M04276,Type_14,Night,86.6,2024-08-10 16:13:28
6093,11,M05366,Type_20,Morning,121.9,2024-08-10 16:31:45
6094,3,M03123,Type_10,Afternoon,81.9,2024-08-10 16:46:05
6095,16,M08168,Type_10,Morning,104.0,2024-08-10 18:12:57
6096,6,M05191,Type_13,Afternoon,122.4,2024-08-10 18:34:05
6097,9,M04576,Type_05,Morning,118.3,2024-08-10 18:35:46
6098,9,M07728,Type_05,Night,102.3,2024-08-10 19:14:19
6099,6,M01798,Type_15,Morning,113.8,2024-08-10 19:54:30
6100,5,M02132,Type_11,Night,112.1,2024-08-10 20:10:43
6101,1,M07323,Type_15,Morning,105.5,2024-08-10 21:02:21
6102,3,M06501,Type_09,Afternoon,105.8,2024-08-10 21:24:04
6103,3,M00816,Type_13,Morning,154.7,2024-08-10 21:30:20
6104,12,M08635,Type_09,Night,126.2,2024-08-10 21:50:59
6105,4,M06667,Type_14,Morning,159.6,2024-08-10 21:56:19
6106,21,M00143,Type_20,Morning,100.1,2024-08-10 22:05:31
6107,16,M01411,Type_09,Afternoon,108.3,2024-08-11 00:48:40
6108,11,M00535,Type_16,Morning,83.4,2024-08-11 00:49:21
6109,8,M09909,Type_22,Morning,93.8,2024-08-11 00:59:09
6110,9,M03365,Type_24,Night,148.0,2024-08-11 01:33:46
6111,14,M01033,Type_09,Night,99.6,2024-08-11 02:00:43
6112,23,M03343,Type_16,Morning,148.4,2024-08-11 02:57:24
6113,22,M09603,Type_14,Night,85.1,2024-08-11 04:17:13
6114,15,M06086,Type_05,Afternoon,88.9,2024-08-11 04:18:32
6115,19,M04501,Type_11,Morning,103.2,2024-08-11 04:33:29
6116,9,M01173,Type_13,Afternoon,108.7,2024-08-11 04:45:46
6117,17,M09081,Type_10,Afternoon,128.5,2024-08-11 05:14:15
6118,9,M04518,Type_02,Night,119.0,2024-08-11 05:51:32
6119,3,M08008,Type_22,Morning,101.7,2024-08-11 08:38:56
6120,25,M01642,Type_01,Afternoon,107.3,2024-08-11 09:39:48
6121,16,M00472,Type_03,Morning,103.6,2024-08-11 10:06:42
6122,13,M02941,Type_20,Morning,91.7,2024-08-11 10:24:11
6123,17,M08739,Type_16,Morning,92.2,2024-08-11 10:37:56
6124,24,M04727,Type_21,Night,130.6,2024-08-11 10:45:09
6125,22,M07671,Type_11,Night,80.0,2024-08-11 10:50:11
6126,25,M03724,Type_25,Night,142.3,2024-08-11 10:55:21
6127,4,M00364,Type_24,Afternoon,103.1,2024-08-11 12:32:51
6128,21,M03310,Type_01,Morning,94.5,2024-08-11 12:55:31
6129,22,M00546,Type_21,Morning,124.8,2024-08-11 13:29:38
6130,9,M03241,Type_09,Morning,139.7,2024-08-11 14:25:58
6131,22,M06666,Type_08,Morning,132.4,2024-08-11 14:41:27
6132,9,M01937,Type_22,Night,120.0,2024-08-11 15:43:00
6133,18,M09155,Type_11,Afternoon,131.7,2024-08-11 15:47:36
6134,14,M00883,Type_02,Morning,80.0,2024-08-11 16:09:33
6135,20,M03841,Type_08,Morning,99.6,2024-08-11 16:44:18
6136,3,M06924,Type_05,Morning,91.8,2024-08-11 16:52:52
6137,4,M09063,Type_08,Afternoon,134.5,2024-08-11 17:56:01
6138,1,M04612,Type_13,Night,102.3,2024-08-11 18:03:39
6139,18,M09058,Type_14,Afternoon,126.9,2024-08-11 18:35:48
6140,4,M05205,Type_17,Night,120.7,2024-08-11 18:54:22
6141,10,M07289,Type_06,Afternoon,92.8,2024-08-11 20:09:32
6142,4,M03204,Type_14,Morning,98.3,2024-08-11 20:24:02
6143,21,M02245,Type_11,Morning,135.9,2024-08-11 21:19:36
6144,25,M00019,Type_09,Night,94.5,2024-08-11 21:37:13
6145,17,M00642,Type_10,Night,112.5,2024-08-11 21:48:14
6146,8,M03084,Type_11,Morning,94.3,2024-08-11 23:50:21
6147,19,M05201,Type_18,Afternoon,103.7,2024-08-11 23:57:05
6148,9,M08522,Type_18,Afternoon,109.1,2024-08-12 00:39:23
6149,16,M00866,Type_18,Afternoon,94.3,2024-08-12 00:59:28
6150,24,M00774,Type_07,Night,90.8,2024-08-12 01:13:33
6151,24,M04733,Type_24,Afternoon,115.7,2024-08-12 01:51:03
6152,25,M03519,Type_17,Afternoon,93.1,2024-08-12 02:52:18
6153,15,M06796,Type_24,Morning,93.8,2024-08-12 04:55:58
6154,20,M06985,Type_21,Morning,91.2,2024-08-12 05:34:00
6155,16,M02568,Type_19,Morning,108.4,2024-08-12 05:48:34
6156,21,M01675,Type_24,Morning,128.9,2024-08-12 05:52:13
6157,12,M00740,Type_05,Afternoon,140.1,2024-08-12 06:06:32
6158,23,M01546,Type_03,Afternoon,95.5,2024-08-12 08:15:22
6159,18,M09328,Type_06,Morning,153.0,2024-08-12 08:44:27
6160,7,M05128,Type_18,Night,89.9,2024-08-12 10:14:04
6161,16,M06948,Type_01,Morning,131.7,2024-08-12 10:43:51
6162,19,M06621,Type_23,Morning,95.6,2024-08-12 10:50:43
6163,6,M09066,Type_20,Morning,92.6,2024-08-12 11:03:57
6164,6,M04556,Type_09,Morning,95.1,2024-08-12 13:53:19
6165,6,M05646,Type_18,Morning,109.0,2024-08-12 14:19:02
6166,15,M08944,Type_03,Afternoon,121.6,2024-08-12 14:21:14
6167,2,M07125,Type_24,Afternoon,123.4,2024-08-12 17:25:21
6168,9,M09046,Type_19,Night,91.1,2024-08-12 18:28:09
6169,8,M03733,Type_10,Morning,90.2,2024-08-12 18:37:32
6170,7,M02284,Type_10,Morning,91.7,2024-08-12 18:59:18
6171,16,M09522,Type_21,Morning,107.8,2024-08-12 20:09:16
6172,15,M08670,Type_06,Afternoon,105.8,2024-08-12 20:57:34
6173,9,M06999,Type_17,Morning,91.0,2024-08-12 21:20:20
6174,20,M05414,Type_13,Night,115.4,2024-08-12 22:01:58
6175,15,M01270,Type_03,Afternoon,155.3,2024-08-12 23:00:28
6176,2,M07869,Type_04,Afternoon,99.9,2024-08-12 23:03:15
6177,20,M02604,Type_03,Afternoon,101.3,2024-08-12 23:34:10
6178,14,M05962,Type_01,Morning,121.2,2024-08-13 00:44:37
6179,11,M09662,Type_06,Morning,98.8,2024-08-13 01:01:13
6180,3,M08570,Type_16,Morning,123.4,2024-08-13 01:55:19
6181,2,M07558,Type_06,Afternoon,95.6,2024-08-13 02:01:53
6182,18,M01681,Type_20,Morning,146.6,2024-08-13 03:00:59
6183,14,M08434,Type_21,Morning,116.9,2024-08-13 03:03:54
6184,24,M09112,Type_06,Night,97.6,2024-08-13 03:09:08
6185,5,M05683,Type_09,Morning,98.2,2024-08-13 03:17:34
6186,12,M08085,Type_18,Night,99.7,2024-08-13 03:47:03
6187,14,M05368,Type_11,Night,137.5,2024-08-13 04:45:31
6188,6,M00070,Type_25,Morning,84.6,2024-08-13 05:15:50
6189,8,M03925,Type_06,Morning,96.6,2024-08-13 05:24:30
6190,7,M06201,Type_17,Morning,98.8,2024-08-13 05:58:47
6191,7,M02008,Type_08,Afternoon,109.7,2024-08-13 07:09:41
6192,12,M08993,Type_17,Afternoon,104.6,2024-08-13 07:35:05
6193,7,M08120,Type_07,Night,80.2,2024-08-13 09:17:10
6194,12,M02780,Type_02,Night,102.0,2024-08-13 10:11:10
6195,16,M04921,Type_13,Afternoon,108.0,2024-08-13 10:28:12
6196,7,M00756,Type_03,Morning,97.4,2024-08-13 10:35:24
6197,8,M06496,Type_21,Morning,123.7,2024-08-13 10:47:48
6198,1,M05936,Type_10,Night,128.4,2024-08-13 11:11:01
6199,13,M09514,Type_02,Morning,108.4,2024-08-13 11:33:02
6200,19,M02331,Type_09,Morning,114.6,2024-08-13 12:21:33
6201,1,M05706,Type_20,Afternoon,80.0,2024-08-13 13:42:23
6202,24,M08302,Type_18,Afternoon,101.6,2024-08-13 16:17:14
6203,18,M01017,Type_23,Night,130.1,2024-08-13 17:03:09
6204,7,M07348,Type_16,Afternoon,101.5,2024-08-13 17:29:05
6205,22,M08217,Type_06,Morning,95.3,2024-08-13 17:35:53
6206,17,M04939,Type_21,Night,155.6,2024-08-13 17:39:39
6207,15,M02839,Type_02,Morning,146.4,2024-08-13 17:50:45
6208,22,M00738,Type_20,Morning,119.4,2024-08-13 18:24:59
6209,25,M06201,Type_17,Afternoon,132.8,2024-08-13 19:08:26
6210,19,M08372,Type_24,Morning,80.0,2024-08-14 00:52:08
6211,23,M00232,Type_12,Afternoon,94.2,2024-08-14 01:26:11
6212,4,M01918,Type_18,Morning,100.6,2024-08-14 03:14:54
6213,17,M08535,Type_22,Afternoon,105.3,2024-08-14 03:39:54
6214,7,M05919,Type_19,Morning,100.2,2024-08-14 04:05:18
6215,16,M02624,Type_23,Night,80.0,2024-08-14 04:27:37
6216,17,M08647,Type_19,Night,117.7,2024-08-14 05:30:33
6217,20,M06402,Type_25,Morning,120.9,2024-08-14 06:48:35
6218,15,M07073,Type_05,Morning,142.0,2024-08-14 06:59:00
6219,9,M02277,Type_02,Morning,94.2,2024-08-14 07:19:42
6220,21,M07394,Type_11,Morning,92.6,2024-08-14 07:57:42
6221,23,M08788,Type_23,Night,80.0,2024-08-14 08:56:47
6222,13,M03875,Type_05,Afternoon,104.1,2024-08-14 09:50:04
6223,7,M04531,Type_14,Morning,128.0,2024-08-14 11:27:00
6224,19,M07165,Type_09,Morning,97.8,2024-08-14 11:40:47
6225,11,M04498,Type_13,Morning,152.9,2024-08-14 13:49:53
6226,8,M07934,Type_08,Afternoon,104.9,2024-08-14 15:21:38
6227,17,M02136,Type_08,Morning,112.9,2024-08-14 15:49:09
6228,4,M06728,Type_08,Night,82.7,2024-08-14 15:59:36
6229,4,M01566,Type_12,Night,115.7,2024-08-14 16:35:29
6230,18,M00309,Type_07,Morning,80.0,2024-08-14 16:38:48
6231,22,M08535,Type_22,Afternoon,123.9,2024-08-14 16:53:27
6232,17,M08628,Type_25,Night,124.5,2024-08-14 17:41:14
6233,3,M08369,Type_06,Afternoon,137.2,2024-08-14 18:51:12
6234,9,M00139,Type_20,Morning,89.6,2024-08-14 20:25:38
6235,6,M00194,Type_22,Morning,113.2,2024-08-14 23:07:36
6236,2,M03258,Type_13,Night,121.3,2024-08-14 23:44:19
6237,12,M03236,Type_04,Afternoon,118.8,2024-08-14 23:57:19
6238,15,M00943,Type_07,Afternoon,92.7,2024-08-15 00:17:01
6239,9,M04621,Type_09,Night,80.0,2024-08-15 01:20:13
6240,2,M05721,Type_15,Night,116.9,2024-08-15 01:52:26
6241,12,M06354,Type_24,Night,107.0,2024-08-15 02:52:07
6242,16,M04958,Type_02,Morning,98.7,2024-08-15 03:27:28
6243,7,M09146,Type_07,Afternoon,125.3,2024-08-15 04:37:31
6244,1,M09495,Type_01,Afternoon,109.1,2024-08-15 04:57:24
6245,21,M03382,Type_16,Night,83.6,2024-08-15 05:22:49
6246,7,M05840,Type_09,Afternoon,80.0,2024-08-15 05:50:53
6247,3,M02881,Type_07,Morning,87.4,2024-08-15 06:00:40
6248,20,M04888,Type_17,Night,157.9,2024-08-15 07:05:29
6249,5,M00546,Type_21,Afternoon,124.5,2024-08-15 07:17:06
6250,3,M01928,Type_05,Morning,113.8,2024-08-15 08:30:12
6251,15,M04153,Type_18,Afternoon,106.4,2024-08-15 08:32:56
6252,6,M00005,Type_18,Morning,105.1,2024-08-15 08:36:04
6253,15,M05534,Type_24,Morning,133.3,2024-08-15 08:43:27
6254,3,M09555,Type_19,Morning,100.2,2024-08-15 09:01:39
6255,24,M05379,Type_20,Afternoon,121.5,2024-08-15 09:30:28
6256,23,M06234,Type_14,Afternoon,103.0,2024-08-15 09:46:16
6257,1,M02664,Type_23,Afternoon,148.8,2024-08-15 10:16:35
6258,2,M09466,Type_08,Afternoon,124.8,2024-08-15 12:14:04
6259,4,M03327,Type_04,Night,134.9,2024-08-15 12:27:14
6260,21,M03660,Type_11,Morning,98.3,2024-08-15 12:38:42
6261,14,M01132,Type_05,Morning,131.2,2024-08-15 14:55:22
6262,14,M04764,Type_07,Night,103.7,2024-08-15 16:56:13
6263,10,M06738,Type_16,Morning,112.2,2024-08-15 17:25:03
6264,11,M05093,Type_06,Night,142.7,2024-08-15 18:44:36
6265,4,M06023,Type_13,Night,89.1,2024-08-15 19:07:02
6266,15,M03160,Type_03,Afternoon,114.1,2024-08-15 21:00:18
6267,20,M06160,Type_03,Night,118.8,2024-08-15 21:26:36
6268,25,M07319,Type_08,Morning,120.4,2024-08-15 21:33:43
6269,4,M08446,Type_12,Morning,101.0,2024-08-15 21:34:14
6270,20,M05308,Type_05,Afternoon,151.7,2024-08-15 22:11:12
6271,20,M08521,Type_22,Morning,84.1,2024-08-16 01:21:42
6272,16,M03045,Type_05,Night,139.2,2024-08-16 03:54:11
6273,2,M09613,Type_21,Morning,134.3,2024-08-16 04:20:57
6274,13,M05637,Type_05,Afternoon,148.0,2024-08-16 04:42:11
6275,8,M02893,Type_17,Afternoon,80.0,2024-08-16 06:07:04
6276,13,M05289,Type_08,Afternoon,92.6,2024-08-16 06:19:17
6277,20,M05813,Type_23,Morning,139.8,2024-08-16 08:51:23
6278,21,M00655,Type_09,Morning,80.0,2024-08-16 09:51:03
6279,8,M05482,Type_20,Night,80.0,2024-08-16 11:15:46
6280,4,M00760,Type_07,Morning,100.2,2024-08-16 12:02:01
6281,5,M06783,Type_06,Night,113.8,2024-08-16 12:38:09
6282,21,M01799,Type_15,Afternoon,141.8,2024-08-16 12:52:24
6283,6,M05160,Type_18,Night,106.3,2024-08-16 14:12:53
6284,23,M08447,Type_21,Afternoon,97.8,2024-08-16 16:01:20
6285,19,M05263,Type_04,Morning,116.2,2024-08-16 16:07:21
6286,10,M03824,Type_18,Afternoon,119.4,2024-08-16 16:22:44
6287,3,M01877,Type_16,Night,118.8,2024-08-16 16:39:52
6288,13,M06155,Type_18,Afternoon,106.4,2024-08-16 17:25:23
6289,9,M07788,Type_14,Night,80.0,2024-08-16 18:44:51
6290,17,M04517,Type_10,Afternoon,91.6,2024-08-16 20:29:49
6291,10,M03735,Type_21,Morning,138.4,2024-08-16 20:41:51
6292,12,M09437,Type_11,Morning,113.7,2024-08-16 20:59:31
6293,13,M05973,Type_02,Night,103.5,2024-08-16 21:00:45
6294,24,M06640,Type_20,Morning,132.4,2024-08-16 22:32:06
6295,10,M05357,Type_20,Night,87.4,2024-08-16 23:01:43
6296,19,M06381,Type_16,Night,105.5,2024-08-16 23:30:00
6297,21,M01009,Type_04,Morning,112.8,2024-08-16 23:33:45
6298,19,M04315,Type_04,Morning,101.2,2024-08-16 23:36:04
6299,17,M09703,Type_23,Afternoon,112.0,2024-08-16 23:43:01
6300,5,M02509,Type_10,Morning,106.2,2024-08-17 01:53:09
6301,8,M04759,Type_18,Night,82.0,2024-08-17 02:49:43
6302,5,M02683,Type_16,Afternoon,113.6,2024-08-17 03:15:09
6303,15,M07312,Type_04,Afternoon,83.4,2024-08-17 03:41:04
6304,4,M00990,Type_13,Night,113.3,2024-08-17 03:52:03
6305,25,M08447,Type_21,Morning,137.5,2024-08-17 05:42:17
6306,13,M04712,Type_25,Afternoon,104.4,2024-08-17 06:33:17
6307,17,M06480,Type_19,Morning,86.6,2024-08-17 06:53:32
6308,5,M06965,Type_16,Morning,107.5,2024-08-17 10:49:03
6309,1,M08076,Type_23,Afternoon,93.4,2024-08-17 11:44:51
6310,22,M04453,Type_10,Night,121.9,2024-08-17 11:45:34
6311,15,M08448,Type_07,Morning,107.0,2024-08-17 12:16:15
6312,10,M01008,Type_09,Afternoon,144.2,2024-08-17 12:50:37
6313,25,M06497,Type_01,Afternoon,133.3,2024-08-17 12:52:24
6314,11,M09948,Type_25,Morning,106.9,2024-08-17 13:12:56
6315,18,M07689,Type_12,Morning,124.3,2024-08-17 13:17:24
6316,13,M03909,Type_22,Night,102.1,2024-08-17 14:15:32
6317,20,M02804,Type_17,Afternoon,110.7,2024-08-17 14:55:14
6318,24,M04380,Type_19,Afternoon,102.8,2024-08-17 17:55:33
6319,16,M00099,Type_14,Afternoon,125.3,2024-08-17 18:20:58
6320,19,M08389,Type_18,Morning,138.7,2024-08-17 18:49:35
6321,23,M00878,Type_03,Afternoon,126.0,2024-08-17 19:18:30
6322,12,M01869,Type_21,Afternoon,128.4,2024-08-17 19:58:32
6323,23,M02666,Type_20,Afternoon,128.5,2024-08-17 20:16:20
6324,14,M01389,Type_06,Morning,121.0,2024-08-17 22:17:35
6325,2,M02416,Type_12,Morning,87.2,2024-08-17 22:18:25
6326,10,M08762,Type_13,Morning,144.0,2024-08-17 22:42:02
6327,4,M02638,Type_02,Night,146.1,2024-08-17 23:10:35
6328,1,M07243,Type_22,Afternoon,105.3,2024-08-17 23:13:22
6329,24,M09258,Type_24,Afternoon,102.6,2024-08-18 01:54:35
6330,25,M08614,Type_09,Morning,122.2,2024-08-18 01:55:43
6331,17,M02884,Type_04,Morning,121.0,2024-08-18 03:05:36
6332,11,M01205,Type_10,Afternoon,106.0,2024-08-18 03:25:50
6333,7,M00545,Type_10,Afternoon,85.0,2024-08-18 03:39:41
6334,17,M01224,Type_16,Afternoon,116.1,2024-08-18 04:41:08
6335,17,M03173,Type_20,Morning,121.0,2024-08-18 05:09:12
6336,9,M08960,Type_09,Afternoon,124.5,2024-08-18 07:00:26
6337,10,M06451,Type_22,Morning,117.0,2024-08-18 08:28:16
6338,6,M06521,Type_04,Morning,104.6,2024-08-18 08:37:58
6339,17,M00655,Type_09,Afternoon,129.9,2024-08-18 11:05:48
6340,16,M06822,Type_24,Morning,111.3,2024-08-18 12:43:31
6341,7,M02447,Type_12,Morning,100.7,2024-08-18 12:46:09
6342,19,M05893,Type_12,Afternoon,106.4,2024-08-18 13:02:26
6343,4,M08413,Type_23,Afternoon,80.0,2024-08-18 14:32:49
6344,20,M03667,Type_03,Night,106.4,2024-08-18 15:05:55
6345,24,M04278,Type_09,Afternoon,123.8,2024-08-18 15:10:31
6346,17,M04403,Type_19,Morning,116.8,2024-08-18 15:20:46
6347,24,M02570,Type_22,Morning,140.4,2024-08-18 16:00:24
6348,9,M05516,Type_15,Night,104.7,2024-08-18 16:14:57
6349,11,M09206,Type_17,Afternoon,119.7,2024-08-18 16:38:33
6350,23,M03986,Type_17,Afternoon,125.9,2024-08-18 16:52:26
6351,1,M08168,Type_10,Morning,156.9,2024-08-18 16:53:44
6352,7,M07449,Type_08,Afternoon,112.9,2024-08-18 18:02:36
6353,22,M04311,Type_25,Morning,89.1,2024-08-18 18:54:11
6354,5,M03020,Type_11,Afternoon,127.0,2024-08-18 19:12:35
6355,5,M03682,Type_17,Night,147.3,2024-08-18 19:24:40
6356,1,M09636,Type_08,Night,103.5,2024-08-18 20:06:46
6357,6,M04197,Type_20,Afternoon,126.8,2024-08-18 20:09:07
6358,13,M00573,Type_07,Afternoon,134.6,2024-08-18 20:33:00
6359,15,M09525,Type_23,Night,130.3,2024-08-18 22:11:06
6360,4,M04754,Type_19,Afternoon,112.5,2024-08-18 22:45:05
6361,17,M07083,Type_02,Morning,96.0,2024-08-18 22:53:19
6362,24,M04003,Type_20,Afternoon,108.4,2024-08-18 23:20:05
6363,24,M05630,Type_25,Morning,119.2,2024-08-19 00:00:39
6364,13,M08418,Type_05,Afternoon,128.2,2024-08-19 00:23:44
6365,11,M04201,Type_20,Afternoon,116.7,2024-08-19 02:45:04
6366,4,M01998,Type_23,Afternoon,102.4,2024-08-19 03:22:36
6367,7,M08964,Type_08,Morning,121.1,2024-08-19 03:50:08
6368,19,M07423,Type_25,Morning,127.2,2024-08-19 05:00:19
6369,24,M04525,Type_21,Afternoon,117.6,2024-08-19 07:40:20
6370,7,M08626,Type_17,Night,93.3,2024-08-19 07:51:18
6371,14,M03408,Type_12,Afternoon,106.4,2024-08-19 07:56:49
6372,21,M06732,Type_14,Morning,129.0,2024-08-19 08:44:27
6373,16,M07796,Type_21,Night,82.3,2024-08-19 09:06:29
6374,21,M09058,Type_14,Night,80.0,2024-08-19 09:10:58
6375,9,M02794,Type_20,Morning,140.2,2024-08-19 09:47:56
6376,22,M07335,Type_10,Morning,120.2,2024-08-19 10:07:49
6377,22,M02912,Type_15,Afternoon,122.1,2024-08-19 11:54:09
6378,2,M07953,Type_09,Night,88.5,2024-08-19 14:58:28
6379,16,M02416,Type_12,Night,124.8,2024-08-19 15:26:29
6380,5,M00251,Type_08,Night,115.5,2024-08-19 15:33:51
6381,12,M04952,Type_18,Afternoon,80.0,2024-08-19 15:58:35
6382,20,M08099,Type_17,Afternoon,138.5,2024-08-19 17:32:56
6383,15,M05290,Type_01,Morning,113.2,2024-08-19 18:20:14
6384,3,M08103,Type_25,Morning,102.1,2024-08-19 20:03:08
6385,9,M07258,Type_01,Afternoon,102.4,2024-08-19 20:23:57
6386,7,M05566,Type_06,Afternoon,80.0,2024-08-19 20:26:26
6387,4,M06438,Type_09,Afternoon,121.9,2024-08-19 21:32:55
6388,25,M09111,Type_02,Afternoon,115.2,2024-08-19 21:46:41
6389,9,M01174,Type_17,Morning,106.1,2024-08-19 21:57:05
6390,15,M08625,Type_17,Afternoon,135.6,2024-08-19 22:01:35
6391,23,M00836,Type_22,Morning,82.3,2024-08-19 22:10:34
6392,21,M02263,Type_02,Afternoon,98.1,2024-08-19 22:27:55
6393,25,M09090,Type_13,Night,93.0,2024-08-19 23:12:52
6394,7,M04568,Type_14,Afternoon,104.4,2024-08-19 23:51:36
6395,25,M03816,Type_14,Night,111.3,2024-08-20 00:41:10
6396,11,M00247,Type_18,Morning,118.6,2024-08-20 03:04:41
6397,19,M02430,Type_04,Afternoon,103.1,2024-08-20 03:33:08
6398,11,M09183,Type_09,Morning,92.5,2024-08-20 06:54:28
6399,25,M09119,Type_18,Afternoon,143.7,2024-08-20 07:13:34
6400,1,M05288,Type_11,Night,158.2,2024-08-20 10:00:27
6401,21,M02608,Type_19,Afternoon,112.9,2024-08-20 10:43:34
6402,13,M09267,Type_03,Night,94.9,2024-08-20 11:06:15
6403,13,M05931,Type_16,Morning,139.5,2024-08-20 15:18:10
6404,2,M04023,Type_21,Night,81.1,2024-08-20 15:35:56
6405,17,M04785,Type_05,Morning,103.3,2024-08-20 16:34:02
6406,19,M06618,Type_02,Night,96.1,2024-08-20 19:23:08
6407,23,M03152,Type_09,Morning,86.8,2024-08-20 22:57:32
6408,15,M05581,Type_10,Morning,104.4,2024-08-20 23:52:02
6409,19,M07055,Type_09,Afternoon,92.7,2024-08-20 23:52:39
6410,10,M07707,Type_05,Night,110.3,2024-08-20 23:55:20
6411,10,M07620,Type_08,Morning,110.5,2024-08-21 00:10:58
6412,9,M04574,Type_15,Morning,97.6,2024-08-21 01:55:46
6413,19,M03492,Type_18,Night,102.6,2024-08-21 02:25:55
6414,11,M00707,Type_01,Morning,105.4,2024-08-21 03:41:28
6415,6,M06998,Type_10,Morning,126.2,2024-08-21 04:56:46
6416,2,M05234,Type_17,Afternoon,107.0,2024-08-21 05:15:02
6417,24,M08946,Type_09,Morning,126.5,2024-08-21 07:41:37
6418,10,M05756,Type_23,Night,121.7,2024-08-21 09:57:08
6419,15,M06961,Type_03,Night,121.4,2024-08-21 10:28:05
6420,5,M08780,Type_10,Afternoon,137.8,2024-08-21 12:07:18
6421,18,M01335,Type_15,Night,87.6,2024-08-21 13:01:54
6422,7,M05589,Type_17,Afternoon,100.5,2024-08-21 13:19:54
6423,3,M01848,Type_12,Morning,145.3,2024-08-21 14:01:28
6424,21,M06852,Type_14,Morning,104.9,2024-08-21 14:19:35
6425,25,M07212,Type_07,Afternoon,80.0,2024-08-21 15:31:15
6426,16,M07866,Type_14,Morning,105.9,2024-08-21 15:39:35
6427,17,M03318,Type_05,Night,112.7,2024-08-21 19:53:18
6428,2,M06812,Type_16,Night,80.0,2024-08-21 21:32:59
6429,16,M00165,Type_02,Morning,136.7,2024-08-21 23:30:28
6430,21,M07061,Type_20,Afternoon,95.7,2024-08-22 00:08:04
6431,20,M03058,Type_05,Afternoon,116.6,2024-08-22 00:31:26
6432,1,M04429,Type_05,Night,105.5,2024-08-22 01:16:54
6433,14,M00403,Type_02,Night,84.2,2024-08-22 01:26:25
6434,16,M08606,Type_08,Afternoon,88.6,2024-08-22 01:29:20
6435,23,M08237,Type_10,Night,91.3,2024-08-22 04:12:47
6436,9,M06350,Type_11,Afternoon,131.7,2024-08-22 04:14:39
6437,17,M04158,Type_11,Afternoon,107.0,2024-08-22 04:35:19
6438,8,M00868,Type_04,Morning,99.6,2024-08-22 06:45:01
6439,9,M08211,Type_15,Morning,91.3,2024-08-22 07:13:45
6440,2,M00365,Type_06,Afternoon,133.9,2024-08-22 07:32:45
6441,13,M07468,Type_12,Morning,139.3,2024-08-22 08:38:13
6442,1,M06572,Type_02,Morning,133.7,2024-08-22 10:41:35
6443,22,M00580,Type_12,Afternoon,119.8,2024-08-22 11:04:00
6444,7,M07675,Type_15,Morning,115.8,2024-08-22 12:16:47
6445,18,M08738,Type_02,Afternoon,85.7,2024-08-22 12:40:55
6446,21,M06469,Type_13,Afternoon,105.1,2024-08-22 13:06:49
6447,5,M04151,Type_24,Night,96.3,2024-08-22 13:53:14
6448,7,M03040,Type_13,Afternoon,80.0,2024-08-22 15:00:19
6449,12,M04138,Type_11,Morning,131.1,2024-08-22 15:34:14
6450,17,M00453,Type_05,Afternoon,96.1,2024-08-22 16:17:49
6451,24,M06538,Type_07,Night,133.9,2024-08-22 16:22:23
6452,5,M01382,Type_03,Night,127.6,2024-08-22 16:49:16
6453,12,M08155,Type_08,Afternoon,121.1,2024-08-22 17:48:17
6454,19,M01468,Type_17,Morning,122.3,2024-08-22 18:53:31
6455,13,M02739,Type_02,Night,97.7,2024-08-22 19:02:06
6456,16,M07573,Type_02,Morning,147.2,2024-08-22 19:08:03
6457,25,M09409,Type_12,Afternoon,110.9,2024-08-22 20:51:06
6458,19,M06748,Type_20,Afternoon,116.0,2024-08-22 21:10:06
6459,23,M00881,Type_10,Morning,97.0,2024-08-22 22:29:48
6460,10,M03150,Type_15,Morning,91.4,2024-08-22 22:50:34
6461,12,M08277,Type_05,Morning,119.5,2024-08-22 23:42:58
6462,7,M07893,Type_10,Afternoon,114.4,2024-08-22 23:46:45
6463,14,M04145,Type_18,Night,94.2,2024-08-22 23:50:35
6464,10,M01169,Type_14,Morning,81.2,2024-08-23 00:07:27
6465,8,M03130,Type_11,Night,84.6,2024-08-23 00:27:25
6466,15,M03646,Type_07,Morning,133.9,2024-08-23 02:33:26
6467,16,M02527,Type_22,Afternoon,97.7,2024-08-23 04:00:13
6468,8,M03517,Type_06,Morning,103.2,2024-08-23 05:11:30
6469,4,M03368,Type_12,Night,139.0,2024-08-23 05:55:26
6470,17,M07339,Type_09,Night,87.6,2024-08-23 07:34:17
6471,4,M03556,Type_08,Afternoon,95.5,2024-08-23 07:46:40
6472,22,M05112,Type_02,Night,94.6,2024-08-23 07:55:22
6473,11,M06753,Type_07,Afternoon,142.4,2024-08-23 08:37:09
6474,13,M00446,Type_06,Night,149.9,2024-08-23 08:40:58
6475,6,M06365,Type_22,Afternoon,125.0,2024-08-23 10:48:21
6476,22,M03627,Type_06,Night,125.7,2024-08-23 12:32:46
6477,14,M04017,Type_24,Afternoon,98.4,2024-08-23 12:45:37
6478,7,M03876,Type_11,Morning,148.9,2024-08-23 12:45:57
6479,12,M05498,Type_15,Afternoon,115.4,2024-08-23 13:32:34
6480,1,M06239,Type_24,Morning,127.1,2024-08-23 13:33:25
6481,10,M00262,Type_13,Afternoon,107.9,2024-08-23 14:13:00
6482,1,M04993,Type_08,Afternoon,104.6,2024-08-23 16:38:51
6483,16,M04026,Type_11,Afternoon,143.3,2024-08-23 16:57:44
6484,7,M08284,Type_01,Morning,120.8,2024-08-23 17:22:22
6485,20,M04223,Type_23,Morning,139.0,2024-08-23 17:24:45
6486,6,M04176,Type_24,Afternoon,115.1,2024-08-23 17:31:08
6487,22,M09175,Type_16,Night,93.0,2024-08-23 19:34:53
6488,25,M03444,Type_03,Morning,98.3,2024-08-23 20:39:50
6489,18,M05012,Type_24,Afternoon,112.1,2024-08-23 20:54:06
6490,20,M00694,Type_23,Afternoon,97.5,2024-08-23 22:37:09
6491,4,M08348,Type_20,Afternoon,87.9,2024-08-23 22:41:39
6492,23,M01813,Type_05,Morning,134.0,2024-08-23 23:25:06
6493,16,M05725,Type_16,Afternoon,99.1,2024-08-24 00:35:08
6494,1,M01408,Type_25,Morning,112.8,2024-08-24 02:45:05
6495,21,M08033,Type_14,Night,115.9,2024-08-24 04:06:01
6496,20,M09409,Type_12,Morning,98.2,2024-08-24 04:58:05
6497,2,M01411,Type_09,Morning,139.0,2024-08-24 05:04:02
6498,16,M03498,Type_16,Morning,87.7,2024-08-24 05:50:29
6499,21,M04373,Type_11,Morning,115.2,2024-08-24 08:12:49
6500,9,M07395,Type_09,Night,114.9,2024-08-24 09:04:48
6501,15,M00552,Type_22,Morning,108.9,2024-08-24 10:05:26
6502,24,M09369,Type_03,Morning,84.1,2024-08-24 11:40:54
6503,16,M04333,Type_10,Afternoon,127.4,2024-08-24 13:03:07
6504,9,M00998,Type_17,Morning,124.9,2024-08-24 13:27:49
6505,7,M04077,Type_06,Morning,96.5,2024-08-24 13:28:57
6506,10,M06100,Type_22,Night,124.1,2024-08-24 14:18:24
6507,7,M05556,Type_07,Night,117.5,2024-08-24 17:01:25
6508,13,M04053,Type_20,Night,84.4,2024-08-24 17:10:23
6509,2,M05304,Type_02,Night,92.9,2024-08-24 17:12:20
6510,12,M08119,Type_22,Afternoon,132.8,2024-08-24 18:50:52
6511,13,M06103,Type_02,Morning,116.2,2024-08-24 19:04:42
6512,3,M05491,Type_21,Night,98.7,2024-08-24 19:48:22
6513,11,M08565,Type_03,Night,92.8,2024-08-24 20:23:40
6514,8,M05617,Type_10,Night,99.7,2024-08-24 22:13:01
6515,11,M02249,Type_08,Afternoon,101.1,2024-08-24 22:51:07
6516,18,M00849,Type_12,Morning,93.1,2024-08-24 23:04:22
6517,7,M06355,Type_11,Night,80.0,2024-08-24 23:49:34
6518,12,M08696,Type_22,Afternoon,132.8,2024-08-24 23:54:29
6519,6,M08071,Type_22,Night,129.4,2024-08-25 00:05:40
6520,10,M08895,Type_01,Morning,84.5,2024-08-25 00:50:20
6521,20,M03626,Type_08,Morning,112.7,2024-08-25 02:26:37
6522,15,M00315,Type_14,Morning,92.0,2024-08-25 03:07:44
6523,20,M02377,Type_17,Night,104.8,2024-08-25 05:57:54
6524,15,M09233,Type_07,Morning,103.1,2024-08-25 07:33:31
6525,19,M04379,Type_18,Morning,101.4,2024-08-25 07:56:47
6526,6,M08450,Type_24,Night,150.1,2024-08-25 08:05:20
6527,19,M00575,Type_24,Morning,101.2,2024-08-25 09:42:47
6528,15,M09745,Type_17,Night,93.8,2024-08-25 10:55:48
6529,25,M05586,Type_17,Morning,94.7,2024-08-25 11:19:05
6530,20,M05493,Type_14,Night,130.9,2024-08-25 11:37:32
6531,20,M08950,Type_07,Afternoon,80.0,2024-08-25 12:27:08
6532,18,M02811,Type_06,Night,94.7,2024-08-25 13:15:32
6533,2,M08135,Type_19,Night,138.9,2024-08-25 15:15:19
6534,7,M09297,Type_16,Morning,114.9,2024-08-25 18:23:17
6535,5,M05671,Type_20,Morning,113.8,2024-08-25 18:34:03
6536,3,M07716,Type_17,Morning,152.6,2024-08-25 19:10:14
6537,6,M06568,Type_01,Afternoon,114.9,2024-08-25 20:52:15
6538,6,M03460,Type_24,Night,95.8,2024-08-25 21:34:40
6539,1,M06118,Type_10,Afternoon,104.4,2024-08-25 22:03:53
6540,19,M03993,Type_05,Afternoon,87.3,2024-08-25 22:11:05
6541,12,M07838,Type_02,Morning,135.1,2024-08-25 23:02:05
6542,5,M00204,Type_03,Night,121.5,2024-08-25 23:02:10
6543,7,M02776,Type_10,Night,132.5,2024-08-25 23:08:50
6544,20,M01993,Type_05,Morning,134.3,2024-08-25 23:33:12
6545,8,M02244,Type_02,Afternoon,101.7,2024-08-26 00:58:23
6546,19,M08499,Type_24,Morning,91.1,2024-08-26 01:01:24
6547,6,M01688,Type_09,Afternoon,109.0,2024-08-26 01:38:59
6548,15,M04110,Type_14,Afternoon,92.5,2024-08-26 03:58:35
6549,6,M01861,Type_03,Morning,113.3,2024-08-26 04:03:48
6550,9,M05177,Type_19,Afternoon,132.6,2024-08-26 04:11:37
6551,4,M00723,Type_06,Morning,106.6,2024-08-26 05:36:51
6552,16,M08972,Type_19,Afternoon,113.0,2024-08-26 06:33:31
6553,23,M08721,Type_15,Afternoon,108.1,2024-08-26 06:38:27
6554,10,M04894,Type_20,Morning,126.1,2024-08-26 06:46:29
6555,1,M00344,Type_24,Night,96.6,2024-08-26 07:10:11
6556,11,M05399,Type_20,Afternoon,80.0,2024-08-26 08:26:08
6557,17,M08401,Type_21,Morning,119.4,2024-08-26 09:18:05
6558,18,M04737,Type_24,Morning,129.8,2024-08-26 11:32:35
6559,20,M03407,Type_22,Night,118.9,2024-08-26 12:02:26
6560,22,M09504,Type_20,Night,97.2,2024-08-26 12:33:44
6561,20,M00920,Type_05,Morning,87.3,2024-08-26 12:45:13
6562,15,M05820,Type_21,Morning,119.9,2024-08-26 14:11:12
6563,6,M02045,Type_08,Morning,112.8,2024-08-26 14:20:03
6564,16,M00419,Type_07,Afternoon,107.5,2024-08-26 15:56:20
6565,2,M01750,Type_02,Morning,146.4,2024-08-26 16:19:50
6566,25,M07379,Type_02,Morning,91.1,2024-08-26 16:24:23
6567,3,M01100,Type_17,Afternoon,145.5,2024-08-26 16:30:30
6568,23,M03393,Type_24,Afternoon,110.6,2024-08-26 17:00:17
6569,17,M02773,Type_03,Morning,80.0,2024-08-26 18:05:22
6570,8,M06785,Type_15,Afternoon,106.4,2024-08-26 18:31:04
6571,20,M01546,Type_03,Afternoon,129.2,2024-08-26 18:59:38
6572,15,M01071,Type_20,Morning,102.7,2024-08-26 19:14:37
6573,13,M06523,Type_05,Morning,80.5,2024-08-26 22:00:51
6574,21,M01851,Type_17,Night,106.7,2024-08-26 23:14:39
6575,23,M05054,Type_16,Morning,92.9,2024-08-27 00:42:45
6576,19,M02940,Type_22,Afternoon,119.8,2024-08-27 00:49:27
6577,25,M07195,Type_20,Night,125.5,2024-08-27 00:57:00
6578,25,M05852,Type_02,Morning,88.9,2024-08-27 01:01:06
6579,24,M06674,Type_04,Morning,95.9,2024-08-27 01:04:40
6580,1,M00679,Type_24,Afternoon,125.1,2024-08-27 02:16:02
6581,12,M00989,Type_20,Night,92.8,2024-08-27 03:11:22
6582,18,M09800,Type_25,Night,88.4,2024-08-27 03:18:32
6583,18,M01503,Type_15,Afternoon,86.4,2024-08-27 04:17:01
6584,3,M01790,Type_23,Morning,117.0,2024-08-27 05:23:45
6585,18,M05282,Type_16,Afternoon,116.2,2024-08-27 06:05:54
6586,17,M05028,Type_12,Afternoon,96.3,2024-08-27 06:16:34
6587,11,M01426,Type_06,Afternoon,110.1,2024-08-27 06:32:38
6588,5,M06655,Type_19,Morning,140.5,2024-08-27 06:39:16
6589,22,M02441,Type_02,Morning,90.5,2024-08-27 06:40:43
6590,7,M06857,Type_13,Night,80.0,2024-08-27 07:16:06
6591,23,M07368,Type_05,Afternoon,119.1,2024-08-27 07:44:46
6592,18,M09471,Type_16,Morning,107.8,2024-08-27 08:11:04
6593,7,M02595,Type_04,Morning,95.8,2024-08-27 10:52:30
6594,18,M04690,Type_24,Night,123.0,2024-08-27 11:50:04
6595,2,M02437,Type_19,Afternoon,126.8,2024-08-27 12:09:48
6596,6,M05518,Type_12,Morning,80.0,2024-08-27 17:19:25
6597,22,M09220,Type_02,Morning,96.9,2024-08-27 17:35:01
6598,8,M06311,Type_08,Morning,156.4,2024-08-27 20:22:39
6599,21,M03540,Type_24,Night,121.7,2024-08-27 23:20:14
6600,21,M03484,Type_14,Afternoon,123.5,2024-08-27 23:21:06
6601,17,M07372,Type_21,Afternoon,133.5,2024-08-28 00:16:37
6602,4,M02242,Type_24,Afternoon,110.3,2024-08-28 01:52:40
6603,17,M06379,Type_07,Morning,125.9,2024-08-28 02:03:24
6604,16,M02766,Type_04,Night,124.4,2024-08-28 02:17:50
6605,21,M09366,Type_01,Afternoon,120.8,2024-08-28 03:11:21
6606,15,M04912,Type_17,Morning,103.6,2024-08-28 03:21:00
6607,15,M00404,Type_18,Morning,113.4,2024-08-28 03:54:42
6608,8,M03383,Type_02,Afternoon,98.2,2024-08-28 07:53:48
6609,17,M04164,Type_06,Night,110.3,2024-08-28 09:48:03
6610,19,M07631,Type_02,Morning,86.6,2024-08-28 13:49:44
6611,1,M00088,Type_02,Night,94.2,2024-08-28 15:30:34
6612,13,M09351,Type_10,Night,104.4,2024-08-28 16:24:56
6613,6,M05817,Type_18,Morning,91.1,2024-08-28 16:47:10
6614,10,M05471,Type_07,Morning,99.9,2024-08-28 17:02:39
6615,1,M06277,Type_04,Morning,106.7,2024-08-28 17:46:26
6616,12,M05740,Type_11,Afternoon,118.0,2024-08-28 18:30:39
6617,19,M04274,Type_07,Morning,129.0,2024-08-28 18:59:39
6618,15,M09574,Type_14,Morning,100.7,2024-08-28 19:15:47
6619,21,M06524,Type_13,Afternoon,136.7,2024-08-28 19:19:51
6620,5,M05004,Type_20,Afternoon,128.8,2024-08-28 19:20:51
6621,2,M08039,Type_19,Morning,120.1,2024-08-28 19:26:12
6622,19,M06607,Type_01,Afternoon,113.1,2024-08-28 19:58:20
6623,14,M02065,Type_05,Afternoon,116.4,2024-08-28 21:48:14
6624,9,M05316,Type_10,Afternoon,133.7,2024-08-28 22:45:26
6625,1,M00318,Type_08,Night,134.5,2024-08-28 22:52:10
6626,13,M01503,Type_15,Morning,136.7,2024-08-28 23:58:54
6627,17,M06131,Type_17,Night,110.8,2024-08-29 01:01:10
6628,2,M07420,Type_04,Afternoon,121.1,2024-08-29 02:19:40
6629,24,M02043,Type_12,Afternoon,136.9,2024-08-29 03:58:26
6630,22,M04599,Type_24,Afternoon,97.5,2024-08-29 04:24:26
6631,14,M00119,Type_17,Afternoon,103.6,2024-08-29 04:46:46
6632,20,M00710,Type_01,Morning,110.3,2024-08-29 05:13:14
6633,23,M03558,Type_24,Afternoon,128.0,2024-08-29 07:48:09
6634,6,M03251,Type_04,Afternoon,128.3,2024-08-29 08:29:15
6635,25,M08062,Type_01,Afternoon,105.4,2024-08-29 08:44:13
6636,6,M08610,Type_13,Morning,80.0,2024-08-29 10:34:07
6637,18,M02604,Type_03,Night,114.9,2024-08-29 13:32:30
6638,19,M01102,Type_23,Afternoon,91.6,2024-08-29 13:43:03
6639,9,M04422,Type_21,Morning,80.2,2024-08-29 14:16:23
6640,15,M07858,Type_17,Afternoon,84.7,2024-08-29 17:45:23
6641,7,M08178,Type_02,Night,116.5,2024-08-29 18:20:47
6642,6,M06083,Type_11,Night,137.2,2024-08-29 18:57:56
6643,5,M06659,Type_02,Afternoon,110.8,2024-08-29 19:54:30
6644,19,M02262,Type_03,Night,114.2,2024-08-29 21:47:36
6645,20,M08022,Type_21,Morning,133.7,2024-08-29 23:51:04
6646,1,M00509,Type_10,Afternoon,80.0,2024-08-30 00:09:30
6647,21,M02380,Type_17,Night,120.4,2024-08-30 03:20:09
6648,7,M08880,Type_06,Night,109.8,2024-08-30 03:35:02
6649,18,M04753,Type_24,Afternoon,121.3,2024-08-30 03:55:37
6650,8,M09485,Type_19,Night,100.3,2024-08-30 04:09:38
6651,12,M05496,Type_19,Morning,93.6,2024-08-30 05:26:50
6652,10,M03210,Type_16,Night,112.8,2024-08-30 06:52:08
6653,6,M07399,Type_21,Morning,143.0,2024-08-30 07:48:23
6654,16,M06744,Type_17,Morning,127.2,2024-08-30 08:44:58
6655,19,M05649,Type_02,Morning,99.8,2024-08-30 11:46:26
6656,18,M05172,Type_25,Afternoon,83.2,2024-08-30 14:20:28
6657,24,M07891,Type_22,Morning,80.0,2024-08-30 14:32:05
6658,13,M00325,Type_24,Morning,136.3,2024-08-30 15:47:29
6659,20,M03558,Type_24,Morning,90.9,2024-08-30 17:51:45
6660,7,M03588,Type_10,Morning,103.5,2024-08-30 18:48:23
6661,7,M00152,Type_12,Afternoon,136.4,2024-08-30 19:29:00
6662,16,M00955,Type_18,Afternoon,80.0,2024-08-30 20:12:31
6663,25,M04355,Type_22,Morning,139.8,2024-08-30 20:51:52
6664,10,M07161,Type_06,Afternoon,104.9,2024-08-30 21:53:17
6665,15,M09384,Type_07,Night,87.0,2024-08-30 23:50:23
6666,14,M00688,Type_23,Night,105.1,2024-08-31 00:04:48
6667,24,M08502,Type_17,Morning,95.5,2024-08-31 02:27:48
6668,12,M09695,Type_21,Afternoon,118.8,2024-08-31 02:47:48
6669,15,M03128,Type_01,Morning,97.0,2024-08-31 03:12:05
6670,8,M06764,Type_22,Morning,80.0,2024-08-31 04:04:33
6671,7,M03396,Type_07,Morning,105.6,2024-08-31 04:17:50
6672,21,M09006,Type_01,Night,82.9,2024-08-31 05:07:25
6673,9,M00846,Type_22,Morning,114.1,2024-08-31 05:27:14
6674,14,M01165,Type_01,Morning,86.3,2024-08-31 07:24:53
6675,7,M05905,Type_09,Morning,100.2,2024-08-31 10:11:50
6676,12,M09960,Type_11,Night,113.7,2024-08-31 12:38:31
6677,14,M05361,Type_22,Afternoon,105.8,2024-08-31 13:38:11
6678,11,M00355,Type_20,Morning,115.0,2024-08-31 13:39:38
6679,19,M01873,Type_19,Afternoon,123.6,2024-08-31 15:00:04
6680,6,M02025,Type_18,Afternoon,86.8,2024-08-31 15:17:09
6681,3,M02818,Type_12,Afternoon,108.7,2024-08-31 15:28:43
6682,6,M03833,Type_22,Morning,80.0,2024-08-31 15:49:12
6683,24,M08258,Type_02,Night,114.9,2024-08-31 16:27:22
6684,9,M02582,Type_08,Morning,104.0,2024-08-31 17:22:45
6685,2,M09583,Type_21,Afternoon,90.3,2024-08-31 18:52:28
6686,6,M09323,Type_22,Morning,116.3,2024-08-31 19:07:43
6687,14,M02487,Type_08,Morning,133.5,2024-08-31 21:58:56
6688,19,M09027,Type_18,Morning,100.5,2024-08-31 22:26:17
6689,23,M08419,Type_14,Afternoon,91.1,2024-08-31 22:41:45
6690,4,M02444,Type_09,Morning,113.3,2024-08-31 22:55:32
6691,14,M08920,Type_01,Night,83.3,2024-08-31 23:23:29
6692,21,M01037,Type_19,Morning,96.8,2024-08-31 23:26:03
6693,10,M08685,Type_05,Afternoon,134.4,2024-09-01 00:44:06
6694,6,M07436,Type_09,Night,111.2,2024-09-01 01:07:53
6695,11,M01549,Type_19,Afternoon,80.0,2024-09-01 01:19:43
6696,13,M09336,Type_03,Afternoon,80.0,2024-09-01 01:43:55
6697,24,M05066,Type_14,Afternoon,113.2,2024-09-01 04:22:03
6698,18,M06497,Type_01,Morning,127.2,2024-09-01 06:20:15
6699,20,M06184,Type_14,Night,80.0,2024-09-01 07:22:47
6700,14,M03958,Type_08,Morning,119.0,2024-09-01 08:11:30
6701,20,M03408,Type_12,Afternoon,136.6,2024-09-01 08:37:18
6702,22,M00640,Type_05,Afternoon,147.8,2024-09-01 09:10:23
6703,20,M00173,Type_04,Morning,116.6,2024-09-01 10:36:21
6704,11,M05667,Type_18,Morning,120.1,2024-09-01 11:30:24
6705,21,M04355,Type_22,Afternoon,80.0,2024-09-01 12:11:29
6706,5,M03960,Type_01,Night,152.0,2024-09-01 12:26:10
6707,8,M08709,Type_22,Night,98.5,2024-09-01 13:09:34
6708,4,M08715,Type_06,Afternoon,91.3,2024-09-01 14:53:53
6709,12,M02887,Type_15,Afternoon,104.9,2024-09-01 16:49:05
6710,6,M02165,Type_05,Night,140.2,2024-09-01 18:56:13
6711,23,M03946,Type_15,Morning,154.2,2024-09-01 19:28:17
6712,24,M05236,Type_01,Morning,112.5,2024-09-01 21:19:34
6713,25,M07747,Type_13,Afternoon,130.0,2024-09-01 22:10:43
6714,8,M02591,Type_21,Night,110.9,2024-09-01 23:46:30
6715,4,M07755,Type_18,Night,89.2,2024-09-02 00:39:04
6716,20,M04935,Type_07,Afternoon,139.5,2024-09-02 01:22:41
6717,10,M04077,Type_06,Morning,97.6,2024-09-02 02:13:28
6718,11,M05186,Type_02,Afternoon,140.7,2024-09-02 02:21:27
6719,15,M01094,Type_25,Morning,136.0,2024-09-02 02:51:36
6720,5,M03881,Type_06,Morning,122.3,2024-09-02 03:04:09
6721,3,M06560,Type_05,Night,146.6,2024-09-02 04:00:26
6722,15,M02786,Type_19,Morning,154.6,2024-09-02 04:22:49
6723,2,M06066,Type_07,Night,106.5,2024-09-02 04:44:05
6724,2,M06540,Type_22,Afternoon,93.8,2024-09-02 04:58:22
6725,25,M01575,Type_14,Afternoon,80.0,2024-09-02 05:29:45
6726,8,M05677,Type_13,Morning,154.9,2024-09-02 05:42:02
6727,22,M08061,Type_11,Morning,101.2,2024-09-02 06:28:03
6728,14,M03991,Type_01,Morning,132.7,2024-09-02 07:36:12
6729,9,M05211,Type_06,Night,95.2,2024-09-02 08:00:20
6730,5,M04846,Type_15,Night,140.8,2024-09-02 08:09:23
6731,12,M09286,Type_03,Afternoon,96.0,2024-09-02 09:05:20
6732,10,M01190,Type_23,Morning,86.2,2024-09-02 09:30:36
6733,1,M02690,Type_21,Night,105.8,2024-09-02 09:46:00
6734,24,M04096,Type_06,Morning,99.4,2024-09-02 12:39:10
6735,19,M01876,Type_05,Morning,121.9,2024-09-02 12:41:01
6736,25,M07769,Type_06,Afternoon,109.0,2024-09-02 12:44:09
6737,11,M03407,Type_22,Night,122.6,2024-09-02 14:00:43
6738,17,M09980,Type_07,Morning,104.2,2024-09-02 14:21:20
6739,3,M03933,Type_14,Morning,96.7,2024-09-02 14:37:59
6740,1,M09800,Type_25,Night,98.3,2024-09-02 15:18:34
6741,17,M08241,Type_03,Morning,150.9,2024-09-02 15:42:10
6742,6,M05409,Type_12,Morning,114.5,2024-09-02 15:48:20
6743,13,M03862,Type_01,Afternoon,80.0,2024-09-02 15:53:25
6744,20,M07407,Type_24,Night,99.6,2024-09-02 16:12:16
6745,4,M02834,Type_16,Afternoon,111.9,2024-09-02 16:22:50
6746,5,M05286,Type_04,Night,146.9,2024-09-02 16:27:52
6747,15,M09590,Type_14,Afternoon,130.6,2024-09-02 19:47:55
6748,14,M07646,Type_11,Morning,91.6,2024-09-02 20:20:12
6749,19,M09024,Type_08,Night,158.4,2024-09-02 20:48:34
6750,15,M04778,Type_10,Afternoon,109.4,2024-09-02 21:17:04
6751,12,M02736,Type_16,Morning,134.9,2024-09-02 22:36:39
6752,18,M08274,Type_12,Afternoon,86.9,2024-09-02 22:54:43
6753,14,M08279,Type_09,Morning,80.0,2024-09-02 23:53:00
6754,10,M06369,Type_05,Morning,81.8,2024-09-03 01:34:38
6755,8,M00822,Type_17,Morning,80.0,2024-09-03 01:50:55
6756,23,M07526,Type_18,Afternoon,152.2,2024-09-03 02:15:09
6757,4,M00163,Type_24,Night,114.3,2024-09-03 02:29:22
6758,18,M07778,Type_25,Afternoon,91.5,2024-09-03 03:18:08
6759,25,M01933,Type_12,Night,119.1,2024-09-03 03:24:49
6760,8,M03536,Type_10,Morning,113.8,2024-09-03 03:48:19
6761,4,M05957,Type_23,Morning,122.4,2024-09-03 06:51:21
6762,11,M03447,Type_06,Morning,134.2,2024-09-03 06:59:47
6763,5,M02791,Type_15,Morning,104.2,2024-09-03 07:32:27
6764,10,M02708,Type_07,Morning,92.4,2024-09-03 08:38:30
6765,6,M07960,Type_13,Night,126.6,2024-09-03 08:49:56
6766,4,M03934,Type_08,Night,126.0,2024-09-03 08:51:51
6767,18,M03386,Type_19,Night,112.0,2024-09-03 09:00:40
6768,21,M06637,Type_14,Morning,153.6,2024-09-03 09:05:51
6769,17,M00923,Type_09,Night,101.2,2024-09-03 09:24:52
6770,7,M08090,Type_20,Morning,92.0,2024-09-03 09:34:57
6771,9,M09775,Type_10,Morning,118.4,2024-09-03 09:51:39
6772,3,M00565,Type_17,Night,96.5,2024-09-03 11:11:10
6773,22,M03259,Type_15,Afternoon,119.9,2024-09-03 11:28:58
6774,9,M02501,Type_10,Morning,93.3,2024-09-03 12:20:07
6775,4,M04567,Type_23,Afternoon,102.0,2024-09-03 12:31:00
6776,22,M09180,Type_23,Morning,147.8,2024-09-03 13:44:02
6777,19,M06882,Type_20,Afternoon,101.9,2024-09-03 14:25:14
6778,9,M03637,Type_24,Afternoon,94.0,2024-09-03 15:03:00
6779,23,M06031,Type_02,Night,133.4,2024-09-03 15:27:30
6780,23,M00224,Type_01,Morning,89.0,2024-09-03 15:32:53
6781,20,M06298,Type_11,Morning,96.1,2024-09-03 18:42:26
6782,6,M00351,Type_05,Afternoon,121.5,2024-09-03 19:50:18
6783,11,M07315,Type_20,Afternoon,128.8,2024-09-03 21:03:12
6784,24,M01929,Type_12,Morning,134.4,2024-09-04 02:15:59
6785,15,M07744,Type_01,Afternoon,95.1,2024-09-04 04:14:49
6786,22,M08541,Type_17,Night,121.9,2024-09-04 04:34:37
6787,6,M04733,Type_24,Night,100.7,2024-09-04 05:08:44
6788,20,M01018,Type_15,Night,97.9,2024-09-04 05:40:14
6789,24,M02227,Type_20,Night,134.1,2024-09-04 06:26:15
6790,10,M07207,Type_12,Afternoon,99.0,2024-09-04 07:05:00
6791,24,M07171,Type_24,Night,115.6,2024-09-04 07:19:12
6792,25,M06208,Type_13,Morning,113.1,2024-09-04 09:13:12
6793,22,M02420,Type_25,Morning,88.6,2024-09-04 11:50:36
6794,18,M06241,Type_12,Morning,129.3,2024-09-04 12:40:44
6795,16,M01894,Type_18,Afternoon,121.2,2024-09-04 13:39:53
6796,4,M05323,Type_09,Morning,80.0,2024-09-04 13:49:20
6797,20,M07719,Type_03,Night,115.5,2024-09-04 14:57:58
6798,13,M06879,Type_11,Morning,94.5,2024-09-04 17:11:20
6799,24,M01126,Type_10,Morning,131.9,2024-09-04 17:23:52
6800,5,M03118,Type_08,Afternoon,81.1,2024-09-04 18:07:00
6801,20,M04162,Type_25,Morning,102.9,2024-09-04 18:38:35
6802,24,M04043,Type_03,Morning,117.2,2024-09-04 19:46:08
6803,19,M04434,Type_14,Morning,111.1,2024-09-04 20:40:39
6804,18,M08639,Type_04,Afternoon,125.3,2024-09-04 22:33:47
6805,20,M02659,Type_04,Afternoon,80.0,2024-09-05 00:40:25
6806,17,M03484,Type_14,Night,143.0,2024-09-05 02:43:03
6807,16,M02945,Type_25,Afternoon,120.5,2024-09-05 03:05:24
6808,1,M07211,Type_03,Afternoon,137.2,2024-09-05 03:41:39
6809,21,M07654,Type_14,Morning,127.5,2024-09-05 04:09:41
6810,1,M08788,Type_23,Morning,109.8,2024-09-05 04:44:48
6811,20,M01987,Type_15,Night,84.3,2024-09-05 05:14:31
6812,24,M01075,Type_13,Morning,98.7,2024-09-05 05:42:28
6813,14,M04306,Type_14,Morning,141.8,2024-09-05 06:20:44
6814,24,M03008,Type_21,Night,137.7,2024-09-05 06:28:49
6815,2,M00970,Type_23,Afternoon,97.6,2024-09-05 09:53:40
6816,15,M08773,Type_22,Morning,80.0,2024-09-05 10:16:21
6817,3,M02825,Type_06,Morning,105.7,2024-09-05 12:00:02
6818,13,M01212,Type_03,Night,104.2,2024-09-05 12:49:09
6819,19,M00230,Type_14,Night,105.0,2024-09-05 12:59:20
6820,1,M04285,Type_10,Afternoon,120.6,2024-09-05 13:01:31
6821,13,M03186,Type_05,Afternoon,127.5,2024-09-05 13:47:02
6822,15,M00502,Type_16,Afternoon,129.8,2024-09-05 14:33:08
6823,16,M00049,Type_05,Night,118.9,2024-09-05 15:10:43
6824,11,M03567,Type_09,Night,80.0,2024-09-05 17:39:25
6825,3,M03056,Type_25,Morning,103.2,2024-09-05 17:42:12
6826,8,M08881,Type_20,Night,156.1,2024-09-05 19:54:56
6827,6,M00387,Type_22,Morning,117.5,2024-09-05 20:04:46
6828,5,M00970,Type_23,Morning,117.4,2024-09-05 20:09:09
6829,15,M09198,Type_09,Afternoon,117.2,2024-09-05 20:43:16
6830,9,M05821,Type_16,Afternoon,118.3,2024-09-05 20:48:28
6831,23,M03053,Type_11,Night,80.0,2024-09-05 21:15:10
6832,22,M07398,Type_03,Morning,105.2,2024-09-05 21:33:57
6833,5,M02303,Type_14,Afternoon,109.2,2024-09-05 23:16:59
6834,21,M02284,Type_10,Night,135.6,2024-09-05 23:33:42
6835,10,M09800,Type_25,Night,111.0,2024-09-05 23:50:36
6836,25,M04367,Type_04,Morning,80.0,2024-09-06 00:19:48
6837,6,M00123,Type_10,Morning,118.6,2024-09-06 01:33:04
6838,11,M06800,Type_13,Afternoon,93.9,2024-09-06 01:46:57
6839,4,M09473,Type_04,Morning,85.7,2024-09-06 01:49:25
6840,20,M03728,Type_08,Night,93.3,2024-09-06 02:22:38
6841,12,M08451,Type_12,Night,120.9,2024-09-06 02:38:17
6842,20,M09140,Type_07,Morning,135.2,2024-09-06 02:54:01
6843,6,M04959,Type_11,Morning,119.7,2024-09-06 03:38:25
6844,1,M00525,Type_25,Morning,122.6,2024-09-06 05:30:46
6845,25,M09080,Type_06,Night,119.5,2024-09-06 05:39:46
6846,18,M08400,Type_20,Morning,112.0,2024-09-06 06:47:29
6847,2,M00149,Type_10,Afternoon,123.9,2024-09-06 07:19:53
6848,5,M08002,Type_03,Afternoon,80.0,2024-09-06 08:45:24
6849,16,M00438,Type_21,Afternoon,112.2,2024-09-06 08:49:33
6850,12,M03750,Type_17,Morning,89.1,2024-09-06 10:07:07
6851,12,M08187,Type_17,Morning,133.3,2024-09-06 10:20:22
6852,11,M04454,Type_04,Night,107.1,2024-09-06 12:06:50
6853,20,M05337,Type_19,Night,110.6,2024-09-06 12:32:56
6854,19,M04552,Type_16,Night,80.0,2024-09-06 14:01:08
6855,21,M02824,Type_23,Morning,130.3,2024-09-06 15:07:38
6856,7,M05729,Type_09,Morning,122.5,2024-09-06 15:13:50
6857,2,M08678,Type_09,Afternoon,121.1,2024-09-06 15:44:00
6858,6,M08392,Type_02,Morning,93.7,2024-09-06 15:45:39
6859,4,M01983,Type_01,Night,94.5,2024-09-06 15:49:40
6860,2,M06997,Type_24,Afternoon,114.5,2024-09-06 16:41:11
6861,17,M09664,Type_20,Morning,96.1,2024-09-06 17:22:54
6862,8,M02312,Type_16,Night,118.7,2024-09-06 19:11:09
6863,5,M07226,Type_24,Night,80.0,2024-09-06 19:57:04
6864,10,M09714,Type_05,Morning,100.2,2024-09-07 00:40:24
6865,16,M00605,Type_19,Afternoon,145.9,2024-09-07 01:28:36
6866,2,M08176,Type_18,Morning,118.8,2024-09-07 01:45:53
6867,24,M05786,Type_20,Morning,113.3,2024-09-07 02:52:38
6868,19,M09610,Type_20,Morning,149.7,2024-09-07 03:01:46
6869,7,M04598,Type_08,Afternoon,80.0,2024-09-07 03:36:47
6870,2,M07760,Type_05,Night,93.7,2024-09-07 03:49:27
6871,13,M07533,Type_21,Afternoon,102.0,2024-09-07 04:05:23
6872,23,M08741,Type_09,Morning,127.2,2024-09-07 07:01:07
6873,4,M00839,Type_05,Afternoon,127.5,2024-09-07 07:44:23
6874,16,M03816,Type_14,Morning,92.7,2024-09-07 07:47:37
6875,10,M00848,Type_12,Night,130.0,2024-09-07 07:55:57
6876,17,M04710,Type_14,Afternoon,101.9,2024-09-07 08:34:38
6877,21,M04508,Type_18,Morning,134.2,2024-09-07 08:36:58
6878,14,M06576,Type_14,Morning,89.3,2024-09-07 10:26:34
6879,12,M04774,Type_04,Night,107.5,2024-09-07 10:39:42
6880,13,M04469,Type_07,Morning,100.2,2024-09-07 11:12:38
6881,20,M05193,Type_05,Night,131.1,2024-09-07 11:13:18
6882,8,M03321,Type_13,Morning,99.5,2024-09-07 12:09:32
6883,17,M04699,Type_11,Morning,109.2,2024-09-07 12:50:37
6884,18,M04312,Type_16,Afternoon,120.1,2024-09-07 13:05:13
6885,21,M03674,Type_17,Night,120.9,2024-09-07 13:30:42
6886,10,M01565,Type_03,Night,127.7,2024-09-07 14:28:09
6887,13,M01841,Type_12,Morning,114.2,2024-09-07 14:31:26
6888,2,M06059,Type_11,Morning,101.6,2024-09-07 16:39:02
6889,17,M07132,Type_20,Morning,103.0,2024-09-07 18:19:33
6890,6,M00727,Type_25,Afternoon,110.5,2024-09-07 21:55:10
6891,12,M09437,Type_11,Afternoon,115.0,2024-09-07 23:28:12
6892,13,M06698,Type_20,Night,107.1,2024-09-08 00:20:17
6893,4,M09258,Type_24,Night,110.4,2024-09-08 01:09:52
6894,15,M00283,Type_17,Morning,80.0,2024-09-08 01:16:12
6895,16,M01082,Type_23,Afternoon,123.3,2024-09-08 01:35:23
6896,21,M03886,Type_23,Night,113.6,2024-09-08 01:42:25
6897,19,M02882,Type_17,Night,130.0,2024-09-08 03:58:11
6898,15,M02971,Type_10,Morning,110.0,2024-09-08 05:23:43
6899,6,M09345,Type_22,Morning,80.0,2024-09-08 05:24:38
6900,20,M06986,Type_11,Afternoon,102.8,2024-09-08 06:41:30
6901,6,M00948,Type_19,Morning,106.0,2024-09-08 07:40:58
6902,5,M04761,Type_04,Morning,124.9,2024-09-08 07:44:03
6903,2,M09910,Type_16,Morning,80.0,2024-09-08 07:56:11
6904,20,M00067,Type_06,Afternoon,110.8,2024-09-08 10:37:45
6905,2,M08829,Type_12,Morning,120.3,2024-09-08 11:38:42
6906,5,M08506,Type_17,Morning,96.8,2024-09-08 12:13:35
6907,3,M00565,Type_17,Morning,111.5,2024-09-08 12:40:14
6908,6,M09794,Type_12,Night,97.5,2024-09-08 12:44:42
6909,11,M09018,Type_06,Night,95.4,2024-09-08 14:42:09
6910,5,M03671,Type_01,Afternoon,101.8,2024-09-08 14:57:35
6911,18,M09218,Type_16,Afternoon,95.8,2024-09-08 19:24:28
6912,14,M02252,Type_17,Night,123.7,2024-09-08 19:24:52
6913,10,M00805,Type_08,Morning,95.3,2024-09-08 20:35:54
6914,24,M04632,Type_03,Morning,91.9,2024-09-08 21:20:10
6915,22,M09584,Type_12,Morning,145.4,2024-09-08 23:15:43
6916,25,M01236,Type_06,Morning,129.2,2024-09-09 01:28:24
6917,3,M06721,Type_14,Morning,80.0,2024-09-09 06:17:17
6918,16,M06907,Type_11,Night,94.7,2024-09-09 06:49:25
6919,16,M06017,Type_01,Afternoon,114.8,2024-09-09 08:01:26
6920,11,M03550,Type_09,Afternoon,116.5,2024-09-09 09:13:39
6921,4,M07939,Type_25,Night,80.2,2024-09-09 14:27:07
6922,11,M04142,Type_08,Morning,133.2,2024-09-09 14:27:15
6923,8,M06967,Type_17,Morning,126.5,2024-09-09 14:35:48
6924,16,M09547,Type_24,Afternoon,119.6,2024-09-09 16:11:06
6925,23,M05336,Type_13,Afternoon,137.1,2024-09-09 17:21:32
6926,8,M05078,Type_14,Morning,119.0,2024-09-09 18:27:31
6927,9,M05612,Type_19,Afternoon,119.0,2024-09-09 18:49:26
6928,14,M08090,Type_20,Afternoon,141.2,2024-09-09 19:38:23
6929,8,M02893,Type_17,Afternoon,132.0,2024-09-09 20:00:30
6930,24,M05578,Type_05,Afternoon,93.2,2024-09-09 20:16:49
6931,16,M03619,Type_25,Morning,122.7,2024-09-09 20:20:48
6932,22,M01560,Type_24,Morning,96.7,2024-09-09 20:59:16
6933,2,M06684,Type_08,Afternoon,120.1,2024-09-09 21:47:28
6934,23,M01508,Type_16,Morning,119.5,2024-09-09 22:04:13
6935,20,M02064,Type_24,Night,82.3,2024-09-09 22:20:17
6936,19,M03643,Type_25,Afternoon,107.6,2024-09-09 22:43:05
6937,20,M02001,Type_03,Morning,115.3,2024-09-09 23:41:00
6938,20,M01295,Type_10,Night,101.3,2024-09-10 00:52:07
6939,19,M04066,Type_17,Afternoon,116.3,2024-09-10 02:30:19
6940,25,M08015,Type_14,Morning,126.1,2024-09-10 02:39:43
6941,19,M09946,Type_24,Night,109.4,2024-09-10 02:54:00
6942,18,M01604,Type_16,Night,114.5,2024-09-10 03:26:53
6943,13,M01323,Type_06,Afternoon,137.7,2024-09-10 03:27:26
6944,17,M05957,Type_23,Morning,119.5,2024-09-10 04:07:06
6945,1,M02442,Type_02,Afternoon,114.0,2024-09-10 04:31:47
6946,21,M01099,Type_22,Night,90.8,2024-09-10 05:28:14
6947,5,M05074,Type_14,Morning,123.4,2024-09-10 09:34:33
6948,25,M09698,Type_17,Morning,116.6,2024-09-10 09:46:27
6949,20,M09319,Type_03,Night,135.7,2024-09-10 12:27:41
6950,21,M08489,Type_21,Morning,110.9,2024-09-10 13:16:57
6951,13,M03788,Type_19,Night,80.0,2024-09-10 15:07:19
6952,6,M02097,Type_12,Afternoon,80.0,2024-09-10 15:10:11
6953,10,M02209,Type_11,Afternoon,124.7,2024-09-10 15:34:38
6954,23,M05989,Type_22,Morning,98.6,2024-09-10 15:47:37
6955,9,M00176,Type_24,Night,118.7,2024-09-10 15:53:05
6956,6,M07170,Type_23,Morning,112.3,2024-09-10 15:53:59
6957,1,M06015,Type_07,Afternoon,106.7,2024-09-10 18:46:23
6958,24,M01668,Type_01,Afternoon,108.1,2024-09-10 19:26:41
6959,18,M08868,Type_17,Afternoon,92.7,2024-09-10 19:48:16
6960,25,M01824,Type_22,Night,109.7,2024-09-10 21:03:08
6961,23,M05148,Type_01,Afternoon,98.3,2024-09-10 21:08:58
6962,7,M01357,Type_25,Morning,102.6,2024-09-10 22:47:01
6963,10,M03073,Type_15,Night,103.5,2024-09-11 01:06:06
6964,12,M03260,Type_24,Afternoon,105.5,2024-09-11 03:21:14
6965,21,M06200,Type_23,Morning,128.4,2024-09-11 05:34:22
6966,24,M00547,Type_03,Morning,107.4,2024-09-11 07:16:29
6967,15,M05232,Type_22,Night,130.5,2024-09-11 08:03:23
6968,17,M07966,Type_12,Morning,140.8,2024-09-11 08:35:59
6969,3,M02084,Type_12,Afternoon,127.1,2024-09-11 09:44:30
6970,25,M02041,Type_07,Afternoon,120.7,2024-09-11 10:33:51
6971,15,M04535,Type_07,Morning,116.5,2024-09-11 12:08:07
6972,1,M01753,Type_25,Afternoon,127.3,2024-09-11 13:01:29
6973,11,M09808,Type_21,Morning,111.8,2024-09-11 13:23:18
6974,24,M01850,Type_22,Afternoon,129.7,2024-09-11 13:32:47
6975,6,M02643,Type_24,Afternoon,122.3,2024-09-11 13:40:20
6976,16,M01601,Type_09,Afternoon,102.8,2024-09-11 13:43:50
6977,21,M04403,Type_19,Afternoon,127.9,2024-09-11 14:34:53
6978,12,M03800,Type_04,Night,111.8,2024-09-11 14:47:15
6979,22,M00619,Type_12,Night,107.9,2024-09-11 15:31:05
6980,21,M01133,Type_12,Morning,100.5,2024-09-11 17:02:18
6981,15,M05492,Type_08,Morning,113.3,2024-09-11 18:04:51
6982,25,M05796,Type_22,Afternoon,129.9,2024-09-11 19:05:23
6983,18,M07634,Type_01,Night,127.8,2024-09-11 20:29:54
6984,10,M01488,Type_07,Night,117.1,2024-09-11 21:39:05
6985,22,M07849,Type_17,Night,122.0,2024-09-11 21:54:05
6986,12,M05010,Type_12,Morning,135.4,2024-09-11 21:59:11
6987,20,M09750,Type_06,Afternoon,107.0,2024-09-11 23:03:48
6988,19,M02114,Type_01,Afternoon,87.7,2024-09-12 00:07:19
6989,5,M01045,Type_03,Morning,136.0,2024-09-12 01:51:50
6990,18,M02432,Type_23,Morning,99.4,2024-09-12 02:04:25
6991,19,M07980,Type_08,Night,96.2,2024-09-12 02:45:19
6992,23,M01583,Type_17,Morning,80.0,2024-09-12 03:32:56
6993,12,M01309,Type_17,Morning,121.4,2024-09-12 03:45:24
6994,1,M04918,Type_11,Morning,80.0,2024-09-12 04:50:43
6995,2,M08794,Type_07,Night,95.0,2024-09-12 05:23:01
6996,3,M01621,Type_23,Afternoon,121.8,2024-09-12 07:12:29
6997,12,M07504,Type_20,Afternoon,124.4,2024-09-12 07:53:11
6998,14,M04767,Type_21,Night,97.0,2024-09-12 08:45:32
6999,7,M05363,Type_17,Morning,107.3,2024-09-12 08:55:49
7000,4,M05193,Type_05,Afternoon,92.5,2024-09-12 09:04:22
7001,12,M06623,Type_23,Morning,99.0,2024-09-12 09:18:44
7002,24,M06094,Type_09,Morning,115.3,2024-09-12 09:41:11
7003,8,M06705,Type_13,Night,100.0,2024-09-12 12:02:13
7004,1,M00101,Type_11,Night,105.1,2024-09-12 12:49:37
7005,5,M06658,Type_13,Morning,80.7,2024-09-12 15:47:24
7006,1,M05876,Type_22,Morning,132.7,2024-09-12 17:53:58
7007,15,M04272,Type_17,Afternoon,120.2,2024-09-12 18:19:04
7008,13,M00238,Type_01,Morning,125.9,2024-09-12 19:40:54
7009,23,M07227,Type_18,Morning,135.8,2024-09-12 20:39:56
7010,13,M08033,Type_14,Morning,93.5,2024-09-12 21:18:05
7011,4,M05219,Type_11,Morning,102.8,2024-09-12 22:15:51
7012,15,M04026,Type_11,Night,80.0,2024-09-12 22:37:11
7013,12,M06074,Type_01,Morning,160.0,2024-09-12 23:17:12
7014,8,M02543,Type_12,Morning,107.0,2024-09-12 23:18:38
7015,16,M01538,Type_21,Afternoon,130.8,2024-09-12 23:19:18
7016,12,M00755,Type_22,Night,85.2,2024-09-12 23:40:39
7017,24,M07397,Type_21,Morning,129.9,2024-09-13 00:31:11
7018,25,M07824,Type_22,Morning,147.2,2024-09-13 00:58:31
7019,6,M05508,Type_18,Morning,108.8,2024-09-13 01:04:46
7020,23,M04236,Type_04,Afternoon,89.8,2024-09-13 02:34:10
7021,15,M00541,Type_11,Afternoon,107.2,2024-09-13 03:02:49
7022,7,M05511,Type_07,Night,80.0,2024-09-13 04:22:26
7023,5,M08462,Type_11,Night,109.2,2024-09-13 04:23:44
7024,23,M07927,Type_10,Night,126.4,2024-09-13 04:45:30
7025,15,M05132,Type_09,Afternoon,109.3,2024-09-13 04:46:04
7026,25,M08698,Type_19,Afternoon,104.3,2024-09-13 04:57:46
7027,12,M01130,Type_16,Morning,120.6,2024-09-13 05:25:15
7028,11,M03146,Type_06,Night,122.1,2024-09-13 05:25:43
7029,4,M08554,Type_12,Morning,80.0,2024-09-13 05:37:45
7030,13,M03721,Type_09,Morning,111.8,2024-09-13 05:57:02
7031,18,M09649,Type_11,Afternoon,158.7,2024-09-13 06:20:14
7032,8,M04068,Type_20,Morning,83.3,2024-09-13 06:38:18
7033,7,M04196,Type_21,Afternoon,108.3,2024-09-13 07:00:11
7034,22,M09874,Type_09,Afternoon,148.8,2024-09-13 08:52:33
7035,23,M09245,Type_20,Afternoon,132.1,2024-09-13 09:25:04
7036,16,M07282,Type_18,Night,99.7,2024-09-13 10:12:02
7037,3,M02510,Type_25,Morning,114.1,2024-09-13 11:11:45
7038,22,M05017,Type_21,Afternoon,110.0,2024-09-13 11:44:57
7039,16,M06534,Type_08,Afternoon,95.0,2024-09-13 11:45:53
7040,16,M04728,Type_13,Afternoon,108.5,2024-09-13 11:51:14
7041,7,M00682,Type_12,Night,104.4,2024-09-13 11:51:56
7042,23,M03933,Type_14,Morning,112.3,2024-09-13 12:07:40
7043,13,M05561,Type_16,Afternoon,95.0,2024-09-13 13:33:14
7044,13,M04017,Type_24,Morning,84.5,2024-09-13 15:03:20
7045,21,M07340,Type_05,Night,109.2,2024-09-13 15:20:10
7046,19,M00720,Type_17,Morning,144.3,2024-09-13 16:09:53
7047,18,M00075,Type_18,Afternoon,111.6,2024-09-13 17:47:23
7048,7,M09486,Type_23,Morning,103.4,2024-09-13 19:30:26
7049,20,M04158,Type_11,Morning,125.1,2024-09-13 20:11:21
7050,18,M08512,Type_24,Afternoon,106.8,2024-09-13 21:05:30
7051,24,M02150,Type_22,Night,147.4,2024-09-13 21:21:32
7052,18,M09645,Type_05,Afternoon,109.9,2024-09-13 23:27:10
7053,22,M09748,Type_03,Night,124.0,2024-09-14 00:24:12
7054,4,M06714,Type_01,Afternoon,94.9,2024-09-14 01:00:03
7055,9,M04208,Type_05,Afternoon,120.1,2024-09-14 02:39:07
7056,21,M07142,Type_21,Morning,115.5,2024-09-14 03:02:27
7057,16,M08653,Type_20,Night,108.9,2024-09-14 03:23:36
7058,4,M09079,Type_09,Morning,100.0,2024-09-14 03:47:12
7059,8,M03937,Type_16,Night,97.2,2024-09-14 04:16:28
7060,3,M09308,Type_05,Night,115.6,2024-09-14 04:32:51
7061,9,M01076,Type_23,Night,122.6,2024-09-14 05:02:03
7062,8,M03877,Type_11,Afternoon,107.5,2024-09-14 06:32:38
7063,12,M04616,Type_06,Afternoon,115.7,2024-09-14 07:37:06
7064,14,M07266,Type_03,Night,109.2,2024-09-14 07:42:49
7065,24,M06380,Type_11,Morning,112.0,2024-09-14 09:21:47
7066,10,M09119,Type_18,Afternoon,106.0,2024-09-14 09:26:47
7067,21,M04653,Type_25,Morning,110.4,2024-09-14 10:34:19
7068,17,M06793,Type_16,Afternoon,160.0,2024-09-14 12:33:37
7069,11,M09248,Type_16,Morning,116.2,2024-09-14 13:37:32
7070,10,M07457,Type_21,Morning,122.9,2024-09-14 14:57:14
7071,13,M04675,Type_16,Morning,118.8,2024-09-14 17:10:24
7072,25,M00542,Type_20,Afternoon,104.7,2024-09-14 17:11:11
7073,2,M02162,Type_07,Afternoon,135.9,2024-09-14 19:42:48
7074,1,M02252,Type_17,Morning,104.2,2024-09-14 21:24:59
7075,22,M09245,Type_20,Afternoon,131.1,2024-09-14 22:32:46
7076,1,M04570,Type_14,Morning,103.3,2024-09-14 23:30:47
7077,16,M02745,Type_05,Afternoon,90.8,2024-09-15 01:22:28
7078,10,M06042,Type_12,Afternoon,117.3,2024-09-15 02:13:04
7079,10,M04676,Type_17,Afternoon,87.9,2024-09-15 03:12:52
7080,7,M01561,Type_25,Afternoon,120.7,2024-09-15 07:07:40
7081,7,M01165,Type_01,Morning,86.1,2024-09-15 08:12:28
7082,1,M05420,Type_20,Night,103.6,2024-09-15 08:17:29
7083,13,M02723,Type_11,Afternoon,81.4,2024-09-15 08:52:54
7084,5,M00471,Type_20,Afternoon,160.0,2024-09-15 10:05:32
7085,3,M09609,Type_11,Afternoon,80.0,2024-09-15 11:00:50
7086,13,M01469,Type_19,Morning,110.2,2024-09-15 14:20:50
7087,12,M07926,Type_22,Afternoon,132.9,2024-09-15 14:31:42
7088,18,M00809,Type_09,Afternoon,130.7,2024-09-15 16:22:27
7089,5,M08364,Type_07,Morning,127.0,2024-09-15 16:31:44
7090,5,M06720,Type_25,Morning,103.7,2024-09-15 18:23:05
7091,2,M05074,Type_14,Morning,137.0,2024-09-15 19:40:04
7092,6,M08013,Type_21,Night,128.3,2024-09-15 20:25:21
7093,7,M01646,Type_08,Afternoon,114.2,2024-09-15 23:02:58
7094,1,M08250,Type_06,Morning,114.8,2024-09-16 00:04:50
7095,3,M01130,Type_16,Morning,103.9,2024-09-16 00:39:29
7096,20,M01354,Type_03,Afternoon,91.8,2024-09-16 01:56:14
7097,2,M00768,Type_16,Night,134.7,2024-09-16 01:57:18
7098,10,M03896,Type_08,Morning,136.2,2024-09-16 02:49:34
7099,11,M08875,Type_14,Morning,92.3,2024-09-16 02:53:31
7100,21,M03455,Type_20,Night,106.9,2024-09-16 03:05:06
7101,13,M07330,Type_17,Morning,107.1,2024-09-16 03:09:43
7102,16,M01791,Type_22,Morning,109.3,2024-09-16 04:09:52
7103,20,M09670,Type_09,Night,111.3,2024-09-16 05:30:52
7104,11,M00886,Type_07,Afternoon,128.9,2024-09-16 05:59:24
7105,18,M07735,Type_22,Morning,95.1,2024-09-16 07:18:56
7106,11,M03907,Type_11,Morning,93.1,2024-09-16 08:12:08
7107,1,M04493,Type_02,Morning,134.7,2024-09-16 08:50:02
7108,24,M09731,Type_16,Morning,100.7,2024-09-16 13:43:12
7109,18,M02074,Type_06,Night,84.7,2024-09-16 13:54:43
7110,20,M00313,Type_24,Afternoon,100.3,2024-09-16 14:10:47
7111,5,M06270,Type_14,Afternoon,103.4,2024-09-16 14:35:23
7112,2,M05318,Type_14,Night,141.1,2024-09-16 15:41:54
7113,25,M00811,Type_09,Afternoon,128.5,2024-09-16 16:56:08
7114,18,M06842,Type_16,Morning,133.0,2024-09-16 17:17:03
7115,22,M02033,Type_11,Afternoon,126.4,2024-09-16 18:20:34
7116,7,M09700,Type_01,Night,128.9,2024-09-16 20:48:42
7117,22,M07130,Type_18,Night,96.2,2024-09-16 20:50:26
7118,11,M02706,Type_25,Morning,106.0,2024-09-16 20:56:03
7119,11,M08789,Type_07,Afternoon,90.2,2024-09-16 21:21:36
7120,13,M02148,Type_04,Afternoon,105.8,2024-09-16 22:58:02
7121,4,M00616,Type_17,Night,123.7,2024-09-16 23:25:15
7122,1,M00948,Type_19,Morning,112.7,2024-09-16 23:46:36
7123,18,M05678,Type_02,Afternoon,136.2,2024-09-17 00:17:53
7124,12,M04652,Type_14,Night,87.2,2024-09-17 00:51:39
7125,10,M07867,Type_01,Afternoon,120.0,2024-09-17 02:33:48
7126,22,M02014,Type_12,Afternoon,85.0,2024-09-17 02:37:00
7127,8,M03698,Type_12,Morning,111.9,2024-09-17 05:27:20
7128,3,M00491,Type_08,Morning,124.8,2024-09-17 06:39:06
7129,7,M04351,Type_25,Morning,105.7,2024-09-17 07:15:39
7130,25,M02429,Type_18,Night,121.0,2024-09-17 07:21:14
7131,20,M04988,Type_15,Morning,90.8,2024-09-17 07:25:46
7132,11,M08734,Type_18,Afternoon,80.0,2024-09-17 08:40:23
7133,7,M09480,Type_05,Afternoon,121.1,2024-09-17 08:44:55
7134,7,M09826,Type_15,Morning,144.9,2024-09-17 08:46:00
7135,9,M04921,Type_13,Afternoon,90.1,2024-09-17 08:51:06
7136,3,M02927,Type_18,Afternoon,134.4,2024-09-17 09:40:03
7137,11,M09545,Type_25,Night,110.9,2024-09-17 11:37:22
7138,17,M07283,Type_06,Afternoon,83.3,2024-09-17 12:43:14
7139,8,M04377,Type_16,Afternoon,87.4,2024-09-17 13:11:50
7140,20,M09491,Type_06,Morning,110.3,2024-09-17 14:15:41
7141,2,M04869,Type_04,Night,101.9,2024-09-17 14:36:22
7142,21,M06987,Type_12,Morning,83.7,2024-09-17 15:03:29
7143,20,M06863,Type_23,Night,80.0,2024-09-17 15:10:07
7144,1,M04424,Type_20,Morning,93.1,2024-09-17 15:21:11
7145,16,M06871,Type_21,Night,113.9,2024-09-17 15:44:58
7146,23,M08160,Type_03,Afternoon,109.9,2024-09-17 17:27:05
7147,4,M02074,Type_06,Night,100.0,2024-09-17 17:50:08
7148,24,M06171,Type_19,Morning,114.0,2024-09-17 17:55:15
7149,9,M00702,Type_09,Afternoon,130.8,2024-09-17 17:58:09
7150,8,M08114,Type_21,Afternoon,117.9,2024-09-17 19:34:26
7151,1,M06826,Type_23,Night,107.6,2024-09-17 21:48:32
7152,8,M07868,Type_19,Morning,128.6,2024-09-17 23:08:33
7153,5,M04265,Type_16,Night,90.8,2024-09-17 23:21:42
7154,1,M07969,Type_09,Night,105.5,2024-09-18 00:41:19
7155,25,M08147,Type_25,Morning,106.0,2024-09-18 00:53:14
7156,25,M07777,Type_25,Night,85.3,2024-09-18 00:55:31
7157,7,M08559,Type_03,Afternoon,101.6,2024-09-18 01:48:25
7158,15,M08720,Type_03,Afternoon,80.0,2024-09-18 01:56:12
7159,7,M04887,Type_13,Morning,148.2,2024-09-18 03:43:35
7160,1,M03936,Type_05,Afternoon,91.3,2024-09-18 04:36:46
7161,9,M04620,Type_22,Afternoon,141.7,2024-09-18 05:29:09
7162,1,M05192,Type_22,Afternoon,110.8,2024-09-18 06:20:39
7163,12,M06876,Type_25,Afternoon,121.3,2024-09-18 06:34:39
7164,7,M07857,Type_08,Afternoon,100.2,2024-09-18 06:47:36
7165,25,M05402,Type_17,Afternoon,114.2,2024-09-18 06:50:22
7166,9,M03023,Type_05,Morning,123.0,2024-09-18 06:56:48
7167,5,M05739,Type_18,Night,123.3,2024-09-18 08:14:06
7168,12,M05985,Type_16,Afternoon,125.5,2024-09-18 09:42:46
7169,22,M01771,Type_25,Morning,102.6,2024-09-18 11:26:51
7170,2,M09970,Type_19,Morning,100.4,2024-09-18 11:48:58
7171,18,M08990,Type_03,Afternoon,80.0,2024-09-18 13:03:50
7172,9,M03216,Type_05,Night,120.5,2024-09-18 14:57:52
7173,1,M06695,Type_14,Morning,131.6,2024-09-18 15:04:50
7174,10,M02977,Type_10,Afternoon,142.3,2024-09-18 16:21:54
7175,14,M03738,Type_08,Morning,116.1,2024-09-18 17:12:27
7176,21,M09904,Type_17,Afternoon,94.7,2024-09-18 17:15:00
7177,14,M00753,Type_15,Night,80.0,2024-09-18 18:38:34
7178,7,M01393,Type_04,Night,130.8,2024-09-18 19:58:52
7179,12,M06790,Type_14,Morning,80.0,2024-09-18 21:36:46
7180,22,M00678,Type_15,Afternoon,103.2,2024-09-18 21:41:48
7181,22,M00106,Type_13,Morning,105.5,2024-09-19 00:10:13
7182,6,M04754,Type_19,Afternoon,108.6,2024-09-19 00:21:12
7183,13,M01947,Type_05,Night,110.7,2024-09-19 00:48:30
7184,8,M05545,Type_03,Night,112.8,2024-09-19 04:34:19
7185,23,M01096,Type_01,Morning,80.0,2024-09-19 04:50:49
7186,21,M06986,Type_11,Night,110.3,2024-09-19 05:14:21
7187,2,M01783,Type_08,Afternoon,80.0,2024-09-19 06:46:41
7188,10,M04542,Type_03,Morning,124.6,2024-09-19 07:26:40
7189,6,M03258,Type_13,Afternoon,98.9,2024-09-19 08:01:38
7190,16,M06214,Type_01,Afternoon,80.0,2024-09-19 08:20:25
7191,10,M04870,Type_04,Afternoon,93.7,2024-09-19 09:52:41
7192,15,M01562,Type_18,Afternoon,98.6,2024-09-19 13:12:04
7193,21,M04007,Type_17,Afternoon,133.8,2024-09-19 14:33:48
7194,20,M09868,Type_12,Morning,113.9,2024-09-19 15:34:47
7195,10,M09315,Type_19,Night,116.9,2024-09-19 17:33:01
7196,11,M03982,Type_11,Afternoon,133.6,2024-09-19 18:39:53
7197,21,M09494,Type_09,Morning,108.1,2024-09-19 19:58:17
7198,25,M05683,Type_09,Night,125.1,2024-09-19 20:06:23
7199,2,M05783,Type_05,Night,123.7,2024-09-19 20:15:38
7200,22,M00944,Type_24,Night,84.3,2024-09-19 22:41:34
7201,25,M04551,Type_20,Morning,139.5,2024-09-19 23:42:56
7202,10,M09138,Type_18,Morning,81.6,2024-09-19 23:49:00
7203,21,M00601,Type_18,Afternoon,128.3,2024-09-19 23:49:46
7204,12,M06377,Type_20,Morning,80.0,2024-09-19 23:56:41
7205,11,M09610,Type_20,Night,122.0,2024-09-19 23:59:13
7206,22,M01525,Type_09,Morning,147.2,2024-09-20 00:24:15
7207,15,M03767,Type_02,Morning,105.7,2024-09-20 02:10:13
7208,4,M00251,Type_08,Afternoon,104.9,2024-09-20 04:48:58
7209,5,M09737,Type_06,Morning,122.2,2024-09-20 05:10:33
7210,24,M00079,Type_19,Night,103.4,2024-09-20 07:00:30
7211,1,M03124,Type_04,Afternoon,146.4,2024-09-20 07:06:26
7212,1,M09090,Type_13,Morning,113.8,2024-09-20 08:50:17
7213,10,M07065,Type_06,Morning,103.6,2024-09-20 08:56:07
7214,4,M08418,Type_05,Afternoon,99.2,2024-09-20 09:31:07
7215,13,M01210,Type_05,Morning,91.3,2024-09-20 09:41:34
7216,14,M05154,Type_01,Afternoon,97.4,2024-09-20 10:21:32
7217,19,M04899,Type_01,Afternoon,103.0,2024-09-20 10:53:25
7218,5,M02179,Type_20,Afternoon,100.2,2024-09-20 11:35:47
7219,11,M07611,Type_23,Night,96.8,2024-09-20 12:31:54
7220,8,M08896,Type_07,Night,152.0,2024-09-20 14:01:34
7221,1,M02545,Type_11,Night,89.4,2024-09-20 14:31:12
7222,5,M05523,Type_19,Morning,112.9,2024-09-20 15:04:45
7223,21,M02371,Type_05,Morning,121.9,2024-09-20 15:31:10
7224,18,M03282,Type_14,Morning,122.6,2024-09-20 15:48:06
7225,13,M04711,Type_17,Night,108.8,2024-09-20 15:53:59
7226,5,M00329,Type_02,Night,105.2,2024-09-20 16:27:19
7227,24,M05580,Type_01,Night,119.0,2024-09-20 16:29:05
7228,7,M04229,Type_07,Morning,115.3,2024-09-20 18:31:56
7229,12,M06795,Type_20,Night,104.8,2024-09-20 18:54:26
7230,2,M00121,Type_23,Afternoon,80.0,2024-09-20 18:56:20
7231,13,M06750,Type_14,Morning,100.6,2024-09-20 19:05:37
7232,14,M00965,Type_20,Afternoon,87.1,2024-09-20 22:09:09
7233,6,M04225,Type_09,Morning,96.7,2024-09-20 22:45:38
7234,16,M03676,Type_23,Afternoon,110.7,2024-09-20 22:47:52
7235,10,M05695,Type_19,Morning,117.2,2024-09-20 23:08:58
7236,11,M02077,Type_25,Afternoon,145.6,2024-09-20 23:46:24
7237,1,M06866,Type_02,Afternoon,99.3,2024-09-21 01:36:40
7238,15,M05644,Type_21,Night,125.5,2024-09-21 04:42:34
7239,16,M08525,Type_22,Afternoon,116.1,2024-09-21 04:52:06
7240,10,M05250,Type_02,Afternoon,135.9,2024-09-21 05:15:11
7241,10,M01317,Type_10,Night,121.5,2024-09-21 05:38:46
7242,3,M01197,Type_01,Night,89.8,2024-09-21 05:58:12
7243,11,M03171,Type_20,Morning,80.0,2024-09-21 08:16:21
7244,11,M09622,Type_11,Afternoon,116.2,2024-09-21 08:51:04
7245,16,M00356,Type_16,Morning,99.4,2024-09-21 09:05:40
7246,6,M09719,Type_18,Morning,90.4,2024-09-21 10:19:27
7247,9,M00029,Type_12,Afternoon,84.6,2024-09-21 12:20:52
7248,1,M01014,Type_06,Night,113.2,2024-09-21 14:24:17
7249,6,M09020,Type_04,Morning,140.2,2024-09-21 14:58:07
7250,18,M02025,Type_18,Night,101.8,2024-09-21 17:01:47
7251,25,M08491,Type_09,Night,121.8,2024-09-21 17:26:52
7252,13,M05840,Type_09,Night,108.0,2024-09-21 18:45:30
7253,2,M05792,Type_09,Morning,84.2,2024-09-21 19:14:39
7254,19,M00755,Type_22,Night,124.7,2024-09-21 19:36:03
7255,2,M08962,Type_20,Morning,88.1,2024-09-21 20:50:45
7256,4,M03736,Type_13,Afternoon,110.4,2024-09-21 21:16:38
7257,4,M01239,Type_07,Morning,103.2,2024-09-21 21:45:52
7258,10,M01907,Type_04,Morning,127.9,2024-09-21 22:26:51
7259,17,M07400,Type_07,Afternoon,88.8,2024-09-21 22:35:34
7260,24,M07962,Type_19,Afternoon,117.8,2024-09-22 00:19:17
7261,16,M09757,Type_19,Morning,93.2,2024-09-22 01:16:26
7262,21,M09411,Type_06,Morning,99.8,2024-09-22 01:25:38
7263,8,M04602,Type_10,Afternoon,80.0,2024-09-22 02:50:15
7264,6,M09550,Type_13,Morning,151.8,2024-09-22 03:36:15
7265,2,M01461,Type_06,Night,121.0,2024-09-22 03:46:58
7266,23,M07670,Type_15,Morning,94.7,2024-09-22 03:57:29
7267,15,M01417,Type_23,Morning,87.5,2024-09-22 04:20:28
7268,25,M07767,Type_18,Morning,100.1,2024-09-22 05:47:07
7269,23,M01429,Type_23,Afternoon,124.3,2024-09-22 07:04:41
7270,11,M04379,Type_18,Morning,80.0,2024-09-22 07:54:08
7271,21,M07530,Type_03,Morning,107.2,2024-09-22 08:03:04
7272,16,M04475,Type_19,Night,145.4,2024-09-22 08:30:52
7273,4,M03072,Type_23,Afternoon,87.3,2024-09-22 09:05:07
7274,11,M00556,Type_14,Morning,111.6,2024-09-22 09:53:33
7275,14,M08548,Type_17,Afternoon,154.1,2024-09-22 10:04:21
7276,8,M01564,Type_05,Night,122.6,2024-09-22 10:08:29
7277,6,M01041,Type_15,Morning,112.5,2024-09-22 10:09:57
7278,21,M02687,Type_13,Morning,120.1,2024-09-22 10:11:10
7279,23,M02554,Type_19,Night,102.0,2024-09-22 10:50:29
7280,19,M01780,Type_14,Afternoon,136.0,2024-09-22 11:22:07
7281,25,M00076,Type_21,Afternoon,102.0,2024-09-22 14:39:27
7282,4,M04327,Type_08,Morning,80.0,2024-09-22 14:57:44
7283,4,M05836,Type_22,Morning,102.2,2024-09-22 15:18:57
7284,24,M05058,Type_19,Afternoon,90.7,2024-09-22 15:56:41
7285,6,M02350,Type_20,Morning,104.4,2024-09-22 18:25:11
7286,11,M02774,Type_15,Afternoon,104.8,2024-09-22 18:39:13
7287,1,M02263,Type_02,Afternoon,133.9,2024-09-22 20:08:57
7288,2,M03230,Type_07,Morning,123.9,2024-09-22 21:23:48
7289,9,M00393,Type_18,Night,115.3,2024-09-22 22:08:50
7290,16,M01109,Type_18,Night,109.9,2024-09-22 23:28:50
7291,6,M04363,Type_25,Afternoon,88.8,2024-09-23 00:49:45
7292,23,M05189,Type_13,Morning,80.0,2024-09-23 01:39:47
7293,9,M08803,Type_10,Morning,112.3,2024-09-23 01:57:43
7294,19,M05058,Type_19,Afternoon,125.9,2024-09-23 02:23:14
7295,5,M03999,Type_10,Morning,107.8,2024-09-23 04:05:09
7296,21,M08865,Type_19,Night,99.3,2024-09-23 04:45:36
7297,10,M06567,Type_18,Morning,119.3,2024-09-23 07:52:33
7298,7,M03678,Type_12,Afternoon,108.3,2024-09-23 09:53:41
7299,2,M05797,Type_07,Morning,143.7,2024-09-23 11:02:38
7300,20,M06364,Type_04,Afternoon,134.7,2024-09-23 11:18:02
7301,4,M08124,Type_07,Morning,129.2,2024-09-23 11:26:25
7302,8,M08223,Type_15,Afternoon,125.2,2024-09-23 12:11:57
7303,3,M07691,Type_18,Morning,84.2,2024-09-23 12:30:43
7304,2,M01401,Type_08,Night,123.3,2024-09-23 13:00:27
7305,9,M04072,Type_15,Morning,117.5,2024-09-23 17:22:00
7306,11,M08809,Type_09,Night,122.1,2024-09-23 19:09:18
7307,4,M02787,Type_23,Night,119.9,2024-09-23 19:09:39
7308,9,M07170,Type_23,Morning,119.1,2024-09-23 19:16:46
7309,6,M00871,Type_03,Night,160.0,2024-09-23 19:37:09
7310,1,M04197,Type_20,Morning,108.5,2024-09-23 19:43:08
7311,3,M09605,Type_22,Night,128.7,2024-09-23 20:32:29
7312,7,M02740,Type_10,Afternoon,100.6,2024-09-24 00:00:29
7313,9,M00941,Type_05,Morning,125.8,2024-09-24 00:55:57
7314,8,M00341,Type_14,Morning,128.8,2024-09-24 02:18:21
7315,21,M07423,Type_25,Morning,117.3,2024-09-24 02:54:55
7316,13,M04134,Type_11,Night,143.4,2024-09-24 04:48:39
7317,24,M00660,Type_11,Morning,92.3,2024-09-24 06:50:43
7318,18,M09753,Type_11,Afternoon,100.3,2024-09-24 08:05:08
7319,19,M03458,Type_25,Afternoon,114.2,2024-09-24 11:45:18
7320,24,M09849,Type_14,Night,127.6,2024-09-24 11:50:41
7321,9,M02976,Type_21,Morning,113.6,2024-09-24 11:50:46
7322,24,M09242,Type_21,Afternoon,135.7,2024-09-24 12:07:50
7323,20,M00454,Type_20,Afternoon,96.8,2024-09-24 14:29:50
7324,6,M09897,Type_11,Afternoon,87.2,2024-09-24 15:13:21
7325,21,M08185,Type_08,Morning,116.2,2024-09-24 16:12:27
7326,12,M05443,Type_22,Morning,108.5,2024-09-24 16:33:29
7327,4,M00819,Type_08,Morning,120.9,2024-09-24 16:59:37
7328,9,M04869,Type_04,Afternoon,109.5,2024-09-24 17:40:56
7329,10,M00013,Type_12,Morning,103.2,2024-09-24 17:50:19
7330,3,M07728,Type_05,Afternoon,108.5,2024-09-24 18:43:29
7331,17,M00921,Type_19,Morning,110.6,2024-09-24 21:24:46
7332,7,M04921,Type_13,Night,103.9,2024-09-24 21:32:22
7333,8,M02419,Type_15,Night,105.9,2024-09-24 21:41:03
7334,11,M09507,Type_11,Afternoon,101.9,2024-09-24 21:45:16
7335,13,M06476,Type_11,Morning,127.1,2024-09-24 22:04:59
7336,3,M02018,Type_07,Morning,113.9,2024-09-25 01:08:25
7337,19,M07958,Type_22,Morning,155.1,2024-09-25 01:24:34
7338,14,M09421,Type_18,Morning,113.2,2024-09-25 06:12:46
7339,22,M04793,Type_17,Afternoon,99.0,2024-09-25 07:23:37
7340,16,M06831,Type_24,Afternoon,160.0,2024-09-25 08:18:32
7341,15,M02435,Type_04,Night,118.3,2024-09-25 08:18:33
7342,2,M02869,Type_01,Morning,129.8,2024-09-25 08:20:34
7343,6,M01439,Type_02,Afternoon,121.8,2024-09-25 08:46:28
7344,21,M03544,Type_23,Afternoon,122.5,2024-09-25 09:23:39
7345,7,M01782,Type_20,Afternoon,120.7,2024-09-25 10:32:10
7346,9,M06344,Type_07,Morning,88.0,2024-09-25 10:59:29
7347,9,M02264,Type_09,Afternoon,117.4,2024-09-25 11:28:08
7348,17,M00212,Type_02,Afternoon,83.5,2024-09-25 15:05:26
7349,23,M08700,Type_06,Afternoon,106.5,2024-09-25 15:13:45
7350,3,M06160,Type_03,Night,95.5,2024-09-25 16:45:15
7351,4,M07028,Type_21,Morning,117.1,2024-09-25 17:27:44
7352,2,M00332,Type_01,Morning,116.7,2024-09-25 19:51:12
7353,1,M06861,Type_24,Afternoon,119.6,2024-09-25 19:51:16
7354,10,M08045,Type_11,Afternoon,115.7,2024-09-25 20:57:41
7355,3,M08170,Type_21,Morning,97.9,2024-09-25 21:22:49
7356,10,M08743,Type_19,Night,104.8,2024-09-25 21:36:42
7357,9,M05721,Type_15,Night,128.4,2024-09-25 23:15:07
7358,17,M09134,Type_07,Night,131.4,2024-09-26 03:21:02
7359,15,M00728,Type_02,Morning,87.1,2024-09-26 04:12:04
7360,3,M04976,Type_17,Night,80.0,2024-09-26 04:41:21
7361,21,M03244,Type_02,Afternoon,95.5,2024-09-26 04:42:44
7362,3,M00649,Type_15,Afternoon,130.9,2024-09-26 05:34:52
7363,4,M05096,Type_01,Afternoon,134.3,2024-09-26 06:50:28
7364,4,M06615,Type_23,Night,91.5,2024-09-26 06:55:35
7365,17,M07136,Type_16,Afternoon,116.1,2024-09-26 06:56:52
7366,6,M01010,Type_13,Morning,146.7,2024-09-26 07:52:27
7367,11,M01551,Type_08,Afternoon,118.3,2024-09-26 08:31:35
7368,12,M08996,Type_04,Afternoon,138.4,2024-09-26 08:43:01
7369,23,M07493,Type_01,Morning,130.0,2024-09-26 09:05:52
7370,7,M03402,Type_08,Night,91.8,2024-09-26 09:28:31
7371,13,M07448,Type_04,Afternoon,106.2,2024-09-26 09:29:12
7372,6,M05425,Type_14,Afternoon,110.7,2024-09-26 12:31:45
7373,23,M04242,Type_25,Morning,112.1,2024-09-26 15:21:50
7374,3,M03162,Type_14,Afternoon,128.3,2024-09-26 16:09:38
7375,21,M04156,Type_14,Morning,118.2,2024-09-26 16:37:48
7376,14,M07479,Type_21,Morning,80.0,2024-09-26 16:57:32
7377,14,M08720,Type_03,Afternoon,83.7,2024-09-26 17:50:03
7378,23,M09216,Type_23,Afternoon,80.0,2024-09-26 18:12:22
7379,10,M06618,Type_02,Afternoon,113.5,2024-09-26 19:53:53
7380,5,M05661,Type_08,Morning,114.8,2024-09-26 20:04:28
7381,2,M08625,Type_17,Afternoon,115.7,2024-09-26 20:15:23
7382,6,M01177,Type_17,Morning,90.8,2024-09-26 21:20:22
7383,23,M07957,Type_21,Night,123.5,2024-09-26 21:51:40
7384,11,M08593,Type_11,Afternoon,124.3,2024-09-26 22:48:15
7385,18,M02234,Type_07,Afternoon,84.9,2024-09-26 23:01:54
7386,24,M04701,Type_21,Morning,80.7,2024-09-26 23:37:14
7387,21,M05907,Type_01,Morning,110.0,2024-09-27 00:07:03
7388,11,M07861,Type_12,Night,145.8,2024-09-27 00:27:30
7389,24,M07527,Type_25,Morning,144.0,2024-09-27 00:32:22
7390,15,M05560,Type_14,Afternoon,121.3,2024-09-27 00:40:00
7391,3,M06733,Type_13,Afternoon,95.4,2024-09-27 01:04:18
7392,2,M02514,Type_25,Morning,127.7,2024-09-27 01:29:05
7393,7,M07831,Type_22,Night,101.0,2024-09-27 02:45:34
7394,5,M09966,Type_14,Afternoon,94.6,2024-09-27 02:59:20
7395,21,M06945,Type_25,Morning,80.0,2024-09-27 03:11:20
7396,13,M07911,Type_14,Morning,112.0,2024-09-27 03:26:03
7397,8,M05650,Type_03,Morning,97.4,2024-09-27 05:10:21
7398,9,M01097,Type_11,Night,111.9,2024-09-27 05:27:16
7399,8,M09121,Type_25,Afternoon,80.0,2024-09-27 05:34:55
7400,10,M01952,Type_05,Morning,113.4,2024-09-27 06:04:38
7401,2,M09747,Type_25,Morning,80.0,2024-09-27 06:43:43
7402,10,M09187,Type_04,Afternoon,131.8,2024-09-27 07:09:19
7403,11,M07800,Type_23,Afternoon,120.4,2024-09-27 08:42:34
7404,23,M08805,Type_18,Afternoon,104.4,2024-09-27 09:24:24
7405,11,M00596,Type_17,Morning,121.3,2024-09-27 09:45:07
7406,5,M07876,Type_02,Morning,90.4,2024-09-27 11:45:44
7407,14,M09034,Type_14,Afternoon,111.4,2024-09-27 12:08:45
7408,23,M04440,Type_11,Night,125.9,2024-09-27 12:10:11
7409,3,M05973,Type_02,Morning,80.0,2024-09-27 14:35:16
7410,20,M00859,Type_13,Afternoon,101.1,2024-09-27 14:58:41
7411,23,M05520,Type_18,Afternoon,109.5,2024-09-27 16:04:25
7412,2,M07386,Type_21,Afternoon,106.1,2024-09-27 18:32:09
7413,18,M08637,Type_21,Morning,139.1,2024-09-27 19:39:04
7414,1,M09981,Type_22,Night,87.5,2024-09-27 20:54:23
7415,1,M04318,Type_05,Afternoon,97.6,2024-09-27 22:05:32
7416,17,M03455,Type_20,Afternoon,80.0,2024-09-27 22:40:56
7417,6,M01031,Type_07,Morning,140.2,2024-09-27 22:54:06
7418,13,M09488,Type_23,Morning,105.1,2024-09-28 00:07:49
7419,21,M07907,Type_03,Morning,101.2,2024-09-28 00:35:57
7420,24,M01448,Type_08,Afternoon,109.0,2024-09-28 00:45:11
7421,21,M02851,Type_08,Morning,122.7,2024-09-28 01:55:56
7422,1,M08107,Type_22,Afternoon,116.9,2024-09-28 02:10:53
7423,24,M07152,Type_11,Morning,160.0,2024-09-28 02:16:18
7424,6,M09504,Type_20,Afternoon,119.1,2024-09-28 04:17:05
7425,8,M06953,Type_06,Afternoon,100.7,2024-09-28 04:26:53
7426,13,M04056,Type_17,Morning,98.8,2024-09-28 04:39:30
7427,2,M05403,Type_24,Morning,102.1,2024-09-28 05:10:27
7428,8,M09282,Type_22,Morning,80.0,2024-09-28 06:21:46
7429,22,M01673,Type_13,Afternoon,110.8,2024-09-28 06:22:46
7430,1,M04533,Type_25,Afternoon,125.7,2024-09-28 06:55:03
7431,13,M04925,Type_07,Morning,97.7,2024-09-28 07:55:16
7432,1,M06086,Type_05,Afternoon,93.9,2024-09-28 08:28:05
7433,10,M07735,Type_22,Morning,140.3,2024-09-28 08:37:06
7434,5,M04865,Type_03,Morning,81.5,2024-09-28 09:05:14
7435,23,M09317,Type_12,Morning,80.0,2024-09-28 10:12:20
7436,20,M01222,Type_11,Night,86.9,2024-09-28 10:36:49
7437,13,M02861,Type_06,Morning,80.0,2024-09-28 12:12:36
7438,5,M08429,Type_11,Morning,117.7,2024-09-28 12:57:54
7439,10,M09337,Type_18,Morning,102.8,2024-09-28 13:34:13
7440,3,M03254,Type_21,Morning,105.6,2024-09-28 14:04:03
7441,2,M03783,Type_06,Afternoon,133.1,2024-09-28 15:01:32
7442,2,M06958,Type_24,Morning,96.2,2024-09-28 16:27:43
7443,5,M00767,Type_02,Morning,125.5,2024-09-28 16:35:20
7444,4,M02682,Type_23,Afternoon,140.2,2024-09-28 17:08:15
7445,2,M07711,Type_23,Morning,100.9,2024-09-28 18:05:11
7446,21,M07483,Type_12,Afternoon,124.7,2024-09-28 19:54:37
7447,9,M05087,Type_24,Afternoon,105.2,2024-09-28 20:11:15
7448,24,M07965,Type_21,Morning,128.5,2024-09-28 21:08:46
7449,9,M02666,Type_20,Afternoon,80.0,2024-09-28 21:38:50
7450,9,M09952,Type_02,Morning,80.0,2024-09-28 23:14:22
7451,24,M03514,Type_01,Afternoon,102.2,2024-09-28 23:59:34
7452,25,M00496,Type_21,Afternoon,92.2,2024-09-29 00:30:59
7453,4,M05823,Type_20,Morning,99.7,2024-09-29 01:05:38
7454,8,M02073,Type_21,Afternoon,105.6,2024-09-29 01:27:00
7455,18,M07796,Type_21,Night,124.4,2024-09-29 04:57:09
7456,9,M08530,Type_07,Night,101.8,2024-09-29 06:39:08
7457,25,M03950,Type_06,Afternoon,93.5,2024-09-29 08:41:52
7458,3,M06034,Type_22,Afternoon,103.0,2024-09-29 09:08:09
7459,6,M08329,Type_02,Morning,94.6,2024-09-29 09:39:50
7460,23,M02556,Type_20,Morning,91.3,2024-09-29 09:39:54
7461,19,M06371,Type_14,Afternoon,80.0,2024-09-29 10:54:44
7462,5,M04416,Type_11,Morning,111.4,2024-09-29 15:13:11
7463,17,M05960,Type_22,Night,98.6,2024-09-29 15:44:16
7464,19,M09108,Type_22,Morning,129.3,2024-09-29 16:02:56
7465,24,M05994,Type_17,Morning,81.1,2024-09-29 16:13:18
7466,3,M05022,Type_23,Morning,99.2,2024-09-29 16:18:15
7467,8,M02908,Type_19,Night,146.3,2024-09-29 16:45:55
7468,9,M02915,Type_03,Afternoon,91.2,2024-09-29 19:59:52
7469,22,M03871,Type_04,Afternoon,105.3,2024-09-29 21:27:16
7470,23,M09191,Type_20,Morning,85.7,2024-09-29 21:51:41
7471,22,M05086,Type_02,Night,83.0,2024-09-29 22:17:29
7472,8,M06547,Type_09,Morning,140.9,2024-09-29 23:06:41
7473,14,M00396,Type_09,Night,113.4,2024-09-29 23:37:36
7474,23,M00939,Type_18,Afternoon,112.7,2024-09-30 00:14:31
7475,10,M09829,Type_23,Morning,80.0,2024-09-30 03:34:31
7476,17,M02511,Type_16,Afternoon,117.2,2024-09-30 03:39:08
7477,3,M04637,Type_19,Afternoon,133.1,2024-09-30 03:39:41
7478,3,M01650,Type_03,Morning,133.0,2024-09-30 07:00:41
7479,3,M03691,Type_02,Night,123.4,2024-09-30 07:01:31
7480,4,M03436,Type_22,Afternoon,87.4,2024-09-30 07:42:56
7481,17,M03202,Type_05,Morning,116.3,2024-09-30 09:07:37
7482,14,M04180,Type_22,Morning,123.4,2024-09-30 09:16:40
7483,2,M08406,Type_02,Afternoon,80.0,2024-09-30 10:52:08
7484,12,M03238,Type_06,Afternoon,87.6,2024-09-30 11:39:39
7485,5,M03863,Type_01,Afternoon,127.8,2024-09-30 13:56:20
7486,22,M00059,Type_12,Afternoon,127.5,2024-09-30 13:57:55
7487,25,M04939,Type_21,Afternoon,80.0,2024-09-30 15:01:29
7488,2,M02972,Type_07,Night,125.9,2024-09-30 15:24:49
7489,12,M09720,Type_09,Afternoon,111.9,2024-09-30 16:09:54
7490,9,M08315,Type_23,Night,125.6,2024-09-30 16:10:24
7491,23,M09629,Type_16,Morning,97.3,2024-09-30 16:33:13
7492,9,M09355,Type_17,Morning,122.9,2024-09-30 21:11:55
7493,20,M03346,Type_18,Morning,126.9,2024-09-30 23:12:04
7494,23,M02487,Type_08,Afternoon,103.0,2024-09-30 23:23:46
7495,1,M00562,Type_09,Night,110.4,2024-10-01 00:14:21
7496,24,M03982,Type_11,Morning,97.0,2024-10-01 01:16:30
7497,7,M06262,Type_13,Morning,143.0,2024-10-01 01:34:35
7498,23,M01738,Type_25,Night,107.6,2024-10-01 02:50:31
7499,18,M09097,Type_05,Morning,91.6,2024-10-01 04:26:21
7500,10,M03555,Type_18,Afternoon,95.7,2024-10-01 05:32:24
7501,15,M09919,Type_12,Afternoon,112.5,2024-10-01 07:32:20
7502,9,M09127,Type_01,Night,125.1,2024-10-01 08:54:11
7503,11,M07096,Type_04,Morning,83.3,2024-10-01 08:58:36
7504,24,M08267,Type_23,Morning,147.0,2024-10-01 12:03:12
7505,1,M00295,Type_18,Afternoon,116.2,2024-10-01 12:04:38
7506,11,M08213,Type_07,Night,119.3,2024-10-01 12:08:23
7507,1,M09231,Type_16,Afternoon,108.1,2024-10-01 12:40:52
7508,5,M05331,Type_21,Morning,110.4,2024-10-01 12:46:14
7509,18,M04656,Type_02,Afternoon,107.0,2024-10-01 13:29:16
7510,1,M01110,Type_03,Night,130.4,2024-10-01 18:19:07
7511,10,M03772,Type_09,Night,109.8,2024-10-01 19:33:22
7512,13,M08564,Type_04,Night,125.3,2024-10-01 20:02:31
7513,8,M06124,Type_06,Morning,101.3,2024-10-01 20:50:15
7514,13,M07648,Type_06,Morning,113.9,2024-10-01 21:57:18
7515,20,M01175,Type_17,Afternoon,93.9,2024-10-01 23:14:18
7516,2,M01165,Type_01,Night,134.3,2024-10-01 23:32:55
7517,21,M09285,Type_10,Morning,93.3,2024-10-02 00:25:51
7518,12,M09476,Type_13,Morning,103.5,2024-10-02 00:38:05
7519,13,M09038,Type_06,Night,103.7,2024-10-02 01:28:42
7520,22,M08713,Type_08,Morning,102.9,2024-10-02 01:47:13
7521,8,M04467,Type_04,Morning,124.4,2024-10-02 02:39:26
7522,15,M05539,Type_06,Afternoon,103.7,2024-10-02 03:18:19
7523,7,M07112,Type_18,Afternoon,137.9,2024-10-02 03:22:24
7524,7,M08435,Type_08,Afternoon,93.6,2024-10-02 04:03:03
7525,17,M02801,Type_17,Morning,113.4,2024-10-02 04:30:07
7526,19,M04608,Type_14,Afternoon,94.5,2024-10-02 07:20:51
7527,3,M07263,Type_11,Afternoon,118.4,2024-10-02 07:36:10
7528,7,M01542,Type_23,Afternoon,109.7,2024-10-02 07:47:22
7529,12,M02766,Type_04,Afternoon,106.9,2024-10-02 08:53:53
7530,14,M04492,Type_10,Morning,133.8,2024-10-02 10:00:54
7531,2,M03084,Type_11,Morning,96.9,2024-10-02 10:45:56
7532,7,M05357,Type_20,Morning,121.7,2024-10-02 10:48:16
7533,16,M01858,Type_14,Morning,94.6,2024-10-02 11:00:25
7534,9,M00770,Type_13,Afternoon,112.3,2024-10-02 11:49:59
7535,1,M01423,Type_08,Night,86.1,2024-10-02 12:19:21
7536,12,M08599,Type_07,Afternoon,96.7,2024-10-02 12:57:25
7537,2,M02973,Type_05,Night,108.4,2024-10-02 13:02:09
7538,22,M01873,Type_19,Morning,146.3,2024-10-02 14:26:32
7539,18,M05600,Type_23,Afternoon,112.0,2024-10-02 14:51:35
7540,14,M02270,Type_15,Morning,143.1,2024-10-02 17:10:59
7541,12,M05276,Type_15,Morning,114.4,2024-10-02 17:13:57
7542,18,M04750,Type_19,Morning,102.3,2024-10-02 17:24:09
7543,5,M06572,Type_02,Afternoon,140.8,2024-10-02 22:49:21
7544,7,M09374,Type_17,Night,118.7,2024-10-02 23:44:34
7545,4,M05073,Type_03,Morning,97.1,2024-10-03 01:00:56
7546,13,M09632,Type_01,Morning,119.4,2024-10-03 01:07:59
7547,16,M05464,Type_10,Night,104.1,2024-10-03 01:30:43
7548,22,M07451,Type_08,Morning,80.0,2024-10-03 01:36:20
7549,16,M08421,Type_14,Night,128.7,2024-10-03 01:52:15
7550,19,M03960,Type_01,Afternoon,131.9,2024-10-03 02:20:30
7551,4,M01314,Type_21,Night,146.8,2024-10-03 02:21:32
7552,20,M07848,Type_03,Afternoon,118.4,2024-10-03 02:35:49
7553,20,M01071,Type_20,Afternoon,105.0,2024-10-03 02:50:51
7554,1,M09167,Type_16,Afternoon,126.7,2024-10-03 04:07:51
7555,13,M09931,Type_21,Afternoon,127.0,2024-10-03 05:05:31
7556,20,M03286,Type_16,Afternoon,142.8,2024-10-03 05:24:02
7557,20,M08950,Type_07,Morning,109.1,2024-10-03 07:54:12
7558,22,M03096,Type_23,Afternoon,106.7,2024-10-03 08:03:27
7559,9,M00321,Type_17,Afternoon,95.7,2024-10-03 08:14:35
7560,10,M02322,Type_15,Night,120.7,2024-10-03 10:27:56
7561,6,M00556,Type_14,Afternoon,80.0,2024-10-03 11:11:30
7562,22,M04940,Type_12,Afternoon,125.5,2024-10-03 11:24:14
7563,7,M05433,Type_02,Morning,121.8,2024-10-03 11:56:32
7564,23,M01387,Type_07,Afternoon,121.7,2024-10-03 13:48:10
7565,16,M04764,Type_07,Afternoon,112.8,2024-10-03 14:00:19
7566,17,M06855,Type_08,Night,140.7,2024-10-03 14:16:34
7567,24,M07638,Type_16,Night,127.4,2024-10-03 15:01:13
7568,1,M04842,Type_02,Morning,97.9,2024-10-03 15:30:37
7569,9,M03868,Type_11,Night,98.2,2024-10-03 15:44:53
7570,14,M03794,Type_15,Morning,92.4,2024-10-03 16:42:38
7571,15,M07374,Type_14,Morning,121.0,2024-10-03 17:57:25
7572,4,M02514,Type_25,Afternoon,90.0,2024-10-03 18:49:49
7573,25,M03804,Type_24,Morning,131.7,2024-10-03 19:06:28
7574,8,M02328,Type_06,Afternoon,136.5,2024-10-03 20:04:25
7575,25,M08810,Type_23,Morning,92.4,2024-10-03 20:30:26
7576,15,M02166,Type_02,Morning,106.3,2024-10-03 20:54:29
7577,22,M03309,Type_23,Afternoon,110.3,2024-10-03 21:16:23
7578,25,M06453,Type_09,Afternoon,127.7,2024-10-03 22:06:24
7579,4,M08068,Type_01,Night,142.2,2024-10-03 22:41:52
7580,19,M07643,Type_05,Afternoon,80.0,2024-10-03 22:59:02
7581,3,M06405,Type_08,Afternoon,103.6,2024-10-03 23:58:28
7582,8,M00993,Type_11,Morning,104.7,2024-10-04 04:12:21
7583,2,M05425,Type_14,Morning,82.0,2024-10-04 05:55:46
7584,22,M09570,Type_05,Morning,100.3,2024-10-04 06:06:02
7585,25,M04382,Type_11,Afternoon,118.6,2024-10-04 07:15:58
7586,25,M03175,Type_10,Afternoon,104.4,2024-10-04 09:04:39
7587,8,M04783,Type_09,Afternoon,80.0,2024-10-04 09:32:10
7588,8,M09498,Type_19,Afternoon,160.0,2024-10-04 10:32:02
7589,17,M05561,Type_16,Afternoon,115.3,2024-10-04 11:04:23
7590,16,M07461,Type_25,Morning,112.2,2024-10-04 11:29:33
7591,16,M03079,Type_18,Morning,88.0,2024-10-04 11:39:46
7592,16,M02984,Type_21,Night,115.2,2024-10-04 12:10:20
7593,7,M07260,Type_15,Afternoon,106.7,2024-10-04 15:26:08
7594,15,M06055,Type_02,Night,80.0,2024-10-04 15:46:13
7595,17,M02524,Type_10,Morning,88.6,2024-10-04 18:19:56
7596,25,M09678,Type_23,Night,125.9,2024-10-04 18:27:19
7597,3,M04582,Type_09,Morning,148.9,2024-10-04 19:29:11
7598,1,M05610,Type_01,Morning,117.3,2024-10-04 20:25:53
7599,8,M02002,Type_04,Night,132.1,2024-10-04 20:44:56
7600,7,M01388,Type_13,Morning,106.9,2024-10-04 21:05:13
7601,18,M06553,Type_17,Afternoon,108.3,2024-10-04 23:36:51
7602,23,M01031,Type_07,Morning,131.8,2024-10-04 23:54:55
7603,5,M09958,Type_12,Afternoon,143.3,2024-10-05 00:51:28
7604,15,M01221,Type_14,Night,136.0,2024-10-05 02:07:01
7605,7,M06036,Type_22,Morning,88.7,2024-10-05 02:22:38
7606,10,M09811,Type_15,Afternoon,108.7,2024-10-05 02:58:23
7607,16,M09456,Type_16,Morning,115.6,2024-10-05 04:37:18
7608,23,M06524,Type_13,Afternoon,104.8,2024-10-05 05:40:28
7609,2,M08075,Type_06,Morning,117.8,2024-10-05 05:50:19
7610,18,M09064,Type_15,Morning,126.4,2024-10-05 06:21:47
7611,15,M00835,Type_15,Morning,130.1,2024-10-05 08:03:37
7612,23,M09111,Type_02,Morning,143.7,2024-10-05 08:48:40
7613,19,M01725,Type_14,Night,103.4,2024-10-05 14:21:02
7614,20,M06599,Type_12,Morning,82.7,2024-10-05 14:34:32
7615,14,M02414,Type_13,Morning,117.2,2024-10-05 14:37:37
7616,23,M09506,Type_05,Afternoon,147.7,2024-10-05 14:59:24
7617,2,M05994,Type_17,Morning,100.5,2024-10-05 16:07:23
7618,18,M04499,Type_14,Afternoon,123.7,2024-10-05 17:51:25
7619,9,M02106,Type_11,Night,123.9,2024-10-05 18:41:22
7620,1,M02569,Type_02,Afternoon,113.8,2024-10-05 18:51:16
7621,16,M09331,Type_12,Night,110.1,2024-10-05 18:59:19
7622,12,M00210,Type_23,Afternoon,91.5,2024-10-05 19:51:18
7623,12,M09257,Type_04,Morning,80.0,2024-10-05 19:52:14
7624,19,M04912,Type_17,Afternoon,87.8,2024-10-05 21:07:08
7625,10,M02221,Type_13,Afternoon,102.2,2024-10-05 21:45:25
7626,20,M00234,Type_12,Afternoon,131.9,2024-10-05 21:56:30
7627,5,M00793,Type_20,Night,107.9,2024-10-05 23:39:11
7628,3,M03111,Type_12,Afternoon,99.6,2024-10-06 00:08:06
7629,9,M02167,Type_12,Night,92.2,2024-10-06 00:16:41
7630,21,M08527,Type_18,Night,123.1,2024-10-06 01:20:24
7631,23,M09552,Type_19,Afternoon,137.2,2024-10-06 04:03:16
7632,15,M05194,Type_09,Afternoon,131.3,2024-10-06 04:27:56
7633,14,M01215,Type_03,Morning,122.1,2024-10-06 08:58:21
7634,11,M04420,Type_09,Night,80.5,2024-10-06 09:09:07
7635,13,M07315,Type_20,Afternoon,103.0,2024-10-06 09:14:33
7636,7,M08476,Type_04,Morning,148.9,2024-10-06 09:32:55
7637,25,M00213,Type_15,Morning,132.4,2024-10-06 10:45:39
7638,2,M01659,Type_25,Afternoon,80.0,2024-10-06 10:55:27
7639,3,M05025,Type_04,Morning,108.9,2024-10-06 11:49:01
7640,20,M09610,Type_20,Morning,117.3,2024-10-06 13:36:46
7641,8,M05918,Type_20,Afternoon,94.8,2024-10-06 13:56:45
7642,1,M05142,Type_14,Morning,80.0,2024-10-06 14:17:28
7643,25,M01795,Type_15,Afternoon,112.0,2024-10-06 15:15:14
7644,21,M05989,Type_22,Morning,94.2,2024-10-06 15:59:19
7645,4,M08297,Type_01,Morning,94.3,2024-10-06 16:24:26
7646,13,M05579,Type_19,Afternoon,102.9,2024-10-06 16:30:04
7647,24,M05552,Type_17,Afternoon,107.3,2024-10-06 16:39:03
7648,14,M03846,Type_17,Morning,109.8,2024-10-06 17:42:12
7649,9,M06907,Type_11,Morning,92.3,2024-10-06 19:56:08
7650,3,M00379,Type_09,Afternoon,105.6,2024-10-06 20:04:02
7651,14,M03294,Type_19,Morning,80.0,2024-10-06 21:29:52
7652,4,M03330,Type_11,Morning,116.2,2024-10-06 21:56:11
7653,17,M04809,Type_24,Morning,80.0,2024-10-06 21:57:42
7654,15,M07938,Type_07,Night,104.2,2024-10-06 22:06:06
7655,12,M00225,Type_23,Night,128.4,2024-10-06 22:41:38
7656,14,M00738,Type_20,Night,88.8,2024-10-06 23:42:51
7657,19,M00236,Type_01,Afternoon,124.3,2024-10-06 23:48:13
7658,10,M00712,Type_03,Afternoon,133.1,2024-10-06 23:51:03
7659,5,M05989,Type_22,Afternoon,80.0,2024-10-07 01:33:51
7660,24,M01889,Type_05,Afternoon,107.0,2024-10-07 01:56:45
7661,17,M07174,Type_10,Morning,80.0,2024-10-07 03:27:03
7662,17,M01260,Type_10,Afternoon,107.6,2024-10-07 04:30:55
7663,3,M05247,Type_12,Night,109.9,2024-10-07 04:40:31
7664,16,M07272,Type_08,Afternoon,80.0,2024-10-07 05:33:15
7665,25,M00749,Type_01,Morning,148.5,2024-10-07 06:49:40
7666,9,M03552,Type_21,Morning,115.7,2024-10-07 09:35:14
7667,17,M06401,Type_11,Afternoon,93.0,2024-10-07 10:15:41
7668,20,M06644,Type_24,Afternoon,139.3,2024-10-07 10:19:45
7669,12,M08702,Type_19,Night,80.0,2024-10-07 11:13:16
7670,24,M01824,Type_22,Morning,85.4,2024-10-07 11:26:38
7671,2,M06853,Type_07,Night,80.0,2024-10-07 11:35:38
7672,20,M07778,Type_25,Afternoon,146.0,2024-10-07 14:29:16
7673,16,M04233,Type_07,Night,116.6,2024-10-07 15:24:33
7674,23,M06520,Type_14,Afternoon,123.2,2024-10-07 15:52:40
7675,23,M01778,Type_16,Afternoon,116.0,2024-10-07 16:05:33
7676,21,M01223,Type_16,Afternoon,121.5,2024-10-07 17:12:43
7677,23,M07631,Type_02,Afternoon,111.6,2024-10-07 17:18:58
7678,6,M01778,Type_16,Night,115.4,2024-10-07 17:40:23
7679,2,M09497,Type_19,Morning,112.2,2024-10-07 17:52:13
7680,9,M07491,Type_22,Morning,97.8,2024-10-07 19:19:39
7681,5,M04860,Type_02,Night,109.1,2024-10-07 23:12:56
7682,18,M08894,Type_21,Afternoon,115.5,2024-10-07 23:25:46
7683,22,M08119,Type_22,Afternoon,112.2,2024-10-08 00:17:10
7684,21,M02990,Type_10,Afternoon,80.4,2024-10-08 01:10:56
7685,18,M08344,Type_19,Morning,83.1,2024-10-08 03:17:20
7686,10,M01326,Type_13,Night,131.7,2024-10-08 05:56:14
7687,10,M09494,Type_09,Afternoon,103.9,2024-10-08 06:57:34
7688,23,M09904,Type_17,Morning,121.7,2024-10-08 06:58:02
7689,10,M05128,Type_18,Morning,88.2,2024-10-08 09:45:37
7690,18,M08999,Type_04,Night,80.5,2024-10-08 10:08:26
7691,16,M02723,Type_11,Morning,93.1,2024-10-08 10:32:07
7692,23,M04657,Type_05,Night,105.5,2024-10-08 10:56:53
7693,6,M01326,Type_13,Morning,96.7,2024-10-08 11:28:46
7694,12,M04134,Type_11,Afternoon,135.9,2024-10-08 11:46:03
7695,4,M09352,Type_07,Night,113.6,2024-10-08 13:38:58
7696,20,M02870,Type_13,Afternoon,147.0,2024-10-08 14:09:17
7697,16,M01243,Type_11,Afternoon,118.1,2024-10-08 15:58:01
7698,22,M08540,Type_14,Afternoon,80.0,2024-10-08 17:18:15
7699,25,M01832,Type_22,Morning,131.1,2024-10-08 18:40:50
7700,22,M01570,Type_12,Morning,80.0,2024-10-08 19:30:20
7701,22,M07247,Type_08,Night,114.6,2024-10-08 20:13:56
7702,11,M01919,Type_02,Night,94.5,2024-10-08 20:18:13
7703,1,M06417,Type_06,Afternoon,152.9,2024-10-09 00:02:51
7704,5,M03233,Type_08,Morning,138.8,2024-10-09 00:31:56
7705,17,M03759,Type_24,Morning,95.2,2024-10-09 01:53:25
7706,11,M05998,Type_01,Morning,107.5,2024-10-09 01:57:41
7707,14,M02356,Type_25,Afternoon,114.9,2024-10-09 02:20:24
7708,9,M09590,Type_14,Night,127.3,2024-10-09 02:28:06
7709,10,M01825,Type_09,Afternoon,110.6,2024-10-09 02:40:31
7710,4,M07281,Type_10,Night,89.5,2024-10-09 03:01:04
7711,2,M04061,Type_24,Morning,95.6,2024-10-09 03:55:03
7712,25,M05325,Type_05,Morning,109.9,2024-10-09 04:18:21
7713,6,M00405,Type_13,Morning,134.7,2024-10-09 04:26:35
7714,3,M01722,Type_11,Afternoon,118.6,2024-10-09 06:43:15
7715,13,M05317,Type_15,Morning,94.5,2024-10-09 06:55:46
7716,12,M03846,Type_17,Night,123.0,2024-10-09 08:58:34
7717,18,M04211,Type_24,Morning,102.3,2024-10-09 09:44:50
7718,6,M00065,Type_08,Night,127.8,2024-10-09 10:21:26
7719,10,M09492,Type_12,Afternoon,160.0,2024-10-09 10:53:20
7720,6,M06383,Type_10,Night,102.8,2024-10-09 12:08:09
7721,25,M09608,Type_18,Afternoon,126.0,2024-10-09 13:09:43
7722,5,M00969,Type_16,Night,95.1,2024-10-09 13:10:04
7723,15,M00369,Type_06,Morning,107.8,2024-10-09 13:11:48
7724,15,M08425,Type_02,Afternoon,110.6,2024-10-09 13:14:47
7725,12,M02243,Type_12,Night,106.1,2024-10-09 13:33:19
7726,9,M05003,Type_20,Morning,159.3,2024-10-09 14:12:11
7727,13,M03084,Type_11,Morning,103.9,2024-10-09 16:51:16
7728,16,M08074,Type_02,Afternoon,121.7,2024-10-09 17:11:08
7729,21,M09113,Type_10,Night,80.0,2024-10-09 17:57:30
7730,2,M08881,Type_20,Afternoon,118.6,2024-10-09 18:13:50
7731,17,M01470,Type_15,Afternoon,132.8,2024-10-09 18:19:08
7732,9,M04726,Type_22,Morning,99.4,2024-10-09 18:54:39
7733,23,M04260,Type_09,Morning,80.0,2024-10-09 18:57:45
7734,19,M03623,Type_06,Night,109.2,2024-10-09 21:08:06
7735,6,M00824,Type_03,Morning,110.3,2024-10-10 00:13:05
7736,4,M03432,Type_20,Afternoon,124.5,2024-10-10 01:53:05
7737,25,M06529,Type_06,Night,150.2,2024-10-10 02:06:12
7738,15,M04152,Type_19,Morning,102.4,2024-10-10 03:14:35
7739,18,M04214,Type_24,Afternoon,92.9,2024-10-10 03:42:48
7740,12,M07421,Type_06,Morning,86.7,2024-10-10 04:16:58
7741,12,M08990,Type_03,Afternoon,114.0,2024-10-10 04:31:53
7742,20,M00780,Type_18,Morning,119.6,2024-10-10 04:40:10
7743,17,M02893,Type_17,Afternoon,99.1,2024-10-10 04:52:17
7744,7,M05535,Type_13,Morning,125.6,2024-10-10 05:46:29
7745,20,M03307,Type_24,Afternoon,119.3,2024-10-10 06:31:05
7746,5,M02903,Type_23,Afternoon,110.9,2024-10-10 11:54:24
7747,12,M03719,Type_06,Morning,92.0,2024-10-10 15:06:34
7748,17,M00022,Type_24,Afternoon,100.4,2024-10-10 16:44:17
7749,2,M01501,Type_05,Morning,80.0,2024-10-10 17:18:42
7750,4,M09035,Type_17,Afternoon,114.7,2024-10-10 17:36:18
7751,2,M09953,Type_16,Morning,110.5,2024-10-10 18:01:32
7752,14,M03642,Type_22,Afternoon,113.8,2024-10-10 18:20:32
7753,14,M05213,Type_24,Morning,120.1,2024-10-10 19:20:51
7754,13,M00192,Type_12,Afternoon,117.7,2024-10-10 21:29:45
7755,17,M08588,Type_02,Morning,107.8,2024-10-10 22:26:36
7756,17,M07175,Type_04,Afternoon,111.0,2024-10-10 22:28:46
7757,22,M05115,Type_18,Morning,81.9,2024-10-10 23:05:48
7758,18,M04663,Type_24,Night,98.3,2024-10-10 23:16:17
7759,3,M04327,Type_08,Night,111.0,2024-10-11 00:17:14
7760,21,M09066,Type_20,Morning,95.3,2024-10-11 01:05:54
7761,16,M04336,Type_14,Afternoon,127.2,2024-10-11 02:12:19
7762,19,M08282,Type_17,Morning,96.8,2024-10-11 06:16:58
7763,6,M08649,Type_16,Morning,114.3,2024-10-11 08:08:53
7764,23,M09197,Type_02,Afternoon,112.3,2024-10-11 08:26:02
7765,6,M05495,Type_05,Afternoon,124.9,2024-10-11 09:16:37
7766,18,M08537,Type_21,Afternoon,128.0,2024-10-11 09:17:35
7767,9,M02712,Type_03,Morning,123.9,2024-10-11 10:15:46
7768,18,M07596,Type_21,Morning,80.0,2024-10-11 11:56:56
7769,6,M06274,Type_18,Morning,133.9,2024-10-11 12:03:28
7770,9,M06285,Type_10,Afternoon,140.5,2024-10-11 12:09:44
7771,25,M09309,Type_22,Afternoon,100.4,2024-10-11 13:00:18
7772,18,M08818,Type_06,Afternoon,114.7,2024-10-11 13:35:01
7773,25,M03995,Type_10,Morning,92.2,2024-10-11 14:04:06
7774,16,M01679,Type_22,Morning,80.0,2024-10-11 14:24:59
7775,24,M08415,Type_12,Morning,95.2,2024-10-11 15:04:34
7776,23,M00744,Type_18,Morning,99.2,2024-10-11 15:24:41
7777,13,M00463,Type_01,Morning,102.9,2024-10-11 15:24:56
7778,11,M01569,Type_19,Night,90.8,2024-10-11 15:46:03
7779,8,M01737,Type_23,Night,95.3,2024-10-11 16:21:31
7780,24,M07904,Type_11,Afternoon,109.8,2024-10-11 19:49:43
7781,17,M07003,Type_13,Afternoon,94.6,2024-10-11 21:02:35
7782,9,M08857,Type_08,Morning,120.9,2024-10-11 22:15:35
7783,6,M01357,Type_25,Night,123.6,2024-10-11 22:19:50
7784,1,M01015,Type_08,Morning,157.6,2024-10-11 22:52:55
7785,1,M01055,Type_05,Night,132.5,2024-10-11 23:38:50
7786,13,M01765,Type_24,Afternoon,114.9,2024-10-11 23:42:34
7787,7,M06010,Type_05,Morning,97.6,2024-10-12 01:21:41
7788,10,M04459,Type_10,Night,115.9,2024-10-12 01:44:44
7789,18,M09605,Type_22,Morning,116.5,2024-10-12 02:30:01
7790,6,M00668,Type_11,Afternoon,99.7,2024-10-12 03:14:24
7791,13,M03371,Type_18,Afternoon,125.7,2024-10-12 03:14:39
7792,5,M05977,Type_25,Morning,82.0,2024-10-12 03:43:23
7793,21,M01395,Type_18,Afternoon,105.1,2024-10-12 04:28:13
7794,15,M08291,Type_15,Afternoon,121.1,2024-10-12 04:50:37
7795,12,M04071,Type_22,Afternoon,104.2,2024-10-12 04:52:59
7796,22,M06983,Type_04,Morning,105.9,2024-10-12 07:08:08
7797,11,M08614,Type_09,Night,107.2,2024-10-12 08:09:00
7798,8,M05600,Type_23,Morning,93.3,2024-10-12 10:08:09
7799,5,M03651,Type_23,Morning,133.5,2024-10-12 10:18:14
7800,8,M09325,Type_04,Morning,89.6,2024-10-12 11:06:50
7801,5,M09895,Type_05,Morning,116.4,2024-10-12 11:34:16
7802,10,M03621,Type_14,Morning,118.3,2024-10-12 12:32:39
7803,15,M03191,Type_01,Night,91.0,2024-10-12 13:41:24
7804,6,M08790,Type_10,Morning,111.5,2024-10-12 14:38:14
7805,24,M00392,Type_06,Morning,91.8,2024-10-12 15:23:33
7806,18,M01076,Type_23,Morning,137.8,2024-10-12 15:32:14
7807,23,M02651,Type_01,Afternoon,87.2,2024-10-12 15:53:08
7808,3,M02385,Type_17,Night,96.9,2024-10-12 16:24:18
7809,9,M00810,Type_02,Morning,85.5,2024-10-12 19:52:34
7810,10,M08048,Type_03,Morning,82.8,2024-10-12 21:17:13
7811,7,M05502,Type_25,Morning,141.8,2024-10-13 00:19:05
7812,19,M06896,Type_03,Morning,120.9,2024-10-13 03:54:13
7813,24,M01160,Type_08,Morning,112.8,2024-10-13 04:41:41
7814,2,M07575,Type_19,Afternoon,96.9,2024-10-13 05:26:54
7815,8,M01532,Type_15,Morning,128.2,2024-10-13 06:26:21
7816,7,M05482,Type_20,Afternoon,93.5,2024-10-13 06:31:16
7817,5,M07549,Type_02,Morning,125.9,2024-10-13 06:42:25
7818,4,M04977,Type_17,Night,92.5,2024-10-13 06:59:06
7819,11,M05696,Type_18,Night,97.1,2024-10-13 07:44:58
7820,10,M08446,Type_12,Afternoon,125.2,2024-10-13 07:58:36
7821,1,M03549,Type_17,Morning,127.3,2024-10-13 08:08:53
7822,4,M06164,Type_22,Morning,121.9,2024-10-13 08:56:51
7823,22,M06672,Type_19,Afternoon,89.0,2024-10-13 09:24:30
7824,6,M05265,Type_25,Afternoon,101.1,2024-10-13 11:11:25
7825,18,M01232,Type_04,Afternoon,113.1,2024-10-13 11:27:44
7826,25,M02424,Type_12,Night,93.0,2024-10-13 11:51:26
7827,13,M08072,Type_03,Night,137.4,2024-10-13 11:58:02
7828,13,M04262,Type_15,Morning,80.0,2024-10-13 12:01:53
7829,1,M09766,Type_16,Afternoon,94.4,2024-10-13 12:27:49
7830,4,M02909,Type_06,Morning,99.8,2024-10-13 13:32:50
7831,4,M04713,Type_01,Morning,80.0,2024-10-13 13:55:38
7832,18,M06756,Type_17,Afternoon,82.1,2024-10-13 16:22:35
7833,24,M09818,Type_19,Morning,122.5,2024-10-13 16:46:55
7834,18,M03884,Type_20,Night,110.6,2024-10-13 17:33:11
7835,18,M03516,Type_03,Morning,141.5,2024-10-13 18:07:57
7836,15,M03404,Type_05,Afternoon,140.9,2024-10-13 18:20:47
7837,18,M04599,Type_24,Afternoon,118.7,2024-10-13 18:31:50
7838,15,M05009,Type_24,Afternoon,116.3,2024-10-13 18:39:42
7839,17,M06223,Type_08,Morning,111.3,2024-10-13 18:56:21
7840,5,M04010,Type_07,Night,80.0,2024-10-13 18:57:12
7841,11,M02736,Type_16,Afternoon,82.1,2024-10-13 18:58:18
7842,16,M04492,Type_10,Afternoon,112.0,2024-10-13 19:21:56
7843,20,M08594,Type_10,Morning,122.3,2024-10-13 20:24:45
7844,2,M00975,Type_04,Afternoon,115.8,2024-10-13 21:06:53
7845,17,M00224,Type_01,Night,92.2,2024-10-13 22:23:56
7846,1,M04614,Type_04,Afternoon,128.7,2024-10-13 22:27:26
7847,18,M06778,Type_15,Night,139.6,2024-10-13 22:45:08
7848,17,M08428,Type_11,Afternoon,128.8,2024-10-13 23:02:34
7849,25,M04212,Type_21,Morning,129.8,2024-10-14 00:34:16
7850,18,M00226,Type_20,Morning,98.8,2024-10-14 00:58:34
7851,19,M08184,Type_21,Morning,131.5,2024-10-14 02:01:49
7852,25,M04278,Type_09,Afternoon,112.9,2024-10-14 02:43:21
7853,5,M01342,Type_23,Night,120.2,2024-10-14 02:43:59
7854,13,M04037,Type_21,Morning,117.3,2024-10-14 05:20:49
7855,24,M08402,Type_05,Afternoon,107.6,2024-10-14 06:02:57
7856,23,M03728,Type_08,Afternoon,92.8,2024-10-14 06:16:26
7857,6,M03929,Type_09,Afternoon,108.4,2024-10-14 07:20:16
7858,13,M02804,Type_17,Morning,129.7,2024-10-14 07:49:16
7859,18,M09302,Type_13,Morning,101.2,2024-10-14 09:55:44
7860,4,M06559,Type_09,Morning,127.9,2024-10-14 10:54:26
7861,9,M00394,Type_19,Morning,124.7,2024-10-14 13:43:29
7862,23,M06840,Type_13,Morning,104.0,2024-10-14 13:57:45
7863,3,M09036,Type_16,Morning,137.8,2024-10-14 14:56:48
7864,22,M09717,Type_09,Afternoon,102.9,2024-10-14 16:36:20
7865,24,M08796,Type_01,Morning,140.2,2024-10-14 17:37:02
7866,24,M00582,Type_12,Night,118.7,2024-10-14 19:06:16
7867,8,M00133,Type_13,Morning,109.7,2024-10-14 19:11:57
7868,13,M02839,Type_02,Morning,92.2,2024-10-14 19:41:46
7869,24,M03386,Type_19,Morning,108.2,2024-10-14 20:36:59
7870,22,M03771,Type_16,Morning,105.9,2024-10-14 20:59:48
7871,11,M02269,Type_12,Night,84.8,2024-10-14 22:05:52
7872,10,M00976,Type_01,Morning,105.6,2024-10-14 23:01:35
7873,11,M07606,Type_11,Night,93.9,2024-10-15 01:51:28
7874,3,M07214,Type_05,Night,121.7,2024-10-15 03:04:55
7875,25,M09736,Type_17,Afternoon,136.1,2024-10-15 05:02:36
7876,14,M02836,Type_04,Afternoon,85.5,2024-10-15 05:03:04
7877,14,M02739,Type_02,Afternoon,144.2,2024-10-15 05:08:16
7878,19,M09550,Type_13,Morning,107.4,2024-10-15 05:38:22
7879,4,M04135,Type_14,Afternoon,90.5,2024-10-15 05:57:44
7880,1,M09509,Type_21,Morning,125.2,2024-10-15 06:29:50
7881,2,M06834,Type_12,Morning,101.1,2024-10-15 06:29:57
7882,6,M08354,Type_21,Afternoon,108.4,2024-10-15 06:44:41
7883,13,M01910,Type_02,Afternoon,101.9,2024-10-15 07:36:18
7884,14,M09320,Type_19,Night,93.7,2024-10-15 08:20:44
7885,1,M09851,Type_25,Morning,124.5,2024-10-15 09:03:08
7886,25,M01964,Type_18,Night,104.3,2024-10-15 09:30:34
7887,8,M05154,Type_01,Morning,81.3,2024-10-15 09:53:03
7888,18,M00967,Type_20,Morning,121.0,2024-10-15 14:56:10
7889,14,M00890,Type_20,Morning,85.9,2024-10-15 15:02:28
7890,2,M03062,Type_14,Afternoon,86.9,2024-10-15 15:29:27
7891,24,M06462,Type_16,Morning,133.9,2024-10-15 15:33:18
7892,12,M06167,Type_12,Afternoon,86.1,2024-10-15 16:21:00
7893,24,M06968,Type_15,Night,80.0,2024-10-15 17:07:44
7894,1,M09859,Type_22,Afternoon,122.5,2024-10-15 17:13:20
7895,21,M08102,Type_20,Afternoon,103.9,2024-10-15 21:00:33
7896,15,M07380,Type_01,Night,105.6,2024-10-15 23:34:25
7897,11,M09634,Type_06,Afternoon,103.7,2024-10-15 23:45:44
7898,18,M07281,Type_10,Afternoon,114.6,2024-10-16 00:22:19
7899,17,M01068,Type_06,Morning,94.9,2024-10-16 00:49:44
7900,3,M04224,Type_02,Night,139.5,2024-10-16 00:53:26
7901,15,M09019,Type_09,Afternoon,80.5,2024-10-16 01:28:45
7902,13,M04608,Type_14,Morning,118.9,2024-10-16 05:45:56
7903,3,M03986,Type_17,Morning,122.8,2024-10-16 07:19:23
7904,13,M03180,Type_23,Night,94.8,2024-10-16 07:37:46
7905,9,M04539,Type_25,Morning,89.5,2024-10-16 08:20:50
7906,10,M02363,Type_24,Night,130.3,2024-10-16 09:13:56
7907,1,M02225,Type_14,Morning,90.2,2024-10-16 10:26:09
7908,2,M06372,Type_04,Night,97.9,2024-10-16 10:38:45
7909,25,M01727,Type_02,Morning,127.7,2024-10-16 10:58:54
7910,14,M05792,Type_09,Afternoon,110.7,2024-10-16 11:00:05
7911,5,M08074,Type_02,Night,80.0,2024-10-16 11:08:37
7912,25,M08459,Type_25,Afternoon,144.9,2024-10-16 12:05:02
7913,22,M07014,Type_16,Afternoon,99.4,2024-10-16 12:07:16
7914,10,M00838,Type_02,Morning,101.9,2024-10-16 12:55:01
7915,19,M04585,Type_23,Morning,115.1,2024-10-16 13:34:18
7916,8,M00687,Type_10,Morning,122.5,2024-10-16 14:29:18
7917,13,M00357,Type_14,Afternoon,149.2,2024-10-16 14:36:13
7918,9,M09064,Type_15,Morning,80.0,2024-10-16 14:52:48
7919,18,M04648,Type_12,Morning,126.5,2024-10-16 15:59:58
7920,25,M04419,Type_03,Afternoon,124.9,2024-10-16 16:14:47
7921,4,M06643,Type_17,Afternoon,107.3,2024-10-16 16:27:58
7922,8,M03392,Type_25,Afternoon,125.7,2024-10-16 16:40:35
7923,5,M04358,Type_21,Morning,128.7,2024-10-16 17:27:27
7924,6,M04880,Type_02,Morning,82.4,2024-10-16 17:42:54
7925,20,M05320,Type_05,Night,145.0,2024-10-16 18:02:20
7926,5,M02740,Type_10,Morning,80.0,2024-10-16 19:57:18
7927,1,M09511,Type_05,Night,87.3,2024-10-16 20:16:02
7928,19,M09728,Type_08,Night,104.8,2024-10-16 21:05:00
7929,4,M04785,Type_05,Night,148.5,2024-10-16 23:39:08
7930,1,M09965,Type_03,Morning,103.8,2024-10-16 23:58:27
7931,19,M00878,Type_03,Night,109.4,2024-10-17 00:52:47
7932,4,M02871,Type_17,Night,138.6,2024-10-17 01:00:23
7933,14,M00293,Type_23,Afternoon,104.0,2024-10-17 01:51:49
7934,14,M09844,Type_13,Morning,86.4,2024-10-17 02:04:45
7935,9,M08729,Type_24,Morning,101.7,2024-10-17 02:28:43
7936,19,M02687,Type_13,Morning,137.4,2024-10-17 02:46:46
7937,11,M00234,Type_12,Afternoon,111.4,2024-10-17 04:44:30
7938,16,M02375,Type_19,Afternoon,148.6,2024-10-17 05:08:59
7939,19,M02273,Type_12,Morning,124.8,2024-10-17 06:16:12
7940,4,M00967,Type_20,Afternoon,97.1,2024-10-17 06:32:14
7941,9,M00890,Type_20,Morning,111.0,2024-10-17 06:49:17
7942,25,M03864,Type_12,Afternoon,92.9,2024-10-17 08:00:01
7943,17,M06155,Type_18,Night,96.6,2024-10-17 08:44:48
7944,15,M03401,Type_13,Morning,160.0,2024-10-17 09:15:27
7945,8,M08227,Type_22,Morning,130.4,2024-10-17 09:18:06
7946,13,M04543,Type_07,Morning,127.2,2024-10-17 09:23:08
7947,1,M03524,Type_13,Afternoon,97.5,2024-10-17 10:07:56
7948,2,M01764,Type_13,Afternoon,141.4,2024-10-17 10:30:41
7949,10,M03292,Type_07,Night,132.0,2024-10-17 11:06:56
7950,21,M02489,Type_18,Morning,147.6,2024-10-17 12:01:27
7951,13,M01559,Type_21,Night,146.7,2024-10-17 12:17:10
7952,11,M04691,Type_14,Morning,80.4,2024-10-17 12:20:22
7953,14,M06122,Type_23,Afternoon,87.8,2024-10-17 16:51:43
7954,16,M02277,Type_02,Morning,89.9,2024-10-17 17:57:07
7955,6,M04440,Type_11,Night,91.1,2024-10-17 18:54:41
7956,2,M01104,Type_16,Afternoon,116.5,2024-10-17 19:55:20
7957,5,M07521,Type_04,Afternoon,98.7,2024-10-17 20:18:02
7958,19,M09612,Type_01,Night,151.5,2024-10-17 20:37:13
7959,7,M05410,Type_19,Morning,148.1,2024-10-17 20:39:20
7960,17,M09671,Type_11,Morning,109.9,2024-10-17 21:07:45
7961,5,M07870,Type_14,Night,149.1,2024-10-17 21:20:51
7962,12,M02957,Type_09,Morning,139.8,2024-10-17 23:16:42
7963,19,M07711,Type_23,Morning,101.0,2024-10-18 00:03:32
7964,18,M06018,Type_23,Afternoon,80.0,2024-10-18 00:05:13
7965,12,M09575,Type_18,Afternoon,105.6,2024-10-18 00:37:34
7966,3,M03385,Type_14,Morning,97.1,2024-10-18 01:31:50
7967,4,M09762,Type_05,Morning,114.1,2024-10-18 02:44:11
7968,15,M00029,Type_12,Morning,111.8,2024-10-18 02:49:42
7969,15,M08898,Type_02,Afternoon,111.3,2024-10-18 04:20:04
7970,11,M09213,Type_14,Night,120.5,2024-10-18 05:03:55
7971,2,M09639,Type_05,Night,85.7,2024-10-18 05:28:43
7972,18,M07757,Type_15,Afternoon,118.2,2024-10-18 06:19:06
7973,3,M06949,Type_02,Morning,101.2,2024-10-18 06:23:25
7974,18,M05756,Type_23,Night,114.0,2024-10-18 06:28:46
7975,14,M03603,Type_17,Afternoon,129.1,2024-10-18 06:29:13
7976,6,M05063,Type_22,Morning,85.5,2024-10-18 06:38:47
7977,2,M08072,Type_03,Night,104.4,2024-10-18 06:44:03
7978,1,M07245,Type_25,Night,107.6,2024-10-18 07:52:56
7979,8,M06373,Type_12,Afternoon,99.7,2024-10-18 08:37:49
7980,10,M07106,Type_05,Afternoon,128.0,2024-10-18 09:04:35
7981,20,M03582,Type_07,Morning,95.6,2024-10-18 09:37:08
7982,18,M02763,Type_25,Morning,98.9,2024-10-18 10:02:58
7983,20,M00573,Type_07,Afternoon,95.8,2024-10-18 10:09:28
7984,11,M07706,Type_06,Morning,131.8,2024-10-18 10:14:01
7985,18,M00615,Type_24,Afternoon,100.2,2024-10-18 10:27:52
7986,16,M04051,Type_14,Night,119.2,2024-10-18 13:50:27
7987,5,M00326,Type_10,Night,149.5,2024-10-18 14:04:08
7988,7,M03741,Type_25,Afternoon,108.5,2024-10-18 14:15:09
7989,22,M00359,Type_21,Night,132.2,2024-10-18 14:40:26
7990,2,M03778,Type_10,Night,143.4,2024-10-18 16:14:15
7991,11,M05907,Type_01,Afternoon,130.5,2024-10-18 16:57:53
7992,13,M01722,Type_11,Morning,109.7,2024-10-18 17:23:56
7993,20,M01350,Type_22,Morning,122.8,2024-10-18 18:21:30
7994,24,M03697,Type_24,Morning,84.3,2024-10-18 19:51:32
7995,16,M03897,Type_15,Morning,94.4,2024-10-18 19:59:03
7996,14,M04261,Type_21,Morning,97.9,2024-10-18 20:14:11
7997,7,M09789,Type_20,Morning,154.8,2024-10-18 20:25:35
7998,7,M09820,Type_21,Afternoon,93.7,2024-10-18 22:25:00
7999,12,M06942,Type_15,Night,93.5,2024-10-18 22:29:13
8000,12,M03809,Type_13,Morning,89.1,2024-10-18 22:50:12
8001,20,M05247,Type_12,Afternoon,121.2,2024-10-18 22:54:00
8002,1,M08385,Type_22,Afternoon,112.9,2024-10-18 23:24:17
8003,23,M03846,Type_17,Morning,131.7,2024-10-18 23:54:19
8004,6,M02578,Type_25,Night,123.4,2024-10-19 00:29:45
8005,8,M00092,Type_19,Afternoon,82.4,2024-10-19 00:38:02
8006,13,M04235,Type_23,Morning,93.9,2024-10-19 01:24:53
8007,5,M08673,Type_09,Night,137.3,2024-10-19 02:33:39
8008,24,M06593,Type_21,Morning,105.9,2024-10-19 03:01:40
8009,10,M08129,Type_11,Afternoon,133.8,2024-10-19 03:43:51
8010,14,M01076,Type_23,Morning,107.0,2024-10-19 03:44:04
8011,24,M02514,Type_25,Night,90.6,2024-10-19 05:12:01
8012,9,M08169,Type_20,Afternoon,103.9,2024-10-19 06:16:51
8013,17,M06862,Type_02,Afternoon,90.6,2024-10-19 07:48:36
8014,3,M08991,Type_22,Morning,98.7,2024-10-19 08:27:09
8015,12,M00605,Type_19,Afternoon,114.0,2024-10-19 09:47:18
8016,12,M02980,Type_13,Night,120.2,2024-10-19 10:11:26
8017,11,M07141,Type_08,Afternoon,80.0,2024-10-19 10:28:38
8018,22,M07066,Type_24,Afternoon,109.7,2024-10-19 11:50:59
8019,4,M04917,Type_04,Afternoon,98.3,2024-10-19 12:33:03
8020,8,M06801,Type_17,Night,97.0,2024-10-19 12:59:40
8021,10,M00598,Type_22,Afternoon,112.7,2024-10-19 13:02:54
8022,14,M09725,Type_04,Night,99.0,2024-10-19 15:43:08
8023,1,M07321,Type_25,Night,137.6,2024-10-19 16:11:46
8024,12,M08706,Type_23,Afternoon,133.8,2024-10-19 16:15:07
8025,5,M05623,Type_17,Morning,133.6,2024-10-19 16:27:29
8026,14,M01878,Type_23,Afternoon,100.1,2024-10-19 16:36:57
8027,4,M01700,Type_21,Night,90.8,2024-10-19 17:09:01
8028,17,M09222,Type_16,Morning,111.6,2024-10-19 17:39:50
8029,22,M05781,Type_19,Afternoon,107.0,2024-10-19 18:52:46
8030,13,M00717,Type_03,Night,97.8,2024-10-19 19:17:13
8031,3,M04087,Type_20,Morning,86.5,2024-10-19 19:56:17
8032,11,M00666,Type_11,Afternoon,109.2,2024-10-19 20:29:11
8033,11,M07847,Type_09,Morning,101.9,2024-10-19 23:37:20
8034,5,M06612,Type_07,Morning,123.8,2024-10-20 01:58:00
8035,6,M01080,Type_25,Night,123.3,2024-10-20 03:03:56
8036,4,M08420,Type_05,Morning,132.0,2024-10-20 03:30:46
8037,10,M08341,Type_19,Morning,84.8,2024-10-20 03:40:15
8038,10,M01070,Type_03,Night,118.0,2024-10-20 04:03:54
8039,12,M05264,Type_16,Morning,95.5,2024-10-20 04:04:17
8040,22,M07952,Type_13,Night,85.6,2024-10-20 04:17:10
8041,23,M01364,Type_19,Night,101.4,2024-10-20 04:30:59
8042,18,M04509,Type_22,Morning,131.4,2024-10-20 06:51:00
8043,15,M01756,Type_20,Morning,102.6,2024-10-20 07:52:40
8044,23,M00520,Type_03,Afternoon,141.3,2024-10-20 08:11:48
8045,23,M05464,Type_10,Afternoon,121.0,2024-10-20 08:11:57
8046,18,M07234,Type_16,Morning,102.1,2024-10-20 08:23:38
8047,3,M01103,Type_01,Afternoon,133.2,2024-10-20 08:39:45
8048,3,M00598,Type_22,Morning,118.9,2024-10-20 11:57:25
8049,1,M03274,Type_24,Night,91.3,2024-10-20 12:15:17
8050,17,M05782,Type_25,Morning,147.2,2024-10-20 14:22:38
8051,10,M06257,Type_07,Morning,115.2,2024-10-20 14:24:38
8052,6,M07259,Type_17,Morning,110.4,2024-10-20 14:41:31
8053,25,M08781,Type_21,Night,92.9,2024-10-20 14:59:02
8054,25,M06555,Type_05,Afternoon,133.6,2024-10-20 16:46:10
8055,11,M09600,Type_09,Night,120.3,2024-10-20 17:25:59
8056,14,M08003,Type_04,Morning,122.6,2024-10-20 17:32:15
8057,17,M04847,Type_06,Morning,99.8,2024-10-20 18:07:15
8058,7,M09822,Type_22,Morning,126.7,2024-10-20 20:23:23
8059,22,M09187,Type_04,Afternoon,128.2,2024-10-20 20:45:10
8060,4,M04799,Type_05,Afternoon,96.6,2024-10-20 22:07:09
8061,11,M06606,Type_02,Afternoon,81.7,2024-10-20 22:23:53
8062,19,M02987,Type_15,Morning,121.6,2024-10-20 23:42:26
8063,9,M00401,Type_04,Night,80.0,2024-10-21 00:56:56
8064,21,M02856,Type_22,Morning,113.0,2024-10-21 01:07:35
8065,8,M03413,Type_05,Night,101.1,2024-10-21 01:17:20
8066,20,M00057,Type_21,Morning,134.4,2024-10-21 01:21:35
8067,4,M08023,Type_05,Afternoon,102.1,2024-10-21 04:29:12
8068,16,M01876,Type_05,Morning,132.1,2024-10-21 06:04:22
8069,6,M04544,Type_01,Afternoon,99.7,2024-10-21 06:08:14
8070,6,M04299,Type_20,Afternoon,130.0,2024-10-21 06:40:21
8071,19,M03769,Type_16,Afternoon,151.2,2024-10-21 06:41:40
8072,2,M05753,Type_16,Afternoon,88.6,2024-10-21 06:49:55
8073,11,M04834,Type_21,Afternoon,115.8,2024-10-21 08:08:10
8074,25,M01354,Type_03,Afternoon,160.0,2024-10-21 08:49:55
8075,18,M04988,Type_15,Night,111.3,2024-10-21 10:38:16
8076,9,M06598,Type_07,Morning,111.2,2024-10-21 10:45:52
8077,16,M04312,Type_16,Afternoon,125.8,2024-10-21 11:14:17
8078,11,M02935,Type_23,Afternoon,110.8,2024-10-21 11:16:22
8079,14,M00023,Type_10,Morning,80.0,2024-10-21 12:01:52
8080,8,M01210,Type_05,Afternoon,132.6,2024-10-21 14:32:04
8081,13,M08941,Type_02,Morning,80.0,2024-10-21 14:39:58
8082,10,M00805,Type_08,Morning,101.7,2024-10-21 15:35:53
8083,23,M08326,Type_24,Morning,134.1,2024-10-21 16:04:03
8084,12,M04417,Type_16,Morning,102.9,2024-10-21 16:29:35
8085,21,M08626,Type_17,Afternoon,96.1,2024-10-21 16:58:00
8086,3,M05142,Type_14,Afternoon,127.6,2024-10-21 17:19:50
8087,2,M04969,Type_05,Night,93.0,2024-10-21 18:06:38
8088,11,M03672,Type_10,Afternoon,85.6,2024-10-21 18:42:53
8089,24,M07293,Type_21,Morning,115.5,2024-10-21 19:18:15
8090,18,M07002,Type_19,Night,106.3,2024-10-21 19:58:16
8091,24,M02099,Type_01,Night,85.1,2024-10-21 21:07:44
8092,21,M08445,Type_12,Afternoon,122.7,2024-10-21 21:12:51
8093,25,M05062,Type_24,Afternoon,119.3,2024-10-21 21:55:40
8094,4,M09322,Type_10,Night,102.8,2024-10-21 22:05:41
8095,8,M03265,Type_04,Afternoon,104.2,2024-10-21 22:31:46
8096,11,M05436,Type_02,Night,119.4,2024-10-21 22:49:41
8097,15,M08494,Type_19,Morning,133.8,2024-10-21 23:17:31
8098,23,M06692,Type_11,Morning,104.3,2024-10-22 01:37:21
8099,24,M02764,Type_24,Afternoon,123.1,2024-10-22 02:20:43
8100,21,M04006,Type_17,Afternoon,121.3,2024-10-22 02:25:02
8101,2,M03242,Type_12,Night,127.6,2024-10-22 03:07:15
8102,23,M03058,Type_05,Night,110.8,2024-10-22 03:34:42
8103,19,M00551,Type_09,Morning,91.8,2024-10-22 04:30:30
8104,15,M05575,Type_08,Morning,100.8,2024-10-22 05:01:42
8105,13,M05412,Type_06,Night,116.9,2024-10-22 05:02:51
8106,2,M01588,Type_02,Afternoon,146.4,2024-10-22 05:12:17
8107,3,M05921,Type_18,Morning,100.3,2024-10-22 05:27:02
8108,14,M05261,Type_03,Afternoon,126.1,2024-10-22 06:44:32
8109,20,M04410,Type_03,Afternoon,103.4,2024-10-22 08:29:53
8110,13,M05784,Type_02,Night,112.2,2024-10-22 09:49:09
8111,23,M00713,Type_03,Afternoon,140.3,2024-10-22 10:21:26
8112,16,M05407,Type_13,Morning,125.3,2024-10-22 11:14:16
8113,12,M07991,Type_02,Night,85.2,2024-10-22 13:20:33
8114,1,M07421,Type_06,Afternoon,98.6,2024-10-22 13:37:34
8115,6,M06844,Type_06,Afternoon,135.1,2024-10-22 13:48:15
8116,13,M02434,Type_01,Morning,112.8,2024-10-22 14:23:24
8117,22,M03302,Type_14,Afternoon,87.0,2024-10-22 14:43:06
8118,24,M00271,Type_07,Morning,93.6,2024-10-22 18:49:36
8119,2,M09987,Type_21,Morning,124.1,2024-10-22 20:47:14
8120,18,M01080,Type_25,Afternoon,129.9,2024-10-22 21:21:10
8121,17,M05323,Type_09,Morning,110.4,2024-10-22 21:22:25
8122,19,M08796,Type_01,Afternoon,159.5,2024-10-22 21:41:31
8123,23,M05258,Type_07,Morning,126.5,2024-10-22 21:44:41
8124,15,M07983,Type_21,Afternoon,105.1,2024-10-22 22:15:52
8125,8,M09778,Type_20,Morning,93.7,2024-10-22 22:43:57
8126,23,M06215,Type_10,Morning,90.5,2024-10-22 22:46:04
8127,9,M05007,Type_24,Morning,116.7,2024-10-22 22:47:27
8128,8,M03986,Type_17,Night,100.2,2024-10-23 00:42:30
8129,8,M09588,Type_10,Night,143.5,2024-10-23 01:06:24
8130,11,M08792,Type_10,Morning,139.3,2024-10-23 01:31:46
8131,18,M08706,Type_23,Night,122.7,2024-10-23 03:45:11
8132,17,M05992,Type_04,Afternoon,86.4,2024-10-23 03:58:57
8133,22,M06228,Type_20,Night,96.6,2024-10-23 04:54:12
8134,23,M09259,Type_05,Morning,135.1,2024-10-23 05:36:19
8135,6,M07834,Type_11,Afternoon,98.7,2024-10-23 07:47:14
8136,23,M02887,Type_15,Morning,132.4,2024-10-23 08:06:11
8137,24,M02654,Type_05,Morning,119.5,2024-10-23 10:04:38
8138,2,M09281,Type_25,Night,111.0,2024-10-23 10:07:48
8139,1,M04865,Type_03,Afternoon,95.9,2024-10-23 10:11:36
8140,10,M02515,Type_10,Morning,108.1,2024-10-23 10:34:58
8141,8,M03970,Type_22,Morning,113.8,2024-10-23 11:45:51
8142,16,M03285,Type_10,Afternoon,130.7,2024-10-23 11:57:35
8143,24,M07741,Type_18,Afternoon,92.3,2024-10-23 12:28:37
8144,14,M04567,Type_23,Morning,104.7,2024-10-23 12:32:50
8145,24,M02197,Type_05,Night,110.9,2024-10-23 14:31:58
8146,16,M00790,Type_24,Morning,123.3,2024-10-23 16:28:20
8147,14,M03476,Type_19,Morning,91.8,2024-10-23 16:55:52
8148,7,M09857,Type_17,Night,83.7,2024-10-23 17:17:29
8149,18,M01310,Type_09,Morning,123.5,2024-10-23 18:50:22
8150,20,M00865,Type_21,Morning,80.0,2024-10-23 18:51:18
8151,9,M05390,Type_14,Afternoon,135.7,2024-10-23 19:01:13
8152,24,M03364,Type_07,Night,106.9,2024-10-23 19:05:50
8153,4,M08216,Type_24,Morning,80.0,2024-10-23 20:01:43
8154,24,M03004,Type_25,Night,100.4,2024-10-23 20:18:56
8155,16,M08503,Type_16,Night,117.6,2024-10-23 20:23:38
8156,22,M01232,Type_04,Morning,99.3,2024-10-23 21:07:27
8157,11,M07960,Type_13,Afternoon,110.4,2024-10-23 21:19:25
8158,9,M02712,Type_03,Morning,124.8,2024-10-23 21:35:39
8159,17,M06582,Type_03,Afternoon,106.0,2024-10-23 22:33:04
8160,22,M07706,Type_06,Night,91.3,2024-10-23 23:23:41
8161,11,M00422,Type_21,Night,104.0,2024-10-24 00:20:03
8162,20,M09966,Type_14,Morning,138.3,2024-10-24 00:53:45
8163,3,M00947,Type_01,Afternoon,143.7,2024-10-24 01:35:28
8164,21,M09379,Type_12,Afternoon,80.0,2024-10-24 01:51:33
8165,11,M01835,Type_23,Morning,131.8,2024-10-24 03:04:19
8166,8,M01565,Type_03,Morning,115.0,2024-10-24 05:03:49
8167,10,M07333,Type_15,Morning,128.5,2024-10-24 06:15:52
8168,6,M04945,Type_19,Afternoon,99.0,2024-10-24 07:27:52
8169,17,M01309,Type_17,Afternoon,80.0,2024-10-24 08:00:33
8170,6,M02987,Type_15,Morning,121.7,2024-10-24 08:41:23
8171,7,M00387,Type_22,Night,91.2,2024-10-24 09:12:11
8172,13,M06132,Type_17,Night,82.2,2024-10-24 09:43:26
8173,6,M09354,Type_04,Afternoon,83.6,2024-10-24 10:50:07
8174,3,M03259,Type_15,Morning,122.0,2024-10-24 12:25:43
8175,25,M06122,Type_23,Afternoon,112.8,2024-10-24 12:47:29
8176,13,M04812,Type_01,Morning,125.6,2024-10-24 13:24:48
8177,10,M06575,Type_16,Morning,123.4,2024-10-24 13:27:10
8178,4,M06698,Type_20,Afternoon,101.6,2024-10-24 14:00:30
8179,5,M03934,Type_08,Morning,108.6,2024-10-24 15:14:29
8180,21,M01440,Type_01,Morning,99.8,2024-10-24 15:30:09
8181,19,M06170,Type_20,Morning,105.8,2024-10-24 16:37:33
8182,18,M04481,Type_03,Morning,90.7,2024-10-24 16:54:56
8183,24,M00056,Type_20,Morning,117.8,2024-10-24 17:51:37
8184,7,M03325,Type_08,Night,131.5,2024-10-24 18:12:56
8185,21,M06778,Type_15,Morning,93.7,2024-10-24 18:28:17
8186,1,M00106,Type_13,Morning,135.6,2024-10-24 19:43:38
8187,17,M03202,Type_05,Morning,112.3,2024-10-24 20:31:01
8188,24,M00670,Type_23,Night,114.8,2024-10-24 20:47:28
8189,20,M08935,Type_23,Afternoon,80.0,2024-10-24 21:35:02
8190,20,M00967,Type_20,Morning,80.0,2024-10-24 22:03:40
8191,25,M00308,Type_19,Night,112.9,2024-10-24 23:16:40
8192,18,M02139,Type_13,Morning,125.8,2024-10-24 23:45:33
8193,5,M00110,Type_18,Morning,96.6,2024-10-25 01:04:24
8194,22,M03633,Type_02,Morning,143.4,2024-10-25 01:27:50
8195,6,M06729,Type_08,Morning,124.7,2024-10-25 01:45:24
8196,10,M05685,Type_07,Morning,91.8,2024-10-25 02:12:29
8197,19,M06500,Type_17,Afternoon,110.6,2024-10-25 02:14:05
8198,10,M01916,Type_11,Morning,159.5,2024-10-25 02:40:44
8199,6,M00557,Type_18,Afternoon,85.1,2024-10-25 03:43:31
8200,10,M07620,Type_08,Morning,120.6,2024-10-25 03:45:49
8201,10,M00105,Type_17,Morning,103.5,2024-10-25 05:01:43
8202,21,M02048,Type_14,Afternoon,124.1,2024-10-25 05:04:05
8203,12,M00146,Type_09,Night,135.3,2024-10-25 05:22:31
8204,24,M00874,Type_22,Morning,102.3,2024-10-25 06:21:39
8205,4,M00299,Type_25,Afternoon,132.4,2024-10-25 06:29:25
8206,13,M03239,Type_02,Morning,154.4,2024-10-25 07:12:52
8207,10,M08838,Type_19,Morning,111.3,2024-10-25 07:38:00
8208,16,M06383,Type_10,Morning,125.7,2024-10-25 07:55:21
8209,19,M02512,Type_11,Morning,98.2,2024-10-25 07:55:35
8210,6,M06597,Type_17,Morning,110.4,2024-10-25 08:14:00
8211,9,M00784,Type_18,Morning,106.5,2024-10-25 08:36:46
8212,14,M04993,Type_08,Night,125.9,2024-10-25 09:18:18
8213,24,M00371,Type_01,Morning,134.1,2024-10-25 11:15:55
8214,10,M00487,Type_04,Afternoon,107.8,2024-10-25 12:15:54
8215,8,M07379,Type_02,Morning,140.7,2024-10-25 13:02:26
8216,3,M03197,Type_21,Afternoon,140.6,2024-10-25 13:39:56
8217,17,M09553,Type_23,Afternoon,126.9,2024-10-25 14:41:54
8218,19,M04288,Type_09,Morning,99.7,2024-10-25 14:53:10
8219,3,M02262,Type_03,Morning,97.8,2024-10-25 14:55:15
8220,14,M09149,Type_01,Afternoon,93.8,2024-10-25 15:29:52
8221,6,M08573,Type_11,Night,129.0,2024-10-25 16:19:31
8222,19,M00239,Type_20,Morning,85.8,2024-10-25 17:07:47
8223,18,M06844,Type_06,Morning,123.5,2024-10-25 18:35:38
8224,12,M01106,Type_24,Night,88.4,2024-10-25 18:53:17
8225,15,M01387,Type_07,Morning,126.5,2024-10-25 19:56:37
8226,25,M09720,Type_09,Afternoon,110.3,2024-10-25 21:01:46
8227,6,M01668,Type_01,Morning,136.7,2024-10-25 23:28:23
8228,21,M02692,Type_17,Morning,132.8,2024-10-25 23:56:42
8229,12,M07757,Type_15,Afternoon,138.7,2024-10-26 00:01:49
8230,19,M01997,Type_15,Afternoon,139.2,2024-10-26 01:22:45
8231,7,M01426,Type_06,Morning,112.9,2024-10-26 01:31:29
8232,23,M08024,Type_01,Afternoon,86.8,2024-10-26 03:03:01
8233,20,M06850,Type_01,Night,88.9,2024-10-26 03:47:29
8234,10,M03248,Type_13,Afternoon,80.0,2024-10-26 04:26:27
8235,18,M02593,Type_13,Morning,88.3,2024-10-26 04:36:24
8236,2,M01491,Type_18,Afternoon,111.4,2024-10-26 04:36:52
8237,13,M01225,Type_23,Afternoon,98.8,2024-10-26 06:04:37
8238,15,M02588,Type_14,Night,106.4,2024-10-26 06:21:27
8239,24,M07715,Type_23,Afternoon,119.9,2024-10-26 07:05:14
8240,4,M03065,Type_05,Morning,103.9,2024-10-26 07:05:42
8241,7,M07805,Type_17,Afternoon,87.6,2024-10-26 09:09:19
8242,3,M00833,Type_22,Afternoon,108.9,2024-10-26 12:41:11
8243,25,M02441,Type_02,Morning,92.0,2024-10-26 13:13:48
8244,16,M04796,Type_24,Afternoon,104.6,2024-10-26 13:33:59
8245,9,M01647,Type_04,Morning,136.9,2024-10-26 13:38:30
8246,23,M00441,Type_06,Afternoon,104.6,2024-10-26 13:40:23
8247,23,M05957,Type_23,Morning,145.4,2024-10-26 14:43:45
8248,17,M09722,Type_18,Afternoon,138.6,2024-10-26 14:44:04
8249,8,M02368,Type_08,Night,98.4,2024-10-26 16:03:49
8250,18,M06697,Type_09,Night,87.8,2024-10-26 16:17:07
8251,24,M05191,Type_13,Night,108.9,2024-10-26 18:39:32
8252,13,M04664,Type_23,Night,133.1,2024-10-26 21:14:11
8253,2,M07063,Type_23,Morning,100.2,2024-10-26 21:19:27
8254,1,M04332,Type_21,Afternoon,128.2,2024-10-26 21:34:45
8255,16,M09497,Type_19,Afternoon,134.2,2024-10-26 22:36:29
8256,16,M03035,Type_19,Night,94.5,2024-10-26 23:33:56
8257,11,M09378,Type_15,Morning,96.5,2024-10-27 00:12:03
8258,24,M03263,Type_21,Night,124.3,2024-10-27 00:52:24
8259,4,M02108,Type_11,Afternoon,113.0,2024-10-27 01:31:06
8260,11,M07037,Type_25,Night,96.3,2024-10-27 01:56:04
8261,6,M04321,Type_11,Morning,103.0,2024-10-27 02:43:07
8262,11,M05939,Type_10,Morning,108.6,2024-10-27 03:40:47
8263,1,M02748,Type_12,Night,80.0,2024-10-27 05:05:21
8264,9,M04678,Type_07,Morning,125.3,2024-10-27 06:38:18
8265,7,M07973,Type_12,Night,100.4,2024-10-27 08:09:24
8266,21,M04265,Type_16,Morning,80.0,2024-10-27 08:27:50
8267,22,M03134,Type_22,Afternoon,109.5,2024-10-27 08:36:59
8268,3,M01466,Type_20,Morning,95.2,2024-10-27 08:54:54
8269,9,M04110,Type_14,Afternoon,143.8,2024-10-27 09:13:22
8270,2,M02212,Type_02,Afternoon,98.3,2024-10-27 10:15:08
8271,10,M05540,Type_08,Morning,88.0,2024-10-27 10:40:18
8272,17,M09736,Type_17,Morning,120.2,2024-10-27 11:07:33
8273,1,M01690,Type_11,Morning,96.8,2024-10-27 11:47:17
8274,18,M09764,Type_22,Afternoon,94.4,2024-10-27 11:54:19
8275,6,M07728,Type_05,Afternoon,120.2,2024-10-27 12:16:16
8276,6,M07765,Type_19,Afternoon,89.2,2024-10-27 12:43:07
8277,9,M04542,Type_03,Afternoon,80.9,2024-10-27 12:43:49
8278,10,M03542,Type_15,Afternoon,144.5,2024-10-27 13:57:50
8279,15,M00819,Type_08,Morning,121.6,2024-10-27 14:06:02
8280,4,M04522,Type_06,Morning,104.7,2024-10-27 14:18:42
8281,8,M01125,Type_24,Morning,109.9,2024-10-27 14:20:47
8282,4,M05661,Type_08,Night,120.1,2024-10-27 14:48:44
8283,3,M05642,Type_21,Night,129.5,2024-10-27 15:50:25
8284,4,M01130,Type_16,Morning,94.9,2024-10-27 16:04:55
8285,1,M01703,Type_19,Afternoon,117.3,2024-10-27 16:11:21
8286,9,M02002,Type_04,Night,99.9,2024-10-27 19:09:08
8287,11,M06913,Type_16,Afternoon,106.2,2024-10-27 20:04:02
8288,21,M03879,Type_11,Morning,113.2,2024-10-27 20:28:52
8289,23,M07233,Type_09,Morning,109.9,2024-10-27 20:46:19
8290,19,M09999,Type_02,Afternoon,124.7,2024-10-27 22:43:49
8291,21,M06332,Type_06,Night,119.7,2024-10-27 23:54:32
8292,20,M06036,Type_22,Afternoon,80.0,2024-10-28 00:12:11
8293,7,M06524,Type_13,Morning,82.8,2024-10-28 01:21:52
8294,5,M08112,Type_03,Morning,102.6,2024-10-28 03:11:53
8295,2,M08737,Type_13,Night,146.6,2024-10-28 03:17:31
8296,19,M02402,Type_18,Night,93.0,2024-10-28 03:36:18
8297,24,M09482,Type_19,Afternoon,105.8,2024-10-28 03:47:04
8298,3,M08975,Type_14,Afternoon,99.3,2024-10-28 05:22:26
8299,15,M00540,Type_25,Morning,98.9,2024-10-28 05:24:06
8300,7,M05616,Type_09,Night,113.6,2024-10-28 06:09:19
8301,5,M02957,Type_09,Night,138.0,2024-10-28 07:11:16
8302,23,M08078,Type_14,Morning,119.1,2024-10-28 07:27:45
8303,10,M03723,Type_02,Afternoon,93.9,2024-10-28 07:28:35
8304,9,M05088,Type_25,Morning,160.0,2024-10-28 07:50:42
8305,23,M06461,Type_20,Morning,111.6,2024-10-28 07:53:46
8306,14,M02171,Type_15,Morning,98.5,2024-10-28 08:49:31
8307,22,M03392,Type_25,Morning,138.2,2024-10-28 10:34:08
8308,13,M06943,Type_08,Morning,100.6,2024-10-28 11:00:34
8309,1,M01617,Type_15,Afternoon,143.3,2024-10-28 11:35:42
8310,16,M09109,Type_08,Afternoon,92.6,2024-10-28 12:09:31
8311,20,M06459,Type_13,Afternoon,138.6,2024-10-28 13:17:51
8312,8,M02757,Type_23,Morning,114.0,2024-10-28 13:47:03
8313,17,M06854,Type_06,Morning,135.8,2024-10-28 13:50:58
8314,6,M07710,Type_11,Afternoon,148.0,2024-10-28 15:09:28
8315,2,M01937,Type_22,Morning,87.3,2024-10-28 15:10:12
8316,13,M03092,Type_14,Morning,135.5,2024-10-28 15:26:20
8317,25,M00969,Type_16,Night,81.8,2024-10-28 15:52:28
8318,8,M07298,Type_02,Afternoon,89.1,2024-10-28 17:37:38
8319,25,M03204,Type_14,Night,93.9,2024-10-28 18:31:49
8320,9,M06500,Type_17,Afternoon,120.1,2024-10-28 18:32:21
8321,13,M05174,Type_21,Morning,110.7,2024-10-28 19:20:16
8322,18,M00890,Type_20,Afternoon,106.7,2024-10-28 22:31:44
8323,18,M08985,Type_01,Morning,112.9,2024-10-28 23:14:33
8324,9,M09174,Type_01,Afternoon,121.8,2024-10-28 23:41:19
8325,2,M07383,Type_14,Morning,123.4,2024-10-29 00:14:16
8326,4,M03532,Type_06,Night,131.9,2024-10-29 02:05:56
8327,18,M00802,Type_12,Morning,146.4,2024-10-29 02:08:55
8328,17,M08235,Type_14,Night,109.6,2024-10-29 02:26:42
8329,12,M03350,Type_19,Night,99.6,2024-10-29 02:53:54
8330,16,M08006,Type_02,Afternoon,122.3,2024-10-29 04:43:01
8331,13,M09970,Type_19,Afternoon,87.1,2024-10-29 04:51:22
8332,11,M03202,Type_05,Afternoon,96.4,2024-10-29 05:37:49
8333,14,M00350,Type_14,Night,130.0,2024-10-29 07:51:52
8334,10,M09760,Type_11,Afternoon,107.5,2024-10-29 09:24:04
8335,23,M09322,Type_10,Night,85.8,2024-10-29 10:38:01
8336,21,M09973,Type_03,Afternoon,80.2,2024-10-29 10:41:18
8337,19,M00584,Type_22,Night,111.0,2024-10-29 11:02:08
8338,24,M03378,Type_04,Afternoon,132.8,2024-10-29 12:05:14
8339,21,M06029,Type_14,Afternoon,132.6,2024-10-29 12:58:58
8340,17,M07695,Type_23,Night,112.2,2024-10-29 13:12:36
8341,9,M06197,Type_25,Night,150.2,2024-10-29 13:17:03
8342,14,M07084,Type_18,Afternoon,107.9,2024-10-29 14:05:46
8343,5,M03402,Type_08,Morning,107.2,2024-10-29 15:40:52
8344,3,M03186,Type_05,Afternoon,80.0,2024-10-29 17:24:40
8345,22,M05286,Type_04,Night,101.1,2024-10-29 17:33:07
8346,8,M09355,Type_17,Night,127.0,2024-10-29 18:58:54
8347,18,M06773,Type_06,Night,141.3,2024-10-29 20:40:20
8348,3,M08491,Type_09,Morning,93.4,2024-10-29 21:11:54
8349,23,M03348,Type_20,Afternoon,119.2,2024-10-29 21:30:16
8350,2,M00789,Type_20,Afternoon,130.9,2024-10-29 22:33:50
8351,11,M04946,Type_09,Night,110.2,2024-10-29 22:37:07
8352,5,M02890,Type_20,Morning,80.0,2024-10-30 00:58:39
8353,25,M09570,Type_05,Night,114.9,2024-10-30 02:42:09
8354,7,M05274,Type_12,Afternoon,125.2,2024-10-30 03:41:57
8355,14,M03273,Type_16,Morning,91.1,2024-10-30 03:45:41
8356,19,M09070,Type_08,Morning,104.9,2024-10-30 03:57:03
8357,2,M05235,Type_10,Morning,86.9,2024-10-30 04:32:30
8358,9,M09770,Type_18,Afternoon,80.0,2024-10-30 05:23:50
8359,25,M06903,Type_03,Morning,130.5,2024-10-30 07:52:41
8360,25,M07613,Type_04,Morning,109.9,2024-10-30 08:53:35
8361,10,M02493,Type_12,Night,142.0,2024-10-30 09:15:49
8362,19,M06746,Type_23,Morning,127.1,2024-10-30 10:51:57
8363,17,M09575,Type_18,Morning,102.9,2024-10-30 11:01:56
8364,25,M04241,Type_04,Afternoon,108.3,2024-10-30 13:48:58
8365,7,M02323,Type_10,Afternoon,121.3,2024-10-30 14:27:38
8366,18,M05299,Type_03,Night,129.3,2024-10-30 14:41:56
8367,6,M01862,Type_06,Afternoon,116.5,2024-10-30 14:54:27
8368,9,M06621,Type_23,Night,132.1,2024-10-30 14:55:08
8369,8,M04048,Type_20,Afternoon,104.1,2024-10-30 15:11:02
8370,22,M07582,Type_25,Morning,90.1,2024-10-30 15:49:56
8371,22,M07321,Type_25,Morning,108.7,2024-10-30 16:16:49
8372,24,M01099,Type_22,Afternoon,114.1,2024-10-30 17:33:28
8373,9,M05248,Type_22,Morning,86.0,2024-10-30 17:44:35
8374,24,M01735,Type_11,Afternoon,83.3,2024-10-30 18:33:24
8375,1,M04664,Type_23,Afternoon,118.9,2024-10-30 21:47:31
8376,2,M05910,Type_07,Morning,101.9,2024-10-30 22:17:34
8377,22,M03417,Type_06,Morning,106.7,2024-10-31 00:16:15
8378,24,M06303,Type_22,Morning,102.8,2024-10-31 00:35:41
8379,4,M07594,Type_21,Afternoon,140.4,2024-10-31 01:58:32
8380,20,M00681,Type_07,Afternoon,135.2,2024-10-31 02:05:04
8381,18,M08164,Type_15,Afternoon,85.3,2024-10-31 02:08:55
8382,10,M02071,Type_03,Morning,99.3,2024-10-31 02:17:10
8383,1,M06669,Type_15,Afternoon,127.0,2024-10-31 02:31:33
8384,10,M08002,Type_03,Night,122.0,2024-10-31 02:34:07
8385,9,M09922,Type_14,Morning,109.2,2024-10-31 05:01:49
8386,23,M02192,Type_08,Afternoon,87.2,2024-10-31 06:04:31
8387,25,M08860,Type_25,Night,96.3,2024-10-31 06:11:14
8388,13,M09805,Type_17,Morning,99.7,2024-10-31 06:19:04
8389,15,M07587,Type_05,Afternoon,115.5,2024-10-31 07:31:21
8390,18,M08873,Type_25,Morning,144.1,2024-10-31 07:37:41
8391,13,M09165,Type_01,Afternoon,96.3,2024-10-31 08:18:27
8392,5,M02847,Type_25,Morning,89.5,2024-10-31 08:36:09
8393,2,M02464,Type_16,Night,107.8,2024-10-31 08:44:22
8394,7,M06838,Type_03,Afternoon,130.6,2024-10-31 11:17:02
8395,9,M04923,Type_15,Night,81.1,2024-10-31 11:58:42
8396,19,M04393,Type_07,Afternoon,139.1,2024-10-31 13:12:36
8397,14,M03184,Type_22,Afternoon,106.6,2024-10-31 15:42:27
8398,17,M03168,Type_12,Afternoon,95.3,2024-10-31 16:36:02
8399,20,M02998,Type_03,Night,80.0,2024-10-31 17:05:45
8400,20,M06522,Type_02,Night,124.1,2024-10-31 17:19:14
8401,11,M03228,Type_09,Afternoon,106.6,2024-10-31 18:09:04
8402,22,M06565,Type_10,Night,113.4,2024-10-31 18:34:48
8403,5,M09921,Type_15,Afternoon,92.0,2024-10-31 19:40:33
8404,12,M02025,Type_18,Afternoon,103.6,2024-10-31 20:16:28
8405,21,M00330,Type_02,Afternoon,100.3,2024-10-31 20:58:48
8406,9,M02487,Type_08,Morning,108.0,2024-10-31 21:19:34
8407,17,M01156,Type_05,Morning,96.6,2024-10-31 22:40:05
8408,8,M04478,Type_09,Morning,80.0,2024-11-01 01:19:37
8409,24,M02186,Type_11,Afternoon,160.0,2024-11-01 01:32:45
8410,8,M07087,Type_09,Morning,82.7,2024-11-01 03:14:37
8411,12,M02318,Type_17,Afternoon,113.6,2024-11-01 07:27:15
8412,19,M03622,Type_08,Night,80.0,2024-11-01 08:14:17
8413,10,M04492,Type_10,Morning,80.0,2024-11-01 08:34:12
8414,24,M02512,Type_11,Afternoon,112.0,2024-11-01 10:43:21
8415,2,M07843,Type_05,Morning,113.5,2024-11-01 12:10:40
8416,24,M08642,Type_11,Morning,135.2,2024-11-01 12:25:08
8417,8,M09547,Type_24,Night,118.0,2024-11-01 12:48:19
8418,14,M07849,Type_17,Afternoon,107.0,2024-11-01 13:12:22
8419,19,M05405,Type_08,Night,91.0,2024-11-01 13:16:32
8420,4,M05394,Type_20,Morning,140.0,2024-11-01 13:42:02
8421,9,M01294,Type_24,Afternoon,128.6,2024-11-01 15:44:38
8422,13,M02466,Type_09,Morning,85.1,2024-11-01 16:39:19
8423,9,M03176,Type_25,Morning,110.8,2024-11-01 16:48:07
8424,13,M07850,Type_03,Morning,112.9,2024-11-01 19:58:17
8425,25,M09426,Type_15,Morning,103.1,2024-11-01 20:57:29
8426,16,M09630,Type_20,Morning,125.4,2024-11-01 21:31:56
8427,22,M08445,Type_12,Morning,126.6,2024-11-01 21:43:08
8428,1,M08211,Type_15,Night,106.2,2024-11-01 22:37:57
8429,8,M02760,Type_17,Morning,104.4,2024-11-01 23:20:00
8430,9,M05256,Type_13,Morning,140.0,2024-11-02 02:12:26
8431,24,M08415,Type_12,Morning,128.7,2024-11-02 04:08:26
8432,13,M00003,Type_07,Afternoon,111.4,2024-11-02 07:24:09
8433,17,M08131,Type_02,Morning,80.0,2024-11-02 09:57:12
8434,22,M01260,Type_10,Night,116.9,2024-11-02 10:59:05
8435,25,M08191,Type_02,Night,124.0,2024-11-02 11:52:06
8436,9,M04324,Type_20,Morning,80.0,2024-11-02 13:56:45
8437,7,M05774,Type_04,Afternoon,115.0,2024-11-02 14:05:15
8438,23,M02569,Type_02,Morning,101.7,2024-11-02 14:22:06
8439,20,M01886,Type_19,Afternoon,105.6,2024-11-02 14:33:26
8440,23,M07061,Type_20,Afternoon,91.9,2024-11-02 15:53:24
8441,10,M07845,Type_12,Morning,107.0,2024-11-02 18:26:18
8442,21,M06112,Type_13,Morning,137.8,2024-11-02 19:04:25
8443,5,M09492,Type_12,Afternoon,101.1,2024-11-02 19:11:04
8444,17,M02339,Type_06,Afternoon,129.3,2024-11-02 19:48:02
8445,2,M09269,Type_15,Morning,93.9,2024-11-02 20:37:57
8446,9,M03759,Type_24,Afternoon,125.2,2024-11-02 21:14:23
8447,2,M04811,Type_02,Afternoon,110.0,2024-11-02 21:16:48
8448,10,M09140,Type_07,Night,117.0,2024-11-02 22:09:24
8449,12,M06792,Type_17,Morning,110.1,2024-11-02 23:05:00
8450,2,M07172,Type_25,Night,122.8,2024-11-02 23:32:12
8451,15,M02732,Type_19,Afternoon,80.0,2024-11-02 23:56:35
8452,25,M00870,Type_16,Morning,81.6,2024-11-03 02:04:33
8453,3,M05167,Type_13,Afternoon,118.3,2024-11-03 02:12:52
8454,2,M00094,Type_08,Afternoon,80.0,2024-11-03 02:23:45
8455,7,M02988,Type_07,Night,99.4,2024-11-03 03:02:46
8456,9,M09968,Type_02,Morning,108.9,2024-11-03 03:37:48
8457,11,M08628,Type_25,Afternoon,93.4,2024-11-03 03:44:30
8458,22,M04948,Type_04,Morning,96.2,2024-11-03 04:25:34
8459,16,M06652,Type_09,Night,115.4,2024-11-03 06:03:08
8460,7,M06980,Type_25,Morning,130.2,2024-11-03 06:19:40
8461,13,M06795,Type_20,Night,90.8,2024-11-03 07:29:30
8462,3,M06525,Type_08,Night,98.5,2024-11-03 08:08:46
8463,11,M03145,Type_17,Morning,95.4,2024-11-03 08:55:10
8464,3,M03588,Type_10,Night,80.0,2024-11-03 09:22:00
8465,15,M00077,Type_01,Night,112.8,2024-11-03 10:37:05
8466,8,M09008,Type_04,Morning,128.7,2024-11-03 11:07:21
8467,7,M08960,Type_09,Afternoon,130.3,2024-11-03 12:40:01
8468,5,M06554,Type_14,Afternoon,92.6,2024-11-03 14:16:09
8469,6,M08298,Type_09,Morning,85.0,2024-11-03 14:45:57
8470,25,M06695,Type_14,Morning,110.4,2024-11-03 15:59:53
8471,19,M02874,Type_06,Morning,126.6,2024-11-03 17:28:42
8472,3,M03347,Type_17,Morning,113.1,2024-11-03 17:56:24
8473,11,M07025,Type_18,Afternoon,115.8,2024-11-03 19:47:46
8474,6,M03149,Type_13,Morning,132.8,2024-11-03 23:22:56
8475,24,M09658,Type_09,Night,95.2,2024-11-03 23:38:14
8476,21,M00245,Type_09,Afternoon,105.6,2024-11-03 23:48:57
8477,14,M02626,Type_12,Morning,142.7,2024-11-03 23:55:30
8478,17,M03850,Type_25,Afternoon,106.1,2024-11-04 01:33:04
8479,3,M09598,Type_06,Afternoon,84.7,2024-11-04 01:46:02
8480,24,M09174,Type_01,Night,96.6,2024-11-04 03:13:21
8481,4,M07738,Type_15,Morning,91.2,2024-11-04 04:07:41
8482,9,M08334,Type_14,Morning,117.1,2024-11-04 04:16:28
8483,13,M00893,Type_19,Night,92.1,2024-11-04 05:00:00
8484,6,M05488,Type_18,Night,115.4,2024-11-04 05:35:28
8485,10,M07252,Type_08,Afternoon,95.3,2024-11-04 05:52:43
8486,20,M07311,Type_24,Night,80.0,2024-11-04 06:35:55
8487,20,M02400,Type_01,Morning,116.1,2024-11-04 07:22:08
8488,21,M04641,Type_25,Afternoon,113.0,2024-11-04 08:16:42
8489,13,M02961,Type_14,Morning,120.4,2024-11-04 08:28:09
8490,23,M07326,Type_15,Morning,96.5,2024-11-04 08:41:02
8491,14,M01470,Type_15,Night,94.4,2024-11-04 09:01:02
8492,12,M03375,Type_20,Morning,118.0,2024-11-04 09:53:30
8493,23,M08848,Type_12,Afternoon,140.4,2024-11-04 10:46:03
8494,13,M08235,Type_14,Night,110.2,2024-11-04 13:05:09
8495,10,M07924,Type_08,Morning,118.5,2024-11-04 13:40:06
8496,7,M05123,Type_21,Night,103.6,2024-11-04 13:49:19
8497,5,M09853,Type_07,Night,80.0,2024-11-04 14:05:25
8498,12,M05388,Type_09,Afternoon,129.3,2024-11-04 14:33:07
8499,25,M07632,Type_04,Morning,128.2,2024-11-04 16:59:03
8500,2,M07227,Type_18,Morning,124.2,2024-11-04 17:41:16
8501,8,M05109,Type_03,Afternoon,106.4,2024-11-04 18:07:53
8502,8,M02225,Type_14,Morning,121.9,2024-11-04 19:20:59
8503,19,M02111,Type_23,Morning,127.9,2024-11-04 19:32:35
8504,5,M00958,Type_17,Night,142.4,2024-11-04 19:39:03
8505,8,M07147,Type_21,Morning,129.8,2024-11-04 19:52:21
8506,10,M00561,Type_19,Afternoon,111.3,2024-11-04 19:57:51
8507,13,M09523,Type_09,Morning,83.8,2024-11-04 20:18:27
8508,9,M07414,Type_20,Afternoon,113.1,2024-11-04 23:02:21
8509,7,M01313,Type_11,Night,115.1,2024-11-04 23:38:36
8510,20,M01822,Type_21,Morning,124.2,2024-11-05 00:07:06
8511,20,M05647,Type_01,Morning,137.1,2024-11-05 01:21:25
8512,19,M04946,Type_09,Afternoon,108.1,2024-11-05 02:10:33
8513,11,M05375,Type_25,Afternoon,152.0,2024-11-05 03:28:48
8514,8,M02652,Type_08,Afternoon,80.0,2024-11-05 04:47:23
8515,22,M09934,Type_21,Morning,118.4,2024-11-05 05:19:58
8516,16,M04702,Type_18,Morning,94.0,2024-11-05 05:29:32
8517,10,M02878,Type_09,Night,80.0,2024-11-05 05:30:34
8518,6,M05583,Type_24,Night,106.0,2024-11-05 05:56:39
8519,10,M05391,Type_06,Afternoon,80.9,2024-11-05 06:43:25
8520,10,M04084,Type_11,Night,106.8,2024-11-05 07:43:43
8521,25,M00746,Type_08,Afternoon,110.7,2024-11-05 10:11:36
8522,19,M08750,Type_13,Afternoon,132.4,2024-11-05 10:41:55
8523,4,M00942,Type_03,Morning,80.0,2024-11-05 11:14:23
8524,19,M04024,Type_21,Afternoon,128.2,2024-11-05 11:38:00
8525,3,M02297,Type_03,Afternoon,112.0,2024-11-05 12:05:00
8526,17,M00940,Type_09,Morning,130.6,2024-11-05 12:14:53
8527,14,M01611,Type_01,Afternoon,101.4,2024-11-05 12:19:12
8528,10,M06301,Type_21,Night,83.4,2024-11-05 13:16:54
8529,6,M01726,Type_06,Afternoon,85.7,2024-11-05 13:34:35
8530,16,M09177,Type_02,Afternoon,84.2,2024-11-05 15:00:02
8531,9,M09780,Type_03,Night,119.6,2024-11-05 16:02:20
8532,21,M09529,Type_05,Morning,139.5,2024-11-05 16:35:46
8533,12,M08854,Type_12,Afternoon,98.7,2024-11-05 16:40:52
8534,12,M07188,Type_14,Night,122.6,2024-11-05 16:52:04
8535,14,M00033,Type_19,Afternoon,80.0,2024-11-05 16:55:31
8536,2,M05986,Type_09,Morning,113.6,2024-11-05 18:22:12
8537,10,M03415,Type_11,Morning,123.4,2024-11-05 19:22:15
8538,4,M01157,Type_06,Night,81.0,2024-11-05 19:37:47
8539,6,M03127,Type_17,Afternoon,105.9,2024-11-05 21:19:19
8540,23,M08253,Type_18,Night,124.3,2024-11-05 21:23:10
8541,13,M01544,Type_05,Afternoon,80.0,2024-11-05 21:46:17
8542,23,M00272,Type_25,Afternoon,136.7,2024-11-05 22:05:45
8543,14,M05296,Type_12,Night,117.1,2024-11-05 22:41:30
8544,4,M04077,Type_06,Afternoon,124.3,2024-11-05 23:49:15
8545,10,M05903,Type_01,Morning,101.7,2024-11-06 00:01:47
8546,10,M02710,Type_13,Afternoon,80.0,2024-11-06 02:22:51
8547,5,M09347,Type_01,Night,120.7,2024-11-06 04:05:32
8548,4,M05222,Type_02,Morning,108.3,2024-11-06 04:44:20
8549,12,M09938,Type_06,Morning,110.6,2024-11-06 04:47:38
8550,22,M08530,Type_07,Morning,131.8,2024-11-06 05:46:10
8551,14,M06723,Type_13,Night,125.2,2024-11-06 08:38:26
8552,7,M08202,Type_11,Morning,148.4,2024-11-06 10:01:30
8553,2,M04145,Type_18,Afternoon,113.1,2024-11-06 12:05:41
8554,14,M05607,Type_03,Afternoon,96.2,2024-11-06 12:49:57
8555,10,M06767,Type_18,Afternoon,106.2,2024-11-06 14:34:20
8556,16,M00731,Type_09,Afternoon,118.3,2024-11-06 14:56:46
8557,3,M04891,Type_17,Morning,130.3,2024-11-06 14:58:07
8558,8,M01649,Type_20,Afternoon,80.7,2024-11-06 16:48:54
8559,23,M04229,Type_07,Night,110.2,2024-11-06 17:25:21
8560,17,M02131,Type_05,Night,142.2,2024-11-06 22:41:23
8561,4,M04367,Type_04,Morning,105.2,2024-11-06 22:45:54
8562,21,M01507,Type_13,Night,128.6,2024-11-06 23:02:36
8563,19,M02159,Type_21,Afternoon,119.9,2024-11-07 01:30:18
8564,15,M02917,Type_20,Night,129.1,2024-11-07 06:18:30
8565,20,M03230,Type_07,Afternoon,93.8,2024-11-07 07:37:34
8566,10,M09859,Type_22,Afternoon,93.9,2024-11-07 07:40:10
8567,10,M06266,Type_05,Night,110.4,2024-11-07 10:26:26
8568,23,M04137,Type_01,Night,80.0,2024-11-07 11:34:51
8569,24,M02690,Type_21,Afternoon,104.6,2024-11-07 12:14:13
8570,12,M07191,Type_04,Morning,115.1,2024-11-07 13:59:56
8571,9,M02811,Type_06,Morning,145.7,2024-11-07 14:19:55
8572,15,M06153,Type_16,Morning,118.1,2024-11-07 14:31:34
8573,18,M00013,Type_12,Morning,122.5,2024-11-07 14:42:49
8574,20,M05939,Type_10,Morning,133.3,2024-11-07 14:44:26
8575,1,M08000,Type_02,Night,90.7,2024-11-07 15:43:19
8576,3,M07220,Type_12,Morning,106.7,2024-11-07 17:17:17
8577,8,M05329,Type_05,Afternoon,158.5,2024-11-07 18:16:55
8578,7,M03622,Type_08,Morning,108.4,2024-11-07 18:17:34
8579,15,M03684,Type_09,Morning,132.3,2024-11-07 19:22:11
8580,8,M07873,Type_17,Morning,129.3,2024-11-07 19:39:25
8581,15,M05311,Type_16,Morning,80.4,2024-11-07 21:03:35
8582,22,M00653,Type_18,Night,116.2,2024-11-07 21:30:54
8583,5,M05800,Type_24,Night,112.9,2024-11-07 22:02:23
8584,12,M08813,Type_12,Morning,116.6,2024-11-07 22:54:43
8585,12,M03791,Type_01,Afternoon,94.9,2024-11-08 01:14:00
8586,9,M01646,Type_08,Afternoon,87.7,2024-11-08 02:25:31
8587,21,M04513,Type_21,Night,100.5,2024-11-08 03:11:34
8588,9,M04760,Type_05,Night,108.0,2024-11-08 03:42:15
8589,15,M05875,Type_09,Afternoon,133.7,2024-11-08 04:06:31
8590,15,M03689,Type_05,Afternoon,146.3,2024-11-08 05:38:12
8591,20,M07690,Type_08,Night,137.9,2024-11-08 07:47:10
8592,12,M01380,Type_22,Morning,127.2,2024-11-08 07:49:30
8593,5,M04244,Type_10,Afternoon,89.9,2024-11-08 10:48:38
8594,1,M09581,Type_14,Night,101.8,2024-11-08 10:56:40
8595,22,M06508,Type_16,Afternoon,114.2,2024-11-08 12:42:42
8596,19,M07820,Type_20,Afternoon,97.4,2024-11-08 13:31:22
8597,11,M08594,Type_10,Afternoon,121.5,2024-11-08 13:34:33
8598,18,M02654,Type_05,Morning,124.4,2024-11-08 14:50:39
8599,6,M05612,Type_19,Afternoon,120.7,2024-11-08 15:36:07
8600,17,M06128,Type_17,Afternoon,130.5,2024-11-08 15:46:16
8601,14,M03924,Type_12,Afternoon,91.9,2024-11-08 16:30:04
8602,12,M08460,Type_04,Afternoon,128.7,2024-11-08 16:43:03
8603,25,M05913,Type_18,Night,96.1,2024-11-08 17:08:54
8604,5,M05131,Type_01,Morning,91.2,2024-11-08 18:08:11
8605,7,M05440,Type_22,Afternoon,120.6,2024-11-08 20:08:29
8606,16,M07881,Type_02,Afternoon,134.3,2024-11-08 20:25:08
8607,25,M06450,Type_23,Afternoon,119.8,2024-11-08 23:09:40
8608,9,M01726,Type_06,Morning,110.4,2024-11-08 23:12:09
8609,23,M09305,Type_08,Afternoon,116.2,2024-11-08 23:29:19
8610,15,M07523,Type_18,Night,112.7,2024-11-09 00:14:16
8611,4,M04785,Type_05,Afternoon,87.5,2024-11-09 01:12:33
8612,20,M09473,Type_04,Night,85.1,2024-11-09 01:15:37
8613,23,M01233,Type_19,Night,108.4,2024-11-09 02:18:04
8614,24,M08809,Type_09,Morning,111.6,2024-11-09 02:21:37
8615,7,M08339,Type_15,Morning,110.2,2024-11-09 03:33:12
8616,14,M07447,Type_23,Night,123.5,2024-11-09 05:11:43
8617,4,M04617,Type_10,Night,105.7,2024-11-09 05:53:46
8618,4,M04726,Type_22,Morning,121.3,2024-11-09 06:07:12
8619,24,M03678,Type_12,Morning,107.1,2024-11-09 07:00:39
8620,14,M06288,Type_11,Morning,146.5,2024-11-09 08:41:49
8621,25,M08481,Type_14,Night,111.6,2024-11-09 08:41:59
8622,7,M01410,Type_23,Morning,156.8,2024-11-09 09:20:35
8623,15,M08206,Type_02,Afternoon,117.0,2024-11-09 09:30:58
8624,12,M00257,Type_05,Night,105.7,2024-11-09 10:42:46
8625,14,M01722,Type_11,Morning,92.0,2024-11-09 10:48:06
8626,13,M01424,Type_25,Afternoon,81.1,2024-11-09 10:53:20
8627,19,M04954,Type_02,Morning,90.2,2024-11-09 12:47:26
8628,12,M02991,Type_11,Night,92.4,2024-11-09 12:51:03
8629,16,M01196,Type_07,Morning,117.9,2024-11-09 13:08:44
8630,16,M04560,Type_09,Afternoon,99.5,2024-11-09 13:09:08
8631,1,M04366,Type_05,Afternoon,113.7,2024-11-09 16:44:52
8632,15,M01245,Type_25,Morning,135.6,2024-11-09 17:32:32
8633,5,M06767,Type_18,Morning,108.2,2024-11-09 19:01:34
8634,6,M05303,Type_25,Afternoon,151.6,2024-11-09 19:41:29
8635,25,M01307,Type_20,Morning,86.5,2024-11-09 21:45:38
8636,21,M02403,Type_07,Night,107.0,2024-11-09 21:47:25
8637,17,M00497,Type_07,Night,99.2,2024-11-09 21:52:11
8638,11,M03400,Type_19,Afternoon,128.7,2024-11-09 23:02:50
8639,4,M00910,Type_18,Afternoon,80.0,2024-11-10 01:34:02
8640,18,M00373,Type_15,Afternoon,81.1,2024-11-10 03:19:04
8641,20,M06237,Type_07,Night,107.9,2024-11-10 03:59:09
8642,14,M01345,Type_05,Afternoon,141.0,2024-11-10 04:51:29
8643,23,M08516,Type_09,Morning,114.5,2024-11-10 05:40:21
8644,9,M02432,Type_23,Morning,83.0,2024-11-10 06:19:01
8645,3,M04671,Type_18,Afternoon,86.1,2024-11-10 07:00:58
8646,3,M02785,Type_16,Afternoon,143.5,2024-11-10 07:39:05
8647,11,M09408,Type_03,Afternoon,97.6,2024-11-10 08:02:55
8648,20,M01696,Type_19,Morning,91.1,2024-11-10 10:28:13
8649,23,M01908,Type_25,Afternoon,139.5,2024-11-10 10:52:20
8650,22,M04815,Type_01,Morning,130.2,2024-11-10 10:55:35
8651,5,M00781,Type_16,Morning,135.5,2024-11-10 11:56:18
8652,4,M01020,Type_15,Afternoon,91.0,2024-11-10 12:50:53
8653,12,M01404,Type_13,Morning,80.0,2024-11-10 13:58:17
8654,24,M01427,Type_22,Afternoon,112.7,2024-11-10 14:10:22
8655,12,M08856,Type_17,Morning,116.7,2024-11-10 16:59:20
8656,4,M05869,Type_01,Afternoon,117.3,2024-11-10 17:03:56
8657,3,M00011,Type_23,Afternoon,139.6,2024-11-10 18:30:26
8658,23,M06331,Type_19,Morning,80.0,2024-11-10 18:35:22
8659,2,M09231,Type_16,Morning,127.2,2024-11-10 19:05:18
8660,4,M02826,Type_10,Night,88.1,2024-11-10 19:52:02
8661,24,M07465,Type_01,Afternoon,127.1,2024-11-10 21:42:29
8662,4,M03004,Type_25,Afternoon,100.5,2024-11-10 22:56:14
8663,7,M09268,Type_10,Morning,93.7,2024-11-11 00:28:48
8664,2,M07196,Type_25,Afternoon,97.8,2024-11-11 00:32:49
8665,11,M06721,Type_14,Afternoon,81.1,2024-11-11 01:17:16
8666,5,M03089,Type_05,Afternoon,110.8,2024-11-11 02:55:06
8667,13,M01790,Type_23,Afternoon,94.5,2024-11-11 03:52:33
8668,4,M03037,Type_02,Morning,125.7,2024-11-11 04:09:47
8669,9,M07378,Type_21,Morning,122.8,2024-11-11 06:05:06
8670,7,M07599,Type_01,Night,143.8,2024-11-11 06:22:19
8671,25,M04839,Type_01,Night,117.3,2024-11-11 06:26:57
8672,13,M05873,Type_03,Morning,120.4,2024-11-11 07:18:35
8673,10,M03654,Type_25,Afternoon,138.0,2024-11-11 07:37:34
8674,7,M04300,Type_11,Morning,97.4,2024-11-11 08:12:29
8675,18,M09269,Type_15,Morning,80.2,2024-11-11 08:49:57
8676,18,M00974,Type_19,Morning,114.0,2024-11-11 09:05:53
8677,2,M07084,Type_18,Morning,81.5,2024-11-11 09:42:02
8678,21,M05495,Type_05,Afternoon,159.1,2024-11-11 10:08:06
8679,1,M09492,Type_12,Afternoon,139.1,2024-11-11 12:34:00
8680,13,M03407,Type_22,Morning,153.3,2024-11-11 12:35:57
8681,23,M05151,Type_24,Morning,111.2,2024-11-11 15:57:03
8682,2,M09351,Type_10,Night,121.0,2024-11-11 16:16:40
8683,4,M03130,Type_11,Morning,100.8,2024-11-11 17:07:54
8684,9,M00105,Type_17,Afternoon,127.7,2024-11-11 17:59:40
8685,8,M07434,Type_25,Morning,85.7,2024-11-11 18:34:18
8686,18,M07690,Type_08,Afternoon,80.0,2024-11-11 19:14:49
8687,16,M03568,Type_23,Morning,94.2,2024-11-11 20:57:40
8688,4,M04349,Type_08,Morning,80.9,2024-11-12 00:15:24
8689,4,M04391,Type_01,Morning,139.6,2024-11-12 00:38:46
8690,18,M06812,Type_16,Morning,146.3,2024-11-12 01:04:52
8691,2,M01182,Type_09,Afternoon,81.9,2024-11-12 01:16:17
8692,21,M04645,Type_02,Afternoon,135.8,2024-11-12 02:23:24
8693,11,M05874,Type_16,Morning,129.0,2024-11-12 02:32:33
8694,20,M04395,Type_16,Morning,80.0,2024-11-12 04:21:19
8695,24,M03535,Type_05,Afternoon,102.2,2024-11-12 04:55:23
8696,4,M05845,Type_09,Afternoon,98.4,2024-11-12 05:14:13
8697,24,M05940,Type_03,Night,125.0,2024-11-12 05:38:18
8698,14,M06476,Type_11,Afternoon,85.4,2024-11-12 06:00:31
8699,21,M01775,Type_03,Afternoon,108.0,2024-11-12 06:13:00
8700,17,M08284,Type_01,Afternoon,96.3,2024-11-12 06:13:51
8701,25,M00447,Type_15,Night,119.5,2024-11-12 06:46:05
8702,8,M00109,Type_09,Night,105.7,2024-11-12 06:47:40
8703,1,M03240,Type_13,Morning,99.3,2024-11-12 08:30:57
8704,19,M05932,Type_04,Morning,105.7,2024-11-12 09:23:17
8705,19,M04054,Type_05,Morning,150.7,2024-11-12 10:03:38
8706,21,M04538,Type_18,Afternoon,101.7,2024-11-12 12:55:16
8707,7,M06362,Type_22,Afternoon,89.2,2024-11-12 13:17:51
8708,1,M01246,Type_10,Afternoon,121.7,2024-11-12 13:39:49
8709,1,M02721,Type_20,Morning,107.1,2024-11-12 13:56:58
8710,10,M08470,Type_16,Afternoon,81.7,2024-11-12 15:04:51
8711,13,M07742,Type_01,Night,154.6,2024-11-12 15:19:00
8712,22,M05106,Type_23,Morning,103.0,2024-11-12 15:32:19
8713,5,M02923,Type_11,Afternoon,102.4,2024-11-12 15:52:00
8714,12,M02514,Type_25,Afternoon,113.2,2024-11-12 16:20:02
8715,3,M09031,Type_09,Night,144.6,2024-11-12 17:36:49
8716,19,M02802,Type_14,Night,80.0,2024-11-12 19:51:19
8717,4,M06982,Type_13,Afternoon,115.5,2024-11-12 21:31:25
8718,15,M08222,Type_12,Afternoon,151.7,2024-11-12 22:02:12
8719,13,M06503,Type_10,Night,112.6,2024-11-12 23:14:43
8720,11,M06039,Type_15,Afternoon,85.3,2024-11-12 23:20:15
8721,2,M06230,Type_23,Morning,97.6,2024-11-12 23:40:24
8722,9,M09450,Type_03,Night,114.1,2024-11-13 01:08:19
8723,12,M00365,Type_06,Morning,136.6,2024-11-13 02:12:26
8724,4,M01801,Type_13,Morning,103.2,2024-11-13 02:26:11
8725,19,M05959,Type_15,Night,126.5,2024-11-13 02:56:28
8726,10,M09097,Type_05,Afternoon,81.3,2024-11-13 05:01:31
8727,11,M07437,Type_16,Afternoon,81.1,2024-11-13 05:16:06
8728,7,M04794,Type_11,Morning,100.3,2024-11-13 05:57:14
8729,13,M08161,Type_11,Morning,138.8,2024-11-13 06:00:38
8730,9,M00180,Type_05,Morning,111.4,2024-11-13 08:20:02
8731,12,M03874,Type_08,Morning,115.8,2024-11-13 08:38:21
8732,2,M03961,Type_01,Afternoon,115.6,2024-11-13 09:09:31
8733,22,M01187,Type_05,Morning,132.2,2024-11-13 09:20:00
8734,21,M00774,Type_07,Afternoon,97.8,2024-11-13 09:29:02
8735,1,M04461,Type_09,Morning,123.8,2024-11-13 11:06:16
8736,7,M00353,Type_15,Night,93.4,2024-11-13 11:25:18
8737,1,M06944,Type_12,Morning,149.7,2024-11-13 11:38:40
8738,25,M05203,Type_15,Morning,94.0,2024-11-13 13:33:16
8739,16,M05345,Type_16,Morning,92.4,2024-11-13 14:51:23
8740,4,M04508,Type_18,Afternoon,121.0,2024-11-13 14:51:38
8741,8,M04831,Type_09,Afternoon,111.6,2024-11-13 15:52:15
8742,17,M00118,Type_16,Afternoon,116.5,2024-11-13 16:45:47
8743,21,M00482,Type_18,Afternoon,114.5,2024-11-13 17:42:42
8744,19,M04288,Type_09,Morning,88.2,2024-11-13 18:18:29
8745,4,M06803,Type_10,Afternoon,142.3,2024-11-13 18:47:26
8746,4,M08299,Type_17,Afternoon,127.9,2024-11-13 20:23:23
8747,8,M04478,Type_09,Morning,137.2,2024-11-13 22:27:32
8748,10,M06534,Type_08,Morning,99.4,2024-11-13 22:37:30
8749,16,M00244,Type_24,Morning,118.3,2024-11-13 23:06:49
8750,19,M07013,Type_11,Morning,113.9,2024-11-13 23:57:11
8751,1,M00866,Type_18,Afternoon,132.6,2024-11-14 00:58:46
8752,5,M09754,Type_09,Morning,133.2,2024-11-14 01:04:36
8753,2,M05330,Type_03,Morning,113.9,2024-11-14 01:23:10
8754,16,M00604,Type_13,Morning,80.0,2024-11-14 01:52:44
8755,13,M05757,Type_04,Night,145.6,2024-11-14 05:11:04
8756,6,M04019,Type_17,Night,121.1,2024-11-14 06:39:13
8757,4,M05193,Type_05,Morning,97.8,2024-11-14 08:00:25
8758,25,M02016,Type_07,Morning,118.1,2024-11-14 08:58:35
8759,7,M09851,Type_25,Morning,80.0,2024-11-14 09:13:26
8760,2,M03381,Type_12,Afternoon,131.1,2024-11-14 09:14:45
8761,23,M03771,Type_16,Morning,80.6,2024-11-14 11:39:06
8762,10,M05830,Type_07,Afternoon,105.6,2024-11-14 11:52:18
8763,14,M01614,Type_04,Afternoon,114.9,2024-11-14 12:10:27
8764,8,M01880,Type_17,Night,130.8,2024-11-14 14:24:51
8765,3,M05373,Type_05,Morning,112.1,2024-11-14 14:27:53
8766,3,M04109,Type_25,Night,122.7,2024-11-14 15:03:52
8767,2,M09292,Type_03,Night,109.4,2024-11-14 15:27:24
8768,17,M09267,Type_03,Morning,109.4,2024-11-14 15:30:30
8769,19,M08979,Type_23,Morning,111.7,2024-11-14 16:06:16
8770,10,M00149,Type_10,Morning,106.2,2024-11-14 17:07:06
8771,12,M01755,Type_04,Morning,80.0,2024-11-14 18:01:49
8772,23,M07379,Type_02,Morning,94.6,2024-11-14 19:14:47
8773,11,M06682,Type_12,Afternoon,114.9,2024-11-14 20:12:05
8774,9,M03757,Type_24,Afternoon,105.0,2024-11-14 20:54:59
8775,25,M09372,Type_11,Night,106.9,2024-11-14 22:06:04
8776,13,M09117,Type_18,Morning,103.5,2024-11-14 22:06:26
8777,6,M05393,Type_19,Night,92.7,2024-11-15 06:46:25
8778,14,M09796,Type_15,Morning,100.1,2024-11-15 07:02:33
8779,22,M03053,Type_11,Night,103.9,2024-11-15 07:12:26
8780,11,M05693,Type_15,Morning,110.1,2024-11-15 07:51:37
8781,5,M04219,Type_11,Morning,117.9,2024-11-15 08:00:42
8782,2,M04804,Type_21,Night,106.4,2024-11-15 08:27:51
8783,7,M02378,Type_05,Morning,89.4,2024-11-15 08:30:01
8784,17,M05087,Type_24,Afternoon,82.0,2024-11-15 08:46:05
8785,6,M03183,Type_23,Afternoon,160.0,2024-11-15 09:11:15
8786,14,M03161,Type_02,Afternoon,87.4,2024-11-15 09:32:46
8787,4,M06577,Type_20,Afternoon,99.6,2024-11-15 10:04:30
8788,3,M08904,Type_04,Afternoon,120.3,2024-11-15 12:26:56
8789,11,M02587,Type_22,Morning,117.2,2024-11-15 13:26:59
8790,1,M02649,Type_25,Afternoon,120.4,2024-11-15 13:43:58
8791,14,M07314,Type_22,Night,101.1,2024-11-15 14:45:03
8792,6,M01718,Type_16,Morning,114.8,2024-11-15 15:46:02
8793,23,M05309,Type_03,Morning,111.2,2024-11-15 16:29:57
8794,17,M07408,Type_19,Afternoon,103.8,2024-11-15 19:16:41
8795,17,M00871,Type_03,Afternoon,114.9,2024-11-15 20:38:52
8796,23,M03575,Type_09,Afternoon,131.1,2024-11-15 20:54:39
8797,11,M05828,Type_07,Morning,109.6,2024-11-15 20:56:54
8798,22,M07987,Type_03,Afternoon,109.7,2024-11-15 23:34:58
8799,7,M08463,Type_05,Morning,131.4,2024-11-15 23:53:20
8800,13,M09736,Type_17,Afternoon,129.2,2024-11-16 00:43:15
8801,8,M08742,Type_06,Night,141.7,2024-11-16 00:52:39
8802,8,M05770,Type_09,Morning,80.0,2024-11-16 00:57:10
8803,9,M05734,Type_18,Afternoon,128.1,2024-11-16 01:27:17
8804,25,M09905,Type_20,Night,122.0,2024-11-16 02:13:14
8805,7,M03241,Type_09,Afternoon,92.3,2024-11-16 02:18:57
8806,25,M09555,Type_19,Night,115.0,2024-11-16 02:27:55
8807,22,M04894,Type_20,Afternoon,131.0,2024-11-16 03:22:22
8808,9,M09477,Type_04,Night,93.4,2024-11-16 03:28:34
8809,11,M00887,Type_12,Morning,118.9,2024-11-16 03:57:00
8810,2,M05855,Type_13,Morning,127.4,2024-11-16 04:45:13
8811,18,M05319,Type_11,Morning,88.6,2024-11-16 06:00:52
8812,22,M02259,Type_10,Afternoon,107.2,2024-11-16 06:08:03
8813,3,M04383,Type_22,Night,116.0,2024-11-16 06:16:39
8814,18,M01786,Type_15,Morning,94.1,2024-11-16 07:00:40
8815,16,M07728,Type_05,Afternoon,92.4,2024-11-16 07:32:25
8816,8,M00296,Type_21,Afternoon,107.3,2024-11-16 08:21:08
8817,23,M02598,Type_17,Afternoon,126.0,2024-11-16 09:31:49
8818,8,M00681,Type_07,Morning,122.9,2024-11-16 10:06:56
8819,6,M04891,Type_17,Afternoon,92.8,2024-11-16 10:23:42
8820,25,M04299,Type_20,Morning,123.0,2024-11-16 12:03:31
8821,25,M00325,Type_24,Morning,93.3,2024-11-16 12:18:03
8822,2,M07953,Type_09,Night,80.0,2024-11-16 12:43:03
8823,16,M00987,Type_08,Morning,102.7,2024-11-16 12:49:37
8824,21,M03119,Type_10,Morning,132.5,2024-11-16 12:54:52
8825,9,M00761,Type_02,Night,123.1,2024-11-16 14:43:14
8826,19,M07759,Type_25,Morning,110.0,2024-11-16 14:52:45
8827,21,M09229,Type_17,Afternoon,101.7,2024-11-16 18:18:43
8828,15,M00907,Type_11,Morning,102.2,2024-11-16 18:27:20
8829,24,M05500,Type_22,Morning,112.2,2024-11-16 19:08:21
8830,2,M00365,Type_06,Morning,88.6,2024-11-16 20:09:18
8831,15,M07770,Type_16,Morning,103.0,2024-11-16 20:50:20
8832,22,M03414,Type_19,Afternoon,105.7,2024-11-16 20:51:33
8833,11,M08028,Type_03,Afternoon,83.0,2024-11-16 21:02:29
8834,20,M07940,Type_03,Afternoon,93.2,2024-11-16 21:04:18
8835,12,M09262,Type_08,Night,118.2,2024-11-16 21:21:28
8836,15,M03082,Type_23,Morning,110.2,2024-11-16 22:26:19
8837,16,M05449,Type_14,Afternoon,103.8,2024-11-16 22:56:08
8838,6,M03259,Type_15,Afternoon,91.8,2024-11-16 23:02:39
8839,3,M02108,Type_11,Night,141.5,2024-11-17 04:15:36
8840,6,M07929,Type_12,Morning,93.2,2024-11-17 04:39:54
8841,23,M02934,Type_05,Afternoon,115.0,2024-11-17 06:05:17
8842,3,M02830,Type_16,Night,100.2,2024-11-17 06:24:51
8843,21,M08634,Type_25,Morning,110.7,2024-11-17 06:49:30
8844,13,M05007,Type_24,Night,119.2,2024-11-17 07:56:29
8845,12,M01560,Type_24,Morning,82.6,2024-11-17 08:13:58
8846,8,M01742,Type_15,Afternoon,109.9,2024-11-17 10:16:34
8847,2,M05831,Type_10,Night,133.8,2024-11-17 12:40:33
8848,7,M07524,Type_03,Afternoon,145.2,2024-11-17 13:26:56
8849,17,M00626,Type_19,Afternoon,107.4,2024-11-17 13:37:36
8850,7,M01691,Type_21,Morning,110.8,2024-11-17 14:04:36
8851,1,M08283,Type_07,Night,154.2,2024-11-17 15:43:38
8852,4,M06311,Type_08,Afternoon,132.7,2024-11-17 15:49:13
8853,15,M03007,Type_05,Morning,97.7,2024-11-17 15:57:11
8854,4,M04303,Type_21,Afternoon,97.6,2024-11-17 18:01:25
8855,12,M01089,Type_03,Afternoon,129.1,2024-11-17 18:15:03
8856,16,M06008,Type_25,Morning,89.8,2024-11-17 18:38:23
8857,21,M04612,Type_13,Morning,131.8,2024-11-17 22:20:24
8858,18,M09373,Type_25,Morning,116.7,2024-11-17 22:32:42
8859,14,M07929,Type_12,Afternoon,120.4,2024-11-18 02:00:24
8860,14,M04491,Type_18,Afternoon,104.9,2024-11-18 06:51:39
8861,11,M08379,Type_14,Afternoon,97.4,2024-11-18 08:31:41
8862,16,M01598,Type_08,Night,139.2,2024-11-18 09:11:33
8863,15,M03748,Type_03,Night,105.1,2024-11-18 10:27:59
8864,22,M02671,Type_12,Afternoon,101.8,2024-11-18 13:02:57
8865,6,M08432,Type_10,Morning,108.4,2024-11-18 13:13:40
8866,24,M02581,Type_11,Afternoon,113.9,2024-11-18 13:35:37
8867,13,M07433,Type_06,Afternoon,89.4,2024-11-18 13:52:52
8868,17,M08331,Type_09,Afternoon,98.7,2024-11-18 14:36:47
8869,4,M02507,Type_14,Afternoon,97.6,2024-11-18 14:48:30
8870,12,M04726,Type_22,Morning,126.9,2024-11-18 16:52:36
8871,18,M04301,Type_15,Night,92.3,2024-11-18 16:55:11
8872,8,M09942,Type_19,Morning,80.0,2024-11-18 17:44:55
8873,12,M08760,Type_19,Afternoon,80.0,2024-11-18 17:49:11
8874,4,M07003,Type_13,Morning,80.6,2024-11-18 19:22:22
8875,8,M09074,Type_07,Night,137.2,2024-11-18 19:57:17
8876,2,M06132,Type_17,Morning,110.3,2024-11-18 20:34:47
8877,4,M08832,Type_17,Morning,120.0,2024-11-18 20:50:04
8878,12,M04538,Type_18,Morning,120.7,2024-11-18 20:51:02
8879,25,M02336,Type_15,Morning,111.1,2024-11-18 21:46:29
8880,21,M04322,Type_02,Morning,108.5,2024-11-18 21:55:54
8881,22,M02986,Type_15,Afternoon,130.9,2024-11-18 23:01:59
8882,10,M00560,Type_03,Afternoon,112.9,2024-11-18 23:02:09
8883,15,M00714,Type_06,Morning,138.0,2024-11-19 00:27:07
8884,9,M04594,Type_16,Morning,122.4,2024-11-19 00:39:18
8885,9,M03989,Type_03,Night,97.6,2024-11-19 00:44:50
8886,7,M06204,Type_13,Afternoon,100.1,2024-11-19 01:56:38
8887,2,M00257,Type_05,Afternoon,95.5,2024-11-19 02:48:21
8888,7,M08769,Type_25,Afternoon,134.4,2024-11-19 03:07:21
8889,9,M00038,Type_12,Morning,101.9,2024-11-19 03:09:39
8890,18,M08653,Type_20,Morning,94.0,2024-11-19 03:39:32
8891,23,M09633,Type_14,Morning,116.4,2024-11-19 05:41:10
8892,12,M01833,Type_13,Night,108.1,2024-11-19 05:52:20
8893,7,M07601,Type_13,Night,115.9,2024-11-19 08:34:14
8894,19,M05168,Type_20,Afternoon,147.8,2024-11-19 08:39:22
8895,22,M00433,Type_08,Morning,128.3,2024-11-19 08:39:25
8896,24,M04152,Type_19,Morning,110.5,2024-11-19 09:35:27
8897,16,M06412,Type_17,Morning,81.8,2024-11-19 10:54:50
8898,8,M01752,Type_22,Afternoon,100.0,2024-11-19 11:01:51
8899,19,M04998,Type_05,Morning,124.2,2024-11-19 11:32:51
8900,6,M05721,Type_15,Night,86.6,2024-11-19 12:52:30
8901,2,M07617,Type_18,Morning,152.8,2024-11-19 12:57:17
8902,2,M00257,Type_05,Night,110.3,2024-11-19 17:38:54
8903,8,M00672,Type_23,Night,111.0,2024-11-19 20:22:22
8904,10,M00490,Type_23,Night,96.7,2024-11-19 20:41:22
8905,21,M06890,Type_07,Afternoon,119.9,2024-11-19 21:37:54
8906,21,M02097,Type_12,Afternoon,86.8,2024-11-19 22:38:44
8907,11,M01683,Type_24,Afternoon,153.3,2024-11-20 03:05:01
8908,20,M02461,Type_11,Afternoon,136.3,2024-11-20 03:12:05
8909,20,M04530,Type_06,Afternoon,129.7,2024-11-20 03:12:47
8910,24,M05122,Type_18,Night,82.2,2024-11-20 03:19:14
8911,3,M01976,Type_04,Afternoon,114.1,2024-11-20 04:06:17
8912,16,M03217,Type_22,Night,134.2,2024-11-20 04:55:50
8913,3,M09582,Type_02,Night,121.9,2024-11-20 05:36:18
8914,8,M04516,Type_03,Morning,90.0,2024-11-20 06:18:50
8915,19,M05693,Type_15,Morning,97.0,2024-11-20 07:50:50
8916,12,M09777,Type_09,Afternoon,101.0,2024-11-20 07:54:01
8917,18,M04940,Type_12,Afternoon,97.9,2024-11-20 08:32:43
8918,13,M05564,Type_05,Night,140.6,2024-11-20 08:51:08
8919,11,M02964,Type_07,Afternoon,80.0,2024-11-20 09:52:33
8920,13,M04530,Type_06,Afternoon,123.1,2024-11-20 10:36:35
8921,21,M06787,Type_04,Afternoon,84.2,2024-11-20 11:20:24
8922,3,M06201,Type_17,Morning,90.8,2024-11-20 14:31:31
8923,6,M00977,Type_22,Afternoon,80.0,2024-11-20 15:30:23
8924,23,M07346,Type_07,Night,99.0,2024-11-20 15:54:27
8925,3,M00046,Type_15,Morning,140.2,2024-11-20 16:08:09
8926,25,M01194,Type_18,Afternoon,115.3,2024-11-20 17:06:52
8927,1,M04513,Type_21,Afternoon,86.0,2024-11-20 17:57:55
8928,14,M04944,Type_06,Morning,130.3,2024-11-20 18:17:07
8929,23,M06283,Type_18,Morning,134.6,2024-11-20 18:27:57
8930,20,M00247,Type_18,Night,112.1,2024-11-20 19:29:56
8931,7,M03220,Type_13,Morning,150.7,2024-11-20 21:53:13
8932,25,M08984,Type_25,Morning,126.4,2024-11-20 22:31:16
8933,9,M00637,Type_14,Morning,123.7,2024-11-20 23:01:24
8934,1,M03776,Type_21,Afternoon,93.9,2024-11-20 23:32:31
8935,10,M02422,Type_04,Afternoon,122.5,2024-11-20 23:36:45
8936,13,M09281,Type_25,Afternoon,114.3,2024-11-21 01:52:53
8937,12,M04184,Type_24,Morning,120.4,2024-11-21 02:07:49
8938,4,M00713,Type_03,Night,96.3,2024-11-21 04:03:49
8939,7,M05846,Type_21,Morning,112.6,2024-11-21 05:11:30
8940,10,M05324,Type_17,Morning,93.7,2024-11-21 05:30:29
8941,22,M06033,Type_15,Afternoon,80.0,2024-11-21 06:19:47
8942,25,M03645,Type_18,Morning,130.0,2024-11-21 08:12:49
8943,7,M07774,Type_04,Night,80.0,2024-11-21 08:15:33
8944,15,M02109,Type_21,Night,112.1,2024-11-21 09:20:02
8945,19,M03615,Type_14,Morning,116.7,2024-11-21 10:09:41
8946,7,M09435,Type_01,Night,116.5,2024-11-21 10:11:42
8947,14,M06958,Type_24,Night,104.3,2024-11-21 10:50:29
8948,21,M05280,Type_06,Night,115.4,2024-11-21 11:50:18
8949,14,M04333,Type_10,Morning,119.4,2024-11-21 12:10:06
8950,18,M03901,Type_03,Afternoon,124.7,2024-11-21 12:24:02
8951,10,M07940,Type_03,Morning,144.7,2024-11-21 12:51:18
8952,3,M06964,Type_07,Night,114.7,2024-11-21 14:19:54
8953,6,M04569,Type_24,Morning,111.3,2024-11-21 14:20:00
8954,22,M07839,Type_01,Afternoon,91.9,2024-11-21 14:26:29
8955,23,M01846,Type_07,Morning,118.7,2024-11-21 14:47:56
8956,22,M00383,Type_10,Morning,123.3,2024-11-21 15:06:15
8957,9,M04113,Type_02,Afternoon,106.2,2024-11-21 16:04:52
8958,14,M07070,Type_24,Night,120.9,2024-11-21 16:35:06
8959,21,M03811,Type_03,Afternoon,104.1,2024-11-21 16:38:06
8960,21,M01510,Type_15,Night,123.4,2024-11-21 17:43:09
8961,24,M07574,Type_08,Morning,128.3,2024-11-21 18:06:04
8962,8,M01579,Type_15,Afternoon,128.0,2024-11-21 21:13:57
8963,1,M00880,Type_02,Afternoon,112.4,2024-11-21 21:46:42
8964,3,M02163,Type_11,Morning,89.2,2024-11-21 22:01:47
8965,22,M09765,Type_22,Afternoon,97.8,2024-11-21 22:59:56
8966,6,M09841,Type_02,Afternoon,121.9,2024-11-21 23:11:30
8967,1,M07715,Type_23,Afternoon,159.0,2024-11-21 23:20:52
8968,18,M01360,Type_15,Afternoon,103.2,2024-11-21 23:38:58
8969,10,M04432,Type_18,Afternoon,119.1,2024-11-21 23:40:45
8970,23,M08149,Type_13,Morning,98.9,2024-11-22 00:36:04
8971,17,M03961,Type_01,Morning,90.5,2024-11-22 01:13:16
8972,21,M03812,Type_12,Afternoon,96.5,2024-11-22 04:42:07
8973,1,M04243,Type_03,Morning,80.0,2024-11-22 04:47:17
8974,22,M04218,Type_24,Morning,137.1,2024-11-22 05:12:12
8975,23,M00081,Type_20,Afternoon,80.0,2024-11-22 07:03:22
8976,8,M02733,Type_20,Afternoon,104.7,2024-11-22 07:08:31
8977,12,M07834,Type_11,Morning,86.4,2024-11-22 08:32:02
8978,19,M02710,Type_13,Afternoon,92.3,2024-11-22 08:42:03
8979,14,M02423,Type_19,Afternoon,137.5,2024-11-22 09:53:31
8980,19,M03642,Type_22,Morning,114.0,2024-11-22 09:55:43
8981,17,M00668,Type_11,Night,90.7,2024-11-22 10:12:24
8982,16,M02497,Type_13,Afternoon,98.2,2024-11-22 11:09:16
8983,19,M03500,Type_25,Afternoon,94.7,2024-11-22 11:28:22
8984,5,M09637,Type_08,Afternoon,109.1,2024-11-22 11:43:29
8985,22,M09538,Type_13,Morning,113.5,2024-11-22 12:54:48
8986,19,M08081,Type_10,Afternoon,147.9,2024-11-22 13:41:13
8987,4,M06824,Type_22,Morning,80.0,2024-11-22 14:18:24
8988,5,M01190,Type_23,Night,109.3,2024-11-22 15:27:48
8989,5,M06605,Type_11,Night,103.7,2024-11-22 16:13:12
8990,25,M08651,Type_23,Afternoon,128.9,2024-11-22 16:32:47
8991,24,M09405,Type_20,Morning,117.1,2024-11-22 16:33:42
8992,1,M09104,Type_25,Morning,121.8,2024-11-22 17:30:55
8993,18,M01026,Type_18,Morning,116.9,2024-11-22 17:34:43
8994,15,M07786,Type_13,Afternoon,91.4,2024-11-22 17:52:58
8995,21,M00072,Type_16,Morning,134.2,2024-11-22 19:15:24
8996,19,M05547,Type_24,Afternoon,126.0,2024-11-22 20:33:31
8997,23,M02686,Type_01,Morning,128.3,2024-11-22 20:41:09
8998,14,M09386,Type_12,Night,135.3,2024-11-22 20:41:44
8999,6,M07373,Type_21,Morning,118.4,2024-11-22 20:59:25
9000,18,M01849,Type_08,Night,139.6,2024-11-22 22:18:45
9001,8,M02023,Type_21,Night,117.6,2024-11-22 22:51:27
9002,5,M06339,Type_05,Afternoon,105.6,2024-11-22 23:07:55
9003,22,M03742,Type_14,Afternoon,109.9,2024-11-23 02:42:15
9004,8,M01299,Type_06,Afternoon,109.5,2024-11-23 03:14:36
9005,6,M04103,Type_22,Afternoon,99.6,2024-11-23 03:15:19
9006,10,M00905,Type_15,Morning,142.6,2024-11-23 03:51:10
9007,3,M03027,Type_19,Morning,115.9,2024-11-23 04:15:29
9008,13,M06710,Type_25,Afternoon,111.9,2024-11-23 04:21:55
9009,7,M04712,Type_25,Afternoon,117.8,2024-11-23 06:18:08
9010,4,M08022,Type_21,Afternoon,160.0,2024-11-23 06:56:20
9011,13,M05970,Type_03,Morning,87.4,2024-11-23 09:22:58
9012,6,M02621,Type_16,Morning,93.1,2024-11-23 09:22:59
9013,16,M02647,Type_01,Morning,82.4,2024-11-23 10:24:59
9014,22,M04866,Type_10,Morning,105.3,2024-11-23 10:28:37
9015,21,M07346,Type_07,Morning,114.9,2024-11-23 12:28:11
9016,1,M02290,Type_25,Morning,100.7,2024-11-23 13:25:50
9017,24,M07371,Type_03,Morning,99.2,2024-11-23 14:31:44
9018,13,M03873,Type_08,Night,112.8,2024-11-23 15:33:41
9019,2,M09678,Type_23,Morning,100.0,2024-11-23 15:51:20
9020,20,M07691,Type_18,Afternoon,116.2,2024-11-23 16:01:05
9021,19,M01441,Type_02,Morning,132.3,2024-11-23 16:13:09
9022,6,M00766,Type_11,Night,123.5,2024-11-23 17:17:06
9023,11,M04093,Type_16,Afternoon,127.6,2024-11-23 18:19:35
9024,17,M09342,Type_07,Morning,131.7,2024-11-23 18:21:09
9025,9,M02667,Type_04,Afternoon,115.7,2024-11-23 18:33:30
9026,5,M08656,Type_15,Morning,106.8,2024-11-23 21:58:11
9027,5,M05969,Type_03,Afternoon,94.6,2024-11-23 22:21:27
9028,16,M07642,Type_15,Morning,102.2,2024-11-23 22:34:59
9029,4,M02182,Type_03,Night,99.5,2024-11-23 22:54:31
9030,20,M09835,Type_24,Afternoon,124.6,2024-11-23 23:50:09
9031,13,M03889,Type_07,Morning,116.9,2024-11-24 02:18:48
9032,17,M00841,Type_23,Afternoon,123.9,2024-11-24 03:27:26
9033,9,M05900,Type_19,Morning,86.8,2024-11-24 05:20:45
9034,25,M04119,Type_10,Night,138.6,2024-11-24 06:28:05
9035,13,M00566,Type_16,Afternoon,101.5,2024-11-24 06:36:11
9036,16,M06006,Type_10,Afternoon,88.0,2024-11-24 07:23:08
9037,20,M09157,Type_19,Morning,101.2,2024-11-24 07:27:33
9038,10,M09188,Type_07,Night,159.7,2024-11-24 08:29:29
9039,10,M07227,Type_18,Afternoon,102.2,2024-11-24 09:25:38
9040,20,M09380,Type_14,Morning,103.5,2024-11-24 10:22:59
9041,16,M05891,Type_11,Morning,106.2,2024-11-24 10:55:24
9042,23,M04312,Type_16,Morning,107.0,2024-11-24 13:17:26
9043,20,M07737,Type_04,Night,94.4,2024-11-24 13:29:14
9044,1,M08849,Type_23,Morning,112.9,2024-11-24 14:44:41
9045,11,M02983,Type_13,Afternoon,131.5,2024-11-24 15:29:58
9046,13,M09306,Type_17,Morning,116.3,2024-11-24 16:20:43
9047,25,M06084,Type_19,Morning,87.8,2024-11-24 17:34:21
9048,18,M00557,Type_18,Afternoon,103.1,2024-11-24 17:53:52
9049,5,M03020,Type_11,Night,99.0,2024-11-24 18:21:37
9050,4,M02581,Type_11,Afternoon,111.1,2024-11-24 20:11:11
9051,24,M08147,Type_25,Night,136.6,2024-11-24 21:34:24
9052,6,M08244,Type_10,Afternoon,107.0,2024-11-24 22:09:28
9053,15,M09554,Type_06,Morning,108.2,2024-11-24 22:46:47
9054,23,M09387,Type_20,Morning,145.6,2024-11-25 00:08:31
9055,2,M04020,Type_11,Afternoon,127.5,2024-11-25 01:34:26
9056,4,M03139,Type_23,Night,121.5,2024-11-25 03:19:15
9057,14,M09841,Type_02,Night,149.2,2024-11-25 03:25:37
9058,4,M00672,Type_23,Morning,119.8,2024-11-25 03:46:53
9059,18,M00778,Type_11,Morning,80.0,2024-11-25 04:36:48
9060,20,M04928,Type_13,Morning,126.7,2024-11-25 08:03:13
9061,16,M03023,Type_05,Night,80.0,2024-11-25 08:05:17
9062,9,M01861,Type_03,Night,119.0,2024-11-25 08:35:11
9063,8,M03140,Type_18,Night,80.0,2024-11-25 09:03:21
9064,11,M01075,Type_13,Morning,100.7,2024-11-25 12:06:06
9065,14,M09909,Type_22,Afternoon,102.7,2024-11-25 13:15:33
9066,17,M09476,Type_13,Afternoon,94.6,2024-11-25 13:21:57
9067,13,M06764,Type_22,Morning,103.0,2024-11-25 13:25:46
9068,8,M01987,Type_15,Afternoon,130.7,2024-11-25 13:42:35
9069,14,M09194,Type_05,Morning,95.7,2024-11-25 14:09:59
9070,11,M06328,Type_02,Morning,120.9,2024-11-25 17:11:07
9071,9,M01047,Type_12,Night,90.7,2024-11-25 17:18:16
9072,8,M02177,Type_06,Night,106.2,2024-11-25 18:01:45
9073,14,M02339,Type_06,Afternoon,116.5,2024-11-25 20:04:39
9074,15,M00501,Type_09,Afternoon,90.1,2024-11-25 20:56:40
9075,1,M02234,Type_07,Morning,83.8,2024-11-25 23:29:01
9076,24,M04609,Type_24,Afternoon,119.8,2024-11-25 23:53:22
9077,12,M07235,Type_05,Night,132.5,2024-11-26 00:13:48
9078,5,M07973,Type_12,Night,108.4,2024-11-26 00:14:58
9079,25,M06611,Type_02,Afternoon,100.9,2024-11-26 00:48:05
9080,14,M00601,Type_18,Morning,113.1,2024-11-26 01:03:06
9081,25,M04285,Type_10,Morning,111.1,2024-11-26 02:44:52
9082,22,M09181,Type_09,Afternoon,114.9,2024-11-26 03:36:45
9083,16,M04484,Type_18,Morning,80.0,2024-11-26 03:44:17
9084,19,M05902,Type_22,Night,88.6,2024-11-26 04:43:07
9085,16,M06130,Type_21,Morning,93.1,2024-11-26 04:44:05
9086,7,M01755,Type_04,Morning,113.0,2024-11-26 06:00:41
9087,3,M02465,Type_17,Morning,113.7,2024-11-26 06:05:16
9088,23,M04483,Type_25,Night,122.7,2024-11-26 06:40:28
9089,8,M09687,Type_25,Morning,115.2,2024-11-26 07:46:03
9090,21,M09045,Type_17,Afternoon,84.0,2024-11-26 09:14:32
9091,21,M07401,Type_12,Afternoon,138.9,2024-11-26 09:41:17
9092,14,M06807,Type_05,Morning,135.4,2024-11-26 09:41:21
9093,20,M08644,Type_25,Afternoon,84.8,2024-11-26 09:44:26
9094,3,M07397,Type_21,Afternoon,116.7,2024-11-26 10:56:15
9095,24,M07339,Type_09,Afternoon,98.1,2024-11-26 11:07:46
9096,11,M09951,Type_19,Night,112.8,2024-11-26 11:16:07
9097,22,M05242,Type_21,Morning,131.1,2024-11-26 11:41:23
9098,14,M07395,Type_09,Morning,152.6,2024-11-26 11:46:55
9099,22,M06438,Type_09,Night,125.0,2024-11-26 12:23:49
9100,2,M04696,Type_16,Morning,115.9,2024-11-26 12:34:13
9101,4,M02589,Type_16,Afternoon,103.2,2024-11-26 12:51:32
9102,21,M01783,Type_08,Night,113.6,2024-11-26 14:29:34
9103,5,M05948,Type_08,Morning,137.2,2024-11-26 15:41:10
9104,19,M06595,Type_04,Afternoon,109.1,2024-11-26 15:42:03
9105,10,M03521,Type_23,Morning,92.3,2024-11-26 16:20:01
9106,21,M09972,Type_02,Morning,80.0,2024-11-26 17:09:37
9107,21,M03219,Type_18,Morning,120.3,2024-11-26 18:48:27
9108,2,M03758,Type_18,Night,114.9,2024-11-26 19:50:38
9109,21,M04017,Type_24,Morning,97.1,2024-11-26 20:59:42
9110,3,M02838,Type_14,Afternoon,130.5,2024-11-26 21:02:33
9111,15,M06001,Type_13,Night,101.6,2024-11-26 23:12:56
9112,19,M07035,Type_24,Afternoon,107.3,2024-11-27 00:02:36
9113,21,M07310,Type_15,Afternoon,109.7,2024-11-27 00:26:05
9114,25,M04240,Type_11,Afternoon,103.0,2024-11-27 02:15:53
9115,2,M04429,Type_05,Morning,114.7,2024-11-27 03:21:42
9116,25,M09612,Type_01,Afternoon,133.0,2024-11-27 04:38:13
9117,3,M04151,Type_24,Afternoon,87.2,2024-11-27 06:43:22
9118,12,M09523,Type_09,Night,119.8,2024-11-27 09:45:19
9119,23,M01447,Type_10,Night,113.4,2024-11-27 09:52:51
9120,14,M09633,Type_14,Night,113.1,2024-11-27 12:09:50
9121,17,M06469,Type_13,Night,127.4,2024-11-27 13:49:57
9122,16,M05791,Type_06,Afternoon,111.0,2024-11-27 14:15:30
9123,17,M04176,Type_24,Afternoon,119.6,2024-11-27 16:09:23
9124,24,M05081,Type_18,Night,124.3,2024-11-27 16:15:50
9125,9,M00865,Type_21,Morning,99.9,2024-11-27 16:31:28
9126,3,M06861,Type_24,Night,116.0,2024-11-27 17:58:28
9127,22,M08664,Type_03,Afternoon,105.0,2024-11-27 18:29:22
9128,14,M06218,Type_12,Afternoon,107.3,2024-11-27 19:56:51
9129,3,M05673,Type_18,Afternoon,103.6,2024-11-27 20:14:57
9130,6,M01503,Type_15,Night,119.4,2024-11-27 22:53:34
9131,23,M04685,Type_17,Morning,111.6,2024-11-28 00:17:07
9132,21,M01411,Type_09,Afternoon,117.9,2024-11-28 00:51:46
9133,19,M03771,Type_16,Afternoon,109.6,2024-11-28 03:41:56
9134,24,M04660,Type_20,Morning,80.0,2024-11-28 03:56:11
9135,13,M04002,Type_16,Night,110.6,2024-11-28 04:46:11
9136,5,M03484,Type_14,Afternoon,111.3,2024-11-28 05:46:13
9137,1,M04563,Type_17,Afternoon,114.9,2024-11-28 08:01:56
9138,12,M00599,Type_10,Morning,98.1,2024-11-28 10:15:56
9139,15,M09184,Type_15,Afternoon,86.1,2024-11-28 10:44:52
9140,25,M03042,Type_16,Afternoon,122.5,2024-11-28 10:52:34
9141,19,M08161,Type_11,Afternoon,104.5,2024-11-28 12:31:07
9142,2,M06392,Type_16,Morning,113.4,2024-11-28 13:56:30
9143,3,M07288,Type_12,Night,104.4,2024-11-28 14:06:45
9144,7,M00067,Type_06,Afternoon,109.9,2024-11-28 15:45:08
9145,11,M08124,Type_07,Afternoon,101.0,2024-11-28 16:23:20
9146,10,M02751,Type_04,Afternoon,90.6,2024-11-28 17:58:58
9147,8,M08662,Type_18,Morning,119.5,2024-11-28 21:03:07
9148,2,M09917,Type_16,Afternoon,97.9,2024-11-28 22:32:26
9149,14,M06807,Type_05,Afternoon,113.3,2024-11-28 22:53:30
9150,13,M06430,Type_17,Afternoon,118.2,2024-11-28 23:53:18
9151,7,M08124,Type_07,Afternoon,98.3,2024-11-29 00:03:41
9152,21,M01632,Type_20,Afternoon,85.9,2024-11-29 00:19:21
9153,9,M06453,Type_09,Morning,158.5,2024-11-29 00:22:45
9154,7,M00775,Type_17,Afternoon,99.4,2024-11-29 00:33:03
9155,1,M06108,Type_08,Morning,122.5,2024-11-29 02:38:53
9156,1,M07805,Type_17,Morning,148.8,2024-11-29 03:55:06
9157,6,M09679,Type_19,Night,125.8,2024-11-29 04:46:04
9158,25,M04020,Type_11,Afternoon,104.0,2024-11-29 05:57:53
9159,1,M00930,Type_23,Afternoon,108.7,2024-11-29 06:06:48
9160,16,M03013,Type_05,Afternoon,93.3,2024-11-29 07:08:06
9161,3,M05025,Type_04,Night,127.6,2024-11-29 08:16:56
9162,13,M06265,Type_24,Afternoon,121.3,2024-11-29 08:36:06
9163,21,M07974,Type_18,Night,99.7,2024-11-29 08:49:04
9164,4,M09698,Type_17,Morning,89.2,2024-11-29 08:58:45
9165,17,M04730,Type_14,Night,83.6,2024-11-29 12:58:15
9166,10,M07962,Type_19,Night,129.7,2024-11-29 15:27:55
9167,4,M02820,Type_16,Night,112.4,2024-11-29 17:25:01
9168,20,M06656,Type_11,Morning,114.3,2024-11-29 20:16:32
9169,12,M01185,Type_23,Morning,93.5,2024-11-29 20:20:42
9170,13,M08481,Type_14,Morning,80.7,2024-11-29 20:27:53
9171,4,M06344,Type_07,Morning,129.3,2024-11-29 20:45:11
9172,16,M00528,Type_09,Night,110.8,2024-11-29 23:13:43
9173,19,M00917,Type_22,Morning,128.1,2024-11-30 03:29:28
9174,7,M09901,Type_04,Morning,102.3,2024-11-30 05:18:47
9175,1,M03575,Type_09,Morning,105.3,2024-11-30 05:20:15
9176,16,M03320,Type_25,Morning,124.3,2024-11-30 05:54:42
9177,2,M01407,Type_10,Morning,124.6,2024-11-30 06:31:09
9178,1,M01242,Type_16,Night,126.0,2024-11-30 07:03:16
9179,14,M05207,Type_07,Afternoon,104.1,2024-11-30 07:40:48
9180,20,M07250,Type_11,Morning,122.3,2024-11-30 08:41:14
9181,5,M03134,Type_22,Afternoon,132.2,2024-11-30 09:16:01
9182,15,M00799,Type_07,Afternoon,107.9,2024-11-30 10:07:39
9183,10,M01524,Type_06,Morning,99.7,2024-11-30 11:18:33
9184,21,M07210,Type_13,Afternoon,136.9,2024-11-30 11:24:05
9185,2,M04929,Type_21,Afternoon,96.9,2024-11-30 13:19:21
9186,11,M02889,Type_13,Afternoon,122.6,2024-11-30 14:09:23
9187,16,M02691,Type_12,Afternoon,108.8,2024-11-30 14:20:40
9188,19,M04092,Type_07,Morning,80.0,2024-11-30 14:38:38
9189,4,M07283,Type_06,Night,132.6,2024-11-30 15:29:08
9190,10,M09434,Type_11,Night,80.0,2024-11-30 16:46:01
9191,22,M06250,Type_13,Night,80.0,2024-11-30 18:33:51
9192,22,M00691,Type_23,Morning,120.5,2024-11-30 19:10:55
9193,12,M08720,Type_03,Night,120.5,2024-11-30 20:14:08
9194,2,M01496,Type_24,Night,97.2,2024-11-30 20:42:04
9195,2,M00893,Type_19,Night,113.0,2024-11-30 21:02:11
9196,9,M08579,Type_19,Morning,80.0,2024-11-30 22:42:30
9197,12,M09442,Type_24,Afternoon,124.1,2024-11-30 23:53:37
9198,2,M05874,Type_16,Night,115.0,2024-11-30 23:59:14
9199,18,M04504,Type_09,Afternoon,109.1,2024-12-01 01:21:32
9200,16,M00898,Type_15,Afternoon,110.4,2024-12-01 02:22:42
9201,19,M00711,Type_19,Night,119.9,2024-12-01 03:26:54
9202,15,M03696,Type_09,Afternoon,109.4,2024-12-01 03:38:17
9203,25,M02687,Type_13,Afternoon,80.0,2024-12-01 04:51:25
9204,16,M07189,Type_14,Afternoon,153.9,2024-12-01 05:01:31
9205,6,M05779,Type_14,Night,134.0,2024-12-01 05:48:17
9206,15,M07769,Type_06,Morning,84.3,2024-12-01 08:34:23
9207,12,M05014,Type_09,Afternoon,103.1,2024-12-01 09:02:36
9208,22,M04513,Type_21,Afternoon,105.3,2024-12-01 12:23:50
9209,12,M00416,Type_02,Night,131.6,2024-12-01 13:11:43
9210,10,M09664,Type_20,Afternoon,80.0,2024-12-01 14:05:20
9211,21,M04181,Type_20,Night,100.0,2024-12-01 14:19:19
9212,15,M04263,Type_25,Night,80.0,2024-12-01 16:15:08
9213,23,M02516,Type_05,Morning,104.3,2024-12-01 17:44:35
9214,4,M09288,Type_19,Afternoon,100.5,2024-12-01 18:13:07
9215,10,M09002,Type_11,Morning,111.6,2024-12-01 18:24:46
9216,19,M05641,Type_22,Morning,97.9,2024-12-01 20:28:22
9217,23,M06617,Type_02,Afternoon,95.0,2024-12-01 20:45:14
9218,14,M00993,Type_11,Night,122.4,2024-12-01 22:10:08
9219,10,M09474,Type_18,Night,119.1,2024-12-01 22:28:17
9220,17,M04371,Type_18,Morning,121.0,2024-12-01 23:15:12
9221,22,M01774,Type_17,Morning,106.5,2024-12-01 23:55:00
9222,11,M03562,Type_12,Afternoon,98.6,2024-12-02 01:29:10
9223,18,M03817,Type_22,Afternoon,107.6,2024-12-02 01:36:51
9224,2,M06634,Type_01,Morning,120.0,2024-12-02 01:51:08
9225,11,M01757,Type_23,Night,80.0,2024-12-02 02:38:16
9226,8,M02374,Type_01,Night,117.9,2024-12-02 02:48:01
9227,19,M02577,Type_08,Afternoon,116.2,2024-12-02 02:56:43
9228,25,M09084,Type_24,Night,111.2,2024-12-02 03:12:50
9229,16,M04185,Type_17,Morning,107.0,2024-12-02 03:23:56
9230,4,M08900,Type_24,Afternoon,80.0,2024-12-02 03:55:33
9231,14,M02398,Type_13,Afternoon,101.2,2024-12-02 04:24:09
9232,22,M05970,Type_03,Morning,145.8,2024-12-02 06:15:09
9233,17,M04536,Type_08,Night,110.3,2024-12-02 06:32:48
9234,11,M06884,Type_16,Afternoon,103.9,2024-12-02 07:23:55
9235,3,M08128,Type_22,Afternoon,110.3,2024-12-02 09:15:57
9236,4,M09169,Type_18,Morning,117.1,2024-12-02 09:56:52
9237,21,M00735,Type_11,Morning,123.2,2024-12-02 10:39:42
9238,13,M00633,Type_25,Morning,105.4,2024-12-02 12:04:06
9239,17,M04269,Type_25,Afternoon,118.5,2024-12-02 12:21:33
9240,20,M04100,Type_10,Afternoon,143.5,2024-12-02 13:40:23
9241,21,M02902,Type_02,Morning,130.1,2024-12-02 14:06:09
9242,20,M01664,Type_07,Afternoon,156.8,2024-12-02 15:03:15
9243,10,M05592,Type_03,Afternoon,96.9,2024-12-02 15:47:19
9244,23,M03873,Type_08,Afternoon,143.5,2024-12-02 18:27:22
9245,24,M01055,Type_05,Afternoon,94.2,2024-12-02 18:38:28
9246,12,M08573,Type_11,Night,117.1,2024-12-02 21:31:00
9247,8,M03083,Type_08,Afternoon,124.6,2024-12-02 21:56:54
9248,3,M08008,Type_22,Afternoon,99.8,2024-12-02 22:04:28
9249,21,M09785,Type_21,Morning,111.8,2024-12-02 22:43:55
9250,10,M04262,Type_15,Morning,128.2,2024-12-02 23:00:50
9251,24,M02390,Type_16,Morning,95.8,2024-12-03 04:01:34
9252,7,M03554,Type_13,Afternoon,143.4,2024-12-03 05:32:18
9253,25,M05139,Type_16,Morning,82.3,2024-12-03 07:08:56
9254,10,M09400,Type_14,Morning,148.8,2024-12-03 08:17:01
9255,7,M00545,Type_10,Night,130.0,2024-12-03 09:09:15
9256,18,M03664,Type_20,Morning,108.2,2024-12-03 10:22:34
9257,20,M02240,Type_21,Morning,101.9,2024-12-03 10:38:36
9258,14,M03774,Type_22,Morning,99.9,2024-12-03 12:51:25
9259,12,M02628,Type_19,Night,107.3,2024-12-03 12:52:55
9260,8,M06619,Type_21,Morning,109.0,2024-12-03 13:21:10
9261,25,M06781,Type_13,Afternoon,135.1,2024-12-03 14:07:49
9262,7,M08016,Type_03,Afternoon,149.4,2024-12-03 16:07:26
9263,5,M03131,Type_23,Afternoon,114.0,2024-12-03 16:30:13
9264,1,M00097,Type_14,Afternoon,93.1,2024-12-03 17:17:03
9265,15,M03859,Type_17,Night,99.1,2024-12-03 17:34:00
9266,9,M02709,Type_15,Morning,106.3,2024-12-03 17:53:26
9267,12,M05398,Type_21,Morning,89.4,2024-12-03 18:26:02
9268,22,M06153,Type_16,Morning,86.4,2024-12-03 18:31:02
9269,18,M00457,Type_08,Morning,151.9,2024-12-03 19:39:52
9270,11,M05915,Type_04,Morning,116.1,2024-12-03 19:44:42
9271,10,M04369,Type_10,Morning,93.3,2024-12-03 19:46:40
9272,10,M04089,Type_07,Afternoon,126.3,2024-12-03 20:03:37
9273,18,M09224,Type_01,Afternoon,86.4,2024-12-03 21:49:08
9274,1,M08400,Type_20,Morning,88.1,2024-12-03 22:33:33
9275,20,M01938,Type_17,Afternoon,93.9,2024-12-03 23:28:16
9276,11,M01147,Type_23,Morning,143.1,2024-12-03 23:36:30
9277,2,M05153,Type_11,Morning,104.9,2024-12-04 00:13:27
9278,11,M04300,Type_11,Afternoon,80.0,2024-12-04 00:44:22
9279,25,M08119,Type_22,Morning,134.2,2024-12-04 01:44:29
9280,2,M08635,Type_09,Morning,103.9,2024-12-04 02:02:55
9281,9,M07760,Type_05,Afternoon,80.0,2024-12-04 02:53:10
9282,1,M07954,Type_03,Night,103.7,2024-12-04 03:03:50
9283,23,M04785,Type_05,Afternoon,120.4,2024-12-04 04:16:30
9284,6,M09025,Type_21,Morning,118.1,2024-12-04 04:50:36
9285,22,M01462,Type_04,Night,146.0,2024-12-04 05:41:37
9286,2,M01160,Type_08,Afternoon,92.9,2024-12-04 06:16:23
9287,15,M00387,Type_22,Afternoon,110.9,2024-12-04 06:50:10
9288,1,M07193,Type_23,Night,96.0,2024-12-04 07:40:10
9289,24,M09911,Type_11,Afternoon,80.0,2024-12-04 08:14:36
9290,24,M04776,Type_04,Morning,127.7,2024-12-04 08:32:04
9291,18,M03410,Type_10,Afternoon,119.3,2024-12-04 09:07:13
9292,4,M00690,Type_01,Afternoon,115.7,2024-12-04 10:12:00
9293,13,M07029,Type_07,Afternoon,118.5,2024-12-04 10:30:20
9294,4,M07263,Type_11,Afternoon,96.3,2024-12-04 11:08:47
9295,15,M05665,Type_05,Night,89.9,2024-12-04 12:06:46
9296,2,M06767,Type_18,Night,110.8,2024-12-04 12:38:19
9297,9,M09362,Type_04,Night,133.2,2024-12-04 12:58:21
9298,12,M00953,Type_08,Night,142.2,2024-12-04 13:14:04
9299,14,M06143,Type_09,Night,125.9,2024-12-04 14:48:49
9300,20,M05968,Type_08,Morning,110.6,2024-12-04 15:16:17
9301,4,M07206,Type_18,Morning,115.4,2024-12-04 15:37:46
9302,15,M02485,Type_06,Afternoon,110.2,2024-12-04 16:20:33
9303,4,M01855,Type_24,Night,89.5,2024-12-04 17:37:05
9304,5,M03232,Type_18,Afternoon,110.5,2024-12-04 17:37:24
9305,10,M02598,Type_17,Afternoon,83.3,2024-12-04 18:48:40
9306,12,M07830,Type_19,Morning,107.5,2024-12-04 19:21:47
9307,12,M08187,Type_17,Morning,142.7,2024-12-04 20:49:25
9308,8,M03984,Type_14,Afternoon,126.5,2024-12-04 21:50:05
9309,4,M06964,Type_07,Morning,91.5,2024-12-04 22:28:10
9310,3,M06685,Type_13,Morning,108.6,2024-12-04 22:36:40
9311,1,M00657,Type_08,Morning,93.3,2024-12-04 23:36:07
9312,18,M07744,Type_01,Morning,108.7,2024-12-05 00:11:55
9313,20,M06840,Type_13,Afternoon,130.8,2024-12-05 00:40:52
9314,25,M09989,Type_23,Morning,123.1,2024-12-05 01:06:56
9315,14,M06313,Type_06,Afternoon,159.7,2024-12-05 01:56:53
9316,17,M07939,Type_25,Morning,133.8,2024-12-05 02:03:42
9317,6,M09955,Type_01,Night,114.1,2024-12-05 02:18:55
9318,6,M06177,Type_24,Morning,123.5,2024-12-05 04:03:17
9319,10,M03286,Type_16,Afternoon,106.0,2024-12-05 04:24:40
9320,19,M09778,Type_20,Afternoon,87.4,2024-12-05 05:03:45
9321,10,M05560,Type_14,Morning,136.1,2024-12-05 06:38:18
9322,25,M03564,Type_15,Night,130.2,2024-12-05 07:23:33
9323,3,M04585,Type_23,Afternoon,105.2,2024-12-05 07:43:33
9324,1,M04818,Type_25,Afternoon,115.5,2024-12-05 10:43:47
9325,18,M05042,Type_01,Morning,134.8,2024-12-05 14:08:03
9326,15,M06183,Type_10,Night,126.9,2024-12-05 16:21:08
9327,20,M08027,Type_22,Night,80.7,2024-12-05 17:05:54
9328,4,M03245,Type_02,Morning,114.9,2024-12-05 18:07:47
9329,18,M01041,Type_15,Morning,106.6,2024-12-05 19:13:44
9330,10,M02274,Type_12,Night,132.3,2024-12-05 19:28:05
9331,22,M03630,Type_07,Afternoon,130.6,2024-12-05 19:41:25
9332,22,M02115,Type_03,Night,136.4,2024-12-05 20:00:23
9333,19,M07365,Type_08,Afternoon,87.6,2024-12-06 02:18:41
9334,17,M01678,Type_20,Afternoon,94.3,2024-12-06 02:43:40
9335,10,M03095,Type_10,Morning,132.3,2024-12-06 03:03:10
9336,25,M09191,Type_20,Morning,98.2,2024-12-06 05:13:47
9337,4,M05874,Type_16,Afternoon,80.0,2024-12-06 06:09:10
9338,25,M02285,Type_11,Night,120.7,2024-12-06 06:29:20
9339,5,M05053,Type_25,Morning,99.1,2024-12-06 08:02:18
9340,7,M07063,Type_23,Afternoon,145.8,2024-12-06 09:41:05
9341,19,M01590,Type_13,Afternoon,115.9,2024-12-06 10:16:47
9342,19,M09354,Type_04,Afternoon,113.2,2024-12-06 10:26:13
9343,8,M02521,Type_19,Night,102.6,2024-12-06 10:58:35
9344,1,M04649,Type_18,Night,141.8,2024-12-06 11:29:20
9345,24,M05730,Type_24,Morning,117.2,2024-12-06 12:19:57
9346,8,M00695,Type_06,Night,101.8,2024-12-06 14:31:16
9347,19,M07808,Type_04,Night,94.1,2024-12-06 14:47:39
9348,17,M03684,Type_09,Night,108.5,2024-12-06 15:17:43
9349,9,M06705,Type_13,Afternoon,90.4,2024-12-06 16:19:13
9350,20,M07369,Type_18,Night,130.6,2024-12-06 16:28:19
9351,23,M01972,Type_01,Morning,80.0,2024-12-06 16:32:51
9352,16,M09696,Type_23,Morning,107.2,2024-12-06 17:05:11
9353,9,M08056,Type_16,Night,122.2,2024-12-06 17:29:00
9354,19,M04219,Type_11,Morning,116.8,2024-12-06 17:34:20
9355,16,M01869,Type_21,Morning,95.7,2024-12-06 17:43:57
9356,21,M01672,Type_18,Night,123.2,2024-12-06 19:18:49
9357,13,M09275,Type_10,Night,92.3,2024-12-06 19:21:23
9358,19,M01729,Type_15,Morning,109.6,2024-12-06 19:31:37
9359,5,M07633,Type_23,Night,123.0,2024-12-06 21:08:12
9360,2,M06404,Type_24,Afternoon,119.3,2024-12-06 22:17:08
9361,4,M06093,Type_09,Afternoon,96.5,2024-12-06 23:44:25
9362,12,M02143,Type_12,Night,133.9,2024-12-06 23:47:03
9363,18,M09341,Type_06,Afternoon,111.7,2024-12-07 01:51:55
9364,3,M06185,Type_24,Morning,124.9,2024-12-07 03:49:30
9365,21,M06011,Type_19,Morning,140.6,2024-12-07 03:51:03
9366,25,M00254,Type_02,Afternoon,132.4,2024-12-07 04:09:45
9367,19,M04103,Type_22,Afternoon,132.4,2024-12-07 04:55:31
9368,22,M03543,Type_25,Night,113.9,2024-12-07 05:35:28
9369,4,M02776,Type_10,Night,125.9,2024-12-07 05:53:53
9370,4,M07679,Type_20,Afternoon,114.3,2024-12-07 06:03:11
9371,16,M06213,Type_08,Night,85.8,2024-12-07 08:19:51
9372,11,M04638,Type_20,Morning,116.1,2024-12-07 10:11:12
9373,13,M06035,Type_24,Morning,115.1,2024-12-07 10:27:42
9374,21,M08458,Type_18,Night,121.7,2024-12-07 11:41:59
9375,11,M06477,Type_24,Morning,107.4,2024-12-07 14:12:58
9376,7,M03149,Type_13,Morning,94.8,2024-12-07 15:11:00
9377,14,M03360,Type_10,Afternoon,123.1,2024-12-07 17:40:38
9378,4,M01005,Type_04,Afternoon,83.7,2024-12-07 18:54:38
9379,8,M04718,Type_13,Night,139.2,2024-12-07 18:56:28
9380,12,M03272,Type_01,Morning,105.4,2024-12-07 19:24:30
9381,13,M00210,Type_23,Morning,114.9,2024-12-07 19:53:43
9382,25,M09080,Type_06,Morning,121.2,2024-12-07 20:04:24
9383,9,M05540,Type_08,Afternoon,121.8,2024-12-07 22:39:23
9384,9,M00154,Type_03,Morning,81.8,2024-12-07 22:59:14
9385,2,M03594,Type_12,Afternoon,126.5,2024-12-08 03:49:09
9386,3,M08607,Type_15,Night,116.1,2024-12-08 04:20:29
9387,21,M01285,Type_23,Night,97.3,2024-12-08 04:27:57
9388,12,M03149,Type_13,Morning,95.0,2024-12-08 05:50:25
9389,17,M00769,Type_16,Afternoon,103.3,2024-12-08 07:25:06
9390,4,M09175,Type_16,Afternoon,84.0,2024-12-08 08:26:55
9391,14,M05608,Type_04,Night,144.4,2024-12-08 08:45:31
9392,21,M03203,Type_06,Night,139.7,2024-12-08 08:58:57
9393,9,M02788,Type_25,Morning,119.0,2024-12-08 09:25:08
9394,8,M02211,Type_15,Afternoon,105.5,2024-12-08 09:59:10
9395,1,M09231,Type_16,Morning,106.1,2024-12-08 10:00:44
9396,13,M07400,Type_07,Morning,125.2,2024-12-08 10:21:37
9397,3,M06339,Type_05,Morning,145.2,2024-12-08 10:24:28
9398,14,M08734,Type_18,Afternoon,98.6,2024-12-08 10:33:55
9399,19,M00359,Type_21,Afternoon,87.6,2024-12-08 14:12:36
9400,6,M00850,Type_20,Morning,141.0,2024-12-08 15:49:03
9401,4,M07499,Type_12,Afternoon,80.0,2024-12-08 15:51:03
9402,20,M04523,Type_03,Morning,89.8,2024-12-08 17:33:45
9403,1,M02545,Type_11,Afternoon,105.1,2024-12-08 17:35:15
9404,10,M01832,Type_22,Morning,80.0,2024-12-08 17:42:23
9405,13,M01473,Type_20,Morning,132.2,2024-12-08 17:59:58
9406,12,M09629,Type_16,Afternoon,127.1,2024-12-08 18:09:19
9407,11,M00330,Type_02,Morning,98.5,2024-12-08 18:16:36
9408,4,M05852,Type_02,Afternoon,135.6,2024-12-08 18:22:10
9409,17,M07033,Type_25,Morning,139.0,2024-12-08 18:41:33
9410,15,M05267,Type_06,Afternoon,107.7,2024-12-08 20:17:39
9411,21,M04355,Type_22,Morning,101.0,2024-12-08 20:51:03
9412,3,M06436,Type_14,Afternoon,155.2,2024-12-08 20:56:33
9413,10,M07979,Type_13,Night,124.4,2024-12-08 21:01:46
9414,21,M04239,Type_24,Morning,115.1,2024-12-08 21:26:59
9415,14,M06113,Type_02,Afternoon,137.3,2024-12-08 21:32:13
9416,19,M04723,Type_09,Morning,116.0,2024-12-08 22:11:52
9417,21,M01389,Type_06,Afternoon,99.9,2024-12-09 01:34:38
9418,4,M04186,Type_09,Morning,111.6,2024-12-09 02:07:32
9419,25,M08912,Type_02,Afternoon,130.8,2024-12-09 04:23:07
9420,14,M03236,Type_04,Afternoon,80.0,2024-12-09 04:35:54
9421,6,M04577,Type_22,Night,104.2,2024-12-09 04:42:50
9422,12,M01101,Type_04,Afternoon,137.7,2024-12-09 06:32:21
9423,2,M08865,Type_19,Afternoon,99.8,2024-12-09 07:52:08
9424,17,M08709,Type_22,Afternoon,140.9,2024-12-09 08:23:37
9425,1,M02533,Type_23,Night,138.3,2024-12-09 09:05:48
9426,17,M07771,Type_16,Night,108.7,2024-12-09 10:56:22
9427,25,M03671,Type_01,Morning,98.6,2024-12-09 11:49:15
9428,5,M00782,Type_17,Night,104.3,2024-12-09 12:01:21
9429,16,M03524,Type_13,Afternoon,160.0,2024-12-09 12:14:21
9430,14,M06132,Type_17,Night,147.5,2024-12-09 13:56:17
9431,20,M04783,Type_09,Night,112.5,2024-12-09 16:12:01
9432,10,M09782,Type_19,Morning,97.8,2024-12-09 16:52:53
9433,21,M04996,Type_01,Afternoon,112.3,2024-12-09 17:21:43
9434,25,M01502,Type_14,Morning,114.9,2024-12-09 19:18:52
9435,3,M03081,Type_03,Morning,85.1,2024-12-09 19:21:47
9436,3,M09269,Type_15,Morning,111.6,2024-12-09 20:21:23
9437,18,M09293,Type_02,Afternoon,136.4,2024-12-09 22:42:01
9438,24,M00503,Type_09,Morning,80.0,2024-12-10 01:30:42
9439,23,M09532,Type_02,Morning,126.5,2024-12-10 01:58:56
9440,18,M03886,Type_23,Afternoon,137.5,2024-12-10 02:10:05
9441,4,M08010,Type_21,Morning,98.8,2024-12-10 02:55:02
9442,7,M00624,Type_04,Morning,143.9,2024-12-10 03:35:14
9443,1,M01051,Type_15,Morning,96.2,2024-12-10 04:59:30
9444,16,M07386,Type_21,Morning,118.8,2024-12-10 05:39:10
9445,17,M06082,Type_05,Afternoon,103.9,2024-12-10 05:44:58
9446,8,M05485,Type_05,Morning,103.9,2024-12-10 05:47:07
9447,6,M03773,Type_23,Night,97.7,2024-12-10 07:42:21
9448,2,M03917,Type_19,Afternoon,124.0,2024-12-10 07:48:33
9449,10,M04019,Type_17,Morning,127.0,2024-12-10 08:23:40
9450,17,M01330,Type_11,Morning,108.7,2024-12-10 10:34:56
9451,19,M04115,Type_12,Afternoon,82.8,2024-12-10 12:23:18
9452,4,M03368,Type_12,Afternoon,118.1,2024-12-10 13:04:48
9453,13,M08096,Type_09,Morning,118.4,2024-12-10 14:20:24
9454,21,M05142,Type_14,Morning,105.7,2024-12-10 14:36:21
9455,19,M03952,Type_01,Night,147.3,2024-12-10 14:41:07
9456,16,M05085,Type_07,Morning,80.0,2024-12-10 16:34:25
9457,13,M01574,Type_01,Morning,80.0,2024-12-10 18:08:14
9458,5,M02635,Type_03,Night,95.4,2024-12-10 18:30:17
9459,12,M02769,Type_05,Afternoon,124.2,2024-12-10 19:24:57
9460,7,M05303,Type_25,Morning,88.9,2024-12-10 21:42:51
9461,9,M06251,Type_03,Afternoon,90.4,2024-12-10 22:25:35
9462,5,M01212,Type_03,Morning,129.0,2024-12-10 22:29:04
9463,4,M08968,Type_23,Afternoon,119.3,2024-12-10 22:31:33
9464,10,M05956,Type_11,Afternoon,117.5,2024-12-10 23:38:30
9465,16,M01161,Type_04,Night,125.6,2024-12-11 00:36:00
9466,11,M05978,Type_10,Night,101.5,2024-12-11 00:56:59
9467,9,M07042,Type_18,Night,102.4,2024-12-11 01:27:14
9468,24,M02384,Type_12,Night,126.2,2024-12-11 01:31:11
9469,5,M05877,Type_21,Afternoon,83.1,2024-12-11 01:53:31
9470,25,M03541,Type_13,Morning,80.0,2024-12-11 03:21:44
9471,11,M04636,Type_03,Afternoon,101.3,2024-12-11 05:44:42
9472,9,M01096,Type_01,Afternoon,128.6,2024-12-11 06:53:19
9473,17,M05902,Type_22,Night,115.1,2024-12-11 07:42:18
9474,22,M08216,Type_24,Morning,127.1,2024-12-11 08:05:19
9475,11,M01080,Type_25,Night,80.0,2024-12-11 08:55:04
9476,21,M08371,Type_16,Night,116.3,2024-12-11 09:04:07
9477,6,M02848,Type_22,Night,123.1,2024-12-11 09:53:46
9478,16,M01961,Type_01,Night,83.0,2024-12-11 09:58:35
9479,19,M01474,Type_04,Morning,127.2,2024-12-11 11:09:59
9480,14,M04889,Type_01,Morning,107.8,2024-12-11 11:42:20
9481,3,M04980,Type_23,Morning,160.0,2024-12-11 11:55:13
9482,10,M01213,Type_16,Morning,80.0,2024-12-11 11:59:19
9483,21,M05698,Type_05,Afternoon,137.4,2024-12-11 12:27:17
9484,23,M09002,Type_11,Night,102.1,2024-12-11 12:37:06
9485,4,M00420,Type_04,Night,80.0,2024-12-11 15:12:14
9486,22,M03660,Type_11,Afternoon,99.5,2024-12-11 15:20:01
9487,21,M05284,Type_05,Morning,115.5,2024-12-11 18:30:31
9488,2,M09471,Type_16,Morning,130.7,2024-12-11 18:49:31
9489,13,M09633,Type_14,Morning,144.4,2024-12-11 19:32:33
9490,11,M01341,Type_09,Morning,138.4,2024-12-11 19:47:43
9491,12,M05138,Type_02,Afternoon,90.7,2024-12-11 20:20:56
9492,1,M05190,Type_24,Morning,132.6,2024-12-11 20:25:32
9493,22,M01362,Type_18,Morning,117.8,2024-12-11 20:59:41
9494,21,M00592,Type_10,Morning,96.9,2024-12-11 20:59:57
9495,9,M00527,Type_10,Afternoon,105.8,2024-12-11 22:40:25
9496,12,M07856,Type_07,Afternoon,95.8,2024-12-11 23:13:15
9497,7,M01293,Type_15,Afternoon,110.7,2024-12-12 00:16:54
9498,17,M01655,Type_17,Afternoon,95.4,2024-12-12 01:26:07
9499,10,M00188,Type_01,Night,89.4,2024-12-12 02:35:21
9500,6,M02759,Type_25,Morning,119.6,2024-12-12 03:16:02
9501,7,M08721,Type_15,Afternoon,122.6,2024-12-12 03:52:47
9502,19,M08626,Type_17,Afternoon,106.2,2024-12-12 04:13:05
9503,14,M06432,Type_25,Afternoon,137.4,2024-12-12 04:14:46
9504,25,M06038,Type_09,Night,104.8,2024-12-12 04:46:17
9505,11,M09997,Type_04,Morning,103.9,2024-12-12 06:03:07
9506,2,M08495,Type_20,Afternoon,123.2,2024-12-12 06:18:37
9507,1,M04183,Type_12,Morning,107.4,2024-12-12 06:58:24
9508,10,M06974,Type_08,Afternoon,111.7,2024-12-12 07:16:56
9509,12,M00438,Type_21,Morning,80.0,2024-12-12 07:39:25
9510,9,M00833,Type_22,Morning,110.3,2024-12-12 07:59:17
9511,23,M08989,Type_07,Afternoon,80.0,2024-12-12 08:11:52
9512,11,M08752,Type_25,Afternoon,85.6,2024-12-12 08:18:56
9513,1,M08954,Type_23,Morning,83.3,2024-12-12 08:57:27
9514,20,M05795,Type_02,Afternoon,89.1,2024-12-12 11:04:42
9515,10,M03575,Type_09,Afternoon,99.0,2024-12-12 11:37:22
9516,19,M03786,Type_07,Morning,100.3,2024-12-12 12:41:52
9517,23,M05221,Type_05,Afternoon,123.3,2024-12-12 13:50:21
9518,21,M07751,Type_22,Afternoon,114.4,2024-12-12 15:25:07
9519,25,M06819,Type_15,Afternoon,80.0,2024-12-12 17:23:21
9520,11,M00685,Type_15,Morning,111.7,2024-12-12 17:26:33
9521,3,M04234,Type_10,Morning,116.4,2024-12-12 17:33:15
9522,16,M00578,Type_06,Afternoon,103.4,2024-12-12 18:57:55
9523,22,M08008,Type_22,Night,108.8,2024-12-12 19:38:40
9524,10,M00228,Type_05,Afternoon,113.8,2024-12-12 20:15:58
9525,2,M02329,Type_08,Morning,125.3,2024-12-13 00:13:21
9526,19,M02732,Type_19,Afternoon,80.0,2024-12-13 05:00:42
9527,4,M09020,Type_04,Night,105.1,2024-12-13 05:58:27
9528,16,M00431,Type_05,Morning,140.2,2024-12-13 06:49:10
9529,6,M09256,Type_20,Night,138.3,2024-12-13 09:38:33
9530,11,M01710,Type_17,Night,127.0,2024-12-13 09:54:38
9531,17,M05783,Type_05,Morning,120.7,2024-12-13 10:44:13
9532,15,M01235,Type_21,Night,143.1,2024-12-13 11:23:51
9533,22,M08494,Type_19,Morning,148.4,2024-12-13 11:26:14
9534,4,M05206,Type_08,Night,107.4,2024-12-13 11:26:42
9535,24,M01421,Type_15,Afternoon,90.6,2024-12-13 11:41:24
9536,25,M00769,Type_16,Afternoon,104.6,2024-12-13 11:56:28
9537,8,M06035,Type_24,Afternoon,160.0,2024-12-13 12:09:40
9538,24,M09597,Type_25,Night,80.0,2024-12-13 13:18:34
9539,18,M08636,Type_12,Morning,100.6,2024-12-13 14:05:08
9540,14,M03105,Type_15,Afternoon,81.7,2024-12-13 14:39:51
9541,2,M04356,Type_17,Morning,112.5,2024-12-13 15:36:24
9542,16,M03306,Type_23,Morning,85.9,2024-12-13 15:49:28
9543,22,M01539,Type_10,Morning,107.8,2024-12-13 15:56:35
9544,15,M01332,Type_24,Afternoon,80.0,2024-12-13 16:12:57
9545,21,M08169,Type_20,Morning,122.4,2024-12-13 16:42:51
9546,6,M06940,Type_12,Morning,134.4,2024-12-13 18:34:57
9547,9,M08262,Type_01,Morning,102.3,2024-12-13 19:17:53
9548,12,M05559,Type_06,Morning,107.3,2024-12-13 22:21:19
9549,10,M05945,Type_07,Afternoon,106.7,2024-12-13 23:19:17
9550,7,M07127,Type_14,Night,113.6,2024-12-13 23:35:33
9551,5,M00481,Type_20,Morning,109.2,2024-12-14 00:12:47
9552,23,M05264,Type_16,Night,125.4,2024-12-14 00:16:02
9553,8,M04095,Type_19,Afternoon,134.7,2024-12-14 00:31:14
9554,12,M06168,Type_18,Afternoon,93.7,2024-12-14 00:57:50
9555,1,M02794,Type_20,Afternoon,103.8,2024-12-14 01:57:53
9556,10,M02893,Type_17,Night,128.0,2024-12-14 02:47:20
9557,11,M01199,Type_11,Morning,81.6,2024-12-14 03:14:47
9558,23,M08012,Type_24,Afternoon,80.0,2024-12-14 05:19:33
9559,20,M02373,Type_23,Afternoon,114.5,2024-12-14 06:49:36
9560,5,M01893,Type_05,Afternoon,119.9,2024-12-14 07:02:02
9561,13,M05791,Type_06,Night,95.6,2024-12-14 09:18:42
9562,18,M01884,Type_25,Morning,98.4,2024-12-14 11:28:57
9563,10,M05468,Type_17,Afternoon,94.8,2024-12-14 11:36:33
9564,21,M00798,Type_01,Afternoon,92.7,2024-12-14 12:00:58
9565,25,M08210,Type_02,Morning,123.9,2024-12-14 12:51:21
9566,17,M08236,Type_10,Morning,86.4,2024-12-14 14:19:05
9567,19,M00155,Type_08,Afternoon,104.7,2024-12-14 15:49:14
9568,4,M04963,Type_19,Night,91.9,2024-12-14 16:35:14
9569,9,M04081,Type_18,Afternoon,80.9,2024-12-14 17:00:51
9570,18,M08051,Type_06,Night,127.4,2024-12-14 17:43:55
9571,16,M05948,Type_08,Afternoon,99.6,2024-12-14 18:13:51
9572,7,M09618,Type_02,Morning,113.8,2024-12-14 20:01:44
9573,25,M04321,Type_11,Morning,80.0,2024-12-14 21:08:33
9574,12,M01893,Type_05,Morning,95.2,2024-12-14 21:16:05
9575,4,M09090,Type_13,Morning,125.1,2024-12-14 22:32:34
9576,21,M03425,Type_23,Morning,160.0,2024-12-14 23:40:23
9577,12,M09451,Type_06,Afternoon,80.0,2024-12-14 23:43:58
9578,12,M02016,Type_07,Afternoon,106.0,2024-12-14 23:48:44
9579,4,M06674,Type_04,Morning,118.2,2024-12-15 00:33:09
9580,12,M06033,Type_15,Morning,97.7,2024-12-15 01:15:31
9581,23,M04834,Type_21,Morning,127.0,2024-12-15 02:19:47
9582,8,M09895,Type_05,Afternoon,92.7,2024-12-15 02:54:47
9583,24,M09066,Type_20,Morning,113.1,2024-12-15 03:33:59
9584,3,M00566,Type_16,Morning,99.6,2024-12-15 04:32:50
9585,16,M07413,Type_11,Night,134.4,2024-12-15 05:47:56
9586,2,M02019,Type_05,Night,96.5,2024-12-15 07:17:04
9587,6,M02315,Type_04,Morning,103.0,2024-12-15 09:56:10
9588,17,M04413,Type_06,Afternoon,128.9,2024-12-15 11:04:43
9589,12,M03884,Type_20,Morning,89.4,2024-12-15 11:25:36
9590,9,M08217,Type_06,Night,111.4,2024-12-15 11:45:50
9591,16,M06740,Type_24,Afternoon,80.0,2024-12-15 13:55:18
9592,7,M09330,Type_02,Morning,88.2,2024-12-15 14:51:21
9593,8,M07903,Type_01,Afternoon,117.6,2024-12-15 19:13:35
9594,7,M01190,Type_23,Morning,90.2,2024-12-15 21:48:18
9595,21,M07157,Type_21,Morning,99.1,2024-12-15 22:55:49
9596,5,M07343,Type_23,Morning,119.9,2024-12-15 23:06:28
9597,23,M06885,Type_01,Afternoon,98.4,2024-12-15 23:21:54
9598,7,M03158,Type_14,Morning,126.5,2024-12-15 23:29:29
9599,18,M05521,Type_20,Morning,114.3,2024-12-15 23:59:12
9600,18,M01742,Type_15,Morning,118.7,2024-12-16 00:58:33
9601,16,M03689,Type_05,Morning,134.8,2024-12-16 04:52:59
9602,7,M07486,Type_24,Night,116.4,2024-12-16 08:22:22
9603,21,M05370,Type_07,Morning,140.8,2024-12-16 10:03:13
9604,2,M05645,Type_16,Morning,128.2,2024-12-16 10:14:19
9605,17,M09090,Type_13,Afternoon,99.5,2024-12-16 10:51:43
9606,25,M04024,Type_21,Night,135.9,2024-12-16 10:53:53
9607,8,M00717,Type_03,Night,115.3,2024-12-16 12:14:54
9608,2,M03968,Type_02,Afternoon,102.1,2024-12-16 13:19:54
9609,18,M07424,Type_19,Morning,115.6,2024-12-16 13:39:05
9610,19,M06451,Type_22,Afternoon,132.2,2024-12-16 15:15:20
9611,20,M03216,Type_05,Afternoon,119.1,2024-12-16 15:28:21
9612,9,M07826,Type_19,Morning,146.4,2024-12-16 16:35:46
9613,12,M00391,Type_16,Night,131.7,2024-12-16 18:37:32
9614,22,M09892,Type_08,Morning,120.5,2024-12-16 19:13:11
9615,19,M03038,Type_17,Night,89.5,2024-12-16 20:07:23
9616,8,M00233,Type_11,Night,106.4,2024-12-16 20:43:03
9617,22,M03132,Type_08,Afternoon,111.4,2024-12-16 20:45:13
9618,8,M07635,Type_23,Night,123.9,2024-12-16 21:23:01
9619,10,M00234,Type_12,Afternoon,122.7,2024-12-16 21:31:45
9620,18,M01392,Type_19,Morning,113.4,2024-12-16 22:15:10
9621,15,M09448,Type_14,Afternoon,112.4,2024-12-17 00:19:36
9622,24,M00890,Type_20,Morning,124.4,2024-12-17 00:33:43
9623,11,M07903,Type_01,Morning,92.8,2024-12-17 01:09:51
9624,21,M00746,Type_08,Afternoon,143.9,2024-12-17 02:47:10
9625,14,M09912,Type_21,Morning,80.0,2024-12-17 03:43:40
9626,15,M00428,Type_23,Morning,139.1,2024-12-17 05:02:53
9627,14,M00732,Type_12,Afternoon,109.1,2024-12-17 05:07:31
9628,12,M00800,Type_02,Night,130.1,2024-12-17 07:15:50
9629,4,M06508,Type_16,Morning,117.3,2024-12-17 07:45:37
9630,3,M07026,Type_03,Morning,116.9,2024-12-17 11:05:04
9631,12,M09028,Type_12,Morning,121.1,2024-12-17 11:27:43
9632,25,M07625,Type_12,Afternoon,126.2,2024-12-17 13:30:59
9633,7,M08327,Type_13,Morning,103.4,2024-12-17 13:47:20
9634,7,M05384,Type_08,Afternoon,130.7,2024-12-17 15:13:29
9635,22,M06208,Type_13,Morning,88.3,2024-12-17 15:17:58
9636,25,M02539,Type_07,Morning,109.9,2024-12-17 17:48:15
9637,19,M03719,Type_06,Night,126.7,2024-12-17 17:49:46
9638,14,M08233,Type_06,Morning,129.9,2024-12-17 17:59:56
9639,1,M03368,Type_12,Afternoon,119.2,2024-12-17 18:09:29
9640,7,M05009,Type_24,Morning,102.1,2024-12-17 18:15:26
9641,25,M05230,Type_07,Afternoon,127.9,2024-12-17 19:01:06
9642,22,M07389,Type_22,Afternoon,96.6,2024-12-17 19:05:00
9643,10,M02416,Type_12,Morning,145.0,2024-12-17 19:13:12
9644,18,M07172,Type_25,Morning,108.3,2024-12-17 19:39:21
9645,13,M02950,Type_03,Morning,80.0,2024-12-17 19:44:17
9646,8,M04262,Type_15,Afternoon,86.1,2024-12-17 21:27:05
9647,9,M05146,Type_02,Night,110.9,2024-12-17 21:42:39
9648,15,M03467,Type_19,Afternoon,112.8,2024-12-17 21:59:25
9649,8,M03089,Type_05,Afternoon,149.4,2024-12-17 22:55:33
9650,25,M01116,Type_22,Morning,89.2,2024-12-17 23:14:27
9651,1,M04579,Type_03,Morning,110.8,2024-12-17 23:31:31
9652,3,M02591,Type_21,Morning,88.8,2024-12-17 23:33:20
9653,19,M07373,Type_21,Morning,100.1,2024-12-17 23:33:45
9654,9,M03574,Type_07,Morning,143.7,2024-12-18 01:57:48
9655,19,M02979,Type_22,Afternoon,87.3,2024-12-18 02:11:59
9656,15,M09423,Type_19,Afternoon,121.7,2024-12-18 06:28:52
9657,14,M07314,Type_22,Night,117.9,2024-12-18 06:32:18
9658,1,M07023,Type_25,Morning,109.5,2024-12-18 06:46:42
9659,3,M04976,Type_17,Afternoon,120.4,2024-12-18 09:31:46
9660,2,M04926,Type_12,Night,86.8,2024-12-18 10:47:40
9661,25,M08048,Type_03,Afternoon,143.1,2024-12-18 11:08:12
9662,1,M08091,Type_21,Morning,148.5,2024-12-18 13:23:52
9663,18,M08052,Type_02,Morning,110.9,2024-12-18 15:21:49
9664,1,M05293,Type_01,Morning,158.5,2024-12-18 16:12:07
9665,9,M06646,Type_02,Morning,102.0,2024-12-18 16:16:25
9666,7,M05404,Type_22,Afternoon,118.0,2024-12-18 16:59:30
9667,13,M03431,Type_24,Morning,138.6,2024-12-18 18:45:09
9668,17,M01996,Type_23,Morning,100.8,2024-12-18 19:23:29
9669,13,M06031,Type_02,Afternoon,82.4,2024-12-18 19:50:33
9670,13,M03892,Type_09,Night,80.0,2024-12-18 20:09:03
9671,10,M07146,Type_17,Afternoon,151.2,2024-12-18 20:25:03
9672,6,M08499,Type_24,Afternoon,99.4,2024-12-18 21:20:26
9673,5,M09555,Type_19,Morning,106.3,2024-12-18 21:54:09
9674,10,M02103,Type_21,Morning,87.7,2024-12-18 22:36:48
9675,14,M03031,Type_06,Morning,129.0,2024-12-18 22:50:02
9676,11,M08525,Type_22,Afternoon,94.4,2024-12-18 23:02:35
9677,5,M08108,Type_20,Night,100.2,2024-12-19 00:02:56
9678,4,M00243,Type_03,Morning,116.0,2024-12-19 00:18:55
9679,3,M01885,Type_23,Afternoon,88.7,2024-12-19 00:22:46
9680,14,M08016,Type_03,Morning,106.4,2024-12-19 02:41:00
9681,13,M09625,Type_19,Afternoon,138.0,2024-12-19 03:32:30
9682,24,M06748,Type_20,Morning,118.6,2024-12-19 03:40:29
9683,23,M08495,Type_20,Morning,112.6,2024-12-19 04:10:22
9684,5,M04331,Type_24,Night,114.3,2024-12-19 06:55:35
9685,12,M07864,Type_15,Afternoon,102.2,2024-12-19 07:28:39
9686,25,M03110,Type_07,Afternoon,149.9,2024-12-19 08:13:06
9687,23,M02187,Type_13,Morning,93.8,2024-12-19 09:59:56
9688,10,M01551,Type_08,Morning,114.2,2024-12-19 11:29:19
9689,2,M09985,Type_12,Morning,112.3,2024-12-19 13:19:49
9690,7,M00647,Type_03,Night,130.2,2024-12-19 15:12:06
9691,7,M06145,Type_23,Night,132.1,2024-12-19 15:47:24
9692,4,M04657,Type_05,Afternoon,109.4,2024-12-19 16:57:46
9693,12,M08905,Type_11,Morning,115.8,2024-12-19 17:17:38
9694,24,M00538,Type_12,Night,116.6,2024-12-19 17:37:44
9695,4,M06573,Type_06,Afternoon,80.0,2024-12-19 18:29:43
9696,7,M00235,Type_07,Afternoon,80.0,2024-12-19 18:35:50
9697,20,M09697,Type_22,Morning,97.9,2024-12-19 19:53:27
9698,13,M06540,Type_22,Afternoon,98.8,2024-12-19 20:04:14
9699,8,M01375,Type_23,Afternoon,86.0,2024-12-19 21:18:40
9700,14,M01910,Type_02,Night,125.0,2024-12-19 22:24:13
9701,3,M09108,Type_22,Night,110.0,2024-12-19 23:30:30
9702,2,M07219,Type_04,Morning,105.7,2024-12-19 23:50:57
9703,10,M00081,Type_20,Afternoon,84.9,2024-12-20 00:08:46
9704,6,M02084,Type_12,Night,109.1,2024-12-20 01:56:55
9705,23,M01691,Type_21,Morning,80.0,2024-12-20 02:19:49
9706,7,M00757,Type_06,Morning,106.7,2024-12-20 02:45:29
9707,16,M02671,Type_12,Morning,111.3,2024-12-20 02:57:26
9708,6,M03752,Type_23,Afternoon,114.8,2024-12-20 03:00:33
9709,16,M08660,Type_22,Morning,80.0,2024-12-20 03:33:08
9710,24,M05262,Type_13,Afternoon,114.5,2024-12-20 03:40:45
9711,12,M06853,Type_07,Morning,89.2,2024-12-20 04:06:11
9712,22,M01495,Type_12,Night,93.8,2024-12-20 04:32:37
9713,15,M05741,Type_09,Morning,124.4,2024-12-20 04:38:14
9714,22,M09212,Type_24,Morning,150.3,2024-12-20 06:14:58
9715,3,M08056,Type_16,Afternoon,111.0,2024-12-20 06:25:36
9716,16,M00902,Type_16,Afternoon,93.7,2024-12-20 07:10:32
9717,18,M00673,Type_01,Morning,113.8,2024-12-20 07:11:16
9718,15,M08631,Type_06,Morning,128.8,2024-12-20 07:16:24
9719,23,M00445,Type_05,Morning,122.4,2024-12-20 07:35:45
9720,6,M09158,Type_06,Afternoon,160.0,2024-12-20 08:08:09
9721,17,M08656,Type_15,Night,95.7,2024-12-20 08:15:43
9722,2,M02199,Type_13,Afternoon,115.0,2024-12-20 09:30:02
9723,2,M02288,Type_12,Afternoon,141.0,2024-12-20 11:46:24
9724,17,M04009,Type_18,Afternoon,139.7,2024-12-20 11:58:03
9725,19,M09105,Type_23,Morning,80.0,2024-12-20 12:08:17
9726,5,M00497,Type_07,Night,109.9,2024-12-20 13:19:30
9727,4,M01464,Type_20,Night,139.7,2024-12-20 17:19:10
9728,18,M06829,Type_15,Morning,160.0,2024-12-20 17:47:53
9729,8,M04254,Type_06,Morning,124.1,2024-12-20 19:04:37
9730,9,M00494,Type_22,Morning,102.6,2024-12-20 19:45:34
9731,24,M05066,Type_14,Morning,89.8,2024-12-20 20:10:54
9732,23,M05431,Type_22,Afternoon,154.4,2024-12-20 23:34:16
9733,18,M01427,Type_22,Afternoon,124.6,2024-12-20 23:40:45
9734,22,M09885,Type_05,Night,93.0,2024-12-20 23:55:36
9735,11,M01794,Type_23,Afternoon,105.9,2024-12-21 01:41:15
9736,16,M02724,Type_17,Afternoon,116.2,2024-12-21 01:47:46
9737,16,M00659,Type_09,Afternoon,120.9,2024-12-21 01:48:17
9738,4,M04762,Type_19,Morning,92.0,2024-12-21 03:30:19
9739,21,M07631,Type_02,Morning,97.7,2024-12-21 03:37:29
9740,9,M08742,Type_06,Afternoon,80.0,2024-12-21 05:28:13
9741,13,M08835,Type_03,Morning,130.8,2024-12-21 06:28:31
9742,25,M04351,Type_25,Morning,103.2,2024-12-21 06:34:47
9743,20,M00208,Type_15,Night,119.3,2024-12-21 06:55:24
9744,8,M04191,Type_11,Afternoon,138.4,2024-12-21 07:49:38
9745,11,M01884,Type_25,Morning,114.4,2024-12-21 09:10:50
9746,21,M02887,Type_15,Afternoon,107.7,2024-12-21 09:20:52
9747,9,M00478,Type_16,Night,113.9,2024-12-21 09:32:44
9748,18,M08954,Type_23,Morning,111.3,2024-12-21 10:55:30
9749,20,M08382,Type_21,Morning,134.9,2024-12-21 12:36:41
9750,3,M06855,Type_08,Night,116.2,2024-12-21 14:24:58
9751,23,M00756,Type_03,Morning,99.1,2024-12-21 15:27:32
9752,18,M09639,Type_05,Morning,131.0,2024-12-21 17:32:33
9753,19,M04932,Type_12,Afternoon,134.6,2024-12-21 17:40:32
9754,9,M09856,Type_23,Night,83.2,2024-12-21 18:12:24
9755,24,M05725,Type_16,Morning,140.7,2024-12-21 18:25:16
9756,18,M04151,Type_24,Morning,117.3,2024-12-21 18:33:23
9757,22,M04061,Type_24,Morning,115.7,2024-12-21 18:58:25
9758,16,M04766,Type_20,Night,130.1,2024-12-21 19:17:21
9759,14,M03613,Type_23,Morning,98.7,2024-12-21 21:00:36
9760,19,M06554,Type_14,Afternoon,129.1,2024-12-21 23:57:54
9761,22,M07379,Type_02,Night,102.5,2024-12-22 03:03:18
9762,15,M01690,Type_11,Morning,80.5,2024-12-22 03:23:28
9763,21,M01317,Type_10,Night,90.0,2024-12-22 03:32:00
9764,4,M07131,Type_20,Night,121.3,2024-12-22 04:31:08
9765,12,M03187,Type_01,Night,91.1,2024-12-22 04:35:27
9766,7,M05790,Type_15,Morning,142.2,2024-12-22 04:53:21
9767,11,M01146,Type_09,Afternoon,133.8,2024-12-22 06:21:21
9768,7,M04395,Type_16,Night,136.7,2024-12-22 06:43:07
9769,20,M07943,Type_25,Night,112.5,2024-12-22 07:11:38
9770,3,M07549,Type_02,Morning,115.2,2024-12-22 08:00:45
9771,4,M00561,Type_19,Night,86.1,2024-12-22 09:38:29
9772,2,M01913,Type_08,Morning,129.9,2024-12-22 09:58:26
9773,20,M01865,Type_19,Morning,117.6,2024-12-22 10:54:40
9774,15,M00297,Type_15,Afternoon,121.3,2024-12-22 10:57:33
9775,20,M02410,Type_14,Night,143.8,2024-12-22 12:16:18
9776,12,M07631,Type_02,Afternoon,97.9,2024-12-22 12:39:54
9777,21,M01462,Type_04,Afternoon,107.5,2024-12-22 12:58:47
9778,17,M04293,Type_02,Night,116.5,2024-12-22 13:03:12
9779,18,M02269,Type_12,Morning,91.3,2024-12-22 15:31:26
9780,8,M00995,Type_18,Afternoon,106.2,2024-12-22 15:36:24
9781,24,M06555,Type_05,Morning,119.9,2024-12-22 16:52:04
9782,8,M00008,Type_03,Morning,103.5,2024-12-22 18:27:49
9783,5,M02516,Type_05,Afternoon,136.2,2024-12-22 21:01:39
9784,24,M01418,Type_06,Night,80.0,2024-12-22 21:35:29
9785,9,M02317,Type_11,Afternoon,132.5,2024-12-22 23:46:49
9786,20,M07359,Type_03,Night,123.2,2024-12-23 00:54:45
9787,20,M03933,Type_14,Morning,98.6,2024-12-23 00:57:04
9788,23,M06205,Type_15,Morning,91.5,2024-12-23 02:16:25
9789,5,M01288,Type_05,Afternoon,80.0,2024-12-23 02:45:27
9790,10,M01119,Type_11,Morning,94.1,2024-12-23 03:55:48
9791,1,M08745,Type_15,Morning,130.9,2024-12-23 04:03:10
9792,24,M07638,Type_16,Afternoon,108.9,2024-12-23 04:45:49
9793,4,M00661,Type_20,Morning,133.3,2024-12-23 05:24:28
9794,24,M08908,Type_19,Morning,97.6,2024-12-23 06:30:49
9795,16,M06923,Type_13,Afternoon,124.1,2024-12-23 06:50:17
9796,18,M08105,Type_12,Afternoon,95.7,2024-12-23 08:10:05
9797,12,M06338,Type_10,Night,90.7,2024-12-23 08:15:37
9798,20,M02530,Type_02,Afternoon,107.9,2024-12-23 08:36:50
9799,15,M03971,Type_02,Afternoon,96.7,2024-12-23 09:41:36
9800,18,M03408,Type_12,Night,80.0,2024-12-23 09:42:13
9801,5,M09651,Type_18,Night,106.4,2024-12-23 09:56:44
9802,14,M09047,Type_10,Morning,112.1,2024-12-23 13:31:51
9803,24,M07417,Type_05,Morning,135.4,2024-12-23 16:50:20
9804,7,M04761,Type_04,Afternoon,128.7,2024-12-23 18:47:46
9805,11,M01898,Type_14,Afternoon,134.4,2024-12-23 19:36:35
9806,15,M06365,Type_22,Night,124.4,2024-12-23 19:38:54
9807,21,M08465,Type_17,Afternoon,116.7,2024-12-23 19:46:58
9808,11,M04088,Type_02,Afternoon,85.4,2024-12-23 22:53:56
9809,7,M09465,Type_12,Night,113.0,2024-12-23 23:15:28
9810,21,M04375,Type_04,Afternoon,121.9,2024-12-23 23:20:12
9811,23,M07608,Type_24,Morning,139.1,2024-12-24 00:32:31
9812,20,M04020,Type_11,Night,123.7,2024-12-24 01:31:14
9813,20,M00816,Type_13,Morning,134.8,2024-12-24 01:49:28
9814,4,M07256,Type_03,Night,89.4,2024-12-24 02:19:29
9815,24,M00923,Type_09,Night,103.5,2024-12-24 02:27:25
9816,1,M04868,Type_05,Afternoon,118.6,2024-12-24 03:31:38
9817,21,M01265,Type_02,Afternoon,133.2,2024-12-24 03:45:31
9818,2,M03725,Type_13,Afternoon,107.1,2024-12-24 06:39:21
9819,4,M02723,Type_11,Morning,108.4,2024-12-24 06:55:53
9820,5,M05356,Type_22,Morning,123.7,2024-12-24 08:18:59
9821,24,M02551,Type_03,Afternoon,87.5,2024-12-24 08:25:28
9822,2,M05320,Type_05,Night,142.1,2024-12-24 09:21:46
9823,2,M06687,Type_03,Afternoon,92.4,2024-12-24 09:34:09
9824,18,M01674,Type_14,Morning,80.0,2024-12-24 09:58:58
9825,24,M04588,Type_19,Afternoon,110.2,2024-12-24 11:26:36
9826,14,M05354,Type_14,Night,144.0,2024-12-24 12:07:54
9827,3,M06858,Type_09,Afternoon,121.7,2024-12-24 12:17:39
9828,21,M01667,Type_10,Afternoon,125.0,2024-12-24 12:30:44
9829,18,M04512,Type_23,Night,110.8,2024-12-24 12:31:21
9830,22,M06173,Type_03,Afternoon,107.0,2024-12-24 13:13:44
9831,10,M01385,Type_05,Afternoon,80.0,2024-12-24 13:32:58
9832,6,M04404,Type_23,Night,80.0,2024-12-24 14:24:46
9833,2,M03955,Type_02,Morning,113.9,2024-12-24 16:21:47
9834,20,M06306,Type_10,Night,136.3,2024-12-24 16:51:16
9835,11,M08253,Type_18,Morning,116.9,2024-12-24 16:52:21
9836,18,M07239,Type_15,Morning,122.5,2024-12-24 23:59:33
9837,14,M06982,Type_13,Night,141.7,2024-12-25 00:45:01
9838,20,M06027,Type_18,Morning,116.6,2024-12-25 00:52:17
9839,13,M06610,Type_03,Afternoon,107.5,2024-12-25 01:28:53
9840,7,M08665,Type_03,Night,93.6,2024-12-25 06:30:53
9841,21,M00959,Type_07,Night,150.4,2024-12-25 06:39:57
9842,20,M08725,Type_10,Night,120.5,2024-12-25 07:47:33
9843,10,M00494,Type_22,Morning,91.1,2024-12-25 08:08:16
9844,19,M07043,Type_13,Afternoon,86.6,2024-12-25 10:18:37
9845,13,M00082,Type_13,Morning,135.1,2024-12-25 10:36:03
9846,22,M07000,Type_11,Afternoon,89.3,2024-12-25 10:38:23
9847,2,M02971,Type_10,Night,147.1,2024-12-25 10:57:24
9848,20,M00012,Type_25,Morning,80.0,2024-12-25 16:07:03
9849,12,M07825,Type_23,Afternoon,138.5,2024-12-25 16:10:47
9850,8,M00762,Type_24,Afternoon,119.7,2024-12-25 16:22:03
9851,18,M03186,Type_05,Afternoon,112.4,2024-12-25 16:58:11
9852,25,M00026,Type_02,Night,106.5,2024-12-25 17:11:26
9853,2,M01807,Type_01,Morning,147.8,2024-12-25 18:28:17
9854,16,M06652,Type_09,Afternoon,124.1,2024-12-25 18:56:39
9855,8,M05665,Type_05,Night,91.9,2024-12-25 20:21:00
9856,16,M05155,Type_16,Afternoon,80.0,2024-12-25 21:48:21
9857,8,M05825,Type_06,Morning,113.5,2024-12-25 22:13:04
9858,23,M03660,Type_11,Afternoon,110.0,2024-12-25 23:18:13
9859,13,M01526,Type_23,Morning,80.0,2024-12-25 23:42:59
9860,6,M00761,Type_02,Morning,108.9,2024-12-26 00:18:29
9861,1,M00595,Type_25,Night,98.5,2024-12-26 00:30:05
9862,2,M07193,Type_23,Afternoon,110.2,2024-12-26 02:53:58
9863,7,M01056,Type_10,Night,124.5,2024-12-26 05:04:28
9864,13,M03084,Type_11,Night,139.9,2024-12-26 05:21:23
9865,4,M03676,Type_23,Afternoon,128.2,2024-12-26 06:31:06
9866,9,M09651,Type_18,Morning,95.6,2024-12-26 07:28:48
9867,19,M05958,Type_18,Afternoon,117.4,2024-12-26 07:34:25
9868,20,M05256,Type_13,Morning,111.3,2024-12-26 07:40:37
9869,3,M09412,Type_05,Night,83.4,2024-12-26 07:59:22
9870,23,M04229,Type_07,Morning,118.0,2024-12-26 09:09:46
9871,2,M04182,Type_09,Morning,147.1,2024-12-26 11:07:36
9872,16,M09692,Type_01,Afternoon,110.6,2024-12-26 11:15:13
9873,10,M01831,Type_04,Morning,80.0,2024-12-26 12:33:32
9874,12,M03396,Type_07,Morning,110.6,2024-12-26 13:28:12
9875,18,M01204,Type_18,Afternoon,85.7,2024-12-26 13:52:15
9876,2,M02811,Type_06,Morning,127.3,2024-12-26 14:53:48
9877,14,M03093,Type_08,Morning,120.5,2024-12-26 15:45:19
9878,12,M03045,Type_05,Morning,106.6,2024-12-26 17:13:45
9879,20,M06072,Type_08,Afternoon,103.4,2024-12-26 17:17:39
9880,24,M07273,Type_02,Afternoon,105.8,2024-12-26 18:06:31
9881,24,M04674,Type_10,Afternoon,110.2,2024-12-26 18:23:51
9882,24,M03515,Type_15,Afternoon,94.6,2024-12-26 18:33:27
9883,8,M09991,Type_14,Morning,82.2,2024-12-26 20:47:13
9884,23,M06193,Type_05,Night,132.8,2024-12-26 21:09:44
9885,22,M00145,Type_04,Morning,102.3,2024-12-26 22:58:39
9886,7,M07508,Type_12,Afternoon,113.3,2024-12-26 23:37:27
9887,13,M04858,Type_15,Night,115.7,2024-12-27 00:16:37
9888,15,M01378,Type_21,Night,116.4,2024-12-27 00:27:13
9889,14,M03147,Type_20,Morning,86.5,2024-12-27 01:07:19
9890,5,M05025,Type_04,Morning,80.0,2024-12-27 02:22:17
9891,8,M00794,Type_07,Afternoon,98.2,2024-12-27 03:13:53
9892,18,M09794,Type_12,Morning,117.9,2024-12-27 06:07:01
9893,5,M05757,Type_04,Night,95.4,2024-12-27 07:55:30
9894,23,M04415,Type_20,Afternoon,102.9,2024-12-27 08:48:15
9895,9,M01111,Type_11,Afternoon,152.5,2024-12-27 10:14:46
9896,10,M05673,Type_18,Morning,80.0,2024-12-27 10:35:02
9897,17,M04054,Type_05,Afternoon,94.9,2024-12-27 10:52:27
9898,25,M03938,Type_08,Afternoon,147.9,2024-12-27 11:06:36
9899,3,M03964,Type_09,Night,109.1,2024-12-27 13:00:25
9900,1,M04943,Type_06,Morning,95.9,2024-12-27 14:58:14
9901,7,M05898,Type_02,Morning,133.4,2024-12-27 16:51:34
9902,15,M08975,Type_14,Morning,111.1,2024-12-27 17:18:59
9903,19,M01117,Type_09,Morning,103.0,2024-12-27 17:25:42
9904,8,M01751,Type_19,Afternoon,113.8,2024-12-27 19:03:39
9905,11,M04028,Type_21,Night,96.8,2024-12-27 20:06:21
9906,2,M05746,Type_13,Morning,89.7,2024-12-27 21:10:14
9907,20,M05065,Type_06,Night,107.7,2024-12-27 22:24:58
9908,2,M09680,Type_20,Morning,89.8,2024-12-28 01:13:34
9909,11,M05939,Type_10,Morning,110.2,2024-12-28 02:04:35
9910,20,M03398,Type_25,Morning,117.1,2024-12-28 02:11:13
9911,17,M08266,Type_19,Morning,127.1,2024-12-28 02:48:20
9912,10,M01360,Type_15,Night,132.6,2024-12-28 02:58:04
9913,5,M09284,Type_12,Morning,101.9,2024-12-28 04:10:35
9914,3,M04854,Type_09,Afternoon,120.0,2024-12-28 04:34:58
9915,9,M01942,Type_13,Afternoon,119.9,2024-12-28 05:24:59
9916,20,M03149,Type_13,Night,116.6,2024-12-28 05:27:17
9917,22,M07934,Type_08,Morning,100.4,2024-12-28 06:36:54
9918,25,M09437,Type_11,Morning,89.4,2024-12-28 06:42:06
9919,2,M01286,Type_10,Morning,120.0,2024-12-28 07:37:12
9920,23,M06475,Type_13,Afternoon,80.0,2024-12-28 09:46:25
9921,19,M00771,Type_10,Morning,104.6,2024-12-28 10:33:02
9922,17,M01844,Type_02,Night,80.0,2024-12-28 11:32:44
9923,25,M00074,Type_23,Afternoon,83.3,2024-12-28 11:55:33
9924,25,M01661,Type_07,Afternoon,92.5,2024-12-28 12:04:34
9925,12,M04350,Type_16,Afternoon,131.9,2024-12-28 12:09:52
9926,20,M07103,Type_06,Morning,123.8,2024-12-28 12:13:35
9927,9,M08001,Type_17,Afternoon,98.9,2024-12-28 12:21:59
9928,23,M09012,Type_15,Night,124.6,2024-12-28 12:22:10
9929,4,M03819,Type_18,Night,127.8,2024-12-28 12:27:44
9930,18,M00332,Type_01,Night,106.8,2024-12-28 12:33:57
9931,16,M01422,Type_24,Night,82.3,2024-12-28 13:13:03
9932,21,M07513,Type_15,Morning,105.8,2024-12-28 13:17:38
9933,24,M06891,Type_15,Morning,108.0,2024-12-28 13:49:35
9934,10,M04932,Type_12,Morning,85.4,2024-12-28 13:53:48
9935,22,M09884,Type_19,Morning,117.3,2024-12-28 14:06:39
9936,12,M06026,Type_06,Morning,115.6,2024-12-28 14:08:24
9937,11,M04409,Type_07,Afternoon,118.9,2024-12-28 14:17:51
9938,5,M05114,Type_08,Afternoon,115.6,2024-12-28 15:18:41
9939,20,M08420,Type_05,Night,124.6,2024-12-28 15:47:57
9940,11,M02882,Type_17,Afternoon,106.4,2024-12-28 15:53:44
9941,16,M02866,Type_15,Night,114.0,2024-12-28 16:19:37
9942,15,M02576,Type_18,Morning,102.0,2024-12-28 16:43:33
9943,6,M06186,Type_05,Morning,98.3,2024-12-28 19:05:27
9944,13,M08657,Type_09,Afternoon,136.8,2024-12-28 20:06:41
9945,16,M05742,Type_25,Morning,80.0,2024-12-28 22:39:33
9946,3,M00278,Type_23,Morning,127.5,2024-12-28 22:56:31
9947,18,M00066,Type_03,Morning,97.6,2024-12-29 01:03:58
9948,1,M04263,Type_25,Morning,95.0,2024-12-29 01:59:02
9949,25,M05705,Type_16,Afternoon,115.2,2024-12-29 02:33:13
9950,17,M08595,Type_24,Afternoon,80.2,2024-12-29 04:56:47
9951,20,M07990,Type_15,Afternoon,93.7,2024-12-29 05:05:34
9952,6,M06256,Type_16,Afternoon,93.0,2024-12-29 05:19:06
9953,9,M07442,Type_04,Morning,105.6,2024-12-29 09:26:42
9954,4,M04693,Type_13,Morning,93.9,2024-12-29 10:11:14
9955,7,M04420,Type_09,Morning,142.0,2024-12-29 10:58:37
9956,23,M07961,Type_16,Morning,145.9,2024-12-29 12:09:15
9957,22,M06079,Type_11,Afternoon,80.0,2024-12-29 13:19:58
9958,25,M01438,Type_02,Night,120.9,2024-12-29 14:41:35
9959,11,M08621,Type_17,Afternoon,127.2,2024-12-29 15:13:23
9960,23,M07033,Type_25,Morning,120.9,2024-12-29 15:16:31
9961,3,M05732,Type_16,Afternoon,96.8,2024-12-29 15:17:58
9962,16,M03379,Type_19,Afternoon,105.1,2024-12-29 15:31:34
9963,6,M08585,Type_15,Afternoon,95.0,2024-12-29 15:54:02
9964,7,M06348,Type_05,Afternoon,101.6,2024-12-29 16:21:16
9965,12,M06402,Type_25,Afternoon,85.8,2024-12-29 16:22:21
9966,7,M06630,Type_22,Afternoon,107.7,2024-12-29 17:32:23
9967,22,M04542,Type_03,Afternoon,80.0,2024-12-29 18:40:25
9968,19,M07877,Type_20,Morning,106.0,2024-12-29 19:55:44
9969,22,M08534,Type_18,Afternoon,85.0,2024-12-29 20:07:58
9970,16,M08325,Type_07,Morning,114.1,2024-12-29 20:08:36
9971,18,M00265,Type_10,Morning,96.4,2024-12-29 21:19:37
9972,10,M09878,Type_09,Night,115.8,2024-12-29 22:38:33
9973,1,M01435,Type_14,Night,131.6,2024-12-29 23:56:07
9974,8,M05328,Type_06,Morning,141.8,2024-12-30 00:10:02
9975,3,M05098,Type_04,Afternoon,80.0,2024-12-30 01:28:27
9976,16,M01661,Type_07,Morning,93.3,2024-12-30 02:42:35
9977,24,M05693,Type_15,Afternoon,103.9,2024-12-30 03:23:09
9978,3,M02355,Type_20,Night,119.2,2024-12-30 03:28:25
9979,2,M08458,Type_18,Night,80.0,2024-12-30 04:01:46
9980,12,M06462,Type_16,Afternoon,90.4,2024-12-30 04:08:49
9981,8,M09329,Type_06,Morning,112.6,2024-12-30 05:10:24
9982,19,M07045,Type_16,Afternoon,111.7,2024-12-30 06:13:02
9983,24,M05498,Type_15,Morning,117.6,2024-12-30 06:49:02
9984,18,M04550,Type_18,Night,118.9,2024-12-30 07:41:04
9985,20,M06335,Type_12,Night,116.8,2024-12-30 09:42:41
9986,25,M06011,Type_19,Afternoon,113.9,2024-12-30 10:51:23
9987,15,M04927,Type_18,Morning,111.1,2024-12-30 12:10:02
9988,17,M09583,Type_21,Morning,123.3,2024-12-30 13:02:59
9989,18,M09305,Type_08,Morning,80.0,2024-12-30 13:53:11
9990,18,M06066,Type_07,Night,140.9,2024-12-30 15:03:37
9991,9,M02180,Type_24,Afternoon,80.0,2024-12-30 15:37:05
9992,5,M04968,Type_04,Morning,88.4,2024-12-30 16:38:15
9993,11,M00635,Type_10,Afternoon,105.5,2024-12-30 16:47:23
9994,4,M03632,Type_03,Night,123.5,2024-12-30 17:19:51
9995,10,M09592,Type_09,Morning,80.0,2024-12-30 17:30:58
9996,4,M04678,Type_07,Night,109.4,2024-12-30 17:58:09
9997,23,M02219,Type_12,Night,125.8,2024-12-30 18:07:33
9998,3,M01390,Type_18,Night,129.9,2024-12-30 18:28:23
9999,25,M04277,Type_25,Morning,96.1,2024-12-30 20:07:52
10000,16,M01250,Type_14,Morning,104.0,2024-12-30 21:47:22
